signal time=1788729146.837317 sender=org.freedesktop.DBus -> destination=:1.0 serial=2 path=/org/freedesktop/DBus; interface=org.freedesktop.DBus; member=NameAcquired
   string ":1.0"
signal time=1788729146.837354 sender=org.freedesktop.DBus -> destination=:1.0 serial=4 path=/org/freedesktop/DBus; interface=org.freedesktop.DBus; member=NameLost
   string ":1.0"
signal time=1788729153.371855 sender=org.freedesktop.DBus -> destination=(null destination) serial=5 path=/org/freedesktop/DBus; interface=org.freedesktop.DBus; member=NameOwnerChanged
   string ":1.1"
   string ""
   string ":1.1"
signal time=1788729153.371880 sender=org.freedesktop.DBus -> destination=:1.1 serial=2 path=/org/freedesktop/DBus; interface=org.freedesktop.DBus; member=NameAcquired
   string ":1.1"
signal time=1788729153.377932 sender=org.freedesktop.DBus -> destination=(null destination) serial=6 path=/org/freedesktop/DBus; interface=org.freedesktop.DBus; member=NameOwnerChanged
   string ":1.2"
   string ""
   string ":1.2"
signal time=1788729153.377978 sender=org.freedesktop.DBus -> destination=:1.2 serial=2 path=/org/freedesktop/DBus; interface=org.freedesktop.DBus; member=NameAcquired
   string ":1.2"
signal time=1788729153.378196 sender=org.freedesktop.DBus -> destination=(null destination) serial=7 path=/org/freedesktop/DBus; interface=org.freedesktop.DBus; member=NameOwnerChanged
   string "org.a11y.atspi.Registry"
   string ""
   string ":1.2"
signal time=1788729153.378224 sender=org.freedesktop.DBus -> destination=:1.2 serial=3 path=/org/freedesktop/DBus; interface=org.freedesktop.DBus; member=NameAcquired
   string "org.a11y.atspi.Registry"
signal time=1788729153.378579 sender=:1.2 -> destination=(null destination) serial=4 path=/org/a11y/atspi/accessible/root; interface=org.a11y.atspi.Socket; member=Available
   struct {
      string "org.a11y.atspi.Registry"
      object path "/org/a11y/atspi/accessible/root"
   }
signal time=1788729153.381545 sender=:1.2 -> destination=(null destination) serial=5 path=/org/a11y/atspi/accessible/root; interface=org.a11y.atspi.Event.Object; member=ChildrenChanged
   string "add"
   int32 0
   int32 0
   variant       struct {
         string ":1.1"
         object path "/org/a11y/atspi/accessible/root"
      }
   array [
   ]
signal time=1788729153.381892 sender=:1.1 -> destination=(null destination) serial=4 path=/org/a11y/atspi/accessible/terminal; interface=org.a11y.atspi.Event.Object; member=TextChanged
   string "insert"
   int32 0
   int32 1403
   variant       string "bfadmin@debian3520:/tmp/datum-wdq-native-g8dk8g1g/project$                                                                                                 
                                                                                                                                                           
                                                                                                                                                           
                                                                                                                                                           
                                                                                                                                                           
                                                                                                                                                           
                                                                                                                                                           
                                                                                                                                                           
                                                                                                                                                           "
   array [
   ]
signal time=1788729153.381947 sender=:1.1 -> destination=(null destination) serial=5 path=/org/a11y/atspi/accessible/terminal; interface=org.a11y.atspi.Event.Object; member=TextCaretMoved
   string ""
   int32 59
   int32 0
   variant       string ""
   array [
   ]
signal time=1788729153.381965 sender=:1.1 -> destination=(null destination) serial=6 path=/org/a11y/atspi/accessible/terminal; interface=org.a11y.atspi.Event.Object; member=StateChanged
   string "focused"
   int32 0
   int32 0
   variant       boolean false
   array [
   ]
signal time=1788729153.381974 sender=:1.1 -> destination=(null destination) serial=7 path=/org/a11y/atspi/accessible/terminal; interface=org.a11y.atspi.Event.Object; member=BoundsChanged
   string ""
   int32 0
   int32 0
   variant       struct {
         int32 24
         int32 574
         int32 1225
         int32 144
      }
   array [
   ]
signal time=1788729157.267507 sender=org.freedesktop.DBus -> destination=(null destination) serial=5 path=/org/freedesktop/DBus; interface=org.freedesktop.DBus; member=NameOwnerChanged
   string ":1.3"
   string ""
   string ":1.3"
signal time=1788729157.267576 sender=org.freedesktop.DBus -> destination=:1.3 serial=2 path=/org/freedesktop/DBus; interface=org.freedesktop.DBus; member=NameAcquired
   string ":1.3"
signal time=1788729157.271125 sender=org.freedesktop.DBus -> destination=:1.3 serial=3 path=/org/freedesktop/DBus; interface=org.freedesktop.DBus; member=NameLost
   string ":1.3"
signal time=1788729157.271168 sender=org.freedesktop.DBus -> destination=(null destination) serial=6 path=/org/freedesktop/DBus; interface=org.freedesktop.DBus; member=NameOwnerChanged
   string ":1.3"
   string ":1.3"
   string ""
signal time=1788729157.271426 sender=:1.2 -> destination=(null destination) serial=10 path=/org/a11y/atspi/registry; interface=org.a11y.atspi.Registry; member=EventListenerDeregistered
   string ":1.3"
   string ""
signal time=1788729157.285278 sender=org.freedesktop.DBus -> destination=(null destination) serial=7 path=/org/freedesktop/DBus; interface=org.freedesktop.DBus; member=NameOwnerChanged
   string ":1.4"
   string ""
   string ":1.4"
signal time=1788729157.285341 sender=org.freedesktop.DBus -> destination=:1.4 serial=2 path=/org/freedesktop/DBus; interface=org.freedesktop.DBus; member=NameAcquired
   string ":1.4"
signal time=1788729157.288857 sender=org.freedesktop.DBus -> destination=:1.4 serial=5 path=/org/freedesktop/DBus; interface=org.freedesktop.DBus; member=NameLost
   string ":1.4"
signal time=1788729157.288899 sender=org.freedesktop.DBus -> destination=(null destination) serial=8 path=/org/freedesktop/DBus; interface=org.freedesktop.DBus; member=NameOwnerChanged
   string ":1.4"
   string ":1.4"
   string ""
signal time=1788729157.289149 sender=:1.2 -> destination=(null destination) serial=11 path=/org/a11y/atspi/registry; interface=org.a11y.atspi.Registry; member=EventListenerDeregistered
   string ":1.4"
   string ""
signal time=1788729157.300892 sender=org.freedesktop.DBus -> destination=(null destination) serial=9 path=/org/freedesktop/DBus; interface=org.freedesktop.DBus; member=NameOwnerChanged
   string ":1.5"
   string ""
   string ":1.5"
signal time=1788729157.300941 sender=org.freedesktop.DBus -> destination=:1.5 serial=2 path=/org/freedesktop/DBus; interface=org.freedesktop.DBus; member=NameAcquired
   string ":1.5"
signal time=1788729157.303080 sender=org.freedesktop.DBus -> destination=:1.5 serial=3 path=/org/freedesktop/DBus; interface=org.freedesktop.DBus; member=NameLost
   string ":1.5"
signal time=1788729157.303128 sender=org.freedesktop.DBus -> destination=(null destination) serial=10 path=/org/freedesktop/DBus; interface=org.freedesktop.DBus; member=NameOwnerChanged
   string ":1.5"
   string ":1.5"
   string ""
signal time=1788729157.303177 sender=:1.2 -> destination=(null destination) serial=12 path=/org/a11y/atspi/registry; interface=org.a11y.atspi.Registry; member=EventListenerDeregistered
   string ":1.5"
   string ""
signal time=1788729157.312565 sender=org.freedesktop.DBus -> destination=(null destination) serial=11 path=/org/freedesktop/DBus; interface=org.freedesktop.DBus; member=NameOwnerChanged
   string ":1.6"
   string ""
   string ":1.6"
signal time=1788729157.312612 sender=org.freedesktop.DBus -> destination=:1.6 serial=2 path=/org/freedesktop/DBus; interface=org.freedesktop.DBus; member=NameAcquired
   string ":1.6"
signal time=1788729157.314642 sender=org.freedesktop.DBus -> destination=:1.6 serial=3 path=/org/freedesktop/DBus; interface=org.freedesktop.DBus; member=NameLost
   string ":1.6"
signal time=1788729157.314663 sender=org.freedesktop.DBus -> destination=(null destination) serial=12 path=/org/freedesktop/DBus; interface=org.freedesktop.DBus; member=NameOwnerChanged
   string ":1.6"
   string ":1.6"
   string ""
signal time=1788729157.314797 sender=:1.2 -> destination=(null destination) serial=13 path=/org/a11y/atspi/registry; interface=org.a11y.atspi.Registry; member=EventListenerDeregistered
   string ":1.6"
   string ""
signal time=1788729157.319732 sender=org.freedesktop.DBus -> destination=(null destination) serial=13 path=/org/freedesktop/DBus; interface=org.freedesktop.DBus; member=NameOwnerChanged
   string ":1.7"
   string ""
   string ":1.7"
signal time=1788729157.319755 sender=org.freedesktop.DBus -> destination=:1.7 serial=2 path=/org/freedesktop/DBus; interface=org.freedesktop.DBus; member=NameAcquired
   string ":1.7"
signal time=1788729157.321169 sender=org.freedesktop.DBus -> destination=:1.7 serial=3 path=/org/freedesktop/DBus; interface=org.freedesktop.DBus; member=NameLost
   string ":1.7"
signal time=1788729157.321183 sender=org.freedesktop.DBus -> destination=(null destination) serial=14 path=/org/freedesktop/DBus; interface=org.freedesktop.DBus; member=NameOwnerChanged
   string ":1.7"
   string ":1.7"
   string ""
signal time=1788729157.321332 sender=:1.2 -> destination=(null destination) serial=14 path=/org/a11y/atspi/registry; interface=org.a11y.atspi.Registry; member=EventListenerDeregistered
   string ":1.7"
   string ""
signal time=1788729157.326870 sender=org.freedesktop.DBus -> destination=(null destination) serial=15 path=/org/freedesktop/DBus; interface=org.freedesktop.DBus; member=NameOwnerChanged
   string ":1.8"
   string ""
   string ":1.8"
signal time=1788729157.326901 sender=org.freedesktop.DBus -> destination=:1.8 serial=2 path=/org/freedesktop/DBus; interface=org.freedesktop.DBus; member=NameAcquired
   string ":1.8"
signal time=1788729157.328791 sender=org.freedesktop.DBus -> destination=:1.8 serial=3 path=/org/freedesktop/DBus; interface=org.freedesktop.DBus; member=NameLost
   string ":1.8"
signal time=1788729157.328811 sender=org.freedesktop.DBus -> destination=(null destination) serial=16 path=/org/freedesktop/DBus; interface=org.freedesktop.DBus; member=NameOwnerChanged
   string ":1.8"
   string ":1.8"
   string ""
signal time=1788729157.328964 sender=:1.2 -> destination=(null destination) serial=15 path=/org/a11y/atspi/registry; interface=org.a11y.atspi.Registry; member=EventListenerDeregistered
   string ":1.8"
   string ""
signal time=1788729157.333994 sender=org.freedesktop.DBus -> destination=(null destination) serial=17 path=/org/freedesktop/DBus; interface=org.freedesktop.DBus; member=NameOwnerChanged
   string ":1.9"
   string ""
   string ":1.9"
signal time=1788729157.334022 sender=org.freedesktop.DBus -> destination=:1.9 serial=2 path=/org/freedesktop/DBus; interface=org.freedesktop.DBus; member=NameAcquired
   string ":1.9"
signal time=1788729157.335664 sender=org.freedesktop.DBus -> destination=:1.9 serial=3 path=/org/freedesktop/DBus; interface=org.freedesktop.DBus; member=NameLost
   string ":1.9"
signal time=1788729157.335678 sender=org.freedesktop.DBus -> destination=(null destination) serial=18 path=/org/freedesktop/DBus; interface=org.freedesktop.DBus; member=NameOwnerChanged
   string ":1.9"
   string ":1.9"
   string ""
signal time=1788729157.335792 sender=:1.2 -> destination=(null destination) serial=16 path=/org/a11y/atspi/registry; interface=org.a11y.atspi.Registry; member=EventListenerDeregistered
   string ":1.9"
   string ""
signal time=1788729157.341325 sender=org.freedesktop.DBus -> destination=(null destination) serial=19 path=/org/freedesktop/DBus; interface=org.freedesktop.DBus; member=NameOwnerChanged
   string ":1.10"
   string ""
   string ":1.10"
signal time=1788729157.341364 sender=org.freedesktop.DBus -> destination=:1.10 serial=2 path=/org/freedesktop/DBus; interface=org.freedesktop.DBus; member=NameAcquired
   string ":1.10"
signal time=1788729157.343146 sender=org.freedesktop.DBus -> destination=:1.10 serial=3 path=/org/freedesktop/DBus; interface=org.freedesktop.DBus; member=NameLost
   string ":1.10"
signal time=1788729157.343166 sender=org.freedesktop.DBus -> destination=(null destination) serial=20 path=/org/freedesktop/DBus; interface=org.freedesktop.DBus; member=NameOwnerChanged
   string ":1.10"
   string ":1.10"
   string ""
signal time=1788729157.343322 sender=:1.2 -> destination=(null destination) serial=17 path=/org/a11y/atspi/registry; interface=org.a11y.atspi.Registry; member=EventListenerDeregistered
   string ":1.10"
   string ""
signal time=1788729157.753205 sender=org.freedesktop.DBus -> destination=(null destination) serial=21 path=/org/freedesktop/DBus; interface=org.freedesktop.DBus; member=NameOwnerChanged
   string ":1.11"
   string ""
   string ":1.11"
signal time=1788729157.753222 sender=org.freedesktop.DBus -> destination=:1.11 serial=2 path=/org/freedesktop/DBus; interface=org.freedesktop.DBus; member=NameAcquired
   string ":1.11"
signal time=1788729157.754789 sender=org.freedesktop.DBus -> destination=:1.11 serial=3 path=/org/freedesktop/DBus; interface=org.freedesktop.DBus; member=NameLost
   string ":1.11"
signal time=1788729157.754800 sender=org.freedesktop.DBus -> destination=(null destination) serial=22 path=/org/freedesktop/DBus; interface=org.freedesktop.DBus; member=NameOwnerChanged
   string ":1.11"
   string ":1.11"
   string ""
signal time=1788729157.754930 sender=:1.2 -> destination=(null destination) serial=20 path=/org/a11y/atspi/registry; interface=org.a11y.atspi.Registry; member=EventListenerDeregistered
   string ":1.11"
   string ""
signal time=1788729157.758792 sender=org.freedesktop.DBus -> destination=(null destination) serial=23 path=/org/freedesktop/DBus; interface=org.freedesktop.DBus; member=NameOwnerChanged
   string ":1.12"
   string ""
   string ":1.12"
signal time=1788729157.758859 sender=org.freedesktop.DBus -> destination=:1.12 serial=2 path=/org/freedesktop/DBus; interface=org.freedesktop.DBus; member=NameAcquired
   string ":1.12"
signal time=1788729157.760110 sender=org.freedesktop.DBus -> destination=:1.12 serial=5 path=/org/freedesktop/DBus; interface=org.freedesktop.DBus; member=NameLost
   string ":1.12"
signal time=1788729157.760127 sender=org.freedesktop.DBus -> destination=(null destination) serial=24 path=/org/freedesktop/DBus; interface=org.freedesktop.DBus; member=NameOwnerChanged
   string ":1.12"
   string ":1.12"
   string ""
signal time=1788729157.760234 sender=:1.2 -> destination=(null destination) serial=21 path=/org/a11y/atspi/registry; interface=org.a11y.atspi.Registry; member=EventListenerDeregistered
   string ":1.12"
   string ""
signal time=1788729157.764926 sender=org.freedesktop.DBus -> destination=(null destination) serial=25 path=/org/freedesktop/DBus; interface=org.freedesktop.DBus; member=NameOwnerChanged
   string ":1.13"
   string ""
   string ":1.13"
signal time=1788729157.764966 sender=org.freedesktop.DBus -> destination=:1.13 serial=2 path=/org/freedesktop/DBus; interface=org.freedesktop.DBus; member=NameAcquired
   string ":1.13"
signal time=1788729157.766288 sender=org.freedesktop.DBus -> destination=:1.13 serial=3 path=/org/freedesktop/DBus; interface=org.freedesktop.DBus; member=NameLost
   string ":1.13"
signal time=1788729157.766301 sender=org.freedesktop.DBus -> destination=(null destination) serial=26 path=/org/freedesktop/DBus; interface=org.freedesktop.DBus; member=NameOwnerChanged
   string ":1.13"
   string ":1.13"
   string ""
signal time=1788729157.766680 sender=:1.2 -> destination=(null destination) serial=22 path=/org/a11y/atspi/registry; interface=org.a11y.atspi.Registry; member=EventListenerDeregistered
   string ":1.13"
   string ""
signal time=1788729157.771054 sender=org.freedesktop.DBus -> destination=(null destination) serial=27 path=/org/freedesktop/DBus; interface=org.freedesktop.DBus; member=NameOwnerChanged
   string ":1.14"
   string ""
   string ":1.14"
signal time=1788729157.771088 sender=org.freedesktop.DBus -> destination=:1.14 serial=2 path=/org/freedesktop/DBus; interface=org.freedesktop.DBus; member=NameAcquired
   string ":1.14"
signal time=1788729157.772976 sender=org.freedesktop.DBus -> destination=:1.14 serial=3 path=/org/freedesktop/DBus; interface=org.freedesktop.DBus; member=NameLost
   string ":1.14"
signal time=1788729157.773007 sender=org.freedesktop.DBus -> destination=(null destination) serial=28 path=/org/freedesktop/DBus; interface=org.freedesktop.DBus; member=NameOwnerChanged
   string ":1.14"
   string ":1.14"
   string ""
signal time=1788729157.773205 sender=:1.2 -> destination=(null destination) serial=23 path=/org/a11y/atspi/registry; interface=org.a11y.atspi.Registry; member=EventListenerDeregistered
   string ":1.14"
   string ""
signal time=1788729157.777867 sender=org.freedesktop.DBus -> destination=(null destination) serial=29 path=/org/freedesktop/DBus; interface=org.freedesktop.DBus; member=NameOwnerChanged
   string ":1.15"
   string ""
   string ":1.15"
signal time=1788729157.777902 sender=org.freedesktop.DBus -> destination=:1.15 serial=2 path=/org/freedesktop/DBus; interface=org.freedesktop.DBus; member=NameAcquired
   string ":1.15"
signal time=1788729157.779511 sender=org.freedesktop.DBus -> destination=:1.15 serial=3 path=/org/freedesktop/DBus; interface=org.freedesktop.DBus; member=NameLost
   string ":1.15"
signal time=1788729157.779524 sender=org.freedesktop.DBus -> destination=(null destination) serial=30 path=/org/freedesktop/DBus; interface=org.freedesktop.DBus; member=NameOwnerChanged
   string ":1.15"
   string ":1.15"
   string ""
signal time=1788729157.779606 sender=:1.2 -> destination=(null destination) serial=24 path=/org/a11y/atspi/registry; interface=org.a11y.atspi.Registry; member=EventListenerDeregistered
   string ":1.15"
   string ""
signal time=1788729157.783097 sender=org.freedesktop.DBus -> destination=(null destination) serial=31 path=/org/freedesktop/DBus; interface=org.freedesktop.DBus; member=NameOwnerChanged
   string ":1.16"
   string ""
   string ":1.16"
signal time=1788729157.783115 sender=org.freedesktop.DBus -> destination=:1.16 serial=2 path=/org/freedesktop/DBus; interface=org.freedesktop.DBus; member=NameAcquired
   string ":1.16"
signal time=1788729157.784263 sender=org.freedesktop.DBus -> destination=:1.16 serial=3 path=/org/freedesktop/DBus; interface=org.freedesktop.DBus; member=NameLost
   string ":1.16"
signal time=1788729157.784276 sender=org.freedesktop.DBus -> destination=(null destination) serial=32 path=/org/freedesktop/DBus; interface=org.freedesktop.DBus; member=NameOwnerChanged
   string ":1.16"
   string ":1.16"
   string ""
signal time=1788729157.784328 sender=:1.2 -> destination=(null destination) serial=25 path=/org/a11y/atspi/registry; interface=org.a11y.atspi.Registry; member=EventListenerDeregistered
   string ":1.16"
   string ""
signal time=1788729157.787873 sender=org.freedesktop.DBus -> destination=(null destination) serial=33 path=/org/freedesktop/DBus; interface=org.freedesktop.DBus; member=NameOwnerChanged
   string ":1.17"
   string ""
   string ":1.17"
signal time=1788729157.787892 sender=org.freedesktop.DBus -> destination=:1.17 serial=2 path=/org/freedesktop/DBus; interface=org.freedesktop.DBus; member=NameAcquired
   string ":1.17"
signal time=1788729157.789118 sender=org.freedesktop.DBus -> destination=:1.17 serial=3 path=/org/freedesktop/DBus; interface=org.freedesktop.DBus; member=NameLost
   string ":1.17"
signal time=1788729157.789130 sender=org.freedesktop.DBus -> destination=(null destination) serial=34 path=/org/freedesktop/DBus; interface=org.freedesktop.DBus; member=NameOwnerChanged
   string ":1.17"
   string ":1.17"
   string ""
signal time=1788729157.789261 sender=:1.2 -> destination=(null destination) serial=26 path=/org/a11y/atspi/registry; interface=org.a11y.atspi.Registry; member=EventListenerDeregistered
   string ":1.17"
   string ""
signal time=1788729157.793483 sender=org.freedesktop.DBus -> destination=(null destination) serial=35 path=/org/freedesktop/DBus; interface=org.freedesktop.DBus; member=NameOwnerChanged
   string ":1.18"
   string ""
   string ":1.18"
signal time=1788729157.793513 sender=org.freedesktop.DBus -> destination=:1.18 serial=2 path=/org/freedesktop/DBus; interface=org.freedesktop.DBus; member=NameAcquired
   string ":1.18"
signal time=1788729157.795111 sender=org.freedesktop.DBus -> destination=:1.18 serial=3 path=/org/freedesktop/DBus; interface=org.freedesktop.DBus; member=NameLost
   string ":1.18"
signal time=1788729157.795147 sender=org.freedesktop.DBus -> destination=(null destination) serial=36 path=/org/freedesktop/DBus; interface=org.freedesktop.DBus; member=NameOwnerChanged
   string ":1.18"
   string ":1.18"
   string ""
signal time=1788729157.795317 sender=:1.2 -> destination=(null destination) serial=27 path=/org/a11y/atspi/registry; interface=org.a11y.atspi.Registry; member=EventListenerDeregistered
   string ":1.18"
   string ""
signal time=1788729158.443388 sender=:1.1 -> destination=(null destination) serial=32 path=/org/a11y/atspi/accessible/root; interface=org.a11y.atspi.Event.Object; member=ChildrenChanged
   string "add"
   int32 1
   int32 0
   variant       struct {
         string ":1.1"
         object path "/org/a11y/atspi/accessible/menus/n6d656e753a56696577"
      }
   array [
   ]
signal time=1788729158.443482 sender=:1.1 -> destination=(null destination) serial=33 path=/org/a11y/atspi/accessible/menus/n6d656e753a56696577; interface=org.a11y.atspi.Event.Object; member=StateChanged
   string "focused"
   int32 0
   int32 0
   variant       boolean false
   array [
   ]
signal time=1788729158.443517 sender=:1.1 -> destination=(null destination) serial=34 path=/org/a11y/atspi/accessible/menus/n6d656e753a56696577; interface=org.a11y.atspi.Event.Object; member=StateChanged
   string "enabled"
   int32 1
   int32 0
   variant       boolean true
   array [
   ]
signal time=1788729158.443549 sender=:1.1 -> destination=(null destination) serial=35 path=/org/a11y/atspi/accessible/menus/n6d656e753a56696577; interface=org.a11y.atspi.Event.Object; member=StateChanged
   string "sensitive"
   int32 1
   int32 0
   variant       boolean true
   array [
   ]
signal time=1788729158.443580 sender=:1.1 -> destination=(null destination) serial=36 path=/org/a11y/atspi/accessible/menus/n6d656e753a56696577; interface=org.a11y.atspi.Event.Object; member=ChildrenChanged
   string "add"
   int32 0
   int32 0
   variant       struct {
         string ":1.1"
         object path "/org/a11y/atspi/accessible/menus/n6d656e753a566965772f766965772e666974"
      }
   array [
   ]
signal time=1788729158.443779 sender=:1.1 -> destination=(null destination) serial=37 path=/org/a11y/atspi/accessible/menus/n6d656e753a566965772f766965772e666974; interface=org.a11y.atspi.Event.Object; member=StateChanged
   string "focused"
   int32 1
   int32 0
   variant       boolean true
   array [
   ]
signal time=1788729158.443815 sender=:1.1 -> destination=(null destination) serial=38 path=/org/a11y/atspi/accessible/menus/n6d656e753a566965772f766965772e666974; interface=org.a11y.atspi.Event.Object; member=StateChanged
   string "enabled"
   int32 0
   int32 0
   variant       boolean false
   array [
   ]
signal time=1788729158.443846 sender=:1.1 -> destination=(null destination) serial=39 path=/org/a11y/atspi/accessible/menus/n6d656e753a566965772f766965772e666974; interface=org.a11y.atspi.Event.Object; member=StateChanged
   string "sensitive"
   int32 0
   int32 0
   variant       boolean false
   array [
   ]
signal time=1788729158.443876 sender=:1.1 -> destination=(null destination) serial=40 path=/org/a11y/atspi/accessible/menus/n6d656e753a56696577; interface=org.a11y.atspi.Event.Object; member=ChildrenChanged
   string "add"
   int32 1
   int32 0
   variant       struct {
         string ":1.1"
         object path "/org/a11y/atspi/accessible/menus/n6d656e753a566965772f766965772e7a6f6f6d5f696e"
      }
   array [
   ]
signal time=1788729158.443941 sender=:1.1 -> destination=(null destination) serial=41 path=/org/a11y/atspi/accessible/menus/n6d656e753a566965772f766965772e7a6f6f6d5f696e; interface=org.a11y.atspi.Event.Object; member=StateChanged
   string "focused"
   int32 0
   int32 0
   variant       boolean false
   array [
   ]
signal time=1788729158.443974 sender=:1.1 -> destination=(null destination) serial=42 path=/org/a11y/atspi/accessible/menus/n6d656e753a566965772f766965772e7a6f6f6d5f696e; interface=org.a11y.atspi.Event.Object; member=StateChanged
   string "enabled"
   int32 1
   int32 0
   variant       boolean true
   array [
   ]
signal time=1788729158.444006 sender=:1.1 -> destination=(null destination) serial=43 path=/org/a11y/atspi/accessible/menus/n6d656e753a566965772f766965772e7a6f6f6d5f696e; interface=org.a11y.atspi.Event.Object; member=StateChanged
   string "sensitive"
   int32 1
   int32 0
   variant       boolean true
   array [
   ]
signal time=1788729158.444037 sender=:1.1 -> destination=(null destination) serial=44 path=/org/a11y/atspi/accessible/menus/n6d656e753a56696577; interface=org.a11y.atspi.Event.Object; member=ChildrenChanged
   string "add"
   int32 2
   int32 0
   variant       struct {
         string ":1.1"
         object path "/org/a11y/atspi/accessible/menus/n6d656e753a566965772f766965772e7a6f6f6d5f6f7574"
      }
   array [
   ]
signal time=1788729158.444081 sender=:1.1 -> destination=(null destination) serial=45 path=/org/a11y/atspi/accessible/menus/n6d656e753a566965772f766965772e7a6f6f6d5f6f7574; interface=org.a11y.atspi.Event.Object; member=StateChanged
   string "focused"
   int32 0
   int32 0
   variant       boolean false
   array [
   ]
signal time=1788729158.444172 sender=:1.1 -> destination=(null destination) serial=46 path=/org/a11y/atspi/accessible/menus/n6d656e753a566965772f766965772e7a6f6f6d5f6f7574; interface=org.a11y.atspi.Event.Object; member=StateChanged
   string "enabled"
   int32 1
   int32 0
   variant       boolean true
   array [
   ]
signal time=1788729158.444206 sender=:1.1 -> destination=(null destination) serial=47 path=/org/a11y/atspi/accessible/menus/n6d656e753a566965772f766965772e7a6f6f6d5f6f7574; interface=org.a11y.atspi.Event.Object; member=StateChanged
   string "sensitive"
   int32 1
   int32 0
   variant       boolean true
   array [
   ]
signal time=1788729158.444236 sender=:1.1 -> destination=(null destination) serial=48 path=/org/a11y/atspi/accessible/menus/n6d656e753a56696577; interface=org.a11y.atspi.Event.Object; member=ChildrenChanged
   string "add"
   int32 3
   int32 0
   variant       struct {
         string ":1.1"
         object path "/org/a11y/atspi/accessible/menus/n6d656e753a566965772f766965772e70616e655f7a6f6f6d"
      }
   array [
   ]
signal time=1788729158.444788 sender=:1.1 -> destination=(null destination) serial=49 path=/org/a11y/atspi/accessible/menus/n6d656e753a566965772f766965772e70616e655f7a6f6f6d; interface=org.a11y.atspi.Event.Object; member=StateChanged
   string "focused"
   int32 0
   int32 0
   variant       boolean false
   array [
   ]
signal time=1788729158.444840 sender=:1.1 -> destination=(null destination) serial=50 path=/org/a11y/atspi/accessible/menus/n6d656e753a566965772f766965772e70616e655f7a6f6f6d; interface=org.a11y.atspi.Event.Object; member=StateChanged
   string "enabled"
   int32 1
   int32 0
   variant       boolean true
   array [
   ]
signal time=1788729158.444873 sender=:1.1 -> destination=(null destination) serial=51 path=/org/a11y/atspi/accessible/menus/n6d656e753a566965772f766965772e70616e655f7a6f6f6d; interface=org.a11y.atspi.Event.Object; member=StateChanged
   string "sensitive"
   int32 1
   int32 0
   variant       boolean true
   array [
   ]
signal time=1788729158.444903 sender=:1.1 -> destination=(null destination) serial=52 path=/org/a11y/atspi/accessible/menus/n6d656e753a56696577; interface=org.a11y.atspi.Event.Object; member=ChildrenChanged
   string "add"
   int32 4
   int32 0
   variant       struct {
         string ":1.1"
         object path "/org/a11y/atspi/accessible/menus/n6d656e753a566965772f766965772e66756c6c73637265656e5f7374616765"
      }
   array [
   ]
signal time=1788729158.444963 sender=:1.1 -> destination=(null destination) serial=53 path=/org/a11y/atspi/accessible/menus/n6d656e753a566965772f766965772e66756c6c73637265656e5f7374616765; interface=org.a11y.atspi.Event.Object; member=StateChanged
   string "focused"
   int32 0
   int32 0
   variant       boolean false
   array [
   ]
signal time=1788729158.445164 sender=:1.1 -> destination=(null destination) serial=54 path=/org/a11y/atspi/accessible/menus/n6d656e753a566965772f766965772e66756c6c73637265656e5f7374616765; interface=org.a11y.atspi.Event.Object; member=StateChanged
   string "enabled"
   int32 1
   int32 0
   variant       boolean true
   array [
   ]
signal time=1788729158.445197 sender=:1.1 -> destination=(null destination) serial=55 path=/org/a11y/atspi/accessible/menus/n6d656e753a566965772f766965772e66756c6c73637265656e5f7374616765; interface=org.a11y.atspi.Event.Object; member=StateChanged
   string "sensitive"
   int32 1
   int32 0
   variant       boolean true
   array [
   ]
signal time=1788729158.445228 sender=:1.1 -> destination=(null destination) serial=56 path=/org/a11y/atspi/accessible/menus/n6d656e753a56696577; interface=org.a11y.atspi.Event.Object; member=ChildrenChanged
   string "add"
   int32 5
   int32 0
   variant       struct {
         string ":1.1"
         object path "/org/a11y/atspi/accessible/menus/n6d656e753a566965772f766965772e6c6179657273"
      }
   array [
   ]
signal time=1788729158.445272 sender=:1.1 -> destination=(null destination) serial=57 path=/org/a11y/atspi/accessible/menus/n6d656e753a566965772f766965772e6c6179657273; interface=org.a11y.atspi.Event.Object; member=StateChanged
   string "focused"
   int32 0
   int32 0
   variant       boolean false
   array [
   ]
signal time=1788729158.445302 sender=:1.1 -> destination=(null destination) serial=58 path=/org/a11y/atspi/accessible/menus/n6d656e753a566965772f766965772e6c6179657273; interface=org.a11y.atspi.Event.Object; member=StateChanged
   string "enabled"
   int32 0
   int32 0
   variant       boolean false
   array [
   ]
signal time=1788729158.445333 sender=:1.1 -> destination=(null destination) serial=59 path=/org/a11y/atspi/accessible/menus/n6d656e753a566965772f766965772e6c6179657273; interface=org.a11y.atspi.Event.Object; member=StateChanged
   string "sensitive"
   int32 0
   int32 0
   variant       boolean false
   array [
   ]
signal time=1788729158.445363 sender=:1.1 -> destination=(null destination) serial=60 path=/org/a11y/atspi/accessible/menus/n6d656e753a56696577; interface=org.a11y.atspi.Event.Object; member=ChildrenChanged
   string "add"
   int32 6
   int32 0
   variant       struct {
         string ":1.1"
         object path "/org/a11y/atspi/accessible/menus/n6d656e753a566965772f766965772e70616e656c73"
      }
   array [
   ]
signal time=1788729158.445407 sender=:1.1 -> destination=(null destination) serial=61 path=/org/a11y/atspi/accessible/menus/n6d656e753a566965772f766965772e70616e656c73; interface=org.a11y.atspi.Event.Object; member=StateChanged
   string "focused"
   int32 0
   int32 0
   variant       boolean false
   array [
   ]
signal time=1788729158.445437 sender=:1.1 -> destination=(null destination) serial=62 path=/org/a11y/atspi/accessible/menus/n6d656e753a566965772f766965772e70616e656c73; interface=org.a11y.atspi.Event.Object; member=StateChanged
   string "enabled"
   int32 1
   int32 0
   variant       boolean true
   array [
   ]
signal time=1788729158.445468 sender=:1.1 -> destination=(null destination) serial=63 path=/org/a11y/atspi/accessible/menus/n6d656e753a566965772f766965772e70616e656c73; interface=org.a11y.atspi.Event.Object; member=StateChanged
   string "sensitive"
   int32 1
   int32 0
   variant       boolean true
   array [
   ]
signal time=1788729158.445498 sender=:1.1 -> destination=(null destination) serial=64 path=/org/a11y/atspi/accessible/menus/n6d656e753a56696577; interface=org.a11y.atspi.Event.Object; member=ChildrenChanged
   string "add"
   int32 7
   int32 0
   variant       struct {
         string ":1.1"
         object path "/org/a11y/atspi/accessible/menus/n6d656e753a566965772f766965772e7265736574"
      }
   array [
   ]
signal time=1788729158.445659 sender=:1.1 -> destination=(null destination) serial=65 path=/org/a11y/atspi/accessible/menus/n6d656e753a566965772f766965772e7265736574; interface=org.a11y.atspi.Event.Object; member=StateChanged
   string "focused"
   int32 0
   int32 0
   variant       boolean false
   array [
   ]
signal time=1788729158.445705 sender=:1.1 -> destination=(null destination) serial=66 path=/org/a11y/atspi/accessible/menus/n6d656e753a566965772f766965772e7265736574; interface=org.a11y.atspi.Event.Object; member=StateChanged
   string "enabled"
   int32 1
   int32 0
   variant       boolean true
   array [
   ]
signal time=1788729158.445736 sender=:1.1 -> destination=(null destination) serial=67 path=/org/a11y/atspi/accessible/menus/n6d656e753a566965772f766965772e7265736574; interface=org.a11y.atspi.Event.Object; member=StateChanged
   string "sensitive"
   int32 1
   int32 0
   variant       boolean true
   array [
   ]
signal time=1788729158.445766 sender=:1.1 -> destination=(null destination) serial=68 path=/org/a11y/atspi/accessible/menus/n6d656e753a56696577; interface=org.a11y.atspi.Event.Object; member=ChildrenChanged
   string "add"
   int32 8
   int32 0
   variant       struct {
         string ":1.1"
         object path "/org/a11y/atspi/accessible/menus/n6d656e753a566965772f766965772e73706c69745f766572746963616c"
      }
   array [
   ]
signal time=1788729158.445959 sender=:1.1 -> destination=(null destination) serial=69 path=/org/a11y/atspi/accessible/menus/n6d656e753a566965772f766965772e73706c69745f766572746963616c; interface=org.a11y.atspi.Event.Object; member=StateChanged
   string "focused"
   int32 0
   int32 0
   variant       boolean false
   array [
   ]
signal time=1788729158.445991 sender=:1.1 -> destination=(null destination) serial=70 path=/org/a11y/atspi/accessible/menus/n6d656e753a566965772f766965772e73706c69745f766572746963616c; interface=org.a11y.atspi.Event.Object; member=StateChanged
   string "enabled"
   int32 1
   int32 0
   variant       boolean true
   array [
   ]
signal time=1788729158.446022 sender=:1.1 -> destination=(null destination) serial=71 path=/org/a11y/atspi/accessible/menus/n6d656e753a566965772f766965772e73706c69745f766572746963616c; interface=org.a11y.atspi.Event.Object; member=StateChanged
   string "sensitive"
   int32 1
   int32 0
   variant       boolean true
   array [
   ]
signal time=1788729158.446052 sender=:1.1 -> destination=(null destination) serial=72 path=/org/a11y/atspi/accessible/menus/n6d656e753a56696577; interface=org.a11y.atspi.Event.Object; member=ChildrenChanged
   string "add"
   int32 9
   int32 0
   variant       struct {
         string ":1.1"
         object path "/org/a11y/atspi/accessible/menus/n6d656e753a566965772f766965772e73706c69745f686f72697a6f6e74616c"
      }
   array [
   ]
signal time=1788729158.446095 sender=:1.1 -> destination=(null destination) serial=73 path=/org/a11y/atspi/accessible/menus/n6d656e753a566965772f766965772e73706c69745f686f72697a6f6e74616c; interface=org.a11y.atspi.Event.Object; member=StateChanged
   string "focused"
   int32 0
   int32 0
   variant       boolean false
   array [
   ]
signal time=1788729158.446125 sender=:1.1 -> destination=(null destination) serial=74 path=/org/a11y/atspi/accessible/menus/n6d656e753a566965772f766965772e73706c69745f686f72697a6f6e74616c; interface=org.a11y.atspi.Event.Object; member=StateChanged
   string "enabled"
   int32 1
   int32 0
   variant       boolean true
   array [
   ]
signal time=1788729158.446155 sender=:1.1 -> destination=(null destination) serial=75 path=/org/a11y/atspi/accessible/menus/n6d656e753a566965772f766965772e73706c69745f686f72697a6f6e74616c; interface=org.a11y.atspi.Event.Object; member=StateChanged
   string "sensitive"
   int32 1
   int32 0
   variant       boolean true
   array [
   ]
signal time=1788729158.446186 sender=:1.1 -> destination=(null destination) serial=76 path=/org/a11y/atspi/accessible/menus/n6d656e753a56696577; interface=org.a11y.atspi.Event.Object; member=ChildrenChanged
   string "add"
   int32 10
   int32 0
   variant       struct {
         string ":1.1"
         object path "/org/a11y/atspi/accessible/menus/n6d656e753a566965772f766965772e636c6f73655f70616e65"
      }
   array [
   ]
signal time=1788729158.446238 sender=:1.1 -> destination=(null destination) serial=77 path=/org/a11y/atspi/accessible/menus/n6d656e753a566965772f766965772e636c6f73655f70616e65; interface=org.a11y.atspi.Event.Object; member=StateChanged
   string "focused"
   int32 0
   int32 0
   variant       boolean false
   array [
   ]
signal time=1788729158.446269 sender=:1.1 -> destination=(null destination) serial=78 path=/org/a11y/atspi/accessible/menus/n6d656e753a566965772f766965772e636c6f73655f70616e65; interface=org.a11y.atspi.Event.Object; member=StateChanged
   string "enabled"
   int32 1
   int32 0
   variant       boolean true
   array [
   ]
signal time=1788729158.446367 sender=:1.1 -> destination=(null destination) serial=79 path=/org/a11y/atspi/accessible/menus/n6d656e753a566965772f766965772e636c6f73655f70616e65; interface=org.a11y.atspi.Event.Object; member=StateChanged
   string "sensitive"
   int32 1
   int32 0
   variant       boolean true
   array [
   ]
signal time=1788729158.446400 sender=:1.1 -> destination=(null destination) serial=80 path=/org/a11y/atspi/accessible/menus/n6d656e753a56696577; interface=org.a11y.atspi.Event.Object; member=ChildrenChanged
   string "add"
   int32 11
   int32 0
   variant       struct {
         string ":1.1"
         object path "/org/a11y/atspi/accessible/menus/n6d656e753a566965772f766965772e6d6178696d697a655f70616e65"
      }
   array [
   ]
signal time=1788729158.446443 sender=:1.1 -> destination=(null destination) serial=81 path=/org/a11y/atspi/accessible/menus/n6d656e753a566965772f766965772e6d6178696d697a655f70616e65; interface=org.a11y.atspi.Event.Object; member=StateChanged
   string "focused"
   int32 0
   int32 0
   variant       boolean false
   array [
   ]
signal time=1788729158.446473 sender=:1.1 -> destination=(null destination) serial=82 path=/org/a11y/atspi/accessible/menus/n6d656e753a566965772f766965772e6d6178696d697a655f70616e65; interface=org.a11y.atspi.Event.Object; member=StateChanged
   string "enabled"
   int32 1
   int32 0
   variant       boolean true
   array [
   ]
signal time=1788729158.446588 sender=:1.1 -> destination=(null destination) serial=83 path=/org/a11y/atspi/accessible/menus/n6d656e753a566965772f766965772e6d6178696d697a655f70616e65; interface=org.a11y.atspi.Event.Object; member=StateChanged
   string "sensitive"
   int32 1
   int32 0
   variant       boolean true
   array [
   ]
signal time=1788729158.446620 sender=:1.1 -> destination=(null destination) serial=84 path=/org/a11y/atspi/accessible/menus/n6d656e753a56696577; interface=org.a11y.atspi.Event.Object; member=ChildrenChanged
   string "add"
   int32 12
   int32 0
   variant       struct {
         string ":1.1"
         object path "/org/a11y/atspi/accessible/menus/n6d656e753a566965772f766965772e666f6375735f6e657874"
      }
   array [
   ]
signal time=1788729158.446663 sender=:1.1 -> destination=(null destination) serial=85 path=/org/a11y/atspi/accessible/menus/n6d656e753a566965772f766965772e666f6375735f6e657874; interface=org.a11y.atspi.Event.Object; member=StateChanged
   string "focused"
   int32 0
   int32 0
   variant       boolean false
   array [
   ]
signal time=1788729158.446693 sender=:1.1 -> destination=(null destination) serial=86 path=/org/a11y/atspi/accessible/menus/n6d656e753a566965772f766965772e666f6375735f6e657874; interface=org.a11y.atspi.Event.Object; member=StateChanged
   string "enabled"
   int32 1
   int32 0
   variant       boolean true
   array [
   ]
signal time=1788729158.446723 sender=:1.1 -> destination=(null destination) serial=87 path=/org/a11y/atspi/accessible/menus/n6d656e753a566965772f766965772e666f6375735f6e657874; interface=org.a11y.atspi.Event.Object; member=StateChanged
   string "sensitive"
   int32 1
   int32 0
   variant       boolean true
   array [
   ]
signal time=1788729158.446939 sender=:1.1 -> destination=(null destination) serial=88 path=/org/a11y/atspi/accessible/menus/n6d656e753a56696577; interface=org.a11y.atspi.Event.Object; member=ChildrenChanged
   string "add"
   int32 13
   int32 0
   variant       struct {
         string ":1.1"
         object path "/org/a11y/atspi/accessible/menus/n6d656e753a566965772f766965772e666f6375735f70726576"
      }
   array [
   ]
signal time=1788729158.446985 sender=:1.1 -> destination=(null destination) serial=89 path=/org/a11y/atspi/accessible/menus/n6d656e753a566965772f766965772e666f6375735f70726576; interface=org.a11y.atspi.Event.Object; member=StateChanged
   string "focused"
   int32 0
   int32 0
   variant       boolean false
   array [
   ]
signal time=1788729158.447016 sender=:1.1 -> destination=(null destination) serial=90 path=/org/a11y/atspi/accessible/menus/n6d656e753a566965772f766965772e666f6375735f70726576; interface=org.a11y.atspi.Event.Object; member=StateChanged
   string "enabled"
   int32 1
   int32 0
   variant       boolean true
   array [
   ]
signal time=1788729158.447046 sender=:1.1 -> destination=(null destination) serial=91 path=/org/a11y/atspi/accessible/menus/n6d656e753a566965772f766965772e666f6375735f70726576; interface=org.a11y.atspi.Event.Object; member=StateChanged
   string "sensitive"
   int32 1
   int32 0
   variant       boolean true
   array [
   ]
signal time=1788729158.447076 sender=:1.1 -> destination=(null destination) serial=92 path=/org/a11y/atspi/accessible/menus/n6d656e753a56696577; interface=org.a11y.atspi.Event.Object; member=ChildrenChanged
   string "add"
   int32 14
   int32 0
   variant       struct {
         string ":1.1"
         object path "/org/a11y/atspi/accessible/menus/n6d656e753a566965772f766965772e66696c6c5f626f617264"
      }
   array [
   ]
signal time=1788729158.447118 sender=:1.1 -> destination=(null destination) serial=93 path=/org/a11y/atspi/accessible/menus/n6d656e753a566965772f766965772e66696c6c5f626f617264; interface=org.a11y.atspi.Event.Object; member=StateChanged
   string "focused"
   int32 0
   int32 0
   variant       boolean false
   array [
   ]
signal time=1788729158.447149 sender=:1.1 -> destination=(null destination) serial=94 path=/org/a11y/atspi/accessible/menus/n6d656e753a566965772f766965772e66696c6c5f626f617264; interface=org.a11y.atspi.Event.Object; member=StateChanged
   string "enabled"
   int32 1
   int32 0
   variant       boolean true
   array [
   ]
signal time=1788729158.447179 sender=:1.1 -> destination=(null destination) serial=95 path=/org/a11y/atspi/accessible/menus/n6d656e753a566965772f766965772e66696c6c5f626f617264; interface=org.a11y.atspi.Event.Object; member=StateChanged
   string "sensitive"
   int32 1
   int32 0
   variant       boolean true
   array [
   ]
signal time=1788729158.447210 sender=:1.1 -> destination=(null destination) serial=96 path=/org/a11y/atspi/accessible/menus/n6d656e753a56696577; interface=org.a11y.atspi.Event.Object; member=ChildrenChanged
   string "add"
   int32 15
   int32 0
   variant       struct {
         string ":1.1"
         object path "/org/a11y/atspi/accessible/menus/n6d656e753a566965772f766965772e66696c6c5f736368656d61746963"
      }
   array [
   ]
signal time=1788729158.447253 sender=:1.1 -> destination=(null destination) serial=97 path=/org/a11y/atspi/accessible/menus/n6d656e753a566965772f766965772e66696c6c5f736368656d61746963; interface=org.a11y.atspi.Event.Object; member=StateChanged
   string "focused"
   int32 0
   int32 0
   variant       boolean false
   array [
   ]
signal time=1788729158.447283 sender=:1.1 -> destination=(null destination) serial=98 path=/org/a11y/atspi/accessible/menus/n6d656e753a566965772f766965772e66696c6c5f736368656d61746963; interface=org.a11y.atspi.Event.Object; member=StateChanged
   string "enabled"
   int32 1
   int32 0
   variant       boolean true
   array [
   ]
signal time=1788729158.447340 sender=:1.1 -> destination=(null destination) serial=99 path=/org/a11y/atspi/accessible/menus/n6d656e753a566965772f766965772e66696c6c5f736368656d61746963; interface=org.a11y.atspi.Event.Object; member=StateChanged
   string "sensitive"
   int32 1
   int32 0
   variant       boolean true
   array [
   ]
signal time=1788729158.447467 sender=:1.1 -> destination=(null destination) serial=100 path=/org/a11y/atspi/accessible/menus/n6d656e753a56696577; interface=org.a11y.atspi.Event.Object; member=ChildrenChanged
   string "add"
   int32 16
   int32 0
   variant       struct {
         string ":1.1"
         object path "/org/a11y/atspi/accessible/menus/n6d656e753a566965772f766965772e7072657365745f73696e676c65"
      }
   array [
   ]
signal time=1788729158.447512 sender=:1.1 -> destination=(null destination) serial=101 path=/org/a11y/atspi/accessible/menus/n6d656e753a566965772f766965772e7072657365745f73696e676c65; interface=org.a11y.atspi.Event.Object; member=StateChanged
   string "focused"
   int32 0
   int32 0
   variant       boolean false
   array [
   ]
signal time=1788729158.447543 sender=:1.1 -> destination=(null destination) serial=102 path=/org/a11y/atspi/accessible/menus/n6d656e753a566965772f766965772e7072657365745f73696e676c65; interface=org.a11y.atspi.Event.Object; member=StateChanged
   string "enabled"
   int32 1
   int32 0
   variant       boolean true
   array [
   ]
signal time=1788729158.447573 sender=:1.1 -> destination=(null destination) serial=103 path=/org/a11y/atspi/accessible/menus/n6d656e753a566965772f766965772e7072657365745f73696e676c65; interface=org.a11y.atspi.Event.Object; member=StateChanged
   string "sensitive"
   int32 1
   int32 0
   variant       boolean true
   array [
   ]
signal time=1788729158.447603 sender=:1.1 -> destination=(null destination) serial=104 path=/org/a11y/atspi/accessible/menus/n6d656e753a56696577; interface=org.a11y.atspi.Event.Object; member=ChildrenChanged
   string "add"
   int32 17
   int32 0
   variant       struct {
         string ":1.1"
         object path "/org/a11y/atspi/accessible/menus/n6d656e753a566965772f766965772e7072657365745f626f6172645f736368656d61746963"
      }
   array [
   ]
signal time=1788729158.447805 sender=:1.1 -> destination=(null destination) serial=105 path=/org/a11y/atspi/accessible/menus/n6d656e753a566965772f766965772e7072657365745f626f6172645f736368656d61746963; interface=org.a11y.atspi.Event.Object; member=StateChanged
   string "focused"
   int32 0
   int32 0
   variant       boolean false
   array [
   ]
signal time=1788729158.447838 sender=:1.1 -> destination=(null destination) serial=106 path=/org/a11y/atspi/accessible/menus/n6d656e753a566965772f766965772e7072657365745f626f6172645f736368656d61746963; interface=org.a11y.atspi.Event.Object; member=StateChanged
   string "enabled"
   int32 1
   int32 0
   variant       boolean true
   array [
   ]
signal time=1788729158.447868 sender=:1.1 -> destination=(null destination) serial=107 path=/org/a11y/atspi/accessible/menus/n6d656e753a566965772f766965772e7072657365745f626f6172645f736368656d61746963; interface=org.a11y.atspi.Event.Object; member=StateChanged
   string "sensitive"
   int32 1
   int32 0
   variant       boolean true
   array [
   ]
signal time=1788729158.447898 sender=:1.1 -> destination=(null destination) serial=108 path=/org/a11y/atspi/accessible/menus/n6d656e753a56696577; interface=org.a11y.atspi.Event.Object; member=ChildrenChanged
   string "add"
   int32 18
   int32 0
   variant       struct {
         string ":1.1"
         object path "/org/a11y/atspi/accessible/menus/n6d656e753a566965772f766965772e637572736f722e66756c6c"
      }
   array [
   ]
signal time=1788729158.447941 sender=:1.1 -> destination=(null destination) serial=109 path=/org/a11y/atspi/accessible/menus/n6d656e753a566965772f766965772e637572736f722e66756c6c; interface=org.a11y.atspi.Event.Object; member=StateChanged
   string "focused"
   int32 0
   int32 0
   variant       boolean false
   array [
   ]
signal time=1788729158.447971 sender=:1.1 -> destination=(null destination) serial=110 path=/org/a11y/atspi/accessible/menus/n6d656e753a566965772f766965772e637572736f722e66756c6c; interface=org.a11y.atspi.Event.Object; member=StateChanged
   string "enabled"
   int32 1
   int32 0
   variant       boolean true
   array [
   ]
signal time=1788729158.448022 sender=:1.1 -> destination=(null destination) serial=111 path=/org/a11y/atspi/accessible/menus/n6d656e753a566965772f766965772e637572736f722e66756c6c; interface=org.a11y.atspi.Event.Object; member=StateChanged
   string "sensitive"
   int32 1
   int32 0
   variant       boolean true
   array [
   ]
signal time=1788729158.448053 sender=:1.1 -> destination=(null destination) serial=112 path=/org/a11y/atspi/accessible/menus/n6d656e753a56696577; interface=org.a11y.atspi.Event.Object; member=ChildrenChanged
   string "add"
   int32 19
   int32 0
   variant       struct {
         string ":1.1"
         object path "/org/a11y/atspi/accessible/menus/n6d656e753a566965772f766965772e637572736f722e736d616c6c"
      }
   array [
   ]
signal time=1788729158.448096 sender=:1.1 -> destination=(null destination) serial=113 path=/org/a11y/atspi/accessible/menus/n6d656e753a566965772f766965772e637572736f722e736d616c6c; interface=org.a11y.atspi.Event.Object; member=StateChanged
   string "focused"
   int32 0
   int32 0
   variant       boolean false
   array [
   ]
signal time=1788729158.448126 sender=:1.1 -> destination=(null destination) serial=114 path=/org/a11y/atspi/accessible/menus/n6d656e753a566965772f766965772e637572736f722e736d616c6c; interface=org.a11y.atspi.Event.Object; member=StateChanged
   string "enabled"
   int32 1
   int32 0
   variant       boolean true
   array [
   ]
signal time=1788729158.448156 sender=:1.1 -> destination=(null destination) serial=115 path=/org/a11y/atspi/accessible/menus/n6d656e753a566965772f766965772e637572736f722e736d616c6c; interface=org.a11y.atspi.Event.Object; member=StateChanged
   string "sensitive"
   int32 1
   int32 0
   variant       boolean true
   array [
   ]
signal time=1788729158.448321 sender=:1.1 -> destination=(null destination) serial=116 path=/org/a11y/atspi/accessible/menus/n6d656e753a56696577; interface=org.a11y.atspi.Event.Object; member=ChildrenChanged
   string "add"
   int32 20
   int32 0
   variant       struct {
         string ":1.1"
         object path "/org/a11y/atspi/accessible/menus/n6d656e753a566965772f766965772e637572736f722e6e6f6e65"
      }
   array [
   ]
signal time=1788729158.448367 sender=:1.1 -> destination=(null destination) serial=117 path=/org/a11y/atspi/accessible/menus/n6d656e753a566965772f766965772e637572736f722e6e6f6e65; interface=org.a11y.atspi.Event.Object; member=StateChanged
   string "focused"
   int32 0
   int32 0
   variant       boolean false
   array [
   ]
signal time=1788729158.448397 sender=:1.1 -> destination=(null destination) serial=118 path=/org/a11y/atspi/accessible/menus/n6d656e753a566965772f766965772e637572736f722e6e6f6e65; interface=org.a11y.atspi.Event.Object; member=StateChanged
   string "enabled"
   int32 1
   int32 0
   variant       boolean true
   array [
   ]
signal time=1788729158.448427 sender=:1.1 -> destination=(null destination) serial=119 path=/org/a11y/atspi/accessible/menus/n6d656e753a566965772f766965772e637572736f722e6e6f6e65; interface=org.a11y.atspi.Event.Object; member=StateChanged
   string "sensitive"
   int32 1
   int32 0
   variant       boolean true
   array [
   ]
signal time=1788729158.448458 sender=:1.1 -> destination=(null destination) serial=120 path=/org/a11y/atspi/accessible/menus/n6d656e753a56696577; interface=org.a11y.atspi.Event.Object; member=ChildrenChanged
   string "add"
   int32 21
   int32 0
   variant       struct {
         string ":1.1"
         object path "/org/a11y/atspi/accessible/menus/n6d656e753a566965772f766965772e636f6e736f6c655f686973746f7279"
      }
   array [
   ]
signal time=1788729158.448500 sender=:1.1 -> destination=(null destination) serial=121 path=/org/a11y/atspi/accessible/menus/n6d656e753a566965772f766965772e636f6e736f6c655f686973746f7279; interface=org.a11y.atspi.Event.Object; member=StateChanged
   string "focused"
   int32 0
   int32 0
   variant       boolean false
   array [
   ]
signal time=1788729158.448538 sender=:1.1 -> destination=(null destination) serial=122 path=/org/a11y/atspi/accessible/menus/n6d656e753a566965772f766965772e636f6e736f6c655f686973746f7279; interface=org.a11y.atspi.Event.Object; member=StateChanged
   string "enabled"
   int32 1
   int32 0
   variant       boolean true
   array [
   ]
signal time=1788729158.448569 sender=:1.1 -> destination=(null destination) serial=123 path=/org/a11y/atspi/accessible/menus/n6d656e753a566965772f766965772e636f6e736f6c655f686973746f7279; interface=org.a11y.atspi.Event.Object; member=StateChanged
   string "sensitive"
   int32 1
   int32 0
   variant       boolean true
   array [
   ]
signal time=1788729159.843128 sender=org.freedesktop.DBus -> destination=(null destination) serial=37 path=/org/freedesktop/DBus; interface=org.freedesktop.DBus; member=NameOwnerChanged
   string ":1.19"
   string ""
   string ":1.19"
signal time=1788729159.843196 sender=org.freedesktop.DBus -> destination=:1.19 serial=2 path=/org/freedesktop/DBus; interface=org.freedesktop.DBus; member=NameAcquired
   string ":1.19"
signal time=1788729159.847245 sender=org.freedesktop.DBus -> destination=:1.19 serial=3 path=/org/freedesktop/DBus; interface=org.freedesktop.DBus; member=NameLost
   string ":1.19"
signal time=1788729159.847284 sender=org.freedesktop.DBus -> destination=(null destination) serial=38 path=/org/freedesktop/DBus; interface=org.freedesktop.DBus; member=NameOwnerChanged
   string ":1.19"
   string ":1.19"
   string ""
signal time=1788729159.847556 sender=:1.2 -> destination=(null destination) serial=30 path=/org/a11y/atspi/registry; interface=org.a11y.atspi.Registry; member=EventListenerDeregistered
   string ":1.19"
   string ""
signal time=1788729159.857512 sender=org.freedesktop.DBus -> destination=(null destination) serial=39 path=/org/freedesktop/DBus; interface=org.freedesktop.DBus; member=NameOwnerChanged
   string ":1.20"
   string ""
   string ":1.20"
signal time=1788729159.857676 sender=org.freedesktop.DBus -> destination=:1.20 serial=2 path=/org/freedesktop/DBus; interface=org.freedesktop.DBus; member=NameAcquired
   string ":1.20"
signal time=1788729159.861218 sender=org.freedesktop.DBus -> destination=:1.20 serial=5 path=/org/freedesktop/DBus; interface=org.freedesktop.DBus; member=NameLost
   string ":1.20"
signal time=1788729159.861260 sender=org.freedesktop.DBus -> destination=(null destination) serial=40 path=/org/freedesktop/DBus; interface=org.freedesktop.DBus; member=NameOwnerChanged
   string ":1.20"
   string ":1.20"
   string ""
signal time=1788729159.861528 sender=:1.2 -> destination=(null destination) serial=31 path=/org/a11y/atspi/registry; interface=org.a11y.atspi.Registry; member=EventListenerDeregistered
   string ":1.20"
   string ""
signal time=1788729159.874129 sender=org.freedesktop.DBus -> destination=(null destination) serial=41 path=/org/freedesktop/DBus; interface=org.freedesktop.DBus; member=NameOwnerChanged
   string ":1.21"
   string ""
   string ":1.21"
signal time=1788729159.874226 sender=org.freedesktop.DBus -> destination=:1.21 serial=2 path=/org/freedesktop/DBus; interface=org.freedesktop.DBus; member=NameAcquired
   string ":1.21"
signal time=1788729159.877498 sender=org.freedesktop.DBus -> destination=:1.21 serial=3 path=/org/freedesktop/DBus; interface=org.freedesktop.DBus; member=NameLost
   string ":1.21"
signal time=1788729159.877537 sender=org.freedesktop.DBus -> destination=(null destination) serial=42 path=/org/freedesktop/DBus; interface=org.freedesktop.DBus; member=NameOwnerChanged
   string ":1.21"
   string ":1.21"
   string ""
signal time=1788729159.877876 sender=:1.2 -> destination=(null destination) serial=32 path=/org/a11y/atspi/registry; interface=org.a11y.atspi.Registry; member=EventListenerDeregistered
   string ":1.21"
   string ""
signal time=1788729159.888941 sender=org.freedesktop.DBus -> destination=(null destination) serial=43 path=/org/freedesktop/DBus; interface=org.freedesktop.DBus; member=NameOwnerChanged
   string ":1.22"
   string ""
   string ":1.22"
signal time=1788729159.889007 sender=org.freedesktop.DBus -> destination=:1.22 serial=2 path=/org/freedesktop/DBus; interface=org.freedesktop.DBus; member=NameAcquired
   string ":1.22"
signal time=1788729159.892616 sender=org.freedesktop.DBus -> destination=:1.22 serial=3 path=/org/freedesktop/DBus; interface=org.freedesktop.DBus; member=NameLost
   string ":1.22"
signal time=1788729159.892685 sender=org.freedesktop.DBus -> destination=(null destination) serial=44 path=/org/freedesktop/DBus; interface=org.freedesktop.DBus; member=NameOwnerChanged
   string ":1.22"
   string ":1.22"
   string ""
signal time=1788729159.892833 sender=:1.2 -> destination=(null destination) serial=33 path=/org/a11y/atspi/registry; interface=org.a11y.atspi.Registry; member=EventListenerDeregistered
   string ":1.22"
   string ""
signal time=1788729159.903122 sender=org.freedesktop.DBus -> destination=(null destination) serial=45 path=/org/freedesktop/DBus; interface=org.freedesktop.DBus; member=NameOwnerChanged
   string ":1.23"
   string ""
   string ":1.23"
signal time=1788729159.903190 sender=org.freedesktop.DBus -> destination=:1.23 serial=2 path=/org/freedesktop/DBus; interface=org.freedesktop.DBus; member=NameAcquired
   string ":1.23"
signal time=1788729159.906568 sender=org.freedesktop.DBus -> destination=:1.23 serial=3 path=/org/freedesktop/DBus; interface=org.freedesktop.DBus; member=NameLost
   string ":1.23"
signal time=1788729159.906642 sender=org.freedesktop.DBus -> destination=(null destination) serial=46 path=/org/freedesktop/DBus; interface=org.freedesktop.DBus; member=NameOwnerChanged
   string ":1.23"
   string ":1.23"
   string ""
signal time=1788729159.906962 sender=:1.2 -> destination=(null destination) serial=34 path=/org/a11y/atspi/registry; interface=org.a11y.atspi.Registry; member=EventListenerDeregistered
   string ":1.23"
   string ""
signal time=1788729159.918696 sender=org.freedesktop.DBus -> destination=(null destination) serial=47 path=/org/freedesktop/DBus; interface=org.freedesktop.DBus; member=NameOwnerChanged
   string ":1.24"
   string ""
   string ":1.24"
signal time=1788729159.918767 sender=org.freedesktop.DBus -> destination=:1.24 serial=2 path=/org/freedesktop/DBus; interface=org.freedesktop.DBus; member=NameAcquired
   string ":1.24"
signal time=1788729159.922491 sender=org.freedesktop.DBus -> destination=:1.24 serial=3 path=/org/freedesktop/DBus; interface=org.freedesktop.DBus; member=NameLost
   string ":1.24"
signal time=1788729159.922543 sender=org.freedesktop.DBus -> destination=(null destination) serial=48 path=/org/freedesktop/DBus; interface=org.freedesktop.DBus; member=NameOwnerChanged
   string ":1.24"
   string ":1.24"
   string ""
signal time=1788729159.922826 sender=:1.2 -> destination=(null destination) serial=35 path=/org/a11y/atspi/registry; interface=org.a11y.atspi.Registry; member=EventListenerDeregistered
   string ":1.24"
   string ""
signal time=1788729159.932451 sender=org.freedesktop.DBus -> destination=(null destination) serial=49 path=/org/freedesktop/DBus; interface=org.freedesktop.DBus; member=NameOwnerChanged
   string ":1.25"
   string ""
   string ":1.25"
signal time=1788729159.932503 sender=org.freedesktop.DBus -> destination=:1.25 serial=2 path=/org/freedesktop/DBus; interface=org.freedesktop.DBus; member=NameAcquired
   string ":1.25"
signal time=1788729159.934290 sender=org.freedesktop.DBus -> destination=:1.25 serial=3 path=/org/freedesktop/DBus; interface=org.freedesktop.DBus; member=NameLost
   string ":1.25"
signal time=1788729159.934319 sender=org.freedesktop.DBus -> destination=(null destination) serial=50 path=/org/freedesktop/DBus; interface=org.freedesktop.DBus; member=NameOwnerChanged
   string ":1.25"
   string ":1.25"
   string ""
signal time=1788729159.934405 sender=:1.2 -> destination=(null destination) serial=36 path=/org/a11y/atspi/registry; interface=org.a11y.atspi.Registry; member=EventListenerDeregistered
   string ":1.25"
   string ""
signal time=1788729159.941250 sender=org.freedesktop.DBus -> destination=(null destination) serial=51 path=/org/freedesktop/DBus; interface=org.freedesktop.DBus; member=NameOwnerChanged
   string ":1.26"
   string ""
   string ":1.26"
signal time=1788729159.941298 sender=org.freedesktop.DBus -> destination=:1.26 serial=2 path=/org/freedesktop/DBus; interface=org.freedesktop.DBus; member=NameAcquired
   string ":1.26"
signal time=1788729159.943053 sender=org.freedesktop.DBus -> destination=:1.26 serial=3 path=/org/freedesktop/DBus; interface=org.freedesktop.DBus; member=NameLost
   string ":1.26"
signal time=1788729159.943071 sender=org.freedesktop.DBus -> destination=(null destination) serial=52 path=/org/freedesktop/DBus; interface=org.freedesktop.DBus; member=NameOwnerChanged
   string ":1.26"
   string ":1.26"
   string ""
signal time=1788729159.943229 sender=:1.2 -> destination=(null destination) serial=37 path=/org/a11y/atspi/registry; interface=org.a11y.atspi.Registry; member=EventListenerDeregistered
   string ":1.26"
   string ""
signal time=1788729159.947622 sender=org.freedesktop.DBus -> destination=(null destination) serial=53 path=/org/freedesktop/DBus; interface=org.freedesktop.DBus; member=NameOwnerChanged
   string ":1.27"
   string ""
   string ":1.27"
signal time=1788729159.947642 sender=org.freedesktop.DBus -> destination=:1.27 serial=2 path=/org/freedesktop/DBus; interface=org.freedesktop.DBus; member=NameAcquired
   string ":1.27"
signal time=1788729159.949177 sender=org.freedesktop.DBus -> destination=:1.27 serial=3 path=/org/freedesktop/DBus; interface=org.freedesktop.DBus; member=NameLost
   string ":1.27"
signal time=1788729159.949190 sender=org.freedesktop.DBus -> destination=(null destination) serial=54 path=/org/freedesktop/DBus; interface=org.freedesktop.DBus; member=NameOwnerChanged
   string ":1.27"
   string ":1.27"
   string ""
signal time=1788729159.949325 sender=:1.2 -> destination=(null destination) serial=38 path=/org/a11y/atspi/registry; interface=org.a11y.atspi.Registry; member=EventListenerDeregistered
   string ":1.27"
   string ""
signal time=1788729159.952908 sender=org.freedesktop.DBus -> destination=(null destination) serial=55 path=/org/freedesktop/DBus; interface=org.freedesktop.DBus; member=NameOwnerChanged
   string ":1.28"
   string ""
   string ":1.28"
signal time=1788729159.952927 sender=org.freedesktop.DBus -> destination=:1.28 serial=2 path=/org/freedesktop/DBus; interface=org.freedesktop.DBus; member=NameAcquired
   string ":1.28"
signal time=1788729159.954294 sender=org.freedesktop.DBus -> destination=:1.28 serial=3 path=/org/freedesktop/DBus; interface=org.freedesktop.DBus; member=NameLost
   string ":1.28"
signal time=1788729159.954314 sender=org.freedesktop.DBus -> destination=(null destination) serial=56 path=/org/freedesktop/DBus; interface=org.freedesktop.DBus; member=NameOwnerChanged
   string ":1.28"
   string ":1.28"
   string ""
signal time=1788729159.954414 sender=:1.2 -> destination=(null destination) serial=39 path=/org/a11y/atspi/registry; interface=org.a11y.atspi.Registry; member=EventListenerDeregistered
   string ":1.28"
   string ""
signal time=1788729159.958716 sender=org.freedesktop.DBus -> destination=(null destination) serial=57 path=/org/freedesktop/DBus; interface=org.freedesktop.DBus; member=NameOwnerChanged
   string ":1.29"
   string ""
   string ":1.29"
signal time=1788729159.958740 sender=org.freedesktop.DBus -> destination=:1.29 serial=2 path=/org/freedesktop/DBus; interface=org.freedesktop.DBus; member=NameAcquired
   string ":1.29"
signal time=1788729159.960104 sender=org.freedesktop.DBus -> destination=:1.29 serial=3 path=/org/freedesktop/DBus; interface=org.freedesktop.DBus; member=NameLost
   string ":1.29"
signal time=1788729159.960121 sender=org.freedesktop.DBus -> destination=(null destination) serial=58 path=/org/freedesktop/DBus; interface=org.freedesktop.DBus; member=NameOwnerChanged
   string ":1.29"
   string ":1.29"
   string ""
signal time=1788729159.960296 sender=:1.2 -> destination=(null destination) serial=40 path=/org/a11y/atspi/registry; interface=org.a11y.atspi.Registry; member=EventListenerDeregistered
   string ":1.29"
   string ""
signal time=1788729159.964649 sender=org.freedesktop.DBus -> destination=(null destination) serial=59 path=/org/freedesktop/DBus; interface=org.freedesktop.DBus; member=NameOwnerChanged
   string ":1.30"
   string ""
   string ":1.30"
signal time=1788729159.964711 sender=org.freedesktop.DBus -> destination=:1.30 serial=2 path=/org/freedesktop/DBus; interface=org.freedesktop.DBus; member=NameAcquired
   string ":1.30"
signal time=1788729159.966500 sender=org.freedesktop.DBus -> destination=:1.30 serial=3 path=/org/freedesktop/DBus; interface=org.freedesktop.DBus; member=NameLost
   string ":1.30"
signal time=1788729159.966514 sender=org.freedesktop.DBus -> destination=(null destination) serial=60 path=/org/freedesktop/DBus; interface=org.freedesktop.DBus; member=NameOwnerChanged
   string ":1.30"
   string ":1.30"
   string ""
signal time=1788729159.966585 sender=:1.2 -> destination=(null destination) serial=41 path=/org/a11y/atspi/registry; interface=org.a11y.atspi.Registry; member=EventListenerDeregistered
   string ":1.30"
   string ""
signal time=1788729159.970323 sender=org.freedesktop.DBus -> destination=(null destination) serial=61 path=/org/freedesktop/DBus; interface=org.freedesktop.DBus; member=NameOwnerChanged
   string ":1.31"
   string ""
   string ":1.31"
signal time=1788729159.970342 sender=org.freedesktop.DBus -> destination=:1.31 serial=2 path=/org/freedesktop/DBus; interface=org.freedesktop.DBus; member=NameAcquired
   string ":1.31"
signal time=1788729159.971953 sender=org.freedesktop.DBus -> destination=:1.31 serial=3 path=/org/freedesktop/DBus; interface=org.freedesktop.DBus; member=NameLost
   string ":1.31"
signal time=1788729159.971993 sender=org.freedesktop.DBus -> destination=(null destination) serial=62 path=/org/freedesktop/DBus; interface=org.freedesktop.DBus; member=NameOwnerChanged
   string ":1.31"
   string ":1.31"
   string ""
signal time=1788729159.972069 sender=:1.2 -> destination=(null destination) serial=42 path=/org/a11y/atspi/registry; interface=org.a11y.atspi.Registry; member=EventListenerDeregistered
   string ":1.31"
   string ""
signal time=1788729159.976831 sender=org.freedesktop.DBus -> destination=(null destination) serial=63 path=/org/freedesktop/DBus; interface=org.freedesktop.DBus; member=NameOwnerChanged
   string ":1.32"
   string ""
   string ":1.32"
signal time=1788729159.976855 sender=org.freedesktop.DBus -> destination=:1.32 serial=2 path=/org/freedesktop/DBus; interface=org.freedesktop.DBus; member=NameAcquired
   string ":1.32"
signal time=1788729159.977843 sender=org.freedesktop.DBus -> destination=:1.32 serial=3 path=/org/freedesktop/DBus; interface=org.freedesktop.DBus; member=NameLost
   string ":1.32"
signal time=1788729159.977857 sender=org.freedesktop.DBus -> destination=(null destination) serial=64 path=/org/freedesktop/DBus; interface=org.freedesktop.DBus; member=NameOwnerChanged
   string ":1.32"
   string ":1.32"
   string ""
signal time=1788729159.978037 sender=:1.2 -> destination=(null destination) serial=43 path=/org/a11y/atspi/registry; interface=org.a11y.atspi.Registry; member=EventListenerDeregistered
   string ":1.32"
   string ""
signal time=1788729159.981642 sender=org.freedesktop.DBus -> destination=(null destination) serial=65 path=/org/freedesktop/DBus; interface=org.freedesktop.DBus; member=NameOwnerChanged
   string ":1.33"
   string ""
   string ":1.33"
signal time=1788729159.981659 sender=org.freedesktop.DBus -> destination=:1.33 serial=2 path=/org/freedesktop/DBus; interface=org.freedesktop.DBus; member=NameAcquired
   string ":1.33"
signal time=1788729159.983030 sender=org.freedesktop.DBus -> destination=:1.33 serial=3 path=/org/freedesktop/DBus; interface=org.freedesktop.DBus; member=NameLost
   string ":1.33"
signal time=1788729159.983042 sender=org.freedesktop.DBus -> destination=(null destination) serial=66 path=/org/freedesktop/DBus; interface=org.freedesktop.DBus; member=NameOwnerChanged
   string ":1.33"
   string ":1.33"
   string ""
signal time=1788729159.983150 sender=:1.2 -> destination=(null destination) serial=44 path=/org/a11y/atspi/registry; interface=org.a11y.atspi.Registry; member=EventListenerDeregistered
   string ":1.33"
   string ""
signal time=1788729159.986850 sender=org.freedesktop.DBus -> destination=(null destination) serial=67 path=/org/freedesktop/DBus; interface=org.freedesktop.DBus; member=NameOwnerChanged
   string ":1.34"
   string ""
   string ":1.34"
signal time=1788729159.986876 sender=org.freedesktop.DBus -> destination=:1.34 serial=2 path=/org/freedesktop/DBus; interface=org.freedesktop.DBus; member=NameAcquired
   string ":1.34"
signal time=1788729159.987943 sender=org.freedesktop.DBus -> destination=:1.34 serial=3 path=/org/freedesktop/DBus; interface=org.freedesktop.DBus; member=NameLost
   string ":1.34"
signal time=1788729159.987974 sender=org.freedesktop.DBus -> destination=(null destination) serial=68 path=/org/freedesktop/DBus; interface=org.freedesktop.DBus; member=NameOwnerChanged
   string ":1.34"
   string ":1.34"
   string ""
signal time=1788729159.988164 sender=:1.2 -> destination=(null destination) serial=45 path=/org/a11y/atspi/registry; interface=org.a11y.atspi.Registry; member=EventListenerDeregistered
   string ":1.34"
   string ""
signal time=1788729159.992714 sender=org.freedesktop.DBus -> destination=(null destination) serial=69 path=/org/freedesktop/DBus; interface=org.freedesktop.DBus; member=NameOwnerChanged
   string ":1.35"
   string ""
   string ":1.35"
signal time=1788729159.992742 sender=org.freedesktop.DBus -> destination=:1.35 serial=2 path=/org/freedesktop/DBus; interface=org.freedesktop.DBus; member=NameAcquired
   string ":1.35"
signal time=1788729159.993779 sender=org.freedesktop.DBus -> destination=:1.35 serial=3 path=/org/freedesktop/DBus; interface=org.freedesktop.DBus; member=NameLost
   string ":1.35"
signal time=1788729159.993816 sender=org.freedesktop.DBus -> destination=(null destination) serial=70 path=/org/freedesktop/DBus; interface=org.freedesktop.DBus; member=NameOwnerChanged
   string ":1.35"
   string ":1.35"
   string ""
signal time=1788729159.994006 sender=:1.2 -> destination=(null destination) serial=46 path=/org/a11y/atspi/registry; interface=org.a11y.atspi.Registry; member=EventListenerDeregistered
   string ":1.35"
   string ""
signal time=1788729159.998604 sender=org.freedesktop.DBus -> destination=(null destination) serial=71 path=/org/freedesktop/DBus; interface=org.freedesktop.DBus; member=NameOwnerChanged
   string ":1.36"
   string ""
   string ":1.36"
signal time=1788729159.998627 sender=org.freedesktop.DBus -> destination=:1.36 serial=2 path=/org/freedesktop/DBus; interface=org.freedesktop.DBus; member=NameAcquired
   string ":1.36"
signal time=1788729160.000276 sender=org.freedesktop.DBus -> destination=:1.36 serial=3 path=/org/freedesktop/DBus; interface=org.freedesktop.DBus; member=NameLost
   string ":1.36"
signal time=1788729160.000290 sender=org.freedesktop.DBus -> destination=(null destination) serial=72 path=/org/freedesktop/DBus; interface=org.freedesktop.DBus; member=NameOwnerChanged
   string ":1.36"
   string ":1.36"
   string ""
signal time=1788729160.000359 sender=:1.2 -> destination=(null destination) serial=47 path=/org/a11y/atspi/registry; interface=org.a11y.atspi.Registry; member=EventListenerDeregistered
   string ":1.36"
   string ""
signal time=1788729160.004757 sender=org.freedesktop.DBus -> destination=(null destination) serial=73 path=/org/freedesktop/DBus; interface=org.freedesktop.DBus; member=NameOwnerChanged
   string ":1.37"
   string ""
   string ":1.37"
signal time=1788729160.004786 sender=org.freedesktop.DBus -> destination=:1.37 serial=2 path=/org/freedesktop/DBus; interface=org.freedesktop.DBus; member=NameAcquired
   string ":1.37"
signal time=1788729160.006101 sender=org.freedesktop.DBus -> destination=:1.37 serial=3 path=/org/freedesktop/DBus; interface=org.freedesktop.DBus; member=NameLost
   string ":1.37"
signal time=1788729160.006127 sender=org.freedesktop.DBus -> destination=(null destination) serial=74 path=/org/freedesktop/DBus; interface=org.freedesktop.DBus; member=NameOwnerChanged
   string ":1.37"
   string ":1.37"
   string ""
signal time=1788729160.006193 sender=:1.2 -> destination=(null destination) serial=48 path=/org/a11y/atspi/registry; interface=org.a11y.atspi.Registry; member=EventListenerDeregistered
   string ":1.37"
   string ""
signal time=1788729160.011050 sender=org.freedesktop.DBus -> destination=(null destination) serial=75 path=/org/freedesktop/DBus; interface=org.freedesktop.DBus; member=NameOwnerChanged
   string ":1.38"
   string ""
   string ":1.38"
signal time=1788729160.011079 sender=org.freedesktop.DBus -> destination=:1.38 serial=2 path=/org/freedesktop/DBus; interface=org.freedesktop.DBus; member=NameAcquired
   string ":1.38"
signal time=1788729160.012674 sender=org.freedesktop.DBus -> destination=:1.38 serial=3 path=/org/freedesktop/DBus; interface=org.freedesktop.DBus; member=NameLost
   string ":1.38"
signal time=1788729160.012690 sender=org.freedesktop.DBus -> destination=(null destination) serial=76 path=/org/freedesktop/DBus; interface=org.freedesktop.DBus; member=NameOwnerChanged
   string ":1.38"
   string ":1.38"
   string ""
signal time=1788729160.012790 sender=:1.2 -> destination=(null destination) serial=49 path=/org/a11y/atspi/registry; interface=org.a11y.atspi.Registry; member=EventListenerDeregistered
   string ":1.38"
   string ""
signal time=1788729160.016673 sender=org.freedesktop.DBus -> destination=(null destination) serial=77 path=/org/freedesktop/DBus; interface=org.freedesktop.DBus; member=NameOwnerChanged
   string ":1.39"
   string ""
   string ":1.39"
signal time=1788729160.016690 sender=org.freedesktop.DBus -> destination=:1.39 serial=2 path=/org/freedesktop/DBus; interface=org.freedesktop.DBus; member=NameAcquired
   string ":1.39"
signal time=1788729160.017865 sender=org.freedesktop.DBus -> destination=:1.39 serial=3 path=/org/freedesktop/DBus; interface=org.freedesktop.DBus; member=NameLost
   string ":1.39"
signal time=1788729160.017877 sender=org.freedesktop.DBus -> destination=(null destination) serial=78 path=/org/freedesktop/DBus; interface=org.freedesktop.DBus; member=NameOwnerChanged
   string ":1.39"
   string ":1.39"
   string ""
signal time=1788729160.018004 sender=:1.2 -> destination=(null destination) serial=50 path=/org/a11y/atspi/registry; interface=org.a11y.atspi.Registry; member=EventListenerDeregistered
   string ":1.39"
   string ""
signal time=1788729160.022456 sender=org.freedesktop.DBus -> destination=(null destination) serial=79 path=/org/freedesktop/DBus; interface=org.freedesktop.DBus; member=NameOwnerChanged
   string ":1.40"
   string ""
   string ":1.40"
signal time=1788729160.022479 sender=org.freedesktop.DBus -> destination=:1.40 serial=2 path=/org/freedesktop/DBus; interface=org.freedesktop.DBus; member=NameAcquired
   string ":1.40"
signal time=1788729160.023737 sender=org.freedesktop.DBus -> destination=:1.40 serial=3 path=/org/freedesktop/DBus; interface=org.freedesktop.DBus; member=NameLost
   string ":1.40"
signal time=1788729160.023755 sender=org.freedesktop.DBus -> destination=(null destination) serial=80 path=/org/freedesktop/DBus; interface=org.freedesktop.DBus; member=NameOwnerChanged
   string ":1.40"
   string ":1.40"
   string ""
signal time=1788729160.023766 sender=:1.2 -> destination=(null destination) serial=51 path=/org/a11y/atspi/registry; interface=org.a11y.atspi.Registry; member=EventListenerDeregistered
   string ":1.40"
   string ""
signal time=1788729160.028104 sender=org.freedesktop.DBus -> destination=(null destination) serial=81 path=/org/freedesktop/DBus; interface=org.freedesktop.DBus; member=NameOwnerChanged
   string ":1.41"
   string ""
   string ":1.41"
signal time=1788729160.028145 sender=org.freedesktop.DBus -> destination=:1.41 serial=2 path=/org/freedesktop/DBus; interface=org.freedesktop.DBus; member=NameAcquired
   string ":1.41"
signal time=1788729160.029180 sender=org.freedesktop.DBus -> destination=:1.41 serial=3 path=/org/freedesktop/DBus; interface=org.freedesktop.DBus; member=NameLost
   string ":1.41"
signal time=1788729160.029192 sender=org.freedesktop.DBus -> destination=(null destination) serial=82 path=/org/freedesktop/DBus; interface=org.freedesktop.DBus; member=NameOwnerChanged
   string ":1.41"
   string ":1.41"
   string ""
signal time=1788729160.029316 sender=:1.2 -> destination=(null destination) serial=52 path=/org/a11y/atspi/registry; interface=org.a11y.atspi.Registry; member=EventListenerDeregistered
   string ":1.41"
   string ""
signal time=1788729160.033749 sender=org.freedesktop.DBus -> destination=(null destination) serial=83 path=/org/freedesktop/DBus; interface=org.freedesktop.DBus; member=NameOwnerChanged
   string ":1.42"
   string ""
   string ":1.42"
signal time=1788729160.033770 sender=org.freedesktop.DBus -> destination=:1.42 serial=2 path=/org/freedesktop/DBus; interface=org.freedesktop.DBus; member=NameAcquired
   string ":1.42"
signal time=1788729160.035194 sender=org.freedesktop.DBus -> destination=:1.42 serial=3 path=/org/freedesktop/DBus; interface=org.freedesktop.DBus; member=NameLost
   string ":1.42"
signal time=1788729160.035204 sender=org.freedesktop.DBus -> destination=(null destination) serial=84 path=/org/freedesktop/DBus; interface=org.freedesktop.DBus; member=NameOwnerChanged
   string ":1.42"
   string ":1.42"
   string ""
signal time=1788729160.035295 sender=:1.2 -> destination=(null destination) serial=53 path=/org/a11y/atspi/registry; interface=org.a11y.atspi.Registry; member=EventListenerDeregistered
   string ":1.42"
   string ""
signal time=1788729160.039764 sender=org.freedesktop.DBus -> destination=(null destination) serial=85 path=/org/freedesktop/DBus; interface=org.freedesktop.DBus; member=NameOwnerChanged
   string ":1.43"
   string ""
   string ":1.43"
signal time=1788729160.039788 sender=org.freedesktop.DBus -> destination=:1.43 serial=2 path=/org/freedesktop/DBus; interface=org.freedesktop.DBus; member=NameAcquired
   string ":1.43"
signal time=1788729160.041358 sender=org.freedesktop.DBus -> destination=:1.43 serial=3 path=/org/freedesktop/DBus; interface=org.freedesktop.DBus; member=NameLost
   string ":1.43"
signal time=1788729160.041373 sender=org.freedesktop.DBus -> destination=(null destination) serial=86 path=/org/freedesktop/DBus; interface=org.freedesktop.DBus; member=NameOwnerChanged
   string ":1.43"
   string ":1.43"
   string ""
signal time=1788729160.041462 sender=:1.2 -> destination=(null destination) serial=54 path=/org/a11y/atspi/registry; interface=org.a11y.atspi.Registry; member=EventListenerDeregistered
   string ":1.43"
   string ""
signal time=1788729160.045193 sender=org.freedesktop.DBus -> destination=(null destination) serial=87 path=/org/freedesktop/DBus; interface=org.freedesktop.DBus; member=NameOwnerChanged
   string ":1.44"
   string ""
   string ":1.44"
signal time=1788729160.045212 sender=org.freedesktop.DBus -> destination=:1.44 serial=2 path=/org/freedesktop/DBus; interface=org.freedesktop.DBus; member=NameAcquired
   string ":1.44"
signal time=1788729160.046529 sender=org.freedesktop.DBus -> destination=:1.44 serial=3 path=/org/freedesktop/DBus; interface=org.freedesktop.DBus; member=NameLost
   string ":1.44"
signal time=1788729160.046540 sender=org.freedesktop.DBus -> destination=(null destination) serial=88 path=/org/freedesktop/DBus; interface=org.freedesktop.DBus; member=NameOwnerChanged
   string ":1.44"
   string ":1.44"
   string ""
signal time=1788729160.046613 sender=:1.2 -> destination=(null destination) serial=55 path=/org/a11y/atspi/registry; interface=org.a11y.atspi.Registry; member=EventListenerDeregistered
   string ":1.44"
   string ""
signal time=1788729160.050110 sender=org.freedesktop.DBus -> destination=(null destination) serial=89 path=/org/freedesktop/DBus; interface=org.freedesktop.DBus; member=NameOwnerChanged
   string ":1.45"
   string ""
   string ":1.45"
signal time=1788729160.050126 sender=org.freedesktop.DBus -> destination=:1.45 serial=2 path=/org/freedesktop/DBus; interface=org.freedesktop.DBus; member=NameAcquired
   string ":1.45"
signal time=1788729160.051430 sender=org.freedesktop.DBus -> destination=:1.45 serial=3 path=/org/freedesktop/DBus; interface=org.freedesktop.DBus; member=NameLost
   string ":1.45"
signal time=1788729160.051445 sender=org.freedesktop.DBus -> destination=(null destination) serial=90 path=/org/freedesktop/DBus; interface=org.freedesktop.DBus; member=NameOwnerChanged
   string ":1.45"
   string ":1.45"
   string ""
signal time=1788729160.051522 sender=:1.2 -> destination=(null destination) serial=56 path=/org/a11y/atspi/registry; interface=org.a11y.atspi.Registry; member=EventListenerDeregistered
   string ":1.45"
   string ""
signal time=1788729160.055303 sender=org.freedesktop.DBus -> destination=(null destination) serial=91 path=/org/freedesktop/DBus; interface=org.freedesktop.DBus; member=NameOwnerChanged
   string ":1.46"
   string ""
   string ":1.46"
signal time=1788729160.055325 sender=org.freedesktop.DBus -> destination=:1.46 serial=2 path=/org/freedesktop/DBus; interface=org.freedesktop.DBus; member=NameAcquired
   string ":1.46"
signal time=1788729160.056372 sender=org.freedesktop.DBus -> destination=:1.46 serial=3 path=/org/freedesktop/DBus; interface=org.freedesktop.DBus; member=NameLost
   string ":1.46"
signal time=1788729160.056390 sender=org.freedesktop.DBus -> destination=(null destination) serial=92 path=/org/freedesktop/DBus; interface=org.freedesktop.DBus; member=NameOwnerChanged
   string ":1.46"
   string ":1.46"
   string ""
signal time=1788729160.056483 sender=:1.2 -> destination=(null destination) serial=57 path=/org/a11y/atspi/registry; interface=org.a11y.atspi.Registry; member=EventListenerDeregistered
   string ":1.46"
   string ""
signal time=1788729160.060919 sender=org.freedesktop.DBus -> destination=(null destination) serial=93 path=/org/freedesktop/DBus; interface=org.freedesktop.DBus; member=NameOwnerChanged
   string ":1.47"
   string ""
   string ":1.47"
signal time=1788729160.060941 sender=org.freedesktop.DBus -> destination=:1.47 serial=2 path=/org/freedesktop/DBus; interface=org.freedesktop.DBus; member=NameAcquired
   string ":1.47"
signal time=1788729160.062455 sender=org.freedesktop.DBus -> destination=:1.47 serial=3 path=/org/freedesktop/DBus; interface=org.freedesktop.DBus; member=NameLost
   string ":1.47"
signal time=1788729160.062472 sender=org.freedesktop.DBus -> destination=(null destination) serial=94 path=/org/freedesktop/DBus; interface=org.freedesktop.DBus; member=NameOwnerChanged
   string ":1.47"
   string ":1.47"
   string ""
signal time=1788729160.062628 sender=:1.2 -> destination=(null destination) serial=58 path=/org/a11y/atspi/registry; interface=org.a11y.atspi.Registry; member=EventListenerDeregistered
   string ":1.47"
   string ""
signal time=1788729160.066670 sender=org.freedesktop.DBus -> destination=(null destination) serial=95 path=/org/freedesktop/DBus; interface=org.freedesktop.DBus; member=NameOwnerChanged
   string ":1.48"
   string ""
   string ":1.48"
signal time=1788729160.066692 sender=org.freedesktop.DBus -> destination=:1.48 serial=2 path=/org/freedesktop/DBus; interface=org.freedesktop.DBus; member=NameAcquired
   string ":1.48"
signal time=1788729160.068084 sender=org.freedesktop.DBus -> destination=:1.48 serial=3 path=/org/freedesktop/DBus; interface=org.freedesktop.DBus; member=NameLost
   string ":1.48"
signal time=1788729160.068093 sender=org.freedesktop.DBus -> destination=(null destination) serial=96 path=/org/freedesktop/DBus; interface=org.freedesktop.DBus; member=NameOwnerChanged
   string ":1.48"
   string ":1.48"
   string ""
signal time=1788729160.068165 sender=:1.2 -> destination=(null destination) serial=59 path=/org/a11y/atspi/registry; interface=org.a11y.atspi.Registry; member=EventListenerDeregistered
   string ":1.48"
   string ""
signal time=1788729160.073375 sender=org.freedesktop.DBus -> destination=(null destination) serial=97 path=/org/freedesktop/DBus; interface=org.freedesktop.DBus; member=NameOwnerChanged
   string ":1.49"
   string ""
   string ":1.49"
signal time=1788729160.073398 sender=org.freedesktop.DBus -> destination=:1.49 serial=2 path=/org/freedesktop/DBus; interface=org.freedesktop.DBus; member=NameAcquired
   string ":1.49"
signal time=1788729160.074872 sender=org.freedesktop.DBus -> destination=:1.49 serial=3 path=/org/freedesktop/DBus; interface=org.freedesktop.DBus; member=NameLost
   string ":1.49"
signal time=1788729160.074893 sender=org.freedesktop.DBus -> destination=(null destination) serial=98 path=/org/freedesktop/DBus; interface=org.freedesktop.DBus; member=NameOwnerChanged
   string ":1.49"
   string ":1.49"
   string ""
signal time=1788729160.074970 sender=:1.2 -> destination=(null destination) serial=60 path=/org/a11y/atspi/registry; interface=org.a11y.atspi.Registry; member=EventListenerDeregistered
   string ":1.49"
   string ""
signal time=1788729160.078915 sender=org.freedesktop.DBus -> destination=(null destination) serial=99 path=/org/freedesktop/DBus; interface=org.freedesktop.DBus; member=NameOwnerChanged
   string ":1.50"
   string ""
   string ":1.50"
signal time=1788729160.078932 sender=org.freedesktop.DBus -> destination=:1.50 serial=2 path=/org/freedesktop/DBus; interface=org.freedesktop.DBus; member=NameAcquired
   string ":1.50"
signal time=1788729160.080273 sender=org.freedesktop.DBus -> destination=:1.50 serial=3 path=/org/freedesktop/DBus; interface=org.freedesktop.DBus; member=NameLost
   string ":1.50"
signal time=1788729160.080283 sender=org.freedesktop.DBus -> destination=(null destination) serial=100 path=/org/freedesktop/DBus; interface=org.freedesktop.DBus; member=NameOwnerChanged
   string ":1.50"
   string ":1.50"
   string ""
signal time=1788729160.080367 sender=:1.2 -> destination=(null destination) serial=61 path=/org/a11y/atspi/registry; interface=org.a11y.atspi.Registry; member=EventListenerDeregistered
   string ":1.50"
   string ""
signal time=1788729160.083939 sender=org.freedesktop.DBus -> destination=(null destination) serial=101 path=/org/freedesktop/DBus; interface=org.freedesktop.DBus; member=NameOwnerChanged
   string ":1.51"
   string ""
   string ":1.51"
signal time=1788729160.083956 sender=org.freedesktop.DBus -> destination=:1.51 serial=2 path=/org/freedesktop/DBus; interface=org.freedesktop.DBus; member=NameAcquired
   string ":1.51"
signal time=1788729160.085190 sender=org.freedesktop.DBus -> destination=:1.51 serial=3 path=/org/freedesktop/DBus; interface=org.freedesktop.DBus; member=NameLost
   string ":1.51"
signal time=1788729160.085200 sender=org.freedesktop.DBus -> destination=(null destination) serial=102 path=/org/freedesktop/DBus; interface=org.freedesktop.DBus; member=NameOwnerChanged
   string ":1.51"
   string ":1.51"
   string ""
signal time=1788729160.085286 sender=:1.2 -> destination=(null destination) serial=62 path=/org/a11y/atspi/registry; interface=org.a11y.atspi.Registry; member=EventListenerDeregistered
   string ":1.51"
   string ""
signal time=1788729160.089041 sender=org.freedesktop.DBus -> destination=(null destination) serial=103 path=/org/freedesktop/DBus; interface=org.freedesktop.DBus; member=NameOwnerChanged
   string ":1.52"
   string ""
   string ":1.52"
signal time=1788729160.089062 sender=org.freedesktop.DBus -> destination=:1.52 serial=2 path=/org/freedesktop/DBus; interface=org.freedesktop.DBus; member=NameAcquired
   string ":1.52"
signal time=1788729160.090715 sender=org.freedesktop.DBus -> destination=:1.52 serial=3 path=/org/freedesktop/DBus; interface=org.freedesktop.DBus; member=NameLost
   string ":1.52"
signal time=1788729160.090756 sender=org.freedesktop.DBus -> destination=(null destination) serial=104 path=/org/freedesktop/DBus; interface=org.freedesktop.DBus; member=NameOwnerChanged
   string ":1.52"
   string ":1.52"
   string ""
signal time=1788729160.090806 sender=:1.2 -> destination=(null destination) serial=63 path=/org/a11y/atspi/registry; interface=org.a11y.atspi.Registry; member=EventListenerDeregistered
   string ":1.52"
   string ""
signal time=1788729160.094863 sender=org.freedesktop.DBus -> destination=(null destination) serial=105 path=/org/freedesktop/DBus; interface=org.freedesktop.DBus; member=NameOwnerChanged
   string ":1.53"
   string ""
   string ":1.53"
signal time=1788729160.094886 sender=org.freedesktop.DBus -> destination=:1.53 serial=2 path=/org/freedesktop/DBus; interface=org.freedesktop.DBus; member=NameAcquired
   string ":1.53"
signal time=1788729160.096263 sender=org.freedesktop.DBus -> destination=:1.53 serial=3 path=/org/freedesktop/DBus; interface=org.freedesktop.DBus; member=NameLost
   string ":1.53"
signal time=1788729160.096273 sender=org.freedesktop.DBus -> destination=(null destination) serial=106 path=/org/freedesktop/DBus; interface=org.freedesktop.DBus; member=NameOwnerChanged
   string ":1.53"
   string ":1.53"
   string ""
signal time=1788729160.096361 sender=:1.2 -> destination=(null destination) serial=64 path=/org/a11y/atspi/registry; interface=org.a11y.atspi.Registry; member=EventListenerDeregistered
   string ":1.53"
   string ""
signal time=1788729160.100098 sender=org.freedesktop.DBus -> destination=(null destination) serial=107 path=/org/freedesktop/DBus; interface=org.freedesktop.DBus; member=NameOwnerChanged
   string ":1.54"
   string ""
   string ":1.54"
signal time=1788729160.100118 sender=org.freedesktop.DBus -> destination=:1.54 serial=2 path=/org/freedesktop/DBus; interface=org.freedesktop.DBus; member=NameAcquired
   string ":1.54"
signal time=1788729160.101360 sender=org.freedesktop.DBus -> destination=:1.54 serial=3 path=/org/freedesktop/DBus; interface=org.freedesktop.DBus; member=NameLost
   string ":1.54"
signal time=1788729160.101387 sender=org.freedesktop.DBus -> destination=(null destination) serial=108 path=/org/freedesktop/DBus; interface=org.freedesktop.DBus; member=NameOwnerChanged
   string ":1.54"
   string ":1.54"
   string ""
signal time=1788729160.101483 sender=:1.2 -> destination=(null destination) serial=65 path=/org/a11y/atspi/registry; interface=org.a11y.atspi.Registry; member=EventListenerDeregistered
   string ":1.54"
   string ""
signal time=1788729160.106666 sender=org.freedesktop.DBus -> destination=(null destination) serial=109 path=/org/freedesktop/DBus; interface=org.freedesktop.DBus; member=NameOwnerChanged
   string ":1.55"
   string ""
   string ":1.55"
signal time=1788729160.106689 sender=org.freedesktop.DBus -> destination=:1.55 serial=2 path=/org/freedesktop/DBus; interface=org.freedesktop.DBus; member=NameAcquired
   string ":1.55"
signal time=1788729160.108406 sender=org.freedesktop.DBus -> destination=:1.55 serial=3 path=/org/freedesktop/DBus; interface=org.freedesktop.DBus; member=NameLost
   string ":1.55"
signal time=1788729160.108418 sender=org.freedesktop.DBus -> destination=(null destination) serial=110 path=/org/freedesktop/DBus; interface=org.freedesktop.DBus; member=NameOwnerChanged
   string ":1.55"
   string ":1.55"
   string ""
signal time=1788729160.108484 sender=:1.2 -> destination=(null destination) serial=66 path=/org/a11y/atspi/registry; interface=org.a11y.atspi.Registry; member=EventListenerDeregistered
   string ":1.55"
   string ""
signal time=1788729160.112508 sender=org.freedesktop.DBus -> destination=(null destination) serial=111 path=/org/freedesktop/DBus; interface=org.freedesktop.DBus; member=NameOwnerChanged
   string ":1.56"
   string ""
   string ":1.56"
signal time=1788729160.112530 sender=org.freedesktop.DBus -> destination=:1.56 serial=2 path=/org/freedesktop/DBus; interface=org.freedesktop.DBus; member=NameAcquired
   string ":1.56"
signal time=1788729160.113644 sender=org.freedesktop.DBus -> destination=:1.56 serial=3 path=/org/freedesktop/DBus; interface=org.freedesktop.DBus; member=NameLost
   string ":1.56"
signal time=1788729160.113705 sender=org.freedesktop.DBus -> destination=(null destination) serial=112 path=/org/freedesktop/DBus; interface=org.freedesktop.DBus; member=NameOwnerChanged
   string ":1.56"
   string ":1.56"
   string ""
signal time=1788729160.113742 sender=:1.2 -> destination=(null destination) serial=67 path=/org/a11y/atspi/registry; interface=org.a11y.atspi.Registry; member=EventListenerDeregistered
   string ":1.56"
   string ""
signal time=1788729160.117424 sender=org.freedesktop.DBus -> destination=(null destination) serial=113 path=/org/freedesktop/DBus; interface=org.freedesktop.DBus; member=NameOwnerChanged
   string ":1.57"
   string ""
   string ":1.57"
signal time=1788729160.117443 sender=org.freedesktop.DBus -> destination=:1.57 serial=2 path=/org/freedesktop/DBus; interface=org.freedesktop.DBus; member=NameAcquired
   string ":1.57"
signal time=1788729160.118858 sender=org.freedesktop.DBus -> destination=:1.57 serial=3 path=/org/freedesktop/DBus; interface=org.freedesktop.DBus; member=NameLost
   string ":1.57"
signal time=1788729160.118874 sender=org.freedesktop.DBus -> destination=(null destination) serial=114 path=/org/freedesktop/DBus; interface=org.freedesktop.DBus; member=NameOwnerChanged
   string ":1.57"
   string ":1.57"
   string ""
signal time=1788729160.119108 sender=:1.2 -> destination=(null destination) serial=68 path=/org/a11y/atspi/registry; interface=org.a11y.atspi.Registry; member=EventListenerDeregistered
   string ":1.57"
   string ""
signal time=1788729160.123225 sender=org.freedesktop.DBus -> destination=(null destination) serial=115 path=/org/freedesktop/DBus; interface=org.freedesktop.DBus; member=NameOwnerChanged
   string ":1.58"
   string ""
   string ":1.58"
signal time=1788729160.123250 sender=org.freedesktop.DBus -> destination=:1.58 serial=2 path=/org/freedesktop/DBus; interface=org.freedesktop.DBus; member=NameAcquired
   string ":1.58"
signal time=1788729160.124884 sender=org.freedesktop.DBus -> destination=:1.58 serial=3 path=/org/freedesktop/DBus; interface=org.freedesktop.DBus; member=NameLost
   string ":1.58"
signal time=1788729160.124900 sender=org.freedesktop.DBus -> destination=(null destination) serial=116 path=/org/freedesktop/DBus; interface=org.freedesktop.DBus; member=NameOwnerChanged
   string ":1.58"
   string ":1.58"
   string ""
signal time=1788729160.125028 sender=:1.2 -> destination=(null destination) serial=69 path=/org/a11y/atspi/registry; interface=org.a11y.atspi.Registry; member=EventListenerDeregistered
   string ":1.58"
   string ""
signal time=1788729160.129232 sender=org.freedesktop.DBus -> destination=(null destination) serial=117 path=/org/freedesktop/DBus; interface=org.freedesktop.DBus; member=NameOwnerChanged
   string ":1.59"
   string ""
   string ":1.59"
signal time=1788729160.129256 sender=org.freedesktop.DBus -> destination=:1.59 serial=2 path=/org/freedesktop/DBus; interface=org.freedesktop.DBus; member=NameAcquired
   string ":1.59"
signal time=1788729160.130886 sender=org.freedesktop.DBus -> destination=:1.59 serial=3 path=/org/freedesktop/DBus; interface=org.freedesktop.DBus; member=NameLost
   string ":1.59"
signal time=1788729160.130903 sender=org.freedesktop.DBus -> destination=(null destination) serial=118 path=/org/freedesktop/DBus; interface=org.freedesktop.DBus; member=NameOwnerChanged
   string ":1.59"
   string ":1.59"
   string ""
signal time=1788729160.131032 sender=:1.2 -> destination=(null destination) serial=70 path=/org/a11y/atspi/registry; interface=org.a11y.atspi.Registry; member=EventListenerDeregistered
   string ":1.59"
   string ""
signal time=1788729160.135122 sender=org.freedesktop.DBus -> destination=(null destination) serial=119 path=/org/freedesktop/DBus; interface=org.freedesktop.DBus; member=NameOwnerChanged
   string ":1.60"
   string ""
   string ":1.60"
signal time=1788729160.135147 sender=org.freedesktop.DBus -> destination=:1.60 serial=2 path=/org/freedesktop/DBus; interface=org.freedesktop.DBus; member=NameAcquired
   string ":1.60"
signal time=1788729160.136434 sender=org.freedesktop.DBus -> destination=:1.60 serial=3 path=/org/freedesktop/DBus; interface=org.freedesktop.DBus; member=NameLost
   string ":1.60"
signal time=1788729160.136455 sender=org.freedesktop.DBus -> destination=(null destination) serial=120 path=/org/freedesktop/DBus; interface=org.freedesktop.DBus; member=NameOwnerChanged
   string ":1.60"
   string ":1.60"
   string ""
signal time=1788729160.136506 sender=:1.2 -> destination=(null destination) serial=71 path=/org/a11y/atspi/registry; interface=org.a11y.atspi.Registry; member=EventListenerDeregistered
   string ":1.60"
   string ""
signal time=1788729160.141762 sender=org.freedesktop.DBus -> destination=(null destination) serial=121 path=/org/freedesktop/DBus; interface=org.freedesktop.DBus; member=NameOwnerChanged
   string ":1.61"
   string ""
   string ":1.61"
signal time=1788729160.141796 sender=org.freedesktop.DBus -> destination=:1.61 serial=2 path=/org/freedesktop/DBus; interface=org.freedesktop.DBus; member=NameAcquired
   string ":1.61"
signal time=1788729160.143454 sender=org.freedesktop.DBus -> destination=:1.61 serial=3 path=/org/freedesktop/DBus; interface=org.freedesktop.DBus; member=NameLost
   string ":1.61"
signal time=1788729160.143465 sender=org.freedesktop.DBus -> destination=(null destination) serial=122 path=/org/freedesktop/DBus; interface=org.freedesktop.DBus; member=NameOwnerChanged
   string ":1.61"
   string ":1.61"
   string ""
signal time=1788729160.143565 sender=:1.2 -> destination=(null destination) serial=72 path=/org/a11y/atspi/registry; interface=org.a11y.atspi.Registry; member=EventListenerDeregistered
   string ":1.61"
   string ""
signal time=1788729160.147543 sender=org.freedesktop.DBus -> destination=(null destination) serial=123 path=/org/freedesktop/DBus; interface=org.freedesktop.DBus; member=NameOwnerChanged
   string ":1.62"
   string ""
   string ":1.62"
signal time=1788729160.147563 sender=org.freedesktop.DBus -> destination=:1.62 serial=2 path=/org/freedesktop/DBus; interface=org.freedesktop.DBus; member=NameAcquired
   string ":1.62"
signal time=1788729160.149139 sender=org.freedesktop.DBus -> destination=:1.62 serial=3 path=/org/freedesktop/DBus; interface=org.freedesktop.DBus; member=NameLost
   string ":1.62"
signal time=1788729160.149150 sender=org.freedesktop.DBus -> destination=(null destination) serial=124 path=/org/freedesktop/DBus; interface=org.freedesktop.DBus; member=NameOwnerChanged
   string ":1.62"
   string ":1.62"
   string ""
signal time=1788729160.149262 sender=:1.2 -> destination=(null destination) serial=73 path=/org/a11y/atspi/registry; interface=org.a11y.atspi.Registry; member=EventListenerDeregistered
   string ":1.62"
   string ""
signal time=1788729160.152974 sender=org.freedesktop.DBus -> destination=(null destination) serial=125 path=/org/freedesktop/DBus; interface=org.freedesktop.DBus; member=NameOwnerChanged
   string ":1.63"
   string ""
   string ":1.63"
signal time=1788729160.152993 sender=org.freedesktop.DBus -> destination=:1.63 serial=2 path=/org/freedesktop/DBus; interface=org.freedesktop.DBus; member=NameAcquired
   string ":1.63"
signal time=1788729160.154443 sender=org.freedesktop.DBus -> destination=:1.63 serial=3 path=/org/freedesktop/DBus; interface=org.freedesktop.DBus; member=NameLost
   string ":1.63"
signal time=1788729160.154463 sender=org.freedesktop.DBus -> destination=(null destination) serial=126 path=/org/freedesktop/DBus; interface=org.freedesktop.DBus; member=NameOwnerChanged
   string ":1.63"
   string ":1.63"
   string ""
signal time=1788729160.154541 sender=:1.2 -> destination=(null destination) serial=74 path=/org/a11y/atspi/registry; interface=org.a11y.atspi.Registry; member=EventListenerDeregistered
   string ":1.63"
   string ""
signal time=1788729160.158921 sender=org.freedesktop.DBus -> destination=(null destination) serial=127 path=/org/freedesktop/DBus; interface=org.freedesktop.DBus; member=NameOwnerChanged
   string ":1.64"
   string ""
   string ":1.64"
signal time=1788729160.158947 sender=org.freedesktop.DBus -> destination=:1.64 serial=2 path=/org/freedesktop/DBus; interface=org.freedesktop.DBus; member=NameAcquired
   string ":1.64"
signal time=1788729160.160680 sender=org.freedesktop.DBus -> destination=:1.64 serial=3 path=/org/freedesktop/DBus; interface=org.freedesktop.DBus; member=NameLost
   string ":1.64"
signal time=1788729160.160695 sender=org.freedesktop.DBus -> destination=(null destination) serial=128 path=/org/freedesktop/DBus; interface=org.freedesktop.DBus; member=NameOwnerChanged
   string ":1.64"
   string ":1.64"
   string ""
signal time=1788729160.160729 sender=:1.2 -> destination=(null destination) serial=75 path=/org/a11y/atspi/registry; interface=org.a11y.atspi.Registry; member=EventListenerDeregistered
   string ":1.64"
   string ""
signal time=1788729160.164940 sender=org.freedesktop.DBus -> destination=(null destination) serial=129 path=/org/freedesktop/DBus; interface=org.freedesktop.DBus; member=NameOwnerChanged
   string ":1.65"
   string ""
   string ":1.65"
signal time=1788729160.164964 sender=org.freedesktop.DBus -> destination=:1.65 serial=2 path=/org/freedesktop/DBus; interface=org.freedesktop.DBus; member=NameAcquired
   string ":1.65"
signal time=1788729160.166610 sender=org.freedesktop.DBus -> destination=:1.65 serial=3 path=/org/freedesktop/DBus; interface=org.freedesktop.DBus; member=NameLost
   string ":1.65"
signal time=1788729160.166630 sender=org.freedesktop.DBus -> destination=(null destination) serial=130 path=/org/freedesktop/DBus; interface=org.freedesktop.DBus; member=NameOwnerChanged
   string ":1.65"
   string ":1.65"
   string ""
signal time=1788729160.166721 sender=:1.2 -> destination=(null destination) serial=76 path=/org/a11y/atspi/registry; interface=org.a11y.atspi.Registry; member=EventListenerDeregistered
   string ":1.65"
   string ""
signal time=1788729160.171464 sender=org.freedesktop.DBus -> destination=(null destination) serial=131 path=/org/freedesktop/DBus; interface=org.freedesktop.DBus; member=NameOwnerChanged
   string ":1.66"
   string ""
   string ":1.66"
signal time=1788729160.171500 sender=org.freedesktop.DBus -> destination=:1.66 serial=2 path=/org/freedesktop/DBus; interface=org.freedesktop.DBus; member=NameAcquired
   string ":1.66"
signal time=1788729160.173414 sender=org.freedesktop.DBus -> destination=:1.66 serial=3 path=/org/freedesktop/DBus; interface=org.freedesktop.DBus; member=NameLost
   string ":1.66"
signal time=1788729160.173435 sender=org.freedesktop.DBus -> destination=(null destination) serial=132 path=/org/freedesktop/DBus; interface=org.freedesktop.DBus; member=NameOwnerChanged
   string ":1.66"
   string ":1.66"
   string ""
signal time=1788729160.173538 sender=:1.2 -> destination=(null destination) serial=77 path=/org/a11y/atspi/registry; interface=org.a11y.atspi.Registry; member=EventListenerDeregistered
   string ":1.66"
   string ""
signal time=1788729160.178664 sender=org.freedesktop.DBus -> destination=(null destination) serial=133 path=/org/freedesktop/DBus; interface=org.freedesktop.DBus; member=NameOwnerChanged
   string ":1.67"
   string ""
   string ":1.67"
signal time=1788729160.178684 sender=org.freedesktop.DBus -> destination=:1.67 serial=2 path=/org/freedesktop/DBus; interface=org.freedesktop.DBus; member=NameAcquired
   string ":1.67"
signal time=1788729160.180118 sender=org.freedesktop.DBus -> destination=:1.67 serial=3 path=/org/freedesktop/DBus; interface=org.freedesktop.DBus; member=NameLost
   string ":1.67"
signal time=1788729160.180127 sender=org.freedesktop.DBus -> destination=(null destination) serial=134 path=/org/freedesktop/DBus; interface=org.freedesktop.DBus; member=NameOwnerChanged
   string ":1.67"
   string ":1.67"
   string ""
signal time=1788729160.180264 sender=:1.2 -> destination=(null destination) serial=78 path=/org/a11y/atspi/registry; interface=org.a11y.atspi.Registry; member=EventListenerDeregistered
   string ":1.67"
   string ""
signal time=1788729160.184610 sender=org.freedesktop.DBus -> destination=(null destination) serial=135 path=/org/freedesktop/DBus; interface=org.freedesktop.DBus; member=NameOwnerChanged
   string ":1.68"
   string ""
   string ":1.68"
signal time=1788729160.184637 sender=org.freedesktop.DBus -> destination=:1.68 serial=2 path=/org/freedesktop/DBus; interface=org.freedesktop.DBus; member=NameAcquired
   string ":1.68"
signal time=1788729160.185699 sender=org.freedesktop.DBus -> destination=:1.68 serial=3 path=/org/freedesktop/DBus; interface=org.freedesktop.DBus; member=NameLost
   string ":1.68"
signal time=1788729160.185713 sender=org.freedesktop.DBus -> destination=(null destination) serial=136 path=/org/freedesktop/DBus; interface=org.freedesktop.DBus; member=NameOwnerChanged
   string ":1.68"
   string ":1.68"
   string ""
signal time=1788729160.185788 sender=:1.2 -> destination=(null destination) serial=79 path=/org/a11y/atspi/registry; interface=org.a11y.atspi.Registry; member=EventListenerDeregistered
   string ":1.68"
   string ""
signal time=1788729160.190385 sender=org.freedesktop.DBus -> destination=(null destination) serial=137 path=/org/freedesktop/DBus; interface=org.freedesktop.DBus; member=NameOwnerChanged
   string ":1.69"
   string ""
   string ":1.69"
signal time=1788729160.190410 sender=org.freedesktop.DBus -> destination=:1.69 serial=2 path=/org/freedesktop/DBus; interface=org.freedesktop.DBus; member=NameAcquired
   string ":1.69"
signal time=1788729160.192332 sender=org.freedesktop.DBus -> destination=:1.69 serial=3 path=/org/freedesktop/DBus; interface=org.freedesktop.DBus; member=NameLost
   string ":1.69"
signal time=1788729160.192352 sender=org.freedesktop.DBus -> destination=(null destination) serial=138 path=/org/freedesktop/DBus; interface=org.freedesktop.DBus; member=NameOwnerChanged
   string ":1.69"
   string ":1.69"
   string ""
signal time=1788729160.192457 sender=:1.2 -> destination=(null destination) serial=80 path=/org/a11y/atspi/registry; interface=org.a11y.atspi.Registry; member=EventListenerDeregistered
   string ":1.69"
   string ""
signal time=1788729160.196785 sender=org.freedesktop.DBus -> destination=(null destination) serial=139 path=/org/freedesktop/DBus; interface=org.freedesktop.DBus; member=NameOwnerChanged
   string ":1.70"
   string ""
   string ":1.70"
signal time=1788729160.196810 sender=org.freedesktop.DBus -> destination=:1.70 serial=2 path=/org/freedesktop/DBus; interface=org.freedesktop.DBus; member=NameAcquired
   string ":1.70"
signal time=1788729160.198234 sender=org.freedesktop.DBus -> destination=:1.70 serial=3 path=/org/freedesktop/DBus; interface=org.freedesktop.DBus; member=NameLost
   string ":1.70"
signal time=1788729160.198248 sender=org.freedesktop.DBus -> destination=(null destination) serial=140 path=/org/freedesktop/DBus; interface=org.freedesktop.DBus; member=NameOwnerChanged
   string ":1.70"
   string ":1.70"
   string ""
signal time=1788729160.198364 sender=:1.2 -> destination=(null destination) serial=81 path=/org/a11y/atspi/registry; interface=org.a11y.atspi.Registry; member=EventListenerDeregistered
   string ":1.70"
   string ""
signal time=1788729160.202640 sender=org.freedesktop.DBus -> destination=(null destination) serial=141 path=/org/freedesktop/DBus; interface=org.freedesktop.DBus; member=NameOwnerChanged
   string ":1.71"
   string ""
   string ":1.71"
signal time=1788729160.202678 sender=org.freedesktop.DBus -> destination=:1.71 serial=2 path=/org/freedesktop/DBus; interface=org.freedesktop.DBus; member=NameAcquired
   string ":1.71"
signal time=1788729160.204146 sender=org.freedesktop.DBus -> destination=:1.71 serial=3 path=/org/freedesktop/DBus; interface=org.freedesktop.DBus; member=NameLost
   string ":1.71"
signal time=1788729160.204167 sender=org.freedesktop.DBus -> destination=(null destination) serial=142 path=/org/freedesktop/DBus; interface=org.freedesktop.DBus; member=NameOwnerChanged
   string ":1.71"
   string ":1.71"
   string ""
signal time=1788729160.204271 sender=:1.2 -> destination=(null destination) serial=82 path=/org/a11y/atspi/registry; interface=org.a11y.atspi.Registry; member=EventListenerDeregistered
   string ":1.71"
   string ""
signal time=1788729160.209311 sender=org.freedesktop.DBus -> destination=(null destination) serial=143 path=/org/freedesktop/DBus; interface=org.freedesktop.DBus; member=NameOwnerChanged
   string ":1.72"
   string ""
   string ":1.72"
signal time=1788729160.209341 sender=org.freedesktop.DBus -> destination=:1.72 serial=2 path=/org/freedesktop/DBus; interface=org.freedesktop.DBus; member=NameAcquired
   string ":1.72"
signal time=1788729160.211060 sender=org.freedesktop.DBus -> destination=:1.72 serial=3 path=/org/freedesktop/DBus; interface=org.freedesktop.DBus; member=NameLost
   string ":1.72"
signal time=1788729160.211074 sender=org.freedesktop.DBus -> destination=(null destination) serial=144 path=/org/freedesktop/DBus; interface=org.freedesktop.DBus; member=NameOwnerChanged
   string ":1.72"
   string ":1.72"
   string ""
signal time=1788729160.211202 sender=:1.2 -> destination=(null destination) serial=83 path=/org/a11y/atspi/registry; interface=org.a11y.atspi.Registry; member=EventListenerDeregistered
   string ":1.72"
   string ""
signal time=1788729160.215427 sender=org.freedesktop.DBus -> destination=(null destination) serial=145 path=/org/freedesktop/DBus; interface=org.freedesktop.DBus; member=NameOwnerChanged
   string ":1.73"
   string ""
   string ":1.73"
signal time=1788729160.215447 sender=org.freedesktop.DBus -> destination=:1.73 serial=2 path=/org/freedesktop/DBus; interface=org.freedesktop.DBus; member=NameAcquired
   string ":1.73"
signal time=1788729160.216929 sender=org.freedesktop.DBus -> destination=:1.73 serial=3 path=/org/freedesktop/DBus; interface=org.freedesktop.DBus; member=NameLost
   string ":1.73"
signal time=1788729160.216938 sender=org.freedesktop.DBus -> destination=(null destination) serial=146 path=/org/freedesktop/DBus; interface=org.freedesktop.DBus; member=NameOwnerChanged
   string ":1.73"
   string ":1.73"
   string ""
signal time=1788729160.217062 sender=:1.2 -> destination=(null destination) serial=84 path=/org/a11y/atspi/registry; interface=org.a11y.atspi.Registry; member=EventListenerDeregistered
   string ":1.73"
   string ""
signal time=1788729160.221403 sender=org.freedesktop.DBus -> destination=(null destination) serial=147 path=/org/freedesktop/DBus; interface=org.freedesktop.DBus; member=NameOwnerChanged
   string ":1.74"
   string ""
   string ":1.74"
signal time=1788729160.221426 sender=org.freedesktop.DBus -> destination=:1.74 serial=2 path=/org/freedesktop/DBus; interface=org.freedesktop.DBus; member=NameAcquired
   string ":1.74"
signal time=1788729160.222757 sender=org.freedesktop.DBus -> destination=:1.74 serial=3 path=/org/freedesktop/DBus; interface=org.freedesktop.DBus; member=NameLost
   string ":1.74"
signal time=1788729160.222780 sender=org.freedesktop.DBus -> destination=(null destination) serial=148 path=/org/freedesktop/DBus; interface=org.freedesktop.DBus; member=NameOwnerChanged
   string ":1.74"
   string ":1.74"
   string ""
signal time=1788729160.222907 sender=:1.2 -> destination=(null destination) serial=85 path=/org/a11y/atspi/registry; interface=org.a11y.atspi.Registry; member=EventListenerDeregistered
   string ":1.74"
   string ""
signal time=1788729160.227652 sender=org.freedesktop.DBus -> destination=(null destination) serial=149 path=/org/freedesktop/DBus; interface=org.freedesktop.DBus; member=NameOwnerChanged
   string ":1.75"
   string ""
   string ":1.75"
signal time=1788729160.227676 sender=org.freedesktop.DBus -> destination=:1.75 serial=2 path=/org/freedesktop/DBus; interface=org.freedesktop.DBus; member=NameAcquired
   string ":1.75"
signal time=1788729160.229457 sender=org.freedesktop.DBus -> destination=:1.75 serial=3 path=/org/freedesktop/DBus; interface=org.freedesktop.DBus; member=NameLost
   string ":1.75"
signal time=1788729160.229471 sender=org.freedesktop.DBus -> destination=(null destination) serial=150 path=/org/freedesktop/DBus; interface=org.freedesktop.DBus; member=NameOwnerChanged
   string ":1.75"
   string ":1.75"
   string ""
signal time=1788729160.229539 sender=:1.2 -> destination=(null destination) serial=86 path=/org/a11y/atspi/registry; interface=org.a11y.atspi.Registry; member=EventListenerDeregistered
   string ":1.75"
   string ""
signal time=1788729160.233445 sender=org.freedesktop.DBus -> destination=(null destination) serial=151 path=/org/freedesktop/DBus; interface=org.freedesktop.DBus; member=NameOwnerChanged
   string ":1.76"
   string ""
   string ":1.76"
signal time=1788729160.233465 sender=org.freedesktop.DBus -> destination=:1.76 serial=2 path=/org/freedesktop/DBus; interface=org.freedesktop.DBus; member=NameAcquired
   string ":1.76"
signal time=1788729160.235025 sender=org.freedesktop.DBus -> destination=:1.76 serial=3 path=/org/freedesktop/DBus; interface=org.freedesktop.DBus; member=NameLost
   string ":1.76"
signal time=1788729160.235042 sender=org.freedesktop.DBus -> destination=(null destination) serial=152 path=/org/freedesktop/DBus; interface=org.freedesktop.DBus; member=NameOwnerChanged
   string ":1.76"
   string ":1.76"
   string ""
signal time=1788729160.235167 sender=:1.2 -> destination=(null destination) serial=87 path=/org/a11y/atspi/registry; interface=org.a11y.atspi.Registry; member=EventListenerDeregistered
   string ":1.76"
   string ""
signal time=1788729160.240785 sender=org.freedesktop.DBus -> destination=(null destination) serial=153 path=/org/freedesktop/DBus; interface=org.freedesktop.DBus; member=NameOwnerChanged
   string ":1.77"
   string ""
   string ":1.77"
signal time=1788729160.240810 sender=org.freedesktop.DBus -> destination=:1.77 serial=2 path=/org/freedesktop/DBus; interface=org.freedesktop.DBus; member=NameAcquired
   string ":1.77"
signal time=1788729160.242404 sender=org.freedesktop.DBus -> destination=:1.77 serial=3 path=/org/freedesktop/DBus; interface=org.freedesktop.DBus; member=NameLost
   string ":1.77"
signal time=1788729160.242418 sender=org.freedesktop.DBus -> destination=(null destination) serial=154 path=/org/freedesktop/DBus; interface=org.freedesktop.DBus; member=NameOwnerChanged
   string ":1.77"
   string ":1.77"
   string ""
signal time=1788729160.242533 sender=:1.2 -> destination=(null destination) serial=88 path=/org/a11y/atspi/registry; interface=org.a11y.atspi.Registry; member=EventListenerDeregistered
   string ":1.77"
   string ""
signal time=1788729160.246505 sender=org.freedesktop.DBus -> destination=(null destination) serial=155 path=/org/freedesktop/DBus; interface=org.freedesktop.DBus; member=NameOwnerChanged
   string ":1.78"
   string ""
   string ":1.78"
signal time=1788729160.246530 sender=org.freedesktop.DBus -> destination=:1.78 serial=2 path=/org/freedesktop/DBus; interface=org.freedesktop.DBus; member=NameAcquired
   string ":1.78"
signal time=1788729160.248383 sender=org.freedesktop.DBus -> destination=:1.78 serial=3 path=/org/freedesktop/DBus; interface=org.freedesktop.DBus; member=NameLost
   string ":1.78"
signal time=1788729160.248394 sender=org.freedesktop.DBus -> destination=(null destination) serial=156 path=/org/freedesktop/DBus; interface=org.freedesktop.DBus; member=NameOwnerChanged
   string ":1.78"
   string ":1.78"
   string ""
signal time=1788729160.248486 sender=:1.2 -> destination=(null destination) serial=89 path=/org/a11y/atspi/registry; interface=org.a11y.atspi.Registry; member=EventListenerDeregistered
   string ":1.78"
   string ""
signal time=1788729160.252412 sender=org.freedesktop.DBus -> destination=(null destination) serial=157 path=/org/freedesktop/DBus; interface=org.freedesktop.DBus; member=NameOwnerChanged
   string ":1.79"
   string ""
   string ":1.79"
signal time=1788729160.252432 sender=org.freedesktop.DBus -> destination=:1.79 serial=2 path=/org/freedesktop/DBus; interface=org.freedesktop.DBus; member=NameAcquired
   string ":1.79"
signal time=1788729160.253693 sender=org.freedesktop.DBus -> destination=:1.79 serial=3 path=/org/freedesktop/DBus; interface=org.freedesktop.DBus; member=NameLost
   string ":1.79"
signal time=1788729160.253711 sender=org.freedesktop.DBus -> destination=(null destination) serial=158 path=/org/freedesktop/DBus; interface=org.freedesktop.DBus; member=NameOwnerChanged
   string ":1.79"
   string ":1.79"
   string ""
signal time=1788729160.253878 sender=:1.2 -> destination=(null destination) serial=90 path=/org/a11y/atspi/registry; interface=org.a11y.atspi.Registry; member=EventListenerDeregistered
   string ":1.79"
   string ""
signal time=1788729160.258632 sender=org.freedesktop.DBus -> destination=(null destination) serial=159 path=/org/freedesktop/DBus; interface=org.freedesktop.DBus; member=NameOwnerChanged
   string ":1.80"
   string ""
   string ":1.80"
signal time=1788729160.258667 sender=org.freedesktop.DBus -> destination=:1.80 serial=2 path=/org/freedesktop/DBus; interface=org.freedesktop.DBus; member=NameAcquired
   string ":1.80"
signal time=1788729160.259708 sender=org.freedesktop.DBus -> destination=:1.80 serial=3 path=/org/freedesktop/DBus; interface=org.freedesktop.DBus; member=NameLost
   string ":1.80"
signal time=1788729160.259731 sender=org.freedesktop.DBus -> destination=(null destination) serial=160 path=/org/freedesktop/DBus; interface=org.freedesktop.DBus; member=NameOwnerChanged
   string ":1.80"
   string ":1.80"
   string ""
signal time=1788729160.259834 sender=:1.2 -> destination=(null destination) serial=91 path=/org/a11y/atspi/registry; interface=org.a11y.atspi.Registry; member=EventListenerDeregistered
   string ":1.80"
   string ""
signal time=1788729160.264241 sender=org.freedesktop.DBus -> destination=(null destination) serial=161 path=/org/freedesktop/DBus; interface=org.freedesktop.DBus; member=NameOwnerChanged
   string ":1.81"
   string ""
   string ":1.81"
signal time=1788729160.264264 sender=org.freedesktop.DBus -> destination=:1.81 serial=2 path=/org/freedesktop/DBus; interface=org.freedesktop.DBus; member=NameAcquired
   string ":1.81"
signal time=1788729160.265948 sender=org.freedesktop.DBus -> destination=:1.81 serial=3 path=/org/freedesktop/DBus; interface=org.freedesktop.DBus; member=NameLost
   string ":1.81"
signal time=1788729160.265965 sender=org.freedesktop.DBus -> destination=(null destination) serial=162 path=/org/freedesktop/DBus; interface=org.freedesktop.DBus; member=NameOwnerChanged
   string ":1.81"
   string ":1.81"
   string ""
signal time=1788729160.266095 sender=:1.2 -> destination=(null destination) serial=92 path=/org/a11y/atspi/registry; interface=org.a11y.atspi.Registry; member=EventListenerDeregistered
   string ":1.81"
   string ""
signal time=1788729160.270232 sender=org.freedesktop.DBus -> destination=(null destination) serial=163 path=/org/freedesktop/DBus; interface=org.freedesktop.DBus; member=NameOwnerChanged
   string ":1.82"
   string ""
   string ":1.82"
signal time=1788729160.270264 sender=org.freedesktop.DBus -> destination=:1.82 serial=2 path=/org/freedesktop/DBus; interface=org.freedesktop.DBus; member=NameAcquired
   string ":1.82"
signal time=1788729160.272256 sender=org.freedesktop.DBus -> destination=:1.82 serial=3 path=/org/freedesktop/DBus; interface=org.freedesktop.DBus; member=NameLost
   string ":1.82"
signal time=1788729160.272272 sender=org.freedesktop.DBus -> destination=(null destination) serial=164 path=/org/freedesktop/DBus; interface=org.freedesktop.DBus; member=NameOwnerChanged
   string ":1.82"
   string ":1.82"
   string ""
signal time=1788729160.272377 sender=:1.2 -> destination=(null destination) serial=93 path=/org/a11y/atspi/registry; interface=org.a11y.atspi.Registry; member=EventListenerDeregistered
   string ":1.82"
   string ""
signal time=1788729160.277166 sender=org.freedesktop.DBus -> destination=(null destination) serial=165 path=/org/freedesktop/DBus; interface=org.freedesktop.DBus; member=NameOwnerChanged
   string ":1.83"
   string ""
   string ":1.83"
signal time=1788729160.277187 sender=org.freedesktop.DBus -> destination=:1.83 serial=2 path=/org/freedesktop/DBus; interface=org.freedesktop.DBus; member=NameAcquired
   string ":1.83"
signal time=1788729160.278485 sender=org.freedesktop.DBus -> destination=:1.83 serial=3 path=/org/freedesktop/DBus; interface=org.freedesktop.DBus; member=NameLost
   string ":1.83"
signal time=1788729160.278505 sender=org.freedesktop.DBus -> destination=(null destination) serial=166 path=/org/freedesktop/DBus; interface=org.freedesktop.DBus; member=NameOwnerChanged
   string ":1.83"
   string ":1.83"
   string ""
signal time=1788729160.278563 sender=:1.2 -> destination=(null destination) serial=94 path=/org/a11y/atspi/registry; interface=org.a11y.atspi.Registry; member=EventListenerDeregistered
   string ":1.83"
   string ""
signal time=1788729160.283155 sender=org.freedesktop.DBus -> destination=(null destination) serial=167 path=/org/freedesktop/DBus; interface=org.freedesktop.DBus; member=NameOwnerChanged
   string ":1.84"
   string ""
   string ":1.84"
signal time=1788729160.283186 sender=org.freedesktop.DBus -> destination=:1.84 serial=2 path=/org/freedesktop/DBus; interface=org.freedesktop.DBus; member=NameAcquired
   string ":1.84"
signal time=1788729160.284422 sender=org.freedesktop.DBus -> destination=:1.84 serial=3 path=/org/freedesktop/DBus; interface=org.freedesktop.DBus; member=NameLost
   string ":1.84"
signal time=1788729160.284434 sender=org.freedesktop.DBus -> destination=(null destination) serial=168 path=/org/freedesktop/DBus; interface=org.freedesktop.DBus; member=NameOwnerChanged
   string ":1.84"
   string ":1.84"
   string ""
signal time=1788729160.284561 sender=:1.2 -> destination=(null destination) serial=95 path=/org/a11y/atspi/registry; interface=org.a11y.atspi.Registry; member=EventListenerDeregistered
   string ":1.84"
   string ""
signal time=1788729160.289555 sender=org.freedesktop.DBus -> destination=(null destination) serial=169 path=/org/freedesktop/DBus; interface=org.freedesktop.DBus; member=NameOwnerChanged
   string ":1.85"
   string ""
   string ":1.85"
signal time=1788729160.289605 sender=org.freedesktop.DBus -> destination=:1.85 serial=2 path=/org/freedesktop/DBus; interface=org.freedesktop.DBus; member=NameAcquired
   string ":1.85"
signal time=1788729160.291369 sender=org.freedesktop.DBus -> destination=:1.85 serial=3 path=/org/freedesktop/DBus; interface=org.freedesktop.DBus; member=NameLost
   string ":1.85"
signal time=1788729160.291391 sender=org.freedesktop.DBus -> destination=(null destination) serial=170 path=/org/freedesktop/DBus; interface=org.freedesktop.DBus; member=NameOwnerChanged
   string ":1.85"
   string ":1.85"
   string ""
signal time=1788729160.291519 sender=:1.2 -> destination=(null destination) serial=96 path=/org/a11y/atspi/registry; interface=org.a11y.atspi.Registry; member=EventListenerDeregistered
   string ":1.85"
   string ""
signal time=1788729160.295931 sender=org.freedesktop.DBus -> destination=(null destination) serial=171 path=/org/freedesktop/DBus; interface=org.freedesktop.DBus; member=NameOwnerChanged
   string ":1.86"
   string ""
   string ":1.86"
signal time=1788729160.295960 sender=org.freedesktop.DBus -> destination=:1.86 serial=2 path=/org/freedesktop/DBus; interface=org.freedesktop.DBus; member=NameAcquired
   string ":1.86"
signal time=1788729160.297736 sender=org.freedesktop.DBus -> destination=:1.86 serial=3 path=/org/freedesktop/DBus; interface=org.freedesktop.DBus; member=NameLost
   string ":1.86"
signal time=1788729160.297754 sender=org.freedesktop.DBus -> destination=(null destination) serial=172 path=/org/freedesktop/DBus; interface=org.freedesktop.DBus; member=NameOwnerChanged
   string ":1.86"
   string ":1.86"
   string ""
signal time=1788729160.297762 sender=:1.2 -> destination=(null destination) serial=97 path=/org/a11y/atspi/registry; interface=org.a11y.atspi.Registry; member=EventListenerDeregistered
   string ":1.86"
   string ""
signal time=1788729160.301842 sender=org.freedesktop.DBus -> destination=(null destination) serial=173 path=/org/freedesktop/DBus; interface=org.freedesktop.DBus; member=NameOwnerChanged
   string ":1.87"
   string ""
   string ":1.87"
signal time=1788729160.301862 sender=org.freedesktop.DBus -> destination=:1.87 serial=2 path=/org/freedesktop/DBus; interface=org.freedesktop.DBus; member=NameAcquired
   string ":1.87"
signal time=1788729160.303478 sender=org.freedesktop.DBus -> destination=:1.87 serial=3 path=/org/freedesktop/DBus; interface=org.freedesktop.DBus; member=NameLost
   string ":1.87"
signal time=1788729160.303509 sender=org.freedesktop.DBus -> destination=(null destination) serial=174 path=/org/freedesktop/DBus; interface=org.freedesktop.DBus; member=NameOwnerChanged
   string ":1.87"
   string ":1.87"
   string ""
signal time=1788729160.303647 sender=:1.2 -> destination=(null destination) serial=98 path=/org/a11y/atspi/registry; interface=org.a11y.atspi.Registry; member=EventListenerDeregistered
   string ":1.87"
   string ""
signal time=1788729160.308766 sender=org.freedesktop.DBus -> destination=(null destination) serial=175 path=/org/freedesktop/DBus; interface=org.freedesktop.DBus; member=NameOwnerChanged
   string ":1.88"
   string ""
   string ":1.88"
signal time=1788729160.308789 sender=org.freedesktop.DBus -> destination=:1.88 serial=2 path=/org/freedesktop/DBus; interface=org.freedesktop.DBus; member=NameAcquired
   string ":1.88"
signal time=1788729160.310436 sender=org.freedesktop.DBus -> destination=:1.88 serial=3 path=/org/freedesktop/DBus; interface=org.freedesktop.DBus; member=NameLost
   string ":1.88"
signal time=1788729160.310451 sender=org.freedesktop.DBus -> destination=(null destination) serial=176 path=/org/freedesktop/DBus; interface=org.freedesktop.DBus; member=NameOwnerChanged
   string ":1.88"
   string ":1.88"
   string ""
signal time=1788729160.310572 sender=:1.2 -> destination=(null destination) serial=99 path=/org/a11y/atspi/registry; interface=org.a11y.atspi.Registry; member=EventListenerDeregistered
   string ":1.88"
   string ""
signal time=1788729160.314676 sender=org.freedesktop.DBus -> destination=(null destination) serial=177 path=/org/freedesktop/DBus; interface=org.freedesktop.DBus; member=NameOwnerChanged
   string ":1.89"
   string ""
   string ":1.89"
signal time=1788729160.314698 sender=org.freedesktop.DBus -> destination=:1.89 serial=2 path=/org/freedesktop/DBus; interface=org.freedesktop.DBus; member=NameAcquired
   string ":1.89"
signal time=1788729160.316179 sender=org.freedesktop.DBus -> destination=:1.89 serial=3 path=/org/freedesktop/DBus; interface=org.freedesktop.DBus; member=NameLost
   string ":1.89"
signal time=1788729160.316189 sender=org.freedesktop.DBus -> destination=(null destination) serial=178 path=/org/freedesktop/DBus; interface=org.freedesktop.DBus; member=NameOwnerChanged
   string ":1.89"
   string ":1.89"
   string ""
signal time=1788729160.316303 sender=:1.2 -> destination=(null destination) serial=100 path=/org/a11y/atspi/registry; interface=org.a11y.atspi.Registry; member=EventListenerDeregistered
   string ":1.89"
   string ""
signal time=1788729160.320521 sender=org.freedesktop.DBus -> destination=(null destination) serial=179 path=/org/freedesktop/DBus; interface=org.freedesktop.DBus; member=NameOwnerChanged
   string ":1.90"
   string ""
   string ":1.90"
signal time=1788729160.320550 sender=org.freedesktop.DBus -> destination=:1.90 serial=2 path=/org/freedesktop/DBus; interface=org.freedesktop.DBus; member=NameAcquired
   string ":1.90"
signal time=1788729160.322516 sender=org.freedesktop.DBus -> destination=:1.90 serial=3 path=/org/freedesktop/DBus; interface=org.freedesktop.DBus; member=NameLost
   string ":1.90"
signal time=1788729160.322539 sender=org.freedesktop.DBus -> destination=(null destination) serial=180 path=/org/freedesktop/DBus; interface=org.freedesktop.DBus; member=NameOwnerChanged
   string ":1.90"
   string ":1.90"
   string ""
signal time=1788729160.322637 sender=:1.2 -> destination=(null destination) serial=101 path=/org/a11y/atspi/registry; interface=org.a11y.atspi.Registry; member=EventListenerDeregistered
   string ":1.90"
   string ""
signal time=1788729160.326945 sender=org.freedesktop.DBus -> destination=(null destination) serial=181 path=/org/freedesktop/DBus; interface=org.freedesktop.DBus; member=NameOwnerChanged
   string ":1.91"
   string ""
   string ":1.91"
signal time=1788729160.326970 sender=org.freedesktop.DBus -> destination=:1.91 serial=2 path=/org/freedesktop/DBus; interface=org.freedesktop.DBus; member=NameAcquired
   string ":1.91"
signal time=1788729160.328299 sender=org.freedesktop.DBus -> destination=:1.91 serial=3 path=/org/freedesktop/DBus; interface=org.freedesktop.DBus; member=NameLost
   string ":1.91"
signal time=1788729160.328310 sender=org.freedesktop.DBus -> destination=(null destination) serial=182 path=/org/freedesktop/DBus; interface=org.freedesktop.DBus; member=NameOwnerChanged
   string ":1.91"
   string ":1.91"
   string ""
signal time=1788729160.328395 sender=:1.2 -> destination=(null destination) serial=102 path=/org/a11y/atspi/registry; interface=org.a11y.atspi.Registry; member=EventListenerDeregistered
   string ":1.91"
   string ""
signal time=1788729160.332813 sender=org.freedesktop.DBus -> destination=(null destination) serial=183 path=/org/freedesktop/DBus; interface=org.freedesktop.DBus; member=NameOwnerChanged
   string ":1.92"
   string ""
   string ":1.92"
signal time=1788729160.332842 sender=org.freedesktop.DBus -> destination=:1.92 serial=2 path=/org/freedesktop/DBus; interface=org.freedesktop.DBus; member=NameAcquired
   string ":1.92"
signal time=1788729160.334393 sender=org.freedesktop.DBus -> destination=:1.92 serial=3 path=/org/freedesktop/DBus; interface=org.freedesktop.DBus; member=NameLost
   string ":1.92"
signal time=1788729160.334409 sender=org.freedesktop.DBus -> destination=(null destination) serial=184 path=/org/freedesktop/DBus; interface=org.freedesktop.DBus; member=NameOwnerChanged
   string ":1.92"
   string ":1.92"
   string ""
signal time=1788729160.334513 sender=:1.2 -> destination=(null destination) serial=103 path=/org/a11y/atspi/registry; interface=org.a11y.atspi.Registry; member=EventListenerDeregistered
   string ":1.92"
   string ""
signal time=1788729160.339421 sender=org.freedesktop.DBus -> destination=(null destination) serial=185 path=/org/freedesktop/DBus; interface=org.freedesktop.DBus; member=NameOwnerChanged
   string ":1.93"
   string ""
   string ":1.93"
signal time=1788729160.339447 sender=org.freedesktop.DBus -> destination=:1.93 serial=2 path=/org/freedesktop/DBus; interface=org.freedesktop.DBus; member=NameAcquired
   string ":1.93"
signal time=1788729160.340797 sender=org.freedesktop.DBus -> destination=:1.93 serial=3 path=/org/freedesktop/DBus; interface=org.freedesktop.DBus; member=NameLost
   string ":1.93"
signal time=1788729160.340808 sender=org.freedesktop.DBus -> destination=(null destination) serial=186 path=/org/freedesktop/DBus; interface=org.freedesktop.DBus; member=NameOwnerChanged
   string ":1.93"
   string ":1.93"
   string ""
signal time=1788729160.340950 sender=:1.2 -> destination=(null destination) serial=104 path=/org/a11y/atspi/registry; interface=org.a11y.atspi.Registry; member=EventListenerDeregistered
   string ":1.93"
   string ""
signal time=1788729160.345215 sender=org.freedesktop.DBus -> destination=(null destination) serial=187 path=/org/freedesktop/DBus; interface=org.freedesktop.DBus; member=NameOwnerChanged
   string ":1.94"
   string ""
   string ":1.94"
signal time=1788729160.345244 sender=org.freedesktop.DBus -> destination=:1.94 serial=2 path=/org/freedesktop/DBus; interface=org.freedesktop.DBus; member=NameAcquired
   string ":1.94"
signal time=1788729160.346569 sender=org.freedesktop.DBus -> destination=:1.94 serial=3 path=/org/freedesktop/DBus; interface=org.freedesktop.DBus; member=NameLost
   string ":1.94"
signal time=1788729160.346583 sender=org.freedesktop.DBus -> destination=(null destination) serial=188 path=/org/freedesktop/DBus; interface=org.freedesktop.DBus; member=NameOwnerChanged
   string ":1.94"
   string ":1.94"
   string ""
signal time=1788729160.346696 sender=:1.2 -> destination=(null destination) serial=105 path=/org/a11y/atspi/registry; interface=org.a11y.atspi.Registry; member=EventListenerDeregistered
   string ":1.94"
   string ""
signal time=1788729160.350975 sender=org.freedesktop.DBus -> destination=(null destination) serial=189 path=/org/freedesktop/DBus; interface=org.freedesktop.DBus; member=NameOwnerChanged
   string ":1.95"
   string ""
   string ":1.95"
signal time=1788729160.350999 sender=org.freedesktop.DBus -> destination=:1.95 serial=2 path=/org/freedesktop/DBus; interface=org.freedesktop.DBus; member=NameAcquired
   string ":1.95"
signal time=1788729160.352580 sender=org.freedesktop.DBus -> destination=:1.95 serial=3 path=/org/freedesktop/DBus; interface=org.freedesktop.DBus; member=NameLost
   string ":1.95"
signal time=1788729160.352594 sender=org.freedesktop.DBus -> destination=(null destination) serial=190 path=/org/freedesktop/DBus; interface=org.freedesktop.DBus; member=NameOwnerChanged
   string ":1.95"
   string ":1.95"
   string ""
signal time=1788729160.352738 sender=:1.2 -> destination=(null destination) serial=106 path=/org/a11y/atspi/registry; interface=org.a11y.atspi.Registry; member=EventListenerDeregistered
   string ":1.95"
   string ""
signal time=1788729160.765494 sender=org.freedesktop.DBus -> destination=(null destination) serial=191 path=/org/freedesktop/DBus; interface=org.freedesktop.DBus; member=NameOwnerChanged
   string ":1.96"
   string ""
   string ":1.96"
signal time=1788729160.765517 sender=org.freedesktop.DBus -> destination=:1.96 serial=2 path=/org/freedesktop/DBus; interface=org.freedesktop.DBus; member=NameAcquired
   string ":1.96"
signal time=1788729160.767034 sender=org.freedesktop.DBus -> destination=:1.96 serial=3 path=/org/freedesktop/DBus; interface=org.freedesktop.DBus; member=NameLost
   string ":1.96"
signal time=1788729160.767083 sender=org.freedesktop.DBus -> destination=(null destination) serial=192 path=/org/freedesktop/DBus; interface=org.freedesktop.DBus; member=NameOwnerChanged
   string ":1.96"
   string ":1.96"
   string ""
signal time=1788729160.767223 sender=:1.2 -> destination=(null destination) serial=109 path=/org/a11y/atspi/registry; interface=org.a11y.atspi.Registry; member=EventListenerDeregistered
   string ":1.96"
   string ""
signal time=1788729160.771731 sender=org.freedesktop.DBus -> destination=(null destination) serial=193 path=/org/freedesktop/DBus; interface=org.freedesktop.DBus; member=NameOwnerChanged
   string ":1.97"
   string ""
   string ":1.97"
signal time=1788729160.771758 sender=org.freedesktop.DBus -> destination=:1.97 serial=2 path=/org/freedesktop/DBus; interface=org.freedesktop.DBus; member=NameAcquired
   string ":1.97"
signal time=1788729160.773312 sender=org.freedesktop.DBus -> destination=:1.97 serial=5 path=/org/freedesktop/DBus; interface=org.freedesktop.DBus; member=NameLost
   string ":1.97"
signal time=1788729160.773331 sender=org.freedesktop.DBus -> destination=(null destination) serial=194 path=/org/freedesktop/DBus; interface=org.freedesktop.DBus; member=NameOwnerChanged
   string ":1.97"
   string ":1.97"
   string ""
signal time=1788729160.773425 sender=:1.2 -> destination=(null destination) serial=110 path=/org/a11y/atspi/registry; interface=org.a11y.atspi.Registry; member=EventListenerDeregistered
   string ":1.97"
   string ""
signal time=1788729160.777522 sender=org.freedesktop.DBus -> destination=(null destination) serial=195 path=/org/freedesktop/DBus; interface=org.freedesktop.DBus; member=NameOwnerChanged
   string ":1.98"
   string ""
   string ":1.98"
signal time=1788729160.777548 sender=org.freedesktop.DBus -> destination=:1.98 serial=2 path=/org/freedesktop/DBus; interface=org.freedesktop.DBus; member=NameAcquired
   string ":1.98"
signal time=1788729160.778702 sender=org.freedesktop.DBus -> destination=:1.98 serial=3 path=/org/freedesktop/DBus; interface=org.freedesktop.DBus; member=NameLost
   string ":1.98"
signal time=1788729160.778714 sender=org.freedesktop.DBus -> destination=(null destination) serial=196 path=/org/freedesktop/DBus; interface=org.freedesktop.DBus; member=NameOwnerChanged
   string ":1.98"
   string ":1.98"
   string ""
signal time=1788729160.778841 sender=:1.2 -> destination=(null destination) serial=111 path=/org/a11y/atspi/registry; interface=org.a11y.atspi.Registry; member=EventListenerDeregistered
   string ":1.98"
   string ""
signal time=1788729160.782824 sender=org.freedesktop.DBus -> destination=(null destination) serial=197 path=/org/freedesktop/DBus; interface=org.freedesktop.DBus; member=NameOwnerChanged
   string ":1.99"
   string ""
   string ":1.99"
signal time=1788729160.782851 sender=org.freedesktop.DBus -> destination=:1.99 serial=2 path=/org/freedesktop/DBus; interface=org.freedesktop.DBus; member=NameAcquired
   string ":1.99"
signal time=1788729160.784450 sender=org.freedesktop.DBus -> destination=:1.99 serial=3 path=/org/freedesktop/DBus; interface=org.freedesktop.DBus; member=NameLost
   string ":1.99"
signal time=1788729160.784461 sender=org.freedesktop.DBus -> destination=(null destination) serial=198 path=/org/freedesktop/DBus; interface=org.freedesktop.DBus; member=NameOwnerChanged
   string ":1.99"
   string ":1.99"
   string ""
signal time=1788729160.784545 sender=:1.2 -> destination=(null destination) serial=112 path=/org/a11y/atspi/registry; interface=org.a11y.atspi.Registry; member=EventListenerDeregistered
   string ":1.99"
   string ""
signal time=1788729160.788711 sender=org.freedesktop.DBus -> destination=(null destination) serial=199 path=/org/freedesktop/DBus; interface=org.freedesktop.DBus; member=NameOwnerChanged
   string ":1.100"
   string ""
   string ":1.100"
signal time=1788729160.788751 sender=org.freedesktop.DBus -> destination=:1.100 serial=2 path=/org/freedesktop/DBus; interface=org.freedesktop.DBus; member=NameAcquired
   string ":1.100"
signal time=1788729160.790360 sender=org.freedesktop.DBus -> destination=:1.100 serial=3 path=/org/freedesktop/DBus; interface=org.freedesktop.DBus; member=NameLost
   string ":1.100"
signal time=1788729160.790401 sender=org.freedesktop.DBus -> destination=(null destination) serial=200 path=/org/freedesktop/DBus; interface=org.freedesktop.DBus; member=NameOwnerChanged
   string ":1.100"
   string ":1.100"
   string ""
signal time=1788729160.790517 sender=:1.2 -> destination=(null destination) serial=113 path=/org/a11y/atspi/registry; interface=org.a11y.atspi.Registry; member=EventListenerDeregistered
   string ":1.100"
   string ""
signal time=1788729160.794840 sender=org.freedesktop.DBus -> destination=(null destination) serial=201 path=/org/freedesktop/DBus; interface=org.freedesktop.DBus; member=NameOwnerChanged
   string ":1.101"
   string ""
   string ":1.101"
signal time=1788729160.794862 sender=org.freedesktop.DBus -> destination=:1.101 serial=2 path=/org/freedesktop/DBus; interface=org.freedesktop.DBus; member=NameAcquired
   string ":1.101"
signal time=1788729160.796109 sender=org.freedesktop.DBus -> destination=:1.101 serial=3 path=/org/freedesktop/DBus; interface=org.freedesktop.DBus; member=NameLost
   string ":1.101"
signal time=1788729160.796136 sender=org.freedesktop.DBus -> destination=(null destination) serial=202 path=/org/freedesktop/DBus; interface=org.freedesktop.DBus; member=NameOwnerChanged
   string ":1.101"
   string ":1.101"
   string ""
signal time=1788729160.796260 sender=:1.2 -> destination=(null destination) serial=114 path=/org/a11y/atspi/registry; interface=org.a11y.atspi.Registry; member=EventListenerDeregistered
   string ":1.101"
   string ""
signal time=1788729160.800544 sender=org.freedesktop.DBus -> destination=(null destination) serial=203 path=/org/freedesktop/DBus; interface=org.freedesktop.DBus; member=NameOwnerChanged
   string ":1.102"
   string ""
   string ":1.102"
signal time=1788729160.800568 sender=org.freedesktop.DBus -> destination=:1.102 serial=2 path=/org/freedesktop/DBus; interface=org.freedesktop.DBus; member=NameAcquired
   string ":1.102"
signal time=1788729160.801766 sender=org.freedesktop.DBus -> destination=:1.102 serial=3 path=/org/freedesktop/DBus; interface=org.freedesktop.DBus; member=NameLost
   string ":1.102"
signal time=1788729160.801779 sender=org.freedesktop.DBus -> destination=(null destination) serial=204 path=/org/freedesktop/DBus; interface=org.freedesktop.DBus; member=NameOwnerChanged
   string ":1.102"
   string ":1.102"
   string ""
signal time=1788729160.801955 sender=:1.2 -> destination=(null destination) serial=115 path=/org/a11y/atspi/registry; interface=org.a11y.atspi.Registry; member=EventListenerDeregistered
   string ":1.102"
   string ""
signal time=1788729160.806678 sender=org.freedesktop.DBus -> destination=(null destination) serial=205 path=/org/freedesktop/DBus; interface=org.freedesktop.DBus; member=NameOwnerChanged
   string ":1.103"
   string ""
   string ":1.103"
signal time=1788729160.806706 sender=org.freedesktop.DBus -> destination=:1.103 serial=2 path=/org/freedesktop/DBus; interface=org.freedesktop.DBus; member=NameAcquired
   string ":1.103"
signal time=1788729160.808003 sender=org.freedesktop.DBus -> destination=:1.103 serial=3 path=/org/freedesktop/DBus; interface=org.freedesktop.DBus; member=NameLost
   string ":1.103"
signal time=1788729160.808020 sender=org.freedesktop.DBus -> destination=(null destination) serial=206 path=/org/freedesktop/DBus; interface=org.freedesktop.DBus; member=NameOwnerChanged
   string ":1.103"
   string ":1.103"
   string ""
signal time=1788729160.808049 sender=:1.2 -> destination=(null destination) serial=116 path=/org/a11y/atspi/registry; interface=org.a11y.atspi.Registry; member=EventListenerDeregistered
   string ":1.103"
   string ""
signal time=1788729160.812459 sender=org.freedesktop.DBus -> destination=(null destination) serial=207 path=/org/freedesktop/DBus; interface=org.freedesktop.DBus; member=NameOwnerChanged
   string ":1.104"
   string ""
   string ":1.104"
signal time=1788729160.812478 sender=org.freedesktop.DBus -> destination=:1.104 serial=2 path=/org/freedesktop/DBus; interface=org.freedesktop.DBus; member=NameAcquired
   string ":1.104"
signal time=1788729160.813596 sender=org.freedesktop.DBus -> destination=:1.104 serial=3 path=/org/freedesktop/DBus; interface=org.freedesktop.DBus; member=NameLost
   string ":1.104"
signal time=1788729160.813614 sender=org.freedesktop.DBus -> destination=(null destination) serial=208 path=/org/freedesktop/DBus; interface=org.freedesktop.DBus; member=NameOwnerChanged
   string ":1.104"
   string ":1.104"
   string ""
signal time=1788729160.813715 sender=:1.2 -> destination=(null destination) serial=117 path=/org/a11y/atspi/registry; interface=org.a11y.atspi.Registry; member=EventListenerDeregistered
   string ":1.104"
   string ""
signal time=1788729160.817737 sender=org.freedesktop.DBus -> destination=(null destination) serial=209 path=/org/freedesktop/DBus; interface=org.freedesktop.DBus; member=NameOwnerChanged
   string ":1.105"
   string ""
   string ":1.105"
signal time=1788729160.817755 sender=org.freedesktop.DBus -> destination=:1.105 serial=2 path=/org/freedesktop/DBus; interface=org.freedesktop.DBus; member=NameAcquired
   string ":1.105"
signal time=1788729160.819084 sender=org.freedesktop.DBus -> destination=:1.105 serial=3 path=/org/freedesktop/DBus; interface=org.freedesktop.DBus; member=NameLost
   string ":1.105"
signal time=1788729160.819093 sender=org.freedesktop.DBus -> destination=(null destination) serial=210 path=/org/freedesktop/DBus; interface=org.freedesktop.DBus; member=NameOwnerChanged
   string ":1.105"
   string ":1.105"
   string ""
signal time=1788729160.819188 sender=:1.2 -> destination=(null destination) serial=118 path=/org/a11y/atspi/registry; interface=org.a11y.atspi.Registry; member=EventListenerDeregistered
   string ":1.105"
   string ""
signal time=1788729160.823460 sender=org.freedesktop.DBus -> destination=(null destination) serial=211 path=/org/freedesktop/DBus; interface=org.freedesktop.DBus; member=NameOwnerChanged
   string ":1.106"
   string ""
   string ":1.106"
signal time=1788729160.823486 sender=org.freedesktop.DBus -> destination=:1.106 serial=2 path=/org/freedesktop/DBus; interface=org.freedesktop.DBus; member=NameAcquired
   string ":1.106"
signal time=1788729160.825285 sender=org.freedesktop.DBus -> destination=:1.106 serial=3 path=/org/freedesktop/DBus; interface=org.freedesktop.DBus; member=NameLost
   string ":1.106"
signal time=1788729160.825301 sender=org.freedesktop.DBus -> destination=(null destination) serial=212 path=/org/freedesktop/DBus; interface=org.freedesktop.DBus; member=NameOwnerChanged
   string ":1.106"
   string ":1.106"
   string ""
signal time=1788729160.825451 sender=:1.2 -> destination=(null destination) serial=119 path=/org/a11y/atspi/registry; interface=org.a11y.atspi.Registry; member=EventListenerDeregistered
   string ":1.106"
   string ""
signal time=1788729160.831100 sender=org.freedesktop.DBus -> destination=(null destination) serial=213 path=/org/freedesktop/DBus; interface=org.freedesktop.DBus; member=NameOwnerChanged
   string ":1.107"
   string ""
   string ":1.107"
signal time=1788729160.831132 sender=org.freedesktop.DBus -> destination=:1.107 serial=2 path=/org/freedesktop/DBus; interface=org.freedesktop.DBus; member=NameAcquired
   string ":1.107"
signal time=1788729160.832740 sender=org.freedesktop.DBus -> destination=:1.107 serial=3 path=/org/freedesktop/DBus; interface=org.freedesktop.DBus; member=NameLost
   string ":1.107"
signal time=1788729160.832764 sender=org.freedesktop.DBus -> destination=(null destination) serial=214 path=/org/freedesktop/DBus; interface=org.freedesktop.DBus; member=NameOwnerChanged
   string ":1.107"
   string ":1.107"
   string ""
signal time=1788729160.832878 sender=:1.2 -> destination=(null destination) serial=120 path=/org/a11y/atspi/registry; interface=org.a11y.atspi.Registry; member=EventListenerDeregistered
   string ":1.107"
   string ""
signal time=1788729160.837172 sender=org.freedesktop.DBus -> destination=(null destination) serial=215 path=/org/freedesktop/DBus; interface=org.freedesktop.DBus; member=NameOwnerChanged
   string ":1.108"
   string ""
   string ":1.108"
signal time=1788729160.837208 sender=org.freedesktop.DBus -> destination=:1.108 serial=2 path=/org/freedesktop/DBus; interface=org.freedesktop.DBus; member=NameAcquired
   string ":1.108"
signal time=1788729160.838929 sender=org.freedesktop.DBus -> destination=:1.108 serial=3 path=/org/freedesktop/DBus; interface=org.freedesktop.DBus; member=NameLost
   string ":1.108"
signal time=1788729160.838962 sender=org.freedesktop.DBus -> destination=(null destination) serial=216 path=/org/freedesktop/DBus; interface=org.freedesktop.DBus; member=NameOwnerChanged
   string ":1.108"
   string ":1.108"
   string ""
signal time=1788729160.839023 sender=:1.2 -> destination=(null destination) serial=121 path=/org/a11y/atspi/registry; interface=org.a11y.atspi.Registry; member=EventListenerDeregistered
   string ":1.108"
   string ""
signal time=1788729160.843462 sender=org.freedesktop.DBus -> destination=(null destination) serial=217 path=/org/freedesktop/DBus; interface=org.freedesktop.DBus; member=NameOwnerChanged
   string ":1.109"
   string ""
   string ":1.109"
signal time=1788729160.843489 sender=org.freedesktop.DBus -> destination=:1.109 serial=2 path=/org/freedesktop/DBus; interface=org.freedesktop.DBus; member=NameAcquired
   string ":1.109"
signal time=1788729160.845040 sender=org.freedesktop.DBus -> destination=:1.109 serial=3 path=/org/freedesktop/DBus; interface=org.freedesktop.DBus; member=NameLost
   string ":1.109"
signal time=1788729160.845052 sender=org.freedesktop.DBus -> destination=(null destination) serial=218 path=/org/freedesktop/DBus; interface=org.freedesktop.DBus; member=NameOwnerChanged
   string ":1.109"
   string ":1.109"
   string ""
signal time=1788729160.845186 sender=:1.2 -> destination=(null destination) serial=122 path=/org/a11y/atspi/registry; interface=org.a11y.atspi.Registry; member=EventListenerDeregistered
   string ":1.109"
   string ""
signal time=1788729160.849402 sender=org.freedesktop.DBus -> destination=(null destination) serial=219 path=/org/freedesktop/DBus; interface=org.freedesktop.DBus; member=NameOwnerChanged
   string ":1.110"
   string ""
   string ":1.110"
signal time=1788729160.849427 sender=org.freedesktop.DBus -> destination=:1.110 serial=2 path=/org/freedesktop/DBus; interface=org.freedesktop.DBus; member=NameAcquired
   string ":1.110"
signal time=1788729160.850661 sender=org.freedesktop.DBus -> destination=:1.110 serial=3 path=/org/freedesktop/DBus; interface=org.freedesktop.DBus; member=NameLost
   string ":1.110"
signal time=1788729160.850679 sender=org.freedesktop.DBus -> destination=(null destination) serial=220 path=/org/freedesktop/DBus; interface=org.freedesktop.DBus; member=NameOwnerChanged
   string ":1.110"
   string ":1.110"
   string ""
signal time=1788729160.850766 sender=:1.2 -> destination=(null destination) serial=123 path=/org/a11y/atspi/registry; interface=org.a11y.atspi.Registry; member=EventListenerDeregistered
   string ":1.110"
   string ""
signal time=1788729160.855205 sender=org.freedesktop.DBus -> destination=(null destination) serial=221 path=/org/freedesktop/DBus; interface=org.freedesktop.DBus; member=NameOwnerChanged
   string ":1.111"
   string ""
   string ":1.111"
signal time=1788729160.855230 sender=org.freedesktop.DBus -> destination=:1.111 serial=2 path=/org/freedesktop/DBus; interface=org.freedesktop.DBus; member=NameAcquired
   string ":1.111"
signal time=1788729160.856930 sender=org.freedesktop.DBus -> destination=:1.111 serial=3 path=/org/freedesktop/DBus; interface=org.freedesktop.DBus; member=NameLost
   string ":1.111"
signal time=1788729160.856947 sender=org.freedesktop.DBus -> destination=(null destination) serial=222 path=/org/freedesktop/DBus; interface=org.freedesktop.DBus; member=NameOwnerChanged
   string ":1.111"
   string ":1.111"
   string ""
signal time=1788729160.857069 sender=:1.2 -> destination=(null destination) serial=124 path=/org/a11y/atspi/registry; interface=org.a11y.atspi.Registry; member=EventListenerDeregistered
   string ":1.111"
   string ""
signal time=1788729160.861427 sender=org.freedesktop.DBus -> destination=(null destination) serial=223 path=/org/freedesktop/DBus; interface=org.freedesktop.DBus; member=NameOwnerChanged
   string ":1.112"
   string ""
   string ":1.112"
signal time=1788729160.861451 sender=org.freedesktop.DBus -> destination=:1.112 serial=2 path=/org/freedesktop/DBus; interface=org.freedesktop.DBus; member=NameAcquired
   string ":1.112"
signal time=1788729160.862612 sender=org.freedesktop.DBus -> destination=:1.112 serial=3 path=/org/freedesktop/DBus; interface=org.freedesktop.DBus; member=NameLost
   string ":1.112"
signal time=1788729160.862628 sender=org.freedesktop.DBus -> destination=(null destination) serial=224 path=/org/freedesktop/DBus; interface=org.freedesktop.DBus; member=NameOwnerChanged
   string ":1.112"
   string ":1.112"
   string ""
signal time=1788729160.862729 sender=:1.2 -> destination=(null destination) serial=125 path=/org/a11y/atspi/registry; interface=org.a11y.atspi.Registry; member=EventListenerDeregistered
   string ":1.112"
   string ""
signal time=1788729160.866966 sender=org.freedesktop.DBus -> destination=(null destination) serial=225 path=/org/freedesktop/DBus; interface=org.freedesktop.DBus; member=NameOwnerChanged
   string ":1.113"
   string ""
   string ":1.113"
signal time=1788729160.866986 sender=org.freedesktop.DBus -> destination=:1.113 serial=2 path=/org/freedesktop/DBus; interface=org.freedesktop.DBus; member=NameAcquired
   string ":1.113"
signal time=1788729160.868674 sender=org.freedesktop.DBus -> destination=:1.113 serial=3 path=/org/freedesktop/DBus; interface=org.freedesktop.DBus; member=NameLost
   string ":1.113"
signal time=1788729160.868702 sender=org.freedesktop.DBus -> destination=(null destination) serial=226 path=/org/freedesktop/DBus; interface=org.freedesktop.DBus; member=NameOwnerChanged
   string ":1.113"
   string ":1.113"
   string ""
signal time=1788729160.868812 sender=:1.2 -> destination=(null destination) serial=126 path=/org/a11y/atspi/registry; interface=org.a11y.atspi.Registry; member=EventListenerDeregistered
   string ":1.113"
   string ""
signal time=1788729160.874407 sender=org.freedesktop.DBus -> destination=(null destination) serial=227 path=/org/freedesktop/DBus; interface=org.freedesktop.DBus; member=NameOwnerChanged
   string ":1.114"
   string ""
   string ":1.114"
signal time=1788729160.874440 sender=org.freedesktop.DBus -> destination=:1.114 serial=2 path=/org/freedesktop/DBus; interface=org.freedesktop.DBus; member=NameAcquired
   string ":1.114"
signal time=1788729160.875497 sender=org.freedesktop.DBus -> destination=:1.114 serial=3 path=/org/freedesktop/DBus; interface=org.freedesktop.DBus; member=NameLost
   string ":1.114"
signal time=1788729160.875510 sender=org.freedesktop.DBus -> destination=(null destination) serial=228 path=/org/freedesktop/DBus; interface=org.freedesktop.DBus; member=NameOwnerChanged
   string ":1.114"
   string ":1.114"
   string ""
signal time=1788729160.875586 sender=:1.2 -> destination=(null destination) serial=127 path=/org/a11y/atspi/registry; interface=org.a11y.atspi.Registry; member=EventListenerDeregistered
   string ":1.114"
   string ""
signal time=1788729160.880276 sender=org.freedesktop.DBus -> destination=(null destination) serial=229 path=/org/freedesktop/DBus; interface=org.freedesktop.DBus; member=NameOwnerChanged
   string ":1.115"
   string ""
   string ":1.115"
signal time=1788729160.880302 sender=org.freedesktop.DBus -> destination=:1.115 serial=2 path=/org/freedesktop/DBus; interface=org.freedesktop.DBus; member=NameAcquired
   string ":1.115"
signal time=1788729160.881747 sender=org.freedesktop.DBus -> destination=:1.115 serial=3 path=/org/freedesktop/DBus; interface=org.freedesktop.DBus; member=NameLost
   string ":1.115"
signal time=1788729160.881765 sender=org.freedesktop.DBus -> destination=(null destination) serial=230 path=/org/freedesktop/DBus; interface=org.freedesktop.DBus; member=NameOwnerChanged
   string ":1.115"
   string ":1.115"
   string ""
signal time=1788729160.881886 sender=:1.2 -> destination=(null destination) serial=128 path=/org/a11y/atspi/registry; interface=org.a11y.atspi.Registry; member=EventListenerDeregistered
   string ":1.115"
   string ""
signal time=1788729160.887377 sender=org.freedesktop.DBus -> destination=(null destination) serial=231 path=/org/freedesktop/DBus; interface=org.freedesktop.DBus; member=NameOwnerChanged
   string ":1.116"
   string ""
   string ":1.116"
signal time=1788729160.887409 sender=org.freedesktop.DBus -> destination=:1.116 serial=2 path=/org/freedesktop/DBus; interface=org.freedesktop.DBus; member=NameAcquired
   string ":1.116"
signal time=1788729160.888663 sender=org.freedesktop.DBus -> destination=:1.116 serial=3 path=/org/freedesktop/DBus; interface=org.freedesktop.DBus; member=NameLost
   string ":1.116"
signal time=1788729160.888677 sender=org.freedesktop.DBus -> destination=(null destination) serial=232 path=/org/freedesktop/DBus; interface=org.freedesktop.DBus; member=NameOwnerChanged
   string ":1.116"
   string ":1.116"
   string ""
signal time=1788729160.888813 sender=:1.2 -> destination=(null destination) serial=129 path=/org/a11y/atspi/registry; interface=org.a11y.atspi.Registry; member=EventListenerDeregistered
   string ":1.116"
   string ""
signal time=1788729160.893562 sender=org.freedesktop.DBus -> destination=(null destination) serial=233 path=/org/freedesktop/DBus; interface=org.freedesktop.DBus; member=NameOwnerChanged
   string ":1.117"
   string ""
   string ":1.117"
signal time=1788729160.893611 sender=org.freedesktop.DBus -> destination=:1.117 serial=2 path=/org/freedesktop/DBus; interface=org.freedesktop.DBus; member=NameAcquired
   string ":1.117"
signal time=1788729160.894720 sender=org.freedesktop.DBus -> destination=:1.117 serial=3 path=/org/freedesktop/DBus; interface=org.freedesktop.DBus; member=NameLost
   string ":1.117"
signal time=1788729160.894733 sender=org.freedesktop.DBus -> destination=(null destination) serial=234 path=/org/freedesktop/DBus; interface=org.freedesktop.DBus; member=NameOwnerChanged
   string ":1.117"
   string ":1.117"
   string ""
signal time=1788729160.894843 sender=:1.2 -> destination=(null destination) serial=130 path=/org/a11y/atspi/registry; interface=org.a11y.atspi.Registry; member=EventListenerDeregistered
   string ":1.117"
   string ""
signal time=1788729160.899070 sender=org.freedesktop.DBus -> destination=(null destination) serial=235 path=/org/freedesktop/DBus; interface=org.freedesktop.DBus; member=NameOwnerChanged
   string ":1.118"
   string ""
   string ":1.118"
signal time=1788729160.899131 sender=org.freedesktop.DBus -> destination=:1.118 serial=2 path=/org/freedesktop/DBus; interface=org.freedesktop.DBus; member=NameAcquired
   string ":1.118"
signal time=1788729160.900599 sender=org.freedesktop.DBus -> destination=:1.118 serial=3 path=/org/freedesktop/DBus; interface=org.freedesktop.DBus; member=NameLost
   string ":1.118"
signal time=1788729160.900611 sender=org.freedesktop.DBus -> destination=(null destination) serial=236 path=/org/freedesktop/DBus; interface=org.freedesktop.DBus; member=NameOwnerChanged
   string ":1.118"
   string ":1.118"
   string ""
signal time=1788729160.900771 sender=:1.2 -> destination=(null destination) serial=131 path=/org/a11y/atspi/registry; interface=org.a11y.atspi.Registry; member=EventListenerDeregistered
   string ":1.118"
   string ""
signal time=1788729160.905716 sender=org.freedesktop.DBus -> destination=(null destination) serial=237 path=/org/freedesktop/DBus; interface=org.freedesktop.DBus; member=NameOwnerChanged
   string ":1.119"
   string ""
   string ":1.119"
signal time=1788729160.905755 sender=org.freedesktop.DBus -> destination=:1.119 serial=2 path=/org/freedesktop/DBus; interface=org.freedesktop.DBus; member=NameAcquired
   string ":1.119"
signal time=1788729160.907565 sender=org.freedesktop.DBus -> destination=:1.119 serial=3 path=/org/freedesktop/DBus; interface=org.freedesktop.DBus; member=NameLost
   string ":1.119"
signal time=1788729160.907581 sender=org.freedesktop.DBus -> destination=(null destination) serial=238 path=/org/freedesktop/DBus; interface=org.freedesktop.DBus; member=NameOwnerChanged
   string ":1.119"
   string ":1.119"
   string ""
signal time=1788729160.907651 sender=:1.2 -> destination=(null destination) serial=132 path=/org/a11y/atspi/registry; interface=org.a11y.atspi.Registry; member=EventListenerDeregistered
   string ":1.119"
   string ""
signal time=1788729160.911644 sender=org.freedesktop.DBus -> destination=(null destination) serial=239 path=/org/freedesktop/DBus; interface=org.freedesktop.DBus; member=NameOwnerChanged
   string ":1.120"
   string ""
   string ":1.120"
signal time=1788729160.911662 sender=org.freedesktop.DBus -> destination=:1.120 serial=2 path=/org/freedesktop/DBus; interface=org.freedesktop.DBus; member=NameAcquired
   string ":1.120"
signal time=1788729160.912929 sender=org.freedesktop.DBus -> destination=:1.120 serial=3 path=/org/freedesktop/DBus; interface=org.freedesktop.DBus; member=NameLost
   string ":1.120"
signal time=1788729160.912941 sender=org.freedesktop.DBus -> destination=(null destination) serial=240 path=/org/freedesktop/DBus; interface=org.freedesktop.DBus; member=NameOwnerChanged
   string ":1.120"
   string ":1.120"
   string ""
signal time=1788729160.913067 sender=:1.2 -> destination=(null destination) serial=133 path=/org/a11y/atspi/registry; interface=org.a11y.atspi.Registry; member=EventListenerDeregistered
   string ":1.120"
   string ""
signal time=1788729160.916702 sender=org.freedesktop.DBus -> destination=(null destination) serial=241 path=/org/freedesktop/DBus; interface=org.freedesktop.DBus; member=NameOwnerChanged
   string ":1.121"
   string ""
   string ":1.121"
signal time=1788729160.916720 sender=org.freedesktop.DBus -> destination=:1.121 serial=2 path=/org/freedesktop/DBus; interface=org.freedesktop.DBus; member=NameAcquired
   string ":1.121"
signal time=1788729160.918311 sender=org.freedesktop.DBus -> destination=:1.121 serial=3 path=/org/freedesktop/DBus; interface=org.freedesktop.DBus; member=NameLost
   string ":1.121"
signal time=1788729160.918328 sender=org.freedesktop.DBus -> destination=(null destination) serial=242 path=/org/freedesktop/DBus; interface=org.freedesktop.DBus; member=NameOwnerChanged
   string ":1.121"
   string ":1.121"
   string ""
signal time=1788729160.918465 sender=:1.2 -> destination=(null destination) serial=134 path=/org/a11y/atspi/registry; interface=org.a11y.atspi.Registry; member=EventListenerDeregistered
   string ":1.121"
   string ""
signal time=1788729160.922575 sender=org.freedesktop.DBus -> destination=(null destination) serial=243 path=/org/freedesktop/DBus; interface=org.freedesktop.DBus; member=NameOwnerChanged
   string ":1.122"
   string ""
   string ":1.122"
signal time=1788729160.922599 sender=org.freedesktop.DBus -> destination=:1.122 serial=2 path=/org/freedesktop/DBus; interface=org.freedesktop.DBus; member=NameAcquired
   string ":1.122"
signal time=1788729160.924084 sender=org.freedesktop.DBus -> destination=:1.122 serial=3 path=/org/freedesktop/DBus; interface=org.freedesktop.DBus; member=NameLost
   string ":1.122"
signal time=1788729160.924098 sender=org.freedesktop.DBus -> destination=(null destination) serial=244 path=/org/freedesktop/DBus; interface=org.freedesktop.DBus; member=NameOwnerChanged
   string ":1.122"
   string ":1.122"
   string ""
signal time=1788729160.924189 sender=:1.2 -> destination=(null destination) serial=135 path=/org/a11y/atspi/registry; interface=org.a11y.atspi.Registry; member=EventListenerDeregistered
   string ":1.122"
   string ""
signal time=1788729160.928218 sender=org.freedesktop.DBus -> destination=(null destination) serial=245 path=/org/freedesktop/DBus; interface=org.freedesktop.DBus; member=NameOwnerChanged
   string ":1.123"
   string ""
   string ":1.123"
signal time=1788729160.928240 sender=org.freedesktop.DBus -> destination=:1.123 serial=2 path=/org/freedesktop/DBus; interface=org.freedesktop.DBus; member=NameAcquired
   string ":1.123"
signal time=1788729160.929418 sender=org.freedesktop.DBus -> destination=:1.123 serial=3 path=/org/freedesktop/DBus; interface=org.freedesktop.DBus; member=NameLost
   string ":1.123"
signal time=1788729160.929430 sender=org.freedesktop.DBus -> destination=(null destination) serial=246 path=/org/freedesktop/DBus; interface=org.freedesktop.DBus; member=NameOwnerChanged
   string ":1.123"
   string ":1.123"
   string ""
signal time=1788729160.929490 sender=:1.2 -> destination=(null destination) serial=136 path=/org/a11y/atspi/registry; interface=org.a11y.atspi.Registry; member=EventListenerDeregistered
   string ":1.123"
   string ""
signal time=1788729160.933496 sender=org.freedesktop.DBus -> destination=(null destination) serial=247 path=/org/freedesktop/DBus; interface=org.freedesktop.DBus; member=NameOwnerChanged
   string ":1.124"
   string ""
   string ":1.124"
signal time=1788729160.933514 sender=org.freedesktop.DBus -> destination=:1.124 serial=2 path=/org/freedesktop/DBus; interface=org.freedesktop.DBus; member=NameAcquired
   string ":1.124"
signal time=1788729160.934793 sender=org.freedesktop.DBus -> destination=:1.124 serial=3 path=/org/freedesktop/DBus; interface=org.freedesktop.DBus; member=NameLost
   string ":1.124"
signal time=1788729160.934809 sender=org.freedesktop.DBus -> destination=(null destination) serial=248 path=/org/freedesktop/DBus; interface=org.freedesktop.DBus; member=NameOwnerChanged
   string ":1.124"
   string ":1.124"
   string ""
signal time=1788729160.934884 sender=:1.2 -> destination=(null destination) serial=137 path=/org/a11y/atspi/registry; interface=org.a11y.atspi.Registry; member=EventListenerDeregistered
   string ":1.124"
   string ""
signal time=1788729160.939501 sender=org.freedesktop.DBus -> destination=(null destination) serial=249 path=/org/freedesktop/DBus; interface=org.freedesktop.DBus; member=NameOwnerChanged
   string ":1.125"
   string ""
   string ":1.125"
signal time=1788729160.939550 sender=org.freedesktop.DBus -> destination=:1.125 serial=2 path=/org/freedesktop/DBus; interface=org.freedesktop.DBus; member=NameAcquired
   string ":1.125"
signal time=1788729160.940761 sender=org.freedesktop.DBus -> destination=:1.125 serial=3 path=/org/freedesktop/DBus; interface=org.freedesktop.DBus; member=NameLost
   string ":1.125"
signal time=1788729160.940789 sender=org.freedesktop.DBus -> destination=(null destination) serial=250 path=/org/freedesktop/DBus; interface=org.freedesktop.DBus; member=NameOwnerChanged
   string ":1.125"
   string ":1.125"
   string ""
signal time=1788729160.940962 sender=:1.2 -> destination=(null destination) serial=138 path=/org/a11y/atspi/registry; interface=org.a11y.atspi.Registry; member=EventListenerDeregistered
   string ":1.125"
   string ""
signal time=1788729160.945142 sender=org.freedesktop.DBus -> destination=(null destination) serial=251 path=/org/freedesktop/DBus; interface=org.freedesktop.DBus; member=NameOwnerChanged
   string ":1.126"
   string ""
   string ":1.126"
signal time=1788729160.945161 sender=org.freedesktop.DBus -> destination=:1.126 serial=2 path=/org/freedesktop/DBus; interface=org.freedesktop.DBus; member=NameAcquired
   string ":1.126"
signal time=1788729160.946515 sender=org.freedesktop.DBus -> destination=:1.126 serial=3 path=/org/freedesktop/DBus; interface=org.freedesktop.DBus; member=NameLost
   string ":1.126"
signal time=1788729160.946529 sender=org.freedesktop.DBus -> destination=(null destination) serial=252 path=/org/freedesktop/DBus; interface=org.freedesktop.DBus; member=NameOwnerChanged
   string ":1.126"
   string ":1.126"
   string ""
signal time=1788729160.946655 sender=:1.2 -> destination=(null destination) serial=139 path=/org/a11y/atspi/registry; interface=org.a11y.atspi.Registry; member=EventListenerDeregistered
   string ":1.126"
   string ""
signal time=1788729160.949924 sender=org.freedesktop.DBus -> destination=(null destination) serial=253 path=/org/freedesktop/DBus; interface=org.freedesktop.DBus; member=NameOwnerChanged
   string ":1.127"
   string ""
   string ":1.127"
signal time=1788729160.949945 sender=org.freedesktop.DBus -> destination=:1.127 serial=2 path=/org/freedesktop/DBus; interface=org.freedesktop.DBus; member=NameAcquired
   string ":1.127"
signal time=1788729160.951358 sender=org.freedesktop.DBus -> destination=:1.127 serial=3 path=/org/freedesktop/DBus; interface=org.freedesktop.DBus; member=NameLost
   string ":1.127"
signal time=1788729160.951368 sender=org.freedesktop.DBus -> destination=(null destination) serial=254 path=/org/freedesktop/DBus; interface=org.freedesktop.DBus; member=NameOwnerChanged
   string ":1.127"
   string ":1.127"
   string ""
signal time=1788729160.951493 sender=:1.2 -> destination=(null destination) serial=140 path=/org/a11y/atspi/registry; interface=org.a11y.atspi.Registry; member=EventListenerDeregistered
   string ":1.127"
   string ""
signal time=1788729160.955485 sender=org.freedesktop.DBus -> destination=(null destination) serial=255 path=/org/freedesktop/DBus; interface=org.freedesktop.DBus; member=NameOwnerChanged
   string ":1.128"
   string ""
   string ":1.128"
signal time=1788729160.955508 sender=org.freedesktop.DBus -> destination=:1.128 serial=2 path=/org/freedesktop/DBus; interface=org.freedesktop.DBus; member=NameAcquired
   string ":1.128"
signal time=1788729160.957574 sender=org.freedesktop.DBus -> destination=:1.128 serial=3 path=/org/freedesktop/DBus; interface=org.freedesktop.DBus; member=NameLost
   string ":1.128"
signal time=1788729160.957653 sender=org.freedesktop.DBus -> destination=(null destination) serial=256 path=/org/freedesktop/DBus; interface=org.freedesktop.DBus; member=NameOwnerChanged
   string ":1.128"
   string ":1.128"
   string ""
signal time=1788729160.957674 sender=:1.2 -> destination=(null destination) serial=141 path=/org/a11y/atspi/registry; interface=org.a11y.atspi.Registry; member=EventListenerDeregistered
   string ":1.128"
   string ""
signal time=1788729160.962006 sender=org.freedesktop.DBus -> destination=(null destination) serial=257 path=/org/freedesktop/DBus; interface=org.freedesktop.DBus; member=NameOwnerChanged
   string ":1.129"
   string ""
   string ":1.129"
signal time=1788729160.962030 sender=org.freedesktop.DBus -> destination=:1.129 serial=2 path=/org/freedesktop/DBus; interface=org.freedesktop.DBus; member=NameAcquired
   string ":1.129"
signal time=1788729160.963511 sender=org.freedesktop.DBus -> destination=:1.129 serial=3 path=/org/freedesktop/DBus; interface=org.freedesktop.DBus; member=NameLost
   string ":1.129"
signal time=1788729160.963522 sender=org.freedesktop.DBus -> destination=(null destination) serial=258 path=/org/freedesktop/DBus; interface=org.freedesktop.DBus; member=NameOwnerChanged
   string ":1.129"
   string ":1.129"
   string ""
signal time=1788729160.963627 sender=:1.2 -> destination=(null destination) serial=142 path=/org/a11y/atspi/registry; interface=org.a11y.atspi.Registry; member=EventListenerDeregistered
   string ":1.129"
   string ""
signal time=1788729160.967552 sender=org.freedesktop.DBus -> destination=(null destination) serial=259 path=/org/freedesktop/DBus; interface=org.freedesktop.DBus; member=NameOwnerChanged
   string ":1.130"
   string ""
   string ":1.130"
signal time=1788729160.967572 sender=org.freedesktop.DBus -> destination=:1.130 serial=2 path=/org/freedesktop/DBus; interface=org.freedesktop.DBus; member=NameAcquired
   string ":1.130"
signal time=1788729160.969543 sender=org.freedesktop.DBus -> destination=:1.130 serial=3 path=/org/freedesktop/DBus; interface=org.freedesktop.DBus; member=NameLost
   string ":1.130"
signal time=1788729160.969563 sender=org.freedesktop.DBus -> destination=(null destination) serial=260 path=/org/freedesktop/DBus; interface=org.freedesktop.DBus; member=NameOwnerChanged
   string ":1.130"
   string ":1.130"
   string ""
signal time=1788729160.969785 sender=:1.2 -> destination=(null destination) serial=143 path=/org/a11y/atspi/registry; interface=org.a11y.atspi.Registry; member=EventListenerDeregistered
   string ":1.130"
   string ""
signal time=1788729160.973946 sender=org.freedesktop.DBus -> destination=(null destination) serial=261 path=/org/freedesktop/DBus; interface=org.freedesktop.DBus; member=NameOwnerChanged
   string ":1.131"
   string ""
   string ":1.131"
signal time=1788729160.973971 sender=org.freedesktop.DBus -> destination=:1.131 serial=2 path=/org/freedesktop/DBus; interface=org.freedesktop.DBus; member=NameAcquired
   string ":1.131"
signal time=1788729160.975758 sender=org.freedesktop.DBus -> destination=:1.131 serial=3 path=/org/freedesktop/DBus; interface=org.freedesktop.DBus; member=NameLost
   string ":1.131"
signal time=1788729160.975770 sender=org.freedesktop.DBus -> destination=(null destination) serial=262 path=/org/freedesktop/DBus; interface=org.freedesktop.DBus; member=NameOwnerChanged
   string ":1.131"
   string ":1.131"
   string ""
signal time=1788729160.975923 sender=:1.2 -> destination=(null destination) serial=144 path=/org/a11y/atspi/registry; interface=org.a11y.atspi.Registry; member=EventListenerDeregistered
   string ":1.131"
   string ""
signal time=1788729160.979881 sender=org.freedesktop.DBus -> destination=(null destination) serial=263 path=/org/freedesktop/DBus; interface=org.freedesktop.DBus; member=NameOwnerChanged
   string ":1.132"
   string ""
   string ":1.132"
signal time=1788729160.979900 sender=org.freedesktop.DBus -> destination=:1.132 serial=2 path=/org/freedesktop/DBus; interface=org.freedesktop.DBus; member=NameAcquired
   string ":1.132"
signal time=1788729160.981203 sender=org.freedesktop.DBus -> destination=:1.132 serial=3 path=/org/freedesktop/DBus; interface=org.freedesktop.DBus; member=NameLost
   string ":1.132"
signal time=1788729160.981212 sender=org.freedesktop.DBus -> destination=(null destination) serial=264 path=/org/freedesktop/DBus; interface=org.freedesktop.DBus; member=NameOwnerChanged
   string ":1.132"
   string ":1.132"
   string ""
signal time=1788729160.981374 sender=:1.2 -> destination=(null destination) serial=145 path=/org/a11y/atspi/registry; interface=org.a11y.atspi.Registry; member=EventListenerDeregistered
   string ":1.132"
   string ""
signal time=1788729160.985111 sender=org.freedesktop.DBus -> destination=(null destination) serial=265 path=/org/freedesktop/DBus; interface=org.freedesktop.DBus; member=NameOwnerChanged
   string ":1.133"
   string ""
   string ":1.133"
signal time=1788729160.985132 sender=org.freedesktop.DBus -> destination=:1.133 serial=2 path=/org/freedesktop/DBus; interface=org.freedesktop.DBus; member=NameAcquired
   string ":1.133"
signal time=1788729160.986095 sender=org.freedesktop.DBus -> destination=:1.133 serial=3 path=/org/freedesktop/DBus; interface=org.freedesktop.DBus; member=NameLost
   string ":1.133"
signal time=1788729160.986110 sender=org.freedesktop.DBus -> destination=(null destination) serial=266 path=/org/freedesktop/DBus; interface=org.freedesktop.DBus; member=NameOwnerChanged
   string ":1.133"
   string ":1.133"
   string ""
signal time=1788729160.986143 sender=:1.2 -> destination=(null destination) serial=146 path=/org/a11y/atspi/registry; interface=org.a11y.atspi.Registry; member=EventListenerDeregistered
   string ":1.133"
   string ""
signal time=1788729160.991352 sender=org.freedesktop.DBus -> destination=(null destination) serial=267 path=/org/freedesktop/DBus; interface=org.freedesktop.DBus; member=NameOwnerChanged
   string ":1.134"
   string ""
   string ":1.134"
signal time=1788729160.991378 sender=org.freedesktop.DBus -> destination=:1.134 serial=2 path=/org/freedesktop/DBus; interface=org.freedesktop.DBus; member=NameAcquired
   string ":1.134"
signal time=1788729160.993089 sender=org.freedesktop.DBus -> destination=:1.134 serial=3 path=/org/freedesktop/DBus; interface=org.freedesktop.DBus; member=NameLost
   string ":1.134"
signal time=1788729160.993120 sender=org.freedesktop.DBus -> destination=(null destination) serial=268 path=/org/freedesktop/DBus; interface=org.freedesktop.DBus; member=NameOwnerChanged
   string ":1.134"
   string ":1.134"
   string ""
signal time=1788729160.993185 sender=:1.2 -> destination=(null destination) serial=147 path=/org/a11y/atspi/registry; interface=org.a11y.atspi.Registry; member=EventListenerDeregistered
   string ":1.134"
   string ""
signal time=1788729160.997418 sender=org.freedesktop.DBus -> destination=(null destination) serial=269 path=/org/freedesktop/DBus; interface=org.freedesktop.DBus; member=NameOwnerChanged
   string ":1.135"
   string ""
   string ":1.135"
signal time=1788729160.997441 sender=org.freedesktop.DBus -> destination=:1.135 serial=2 path=/org/freedesktop/DBus; interface=org.freedesktop.DBus; member=NameAcquired
   string ":1.135"
signal time=1788729160.999017 sender=org.freedesktop.DBus -> destination=:1.135 serial=3 path=/org/freedesktop/DBus; interface=org.freedesktop.DBus; member=NameLost
   string ":1.135"
signal time=1788729160.999030 sender=org.freedesktop.DBus -> destination=(null destination) serial=270 path=/org/freedesktop/DBus; interface=org.freedesktop.DBus; member=NameOwnerChanged
   string ":1.135"
   string ":1.135"
   string ""
signal time=1788729160.999134 sender=:1.2 -> destination=(null destination) serial=148 path=/org/a11y/atspi/registry; interface=org.a11y.atspi.Registry; member=EventListenerDeregistered
   string ":1.135"
   string ""
signal time=1788729161.003493 sender=org.freedesktop.DBus -> destination=(null destination) serial=271 path=/org/freedesktop/DBus; interface=org.freedesktop.DBus; member=NameOwnerChanged
   string ":1.136"
   string ""
   string ":1.136"
signal time=1788729161.003521 sender=org.freedesktop.DBus -> destination=:1.136 serial=2 path=/org/freedesktop/DBus; interface=org.freedesktop.DBus; member=NameAcquired
   string ":1.136"
signal time=1788729161.004821 sender=org.freedesktop.DBus -> destination=:1.136 serial=3 path=/org/freedesktop/DBus; interface=org.freedesktop.DBus; member=NameLost
   string ":1.136"
signal time=1788729161.004839 sender=org.freedesktop.DBus -> destination=(null destination) serial=272 path=/org/freedesktop/DBus; interface=org.freedesktop.DBus; member=NameOwnerChanged
   string ":1.136"
   string ":1.136"
   string ""
signal time=1788729161.004939 sender=:1.2 -> destination=(null destination) serial=149 path=/org/a11y/atspi/registry; interface=org.a11y.atspi.Registry; member=EventListenerDeregistered
   string ":1.136"
   string ""
signal time=1788729161.009633 sender=org.freedesktop.DBus -> destination=(null destination) serial=273 path=/org/freedesktop/DBus; interface=org.freedesktop.DBus; member=NameOwnerChanged
   string ":1.137"
   string ""
   string ":1.137"
signal time=1788729161.009656 sender=org.freedesktop.DBus -> destination=:1.137 serial=2 path=/org/freedesktop/DBus; interface=org.freedesktop.DBus; member=NameAcquired
   string ":1.137"
signal time=1788729161.011308 sender=org.freedesktop.DBus -> destination=:1.137 serial=3 path=/org/freedesktop/DBus; interface=org.freedesktop.DBus; member=NameLost
   string ":1.137"
signal time=1788729161.011319 sender=org.freedesktop.DBus -> destination=(null destination) serial=274 path=/org/freedesktop/DBus; interface=org.freedesktop.DBus; member=NameOwnerChanged
   string ":1.137"
   string ":1.137"
   string ""
signal time=1788729161.011407 sender=:1.2 -> destination=(null destination) serial=150 path=/org/a11y/atspi/registry; interface=org.a11y.atspi.Registry; member=EventListenerDeregistered
   string ":1.137"
   string ""
signal time=1788729161.015474 sender=org.freedesktop.DBus -> destination=(null destination) serial=275 path=/org/freedesktop/DBus; interface=org.freedesktop.DBus; member=NameOwnerChanged
   string ":1.138"
   string ""
   string ":1.138"
signal time=1788729161.015500 sender=org.freedesktop.DBus -> destination=:1.138 serial=2 path=/org/freedesktop/DBus; interface=org.freedesktop.DBus; member=NameAcquired
   string ":1.138"
signal time=1788729161.016592 sender=org.freedesktop.DBus -> destination=:1.138 serial=3 path=/org/freedesktop/DBus; interface=org.freedesktop.DBus; member=NameLost
   string ":1.138"
signal time=1788729161.016605 sender=org.freedesktop.DBus -> destination=(null destination) serial=276 path=/org/freedesktop/DBus; interface=org.freedesktop.DBus; member=NameOwnerChanged
   string ":1.138"
   string ":1.138"
   string ""
signal time=1788729161.016701 sender=:1.2 -> destination=(null destination) serial=151 path=/org/a11y/atspi/registry; interface=org.a11y.atspi.Registry; member=EventListenerDeregistered
   string ":1.138"
   string ""
signal time=1788729161.021114 sender=org.freedesktop.DBus -> destination=(null destination) serial=277 path=/org/freedesktop/DBus; interface=org.freedesktop.DBus; member=NameOwnerChanged
   string ":1.139"
   string ""
   string ":1.139"
signal time=1788729161.021180 sender=org.freedesktop.DBus -> destination=:1.139 serial=2 path=/org/freedesktop/DBus; interface=org.freedesktop.DBus; member=NameAcquired
   string ":1.139"
signal time=1788729161.023067 sender=org.freedesktop.DBus -> destination=:1.139 serial=3 path=/org/freedesktop/DBus; interface=org.freedesktop.DBus; member=NameLost
   string ":1.139"
signal time=1788729161.023090 sender=org.freedesktop.DBus -> destination=(null destination) serial=278 path=/org/freedesktop/DBus; interface=org.freedesktop.DBus; member=NameOwnerChanged
   string ":1.139"
   string ":1.139"
   string ""
signal time=1788729161.023184 sender=:1.2 -> destination=(null destination) serial=152 path=/org/a11y/atspi/registry; interface=org.a11y.atspi.Registry; member=EventListenerDeregistered
   string ":1.139"
   string ""
signal time=1788729161.027408 sender=org.freedesktop.DBus -> destination=(null destination) serial=279 path=/org/freedesktop/DBus; interface=org.freedesktop.DBus; member=NameOwnerChanged
   string ":1.140"
   string ""
   string ":1.140"
signal time=1788729161.027432 sender=org.freedesktop.DBus -> destination=:1.140 serial=2 path=/org/freedesktop/DBus; interface=org.freedesktop.DBus; member=NameAcquired
   string ":1.140"
signal time=1788729161.029242 sender=org.freedesktop.DBus -> destination=:1.140 serial=3 path=/org/freedesktop/DBus; interface=org.freedesktop.DBus; member=NameLost
   string ":1.140"
signal time=1788729161.029256 sender=org.freedesktop.DBus -> destination=(null destination) serial=280 path=/org/freedesktop/DBus; interface=org.freedesktop.DBus; member=NameOwnerChanged
   string ":1.140"
   string ":1.140"
   string ""
signal time=1788729161.029352 sender=:1.2 -> destination=(null destination) serial=153 path=/org/a11y/atspi/registry; interface=org.a11y.atspi.Registry; member=EventListenerDeregistered
   string ":1.140"
   string ""
signal time=1788729161.033428 sender=org.freedesktop.DBus -> destination=(null destination) serial=281 path=/org/freedesktop/DBus; interface=org.freedesktop.DBus; member=NameOwnerChanged
   string ":1.141"
   string ""
   string ":1.141"
signal time=1788729161.033454 sender=org.freedesktop.DBus -> destination=:1.141 serial=2 path=/org/freedesktop/DBus; interface=org.freedesktop.DBus; member=NameAcquired
   string ":1.141"
signal time=1788729161.034693 sender=org.freedesktop.DBus -> destination=:1.141 serial=3 path=/org/freedesktop/DBus; interface=org.freedesktop.DBus; member=NameLost
   string ":1.141"
signal time=1788729161.034710 sender=org.freedesktop.DBus -> destination=(null destination) serial=282 path=/org/freedesktop/DBus; interface=org.freedesktop.DBus; member=NameOwnerChanged
   string ":1.141"
   string ":1.141"
   string ""
signal time=1788729161.034831 sender=:1.2 -> destination=(null destination) serial=154 path=/org/a11y/atspi/registry; interface=org.a11y.atspi.Registry; member=EventListenerDeregistered
   string ":1.141"
   string ""
signal time=1788729161.040276 sender=org.freedesktop.DBus -> destination=(null destination) serial=283 path=/org/freedesktop/DBus; interface=org.freedesktop.DBus; member=NameOwnerChanged
   string ":1.142"
   string ""
   string ":1.142"
signal time=1788729161.040316 sender=org.freedesktop.DBus -> destination=:1.142 serial=2 path=/org/freedesktop/DBus; interface=org.freedesktop.DBus; member=NameAcquired
   string ":1.142"
signal time=1788729161.041744 sender=org.freedesktop.DBus -> destination=:1.142 serial=3 path=/org/freedesktop/DBus; interface=org.freedesktop.DBus; member=NameLost
   string ":1.142"
signal time=1788729161.041759 sender=org.freedesktop.DBus -> destination=(null destination) serial=284 path=/org/freedesktop/DBus; interface=org.freedesktop.DBus; member=NameOwnerChanged
   string ":1.142"
   string ":1.142"
   string ""
signal time=1788729161.041857 sender=:1.2 -> destination=(null destination) serial=155 path=/org/a11y/atspi/registry; interface=org.a11y.atspi.Registry; member=EventListenerDeregistered
   string ":1.142"
   string ""
signal time=1788729161.046075 sender=org.freedesktop.DBus -> destination=(null destination) serial=285 path=/org/freedesktop/DBus; interface=org.freedesktop.DBus; member=NameOwnerChanged
   string ":1.143"
   string ""
   string ":1.143"
signal time=1788729161.046095 sender=org.freedesktop.DBus -> destination=:1.143 serial=2 path=/org/freedesktop/DBus; interface=org.freedesktop.DBus; member=NameAcquired
   string ":1.143"
signal time=1788729161.047745 sender=org.freedesktop.DBus -> destination=:1.143 serial=3 path=/org/freedesktop/DBus; interface=org.freedesktop.DBus; member=NameLost
   string ":1.143"
signal time=1788729161.047756 sender=org.freedesktop.DBus -> destination=(null destination) serial=286 path=/org/freedesktop/DBus; interface=org.freedesktop.DBus; member=NameOwnerChanged
   string ":1.143"
   string ":1.143"
   string ""
signal time=1788729161.047881 sender=:1.2 -> destination=(null destination) serial=156 path=/org/a11y/atspi/registry; interface=org.a11y.atspi.Registry; member=EventListenerDeregistered
   string ":1.143"
   string ""
signal time=1788729161.051818 sender=org.freedesktop.DBus -> destination=(null destination) serial=287 path=/org/freedesktop/DBus; interface=org.freedesktop.DBus; member=NameOwnerChanged
   string ":1.144"
   string ""
   string ":1.144"
signal time=1788729161.051837 sender=org.freedesktop.DBus -> destination=:1.144 serial=2 path=/org/freedesktop/DBus; interface=org.freedesktop.DBus; member=NameAcquired
   string ":1.144"
signal time=1788729161.053439 sender=org.freedesktop.DBus -> destination=:1.144 serial=3 path=/org/freedesktop/DBus; interface=org.freedesktop.DBus; member=NameLost
   string ":1.144"
signal time=1788729161.053453 sender=org.freedesktop.DBus -> destination=(null destination) serial=288 path=/org/freedesktop/DBus; interface=org.freedesktop.DBus; member=NameOwnerChanged
   string ":1.144"
   string ":1.144"
   string ""
signal time=1788729161.053549 sender=:1.2 -> destination=(null destination) serial=157 path=/org/a11y/atspi/registry; interface=org.a11y.atspi.Registry; member=EventListenerDeregistered
   string ":1.144"
   string ""
signal time=1788729161.057915 sender=org.freedesktop.DBus -> destination=(null destination) serial=289 path=/org/freedesktop/DBus; interface=org.freedesktop.DBus; member=NameOwnerChanged
   string ":1.145"
   string ""
   string ":1.145"
signal time=1788729161.057940 sender=org.freedesktop.DBus -> destination=:1.145 serial=2 path=/org/freedesktop/DBus; interface=org.freedesktop.DBus; member=NameAcquired
   string ":1.145"
signal time=1788729161.059558 sender=org.freedesktop.DBus -> destination=:1.145 serial=3 path=/org/freedesktop/DBus; interface=org.freedesktop.DBus; member=NameLost
   string ":1.145"
signal time=1788729161.059575 sender=org.freedesktop.DBus -> destination=(null destination) serial=290 path=/org/freedesktop/DBus; interface=org.freedesktop.DBus; member=NameOwnerChanged
   string ":1.145"
   string ":1.145"
   string ""
signal time=1788729161.059706 sender=:1.2 -> destination=(null destination) serial=158 path=/org/a11y/atspi/registry; interface=org.a11y.atspi.Registry; member=EventListenerDeregistered
   string ":1.145"
   string ""
signal time=1788729161.063852 sender=org.freedesktop.DBus -> destination=(null destination) serial=291 path=/org/freedesktop/DBus; interface=org.freedesktop.DBus; member=NameOwnerChanged
   string ":1.146"
   string ""
   string ":1.146"
signal time=1788729161.063876 sender=org.freedesktop.DBus -> destination=:1.146 serial=2 path=/org/freedesktop/DBus; interface=org.freedesktop.DBus; member=NameAcquired
   string ":1.146"
signal time=1788729161.065754 sender=org.freedesktop.DBus -> destination=:1.146 serial=3 path=/org/freedesktop/DBus; interface=org.freedesktop.DBus; member=NameLost
   string ":1.146"
signal time=1788729161.065769 sender=org.freedesktop.DBus -> destination=(null destination) serial=292 path=/org/freedesktop/DBus; interface=org.freedesktop.DBus; member=NameOwnerChanged
   string ":1.146"
   string ":1.146"
   string ""
signal time=1788729161.065887 sender=:1.2 -> destination=(null destination) serial=159 path=/org/a11y/atspi/registry; interface=org.a11y.atspi.Registry; member=EventListenerDeregistered
   string ":1.146"
   string ""
signal time=1788729161.069985 sender=org.freedesktop.DBus -> destination=(null destination) serial=293 path=/org/freedesktop/DBus; interface=org.freedesktop.DBus; member=NameOwnerChanged
   string ":1.147"
   string ""
   string ":1.147"
signal time=1788729161.070016 sender=org.freedesktop.DBus -> destination=:1.147 serial=2 path=/org/freedesktop/DBus; interface=org.freedesktop.DBus; member=NameAcquired
   string ":1.147"
signal time=1788729161.071581 sender=org.freedesktop.DBus -> destination=:1.147 serial=3 path=/org/freedesktop/DBus; interface=org.freedesktop.DBus; member=NameLost
   string ":1.147"
signal time=1788729161.071599 sender=org.freedesktop.DBus -> destination=(null destination) serial=294 path=/org/freedesktop/DBus; interface=org.freedesktop.DBus; member=NameOwnerChanged
   string ":1.147"
   string ":1.147"
   string ""
signal time=1788729161.071706 sender=:1.2 -> destination=(null destination) serial=160 path=/org/a11y/atspi/registry; interface=org.a11y.atspi.Registry; member=EventListenerDeregistered
   string ":1.147"
   string ""
signal time=1788729161.076253 sender=org.freedesktop.DBus -> destination=(null destination) serial=295 path=/org/freedesktop/DBus; interface=org.freedesktop.DBus; member=NameOwnerChanged
   string ":1.148"
   string ""
   string ":1.148"
signal time=1788729161.076276 sender=org.freedesktop.DBus -> destination=:1.148 serial=2 path=/org/freedesktop/DBus; interface=org.freedesktop.DBus; member=NameAcquired
   string ":1.148"
signal time=1788729161.077687 sender=org.freedesktop.DBus -> destination=:1.148 serial=3 path=/org/freedesktop/DBus; interface=org.freedesktop.DBus; member=NameLost
   string ":1.148"
signal time=1788729161.077702 sender=org.freedesktop.DBus -> destination=(null destination) serial=296 path=/org/freedesktop/DBus; interface=org.freedesktop.DBus; member=NameOwnerChanged
   string ":1.148"
   string ":1.148"
   string ""
signal time=1788729161.077838 sender=:1.2 -> destination=(null destination) serial=161 path=/org/a11y/atspi/registry; interface=org.a11y.atspi.Registry; member=EventListenerDeregistered
   string ":1.148"
   string ""
signal time=1788729161.081857 sender=org.freedesktop.DBus -> destination=(null destination) serial=297 path=/org/freedesktop/DBus; interface=org.freedesktop.DBus; member=NameOwnerChanged
   string ":1.149"
   string ""
   string ":1.149"
signal time=1788729161.081884 sender=org.freedesktop.DBus -> destination=:1.149 serial=2 path=/org/freedesktop/DBus; interface=org.freedesktop.DBus; member=NameAcquired
   string ":1.149"
signal time=1788729161.083491 sender=org.freedesktop.DBus -> destination=:1.149 serial=3 path=/org/freedesktop/DBus; interface=org.freedesktop.DBus; member=NameLost
   string ":1.149"
signal time=1788729161.083504 sender=org.freedesktop.DBus -> destination=(null destination) serial=298 path=/org/freedesktop/DBus; interface=org.freedesktop.DBus; member=NameOwnerChanged
   string ":1.149"
   string ":1.149"
   string ""
signal time=1788729161.083643 sender=:1.2 -> destination=(null destination) serial=162 path=/org/a11y/atspi/registry; interface=org.a11y.atspi.Registry; member=EventListenerDeregistered
   string ":1.149"
   string ""
signal time=1788729161.087824 sender=org.freedesktop.DBus -> destination=(null destination) serial=299 path=/org/freedesktop/DBus; interface=org.freedesktop.DBus; member=NameOwnerChanged
   string ":1.150"
   string ""
   string ":1.150"
signal time=1788729161.087852 sender=org.freedesktop.DBus -> destination=:1.150 serial=2 path=/org/freedesktop/DBus; interface=org.freedesktop.DBus; member=NameAcquired
   string ":1.150"
signal time=1788729161.089719 sender=org.freedesktop.DBus -> destination=:1.150 serial=3 path=/org/freedesktop/DBus; interface=org.freedesktop.DBus; member=NameLost
   string ":1.150"
signal time=1788729161.089749 sender=org.freedesktop.DBus -> destination=(null destination) serial=300 path=/org/freedesktop/DBus; interface=org.freedesktop.DBus; member=NameOwnerChanged
   string ":1.150"
   string ":1.150"
   string ""
signal time=1788729161.089860 sender=:1.2 -> destination=(null destination) serial=163 path=/org/a11y/atspi/registry; interface=org.a11y.atspi.Registry; member=EventListenerDeregistered
   string ":1.150"
   string ""
signal time=1788729161.093774 sender=org.freedesktop.DBus -> destination=(null destination) serial=301 path=/org/freedesktop/DBus; interface=org.freedesktop.DBus; member=NameOwnerChanged
   string ":1.151"
   string ""
   string ":1.151"
signal time=1788729161.093807 sender=org.freedesktop.DBus -> destination=:1.151 serial=2 path=/org/freedesktop/DBus; interface=org.freedesktop.DBus; member=NameAcquired
   string ":1.151"
signal time=1788729161.095259 sender=org.freedesktop.DBus -> destination=:1.151 serial=3 path=/org/freedesktop/DBus; interface=org.freedesktop.DBus; member=NameLost
   string ":1.151"
signal time=1788729161.095276 sender=org.freedesktop.DBus -> destination=(null destination) serial=302 path=/org/freedesktop/DBus; interface=org.freedesktop.DBus; member=NameOwnerChanged
   string ":1.151"
   string ":1.151"
   string ""
signal time=1788729161.095367 sender=:1.2 -> destination=(null destination) serial=164 path=/org/a11y/atspi/registry; interface=org.a11y.atspi.Registry; member=EventListenerDeregistered
   string ":1.151"
   string ""
signal time=1788729161.099504 sender=org.freedesktop.DBus -> destination=(null destination) serial=303 path=/org/freedesktop/DBus; interface=org.freedesktop.DBus; member=NameOwnerChanged
   string ":1.152"
   string ""
   string ":1.152"
signal time=1788729161.099529 sender=org.freedesktop.DBus -> destination=:1.152 serial=2 path=/org/freedesktop/DBus; interface=org.freedesktop.DBus; member=NameAcquired
   string ":1.152"
signal time=1788729161.101057 sender=org.freedesktop.DBus -> destination=:1.152 serial=3 path=/org/freedesktop/DBus; interface=org.freedesktop.DBus; member=NameLost
   string ":1.152"
signal time=1788729161.101070 sender=org.freedesktop.DBus -> destination=(null destination) serial=304 path=/org/freedesktop/DBus; interface=org.freedesktop.DBus; member=NameOwnerChanged
   string ":1.152"
   string ":1.152"
   string ""
signal time=1788729161.101164 sender=:1.2 -> destination=(null destination) serial=165 path=/org/a11y/atspi/registry; interface=org.a11y.atspi.Registry; member=EventListenerDeregistered
   string ":1.152"
   string ""
signal time=1788729161.105838 sender=org.freedesktop.DBus -> destination=(null destination) serial=305 path=/org/freedesktop/DBus; interface=org.freedesktop.DBus; member=NameOwnerChanged
   string ":1.153"
   string ""
   string ":1.153"
signal time=1788729161.105869 sender=org.freedesktop.DBus -> destination=:1.153 serial=2 path=/org/freedesktop/DBus; interface=org.freedesktop.DBus; member=NameAcquired
   string ":1.153"
signal time=1788729161.107657 sender=org.freedesktop.DBus -> destination=:1.153 serial=3 path=/org/freedesktop/DBus; interface=org.freedesktop.DBus; member=NameLost
   string ":1.153"
signal time=1788729161.107669 sender=org.freedesktop.DBus -> destination=(null destination) serial=306 path=/org/freedesktop/DBus; interface=org.freedesktop.DBus; member=NameOwnerChanged
   string ":1.153"
   string ":1.153"
   string ""
signal time=1788729161.107759 sender=:1.2 -> destination=(null destination) serial=166 path=/org/a11y/atspi/registry; interface=org.a11y.atspi.Registry; member=EventListenerDeregistered
   string ":1.153"
   string ""
signal time=1788729161.113014 sender=org.freedesktop.DBus -> destination=(null destination) serial=307 path=/org/freedesktop/DBus; interface=org.freedesktop.DBus; member=NameOwnerChanged
   string ":1.154"
   string ""
   string ":1.154"
signal time=1788729161.113034 sender=org.freedesktop.DBus -> destination=:1.154 serial=2 path=/org/freedesktop/DBus; interface=org.freedesktop.DBus; member=NameAcquired
   string ":1.154"
signal time=1788729161.114171 sender=org.freedesktop.DBus -> destination=:1.154 serial=3 path=/org/freedesktop/DBus; interface=org.freedesktop.DBus; member=NameLost
   string ":1.154"
signal time=1788729161.114185 sender=org.freedesktop.DBus -> destination=(null destination) serial=308 path=/org/freedesktop/DBus; interface=org.freedesktop.DBus; member=NameOwnerChanged
   string ":1.154"
   string ":1.154"
   string ""
signal time=1788729161.114328 sender=:1.2 -> destination=(null destination) serial=167 path=/org/a11y/atspi/registry; interface=org.a11y.atspi.Registry; member=EventListenerDeregistered
   string ":1.154"
   string ""
signal time=1788729161.118476 sender=org.freedesktop.DBus -> destination=(null destination) serial=309 path=/org/freedesktop/DBus; interface=org.freedesktop.DBus; member=NameOwnerChanged
   string ":1.155"
   string ""
   string ":1.155"
signal time=1788729161.118497 sender=org.freedesktop.DBus -> destination=:1.155 serial=2 path=/org/freedesktop/DBus; interface=org.freedesktop.DBus; member=NameAcquired
   string ":1.155"
signal time=1788729161.120419 sender=org.freedesktop.DBus -> destination=:1.155 serial=3 path=/org/freedesktop/DBus; interface=org.freedesktop.DBus; member=NameLost
   string ":1.155"
signal time=1788729161.120433 sender=org.freedesktop.DBus -> destination=(null destination) serial=310 path=/org/freedesktop/DBus; interface=org.freedesktop.DBus; member=NameOwnerChanged
   string ":1.155"
   string ":1.155"
   string ""
signal time=1788729161.120535 sender=:1.2 -> destination=(null destination) serial=168 path=/org/a11y/atspi/registry; interface=org.a11y.atspi.Registry; member=EventListenerDeregistered
   string ":1.155"
   string ""
signal time=1788729161.124569 sender=org.freedesktop.DBus -> destination=(null destination) serial=311 path=/org/freedesktop/DBus; interface=org.freedesktop.DBus; member=NameOwnerChanged
   string ":1.156"
   string ""
   string ":1.156"
signal time=1788729161.124595 sender=org.freedesktop.DBus -> destination=:1.156 serial=2 path=/org/freedesktop/DBus; interface=org.freedesktop.DBus; member=NameAcquired
   string ":1.156"
signal time=1788729161.125850 sender=org.freedesktop.DBus -> destination=:1.156 serial=3 path=/org/freedesktop/DBus; interface=org.freedesktop.DBus; member=NameLost
   string ":1.156"
signal time=1788729161.125870 sender=org.freedesktop.DBus -> destination=(null destination) serial=312 path=/org/freedesktop/DBus; interface=org.freedesktop.DBus; member=NameOwnerChanged
   string ":1.156"
   string ":1.156"
   string ""
signal time=1788729161.125979 sender=:1.2 -> destination=(null destination) serial=169 path=/org/a11y/atspi/registry; interface=org.a11y.atspi.Registry; member=EventListenerDeregistered
   string ":1.156"
   string ""
signal time=1788729161.129961 sender=org.freedesktop.DBus -> destination=(null destination) serial=313 path=/org/freedesktop/DBus; interface=org.freedesktop.DBus; member=NameOwnerChanged
   string ":1.157"
   string ""
   string ":1.157"
signal time=1788729161.129983 sender=org.freedesktop.DBus -> destination=:1.157 serial=2 path=/org/freedesktop/DBus; interface=org.freedesktop.DBus; member=NameAcquired
   string ":1.157"
signal time=1788729161.131487 sender=org.freedesktop.DBus -> destination=:1.157 serial=3 path=/org/freedesktop/DBus; interface=org.freedesktop.DBus; member=NameLost
   string ":1.157"
signal time=1788729161.131503 sender=org.freedesktop.DBus -> destination=(null destination) serial=314 path=/org/freedesktop/DBus; interface=org.freedesktop.DBus; member=NameOwnerChanged
   string ":1.157"
   string ":1.157"
   string ""
signal time=1788729161.131626 sender=:1.2 -> destination=(null destination) serial=170 path=/org/a11y/atspi/registry; interface=org.a11y.atspi.Registry; member=EventListenerDeregistered
   string ":1.157"
   string ""
signal time=1788729161.135417 sender=org.freedesktop.DBus -> destination=(null destination) serial=315 path=/org/freedesktop/DBus; interface=org.freedesktop.DBus; member=NameOwnerChanged
   string ":1.158"
   string ""
   string ":1.158"
signal time=1788729161.135459 sender=org.freedesktop.DBus -> destination=:1.158 serial=2 path=/org/freedesktop/DBus; interface=org.freedesktop.DBus; member=NameAcquired
   string ":1.158"
signal time=1788729161.137718 sender=org.freedesktop.DBus -> destination=:1.158 serial=3 path=/org/freedesktop/DBus; interface=org.freedesktop.DBus; member=NameLost
   string ":1.158"
signal time=1788729161.137751 sender=org.freedesktop.DBus -> destination=(null destination) serial=316 path=/org/freedesktop/DBus; interface=org.freedesktop.DBus; member=NameOwnerChanged
   string ":1.158"
   string ":1.158"
   string ""
signal time=1788729161.137912 sender=:1.2 -> destination=(null destination) serial=171 path=/org/a11y/atspi/registry; interface=org.a11y.atspi.Registry; member=EventListenerDeregistered
   string ":1.158"
   string ""
signal time=1788729161.142086 sender=org.freedesktop.DBus -> destination=(null destination) serial=317 path=/org/freedesktop/DBus; interface=org.freedesktop.DBus; member=NameOwnerChanged
   string ":1.159"
   string ""
   string ":1.159"
signal time=1788729161.142107 sender=org.freedesktop.DBus -> destination=:1.159 serial=2 path=/org/freedesktop/DBus; interface=org.freedesktop.DBus; member=NameAcquired
   string ":1.159"
signal time=1788729161.143409 sender=org.freedesktop.DBus -> destination=:1.159 serial=3 path=/org/freedesktop/DBus; interface=org.freedesktop.DBus; member=NameLost
   string ":1.159"
signal time=1788729161.143422 sender=org.freedesktop.DBus -> destination=(null destination) serial=318 path=/org/freedesktop/DBus; interface=org.freedesktop.DBus; member=NameOwnerChanged
   string ":1.159"
   string ":1.159"
   string ""
signal time=1788729161.143491 sender=:1.2 -> destination=(null destination) serial=172 path=/org/a11y/atspi/registry; interface=org.a11y.atspi.Registry; member=EventListenerDeregistered
   string ":1.159"
   string ""
signal time=1788729161.147151 sender=org.freedesktop.DBus -> destination=(null destination) serial=319 path=/org/freedesktop/DBus; interface=org.freedesktop.DBus; member=NameOwnerChanged
   string ":1.160"
   string ""
   string ":1.160"
signal time=1788729161.147174 sender=org.freedesktop.DBus -> destination=:1.160 serial=2 path=/org/freedesktop/DBus; interface=org.freedesktop.DBus; member=NameAcquired
   string ":1.160"
signal time=1788729161.148798 sender=org.freedesktop.DBus -> destination=:1.160 serial=3 path=/org/freedesktop/DBus; interface=org.freedesktop.DBus; member=NameLost
   string ":1.160"
signal time=1788729161.148809 sender=org.freedesktop.DBus -> destination=(null destination) serial=320 path=/org/freedesktop/DBus; interface=org.freedesktop.DBus; member=NameOwnerChanged
   string ":1.160"
   string ":1.160"
   string ""
signal time=1788729161.148856 sender=:1.2 -> destination=(null destination) serial=173 path=/org/a11y/atspi/registry; interface=org.a11y.atspi.Registry; member=EventListenerDeregistered
   string ":1.160"
   string ""
signal time=1788729161.152493 sender=org.freedesktop.DBus -> destination=(null destination) serial=321 path=/org/freedesktop/DBus; interface=org.freedesktop.DBus; member=NameOwnerChanged
   string ":1.161"
   string ""
   string ":1.161"
signal time=1788729161.152513 sender=org.freedesktop.DBus -> destination=:1.161 serial=2 path=/org/freedesktop/DBus; interface=org.freedesktop.DBus; member=NameAcquired
   string ":1.161"
signal time=1788729161.154037 sender=org.freedesktop.DBus -> destination=:1.161 serial=3 path=/org/freedesktop/DBus; interface=org.freedesktop.DBus; member=NameLost
   string ":1.161"
signal time=1788729161.154054 sender=org.freedesktop.DBus -> destination=(null destination) serial=322 path=/org/freedesktop/DBus; interface=org.freedesktop.DBus; member=NameOwnerChanged
   string ":1.161"
   string ":1.161"
   string ""
signal time=1788729161.154228 sender=:1.2 -> destination=(null destination) serial=174 path=/org/a11y/atspi/registry; interface=org.a11y.atspi.Registry; member=EventListenerDeregistered
   string ":1.161"
   string ""
signal time=1788729161.158697 sender=org.freedesktop.DBus -> destination=(null destination) serial=323 path=/org/freedesktop/DBus; interface=org.freedesktop.DBus; member=NameOwnerChanged
   string ":1.162"
   string ""
   string ":1.162"
signal time=1788729161.158719 sender=org.freedesktop.DBus -> destination=:1.162 serial=2 path=/org/freedesktop/DBus; interface=org.freedesktop.DBus; member=NameAcquired
   string ":1.162"
signal time=1788729161.160326 sender=org.freedesktop.DBus -> destination=:1.162 serial=3 path=/org/freedesktop/DBus; interface=org.freedesktop.DBus; member=NameLost
   string ":1.162"
signal time=1788729161.160354 sender=org.freedesktop.DBus -> destination=(null destination) serial=324 path=/org/freedesktop/DBus; interface=org.freedesktop.DBus; member=NameOwnerChanged
   string ":1.162"
   string ":1.162"
   string ""
signal time=1788729161.160537 sender=:1.2 -> destination=(null destination) serial=175 path=/org/a11y/atspi/registry; interface=org.a11y.atspi.Registry; member=EventListenerDeregistered
   string ":1.162"
   string ""
signal time=1788729161.164821 sender=org.freedesktop.DBus -> destination=(null destination) serial=325 path=/org/freedesktop/DBus; interface=org.freedesktop.DBus; member=NameOwnerChanged
   string ":1.163"
   string ""
   string ":1.163"
signal time=1788729161.164842 sender=org.freedesktop.DBus -> destination=:1.163 serial=2 path=/org/freedesktop/DBus; interface=org.freedesktop.DBus; member=NameAcquired
   string ":1.163"
signal time=1788729161.166370 sender=org.freedesktop.DBus -> destination=:1.163 serial=3 path=/org/freedesktop/DBus; interface=org.freedesktop.DBus; member=NameLost
   string ":1.163"
signal time=1788729161.166382 sender=org.freedesktop.DBus -> destination=(null destination) serial=326 path=/org/freedesktop/DBus; interface=org.freedesktop.DBus; member=NameOwnerChanged
   string ":1.163"
   string ":1.163"
   string ""
signal time=1788729161.166457 sender=:1.2 -> destination=(null destination) serial=176 path=/org/a11y/atspi/registry; interface=org.a11y.atspi.Registry; member=EventListenerDeregistered
   string ":1.163"
   string ""
signal time=1788729161.170972 sender=org.freedesktop.DBus -> destination=(null destination) serial=327 path=/org/freedesktop/DBus; interface=org.freedesktop.DBus; member=NameOwnerChanged
   string ":1.164"
   string ""
   string ":1.164"
signal time=1788729161.171000 sender=org.freedesktop.DBus -> destination=:1.164 serial=2 path=/org/freedesktop/DBus; interface=org.freedesktop.DBus; member=NameAcquired
   string ":1.164"
signal time=1788729161.172758 sender=org.freedesktop.DBus -> destination=:1.164 serial=3 path=/org/freedesktop/DBus; interface=org.freedesktop.DBus; member=NameLost
   string ":1.164"
signal time=1788729161.172775 sender=org.freedesktop.DBus -> destination=(null destination) serial=328 path=/org/freedesktop/DBus; interface=org.freedesktop.DBus; member=NameOwnerChanged
   string ":1.164"
   string ":1.164"
   string ""
signal time=1788729161.172904 sender=:1.2 -> destination=(null destination) serial=177 path=/org/a11y/atspi/registry; interface=org.a11y.atspi.Registry; member=EventListenerDeregistered
   string ":1.164"
   string ""
signal time=1788729161.177152 sender=org.freedesktop.DBus -> destination=(null destination) serial=329 path=/org/freedesktop/DBus; interface=org.freedesktop.DBus; member=NameOwnerChanged
   string ":1.165"
   string ""
   string ":1.165"
signal time=1788729161.177178 sender=org.freedesktop.DBus -> destination=:1.165 serial=2 path=/org/freedesktop/DBus; interface=org.freedesktop.DBus; member=NameAcquired
   string ":1.165"
signal time=1788729161.178674 sender=org.freedesktop.DBus -> destination=:1.165 serial=3 path=/org/freedesktop/DBus; interface=org.freedesktop.DBus; member=NameLost
   string ":1.165"
signal time=1788729161.178704 sender=org.freedesktop.DBus -> destination=(null destination) serial=330 path=/org/freedesktop/DBus; interface=org.freedesktop.DBus; member=NameOwnerChanged
   string ":1.165"
   string ":1.165"
   string ""
signal time=1788729161.178871 sender=:1.2 -> destination=(null destination) serial=178 path=/org/a11y/atspi/registry; interface=org.a11y.atspi.Registry; member=EventListenerDeregistered
   string ":1.165"
   string ""
signal time=1788729161.182435 sender=org.freedesktop.DBus -> destination=(null destination) serial=331 path=/org/freedesktop/DBus; interface=org.freedesktop.DBus; member=NameOwnerChanged
   string ":1.166"
   string ""
   string ":1.166"
signal time=1788729161.182469 sender=org.freedesktop.DBus -> destination=:1.166 serial=2 path=/org/freedesktop/DBus; interface=org.freedesktop.DBus; member=NameAcquired
   string ":1.166"
signal time=1788729161.183951 sender=org.freedesktop.DBus -> destination=:1.166 serial=3 path=/org/freedesktop/DBus; interface=org.freedesktop.DBus; member=NameLost
   string ":1.166"
signal time=1788729161.183962 sender=org.freedesktop.DBus -> destination=(null destination) serial=332 path=/org/freedesktop/DBus; interface=org.freedesktop.DBus; member=NameOwnerChanged
   string ":1.166"
   string ":1.166"
   string ""
signal time=1788729161.184095 sender=:1.2 -> destination=(null destination) serial=179 path=/org/a11y/atspi/registry; interface=org.a11y.atspi.Registry; member=EventListenerDeregistered
   string ":1.166"
   string ""
signal time=1788729161.188321 sender=org.freedesktop.DBus -> destination=(null destination) serial=333 path=/org/freedesktop/DBus; interface=org.freedesktop.DBus; member=NameOwnerChanged
   string ":1.167"
   string ""
   string ":1.167"
signal time=1788729161.188344 sender=org.freedesktop.DBus -> destination=:1.167 serial=2 path=/org/freedesktop/DBus; interface=org.freedesktop.DBus; member=NameAcquired
   string ":1.167"
signal time=1788729161.189659 sender=org.freedesktop.DBus -> destination=:1.167 serial=3 path=/org/freedesktop/DBus; interface=org.freedesktop.DBus; member=NameLost
   string ":1.167"
signal time=1788729161.189719 sender=org.freedesktop.DBus -> destination=(null destination) serial=334 path=/org/freedesktop/DBus; interface=org.freedesktop.DBus; member=NameOwnerChanged
   string ":1.167"
   string ":1.167"
   string ""
signal time=1788729161.189836 sender=:1.2 -> destination=(null destination) serial=180 path=/org/a11y/atspi/registry; interface=org.a11y.atspi.Registry; member=EventListenerDeregistered
   string ":1.167"
   string ""
signal time=1788729161.193914 sender=org.freedesktop.DBus -> destination=(null destination) serial=335 path=/org/freedesktop/DBus; interface=org.freedesktop.DBus; member=NameOwnerChanged
   string ":1.168"
   string ""
   string ":1.168"
signal time=1788729161.193936 sender=org.freedesktop.DBus -> destination=:1.168 serial=2 path=/org/freedesktop/DBus; interface=org.freedesktop.DBus; member=NameAcquired
   string ":1.168"
signal time=1788729161.195621 sender=org.freedesktop.DBus -> destination=:1.168 serial=3 path=/org/freedesktop/DBus; interface=org.freedesktop.DBus; member=NameLost
   string ":1.168"
signal time=1788729161.195636 sender=org.freedesktop.DBus -> destination=(null destination) serial=336 path=/org/freedesktop/DBus; interface=org.freedesktop.DBus; member=NameOwnerChanged
   string ":1.168"
   string ":1.168"
   string ""
signal time=1788729161.195774 sender=:1.2 -> destination=(null destination) serial=181 path=/org/a11y/atspi/registry; interface=org.a11y.atspi.Registry; member=EventListenerDeregistered
   string ":1.168"
   string ""
signal time=1788729161.199715 sender=org.freedesktop.DBus -> destination=(null destination) serial=337 path=/org/freedesktop/DBus; interface=org.freedesktop.DBus; member=NameOwnerChanged
   string ":1.169"
   string ""
   string ":1.169"
signal time=1788729161.199744 sender=org.freedesktop.DBus -> destination=:1.169 serial=2 path=/org/freedesktop/DBus; interface=org.freedesktop.DBus; member=NameAcquired
   string ":1.169"
signal time=1788729161.201672 sender=org.freedesktop.DBus -> destination=:1.169 serial=3 path=/org/freedesktop/DBus; interface=org.freedesktop.DBus; member=NameLost
   string ":1.169"
signal time=1788729161.201685 sender=org.freedesktop.DBus -> destination=(null destination) serial=338 path=/org/freedesktop/DBus; interface=org.freedesktop.DBus; member=NameOwnerChanged
   string ":1.169"
   string ":1.169"
   string ""
signal time=1788729161.201875 sender=:1.2 -> destination=(null destination) serial=182 path=/org/a11y/atspi/registry; interface=org.a11y.atspi.Registry; member=EventListenerDeregistered
   string ":1.169"
   string ""
signal time=1788729161.206549 sender=org.freedesktop.DBus -> destination=(null destination) serial=339 path=/org/freedesktop/DBus; interface=org.freedesktop.DBus; member=NameOwnerChanged
   string ":1.170"
   string ""
   string ":1.170"
signal time=1788729161.206572 sender=org.freedesktop.DBus -> destination=:1.170 serial=2 path=/org/freedesktop/DBus; interface=org.freedesktop.DBus; member=NameAcquired
   string ":1.170"
signal time=1788729161.208360 sender=org.freedesktop.DBus -> destination=:1.170 serial=3 path=/org/freedesktop/DBus; interface=org.freedesktop.DBus; member=NameLost
   string ":1.170"
signal time=1788729161.208370 sender=org.freedesktop.DBus -> destination=(null destination) serial=340 path=/org/freedesktop/DBus; interface=org.freedesktop.DBus; member=NameOwnerChanged
   string ":1.170"
   string ":1.170"
   string ""
signal time=1788729161.208530 sender=:1.2 -> destination=(null destination) serial=183 path=/org/a11y/atspi/registry; interface=org.a11y.atspi.Registry; member=EventListenerDeregistered
   string ":1.170"
   string ""
signal time=1788729161.212268 sender=org.freedesktop.DBus -> destination=(null destination) serial=341 path=/org/freedesktop/DBus; interface=org.freedesktop.DBus; member=NameOwnerChanged
   string ":1.171"
   string ""
   string ":1.171"
signal time=1788729161.212284 sender=org.freedesktop.DBus -> destination=:1.171 serial=2 path=/org/freedesktop/DBus; interface=org.freedesktop.DBus; member=NameAcquired
   string ":1.171"
signal time=1788729161.213749 sender=org.freedesktop.DBus -> destination=:1.171 serial=3 path=/org/freedesktop/DBus; interface=org.freedesktop.DBus; member=NameLost
   string ":1.171"
signal time=1788729161.213765 sender=org.freedesktop.DBus -> destination=(null destination) serial=342 path=/org/freedesktop/DBus; interface=org.freedesktop.DBus; member=NameOwnerChanged
   string ":1.171"
   string ":1.171"
   string ""
signal time=1788729161.213862 sender=:1.2 -> destination=(null destination) serial=184 path=/org/a11y/atspi/registry; interface=org.a11y.atspi.Registry; member=EventListenerDeregistered
   string ":1.171"
   string ""
signal time=1788729161.217306 sender=org.freedesktop.DBus -> destination=(null destination) serial=343 path=/org/freedesktop/DBus; interface=org.freedesktop.DBus; member=NameOwnerChanged
   string ":1.172"
   string ""
   string ":1.172"
signal time=1788729161.217323 sender=org.freedesktop.DBus -> destination=:1.172 serial=2 path=/org/freedesktop/DBus; interface=org.freedesktop.DBus; member=NameAcquired
   string ":1.172"
signal time=1788729161.219077 sender=org.freedesktop.DBus -> destination=:1.172 serial=3 path=/org/freedesktop/DBus; interface=org.freedesktop.DBus; member=NameLost
   string ":1.172"
signal time=1788729161.219093 sender=org.freedesktop.DBus -> destination=(null destination) serial=344 path=/org/freedesktop/DBus; interface=org.freedesktop.DBus; member=NameOwnerChanged
   string ":1.172"
   string ":1.172"
   string ""
signal time=1788729161.219244 sender=:1.2 -> destination=(null destination) serial=185 path=/org/a11y/atspi/registry; interface=org.a11y.atspi.Registry; member=EventListenerDeregistered
   string ":1.172"
   string ""
signal time=1788729161.543771 sender=:1.1 -> destination=(null destination) serial=424 path=/org/a11y/atspi/accessible/root; interface=org.a11y.atspi.Event.Object; member=Announcement
   string "Action refused. Error: View / Fit to Board: Fit is unavailable because the focused pane has no resolved camera view."
   int32 1
   int32 0
   variant       string "Action refused. Error: View / Fit to Board: Fit is unavailable because the focused pane has no resolved camera view."
   array [
   ]
signal time=1788729161.548740 sender=:1.1 -> destination=(null destination) serial=425 path=/org/a11y/atspi/accessible/menus/n6d656e753a56696577; interface=org.a11y.atspi.Event.Object; member=ChildrenChanged
   string "remove"
   int32 21
   int32 0
   variant       struct {
         string ":1.1"
         object path "/org/a11y/atspi/accessible/menus/n6d656e753a566965772f766965772e636f6e736f6c655f686973746f7279"
      }
   array [
   ]
signal time=1788729161.548845 sender=:1.1 -> destination=(null destination) serial=426 path=/org/a11y/atspi/accessible/menus/n6d656e753a56696577; interface=org.a11y.atspi.Event.Object; member=ChildrenChanged
   string "remove"
   int32 20
   int32 0
   variant       struct {
         string ":1.1"
         object path "/org/a11y/atspi/accessible/menus/n6d656e753a566965772f766965772e637572736f722e6e6f6e65"
      }
   array [
   ]
signal time=1788729161.548912 sender=:1.1 -> destination=(null destination) serial=427 path=/org/a11y/atspi/accessible/menus/n6d656e753a56696577; interface=org.a11y.atspi.Event.Object; member=ChildrenChanged
   string "remove"
   int32 19
   int32 0
   variant       struct {
         string ":1.1"
         object path "/org/a11y/atspi/accessible/menus/n6d656e753a566965772f766965772e637572736f722e736d616c6c"
      }
   array [
   ]
signal time=1788729161.548986 sender=:1.1 -> destination=(null destination) serial=428 path=/org/a11y/atspi/accessible/menus/n6d656e753a56696577; interface=org.a11y.atspi.Event.Object; member=ChildrenChanged
   string "remove"
   int32 18
   int32 0
   variant       struct {
         string ":1.1"
         object path "/org/a11y/atspi/accessible/menus/n6d656e753a566965772f766965772e637572736f722e66756c6c"
      }
   array [
   ]
signal time=1788729161.549036 sender=:1.1 -> destination=(null destination) serial=429 path=/org/a11y/atspi/accessible/menus/n6d656e753a56696577; interface=org.a11y.atspi.Event.Object; member=ChildrenChanged
   string "remove"
   int32 17
   int32 0
   variant       struct {
         string ":1.1"
         object path "/org/a11y/atspi/accessible/menus/n6d656e753a566965772f766965772e7072657365745f626f6172645f736368656d61746963"
      }
   array [
   ]
signal time=1788729161.549082 sender=:1.1 -> destination=(null destination) serial=430 path=/org/a11y/atspi/accessible/menus/n6d656e753a56696577; interface=org.a11y.atspi.Event.Object; member=ChildrenChanged
   string "remove"
   int32 16
   int32 0
   variant       struct {
         string ":1.1"
         object path "/org/a11y/atspi/accessible/menus/n6d656e753a566965772f766965772e7072657365745f73696e676c65"
      }
   array [
   ]
signal time=1788729161.549129 sender=:1.1 -> destination=(null destination) serial=431 path=/org/a11y/atspi/accessible/menus/n6d656e753a56696577; interface=org.a11y.atspi.Event.Object; member=ChildrenChanged
   string "remove"
   int32 15
   int32 0
   variant       struct {
         string ":1.1"
         object path "/org/a11y/atspi/accessible/menus/n6d656e753a566965772f766965772e66696c6c5f736368656d61746963"
      }
   array [
   ]
signal time=1788729161.549176 sender=:1.1 -> destination=(null destination) serial=432 path=/org/a11y/atspi/accessible/menus/n6d656e753a56696577; interface=org.a11y.atspi.Event.Object; member=ChildrenChanged
   string "remove"
   int32 14
   int32 0
   variant       struct {
         string ":1.1"
         object path "/org/a11y/atspi/accessible/menus/n6d656e753a566965772f766965772e66696c6c5f626f617264"
      }
   array [
   ]
signal time=1788729161.549611 sender=:1.1 -> destination=(null destination) serial=433 path=/org/a11y/atspi/accessible/menus/n6d656e753a56696577; interface=org.a11y.atspi.Event.Object; member=ChildrenChanged
   string "remove"
   int32 13
   int32 0
   variant       struct {
         string ":1.1"
         object path "/org/a11y/atspi/accessible/menus/n6d656e753a566965772f766965772e666f6375735f70726576"
      }
   array [
   ]
signal time=1788729161.549657 sender=:1.1 -> destination=(null destination) serial=434 path=/org/a11y/atspi/accessible/menus/n6d656e753a56696577; interface=org.a11y.atspi.Event.Object; member=ChildrenChanged
   string "remove"
   int32 12
   int32 0
   variant       struct {
         string ":1.1"
         object path "/org/a11y/atspi/accessible/menus/n6d656e753a566965772f766965772e666f6375735f6e657874"
      }
   array [
   ]
signal time=1788729161.549689 sender=:1.1 -> destination=(null destination) serial=435 path=/org/a11y/atspi/accessible/menus/n6d656e753a56696577; interface=org.a11y.atspi.Event.Object; member=ChildrenChanged
   string "remove"
   int32 11
   int32 0
   variant       struct {
         string ":1.1"
         object path "/org/a11y/atspi/accessible/menus/n6d656e753a566965772f766965772e6d6178696d697a655f70616e65"
      }
   array [
   ]
signal time=1788729161.549720 sender=:1.1 -> destination=(null destination) serial=436 path=/org/a11y/atspi/accessible/menus/n6d656e753a56696577; interface=org.a11y.atspi.Event.Object; member=ChildrenChanged
   string "remove"
   int32 10
   int32 0
   variant       struct {
         string ":1.1"
         object path "/org/a11y/atspi/accessible/menus/n6d656e753a566965772f766965772e636c6f73655f70616e65"
      }
   array [
   ]
signal time=1788729161.549751 sender=:1.1 -> destination=(null destination) serial=437 path=/org/a11y/atspi/accessible/menus/n6d656e753a56696577; interface=org.a11y.atspi.Event.Object; member=ChildrenChanged
   string "remove"
   int32 9
   int32 0
   variant       struct {
         string ":1.1"
         object path "/org/a11y/atspi/accessible/menus/n6d656e753a566965772f766965772e73706c69745f686f72697a6f6e74616c"
      }
   array [
   ]
signal time=1788729161.549782 sender=:1.1 -> destination=(null destination) serial=438 path=/org/a11y/atspi/accessible/menus/n6d656e753a56696577; interface=org.a11y.atspi.Event.Object; member=ChildrenChanged
   string "remove"
   int32 8
   int32 0
   variant       struct {
         string ":1.1"
         object path "/org/a11y/atspi/accessible/menus/n6d656e753a566965772f766965772e73706c69745f766572746963616c"
      }
   array [
   ]
signal time=1788729161.549813 sender=:1.1 -> destination=(null destination) serial=439 path=/org/a11y/atspi/accessible/menus/n6d656e753a56696577; interface=org.a11y.atspi.Event.Object; member=ChildrenChanged
   string "remove"
   int32 7
   int32 0
   variant       struct {
         string ":1.1"
         object path "/org/a11y/atspi/accessible/menus/n6d656e753a566965772f766965772e7265736574"
      }
   array [
   ]
signal time=1788729161.549845 sender=:1.1 -> destination=(null destination) serial=440 path=/org/a11y/atspi/accessible/menus/n6d656e753a56696577; interface=org.a11y.atspi.Event.Object; member=ChildrenChanged
   string "remove"
   int32 6
   int32 0
   variant       struct {
         string ":1.1"
         object path "/org/a11y/atspi/accessible/menus/n6d656e753a566965772f766965772e70616e656c73"
      }
   array [
   ]
signal time=1788729161.549876 sender=:1.1 -> destination=(null destination) serial=441 path=/org/a11y/atspi/accessible/menus/n6d656e753a56696577; interface=org.a11y.atspi.Event.Object; member=ChildrenChanged
   string "remove"
   int32 5
   int32 0
   variant       struct {
         string ":1.1"
         object path "/org/a11y/atspi/accessible/menus/n6d656e753a566965772f766965772e6c6179657273"
      }
   array [
   ]
signal time=1788729161.549907 sender=:1.1 -> destination=(null destination) serial=442 path=/org/a11y/atspi/accessible/menus/n6d656e753a56696577; interface=org.a11y.atspi.Event.Object; member=ChildrenChanged
   string "remove"
   int32 4
   int32 0
   variant       struct {
         string ":1.1"
         object path "/org/a11y/atspi/accessible/menus/n6d656e753a566965772f766965772e66756c6c73637265656e5f7374616765"
      }
   array [
   ]
signal time=1788729161.549954 sender=:1.1 -> destination=(null destination) serial=443 path=/org/a11y/atspi/accessible/menus/n6d656e753a56696577; interface=org.a11y.atspi.Event.Object; member=ChildrenChanged
   string "remove"
   int32 3
   int32 0
   variant       struct {
         string ":1.1"
         object path "/org/a11y/atspi/accessible/menus/n6d656e753a566965772f766965772e70616e655f7a6f6f6d"
      }
   array [
   ]
signal time=1788729161.549986 sender=:1.1 -> destination=(null destination) serial=444 path=/org/a11y/atspi/accessible/menus/n6d656e753a56696577; interface=org.a11y.atspi.Event.Object; member=ChildrenChanged
   string "remove"
   int32 2
   int32 0
   variant       struct {
         string ":1.1"
         object path "/org/a11y/atspi/accessible/menus/n6d656e753a566965772f766965772e7a6f6f6d5f6f7574"
      }
   array [
   ]
signal time=1788729161.550064 sender=:1.1 -> destination=(null destination) serial=445 path=/org/a11y/atspi/accessible/menus/n6d656e753a56696577; interface=org.a11y.atspi.Event.Object; member=ChildrenChanged
   string "remove"
   int32 1
   int32 0
   variant       struct {
         string ":1.1"
         object path "/org/a11y/atspi/accessible/menus/n6d656e753a566965772f766965772e7a6f6f6d5f696e"
      }
   array [
   ]
signal time=1788729161.550099 sender=:1.1 -> destination=(null destination) serial=446 path=/org/a11y/atspi/accessible/menus/n6d656e753a56696577; interface=org.a11y.atspi.Event.Object; member=ChildrenChanged
   string "remove"
   int32 0
   int32 0
   variant       struct {
         string ":1.1"
         object path "/org/a11y/atspi/accessible/menus/n6d656e753a566965772f766965772e666974"
      }
   array [
   ]
signal time=1788729161.550152 sender=:1.1 -> destination=(null destination) serial=447 path=/org/a11y/atspi/accessible/root; interface=org.a11y.atspi.Event.Object; member=ChildrenChanged
   string "remove"
   int32 1
   int32 0
   variant       struct {
         string ":1.1"
         object path "/org/a11y/atspi/accessible/menus/n6d656e753a56696577"
      }
   array [
   ]
signal time=1788729162.943450 sender=org.freedesktop.DBus -> destination=(null destination) serial=345 path=/org/freedesktop/DBus; interface=org.freedesktop.DBus; member=NameOwnerChanged
   string ":1.173"
   string ""
   string ":1.173"
signal time=1788729162.943525 sender=org.freedesktop.DBus -> destination=:1.173 serial=2 path=/org/freedesktop/DBus; interface=org.freedesktop.DBus; member=NameAcquired
   string ":1.173"
signal time=1788729162.947584 sender=org.freedesktop.DBus -> destination=:1.173 serial=3 path=/org/freedesktop/DBus; interface=org.freedesktop.DBus; member=NameLost
   string ":1.173"
signal time=1788729162.947626 sender=org.freedesktop.DBus -> destination=(null destination) serial=346 path=/org/freedesktop/DBus; interface=org.freedesktop.DBus; member=NameOwnerChanged
   string ":1.173"
   string ":1.173"
   string ""
signal time=1788729162.947873 sender=:1.2 -> destination=(null destination) serial=188 path=/org/a11y/atspi/registry; interface=org.a11y.atspi.Registry; member=EventListenerDeregistered
   string ":1.173"
   string ""
signal time=1788729162.959833 sender=org.freedesktop.DBus -> destination=(null destination) serial=347 path=/org/freedesktop/DBus; interface=org.freedesktop.DBus; member=NameOwnerChanged
   string ":1.174"
   string ""
   string ":1.174"
signal time=1788729162.959898 sender=org.freedesktop.DBus -> destination=:1.174 serial=2 path=/org/freedesktop/DBus; interface=org.freedesktop.DBus; member=NameAcquired
   string ":1.174"
signal time=1788729162.963367 sender=org.freedesktop.DBus -> destination=:1.174 serial=5 path=/org/freedesktop/DBus; interface=org.freedesktop.DBus; member=NameLost
   string ":1.174"
signal time=1788729162.963415 sender=org.freedesktop.DBus -> destination=(null destination) serial=348 path=/org/freedesktop/DBus; interface=org.freedesktop.DBus; member=NameOwnerChanged
   string ":1.174"
   string ":1.174"
   string ""
signal time=1788729162.963675 sender=:1.2 -> destination=(null destination) serial=189 path=/org/a11y/atspi/registry; interface=org.a11y.atspi.Registry; member=EventListenerDeregistered
   string ":1.174"
   string ""
signal time=1788729162.976601 sender=org.freedesktop.DBus -> destination=(null destination) serial=349 path=/org/freedesktop/DBus; interface=org.freedesktop.DBus; member=NameOwnerChanged
   string ":1.175"
   string ""
   string ":1.175"
signal time=1788729162.976642 sender=org.freedesktop.DBus -> destination=:1.175 serial=2 path=/org/freedesktop/DBus; interface=org.freedesktop.DBus; member=NameAcquired
   string ":1.175"
signal time=1788729162.978781 sender=org.freedesktop.DBus -> destination=:1.175 serial=3 path=/org/freedesktop/DBus; interface=org.freedesktop.DBus; member=NameLost
   string ":1.175"
signal time=1788729162.978809 sender=org.freedesktop.DBus -> destination=(null destination) serial=350 path=/org/freedesktop/DBus; interface=org.freedesktop.DBus; member=NameOwnerChanged
   string ":1.175"
   string ":1.175"
   string ""
signal time=1788729162.978950 sender=:1.2 -> destination=(null destination) serial=190 path=/org/a11y/atspi/registry; interface=org.a11y.atspi.Registry; member=EventListenerDeregistered
   string ":1.175"
   string ""
signal time=1788729162.987283 sender=org.freedesktop.DBus -> destination=(null destination) serial=351 path=/org/freedesktop/DBus; interface=org.freedesktop.DBus; member=NameOwnerChanged
   string ":1.176"
   string ""
   string ":1.176"
signal time=1788729162.987328 sender=org.freedesktop.DBus -> destination=:1.176 serial=2 path=/org/freedesktop/DBus; interface=org.freedesktop.DBus; member=NameAcquired
   string ":1.176"
signal time=1788729162.989610 sender=org.freedesktop.DBus -> destination=:1.176 serial=3 path=/org/freedesktop/DBus; interface=org.freedesktop.DBus; member=NameLost
   string ":1.176"
signal time=1788729162.989656 sender=org.freedesktop.DBus -> destination=(null destination) serial=352 path=/org/freedesktop/DBus; interface=org.freedesktop.DBus; member=NameOwnerChanged
   string ":1.176"
   string ":1.176"
   string ""
signal time=1788729162.989899 sender=:1.2 -> destination=(null destination) serial=191 path=/org/a11y/atspi/registry; interface=org.a11y.atspi.Registry; member=EventListenerDeregistered
   string ":1.176"
   string ""
signal time=1788729162.995111 sender=org.freedesktop.DBus -> destination=(null destination) serial=353 path=/org/freedesktop/DBus; interface=org.freedesktop.DBus; member=NameOwnerChanged
   string ":1.177"
   string ""
   string ":1.177"
signal time=1788729162.995136 sender=org.freedesktop.DBus -> destination=:1.177 serial=2 path=/org/freedesktop/DBus; interface=org.freedesktop.DBus; member=NameAcquired
   string ":1.177"
signal time=1788729162.996579 sender=org.freedesktop.DBus -> destination=:1.177 serial=3 path=/org/freedesktop/DBus; interface=org.freedesktop.DBus; member=NameLost
   string ":1.177"
signal time=1788729162.996594 sender=org.freedesktop.DBus -> destination=(null destination) serial=354 path=/org/freedesktop/DBus; interface=org.freedesktop.DBus; member=NameOwnerChanged
   string ":1.177"
   string ":1.177"
   string ""
signal time=1788729162.996688 sender=:1.2 -> destination=(null destination) serial=192 path=/org/a11y/atspi/registry; interface=org.a11y.atspi.Registry; member=EventListenerDeregistered
   string ":1.177"
   string ""
signal time=1788729163.001484 sender=org.freedesktop.DBus -> destination=(null destination) serial=355 path=/org/freedesktop/DBus; interface=org.freedesktop.DBus; member=NameOwnerChanged
   string ":1.178"
   string ""
   string ":1.178"
signal time=1788729163.001515 sender=org.freedesktop.DBus -> destination=:1.178 serial=2 path=/org/freedesktop/DBus; interface=org.freedesktop.DBus; member=NameAcquired
   string ":1.178"
signal time=1788729163.003500 sender=org.freedesktop.DBus -> destination=:1.178 serial=3 path=/org/freedesktop/DBus; interface=org.freedesktop.DBus; member=NameLost
   string ":1.178"
signal time=1788729163.003538 sender=org.freedesktop.DBus -> destination=(null destination) serial=356 path=/org/freedesktop/DBus; interface=org.freedesktop.DBus; member=NameOwnerChanged
   string ":1.178"
   string ":1.178"
   string ""
signal time=1788729163.003619 sender=:1.2 -> destination=(null destination) serial=193 path=/org/a11y/atspi/registry; interface=org.a11y.atspi.Registry; member=EventListenerDeregistered
   string ":1.178"
   string ""
signal time=1788729163.007580 sender=org.freedesktop.DBus -> destination=(null destination) serial=357 path=/org/freedesktop/DBus; interface=org.freedesktop.DBus; member=NameOwnerChanged
   string ":1.179"
   string ""
   string ":1.179"
signal time=1788729163.007598 sender=org.freedesktop.DBus -> destination=:1.179 serial=2 path=/org/freedesktop/DBus; interface=org.freedesktop.DBus; member=NameAcquired
   string ":1.179"
signal time=1788729163.008489 sender=org.freedesktop.DBus -> destination=:1.179 serial=3 path=/org/freedesktop/DBus; interface=org.freedesktop.DBus; member=NameLost
   string ":1.179"
signal time=1788729163.008498 sender=org.freedesktop.DBus -> destination=(null destination) serial=358 path=/org/freedesktop/DBus; interface=org.freedesktop.DBus; member=NameOwnerChanged
   string ":1.179"
   string ":1.179"
   string ""
signal time=1788729163.008644 sender=:1.2 -> destination=(null destination) serial=194 path=/org/a11y/atspi/registry; interface=org.a11y.atspi.Registry; member=EventListenerDeregistered
   string ":1.179"
   string ""
signal time=1788729163.012423 sender=org.freedesktop.DBus -> destination=(null destination) serial=359 path=/org/freedesktop/DBus; interface=org.freedesktop.DBus; member=NameOwnerChanged
   string ":1.180"
   string ""
   string ":1.180"
signal time=1788729163.012443 sender=org.freedesktop.DBus -> destination=:1.180 serial=2 path=/org/freedesktop/DBus; interface=org.freedesktop.DBus; member=NameAcquired
   string ":1.180"
signal time=1788729163.013809 sender=org.freedesktop.DBus -> destination=:1.180 serial=3 path=/org/freedesktop/DBus; interface=org.freedesktop.DBus; member=NameLost
   string ":1.180"
signal time=1788729163.013821 sender=org.freedesktop.DBus -> destination=(null destination) serial=360 path=/org/freedesktop/DBus; interface=org.freedesktop.DBus; member=NameOwnerChanged
   string ":1.180"
   string ":1.180"
   string ""
signal time=1788729163.013973 sender=:1.2 -> destination=(null destination) serial=195 path=/org/a11y/atspi/registry; interface=org.a11y.atspi.Registry; member=EventListenerDeregistered
   string ":1.180"
   string ""
signal time=1788729163.417141 sender=org.freedesktop.DBus -> destination=(null destination) serial=361 path=/org/freedesktop/DBus; interface=org.freedesktop.DBus; member=NameOwnerChanged
   string ":1.181"
   string ""
   string ":1.181"
signal time=1788729163.417161 sender=org.freedesktop.DBus -> destination=:1.181 serial=2 path=/org/freedesktop/DBus; interface=org.freedesktop.DBus; member=NameAcquired
   string ":1.181"
signal time=1788729163.418772 sender=org.freedesktop.DBus -> destination=:1.181 serial=3 path=/org/freedesktop/DBus; interface=org.freedesktop.DBus; member=NameLost
   string ":1.181"
signal time=1788729163.418790 sender=org.freedesktop.DBus -> destination=(null destination) serial=362 path=/org/freedesktop/DBus; interface=org.freedesktop.DBus; member=NameOwnerChanged
   string ":1.181"
   string ":1.181"
   string ""
signal time=1788729163.418939 sender=:1.2 -> destination=(null destination) serial=198 path=/org/a11y/atspi/registry; interface=org.a11y.atspi.Registry; member=EventListenerDeregistered
   string ":1.181"
   string ""
signal time=1788729163.423585 sender=org.freedesktop.DBus -> destination=(null destination) serial=363 path=/org/freedesktop/DBus; interface=org.freedesktop.DBus; member=NameOwnerChanged
   string ":1.182"
   string ""
   string ":1.182"
signal time=1788729163.423610 sender=org.freedesktop.DBus -> destination=:1.182 serial=2 path=/org/freedesktop/DBus; interface=org.freedesktop.DBus; member=NameAcquired
   string ":1.182"
signal time=1788729163.425151 sender=org.freedesktop.DBus -> destination=:1.182 serial=5 path=/org/freedesktop/DBus; interface=org.freedesktop.DBus; member=NameLost
   string ":1.182"
signal time=1788729163.425165 sender=org.freedesktop.DBus -> destination=(null destination) serial=364 path=/org/freedesktop/DBus; interface=org.freedesktop.DBus; member=NameOwnerChanged
   string ":1.182"
   string ":1.182"
   string ""
signal time=1788729163.425370 sender=:1.2 -> destination=(null destination) serial=199 path=/org/a11y/atspi/registry; interface=org.a11y.atspi.Registry; member=EventListenerDeregistered
   string ":1.182"
   string ""
signal time=1788729163.429556 sender=org.freedesktop.DBus -> destination=(null destination) serial=365 path=/org/freedesktop/DBus; interface=org.freedesktop.DBus; member=NameOwnerChanged
   string ":1.183"
   string ""
   string ":1.183"
signal time=1788729163.429597 sender=org.freedesktop.DBus -> destination=:1.183 serial=2 path=/org/freedesktop/DBus; interface=org.freedesktop.DBus; member=NameAcquired
   string ":1.183"
signal time=1788729163.431200 sender=org.freedesktop.DBus -> destination=:1.183 serial=3 path=/org/freedesktop/DBus; interface=org.freedesktop.DBus; member=NameLost
   string ":1.183"
signal time=1788729163.431212 sender=org.freedesktop.DBus -> destination=(null destination) serial=366 path=/org/freedesktop/DBus; interface=org.freedesktop.DBus; member=NameOwnerChanged
   string ":1.183"
   string ":1.183"
   string ""
signal time=1788729163.431405 sender=:1.2 -> destination=(null destination) serial=200 path=/org/a11y/atspi/registry; interface=org.a11y.atspi.Registry; member=EventListenerDeregistered
   string ":1.183"
   string ""
signal time=1788729163.435467 sender=org.freedesktop.DBus -> destination=(null destination) serial=367 path=/org/freedesktop/DBus; interface=org.freedesktop.DBus; member=NameOwnerChanged
   string ":1.184"
   string ""
   string ":1.184"
signal time=1788729163.435489 sender=org.freedesktop.DBus -> destination=:1.184 serial=2 path=/org/freedesktop/DBus; interface=org.freedesktop.DBus; member=NameAcquired
   string ":1.184"
signal time=1788729163.437411 sender=org.freedesktop.DBus -> destination=:1.184 serial=3 path=/org/freedesktop/DBus; interface=org.freedesktop.DBus; member=NameLost
   string ":1.184"
signal time=1788729163.437434 sender=org.freedesktop.DBus -> destination=(null destination) serial=368 path=/org/freedesktop/DBus; interface=org.freedesktop.DBus; member=NameOwnerChanged
   string ":1.184"
   string ":1.184"
   string ""
signal time=1788729163.437512 sender=:1.2 -> destination=(null destination) serial=201 path=/org/a11y/atspi/registry; interface=org.a11y.atspi.Registry; member=EventListenerDeregistered
   string ":1.184"
   string ""
signal time=1788729163.441819 sender=org.freedesktop.DBus -> destination=(null destination) serial=369 path=/org/freedesktop/DBus; interface=org.freedesktop.DBus; member=NameOwnerChanged
   string ":1.185"
   string ""
   string ":1.185"
signal time=1788729163.441842 sender=org.freedesktop.DBus -> destination=:1.185 serial=2 path=/org/freedesktop/DBus; interface=org.freedesktop.DBus; member=NameAcquired
   string ":1.185"
signal time=1788729163.443373 sender=org.freedesktop.DBus -> destination=:1.185 serial=3 path=/org/freedesktop/DBus; interface=org.freedesktop.DBus; member=NameLost
   string ":1.185"
signal time=1788729163.443382 sender=org.freedesktop.DBus -> destination=(null destination) serial=370 path=/org/freedesktop/DBus; interface=org.freedesktop.DBus; member=NameOwnerChanged
   string ":1.185"
   string ":1.185"
   string ""
signal time=1788729163.443496 sender=:1.2 -> destination=(null destination) serial=202 path=/org/a11y/atspi/registry; interface=org.a11y.atspi.Registry; member=EventListenerDeregistered
   string ":1.185"
   string ""
signal time=1788729163.447129 sender=org.freedesktop.DBus -> destination=(null destination) serial=371 path=/org/freedesktop/DBus; interface=org.freedesktop.DBus; member=NameOwnerChanged
   string ":1.186"
   string ""
   string ":1.186"
signal time=1788729163.447153 sender=org.freedesktop.DBus -> destination=:1.186 serial=2 path=/org/freedesktop/DBus; interface=org.freedesktop.DBus; member=NameAcquired
   string ":1.186"
signal time=1788729163.448647 sender=org.freedesktop.DBus -> destination=:1.186 serial=3 path=/org/freedesktop/DBus; interface=org.freedesktop.DBus; member=NameLost
   string ":1.186"
signal time=1788729163.448671 sender=org.freedesktop.DBus -> destination=(null destination) serial=372 path=/org/freedesktop/DBus; interface=org.freedesktop.DBus; member=NameOwnerChanged
   string ":1.186"
   string ":1.186"
   string ""
signal time=1788729163.448831 sender=:1.2 -> destination=(null destination) serial=203 path=/org/a11y/atspi/registry; interface=org.a11y.atspi.Registry; member=EventListenerDeregistered
   string ":1.186"
   string ""
signal time=1788729163.452526 sender=org.freedesktop.DBus -> destination=(null destination) serial=373 path=/org/freedesktop/DBus; interface=org.freedesktop.DBus; member=NameOwnerChanged
   string ":1.187"
   string ""
   string ":1.187"
signal time=1788729163.452546 sender=org.freedesktop.DBus -> destination=:1.187 serial=2 path=/org/freedesktop/DBus; interface=org.freedesktop.DBus; member=NameAcquired
   string ":1.187"
signal time=1788729163.453699 sender=org.freedesktop.DBus -> destination=:1.187 serial=3 path=/org/freedesktop/DBus; interface=org.freedesktop.DBus; member=NameLost
   string ":1.187"
signal time=1788729163.453740 sender=org.freedesktop.DBus -> destination=(null destination) serial=374 path=/org/freedesktop/DBus; interface=org.freedesktop.DBus; member=NameOwnerChanged
   string ":1.187"
   string ":1.187"
   string ""
signal time=1788729163.453855 sender=:1.2 -> destination=(null destination) serial=204 path=/org/a11y/atspi/registry; interface=org.a11y.atspi.Registry; member=EventListenerDeregistered
   string ":1.187"
   string ""
signal time=1788729163.458381 sender=org.freedesktop.DBus -> destination=(null destination) serial=375 path=/org/freedesktop/DBus; interface=org.freedesktop.DBus; member=NameOwnerChanged
   string ":1.188"
   string ""
   string ":1.188"
signal time=1788729163.458408 sender=org.freedesktop.DBus -> destination=:1.188 serial=2 path=/org/freedesktop/DBus; interface=org.freedesktop.DBus; member=NameAcquired
   string ":1.188"
signal time=1788729163.459848 sender=org.freedesktop.DBus -> destination=:1.188 serial=3 path=/org/freedesktop/DBus; interface=org.freedesktop.DBus; member=NameLost
   string ":1.188"
signal time=1788729163.459862 sender=org.freedesktop.DBus -> destination=(null destination) serial=376 path=/org/freedesktop/DBus; interface=org.freedesktop.DBus; member=NameOwnerChanged
   string ":1.188"
   string ":1.188"
   string ""
signal time=1788729163.459968 sender=:1.2 -> destination=(null destination) serial=205 path=/org/a11y/atspi/registry; interface=org.a11y.atspi.Registry; member=EventListenerDeregistered
   string ":1.188"
   string ""
signal time=1788729163.787669 sender=:1.1 -> destination=(null destination) serial=472 path=/org/a11y/atspi/accessible/root; interface=org.a11y.atspi.Event.Object; member=Announcement
   string "Action. Information: Pane focused"
   int32 1
   int32 0
   variant       string "Action. Information: Pane focused"
   array [
   ]
signal time=1788729163.804695 sender=:1.1 -> destination=(null destination) serial=473 path=/org/a11y/atspi/accessible/root; interface=org.a11y.atspi.Event.Object; member=Announcement
   string "Action. Information: Object selected"
   int32 1
   int32 0
   variant       string "Action. Information: Object selected"
   array [
   ]
signal time=1788729165.184461 sender=org.freedesktop.DBus -> destination=(null destination) serial=377 path=/org/freedesktop/DBus; interface=org.freedesktop.DBus; member=NameOwnerChanged
   string ":1.189"
   string ""
   string ":1.189"
signal time=1788729165.184532 sender=org.freedesktop.DBus -> destination=:1.189 serial=2 path=/org/freedesktop/DBus; interface=org.freedesktop.DBus; member=NameAcquired
   string ":1.189"
signal time=1788729165.188587 sender=org.freedesktop.DBus -> destination=:1.189 serial=3 path=/org/freedesktop/DBus; interface=org.freedesktop.DBus; member=NameLost
   string ":1.189"
signal time=1788729165.188683 sender=org.freedesktop.DBus -> destination=(null destination) serial=378 path=/org/freedesktop/DBus; interface=org.freedesktop.DBus; member=NameOwnerChanged
   string ":1.189"
   string ":1.189"
   string ""
signal time=1788729165.188822 sender=:1.2 -> destination=(null destination) serial=208 path=/org/a11y/atspi/registry; interface=org.a11y.atspi.Registry; member=EventListenerDeregistered
   string ":1.189"
   string ""
signal time=1788729165.199702 sender=org.freedesktop.DBus -> destination=(null destination) serial=379 path=/org/freedesktop/DBus; interface=org.freedesktop.DBus; member=NameOwnerChanged
   string ":1.190"
   string ""
   string ":1.190"
signal time=1788729165.199762 sender=org.freedesktop.DBus -> destination=:1.190 serial=2 path=/org/freedesktop/DBus; interface=org.freedesktop.DBus; member=NameAcquired
   string ":1.190"
signal time=1788729165.203220 sender=org.freedesktop.DBus -> destination=:1.190 serial=5 path=/org/freedesktop/DBus; interface=org.freedesktop.DBus; member=NameLost
   string ":1.190"
signal time=1788729165.203284 sender=org.freedesktop.DBus -> destination=(null destination) serial=380 path=/org/freedesktop/DBus; interface=org.freedesktop.DBus; member=NameOwnerChanged
   string ":1.190"
   string ":1.190"
   string ""
signal time=1788729165.203484 sender=:1.2 -> destination=(null destination) serial=209 path=/org/a11y/atspi/registry; interface=org.a11y.atspi.Registry; member=EventListenerDeregistered
   string ":1.190"
   string ""
signal time=1788729165.214789 sender=org.freedesktop.DBus -> destination=(null destination) serial=381 path=/org/freedesktop/DBus; interface=org.freedesktop.DBus; member=NameOwnerChanged
   string ":1.191"
   string ""
   string ":1.191"
signal time=1788729165.214853 sender=org.freedesktop.DBus -> destination=:1.191 serial=2 path=/org/freedesktop/DBus; interface=org.freedesktop.DBus; member=NameAcquired
   string ":1.191"
signal time=1788729165.217906 sender=org.freedesktop.DBus -> destination=:1.191 serial=3 path=/org/freedesktop/DBus; interface=org.freedesktop.DBus; member=NameLost
   string ":1.191"
signal time=1788729165.217956 sender=org.freedesktop.DBus -> destination=(null destination) serial=382 path=/org/freedesktop/DBus; interface=org.freedesktop.DBus; member=NameOwnerChanged
   string ":1.191"
   string ":1.191"
   string ""
signal time=1788729165.218266 sender=:1.2 -> destination=(null destination) serial=210 path=/org/a11y/atspi/registry; interface=org.a11y.atspi.Registry; member=EventListenerDeregistered
   string ":1.191"
   string ""
signal time=1788729165.229475 sender=org.freedesktop.DBus -> destination=(null destination) serial=383 path=/org/freedesktop/DBus; interface=org.freedesktop.DBus; member=NameOwnerChanged
   string ":1.192"
   string ""
   string ":1.192"
signal time=1788729165.229531 sender=org.freedesktop.DBus -> destination=:1.192 serial=2 path=/org/freedesktop/DBus; interface=org.freedesktop.DBus; member=NameAcquired
   string ":1.192"
signal time=1788729165.232292 sender=org.freedesktop.DBus -> destination=:1.192 serial=3 path=/org/freedesktop/DBus; interface=org.freedesktop.DBus; member=NameLost
   string ":1.192"
signal time=1788729165.232361 sender=org.freedesktop.DBus -> destination=(null destination) serial=384 path=/org/freedesktop/DBus; interface=org.freedesktop.DBus; member=NameOwnerChanged
   string ":1.192"
   string ":1.192"
   string ""
signal time=1788729165.232696 sender=:1.2 -> destination=(null destination) serial=211 path=/org/a11y/atspi/registry; interface=org.a11y.atspi.Registry; member=EventListenerDeregistered
   string ":1.192"
   string ""
signal time=1788729165.243580 sender=org.freedesktop.DBus -> destination=(null destination) serial=385 path=/org/freedesktop/DBus; interface=org.freedesktop.DBus; member=NameOwnerChanged
   string ":1.193"
   string ""
   string ":1.193"
signal time=1788729165.243631 sender=org.freedesktop.DBus -> destination=:1.193 serial=2 path=/org/freedesktop/DBus; interface=org.freedesktop.DBus; member=NameAcquired
   string ":1.193"
signal time=1788729165.246708 sender=org.freedesktop.DBus -> destination=:1.193 serial=3 path=/org/freedesktop/DBus; interface=org.freedesktop.DBus; member=NameLost
   string ":1.193"
signal time=1788729165.246743 sender=org.freedesktop.DBus -> destination=(null destination) serial=386 path=/org/freedesktop/DBus; interface=org.freedesktop.DBus; member=NameOwnerChanged
   string ":1.193"
   string ":1.193"
   string ""
signal time=1788729165.246998 sender=:1.2 -> destination=(null destination) serial=212 path=/org/a11y/atspi/registry; interface=org.a11y.atspi.Registry; member=EventListenerDeregistered
   string ":1.193"
   string ""
signal time=1788729165.257019 sender=org.freedesktop.DBus -> destination=(null destination) serial=387 path=/org/freedesktop/DBus; interface=org.freedesktop.DBus; member=NameOwnerChanged
   string ":1.194"
   string ""
   string ":1.194"
signal time=1788729165.257059 sender=org.freedesktop.DBus -> destination=:1.194 serial=2 path=/org/freedesktop/DBus; interface=org.freedesktop.DBus; member=NameAcquired
   string ":1.194"
signal time=1788729165.259683 sender=org.freedesktop.DBus -> destination=:1.194 serial=3 path=/org/freedesktop/DBus; interface=org.freedesktop.DBus; member=NameLost
   string ":1.194"
signal time=1788729165.259726 sender=org.freedesktop.DBus -> destination=(null destination) serial=388 path=/org/freedesktop/DBus; interface=org.freedesktop.DBus; member=NameOwnerChanged
   string ":1.194"
   string ":1.194"
   string ""
signal time=1788729165.259906 sender=:1.2 -> destination=(null destination) serial=213 path=/org/a11y/atspi/registry; interface=org.a11y.atspi.Registry; member=EventListenerDeregistered
   string ":1.194"
   string ""
signal time=1788729165.267461 sender=org.freedesktop.DBus -> destination=(null destination) serial=389 path=/org/freedesktop/DBus; interface=org.freedesktop.DBus; member=NameOwnerChanged
   string ":1.195"
   string ""
   string ":1.195"
signal time=1788729165.267509 sender=org.freedesktop.DBus -> destination=:1.195 serial=2 path=/org/freedesktop/DBus; interface=org.freedesktop.DBus; member=NameAcquired
   string ":1.195"
signal time=1788729165.269433 sender=org.freedesktop.DBus -> destination=:1.195 serial=3 path=/org/freedesktop/DBus; interface=org.freedesktop.DBus; member=NameLost
   string ":1.195"
signal time=1788729165.269458 sender=org.freedesktop.DBus -> destination=(null destination) serial=390 path=/org/freedesktop/DBus; interface=org.freedesktop.DBus; member=NameOwnerChanged
   string ":1.195"
   string ":1.195"
   string ""
signal time=1788729165.269713 sender=:1.2 -> destination=(null destination) serial=214 path=/org/a11y/atspi/registry; interface=org.a11y.atspi.Registry; member=EventListenerDeregistered
   string ":1.195"
   string ""
signal time=1788729165.278938 sender=org.freedesktop.DBus -> destination=(null destination) serial=391 path=/org/freedesktop/DBus; interface=org.freedesktop.DBus; member=NameOwnerChanged
   string ":1.196"
   string ""
   string ":1.196"
signal time=1788729165.278973 sender=org.freedesktop.DBus -> destination=:1.196 serial=2 path=/org/freedesktop/DBus; interface=org.freedesktop.DBus; member=NameAcquired
   string ":1.196"
signal time=1788729165.281304 sender=org.freedesktop.DBus -> destination=:1.196 serial=3 path=/org/freedesktop/DBus; interface=org.freedesktop.DBus; member=NameLost
   string ":1.196"
signal time=1788729165.281324 sender=org.freedesktop.DBus -> destination=(null destination) serial=392 path=/org/freedesktop/DBus; interface=org.freedesktop.DBus; member=NameOwnerChanged
   string ":1.196"
   string ":1.196"
   string ""
signal time=1788729165.281499 sender=:1.2 -> destination=(null destination) serial=215 path=/org/a11y/atspi/registry; interface=org.a11y.atspi.Registry; member=EventListenerDeregistered
   string ":1.196"
   string ""
signal time=1788729165.678487 sender=org.freedesktop.DBus -> destination=(null destination) serial=393 path=/org/freedesktop/DBus; interface=org.freedesktop.DBus; member=NameOwnerChanged
   string ":1.197"
   string ""
   string ":1.197"
signal time=1788729165.678535 sender=org.freedesktop.DBus -> destination=:1.197 serial=2 path=/org/freedesktop/DBus; interface=org.freedesktop.DBus; member=NameAcquired
   string ":1.197"
signal time=1788729165.680330 sender=org.freedesktop.DBus -> destination=:1.197 serial=3 path=/org/freedesktop/DBus; interface=org.freedesktop.DBus; member=NameLost
   string ":1.197"
signal time=1788729165.680342 sender=org.freedesktop.DBus -> destination=(null destination) serial=394 path=/org/freedesktop/DBus; interface=org.freedesktop.DBus; member=NameOwnerChanged
   string ":1.197"
   string ":1.197"
   string ""
signal time=1788729165.680438 sender=:1.2 -> destination=(null destination) serial=218 path=/org/a11y/atspi/registry; interface=org.a11y.atspi.Registry; member=EventListenerDeregistered
   string ":1.197"
   string ""
signal time=1788729165.684686 sender=org.freedesktop.DBus -> destination=(null destination) serial=395 path=/org/freedesktop/DBus; interface=org.freedesktop.DBus; member=NameOwnerChanged
   string ":1.198"
   string ""
   string ":1.198"
signal time=1788729165.684712 sender=org.freedesktop.DBus -> destination=:1.198 serial=2 path=/org/freedesktop/DBus; interface=org.freedesktop.DBus; member=NameAcquired
   string ":1.198"
signal time=1788729165.685801 sender=org.freedesktop.DBus -> destination=:1.198 serial=5 path=/org/freedesktop/DBus; interface=org.freedesktop.DBus; member=NameLost
   string ":1.198"
signal time=1788729165.685823 sender=org.freedesktop.DBus -> destination=(null destination) serial=396 path=/org/freedesktop/DBus; interface=org.freedesktop.DBus; member=NameOwnerChanged
   string ":1.198"
   string ":1.198"
   string ""
signal time=1788729165.685994 sender=:1.2 -> destination=(null destination) serial=219 path=/org/a11y/atspi/registry; interface=org.a11y.atspi.Registry; member=EventListenerDeregistered
   string ":1.198"
   string ""
signal time=1788729165.690614 sender=org.freedesktop.DBus -> destination=(null destination) serial=397 path=/org/freedesktop/DBus; interface=org.freedesktop.DBus; member=NameOwnerChanged
   string ":1.199"
   string ""
   string ":1.199"
signal time=1788729165.690638 sender=org.freedesktop.DBus -> destination=:1.199 serial=2 path=/org/freedesktop/DBus; interface=org.freedesktop.DBus; member=NameAcquired
   string ":1.199"
signal time=1788729165.692081 sender=org.freedesktop.DBus -> destination=:1.199 serial=3 path=/org/freedesktop/DBus; interface=org.freedesktop.DBus; member=NameLost
   string ":1.199"
signal time=1788729165.692094 sender=org.freedesktop.DBus -> destination=(null destination) serial=398 path=/org/freedesktop/DBus; interface=org.freedesktop.DBus; member=NameOwnerChanged
   string ":1.199"
   string ":1.199"
   string ""
signal time=1788729165.692230 sender=:1.2 -> destination=(null destination) serial=220 path=/org/a11y/atspi/registry; interface=org.a11y.atspi.Registry; member=EventListenerDeregistered
   string ":1.199"
   string ""
signal time=1788729165.696908 sender=org.freedesktop.DBus -> destination=(null destination) serial=399 path=/org/freedesktop/DBus; interface=org.freedesktop.DBus; member=NameOwnerChanged
   string ":1.200"
   string ""
   string ":1.200"
signal time=1788729165.696930 sender=org.freedesktop.DBus -> destination=:1.200 serial=2 path=/org/freedesktop/DBus; interface=org.freedesktop.DBus; member=NameAcquired
   string ":1.200"
signal time=1788729165.698417 sender=org.freedesktop.DBus -> destination=:1.200 serial=3 path=/org/freedesktop/DBus; interface=org.freedesktop.DBus; member=NameLost
   string ":1.200"
signal time=1788729165.698432 sender=org.freedesktop.DBus -> destination=(null destination) serial=400 path=/org/freedesktop/DBus; interface=org.freedesktop.DBus; member=NameOwnerChanged
   string ":1.200"
   string ":1.200"
   string ""
signal time=1788729165.698579 sender=:1.2 -> destination=(null destination) serial=221 path=/org/a11y/atspi/registry; interface=org.a11y.atspi.Registry; member=EventListenerDeregistered
   string ":1.200"
   string ""
signal time=1788729165.703086 sender=org.freedesktop.DBus -> destination=(null destination) serial=401 path=/org/freedesktop/DBus; interface=org.freedesktop.DBus; member=NameOwnerChanged
   string ":1.201"
   string ""
   string ":1.201"
signal time=1788729165.703112 sender=org.freedesktop.DBus -> destination=:1.201 serial=2 path=/org/freedesktop/DBus; interface=org.freedesktop.DBus; member=NameAcquired
   string ":1.201"
signal time=1788729165.704281 sender=org.freedesktop.DBus -> destination=:1.201 serial=3 path=/org/freedesktop/DBus; interface=org.freedesktop.DBus; member=NameLost
   string ":1.201"
signal time=1788729165.704300 sender=org.freedesktop.DBus -> destination=(null destination) serial=402 path=/org/freedesktop/DBus; interface=org.freedesktop.DBus; member=NameOwnerChanged
   string ":1.201"
   string ":1.201"
   string ""
signal time=1788729165.704418 sender=:1.2 -> destination=(null destination) serial=222 path=/org/a11y/atspi/registry; interface=org.a11y.atspi.Registry; member=EventListenerDeregistered
   string ":1.201"
   string ""
signal time=1788729165.708507 sender=org.freedesktop.DBus -> destination=(null destination) serial=403 path=/org/freedesktop/DBus; interface=org.freedesktop.DBus; member=NameOwnerChanged
   string ":1.202"
   string ""
   string ":1.202"
signal time=1788729165.708541 sender=org.freedesktop.DBus -> destination=:1.202 serial=2 path=/org/freedesktop/DBus; interface=org.freedesktop.DBus; member=NameAcquired
   string ":1.202"
signal time=1788729165.709610 sender=org.freedesktop.DBus -> destination=:1.202 serial=3 path=/org/freedesktop/DBus; interface=org.freedesktop.DBus; member=NameLost
   string ":1.202"
signal time=1788729165.709624 sender=org.freedesktop.DBus -> destination=(null destination) serial=404 path=/org/freedesktop/DBus; interface=org.freedesktop.DBus; member=NameOwnerChanged
   string ":1.202"
   string ":1.202"
   string ""
signal time=1788729165.709756 sender=:1.2 -> destination=(null destination) serial=223 path=/org/a11y/atspi/registry; interface=org.a11y.atspi.Registry; member=EventListenerDeregistered
   string ":1.202"
   string ""
signal time=1788729165.713344 sender=org.freedesktop.DBus -> destination=(null destination) serial=405 path=/org/freedesktop/DBus; interface=org.freedesktop.DBus; member=NameOwnerChanged
   string ":1.203"
   string ""
   string ":1.203"
signal time=1788729165.713361 sender=org.freedesktop.DBus -> destination=:1.203 serial=2 path=/org/freedesktop/DBus; interface=org.freedesktop.DBus; member=NameAcquired
   string ":1.203"
signal time=1788729165.714583 sender=org.freedesktop.DBus -> destination=:1.203 serial=3 path=/org/freedesktop/DBus; interface=org.freedesktop.DBus; member=NameLost
   string ":1.203"
signal time=1788729165.714596 sender=org.freedesktop.DBus -> destination=(null destination) serial=406 path=/org/freedesktop/DBus; interface=org.freedesktop.DBus; member=NameOwnerChanged
   string ":1.203"
   string ":1.203"
   string ""
signal time=1788729165.714716 sender=:1.2 -> destination=(null destination) serial=224 path=/org/a11y/atspi/registry; interface=org.a11y.atspi.Registry; member=EventListenerDeregistered
   string ":1.203"
   string ""
signal time=1788729165.718837 sender=org.freedesktop.DBus -> destination=(null destination) serial=407 path=/org/freedesktop/DBus; interface=org.freedesktop.DBus; member=NameOwnerChanged
   string ":1.204"
   string ""
   string ":1.204"
signal time=1788729165.718862 sender=org.freedesktop.DBus -> destination=:1.204 serial=2 path=/org/freedesktop/DBus; interface=org.freedesktop.DBus; member=NameAcquired
   string ":1.204"
signal time=1788729165.720264 sender=org.freedesktop.DBus -> destination=:1.204 serial=3 path=/org/freedesktop/DBus; interface=org.freedesktop.DBus; member=NameLost
   string ":1.204"
signal time=1788729165.720280 sender=org.freedesktop.DBus -> destination=(null destination) serial=408 path=/org/freedesktop/DBus; interface=org.freedesktop.DBus; member=NameOwnerChanged
   string ":1.204"
   string ":1.204"
   string ""
signal time=1788729165.720417 sender=:1.2 -> destination=(null destination) serial=225 path=/org/a11y/atspi/registry; interface=org.a11y.atspi.Registry; member=EventListenerDeregistered
   string ":1.204"
   string ""
signal time=1788729166.118457 sender=:1.1 -> destination=(null destination) serial=498 path=/org/a11y/atspi/accessible/terminal; interface=org.a11y.atspi.Event.Object; member=TextCaretMoved
   string ""
   int32 156
   int32 0
   variant       string ""
   array [
   ]
signal time=1788729166.196514 sender=org.freedesktop.DBus -> destination=:1.1 serial=3 path=/org/freedesktop/DBus; interface=org.freedesktop.DBus; member=NameLost
   string ":1.1"
signal time=1788729166.196543 sender=org.freedesktop.DBus -> destination=(null destination) serial=409 path=/org/freedesktop/DBus; interface=org.freedesktop.DBus; member=NameOwnerChanged
   string ":1.1"
   string ":1.1"
   string ""
signal time=1788729166.196697 sender=:1.2 -> destination=(null destination) serial=226 path=/org/a11y/atspi/accessible/root; interface=org.a11y.atspi.Event.Object; member=ChildrenChanged
   string "remove"
   int32 0
   int32 0
   variant       struct {
         string ":1.1"
         object path "/org/a11y/atspi/accessible/root"
      }
   array [
   ]
signal time=1788729166.196760 sender=:1.2 -> destination=(null destination) serial=227 path=/org/a11y/atspi/registry; interface=org.a11y.atspi.Registry; member=EventListenerDeregistered
   string ":1.1"
   string ""
