datum-gui diagnostic log pid=217066 start=SystemTime { tv_sec: 1790342699, tv_nsec: 766915793 }
[SystemTime { tv_sec: 1790342699, tv_nsec: 767115893 }] startup args=GuiArgs { terminal_profile: TerminalProfileArgs { selected: "default", custom_name: "custom", program: None, args: [], environment: [], environment_remove: [], cwd: "active", theme: None, font_scale_percent: None, history_lines: None, history_mebibytes: None, cursor: None, bell: None, agent_authority: "propose", unattended_tools: [] }, demo_known_good: false, board_file: None, schematic_file: None, artifact_path: None, project_root: Some("/tmp/pm045-admission-hqugp169/project"), select: None, net_uuid: None, from_anchor_pad_uuid: None, to_anchor_pad_uuid: None, profile: None, visual_test: false, initial_layout: Some("single"), open_menu: None, open_global_preferences: false, open_new_project: false, open_project_preferences: false, focus_pane: None, fixture_revision_surface: None, layers_scroll_end: false, window_size: "1280x800", screenshot_out: None, exit_after_screenshot: false, window_visual_test: false, visual_scale_factor: Some(1.0), interaction_smoke: false, resize_torture_smoke: false, kwin_lifecycle_smoke: false }
[SystemTime { tv_sec: 1790342699, tv_nsec: 776930891 }] resumed event
[SystemTime { tv_sec: 1790342699, tv_nsec: 776960454 }] launch state load begin
[SystemTime { tv_sec: 1790342699, tv_nsec: 776985366 }] request resolve begin
[SystemTime { tv_sec: 1790342699, tv_nsec: 777002686 }] request resolve end project_root=/tmp/pm045-admission-hqugp169/project board_file=None
[SystemTime { tv_sec: 1790342699, tv_nsec: 777018767 }] workspace load begin
[SystemTime { tv_sec: 1790342701, tv_nsec: 180133534 }] workspace load end
[SystemTime { tv_sec: 1790342701, tv_nsec: 180160014 }] camera fit begin
[SystemTime { tv_sec: 1790342701, tv_nsec: 180176596 }] camera fit end
[SystemTime { tv_sec: 1790342701, tv_nsec: 180355928 }] terminal spawn begin
[SystemTime { tv_sec: 1790342701, tv_nsec: 188378496 }] terminal spawn end
[SystemTime { tv_sec: 1790342701, tv_nsec: 188413615 }] launch state load end
[SystemTime { tv_sec: 1790342701, tv_nsec: 191479708 }] window created
[SystemTime { tv_sec: 1790342701, tv_nsec: 191530047 }] runtime creation begin
[SystemTime { tv_sec: 1790342701, tv_nsec: 193051516 }] wgpu instance create begin
[SystemTime { tv_sec: 1790342701, tv_nsec: 299154005 }] wgpu request adapter begin
[SystemTime { tv_sec: 1790342701, tv_nsec: 310362163 }] surface identity window=WindowId(31457284) window_backend=x11 gpu_backend=Vulkan adapter="Intel(R) HD Graphics P630 (KBL GT2)" device_type=IntegratedGpu driver="Intel open-source Mesa driver" driver_info="Mesa 25.0.7-2+deb13u1"
[SystemTime { tv_sec: 1790342701, tv_nsec: 310385670 }] wgpu request device begin
[SystemTime { tv_sec: 1790342701, tv_nsec: 334426077 }] wgpu request device end
[SystemTime { tv_sec: 1790342701, tv_nsec: 334786630 }] initial surface configuration requested 1280x800 format=Bgra8UnormSrgb present=Fifo msaa=8
[SystemTime { tv_sec: 1790342701, tv_nsec: 334807670 }] renderer init begin
[SystemTime { tv_sec: 1790342701, tv_nsec: 452039244 }] renderer init end
[SystemTime { tv_sec: 1790342701, tv_nsec: 452934246 }] terminal resize begin 155x9
[SystemTime { tv_sec: 1790342701, tv_nsec: 453227477 }] terminal resize end
[SystemTime { tv_sec: 1790342701, tv_nsec: 453258087 }] runtime creation end
[SystemTime { tv_sec: 1790342701, tv_nsec: 453321720 }] window visible
[SystemTime { tv_sec: 1790342701, tv_nsec: 453376281 }] window event WindowId(31457284) ime Disabled
[SystemTime { tv_sec: 1790342701, tv_nsec: 453408031 }] window event WindowId(31457284) redraw requested
[SystemTime { tv_sec: 1790342701, tv_nsec: 453453587 }] native frame round hosts=[WindowId(31457284)]
[SystemTime { tv_sec: 1790342701, tv_nsec: 453470723 }] redraw handler begin
[SystemTime { tv_sec: 1790342701, tv_nsec: 453514122 }] surface configure begin
[SystemTime { tv_sec: 1790342701, tv_nsec: 455671658 }] surface configure end
[SystemTime { tv_sec: 1790342701, tv_nsec: 455707176 }] native queue configured host=1 configurations=1 submitted=0 completed=0
[SystemTime { tv_sec: 1790342701, tv_nsec: 455750838 }] render scene prepare begin retained_cached=false
[SystemTime { tv_sec: 1790342701, tv_nsec: 455767929 }] retained scene build begin
[SystemTime { tv_sec: 1790342701, tv_nsec: 460276971 }] retained scene build end 4ms
[SystemTime { tv_sec: 1790342701, tv_nsec: 460301514 }] prepared scene build begin
[SystemTime { tv_sec: 1790342701, tv_nsec: 462386947 }] native control_meshes window=WindowId(31457284) builds=1
[SystemTime { tv_sec: 1790342701, tv_nsec: 462409398 }] prepared scene build end 2ms
[SystemTime { tv_sec: 1790342701, tv_nsec: 462427678 }] renderer render begin
[SystemTime { tv_sec: 1790342701, tv_nsec: 482969964 }] native_surface_lifecycle {"acquire_attempts":0,"acquired":0,"active":0,"configuration_generation":1,"configure_attempts":1,"configured_extent":[1280,800],"discarded":0,"frame_submission_receipts_issued":1,"frame_submissions":0,"gpu_completed_through_receipt":0,"host":1,"last_frame_submission_receipt":1,"last_present_receipt":0,"presented":0,"queue_epoch":1,"reason":"submit_upload","wgpu_submission":"Some(SubmissionIndex { index: 1 })","window":"WindowId(31457284)"}
[SystemTime { tv_sec: 1790342701, tv_nsec: 483007410 }] native upload frame window=WindowId(31457284) host=1 renderer=1 queue_epoch=1 surface_generation=1 acquisition=0 submission=1 receipt=Some(UploadFrame { consumers: {"MAIN", "BOARD", "LAYERS", "NAV", "INSPECTOR", "MENU", "TERMINAL"}, owner: 7, attempt: 1, rendered: Some(false), totals: UploadTotals { batches: 1, buffer_payload_bytes: 2883216, texture_source_bytes: 0, texture_padding_bytes: 0, scatter_index_bytes: 0, staging_capacity_bytes: 2883216, buffer_copy_bytes: 2883216, buffer_copies: 2, texture_copies: 0, scatter_dispatches: 0 } })
[SystemTime { tv_sec: 1790342701, tv_nsec: 483034981 }] native font ownership window=WindowId(31457284) usage=Usage { allocation: Usage { allocator_installed: true, owner_id: 3, label: "renderer-fonts-and-shapes", payload_bytes: 688030, tracking_bytes: 84040, allocations: 10505, peak_payload_bytes: 688030, owner_metadata_bytes: 96 }, returned_shape_bytes: 0, private_bytes: Some(772070), fixed_font_bytes: Some(772070), cache_reserved_bytes: 0, last_call: Some(Report { call_id: 1, owner_id: 3, allocator_installed: true, host_initial_bytes: 0, host_final_bytes: 772070, process_initial_bytes: 0, process_final_bytes: 772070, initial_bytes: 0, final_bytes: 772070, peak_bytes: 772070, host_peak_bytes: 1759823, process_peak_bytes: 1759823, exceeded: false }) } measurement=Some(Usage { allocation: Usage { allocator_installed: true, owner_id: 13, label: "text-measurement", payload_bytes: 734742, tracking_bytes: 84216, allocations: 10525, peak_payload_bytes: 748214, owner_metadata_bytes: 96 }, returned_shape_bytes: 0, private_bytes: Some(818958), fixed_font_bytes: Some(772070), cache_reserved_bytes: 46888, last_call: Some(Report { call_id: 18, owner_id: 13, allocator_installed: true, host_initial_bytes: 68424, host_final_bytes: 68424, process_initial_bytes: 68424, process_final_bytes: 68424, initial_bytes: 31432, final_bytes: 46888, peak_bytes: 60496, host_peak_bytes: 68424, process_peak_bytes: 68424, exceeded: false }) }) process_registry_bytes=RegistryUsage { registry_heap_bytes: 72, scope_owner_bytes: 672, call_slots_static_bytes: 9752 }
[SystemTime { tv_sec: 1790342701, tv_nsec: 483088084 }] native attachment ledger {"attachments":{"allocations":[{"allocation":1,"host":1,"last_submission":1,"owner":8,"payload_bytes":32768000,"release_reason":null}],"completed_retirements":0,"current_payload_bytes":32768000,"device_loss_confirmed":false,"device_loss_retirements":0,"observed_allocations":1,"peak_payload_bytes":32768000,"retiring_payload_bytes":0,"unknown_payload_allocations":0},"queue_epoch":1}
[SystemTime { tv_sec: 1790342701, tv_nsec: 483115711 }] native surface attachment {"allocation":1,"allocations_created":1,"extent":[1280,800],"format":"Bgra8UnormSrgb","gpu_retirement_qualified":false,"host":1,"owner":8,"payload_bytes":32768000,"queue_epoch":1,"samples":8,"state":"current_renderer_reference","window":"WindowId(31457284)"}
[SystemTime { tv_sec: 1790342701, tv_nsec: 483150292 }] native redraw ledger {"attempts":1,"counts":{"coalesced":0,"duplicate_tokens":0,"presentations":0,"received":1,"requested":1,"suppressed":0},"damage":2,"device_generation":1,"host_generation":1,"pending":false,"presented_damage":0,"ready":false,"reason":"not_presented","rendering":null,"window":"WindowId(31457284)"}
[SystemTime { tv_sec: 1790342701, tv_nsec: 484125057 }] window event WindowId(31457284) focused false
[SystemTime { tv_sec: 1790342701, tv_nsec: 484253149 }] window event WindowId(31457284) occluded false
[SystemTime { tv_sec: 1790342701, tv_nsec: 484511938 }] window event WindowId(31457284) focused true
[SystemTime { tv_sec: 1790342701, tv_nsec: 484821481 }] window event WindowId(31457284) modifiers changed ModifiersState(0x0)
[SystemTime { tv_sec: 1790342701, tv_nsec: 484869125 }] window event WindowId(31457284) cursor moved 429.00,170.00
[SystemTime { tv_sec: 1790342701, tv_nsec: 485036118 }] native control_meshes window=WindowId(31457284) builds=1
[SystemTime { tv_sec: 1790342701, tv_nsec: 485102958 }] window event WindowId(31457284) occluded false
[SystemTime { tv_sec: 1790342701, tv_nsec: 485226603 }] window event WindowId(31457284) cursor moved 110.00,16.00
[SystemTime { tv_sec: 1790342701, tv_nsec: 485653424 }] window event WindowId(31457284) resized 1280x800
[SystemTime { tv_sec: 1790342701, tv_nsec: 485745277 }] window event WindowId(31457284) redraw requested
[SystemTime { tv_sec: 1790342701, tv_nsec: 485783119 }] native frame round hosts=[WindowId(31457284)]
[SystemTime { tv_sec: 1790342701, tv_nsec: 485809071 }] redraw handler begin
[SystemTime { tv_sec: 1790342701, tv_nsec: 485871058 }] native_surface_lifecycle {"acquire_attempts":0,"acquired":0,"active":0,"configuration_generation":1,"configure_attempts":1,"configured_extent":[1280,800],"discarded":0,"frame_submission_receipts_issued":1,"frame_submissions":0,"gpu_completed_through_receipt":0,"host":1,"last_frame_submission_receipt":1,"last_present_receipt":0,"presented":0,"queue_epoch":1,"reason":"wait_queue","wgpu_submission":"Some(SubmissionIndex { index: 1 })","window":"WindowId(31457284)"}
[SystemTime { tv_sec: 1790342701, tv_nsec: 485908970 }] native redraw ledger {"attempts":2,"counts":{"coalesced":1,"duplicate_tokens":0,"presentations":0,"received":2,"requested":2,"suppressed":0},"damage":4,"device_generation":1,"host_generation":1,"pending":false,"presented_damage":0,"ready":false,"reason":"not_presented","rendering":null,"window":"WindowId(31457284)"}
[SystemTime { tv_sec: 1790342701, tv_nsec: 500333602 }] native queue progress epoch=1 submitted=1 completed=1
[SystemTime { tv_sec: 1790342701, tv_nsec: 500404736 }] native attachment ledger {"attachments":{"allocations":[{"allocation":1,"host":1,"last_submission":1,"owner":8,"payload_bytes":32768000,"release_reason":null}],"completed_retirements":0,"current_payload_bytes":32768000,"device_loss_confirmed":false,"device_loss_retirements":0,"observed_allocations":1,"peak_payload_bytes":32768000,"retiring_payload_bytes":0,"unknown_payload_allocations":0},"queue_epoch":1}
[SystemTime { tv_sec: 1790342701, tv_nsec: 500493735 }] window event WindowId(31457284) redraw requested
[SystemTime { tv_sec: 1790342701, tv_nsec: 500528158 }] native frame round hosts=[WindowId(31457284)]
[SystemTime { tv_sec: 1790342701, tv_nsec: 500551022 }] redraw handler begin
[SystemTime { tv_sec: 1790342701, tv_nsec: 500586331 }] renderer render begin
[SystemTime { tv_sec: 1790342701, tv_nsec: 526662712 }] native_surface_lifecycle {"acquire_attempts":1,"acquired":1,"active":1,"configuration_generation":1,"configure_attempts":1,"configured_extent":[1280,800],"discarded":0,"frame_submission_receipts_issued":2,"frame_submissions":1,"gpu_completed_through_receipt":1,"host":1,"last_frame_submission_receipt":2,"last_present_receipt":0,"presented":0,"queue_epoch":1,"reason":"submit","wgpu_submission":"Some(SubmissionIndex { index: 2 })","window":"WindowId(31457284)"}
[SystemTime { tv_sec: 1790342701, tv_nsec: 526721653 }] native upload frame window=WindowId(31457284) host=1 renderer=1 queue_epoch=1 surface_generation=1 acquisition=1 submission=2 receipt=Some(UploadFrame { consumers: {"MAIN", "BOARD", "LAYERS", "NAV", "INSPECTOR", "MENU", "TERMINAL"}, owner: 7, attempt: 2, rendered: Some(true), totals: UploadTotals { batches: 1, buffer_payload_bytes: 61432, texture_source_bytes: 19939, texture_padding_bytes: 793629, scatter_index_bytes: 0, staging_capacity_bytes: 875000, buffer_copy_bytes: 61432, buffer_copies: 6, texture_copies: 426, scatter_dispatches: 0 } })
[SystemTime { tv_sec: 1790342701, tv_nsec: 526759297 }] native font ownership window=WindowId(31457284) usage=Usage { allocation: Usage { allocator_installed: true, owner_id: 3, label: "renderer-fonts-and-shapes", payload_bytes: 897966, tracking_bytes: 87984, allocations: 10996, peak_payload_bytes: 898077, owner_metadata_bytes: 96 }, returned_shape_bytes: 151176, private_bytes: Some(834774), fixed_font_bytes: Some(772070), cache_reserved_bytes: 62704, last_call: Some(Report { call_id: 1032, owner_id: 3, allocator_installed: true, host_initial_bytes: 356004, host_final_bytes: 356042, process_initial_bytes: 356004, process_final_bytes: 356042, initial_bytes: 62704, final_bytes: 62704, peak_bytes: 62704, host_peak_bytes: 356042, process_peak_bytes: 356042, exceeded: false }) } measurement=Some(Usage { allocation: Usage { allocator_installed: true, owner_id: 13, label: "text-measurement", payload_bytes: 734742, tracking_bytes: 84216, allocations: 10525, peak_payload_bytes: 748214, owner_metadata_bytes: 96 }, returned_shape_bytes: 0, private_bytes: Some(818958), fixed_font_bytes: Some(772070), cache_reserved_bytes: 46888, last_call: Some(Report { call_id: 18, owner_id: 13, allocator_installed: true, host_initial_bytes: 68424, host_final_bytes: 68424, process_initial_bytes: 68424, process_final_bytes: 68424, initial_bytes: 31432, final_bytes: 46888, peak_bytes: 60496, host_peak_bytes: 68424, process_peak_bytes: 68424, exceeded: false }) }) process_registry_bytes=RegistryUsage { registry_heap_bytes: 72, scope_owner_bytes: 768, call_slots_static_bytes: 9752 }
[SystemTime { tv_sec: 1790342701, tv_nsec: 526788381 }] native attachment ledger {"attachments":{"allocations":[{"allocation":1,"host":1,"last_submission":2,"owner":8,"payload_bytes":32768000,"release_reason":null}],"completed_retirements":0,"current_payload_bytes":32768000,"device_loss_confirmed":false,"device_loss_retirements":0,"observed_allocations":1,"peak_payload_bytes":32768000,"retiring_payload_bytes":0,"unknown_payload_allocations":0},"queue_epoch":1}
[SystemTime { tv_sec: 1790342701, tv_nsec: 526813507 }] native surface attachment {"allocation":1,"allocations_created":1,"extent":[1280,800],"format":"Bgra8UnormSrgb","gpu_retirement_qualified":false,"host":1,"owner":8,"payload_bytes":32768000,"queue_epoch":1,"samples":8,"state":"current_renderer_reference","window":"WindowId(31457284)"}
[SystemTime { tv_sec: 1790342701, tv_nsec: 526833086 }] renderer render end 26ms
[SystemTime { tv_sec: 1790342701, tv_nsec: 526852074 }] frame present begin
[SystemTime { tv_sec: 1790342701, tv_nsec: 526952388 }] native_surface_lifecycle {"acquire_attempts":1,"acquired":1,"active":0,"configuration_generation":1,"configure_attempts":1,"configured_extent":[1280,800],"discarded":0,"frame_submission_receipts_issued":2,"frame_submissions":1,"gpu_completed_through_receipt":1,"host":1,"last_frame_submission_receipt":2,"last_present_receipt":2,"presented":1,"queue_epoch":1,"reason":"present","wgpu_submission":"Some(SubmissionIndex { index: 2 })","window":"WindowId(31457284)"}
[SystemTime { tv_sec: 1790342701, tv_nsec: 526975675 }] frame present end 0ms total=26ms
[SystemTime { tv_sec: 1790342701, tv_nsec: 527056351 }] native redraw ledger {"attempts":3,"counts":{"coalesced":1,"duplicate_tokens":0,"presentations":1,"received":3,"requested":3,"suppressed":1},"damage":4,"device_generation":1,"host_generation":1,"pending":false,"presented_damage":4,"ready":false,"reason":"presented","rendering":null,"window":"WindowId(31457284)"}
[SystemTime { tv_sec: 1790342701, tv_nsec: 527102460 }] redraw handler end
[SystemTime { tv_sec: 1790342701, tv_nsec: 557156723 }] native queue progress epoch=1 submitted=2 completed=2
[SystemTime { tv_sec: 1790342701, tv_nsec: 557199785 }] native attachment ledger {"attachments":{"allocations":[{"allocation":1,"host":1,"last_submission":2,"owner":8,"payload_bytes":32768000,"release_reason":null}],"completed_retirements":0,"current_payload_bytes":32768000,"device_loss_confirmed":false,"device_loss_retirements":0,"observed_allocations":1,"peak_payload_bytes":32768000,"retiring_payload_bytes":0,"unknown_payload_allocations":0},"queue_epoch":1}
[SystemTime { tv_sec: 1790342702, tv_nsec: 573954607 }] window event WindowId(31457284) cursor moved 148.00,16.00
[SystemTime { tv_sec: 1790342702, tv_nsec: 574103041 }] window event WindowId(31457284) modifiers changed ModifiersState(0x0)
[SystemTime { tv_sec: 1790342702, tv_nsec: 574195393 }] window event WindowId(31457284) mouse input Left Pressed
[SystemTime { tv_sec: 1790342702, tv_nsec: 574285125 }] pan primary pressed cursor=Some((148.0, 16.0)) pointer_in_scene=false held=false active=false
[SystemTime { tv_sec: 1790342702, tv_nsec: 574394713 }] window event WindowId(31457284) modifiers changed ModifiersState(0x0)
[SystemTime { tv_sec: 1790342702, tv_nsec: 574468971 }] window event WindowId(31457284) modifiers changed ModifiersState(0x0)
[SystemTime { tv_sec: 1790342702, tv_nsec: 574525922 }] window event WindowId(31457284) mouse input Left Released
[SystemTime { tv_sec: 1790342702, tv_nsec: 574582972 }] pan primary released cursor=Some((148.0, 16.0)) suppress_click=false
[SystemTime { tv_sec: 1790342702, tv_nsec: 574758478 }] window event WindowId(31457284) modifiers changed ModifiersState(0x0)
[SystemTime { tv_sec: 1790342702, tv_nsec: 574827774 }] window event WindowId(31457284) redraw requested
[SystemTime { tv_sec: 1790342702, tv_nsec: 574886974 }] native frame round hosts=[WindowId(31457284)]
[SystemTime { tv_sec: 1790342702, tv_nsec: 574939345 }] redraw handler begin
[SystemTime { tv_sec: 1790342702, tv_nsec: 575020635 }] render scene prepare begin retained_cached=true
[SystemTime { tv_sec: 1790342702, tv_nsec: 575072837 }] prepared scene build begin
[SystemTime { tv_sec: 1790342702, tv_nsec: 575898624 }] native control_meshes window=WindowId(31457284) builds=1
[SystemTime { tv_sec: 1790342702, tv_nsec: 575978313 }] prepared scene build end 0ms
[SystemTime { tv_sec: 1790342702, tv_nsec: 576052433 }] renderer render begin
[SystemTime { tv_sec: 1790342702, tv_nsec: 593630885 }] native_surface_lifecycle {"acquire_attempts":2,"acquired":2,"active":1,"configuration_generation":1,"configure_attempts":1,"configured_extent":[1280,800],"discarded":0,"frame_submission_receipts_issued":3,"frame_submissions":2,"gpu_completed_through_receipt":2,"host":1,"last_frame_submission_receipt":3,"last_present_receipt":2,"presented":1,"queue_epoch":1,"reason":"submit","wgpu_submission":"Some(SubmissionIndex { index: 3 })","window":"WindowId(31457284)"}
[SystemTime { tv_sec: 1790342702, tv_nsec: 593795531 }] native upload frame window=WindowId(31457284) host=1 renderer=1 queue_epoch=1 surface_generation=1 acquisition=2 submission=3 receipt=Some(UploadFrame { consumers: {"MAIN", "BOARD", "LAYERS", "NAV", "INSPECTOR", "MENU", "TERMINAL"}, owner: 7, attempt: 3, rendered: Some(true), totals: UploadTotals { batches: 1, buffer_payload_bytes: 33340, texture_source_bytes: 2512, texture_padding_bytes: 101680, scatter_index_bytes: 12700, staging_capacity_bytes: 175632, buffer_copy_bytes: 46040, buffer_copies: 4, texture_copies: 53, scatter_dispatches: 1 } })
[SystemTime { tv_sec: 1790342702, tv_nsec: 593869046 }] native font ownership window=WindowId(31457284) usage=Usage { allocation: Usage { allocator_installed: true, owner_id: 3, label: "renderer-fonts-and-shapes", payload_bytes: 917550, tracking_bytes: 88464, allocations: 11056, peak_payload_bytes: 917649, owner_metadata_bytes: 96 }, returned_shape_bytes: 171240, private_bytes: Some(834774), fixed_font_bytes: Some(772070), cache_reserved_bytes: 62704, last_call: Some(Report { call_id: 1171, owner_id: 3, allocator_installed: true, host_initial_bytes: 338804, host_final_bytes: 338848, process_initial_bytes: 338804, process_final_bytes: 338848, initial_bytes: 62704, final_bytes: 62704, peak_bytes: 62704, host_peak_bytes: 338848, process_peak_bytes: 338848, exceeded: false }) } measurement=Some(Usage { allocation: Usage { allocator_installed: true, owner_id: 13, label: "text-measurement", payload_bytes: 734742, tracking_bytes: 84216, allocations: 10525, peak_payload_bytes: 748214, owner_metadata_bytes: 96 }, returned_shape_bytes: 0, private_bytes: Some(818958), fixed_font_bytes: Some(772070), cache_reserved_bytes: 46888, last_call: Some(Report { call_id: 1045, owner_id: 13, allocator_installed: true, host_initial_bytes: 312464, host_final_bytes: 312464, process_initial_bytes: 312464, process_final_bytes: 312464, initial_bytes: 46888, final_bytes: 46888, peak_bytes: 50880, host_peak_bytes: 312464, process_peak_bytes: 312464, exceeded: false }) }) process_registry_bytes=RegistryUsage { registry_heap_bytes: 72, scope_owner_bytes: 768, call_slots_static_bytes: 9752 }
[SystemTime { tv_sec: 1790342702, tv_nsec: 593959957 }] native attachment ledger {"attachments":{"allocations":[{"allocation":1,"host":1,"last_submission":3,"owner":8,"payload_bytes":32768000,"release_reason":null}],"completed_retirements":0,"current_payload_bytes":32768000,"device_loss_confirmed":false,"device_loss_retirements":0,"observed_allocations":1,"peak_payload_bytes":32768000,"retiring_payload_bytes":0,"unknown_payload_allocations":0},"queue_epoch":1}
[SystemTime { tv_sec: 1790342702, tv_nsec: 594027105 }] native surface attachment {"allocation":1,"allocations_created":1,"extent":[1280,800],"format":"Bgra8UnormSrgb","gpu_retirement_qualified":false,"host":1,"owner":8,"payload_bytes":32768000,"queue_epoch":1,"samples":8,"state":"current_renderer_reference","window":"WindowId(31457284)"}
[SystemTime { tv_sec: 1790342702, tv_nsec: 594079285 }] renderer render end 18ms
[SystemTime { tv_sec: 1790342702, tv_nsec: 594128506 }] frame present begin
[SystemTime { tv_sec: 1790342702, tv_nsec: 594304533 }] native_surface_lifecycle {"acquire_attempts":2,"acquired":2,"active":0,"configuration_generation":1,"configure_attempts":1,"configured_extent":[1280,800],"discarded":0,"frame_submission_receipts_issued":3,"frame_submissions":2,"gpu_completed_through_receipt":2,"host":1,"last_frame_submission_receipt":3,"last_present_receipt":3,"presented":2,"queue_epoch":1,"reason":"present","wgpu_submission":"Some(SubmissionIndex { index: 3 })","window":"WindowId(31457284)"}
[SystemTime { tv_sec: 1790342702, tv_nsec: 594370375 }] frame present end 0ms total=19ms
[SystemTime { tv_sec: 1790342702, tv_nsec: 594441264 }] native redraw ledger {"attempts":4,"counts":{"coalesced":1,"duplicate_tokens":0,"presentations":2,"received":4,"requested":4,"suppressed":2},"damage":5,"device_generation":1,"host_generation":1,"pending":false,"presented_damage":5,"ready":false,"reason":"presented","rendering":null,"window":"WindowId(31457284)"}
[SystemTime { tv_sec: 1790342702, tv_nsec: 594489864 }] redraw handler end
[SystemTime { tv_sec: 1790342702, tv_nsec: 611809412 }] native queue progress epoch=1 submitted=3 completed=3
[SystemTime { tv_sec: 1790342702, tv_nsec: 611901175 }] native attachment ledger {"attachments":{"allocations":[{"allocation":1,"host":1,"last_submission":3,"owner":8,"payload_bytes":32768000,"release_reason":null}],"completed_retirements":0,"current_payload_bytes":32768000,"device_loss_confirmed":false,"device_loss_retirements":0,"observed_allocations":1,"peak_payload_bytes":32768000,"retiring_payload_bytes":0,"unknown_payload_allocations":0},"queue_epoch":1}
[SystemTime { tv_sec: 1790342702, tv_nsec: 678718632 }] window event WindowId(31457284) keyboard physical=Code(ArrowUp) logical=Named(ArrowUp) state=Pressed repeat=false text=None synthetic=false
[SystemTime { tv_sec: 1790342702, tv_nsec: 678853926 }] window event WindowId(31457284) redraw requested
[SystemTime { tv_sec: 1790342702, tv_nsec: 678893376 }] native frame round hosts=[WindowId(31457284)]
[SystemTime { tv_sec: 1790342702, tv_nsec: 678932443 }] redraw handler begin
[SystemTime { tv_sec: 1790342702, tv_nsec: 678996245 }] render scene prepare begin retained_cached=true
[SystemTime { tv_sec: 1790342702, tv_nsec: 679038710 }] prepared scene build begin
[SystemTime { tv_sec: 1790342702, tv_nsec: 679310090 }] native control_meshes window=WindowId(31457284) builds=1
[SystemTime { tv_sec: 1790342702, tv_nsec: 679347461 }] prepared scene build end 0ms
[SystemTime { tv_sec: 1790342702, tv_nsec: 679382883 }] renderer render begin
[SystemTime { tv_sec: 1790342702, tv_nsec: 682010977 }] native_surface_lifecycle {"acquire_attempts":3,"acquired":3,"active":1,"configuration_generation":1,"configure_attempts":1,"configured_extent":[1280,800],"discarded":0,"frame_submission_receipts_issued":4,"frame_submissions":3,"gpu_completed_through_receipt":3,"host":1,"last_frame_submission_receipt":4,"last_present_receipt":3,"presented":2,"queue_epoch":1,"reason":"submit","wgpu_submission":"Some(SubmissionIndex { index: 4 })","window":"WindowId(31457284)"}
[SystemTime { tv_sec: 1790342702, tv_nsec: 682119100 }] native upload frame window=WindowId(31457284) host=1 renderer=1 queue_epoch=1 surface_generation=1 acquisition=3 submission=4 receipt=Some(UploadFrame { consumers: {"MAIN", "BOARD", "LAYERS", "NAV", "INSPECTOR", "MENU", "TERMINAL"}, owner: 7, attempt: 4, rendered: Some(true), totals: UploadTotals { batches: 1, buffer_payload_bytes: 984, texture_source_bytes: 0, texture_padding_bytes: 0, scatter_index_bytes: 0, staging_capacity_bytes: 984, buffer_copy_bytes: 984, buffer_copies: 57, texture_copies: 0, scatter_dispatches: 0 } })
[SystemTime { tv_sec: 1790342702, tv_nsec: 682176227 }] native font ownership window=WindowId(31457284) usage=Usage { allocation: Usage { allocator_installed: true, owner_id: 3, label: "renderer-fonts-and-shapes", payload_bytes: 916462, tracking_bytes: 88440, allocations: 11053, peak_payload_bytes: 917649, owner_metadata_bytes: 96 }, returned_shape_bytes: 170128, private_bytes: Some(834774), fixed_font_bytes: Some(772070), cache_reserved_bytes: 62704, last_call: Some(Report { call_id: 1171, owner_id: 3, allocator_installed: true, host_initial_bytes: 338804, host_final_bytes: 338848, process_initial_bytes: 338804, process_final_bytes: 338848, initial_bytes: 62704, final_bytes: 62704, peak_bytes: 62704, host_peak_bytes: 338848, process_peak_bytes: 338848, exceeded: false }) } measurement=Some(Usage { allocation: Usage { allocator_installed: true, owner_id: 13, label: "text-measurement", payload_bytes: 734742, tracking_bytes: 84216, allocations: 10525, peak_payload_bytes: 748214, owner_metadata_bytes: 96 }, returned_shape_bytes: 0, private_bytes: Some(818958), fixed_font_bytes: Some(772070), cache_reserved_bytes: 46888, last_call: Some(Report { call_id: 1045, owner_id: 13, allocator_installed: true, host_initial_bytes: 312464, host_final_bytes: 312464, process_initial_bytes: 312464, process_final_bytes: 312464, initial_bytes: 46888, final_bytes: 46888, peak_bytes: 50880, host_peak_bytes: 312464, process_peak_bytes: 312464, exceeded: false }) }) process_registry_bytes=RegistryUsage { registry_heap_bytes: 72, scope_owner_bytes: 768, call_slots_static_bytes: 9752 }
[SystemTime { tv_sec: 1790342702, tv_nsec: 682235211 }] native attachment ledger {"attachments":{"allocations":[{"allocation":1,"host":1,"last_submission":4,"owner":8,"payload_bytes":32768000,"release_reason":null}],"completed_retirements":0,"current_payload_bytes":32768000,"device_loss_confirmed":false,"device_loss_retirements":0,"observed_allocations":1,"peak_payload_bytes":32768000,"retiring_payload_bytes":0,"unknown_payload_allocations":0},"queue_epoch":1}
[SystemTime { tv_sec: 1790342702, tv_nsec: 682287287 }] native surface attachment {"allocation":1,"allocations_created":1,"extent":[1280,800],"format":"Bgra8UnormSrgb","gpu_retirement_qualified":false,"host":1,"owner":8,"payload_bytes":32768000,"queue_epoch":1,"samples":8,"state":"current_renderer_reference","window":"WindowId(31457284)"}
[SystemTime { tv_sec: 1790342702, tv_nsec: 682327354 }] renderer render end 2ms
[SystemTime { tv_sec: 1790342702, tv_nsec: 682376509 }] frame present begin
[SystemTime { tv_sec: 1790342702, tv_nsec: 682495775 }] native_surface_lifecycle {"acquire_attempts":3,"acquired":3,"active":0,"configuration_generation":1,"configure_attempts":1,"configured_extent":[1280,800],"discarded":0,"frame_submission_receipts_issued":4,"frame_submissions":3,"gpu_completed_through_receipt":3,"host":1,"last_frame_submission_receipt":4,"last_present_receipt":4,"presented":3,"queue_epoch":1,"reason":"present","wgpu_submission":"Some(SubmissionIndex { index: 4 })","window":"WindowId(31457284)"}
[SystemTime { tv_sec: 1790342702, tv_nsec: 682551386 }] frame present end 0ms total=3ms
[SystemTime { tv_sec: 1790342702, tv_nsec: 682635329 }] native redraw ledger {"attempts":5,"counts":{"coalesced":1,"duplicate_tokens":0,"presentations":3,"received":5,"requested":5,"suppressed":3},"damage":6,"device_generation":1,"host_generation":1,"pending":false,"presented_damage":6,"ready":false,"reason":"presented","rendering":null,"window":"WindowId(31457284)"}
[SystemTime { tv_sec: 1790342702, tv_nsec: 682962510 }] redraw handler end
[SystemTime { tv_sec: 1790342702, tv_nsec: 689740762 }] window event WindowId(31457284) keyboard physical=Code(ArrowUp) logical=Named(ArrowUp) state=Released repeat=false text=None synthetic=false
[SystemTime { tv_sec: 1790342702, tv_nsec: 689832317 }] window event WindowId(31457284) redraw requested
[SystemTime { tv_sec: 1790342702, tv_nsec: 689892154 }] native frame round hosts=[WindowId(31457284)]
[SystemTime { tv_sec: 1790342702, tv_nsec: 689944185 }] redraw handler begin
[SystemTime { tv_sec: 1790342702, tv_nsec: 690055473 }] native_surface_lifecycle {"acquire_attempts":3,"acquired":3,"active":0,"configuration_generation":1,"configure_attempts":1,"configured_extent":[1280,800],"discarded":0,"frame_submission_receipts_issued":4,"frame_submissions":3,"gpu_completed_through_receipt":3,"host":1,"last_frame_submission_receipt":4,"last_present_receipt":4,"presented":3,"queue_epoch":1,"reason":"wait_queue","wgpu_submission":"Some(SubmissionIndex { index: 4 })","window":"WindowId(31457284)"}
[SystemTime { tv_sec: 1790342702, tv_nsec: 690132938 }] native redraw ledger {"attempts":6,"counts":{"coalesced":1,"duplicate_tokens":0,"presentations":3,"received":6,"requested":6,"suppressed":3},"damage":7,"device_generation":1,"host_generation":1,"pending":false,"presented_damage":6,"ready":false,"reason":"not_presented","rendering":null,"window":"WindowId(31457284)"}
[SystemTime { tv_sec: 1790342702, tv_nsec: 700735093 }] window event WindowId(31457284) keyboard physical=Code(ArrowRight) logical=Named(ArrowRight) state=Pressed repeat=false text=None synthetic=false
[SystemTime { tv_sec: 1790342702, tv_nsec: 701157169 }] window event WindowId(31457284) redraw requested
[SystemTime { tv_sec: 1790342702, tv_nsec: 701223715 }] native frame round hosts=[WindowId(31457284)]
[SystemTime { tv_sec: 1790342702, tv_nsec: 701277836 }] redraw handler begin
[SystemTime { tv_sec: 1790342702, tv_nsec: 701399677 }] native_surface_lifecycle {"acquire_attempts":3,"acquired":3,"active":0,"configuration_generation":1,"configure_attempts":1,"configured_extent":[1280,800],"discarded":0,"frame_submission_receipts_issued":4,"frame_submissions":3,"gpu_completed_through_receipt":3,"host":1,"last_frame_submission_receipt":4,"last_present_receipt":4,"presented":3,"queue_epoch":1,"reason":"wait_queue","wgpu_submission":"Some(SubmissionIndex { index: 4 })","window":"WindowId(31457284)"}
[SystemTime { tv_sec: 1790342702, tv_nsec: 701507462 }] native redraw ledger {"attempts":7,"counts":{"coalesced":1,"duplicate_tokens":0,"presentations":3,"received":7,"requested":7,"suppressed":3},"damage":8,"device_generation":1,"host_generation":1,"pending":false,"presented_damage":6,"ready":false,"reason":"not_presented","rendering":null,"window":"WindowId(31457284)"}
[SystemTime { tv_sec: 1790342702, tv_nsec: 709061371 }] native queue progress epoch=1 submitted=4 completed=4
[SystemTime { tv_sec: 1790342702, tv_nsec: 709205127 }] native attachment ledger {"attachments":{"allocations":[{"allocation":1,"host":1,"last_submission":4,"owner":8,"payload_bytes":32768000,"release_reason":null}],"completed_retirements":0,"current_payload_bytes":32768000,"device_loss_confirmed":false,"device_loss_retirements":0,"observed_allocations":1,"peak_payload_bytes":32768000,"retiring_payload_bytes":0,"unknown_payload_allocations":0},"queue_epoch":1}
[SystemTime { tv_sec: 1790342702, tv_nsec: 709827532 }] window event WindowId(31457284) redraw requested
[SystemTime { tv_sec: 1790342702, tv_nsec: 709892312 }] native frame round hosts=[WindowId(31457284)]
[SystemTime { tv_sec: 1790342702, tv_nsec: 709945421 }] redraw handler begin
[SystemTime { tv_sec: 1790342702, tv_nsec: 710017625 }] render scene prepare begin retained_cached=true
[SystemTime { tv_sec: 1790342702, tv_nsec: 710069947 }] prepared scene build begin
[SystemTime { tv_sec: 1790342702, tv_nsec: 710583274 }] native control_meshes window=WindowId(31457284) builds=1
[SystemTime { tv_sec: 1790342702, tv_nsec: 710653461 }] prepared scene build end 0ms
[SystemTime { tv_sec: 1790342702, tv_nsec: 710738047 }] renderer render begin
[SystemTime { tv_sec: 1790342702, tv_nsec: 713153630 }] native_surface_lifecycle {"acquire_attempts":4,"acquired":4,"active":1,"configuration_generation":1,"configure_attempts":1,"configured_extent":[1280,800],"discarded":0,"frame_submission_receipts_issued":5,"frame_submissions":4,"gpu_completed_through_receipt":4,"host":1,"last_frame_submission_receipt":5,"last_present_receipt":4,"presented":3,"queue_epoch":1,"reason":"submit","wgpu_submission":"Some(SubmissionIndex { index: 5 })","window":"WindowId(31457284)"}
[SystemTime { tv_sec: 1790342702, tv_nsec: 713284547 }] native upload frame window=WindowId(31457284) host=1 renderer=1 queue_epoch=1 surface_generation=1 acquisition=4 submission=5 receipt=Some(UploadFrame { consumers: {"MAIN", "BOARD", "LAYERS", "NAV", "INSPECTOR", "MENU", "TERMINAL"}, owner: 7, attempt: 5, rendered: Some(true), totals: UploadTotals { batches: 1, buffer_payload_bytes: 7800, texture_source_bytes: 387, texture_padding_bytes: 19325, scatter_index_bytes: 0, staging_capacity_bytes: 27512, buffer_copy_bytes: 7800, buffer_copies: 2, texture_copies: 10, scatter_dispatches: 0 } })
[SystemTime { tv_sec: 1790342702, tv_nsec: 713360381 }] native font ownership window=WindowId(31457284) usage=Usage { allocation: Usage { allocator_installed: true, owner_id: 3, label: "renderer-fonts-and-shapes", payload_bytes: 924302, tracking_bytes: 88520, allocations: 11063, peak_payload_bytes: 924464, owner_metadata_bytes: 96 }, returned_shape_bytes: 178048, private_bytes: Some(834774), fixed_font_bytes: Some(772070), cache_reserved_bytes: 62704, last_call: Some(Report { call_id: 1195, owner_id: 3, allocator_installed: true, host_initial_bytes: 338449, host_final_bytes: 338475, process_initial_bytes: 338449, process_final_bytes: 338475, initial_bytes: 62704, final_bytes: 62704, peak_bytes: 62704, host_peak_bytes: 338475, process_peak_bytes: 338475, exceeded: false }) } measurement=Some(Usage { allocation: Usage { allocator_installed: true, owner_id: 13, label: "text-measurement", payload_bytes: 734742, tracking_bytes: 84216, allocations: 10525, peak_payload_bytes: 748214, owner_metadata_bytes: 96 }, returned_shape_bytes: 0, private_bytes: Some(818958), fixed_font_bytes: Some(772070), cache_reserved_bytes: 46888, last_call: Some(Report { call_id: 1173, owner_id: 13, allocator_installed: true, host_initial_bytes: 367656, host_final_bytes: 367656, process_initial_bytes: 367656, process_final_bytes: 367656, initial_bytes: 46888, final_bytes: 46888, peak_bytes: 54192, host_peak_bytes: 367656, process_peak_bytes: 367656, exceeded: false }) }) process_registry_bytes=RegistryUsage { registry_heap_bytes: 72, scope_owner_bytes: 768, call_slots_static_bytes: 9752 }
[SystemTime { tv_sec: 1790342702, tv_nsec: 713438207 }] native attachment ledger {"attachments":{"allocations":[{"allocation":1,"host":1,"last_submission":5,"owner":8,"payload_bytes":32768000,"release_reason":null}],"completed_retirements":0,"current_payload_bytes":32768000,"device_loss_confirmed":false,"device_loss_retirements":0,"observed_allocations":1,"peak_payload_bytes":32768000,"retiring_payload_bytes":0,"unknown_payload_allocations":0},"queue_epoch":1}
[SystemTime { tv_sec: 1790342702, tv_nsec: 713521210 }] native surface attachment {"allocation":1,"allocations_created":1,"extent":[1280,800],"format":"Bgra8UnormSrgb","gpu_retirement_qualified":false,"host":1,"owner":8,"payload_bytes":32768000,"queue_epoch":1,"samples":8,"state":"current_renderer_reference","window":"WindowId(31457284)"}
[SystemTime { tv_sec: 1790342702, tv_nsec: 713577733 }] renderer render end 2ms
[SystemTime { tv_sec: 1790342702, tv_nsec: 713634537 }] frame present begin
[SystemTime { tv_sec: 1790342702, tv_nsec: 713813523 }] native_surface_lifecycle {"acquire_attempts":4,"acquired":4,"active":0,"configuration_generation":1,"configure_attempts":1,"configured_extent":[1280,800],"discarded":0,"frame_submission_receipts_issued":5,"frame_submissions":4,"gpu_completed_through_receipt":4,"host":1,"last_frame_submission_receipt":5,"last_present_receipt":5,"presented":4,"queue_epoch":1,"reason":"present","wgpu_submission":"Some(SubmissionIndex { index: 5 })","window":"WindowId(31457284)"}
[SystemTime { tv_sec: 1790342702, tv_nsec: 713893395 }] frame present end 0ms total=3ms
[SystemTime { tv_sec: 1790342702, tv_nsec: 713977949 }] native redraw ledger {"attempts":8,"counts":{"coalesced":1,"duplicate_tokens":0,"presentations":4,"received":8,"requested":8,"suppressed":4},"damage":8,"device_generation":1,"host_generation":1,"pending":false,"presented_damage":8,"ready":false,"reason":"presented","rendering":null,"window":"WindowId(31457284)"}
[SystemTime { tv_sec: 1790342702, tv_nsec: 714033292 }] redraw handler end
[SystemTime { tv_sec: 1790342702, tv_nsec: 714209909 }] window event WindowId(31457284) keyboard physical=Code(ArrowRight) logical=Named(ArrowRight) state=Released repeat=false text=None synthetic=false
[SystemTime { tv_sec: 1790342702, tv_nsec: 714296437 }] window event WindowId(31457284) redraw requested
[SystemTime { tv_sec: 1790342702, tv_nsec: 714361912 }] native frame round hosts=[WindowId(31457284)]
[SystemTime { tv_sec: 1790342702, tv_nsec: 714417642 }] redraw handler begin
[SystemTime { tv_sec: 1790342702, tv_nsec: 714523017 }] native_surface_lifecycle {"acquire_attempts":4,"acquired":4,"active":0,"configuration_generation":1,"configure_attempts":1,"configured_extent":[1280,800],"discarded":0,"frame_submission_receipts_issued":5,"frame_submissions":4,"gpu_completed_through_receipt":4,"host":1,"last_frame_submission_receipt":5,"last_present_receipt":5,"presented":4,"queue_epoch":1,"reason":"wait_queue","wgpu_submission":"Some(SubmissionIndex { index: 5 })","window":"WindowId(31457284)"}
[SystemTime { tv_sec: 1790342702, tv_nsec: 714645190 }] native redraw ledger {"attempts":9,"counts":{"coalesced":1,"duplicate_tokens":0,"presentations":4,"received":9,"requested":9,"suppressed":4},"damage":9,"device_generation":1,"host_generation":1,"pending":false,"presented_damage":8,"ready":false,"reason":"not_presented","rendering":null,"window":"WindowId(31457284)"}
[SystemTime { tv_sec: 1790342702, tv_nsec: 722641660 }] window event WindowId(31457284) keyboard physical=Code(Enter) logical=Named(Enter) state=Pressed repeat=false text=Some("\r") synthetic=false
[SystemTime { tv_sec: 1790342702, tv_nsec: 722919470 }] window event WindowId(31457284) redraw requested
[SystemTime { tv_sec: 1790342702, tv_nsec: 733162416 }] surface identity window=WindowId(31457302) window_backend=x11 gpu_backend=Vulkan adapter="Intel(R) HD Graphics P630 (KBL GT2)" device_type=IntegratedGpu driver="Intel open-source Mesa driver" driver_info="Mesa 25.0.7-2+deb13u1"
[SystemTime { tv_sec: 1790342702, tv_nsec: 747870323 }] native frame round hosts=[WindowId(31457284)]
[SystemTime { tv_sec: 1790342702, tv_nsec: 747956840 }] redraw handler begin
[SystemTime { tv_sec: 1790342702, tv_nsec: 748178666 }] render scene prepare begin retained_cached=true
[SystemTime { tv_sec: 1790342702, tv_nsec: 748230010 }] prepared scene build begin
[SystemTime { tv_sec: 1790342702, tv_nsec: 748559960 }] native control_meshes window=WindowId(31457284) builds=1
[SystemTime { tv_sec: 1790342702, tv_nsec: 748613530 }] prepared scene build end 0ms
[SystemTime { tv_sec: 1790342702, tv_nsec: 748665380 }] renderer render begin
[SystemTime { tv_sec: 1790342702, tv_nsec: 750235370 }] native_surface_lifecycle {"acquire_attempts":5,"acquired":5,"active":1,"configuration_generation":1,"configure_attempts":1,"configured_extent":[1280,800],"discarded":0,"frame_submission_receipts_issued":6,"frame_submissions":5,"gpu_completed_through_receipt":5,"host":1,"last_frame_submission_receipt":6,"last_present_receipt":5,"presented":4,"queue_epoch":1,"reason":"submit","wgpu_submission":"Some(SubmissionIndex { index: 6 })","window":"WindowId(31457284)"}
[SystemTime { tv_sec: 1790342702, tv_nsec: 750311668 }] native upload frame window=WindowId(31457284) host=1 renderer=1 queue_epoch=1 surface_generation=1 acquisition=5 submission=6 receipt=Some(UploadFrame { consumers: {"MAIN", "BOARD", "LAYERS", "NAV", "INSPECTOR", "MENU", "TERMINAL"}, owner: 7, attempt: 6, rendered: Some(true), totals: UploadTotals { batches: 1, buffer_payload_bytes: 4384, texture_source_bytes: 0, texture_padding_bytes: 0, scatter_index_bytes: 4368, staging_capacity_bytes: 17488, buffer_copy_bytes: 8752, buffer_copies: 5, texture_copies: 0, scatter_dispatches: 1 } })
[SystemTime { tv_sec: 1790342702, tv_nsec: 750376865 }] native font ownership window=WindowId(31457284) usage=Usage { allocation: Usage { allocator_installed: true, owner_id: 3, label: "renderer-fonts-and-shapes", payload_bytes: 924302, tracking_bytes: 88520, allocations: 11063, peak_payload_bytes: 924464, owner_metadata_bytes: 96 }, returned_shape_bytes: 178048, private_bytes: Some(834774), fixed_font_bytes: Some(772070), cache_reserved_bytes: 62704, last_call: Some(Report { call_id: 1195, owner_id: 3, allocator_installed: true, host_initial_bytes: 338449, host_final_bytes: 338475, process_initial_bytes: 338449, process_final_bytes: 338475, initial_bytes: 62704, final_bytes: 62704, peak_bytes: 62704, host_peak_bytes: 338475, process_peak_bytes: 338475, exceeded: false }) } measurement=Some(Usage { allocation: Usage { allocator_installed: true, owner_id: 13, label: "text-measurement", payload_bytes: 734742, tracking_bytes: 84216, allocations: 10525, peak_payload_bytes: 748214, owner_metadata_bytes: 96 }, returned_shape_bytes: 0, private_bytes: Some(818958), fixed_font_bytes: Some(772070), cache_reserved_bytes: 46888, last_call: Some(Report { call_id: 1173, owner_id: 13, allocator_installed: true, host_initial_bytes: 367656, host_final_bytes: 367656, process_initial_bytes: 367656, process_final_bytes: 367656, initial_bytes: 46888, final_bytes: 46888, peak_bytes: 54192, host_peak_bytes: 367656, process_peak_bytes: 367656, exceeded: false }) }) process_registry_bytes=RegistryUsage { registry_heap_bytes: 136, scope_owner_bytes: 1056, call_slots_static_bytes: 9752 }
[SystemTime { tv_sec: 1790342702, tv_nsec: 750448298 }] native attachment ledger {"attachments":{"allocations":[{"allocation":1,"host":1,"last_submission":6,"owner":8,"payload_bytes":32768000,"release_reason":null}],"completed_retirements":0,"current_payload_bytes":32768000,"device_loss_confirmed":false,"device_loss_retirements":0,"observed_allocations":1,"peak_payload_bytes":32768000,"retiring_payload_bytes":0,"unknown_payload_allocations":0},"queue_epoch":1}
[SystemTime { tv_sec: 1790342702, tv_nsec: 750511930 }] native surface attachment {"allocation":1,"allocations_created":1,"extent":[1280,800],"format":"Bgra8UnormSrgb","gpu_retirement_qualified":false,"host":1,"owner":8,"payload_bytes":32768000,"queue_epoch":1,"samples":8,"state":"current_renderer_reference","window":"WindowId(31457284)"}
[SystemTime { tv_sec: 1790342702, tv_nsec: 750561952 }] renderer render end 1ms
[SystemTime { tv_sec: 1790342702, tv_nsec: 750610462 }] frame present begin
[SystemTime { tv_sec: 1790342702, tv_nsec: 750765879 }] native_surface_lifecycle {"acquire_attempts":5,"acquired":5,"active":0,"configuration_generation":1,"configure_attempts":1,"configured_extent":[1280,800],"discarded":0,"frame_submission_receipts_issued":6,"frame_submissions":5,"gpu_completed_through_receipt":5,"host":1,"last_frame_submission_receipt":6,"last_present_receipt":6,"presented":5,"queue_epoch":1,"reason":"present","wgpu_submission":"Some(SubmissionIndex { index: 6 })","window":"WindowId(31457284)"}
[SystemTime { tv_sec: 1790342702, tv_nsec: 750875701 }] frame present end 0ms total=2ms
[SystemTime { tv_sec: 1790342702, tv_nsec: 750977400 }] native redraw ledger {"attempts":10,"counts":{"coalesced":1,"duplicate_tokens":0,"presentations":5,"received":10,"requested":10,"suppressed":5},"damage":10,"device_generation":1,"host_generation":1,"pending":false,"presented_damage":10,"ready":false,"reason":"presented","rendering":null,"window":"WindowId(31457284)"}
[SystemTime { tv_sec: 1790342702, tv_nsec: 751027095 }] redraw handler end
[SystemTime { tv_sec: 1790342702, tv_nsec: 751330272 }] native queue progress epoch=1 submitted=6 completed=5
[SystemTime { tv_sec: 1790342702, tv_nsec: 751417413 }] native attachment ledger {"attachments":{"allocations":[{"allocation":1,"host":1,"last_submission":6,"owner":8,"payload_bytes":32768000,"release_reason":null}],"completed_retirements":0,"current_payload_bytes":32768000,"device_loss_confirmed":false,"device_loss_retirements":0,"observed_allocations":1,"peak_payload_bytes":32768000,"retiring_payload_bytes":0,"unknown_payload_allocations":0},"queue_epoch":1}
[SystemTime { tv_sec: 1790342702, tv_nsec: 751543933 }] window event WindowId(31457302) ime Disabled
[SystemTime { tv_sec: 1790342702, tv_nsec: 751629664 }] window event WindowId(31457284) keyboard physical=Code(Enter) logical=Named(Enter) state=Released repeat=false text=Some("\r") synthetic=false
[SystemTime { tv_sec: 1790342702, tv_nsec: 752443928 }] window event WindowId(31457302) redraw requested
[SystemTime { tv_sec: 1790342702, tv_nsec: 752601198 }] native frame round hosts=[WindowId(31457302)]
[SystemTime { tv_sec: 1790342702, tv_nsec: 752715233 }] native_surface_lifecycle {"acquire_attempts":0,"acquired":0,"active":0,"configuration_generation":0,"configure_attempts":0,"configured_extent":null,"discarded":0,"frame_submission_receipts_issued":6,"frame_submissions":0,"gpu_completed_through_receipt":5,"host":2,"last_frame_submission_receipt":0,"last_present_receipt":0,"presented":0,"queue_epoch":1,"reason":"wait_queue","wgpu_submission":"None","window":"WindowId(31457302)"}
[SystemTime { tv_sec: 1790342702, tv_nsec: 752828833 }] native redraw ledger {"attempts":1,"counts":{"coalesced":1,"duplicate_tokens":0,"presentations":0,"received":1,"requested":1,"suppressed":0},"damage":3,"device_generation":1,"host_generation":2,"pending":false,"presented_damage":0,"ready":false,"reason":"not_presented","rendering":null,"window":"WindowId(31457302)"}
[SystemTime { tv_sec: 1790342702, tv_nsec: 756728399 }] window event WindowId(31457302) focused false
[SystemTime { tv_sec: 1790342702, tv_nsec: 757100657 }] window event WindowId(31457302) occluded false
[SystemTime { tv_sec: 1790342702, tv_nsec: 757488187 }] window event WindowId(31457302) redraw requested
[SystemTime { tv_sec: 1790342702, tv_nsec: 757856156 }] native frame round hosts=[WindowId(31457302)]
[SystemTime { tv_sec: 1790342702, tv_nsec: 757974421 }] native_surface_lifecycle {"acquire_attempts":0,"acquired":0,"active":0,"configuration_generation":0,"configure_attempts":0,"configured_extent":null,"discarded":0,"frame_submission_receipts_issued":6,"frame_submissions":0,"gpu_completed_through_receipt":5,"host":2,"last_frame_submission_receipt":0,"last_present_receipt":0,"presented":0,"queue_epoch":1,"reason":"wait_queue","wgpu_submission":"None","window":"WindowId(31457302)"}
[SystemTime { tv_sec: 1790342702, tv_nsec: 758045577 }] native redraw ledger {"attempts":2,"counts":{"coalesced":1,"duplicate_tokens":0,"presentations":0,"received":2,"requested":1,"suppressed":0},"damage":3,"device_generation":1,"host_generation":2,"pending":false,"presented_damage":0,"ready":false,"reason":"not_presented","rendering":null,"window":"WindowId(31457302)"}
[SystemTime { tv_sec: 1790342702, tv_nsec: 763158365 }] window event WindowId(31457284) modifiers changed ModifiersState(0x0)
[SystemTime { tv_sec: 1790342702, tv_nsec: 763873982 }] window event WindowId(31457284) focused false
[SystemTime { tv_sec: 1790342702, tv_nsec: 764638367 }] window event WindowId(31457302) focused true
[SystemTime { tv_sec: 1790342702, tv_nsec: 765450211 }] window event WindowId(31457302) modifiers changed ModifiersState(0x0)
[SystemTime { tv_sec: 1790342702, tv_nsec: 765551271 }] window event WindowId(31457302) cursor moved 467.00,170.00
[SystemTime { tv_sec: 1790342702, tv_nsec: 765639578 }] window event WindowId(31457302) occluded false
[SystemTime { tv_sec: 1790342702, tv_nsec: 766192898 }] window event WindowId(31457302) resized 960x720
[SystemTime { tv_sec: 1790342702, tv_nsec: 766268717 }] window event WindowId(31457302) redraw requested
[SystemTime { tv_sec: 1790342702, tv_nsec: 766327568 }] native frame round hosts=[WindowId(31457302)]
[SystemTime { tv_sec: 1790342702, tv_nsec: 766584087 }] surface configure begin
[SystemTime { tv_sec: 1790342702, tv_nsec: 785570998 }] surface configure end
[SystemTime { tv_sec: 1790342702, tv_nsec: 785621197 }] native queue configured host=2 configurations=2 submitted=6 completed=6
[SystemTime { tv_sec: 1790342702, tv_nsec: 788910607 }] native control_meshes window=WindowId(31457302) builds=13
[SystemTime { tv_sec: 1790342702, tv_nsec: 795448741 }] native_surface_lifecycle {"acquire_attempts":1,"acquired":1,"active":1,"configuration_generation":1,"configure_attempts":1,"configured_extent":[960,720],"discarded":0,"frame_submission_receipts_issued":7,"frame_submissions":1,"gpu_completed_through_receipt":6,"host":2,"last_frame_submission_receipt":7,"last_present_receipt":0,"presented":0,"queue_epoch":1,"reason":"submit","wgpu_submission":"Some(SubmissionIndex { index: 7 })","window":"WindowId(31457302)"}
[SystemTime { tv_sec: 1790342702, tv_nsec: 795514638 }] native upload frame window=WindowId(31457302) host=2 renderer=2 queue_epoch=1 surface_generation=1 acquisition=1 submission=7 receipt=Some(UploadFrame { consumers: {"GLOBAL"}, owner: 42, attempt: 1, rendered: Some(true), totals: UploadTotals { batches: 1, buffer_payload_bytes: 42328, texture_source_bytes: 8502, texture_padding_bytes: 381642, scatter_index_bytes: 0, staging_capacity_bytes: 432472, buffer_copy_bytes: 42328, buffer_copies: 3, texture_copies: 216, scatter_dispatches: 0 } })
[SystemTime { tv_sec: 1790342702, tv_nsec: 795569182 }] native font ownership window=WindowId(31457302) usage=Usage { allocation: Usage { allocator_installed: true, owner_id: 17, label: "renderer-fonts-and-shapes", payload_bytes: 828598, tracking_bytes: 85448, allocations: 10679, peak_payload_bytes: 828931, owner_metadata_bytes: 96 }, returned_shape_bytes: 95088, private_bytes: Some(818958), fixed_font_bytes: Some(772070), cache_reserved_bytes: 46888, last_call: Some(Report { call_id: 1677, owner_id: 17, allocator_installed: true, host_initial_bytes: 220357, host_final_bytes: 220381, process_initial_bytes: 521541, process_final_bytes: 521565, initial_bytes: 46888, final_bytes: 46888, peak_bytes: 46888, host_peak_bytes: 220381, process_peak_bytes: 521565, exceeded: false }) } measurement=Some(Usage { allocation: Usage { allocator_installed: true, owner_id: 19, label: "text-measurement", payload_bytes: 734742, tracking_bytes: 84216, allocations: 10525, peak_payload_bytes: 743255, owner_metadata_bytes: 96 }, returned_shape_bytes: 0, private_bytes: Some(818958), fixed_font_bytes: Some(772070), cache_reserved_bytes: 46888, last_call: Some(Report { call_id: 1202, owner_id: 19, allocator_installed: true, host_initial_bytes: 64488, host_final_bytes: 64488, process_initial_bytes: 365672, process_final_bytes: 365672, initial_bytes: 31336, final_bytes: 46888, peak_bytes: 55409, host_peak_bytes: 64488, process_peak_bytes: 365672, exceeded: false }) }) process_registry_bytes=RegistryUsage { registry_heap_bytes: 136, scope_owner_bytes: 1152, call_slots_static_bytes: 9752 }
[SystemTime { tv_sec: 1790342702, tv_nsec: 795622831 }] native attachment ledger {"attachments":{"allocations":[{"allocation":1,"host":1,"last_submission":6,"owner":8,"payload_bytes":32768000,"release_reason":null},{"allocation":1,"host":2,"last_submission":7,"owner":43,"payload_bytes":22118400,"release_reason":null}],"completed_retirements":0,"current_payload_bytes":54886400,"device_loss_confirmed":false,"device_loss_retirements":0,"observed_allocations":2,"peak_payload_bytes":54886400,"retiring_payload_bytes":0,"unknown_payload_allocations":0},"queue_epoch":1}
[SystemTime { tv_sec: 1790342702, tv_nsec: 795664893 }] native surface attachment {"allocation":1,"allocations_created":1,"extent":[960,720],"format":"Bgra8UnormSrgb","gpu_retirement_qualified":false,"host":2,"owner":43,"payload_bytes":22118400,"queue_epoch":1,"samples":8,"state":"current_renderer_reference","window":"WindowId(31457302)"}
[SystemTime { tv_sec: 1790342702, tv_nsec: 795765740 }] native_surface_lifecycle {"acquire_attempts":1,"acquired":1,"active":0,"configuration_generation":1,"configure_attempts":1,"configured_extent":[960,720],"discarded":0,"frame_submission_receipts_issued":7,"frame_submissions":1,"gpu_completed_through_receipt":6,"host":2,"last_frame_submission_receipt":7,"last_present_receipt":7,"presented":1,"queue_epoch":1,"reason":"present","wgpu_submission":"Some(SubmissionIndex { index: 7 })","window":"WindowId(31457302)"}
[SystemTime { tv_sec: 1790342702, tv_nsec: 795808935 }] native redraw ledger {"attempts":3,"counts":{"coalesced":1,"duplicate_tokens":0,"presentations":1,"received":3,"requested":1,"suppressed":1},"damage":3,"device_generation":1,"host_generation":2,"pending":false,"presented_damage":3,"ready":false,"reason":"presented","rendering":null,"window":"WindowId(31457302)"}
[SystemTime { tv_sec: 1790342702, tv_nsec: 795976437 }] native queue progress epoch=1 submitted=7 completed=6
[SystemTime { tv_sec: 1790342702, tv_nsec: 796024933 }] native attachment ledger {"attachments":{"allocations":[{"allocation":1,"host":1,"last_submission":6,"owner":8,"payload_bytes":32768000,"release_reason":null},{"allocation":1,"host":2,"last_submission":7,"owner":43,"payload_bytes":22118400,"release_reason":null}],"completed_retirements":0,"current_payload_bytes":54886400,"device_loss_confirmed":false,"device_loss_retirements":0,"observed_allocations":2,"peak_payload_bytes":54886400,"retiring_payload_bytes":0,"unknown_payload_allocations":0},"queue_epoch":1}
[SystemTime { tv_sec: 1790342702, tv_nsec: 804865332 }] native queue progress epoch=1 submitted=7 completed=7
[SystemTime { tv_sec: 1790342702, tv_nsec: 804902123 }] native attachment ledger {"attachments":{"allocations":[{"allocation":1,"host":1,"last_submission":6,"owner":8,"payload_bytes":32768000,"release_reason":null},{"allocation":1,"host":2,"last_submission":7,"owner":43,"payload_bytes":22118400,"release_reason":null}],"completed_retirements":0,"current_payload_bytes":54886400,"device_loss_confirmed":false,"device_loss_retirements":0,"observed_allocations":2,"peak_payload_bytes":54886400,"retiring_payload_bytes":0,"unknown_payload_allocations":0},"queue_epoch":1}
[SystemTime { tv_sec: 1790342702, tv_nsec: 972864187 }] window event WindowId(31457302) keyboard physical=Code(Escape) logical=Named(Escape) state=Pressed repeat=false text=Some("\u{1b}") synthetic=false
[SystemTime { tv_sec: 1790342702, tv_nsec: 972970652 }] window event WindowId(31457302) redraw requested
[SystemTime { tv_sec: 1790342702, tv_nsec: 972990979 }] window event WindowId(31457284) redraw requested
[SystemTime { tv_sec: 1790342702, tv_nsec: 973090518 }] native redraw ledger {"attempts":3,"counts":{"coalesced":1,"duplicate_tokens":0,"presentations":1,"received":4,"requested":2,"suppressed":1},"damage":4,"device_generation":1,"host_generation":2,"pending":true,"presented_damage":3,"ready":true,"reason":"closed","rendering":null,"window":"WindowId(31457302)"}
[SystemTime { tv_sec: 1790342702, tv_nsec: 978115470 }] native_surface_lifecycle {"acquire_attempts":1,"acquired":1,"active":0,"configuration_generation":1,"configure_attempts":1,"configured_extent":[960,720],"discarded":0,"frame_submission_receipts_issued":7,"frame_submissions":1,"gpu_completed_through_receipt":7,"host":2,"last_frame_submission_receipt":7,"last_present_receipt":7,"presented":1,"queue_epoch":1,"reason":"owner_drop","wgpu_submission":"Some(SubmissionIndex { index: 7 })","window":"WindowId(31457302)"}
[SystemTime { tv_sec: 1790342702, tv_nsec: 978157244 }] native attachment ledger {"attachments":{"allocations":[{"allocation":1,"host":1,"last_submission":6,"owner":8,"payload_bytes":32768000,"release_reason":null}],"completed_retirements":1,"current_payload_bytes":32768000,"device_loss_confirmed":false,"device_loss_retirements":0,"observed_allocations":2,"peak_payload_bytes":54886400,"retiring_payload_bytes":0,"unknown_payload_allocations":0},"queue_epoch":1}
[SystemTime { tv_sec: 1790342702, tv_nsec: 978493391 }] native frame round hosts=[WindowId(31457284)]
[SystemTime { tv_sec: 1790342702, tv_nsec: 978520391 }] redraw handler begin
[SystemTime { tv_sec: 1790342702, tv_nsec: 978579438 }] render scene prepare begin retained_cached=true
[SystemTime { tv_sec: 1790342702, tv_nsec: 978615228 }] prepared scene build begin
[SystemTime { tv_sec: 1790342702, tv_nsec: 978831465 }] native control_meshes window=WindowId(31457284) builds=1
[SystemTime { tv_sec: 1790342702, tv_nsec: 978860368 }] prepared scene build end 0ms
[SystemTime { tv_sec: 1790342702, tv_nsec: 978887201 }] renderer render begin
[SystemTime { tv_sec: 1790342702, tv_nsec: 979925609 }] native_surface_lifecycle {"acquire_attempts":6,"acquired":6,"active":1,"configuration_generation":1,"configure_attempts":1,"configured_extent":[1280,800],"discarded":0,"frame_submission_receipts_issued":8,"frame_submissions":6,"gpu_completed_through_receipt":7,"host":1,"last_frame_submission_receipt":8,"last_present_receipt":6,"presented":5,"queue_epoch":1,"reason":"submit","wgpu_submission":"Some(SubmissionIndex { index: 8 })","window":"WindowId(31457284)"}
[SystemTime { tv_sec: 1790342702, tv_nsec: 979991284 }] native upload frame window=WindowId(31457284) host=1 renderer=1 queue_epoch=1 surface_generation=1 acquisition=6 submission=8 receipt=Some(UploadFrame { consumers: {"MAIN", "BOARD", "LAYERS", "NAV", "INSPECTOR", "MENU", "TERMINAL"}, owner: 7, attempt: 7, rendered: Some(true), totals: UploadTotals { batches: 1, buffer_payload_bytes: 12676, texture_source_bytes: 0, texture_padding_bytes: 0, scatter_index_bytes: 12604, staging_capacity_bytes: 50488, buffer_copy_bytes: 25280, buffer_copies: 19, texture_copies: 0, scatter_dispatches: 1 } })
[SystemTime { tv_sec: 1790342702, tv_nsec: 980031673 }] native font ownership window=WindowId(31457284) usage=Usage { allocation: Usage { allocator_installed: true, owner_id: 3, label: "renderer-fonts-and-shapes", payload_bytes: 925390, tracking_bytes: 88544, allocations: 11066, peak_payload_bytes: 925501, owner_metadata_bytes: 96 }, returned_shape_bytes: 179160, private_bytes: Some(834774), fixed_font_bytes: Some(772070), cache_reserved_bytes: 62704, last_call: Some(Report { call_id: 1678, owner_id: 3, allocator_installed: true, host_initial_bytes: 337344, host_final_bytes: 337344, process_initial_bytes: 337344, process_final_bytes: 337344, initial_bytes: 62704, final_bytes: 63816, peak_bytes: 63959, host_peak_bytes: 337344, process_peak_bytes: 337344, exceeded: false }) } measurement=Some(Usage { allocation: Usage { allocator_installed: true, owner_id: 13, label: "text-measurement", payload_bytes: 734742, tracking_bytes: 84216, allocations: 10525, peak_payload_bytes: 748214, owner_metadata_bytes: 96 }, returned_shape_bytes: 0, private_bytes: Some(818958), fixed_font_bytes: Some(772070), cache_reserved_bytes: 46888, last_call: Some(Report { call_id: 1173, owner_id: 13, allocator_installed: true, host_initial_bytes: 367656, host_final_bytes: 367656, process_initial_bytes: 367656, process_final_bytes: 367656, initial_bytes: 46888, final_bytes: 46888, peak_bytes: 54192, host_peak_bytes: 367656, process_peak_bytes: 367656, exceeded: false }) }) process_registry_bytes=RegistryUsage { registry_heap_bytes: 136, scope_owner_bytes: 1152, call_slots_static_bytes: 9752 }
[SystemTime { tv_sec: 1790342702, tv_nsec: 980086090 }] native attachment ledger {"attachments":{"allocations":[{"allocation":1,"host":1,"last_submission":8,"owner":8,"payload_bytes":32768000,"release_reason":null}],"completed_retirements":1,"current_payload_bytes":32768000,"device_loss_confirmed":false,"device_loss_retirements":0,"observed_allocations":2,"peak_payload_bytes":54886400,"retiring_payload_bytes":0,"unknown_payload_allocations":0},"queue_epoch":1}
[SystemTime { tv_sec: 1790342702, tv_nsec: 980112469 }] native surface attachment {"allocation":1,"allocations_created":1,"extent":[1280,800],"format":"Bgra8UnormSrgb","gpu_retirement_qualified":false,"host":1,"owner":8,"payload_bytes":32768000,"queue_epoch":1,"samples":8,"state":"current_renderer_reference","window":"WindowId(31457284)"}
[SystemTime { tv_sec: 1790342702, tv_nsec: 980129711 }] renderer render end 1ms
[SystemTime { tv_sec: 1790342702, tv_nsec: 980146475 }] frame present begin
[SystemTime { tv_sec: 1790342702, tv_nsec: 980235218 }] native_surface_lifecycle {"acquire_attempts":6,"acquired":6,"active":0,"configuration_generation":1,"configure_attempts":1,"configured_extent":[1280,800],"discarded":0,"frame_submission_receipts_issued":8,"frame_submissions":6,"gpu_completed_through_receipt":7,"host":1,"last_frame_submission_receipt":8,"last_present_receipt":8,"presented":6,"queue_epoch":1,"reason":"present","wgpu_submission":"Some(SubmissionIndex { index: 8 })","window":"WindowId(31457284)"}
[SystemTime { tv_sec: 1790342702, tv_nsec: 980263809 }] frame present end 0ms total=1ms
[SystemTime { tv_sec: 1790342702, tv_nsec: 980303676 }] native redraw ledger {"attempts":11,"counts":{"coalesced":1,"duplicate_tokens":0,"presentations":6,"received":11,"requested":11,"suppressed":6},"damage":11,"device_generation":1,"host_generation":1,"pending":false,"presented_damage":11,"ready":false,"reason":"presented","rendering":null,"window":"WindowId(31457284)"}
[SystemTime { tv_sec: 1790342702, tv_nsec: 980322606 }] redraw handler end
[SystemTime { tv_sec: 1790342702, tv_nsec: 980721525 }] window event WindowId(31457284) focused true
[SystemTime { tv_sec: 1790342702, tv_nsec: 981126918 }] window event WindowId(31457284) modifiers changed ModifiersState(0x0)
[SystemTime { tv_sec: 1790342702, tv_nsec: 981201033 }] window event WindowId(31457284) cursor moved 148.00,16.00
[SystemTime { tv_sec: 1790342702, tv_nsec: 981488843 }] window event WindowId(31457284) modifiers changed ModifiersState(0x0)
[SystemTime { tv_sec: 1790342702, tv_nsec: 981816914 }] window event WindowId(31457284) focused false
[SystemTime { tv_sec: 1790342702, tv_nsec: 982164080 }] window event WindowId(31457284) focused true
[SystemTime { tv_sec: 1790342702, tv_nsec: 982473188 }] window event WindowId(31457284) modifiers changed ModifiersState(0x0)
[SystemTime { tv_sec: 1790342702, tv_nsec: 982512841 }] window event WindowId(31457284) cursor moved 148.00,16.00
[SystemTime { tv_sec: 1790342702, tv_nsec: 983072876 }] window event WindowId(31457302) destroyed
[SystemTime { tv_sec: 1790342702, tv_nsec: 983124769 }] window event WindowId(31457284) keyboard physical=Code(Escape) logical=Named(Escape) state=Released repeat=false text=Some("\u{1b}") synthetic=false
[SystemTime { tv_sec: 1790342702, tv_nsec: 983151695 }] pan key physical=Code(Escape) logical=Named(Escape) state=Released repeat=false pointer_in_scene=false held=false consumed=false
[SystemTime { tv_sec: 1790342702, tv_nsec: 992586169 }] window event WindowId(31457284) modifiers changed ModifiersState(0x0)
[SystemTime { tv_sec: 1790342702, tv_nsec: 992836864 }] window event WindowId(31457284) mouse input Left Pressed
[SystemTime { tv_sec: 1790342702, tv_nsec: 992876445 }] pan primary pressed cursor=Some((148.0, 16.0)) pointer_in_scene=false held=false active=false
[SystemTime { tv_sec: 1790342702, tv_nsec: 992916804 }] window event WindowId(31457284) modifiers changed ModifiersState(0x0)
[SystemTime { tv_sec: 1790342702, tv_nsec: 992954310 }] window event WindowId(31457284) modifiers changed ModifiersState(0x0)
[SystemTime { tv_sec: 1790342702, tv_nsec: 992997894 }] window event WindowId(31457284) mouse input Left Released
[SystemTime { tv_sec: 1790342702, tv_nsec: 993034719 }] pan primary released cursor=Some((148.0, 16.0)) suppress_click=false
[SystemTime { tv_sec: 1790342702, tv_nsec: 993145012 }] window event WindowId(31457284) modifiers changed ModifiersState(0x0)
[SystemTime { tv_sec: 1790342702, tv_nsec: 993172344 }] window event WindowId(31457284) redraw requested
[SystemTime { tv_sec: 1790342702, tv_nsec: 993196885 }] native frame round hosts=[WindowId(31457284)]
[SystemTime { tv_sec: 1790342702, tv_nsec: 993218104 }] redraw handler begin
[SystemTime { tv_sec: 1790342702, tv_nsec: 993277150 }] native_surface_lifecycle {"acquire_attempts":6,"acquired":6,"active":0,"configuration_generation":1,"configure_attempts":1,"configured_extent":[1280,800],"discarded":0,"frame_submission_receipts_issued":8,"frame_submissions":6,"gpu_completed_through_receipt":7,"host":1,"last_frame_submission_receipt":8,"last_present_receipt":8,"presented":6,"queue_epoch":1,"reason":"wait_queue","wgpu_submission":"Some(SubmissionIndex { index: 8 })","window":"WindowId(31457284)"}
[SystemTime { tv_sec: 1790342702, tv_nsec: 993314861 }] native redraw ledger {"attempts":12,"counts":{"coalesced":1,"duplicate_tokens":0,"presentations":6,"received":12,"requested":12,"suppressed":6},"damage":12,"device_generation":1,"host_generation":1,"pending":false,"presented_damage":11,"ready":false,"reason":"not_presented","rendering":null,"window":"WindowId(31457284)"}
[SystemTime { tv_sec: 1790342702, tv_nsec: 997496852 }] native queue progress epoch=1 submitted=8 completed=8
[SystemTime { tv_sec: 1790342702, tv_nsec: 997593213 }] native attachment ledger {"attachments":{"allocations":[{"allocation":1,"host":1,"last_submission":8,"owner":8,"payload_bytes":32768000,"release_reason":null}],"completed_retirements":1,"current_payload_bytes":32768000,"device_loss_confirmed":false,"device_loss_retirements":0,"observed_allocations":2,"peak_payload_bytes":54886400,"retiring_payload_bytes":0,"unknown_payload_allocations":0},"queue_epoch":1}
[SystemTime { tv_sec: 1790342702, tv_nsec: 999565489 }] window event WindowId(31457284) redraw requested
[SystemTime { tv_sec: 1790342702, tv_nsec: 999588118 }] native frame round hosts=[WindowId(31457284)]
[SystemTime { tv_sec: 1790342702, tv_nsec: 999604940 }] redraw handler begin
[SystemTime { tv_sec: 1790342702, tv_nsec: 999630941 }] render scene prepare begin retained_cached=true
[SystemTime { tv_sec: 1790342702, tv_nsec: 999647479 }] prepared scene build begin
[SystemTime { tv_sec: 1790342702, tv_nsec: 999808339 }] native control_meshes window=WindowId(31457284) builds=1
[SystemTime { tv_sec: 1790342702, tv_nsec: 999827187 }] prepared scene build end 0ms
[SystemTime { tv_sec: 1790342702, tv_nsec: 999845993 }] renderer render begin
[SystemTime { tv_sec: 1790342703, tv_nsec: 1087308 }] native_surface_lifecycle {"acquire_attempts":7,"acquired":7,"active":1,"configuration_generation":1,"configure_attempts":1,"configured_extent":[1280,800],"discarded":0,"frame_submission_receipts_issued":9,"frame_submissions":7,"gpu_completed_through_receipt":8,"host":1,"last_frame_submission_receipt":9,"last_present_receipt":8,"presented":6,"queue_epoch":1,"reason":"submit","wgpu_submission":"Some(SubmissionIndex { index: 9 })","window":"WindowId(31457284)"}
[SystemTime { tv_sec: 1790342703, tv_nsec: 1137936 }] native upload frame window=WindowId(31457284) host=1 renderer=1 queue_epoch=1 surface_generation=1 acquisition=7 submission=9 receipt=Some(UploadFrame { consumers: {"MAIN", "BOARD", "LAYERS", "NAV", "INSPECTOR", "MENU", "TERMINAL"}, owner: 7, attempt: 8, rendered: Some(true), totals: UploadTotals { batches: 1, buffer_payload_bytes: 19660, texture_source_bytes: 0, texture_padding_bytes: 0, scatter_index_bytes: 17740, staging_capacity_bytes: 72880, buffer_copy_bytes: 37400, buffer_copies: 3, texture_copies: 0, scatter_dispatches: 2 } })
[SystemTime { tv_sec: 1790342703, tv_nsec: 1164977 }] native font ownership window=WindowId(31457284) usage=Usage { allocation: Usage { allocator_installed: true, owner_id: 3, label: "renderer-fonts-and-shapes", payload_bytes: 925390, tracking_bytes: 88544, allocations: 11066, peak_payload_bytes: 925507, owner_metadata_bytes: 96 }, returned_shape_bytes: 179160, private_bytes: Some(834774), fixed_font_bytes: Some(772070), cache_reserved_bytes: 62704, last_call: Some(Report { call_id: 1679, owner_id: 3, allocator_installed: true, host_initial_bytes: 342664, host_final_bytes: 342664, process_initial_bytes: 342664, process_final_bytes: 342664, initial_bytes: 62704, final_bytes: 63880, peak_bytes: 64029, host_peak_bytes: 342664, process_peak_bytes: 342664, exceeded: false }) } measurement=Some(Usage { allocation: Usage { allocator_installed: true, owner_id: 13, label: "text-measurement", payload_bytes: 734742, tracking_bytes: 84216, allocations: 10525, peak_payload_bytes: 748214, owner_metadata_bytes: 96 }, returned_shape_bytes: 0, private_bytes: Some(818958), fixed_font_bytes: Some(772070), cache_reserved_bytes: 46888, last_call: Some(Report { call_id: 1173, owner_id: 13, allocator_installed: true, host_initial_bytes: 367656, host_final_bytes: 367656, process_initial_bytes: 367656, process_final_bytes: 367656, initial_bytes: 46888, final_bytes: 46888, peak_bytes: 54192, host_peak_bytes: 367656, process_peak_bytes: 367656, exceeded: false }) }) process_registry_bytes=RegistryUsage { registry_heap_bytes: 136, scope_owner_bytes: 1152, call_slots_static_bytes: 9752 }
[SystemTime { tv_sec: 1790342703, tv_nsec: 1195467 }] native attachment ledger {"attachments":{"allocations":[{"allocation":1,"host":1,"last_submission":9,"owner":8,"payload_bytes":32768000,"release_reason":null}],"completed_retirements":1,"current_payload_bytes":32768000,"device_loss_confirmed":false,"device_loss_retirements":0,"observed_allocations":2,"peak_payload_bytes":54886400,"retiring_payload_bytes":0,"unknown_payload_allocations":0},"queue_epoch":1}
[SystemTime { tv_sec: 1790342703, tv_nsec: 1218887 }] native surface attachment {"allocation":1,"allocations_created":1,"extent":[1280,800],"format":"Bgra8UnormSrgb","gpu_retirement_qualified":false,"host":1,"owner":8,"payload_bytes":32768000,"queue_epoch":1,"samples":8,"state":"current_renderer_reference","window":"WindowId(31457284)"}
[SystemTime { tv_sec: 1790342703, tv_nsec: 1236854 }] renderer render end 1ms
[SystemTime { tv_sec: 1790342703, tv_nsec: 1254228 }] frame present begin
[SystemTime { tv_sec: 1790342703, tv_nsec: 1306905 }] native_surface_lifecycle {"acquire_attempts":7,"acquired":7,"active":0,"configuration_generation":1,"configure_attempts":1,"configured_extent":[1280,800],"discarded":0,"frame_submission_receipts_issued":9,"frame_submissions":7,"gpu_completed_through_receipt":8,"host":1,"last_frame_submission_receipt":9,"last_present_receipt":9,"presented":7,"queue_epoch":1,"reason":"present","wgpu_submission":"Some(SubmissionIndex { index: 9 })","window":"WindowId(31457284)"}
[SystemTime { tv_sec: 1790342703, tv_nsec: 1332622 }] frame present end 0ms total=1ms
[SystemTime { tv_sec: 1790342703, tv_nsec: 1358326 }] native redraw ledger {"attempts":13,"counts":{"coalesced":1,"duplicate_tokens":0,"presentations":7,"received":13,"requested":13,"suppressed":7},"damage":12,"device_generation":1,"host_generation":1,"pending":false,"presented_damage":12,"ready":false,"reason":"presented","rendering":null,"window":"WindowId(31457284)"}
[SystemTime { tv_sec: 1790342703, tv_nsec: 1375715 }] redraw handler end
[SystemTime { tv_sec: 1790342703, tv_nsec: 35210542 }] native queue progress epoch=1 submitted=9 completed=9
[SystemTime { tv_sec: 1790342703, tv_nsec: 35257283 }] native attachment ledger {"attachments":{"allocations":[{"allocation":1,"host":1,"last_submission":9,"owner":8,"payload_bytes":32768000,"release_reason":null}],"completed_retirements":1,"current_payload_bytes":32768000,"device_loss_confirmed":false,"device_loss_retirements":0,"observed_allocations":2,"peak_payload_bytes":54886400,"retiring_payload_bytes":0,"unknown_payload_allocations":0},"queue_epoch":1}
[SystemTime { tv_sec: 1790342703, tv_nsec: 100672462 }] window event WindowId(31457284) keyboard physical=Code(ArrowUp) logical=Named(ArrowUp) state=Pressed repeat=false text=None synthetic=false
[SystemTime { tv_sec: 1790342703, tv_nsec: 100978000 }] window event WindowId(31457284) redraw requested
[SystemTime { tv_sec: 1790342703, tv_nsec: 101040922 }] native frame round hosts=[WindowId(31457284)]
[SystemTime { tv_sec: 1790342703, tv_nsec: 101089464 }] redraw handler begin
[SystemTime { tv_sec: 1790342703, tv_nsec: 101167797 }] render scene prepare begin retained_cached=true
[SystemTime { tv_sec: 1790342703, tv_nsec: 101215765 }] prepared scene build begin
[SystemTime { tv_sec: 1790342703, tv_nsec: 101573056 }] native control_meshes window=WindowId(31457284) builds=1
[SystemTime { tv_sec: 1790342703, tv_nsec: 101626880 }] prepared scene build end 0ms
[SystemTime { tv_sec: 1790342703, tv_nsec: 101679524 }] renderer render begin
[SystemTime { tv_sec: 1790342703, tv_nsec: 103546272 }] native_surface_lifecycle {"acquire_attempts":8,"acquired":8,"active":1,"configuration_generation":1,"configure_attempts":1,"configured_extent":[1280,800],"discarded":0,"frame_submission_receipts_issued":10,"frame_submissions":8,"gpu_completed_through_receipt":9,"host":1,"last_frame_submission_receipt":10,"last_present_receipt":9,"presented":7,"queue_epoch":1,"reason":"submit","wgpu_submission":"Some(SubmissionIndex { index: 10 })","window":"WindowId(31457284)"}
[SystemTime { tv_sec: 1790342703, tv_nsec: 103699888 }] native upload frame window=WindowId(31457284) host=1 renderer=1 queue_epoch=1 surface_generation=1 acquisition=8 submission=10 receipt=Some(UploadFrame { consumers: {"MAIN", "BOARD", "LAYERS", "NAV", "INSPECTOR", "MENU", "TERMINAL"}, owner: 7, attempt: 9, rendered: Some(true), totals: UploadTotals { batches: 1, buffer_payload_bytes: 984, texture_source_bytes: 0, texture_padding_bytes: 0, scatter_index_bytes: 0, staging_capacity_bytes: 984, buffer_copy_bytes: 984, buffer_copies: 57, texture_copies: 0, scatter_dispatches: 0 } })
[SystemTime { tv_sec: 1790342703, tv_nsec: 103771327 }] native font ownership window=WindowId(31457284) usage=Usage { allocation: Usage { allocator_installed: true, owner_id: 3, label: "renderer-fonts-and-shapes", payload_bytes: 924302, tracking_bytes: 88520, allocations: 11063, peak_payload_bytes: 925507, owner_metadata_bytes: 96 }, returned_shape_bytes: 178048, private_bytes: Some(834774), fixed_font_bytes: Some(772070), cache_reserved_bytes: 62704, last_call: Some(Report { call_id: 1679, owner_id: 3, allocator_installed: true, host_initial_bytes: 342664, host_final_bytes: 342664, process_initial_bytes: 342664, process_final_bytes: 342664, initial_bytes: 62704, final_bytes: 63880, peak_bytes: 64029, host_peak_bytes: 342664, process_peak_bytes: 342664, exceeded: false }) } measurement=Some(Usage { allocation: Usage { allocator_installed: true, owner_id: 13, label: "text-measurement", payload_bytes: 734742, tracking_bytes: 84216, allocations: 10525, peak_payload_bytes: 748214, owner_metadata_bytes: 96 }, returned_shape_bytes: 0, private_bytes: Some(818958), fixed_font_bytes: Some(772070), cache_reserved_bytes: 46888, last_call: Some(Report { call_id: 1173, owner_id: 13, allocator_installed: true, host_initial_bytes: 367656, host_final_bytes: 367656, process_initial_bytes: 367656, process_final_bytes: 367656, initial_bytes: 46888, final_bytes: 46888, peak_bytes: 54192, host_peak_bytes: 367656, process_peak_bytes: 367656, exceeded: false }) }) process_registry_bytes=RegistryUsage { registry_heap_bytes: 136, scope_owner_bytes: 1152, call_slots_static_bytes: 9752 }
[SystemTime { tv_sec: 1790342703, tv_nsec: 103844853 }] native attachment ledger {"attachments":{"allocations":[{"allocation":1,"host":1,"last_submission":10,"owner":8,"payload_bytes":32768000,"release_reason":null}],"completed_retirements":1,"current_payload_bytes":32768000,"device_loss_confirmed":false,"device_loss_retirements":0,"observed_allocations":2,"peak_payload_bytes":54886400,"retiring_payload_bytes":0,"unknown_payload_allocations":0},"queue_epoch":1}
[SystemTime { tv_sec: 1790342703, tv_nsec: 103908837 }] native surface attachment {"allocation":1,"allocations_created":1,"extent":[1280,800],"format":"Bgra8UnormSrgb","gpu_retirement_qualified":false,"host":1,"owner":8,"payload_bytes":32768000,"queue_epoch":1,"samples":8,"state":"current_renderer_reference","window":"WindowId(31457284)"}
[SystemTime { tv_sec: 1790342703, tv_nsec: 103969699 }] renderer render end 2ms
[SystemTime { tv_sec: 1790342703, tv_nsec: 104017940 }] frame present begin
[SystemTime { tv_sec: 1790342703, tv_nsec: 104170287 }] native_surface_lifecycle {"acquire_attempts":8,"acquired":8,"active":0,"configuration_generation":1,"configure_attempts":1,"configured_extent":[1280,800],"discarded":0,"frame_submission_receipts_issued":10,"frame_submissions":8,"gpu_completed_through_receipt":9,"host":1,"last_frame_submission_receipt":10,"last_present_receipt":10,"presented":8,"queue_epoch":1,"reason":"present","wgpu_submission":"Some(SubmissionIndex { index: 10 })","window":"WindowId(31457284)"}
[SystemTime { tv_sec: 1790342703, tv_nsec: 104236937 }] frame present end 0ms total=3ms
[SystemTime { tv_sec: 1790342703, tv_nsec: 104336618 }] native redraw ledger {"attempts":14,"counts":{"coalesced":1,"duplicate_tokens":0,"presentations":8,"received":14,"requested":14,"suppressed":8},"damage":13,"device_generation":1,"host_generation":1,"pending":false,"presented_damage":13,"ready":false,"reason":"presented","rendering":null,"window":"WindowId(31457284)"}
[SystemTime { tv_sec: 1790342703, tv_nsec: 104386461 }] redraw handler end
[SystemTime { tv_sec: 1790342703, tv_nsec: 111570448 }] window event WindowId(31457284) keyboard physical=Code(ArrowUp) logical=Named(ArrowUp) state=Released repeat=false text=None synthetic=false
[SystemTime { tv_sec: 1790342703, tv_nsec: 111686730 }] window event WindowId(31457284) redraw requested
[SystemTime { tv_sec: 1790342703, tv_nsec: 111766500 }] native frame round hosts=[WindowId(31457284)]
[SystemTime { tv_sec: 1790342703, tv_nsec: 111838449 }] redraw handler begin
[SystemTime { tv_sec: 1790342703, tv_nsec: 111944523 }] native_surface_lifecycle {"acquire_attempts":8,"acquired":8,"active":0,"configuration_generation":1,"configure_attempts":1,"configured_extent":[1280,800],"discarded":0,"frame_submission_receipts_issued":10,"frame_submissions":8,"gpu_completed_through_receipt":9,"host":1,"last_frame_submission_receipt":10,"last_present_receipt":10,"presented":8,"queue_epoch":1,"reason":"wait_queue","wgpu_submission":"Some(SubmissionIndex { index: 10 })","window":"WindowId(31457284)"}
[SystemTime { tv_sec: 1790342703, tv_nsec: 112017449 }] native redraw ledger {"attempts":15,"counts":{"coalesced":1,"duplicate_tokens":0,"presentations":8,"received":15,"requested":15,"suppressed":8},"damage":14,"device_generation":1,"host_generation":1,"pending":false,"presented_damage":13,"ready":false,"reason":"not_presented","rendering":null,"window":"WindowId(31457284)"}
[SystemTime { tv_sec: 1790342703, tv_nsec: 122337938 }] window event WindowId(31457284) keyboard physical=Code(ArrowRight) logical=Named(ArrowRight) state=Pressed repeat=false text=None synthetic=false
[SystemTime { tv_sec: 1790342703, tv_nsec: 122576363 }] window event WindowId(31457284) redraw requested
[SystemTime { tv_sec: 1790342703, tv_nsec: 122637873 }] native frame round hosts=[WindowId(31457284)]
[SystemTime { tv_sec: 1790342703, tv_nsec: 122687221 }] redraw handler begin
[SystemTime { tv_sec: 1790342703, tv_nsec: 122966611 }] render scene prepare begin retained_cached=true
[SystemTime { tv_sec: 1790342703, tv_nsec: 123036855 }] prepared scene build begin
[SystemTime { tv_sec: 1790342703, tv_nsec: 123581427 }] native control_meshes window=WindowId(31457284) builds=1
[SystemTime { tv_sec: 1790342703, tv_nsec: 123639923 }] prepared scene build end 0ms
[SystemTime { tv_sec: 1790342703, tv_nsec: 123693940 }] renderer render begin
[SystemTime { tv_sec: 1790342703, tv_nsec: 125278836 }] native_surface_lifecycle {"acquire_attempts":9,"acquired":9,"active":1,"configuration_generation":1,"configure_attempts":1,"configured_extent":[1280,800],"discarded":0,"frame_submission_receipts_issued":11,"frame_submissions":9,"gpu_completed_through_receipt":10,"host":1,"last_frame_submission_receipt":11,"last_present_receipt":10,"presented":8,"queue_epoch":1,"reason":"submit","wgpu_submission":"Some(SubmissionIndex { index: 11 })","window":"WindowId(31457284)"}
[SystemTime { tv_sec: 1790342703, tv_nsec: 125390833 }] native upload frame window=WindowId(31457284) host=1 renderer=1 queue_epoch=1 surface_generation=1 acquisition=9 submission=11 receipt=Some(UploadFrame { consumers: {"MAIN", "BOARD", "LAYERS", "NAV", "INSPECTOR", "MENU", "TERMINAL"}, owner: 7, attempt: 10, rendered: Some(true), totals: UploadTotals { batches: 1, buffer_payload_bytes: 4320, texture_source_bytes: 0, texture_padding_bytes: 0, scatter_index_bytes: 0, staging_capacity_bytes: 4320, buffer_copy_bytes: 4320, buffer_copies: 2, texture_copies: 0, scatter_dispatches: 0 } })
[SystemTime { tv_sec: 1790342703, tv_nsec: 125463771 }] native font ownership window=WindowId(31457284) usage=Usage { allocation: Usage { allocator_installed: true, owner_id: 3, label: "renderer-fonts-and-shapes", payload_bytes: 924302, tracking_bytes: 88520, allocations: 11063, peak_payload_bytes: 925507, owner_metadata_bytes: 96 }, returned_shape_bytes: 178048, private_bytes: Some(834774), fixed_font_bytes: Some(772070), cache_reserved_bytes: 62704, last_call: Some(Report { call_id: 1679, owner_id: 3, allocator_installed: true, host_initial_bytes: 342664, host_final_bytes: 342664, process_initial_bytes: 342664, process_final_bytes: 342664, initial_bytes: 62704, final_bytes: 63880, peak_bytes: 64029, host_peak_bytes: 342664, process_peak_bytes: 342664, exceeded: false }) } measurement=Some(Usage { allocation: Usage { allocator_installed: true, owner_id: 13, label: "text-measurement", payload_bytes: 734742, tracking_bytes: 84216, allocations: 10525, peak_payload_bytes: 748214, owner_metadata_bytes: 96 }, returned_shape_bytes: 0, private_bytes: Some(818958), fixed_font_bytes: Some(772070), cache_reserved_bytes: 46888, last_call: Some(Report { call_id: 1173, owner_id: 13, allocator_installed: true, host_initial_bytes: 367656, host_final_bytes: 367656, process_initial_bytes: 367656, process_final_bytes: 367656, initial_bytes: 46888, final_bytes: 46888, peak_bytes: 54192, host_peak_bytes: 367656, process_peak_bytes: 367656, exceeded: false }) }) process_registry_bytes=RegistryUsage { registry_heap_bytes: 136, scope_owner_bytes: 1152, call_slots_static_bytes: 9752 }
[SystemTime { tv_sec: 1790342703, tv_nsec: 125538733 }] native attachment ledger {"attachments":{"allocations":[{"allocation":1,"host":1,"last_submission":11,"owner":8,"payload_bytes":32768000,"release_reason":null}],"completed_retirements":1,"current_payload_bytes":32768000,"device_loss_confirmed":false,"device_loss_retirements":0,"observed_allocations":2,"peak_payload_bytes":54886400,"retiring_payload_bytes":0,"unknown_payload_allocations":0},"queue_epoch":1}
[SystemTime { tv_sec: 1790342703, tv_nsec: 125605541 }] native surface attachment {"allocation":1,"allocations_created":1,"extent":[1280,800],"format":"Bgra8UnormSrgb","gpu_retirement_qualified":false,"host":1,"owner":8,"payload_bytes":32768000,"queue_epoch":1,"samples":8,"state":"current_renderer_reference","window":"WindowId(31457284)"}
[SystemTime { tv_sec: 1790342703, tv_nsec: 125658272 }] renderer render end 1ms
[SystemTime { tv_sec: 1790342703, tv_nsec: 125709466 }] frame present begin
[SystemTime { tv_sec: 1790342703, tv_nsec: 125893337 }] native_surface_lifecycle {"acquire_attempts":9,"acquired":9,"active":0,"configuration_generation":1,"configure_attempts":1,"configured_extent":[1280,800],"discarded":0,"frame_submission_receipts_issued":11,"frame_submissions":9,"gpu_completed_through_receipt":10,"host":1,"last_frame_submission_receipt":11,"last_present_receipt":11,"presented":9,"queue_epoch":1,"reason":"present","wgpu_submission":"Some(SubmissionIndex { index: 11 })","window":"WindowId(31457284)"}
[SystemTime { tv_sec: 1790342703, tv_nsec: 125974533 }] frame present end 0ms total=3ms
[SystemTime { tv_sec: 1790342703, tv_nsec: 126086387 }] native redraw ledger {"attempts":16,"counts":{"coalesced":1,"duplicate_tokens":0,"presentations":9,"received":16,"requested":16,"suppressed":9},"damage":15,"device_generation":1,"host_generation":1,"pending":false,"presented_damage":15,"ready":false,"reason":"presented","rendering":null,"window":"WindowId(31457284)"}
[SystemTime { tv_sec: 1790342703, tv_nsec: 126174944 }] redraw handler end
[SystemTime { tv_sec: 1790342703, tv_nsec: 126265884 }] native queue progress epoch=1 submitted=11 completed=10
[SystemTime { tv_sec: 1790342703, tv_nsec: 126371397 }] native attachment ledger {"attachments":{"allocations":[{"allocation":1,"host":1,"last_submission":11,"owner":8,"payload_bytes":32768000,"release_reason":null}],"completed_retirements":1,"current_payload_bytes":32768000,"device_loss_confirmed":false,"device_loss_retirements":0,"observed_allocations":2,"peak_payload_bytes":54886400,"retiring_payload_bytes":0,"unknown_payload_allocations":0},"queue_epoch":1}
[SystemTime { tv_sec: 1790342703, tv_nsec: 132954137 }] window event WindowId(31457284) keyboard physical=Code(ArrowRight) logical=Named(ArrowRight) state=Released repeat=false text=None synthetic=false
[SystemTime { tv_sec: 1790342703, tv_nsec: 133036581 }] window event WindowId(31457284) redraw requested
[SystemTime { tv_sec: 1790342703, tv_nsec: 133091773 }] native frame round hosts=[WindowId(31457284)]
[SystemTime { tv_sec: 1790342703, tv_nsec: 133140126 }] redraw handler begin
[SystemTime { tv_sec: 1790342703, tv_nsec: 133239437 }] native_surface_lifecycle {"acquire_attempts":9,"acquired":9,"active":0,"configuration_generation":1,"configure_attempts":1,"configured_extent":[1280,800],"discarded":0,"frame_submission_receipts_issued":11,"frame_submissions":9,"gpu_completed_through_receipt":10,"host":1,"last_frame_submission_receipt":11,"last_present_receipt":11,"presented":9,"queue_epoch":1,"reason":"wait_queue","wgpu_submission":"Some(SubmissionIndex { index: 11 })","window":"WindowId(31457284)"}
[SystemTime { tv_sec: 1790342703, tv_nsec: 133310498 }] native redraw ledger {"attempts":17,"counts":{"coalesced":1,"duplicate_tokens":0,"presentations":9,"received":17,"requested":17,"suppressed":9},"damage":16,"device_generation":1,"host_generation":1,"pending":false,"presented_damage":15,"ready":false,"reason":"not_presented","rendering":null,"window":"WindowId(31457284)"}
[SystemTime { tv_sec: 1790342703, tv_nsec: 143827610 }] window event WindowId(31457284) keyboard physical=Code(Enter) logical=Named(Enter) state=Pressed repeat=false text=Some("\r") synthetic=false
[SystemTime { tv_sec: 1790342703, tv_nsec: 151381665 }] surface identity window=WindowId(31457320) window_backend=x11 gpu_backend=Vulkan adapter="Intel(R) HD Graphics P630 (KBL GT2)" device_type=IntegratedGpu driver="Intel open-source Mesa driver" driver_info="Mesa 25.0.7-2+deb13u1"
[SystemTime { tv_sec: 1790342703, tv_nsec: 164836832 }] native queue progress epoch=1 submitted=11 completed=11
[SystemTime { tv_sec: 1790342703, tv_nsec: 164937979 }] native attachment ledger {"attachments":{"allocations":[{"allocation":1,"host":1,"last_submission":11,"owner":8,"payload_bytes":32768000,"release_reason":null}],"completed_retirements":1,"current_payload_bytes":32768000,"device_loss_confirmed":false,"device_loss_retirements":0,"observed_allocations":2,"peak_payload_bytes":54886400,"retiring_payload_bytes":0,"unknown_payload_allocations":0},"queue_epoch":1}
[SystemTime { tv_sec: 1790342703, tv_nsec: 165044303 }] window event WindowId(31457320) ime Disabled
[SystemTime { tv_sec: 1790342703, tv_nsec: 165130444 }] window event WindowId(31457284) keyboard physical=Code(Enter) logical=Named(Enter) state=Released repeat=false text=Some("\r") synthetic=false
[SystemTime { tv_sec: 1790342703, tv_nsec: 165537638 }] window event WindowId(31457284) redraw requested
[SystemTime { tv_sec: 1790342703, tv_nsec: 165592642 }] window event WindowId(31457320) redraw requested
[SystemTime { tv_sec: 1790342703, tv_nsec: 165702947 }] native frame round hosts=[WindowId(31457284), WindowId(31457320)]
[SystemTime { tv_sec: 1790342703, tv_nsec: 165752774 }] redraw handler begin
[SystemTime { tv_sec: 1790342703, tv_nsec: 165829791 }] render scene prepare begin retained_cached=true
[SystemTime { tv_sec: 1790342703, tv_nsec: 165877480 }] prepared scene build begin
[SystemTime { tv_sec: 1790342703, tv_nsec: 166189478 }] native control_meshes window=WindowId(31457284) builds=1
[SystemTime { tv_sec: 1790342703, tv_nsec: 166241590 }] prepared scene build end 0ms
[SystemTime { tv_sec: 1790342703, tv_nsec: 166293786 }] renderer render begin
[SystemTime { tv_sec: 1790342703, tv_nsec: 168718814 }] native_surface_lifecycle {"acquire_attempts":10,"acquired":10,"active":1,"configuration_generation":1,"configure_attempts":1,"configured_extent":[1280,800],"discarded":0,"frame_submission_receipts_issued":12,"frame_submissions":10,"gpu_completed_through_receipt":11,"host":1,"last_frame_submission_receipt":12,"last_present_receipt":11,"presented":9,"queue_epoch":1,"reason":"submit","wgpu_submission":"Some(SubmissionIndex { index: 12 })","window":"WindowId(31457284)"}
[SystemTime { tv_sec: 1790342703, tv_nsec: 168856101 }] native upload frame window=WindowId(31457284) host=1 renderer=1 queue_epoch=1 surface_generation=1 acquisition=10 submission=12 receipt=Some(UploadFrame { consumers: {"MAIN", "BOARD", "LAYERS", "NAV", "INSPECTOR", "MENU", "TERMINAL"}, owner: 7, attempt: 11, rendered: Some(true), totals: UploadTotals { batches: 1, buffer_payload_bytes: 4384, texture_source_bytes: 0, texture_padding_bytes: 0, scatter_index_bytes: 4368, staging_capacity_bytes: 17488, buffer_copy_bytes: 8752, buffer_copies: 5, texture_copies: 0, scatter_dispatches: 1 } })
[SystemTime { tv_sec: 1790342703, tv_nsec: 168929161 }] native font ownership window=WindowId(31457284) usage=Usage { allocation: Usage { allocator_installed: true, owner_id: 3, label: "renderer-fonts-and-shapes", payload_bytes: 924302, tracking_bytes: 88520, allocations: 11063, peak_payload_bytes: 925507, owner_metadata_bytes: 96 }, returned_shape_bytes: 178048, private_bytes: Some(834774), fixed_font_bytes: Some(772070), cache_reserved_bytes: 62704, last_call: Some(Report { call_id: 1679, owner_id: 3, allocator_installed: true, host_initial_bytes: 342664, host_final_bytes: 342664, process_initial_bytes: 342664, process_final_bytes: 342664, initial_bytes: 62704, final_bytes: 63880, peak_bytes: 64029, host_peak_bytes: 342664, process_peak_bytes: 342664, exceeded: false }) } measurement=Some(Usage { allocation: Usage { allocator_installed: true, owner_id: 13, label: "text-measurement", payload_bytes: 734742, tracking_bytes: 84216, allocations: 10525, peak_payload_bytes: 748214, owner_metadata_bytes: 96 }, returned_shape_bytes: 0, private_bytes: Some(818958), fixed_font_bytes: Some(772070), cache_reserved_bytes: 46888, last_call: Some(Report { call_id: 1173, owner_id: 13, allocator_installed: true, host_initial_bytes: 367656, host_final_bytes: 367656, process_initial_bytes: 367656, process_final_bytes: 367656, initial_bytes: 46888, final_bytes: 46888, peak_bytes: 54192, host_peak_bytes: 367656, process_peak_bytes: 367656, exceeded: false }) }) process_registry_bytes=RegistryUsage { registry_heap_bytes: 136, scope_owner_bytes: 1152, call_slots_static_bytes: 9752 }
[SystemTime { tv_sec: 1790342703, tv_nsec: 169002546 }] native attachment ledger {"attachments":{"allocations":[{"allocation":1,"host":1,"last_submission":12,"owner":8,"payload_bytes":32768000,"release_reason":null}],"completed_retirements":1,"current_payload_bytes":32768000,"device_loss_confirmed":false,"device_loss_retirements":0,"observed_allocations":2,"peak_payload_bytes":54886400,"retiring_payload_bytes":0,"unknown_payload_allocations":0},"queue_epoch":1}
[SystemTime { tv_sec: 1790342703, tv_nsec: 169066505 }] native surface attachment {"allocation":1,"allocations_created":1,"extent":[1280,800],"format":"Bgra8UnormSrgb","gpu_retirement_qualified":false,"host":1,"owner":8,"payload_bytes":32768000,"queue_epoch":1,"samples":8,"state":"current_renderer_reference","window":"WindowId(31457284)"}
[SystemTime { tv_sec: 1790342703, tv_nsec: 169156620 }] renderer render end 2ms
[SystemTime { tv_sec: 1790342703, tv_nsec: 169217169 }] frame present begin
[SystemTime { tv_sec: 1790342703, tv_nsec: 169386497 }] native_surface_lifecycle {"acquire_attempts":10,"acquired":10,"active":0,"configuration_generation":1,"configure_attempts":1,"configured_extent":[1280,800],"discarded":0,"frame_submission_receipts_issued":12,"frame_submissions":10,"gpu_completed_through_receipt":11,"host":1,"last_frame_submission_receipt":12,"last_present_receipt":12,"presented":10,"queue_epoch":1,"reason":"present","wgpu_submission":"Some(SubmissionIndex { index: 12 })","window":"WindowId(31457284)"}
[SystemTime { tv_sec: 1790342703, tv_nsec: 169460815 }] frame present end 0ms total=3ms
[SystemTime { tv_sec: 1790342703, tv_nsec: 169535966 }] native redraw ledger {"attempts":18,"counts":{"coalesced":1,"duplicate_tokens":0,"presentations":10,"received":18,"requested":18,"suppressed":11},"damage":17,"device_generation":1,"host_generation":1,"pending":false,"presented_damage":17,"ready":false,"reason":"presented","rendering":null,"window":"WindowId(31457284)"}
[SystemTime { tv_sec: 1790342703, tv_nsec: 169589613 }] redraw handler end
[SystemTime { tv_sec: 1790342703, tv_nsec: 169696726 }] native_surface_lifecycle {"acquire_attempts":0,"acquired":0,"active":0,"configuration_generation":0,"configure_attempts":0,"configured_extent":null,"discarded":0,"frame_submission_receipts_issued":12,"frame_submissions":0,"gpu_completed_through_receipt":11,"host":3,"last_frame_submission_receipt":0,"last_present_receipt":0,"presented":0,"queue_epoch":1,"reason":"wait_queue","wgpu_submission":"None","window":"WindowId(31457320)"}
[SystemTime { tv_sec: 1790342703, tv_nsec: 169771636 }] native redraw ledger {"attempts":1,"counts":{"coalesced":1,"duplicate_tokens":0,"presentations":0,"received":1,"requested":1,"suppressed":0},"damage":3,"device_generation":1,"host_generation":3,"pending":false,"presented_damage":0,"ready":false,"reason":"not_presented","rendering":null,"window":"WindowId(31457320)"}
[SystemTime { tv_sec: 1790342703, tv_nsec: 174645142 }] native queue progress epoch=1 submitted=12 completed=12
[SystemTime { tv_sec: 1790342703, tv_nsec: 174743041 }] native attachment ledger {"attachments":{"allocations":[{"allocation":1,"host":1,"last_submission":12,"owner":8,"payload_bytes":32768000,"release_reason":null}],"completed_retirements":1,"current_payload_bytes":32768000,"device_loss_confirmed":false,"device_loss_retirements":0,"observed_allocations":2,"peak_payload_bytes":54886400,"retiring_payload_bytes":0,"unknown_payload_allocations":0},"queue_epoch":1}
[SystemTime { tv_sec: 1790342703, tv_nsec: 174843987 }] window event WindowId(31457320) redraw requested
[SystemTime { tv_sec: 1790342703, tv_nsec: 175142026 }] native frame round hosts=[WindowId(31457320)]
[SystemTime { tv_sec: 1790342703, tv_nsec: 175217232 }] surface configure begin
[SystemTime { tv_sec: 1790342703, tv_nsec: 184828055 }] surface configure end
[SystemTime { tv_sec: 1790342703, tv_nsec: 184892286 }] native queue configured host=3 configurations=3 submitted=12 completed=12
[SystemTime { tv_sec: 1790342703, tv_nsec: 185068757 }] native control_meshes window=WindowId(31457320) builds=13
[SystemTime { tv_sec: 1790342703, tv_nsec: 197387069 }] native_surface_lifecycle {"acquire_attempts":1,"acquired":1,"active":1,"configuration_generation":1,"configure_attempts":1,"configured_extent":[960,720],"discarded":0,"frame_submission_receipts_issued":13,"frame_submissions":1,"gpu_completed_through_receipt":12,"host":3,"last_frame_submission_receipt":13,"last_present_receipt":0,"presented":0,"queue_epoch":1,"reason":"submit","wgpu_submission":"Some(SubmissionIndex { index: 13 })","window":"WindowId(31457320)"}
[SystemTime { tv_sec: 1790342703, tv_nsec: 197454402 }] native upload frame window=WindowId(31457320) host=3 renderer=3 queue_epoch=1 surface_generation=1 acquisition=1 submission=13 receipt=Some(UploadFrame { consumers: {"GLOBAL"}, owner: 67, attempt: 1, rendered: Some(true), totals: UploadTotals { batches: 1, buffer_payload_bytes: 42328, texture_source_bytes: 8502, texture_padding_bytes: 381642, scatter_index_bytes: 0, staging_capacity_bytes: 432472, buffer_copy_bytes: 42328, buffer_copies: 3, texture_copies: 216, scatter_dispatches: 0 } })
[SystemTime { tv_sec: 1790342703, tv_nsec: 197502843 }] native font ownership window=WindowId(31457320) usage=Usage { allocation: Usage { allocator_installed: true, owner_id: 22, label: "renderer-fonts-and-shapes", payload_bytes: 828598, tracking_bytes: 85448, allocations: 10679, peak_payload_bytes: 828931, owner_metadata_bytes: 96 }, returned_shape_bytes: 95088, private_bytes: Some(818958), fixed_font_bytes: Some(772070), cache_reserved_bytes: 46888, last_call: Some(Report { call_id: 2155, owner_id: 22, allocator_installed: true, host_initial_bytes: 173469, host_final_bytes: 173493, process_initial_bytes: 477165, process_final_bytes: 477189, initial_bytes: 46888, final_bytes: 46888, peak_bytes: 46888, host_peak_bytes: 173493, process_peak_bytes: 477189, exceeded: false }) } measurement=None process_registry_bytes=RegistryUsage { registry_heap_bytes: 136, scope_owner_bytes: 1152, call_slots_static_bytes: 9752 }
[SystemTime { tv_sec: 1790342703, tv_nsec: 197558338 }] native attachment ledger {"attachments":{"allocations":[{"allocation":1,"host":1,"last_submission":12,"owner":8,"payload_bytes":32768000,"release_reason":null},{"allocation":1,"host":3,"last_submission":13,"owner":68,"payload_bytes":22118400,"release_reason":null}],"completed_retirements":1,"current_payload_bytes":54886400,"device_loss_confirmed":false,"device_loss_retirements":0,"observed_allocations":3,"peak_payload_bytes":54886400,"retiring_payload_bytes":0,"unknown_payload_allocations":0},"queue_epoch":1}
[SystemTime { tv_sec: 1790342703, tv_nsec: 197597643 }] native surface attachment {"allocation":1,"allocations_created":1,"extent":[960,720],"format":"Bgra8UnormSrgb","gpu_retirement_qualified":false,"host":3,"owner":68,"payload_bytes":22118400,"queue_epoch":1,"samples":8,"state":"current_renderer_reference","window":"WindowId(31457320)"}
[SystemTime { tv_sec: 1790342703, tv_nsec: 197698236 }] native_surface_lifecycle {"acquire_attempts":1,"acquired":1,"active":0,"configuration_generation":1,"configure_attempts":1,"configured_extent":[960,720],"discarded":0,"frame_submission_receipts_issued":13,"frame_submissions":1,"gpu_completed_through_receipt":12,"host":3,"last_frame_submission_receipt":13,"last_present_receipt":13,"presented":1,"queue_epoch":1,"reason":"present","wgpu_submission":"Some(SubmissionIndex { index: 13 })","window":"WindowId(31457320)"}
[SystemTime { tv_sec: 1790342703, tv_nsec: 197743116 }] native redraw ledger {"attempts":2,"counts":{"coalesced":1,"duplicate_tokens":0,"presentations":1,"received":2,"requested":2,"suppressed":1},"damage":3,"device_generation":1,"host_generation":3,"pending":false,"presented_damage":3,"ready":false,"reason":"presented","rendering":null,"window":"WindowId(31457320)"}
[SystemTime { tv_sec: 1790342703, tv_nsec: 199641267 }] window event WindowId(31457320) focused false
[SystemTime { tv_sec: 1790342703, tv_nsec: 203221369 }] window event WindowId(31457320) occluded false
[SystemTime { tv_sec: 1790342703, tv_nsec: 203653546 }] window event WindowId(31457284) modifiers changed ModifiersState(0x0)
[SystemTime { tv_sec: 1790342703, tv_nsec: 203984019 }] window event WindowId(31457284) focused false
[SystemTime { tv_sec: 1790342703, tv_nsec: 204251196 }] window event WindowId(31457320) focused true
[SystemTime { tv_sec: 1790342703, tv_nsec: 204749506 }] window event WindowId(31457320) modifiers changed ModifiersState(0x0)
[SystemTime { tv_sec: 1790342703, tv_nsec: 204812176 }] window event WindowId(31457320) cursor moved 467.00,170.00
[SystemTime { tv_sec: 1790342703, tv_nsec: 204854210 }] window event WindowId(31457320) occluded false
[SystemTime { tv_sec: 1790342703, tv_nsec: 205197552 }] window event WindowId(31457320) resized 960x720
[SystemTime { tv_sec: 1790342703, tv_nsec: 205252018 }] window event WindowId(31457320) redraw requested
[SystemTime { tv_sec: 1790342703, tv_nsec: 205289526 }] native frame round hosts=[WindowId(31457320)]
[SystemTime { tv_sec: 1790342703, tv_nsec: 205379857 }] native_surface_lifecycle {"acquire_attempts":1,"acquired":1,"active":0,"configuration_generation":1,"configure_attempts":1,"configured_extent":[960,720],"discarded":0,"frame_submission_receipts_issued":13,"frame_submissions":1,"gpu_completed_through_receipt":12,"host":3,"last_frame_submission_receipt":13,"last_present_receipt":13,"presented":1,"queue_epoch":1,"reason":"wait_queue","wgpu_submission":"Some(SubmissionIndex { index: 13 })","window":"WindowId(31457320)"}
[SystemTime { tv_sec: 1790342703, tv_nsec: 205428881 }] native redraw ledger {"attempts":3,"counts":{"coalesced":1,"duplicate_tokens":0,"presentations":1,"received":3,"requested":2,"suppressed":1},"damage":4,"device_generation":1,"host_generation":3,"pending":false,"presented_damage":3,"ready":false,"reason":"not_presented","rendering":null,"window":"WindowId(31457320)"}
[SystemTime { tv_sec: 1790342703, tv_nsec: 209230300 }] native queue progress epoch=1 submitted=13 completed=13
[SystemTime { tv_sec: 1790342703, tv_nsec: 209293409 }] native attachment ledger {"attachments":{"allocations":[{"allocation":1,"host":1,"last_submission":12,"owner":8,"payload_bytes":32768000,"release_reason":null},{"allocation":1,"host":3,"last_submission":13,"owner":68,"payload_bytes":22118400,"release_reason":null}],"completed_retirements":1,"current_payload_bytes":54886400,"device_loss_confirmed":false,"device_loss_retirements":0,"observed_allocations":3,"peak_payload_bytes":54886400,"retiring_payload_bytes":0,"unknown_payload_allocations":0},"queue_epoch":1}
[SystemTime { tv_sec: 1790342703, tv_nsec: 209601145 }] window event WindowId(31457320) redraw requested
[SystemTime { tv_sec: 1790342703, tv_nsec: 209637969 }] native frame round hosts=[WindowId(31457320)]
[SystemTime { tv_sec: 1790342703, tv_nsec: 210003285 }] native_surface_lifecycle {"acquire_attempts":2,"acquired":2,"active":1,"configuration_generation":1,"configure_attempts":1,"configured_extent":[960,720],"discarded":0,"frame_submission_receipts_issued":14,"frame_submissions":2,"gpu_completed_through_receipt":13,"host":3,"last_frame_submission_receipt":14,"last_present_receipt":13,"presented":1,"queue_epoch":1,"reason":"submit","wgpu_submission":"Some(SubmissionIndex { index: 14 })","window":"WindowId(31457320)"}
[SystemTime { tv_sec: 1790342703, tv_nsec: 210038405 }] native upload frame window=WindowId(31457320) host=3 renderer=3 queue_epoch=1 surface_generation=1 acquisition=2 submission=14 receipt=Some(UploadFrame { consumers: {"GLOBAL"}, owner: 67, attempt: 2, rendered: Some(true), totals: UploadTotals { batches: 0, buffer_payload_bytes: 0, texture_source_bytes: 0, texture_padding_bytes: 0, scatter_index_bytes: 0, staging_capacity_bytes: 0, buffer_copy_bytes: 0, buffer_copies: 0, texture_copies: 0, scatter_dispatches: 0 } })
[SystemTime { tv_sec: 1790342703, tv_nsec: 210072616 }] native font ownership window=WindowId(31457320) usage=Usage { allocation: Usage { allocator_installed: true, owner_id: 22, label: "renderer-fonts-and-shapes", payload_bytes: 828598, tracking_bytes: 85448, allocations: 10679, peak_payload_bytes: 828931, owner_metadata_bytes: 96 }, returned_shape_bytes: 95088, private_bytes: Some(818958), fixed_font_bytes: Some(772070), cache_reserved_bytes: 46888, last_call: Some(Report { call_id: 2155, owner_id: 22, allocator_installed: true, host_initial_bytes: 173469, host_final_bytes: 173493, process_initial_bytes: 477165, process_final_bytes: 477189, initial_bytes: 46888, final_bytes: 46888, peak_bytes: 46888, host_peak_bytes: 173493, process_peak_bytes: 477189, exceeded: false }) } measurement=None process_registry_bytes=RegistryUsage { registry_heap_bytes: 136, scope_owner_bytes: 1152, call_slots_static_bytes: 9752 }
[SystemTime { tv_sec: 1790342703, tv_nsec: 210115513 }] native attachment ledger {"attachments":{"allocations":[{"allocation":1,"host":1,"last_submission":12,"owner":8,"payload_bytes":32768000,"release_reason":null},{"allocation":1,"host":3,"last_submission":14,"owner":68,"payload_bytes":22118400,"release_reason":null}],"completed_retirements":1,"current_payload_bytes":54886400,"device_loss_confirmed":false,"device_loss_retirements":0,"observed_allocations":3,"peak_payload_bytes":54886400,"retiring_payload_bytes":0,"unknown_payload_allocations":0},"queue_epoch":1}
[SystemTime { tv_sec: 1790342703, tv_nsec: 210165098 }] native surface attachment {"allocation":1,"allocations_created":1,"extent":[960,720],"format":"Bgra8UnormSrgb","gpu_retirement_qualified":false,"host":3,"owner":68,"payload_bytes":22118400,"queue_epoch":1,"samples":8,"state":"current_renderer_reference","window":"WindowId(31457320)"}
[SystemTime { tv_sec: 1790342703, tv_nsec: 210244097 }] native_surface_lifecycle {"acquire_attempts":2,"acquired":2,"active":0,"configuration_generation":1,"configure_attempts":1,"configured_extent":[960,720],"discarded":0,"frame_submission_receipts_issued":14,"frame_submissions":2,"gpu_completed_through_receipt":13,"host":3,"last_frame_submission_receipt":14,"last_present_receipt":14,"presented":2,"queue_epoch":1,"reason":"present","wgpu_submission":"Some(SubmissionIndex { index: 14 })","window":"WindowId(31457320)"}
[SystemTime { tv_sec: 1790342703, tv_nsec: 210282230 }] native redraw ledger {"attempts":4,"counts":{"coalesced":1,"duplicate_tokens":0,"presentations":2,"received":4,"requested":3,"suppressed":2},"damage":4,"device_generation":1,"host_generation":3,"pending":false,"presented_damage":4,"ready":false,"reason":"presented","rendering":null,"window":"WindowId(31457320)"}
[SystemTime { tv_sec: 1790342703, tv_nsec: 225553334 }] native queue progress epoch=1 submitted=14 completed=14
[SystemTime { tv_sec: 1790342703, tv_nsec: 225628613 }] native attachment ledger {"attachments":{"allocations":[{"allocation":1,"host":1,"last_submission":12,"owner":8,"payload_bytes":32768000,"release_reason":null},{"allocation":1,"host":3,"last_submission":14,"owner":68,"payload_bytes":22118400,"release_reason":null}],"completed_retirements":1,"current_payload_bytes":54886400,"device_loss_confirmed":false,"device_loss_retirements":0,"observed_allocations":3,"peak_payload_bytes":54886400,"retiring_payload_bytes":0,"unknown_payload_allocations":0},"queue_epoch":1}
[SystemTime { tv_sec: 1790342703, tv_nsec: 235461816 }] window event WindowId(31457320) keyboard physical=Code(Escape) logical=Named(Escape) state=Pressed repeat=false text=Some("\u{1b}") synthetic=false
[SystemTime { tv_sec: 1790342703, tv_nsec: 235552760 }] window event WindowId(31457320) redraw requested
[SystemTime { tv_sec: 1790342703, tv_nsec: 235583820 }] window event WindowId(31457284) redraw requested
[SystemTime { tv_sec: 1790342703, tv_nsec: 235687676 }] native redraw ledger {"attempts":4,"counts":{"coalesced":1,"duplicate_tokens":0,"presentations":2,"received":5,"requested":4,"suppressed":2},"damage":5,"device_generation":1,"host_generation":3,"pending":true,"presented_damage":4,"ready":true,"reason":"closed","rendering":null,"window":"WindowId(31457320)"}
[SystemTime { tv_sec: 1790342703, tv_nsec: 240021918 }] native_surface_lifecycle {"acquire_attempts":2,"acquired":2,"active":0,"configuration_generation":1,"configure_attempts":1,"configured_extent":[960,720],"discarded":0,"frame_submission_receipts_issued":14,"frame_submissions":2,"gpu_completed_through_receipt":14,"host":3,"last_frame_submission_receipt":14,"last_present_receipt":14,"presented":2,"queue_epoch":1,"reason":"owner_drop","wgpu_submission":"Some(SubmissionIndex { index: 14 })","window":"WindowId(31457320)"}
[SystemTime { tv_sec: 1790342703, tv_nsec: 240080925 }] native attachment ledger {"attachments":{"allocations":[{"allocation":1,"host":1,"last_submission":12,"owner":8,"payload_bytes":32768000,"release_reason":null}],"completed_retirements":2,"current_payload_bytes":32768000,"device_loss_confirmed":false,"device_loss_retirements":0,"observed_allocations":3,"peak_payload_bytes":54886400,"retiring_payload_bytes":0,"unknown_payload_allocations":0},"queue_epoch":1}
[SystemTime { tv_sec: 1790342703, tv_nsec: 240488781 }] native frame round hosts=[WindowId(31457284)]
[SystemTime { tv_sec: 1790342703, tv_nsec: 240517874 }] redraw handler begin
[SystemTime { tv_sec: 1790342703, tv_nsec: 240566187 }] render scene prepare begin retained_cached=true
[SystemTime { tv_sec: 1790342703, tv_nsec: 240592529 }] prepared scene build begin
[SystemTime { tv_sec: 1790342703, tv_nsec: 240823024 }] native control_meshes window=WindowId(31457284) builds=1
[SystemTime { tv_sec: 1790342703, tv_nsec: 240854342 }] prepared scene build end 0ms
[SystemTime { tv_sec: 1790342703, tv_nsec: 240899574 }] renderer render begin
[SystemTime { tv_sec: 1790342703, tv_nsec: 242413753 }] native_surface_lifecycle {"acquire_attempts":11,"acquired":11,"active":1,"configuration_generation":1,"configure_attempts":1,"configured_extent":[1280,800],"discarded":0,"frame_submission_receipts_issued":15,"frame_submissions":11,"gpu_completed_through_receipt":14,"host":1,"last_frame_submission_receipt":15,"last_present_receipt":12,"presented":10,"queue_epoch":1,"reason":"submit","wgpu_submission":"Some(SubmissionIndex { index: 15 })","window":"WindowId(31457284)"}
[SystemTime { tv_sec: 1790342703, tv_nsec: 242525276 }] native upload frame window=WindowId(31457284) host=1 renderer=1 queue_epoch=1 surface_generation=1 acquisition=11 submission=15 receipt=Some(UploadFrame { consumers: {"MAIN", "BOARD", "LAYERS", "NAV", "INSPECTOR", "MENU", "TERMINAL"}, owner: 7, attempt: 12, rendered: Some(true), totals: UploadTotals { batches: 1, buffer_payload_bytes: 12676, texture_source_bytes: 0, texture_padding_bytes: 0, scatter_index_bytes: 12604, staging_capacity_bytes: 50488, buffer_copy_bytes: 25280, buffer_copies: 19, texture_copies: 0, scatter_dispatches: 1 } })
[SystemTime { tv_sec: 1790342703, tv_nsec: 242557454 }] native font ownership window=WindowId(31457284) usage=Usage { allocation: Usage { allocator_installed: true, owner_id: 3, label: "renderer-fonts-and-shapes", payload_bytes: 925390, tracking_bytes: 88544, allocations: 11066, peak_payload_bytes: 925507, owner_metadata_bytes: 96 }, returned_shape_bytes: 179160, private_bytes: Some(834774), fixed_font_bytes: Some(772070), cache_reserved_bytes: 62704, last_call: Some(Report { call_id: 2156, owner_id: 3, allocator_installed: true, host_initial_bytes: 339856, host_final_bytes: 339856, process_initial_bytes: 339856, process_final_bytes: 339856, initial_bytes: 62704, final_bytes: 63816, peak_bytes: 63959, host_peak_bytes: 339856, process_peak_bytes: 339856, exceeded: false }) } measurement=Some(Usage { allocation: Usage { allocator_installed: true, owner_id: 13, label: "text-measurement", payload_bytes: 734742, tracking_bytes: 84216, allocations: 10525, peak_payload_bytes: 748214, owner_metadata_bytes: 96 }, returned_shape_bytes: 0, private_bytes: Some(818958), fixed_font_bytes: Some(772070), cache_reserved_bytes: 46888, last_call: Some(Report { call_id: 1173, owner_id: 13, allocator_installed: true, host_initial_bytes: 367656, host_final_bytes: 367656, process_initial_bytes: 367656, process_final_bytes: 367656, initial_bytes: 46888, final_bytes: 46888, peak_bytes: 54192, host_peak_bytes: 367656, process_peak_bytes: 367656, exceeded: false }) }) process_registry_bytes=RegistryUsage { registry_heap_bytes: 136, scope_owner_bytes: 1152, call_slots_static_bytes: 9752 }
[SystemTime { tv_sec: 1790342703, tv_nsec: 242591604 }] native attachment ledger {"attachments":{"allocations":[{"allocation":1,"host":1,"last_submission":15,"owner":8,"payload_bytes":32768000,"release_reason":null}],"completed_retirements":2,"current_payload_bytes":32768000,"device_loss_confirmed":false,"device_loss_retirements":0,"observed_allocations":3,"peak_payload_bytes":54886400,"retiring_payload_bytes":0,"unknown_payload_allocations":0},"queue_epoch":1}
[SystemTime { tv_sec: 1790342703, tv_nsec: 242621222 }] native surface attachment {"allocation":1,"allocations_created":1,"extent":[1280,800],"format":"Bgra8UnormSrgb","gpu_retirement_qualified":false,"host":1,"owner":8,"payload_bytes":32768000,"queue_epoch":1,"samples":8,"state":"current_renderer_reference","window":"WindowId(31457284)"}
[SystemTime { tv_sec: 1790342703, tv_nsec: 242661526 }] renderer render end 1ms
[SystemTime { tv_sec: 1790342703, tv_nsec: 242691010 }] frame present begin
[SystemTime { tv_sec: 1790342703, tv_nsec: 242829343 }] native_surface_lifecycle {"acquire_attempts":11,"acquired":11,"active":0,"configuration_generation":1,"configure_attempts":1,"configured_extent":[1280,800],"discarded":0,"frame_submission_receipts_issued":15,"frame_submissions":11,"gpu_completed_through_receipt":14,"host":1,"last_frame_submission_receipt":15,"last_present_receipt":15,"presented":11,"queue_epoch":1,"reason":"present","wgpu_submission":"Some(SubmissionIndex { index: 15 })","window":"WindowId(31457284)"}
[SystemTime { tv_sec: 1790342703, tv_nsec: 242904775 }] frame present end 0ms total=2ms
[SystemTime { tv_sec: 1790342703, tv_nsec: 242962750 }] native redraw ledger {"attempts":19,"counts":{"coalesced":1,"duplicate_tokens":0,"presentations":11,"received":19,"requested":19,"suppressed":12},"damage":18,"device_generation":1,"host_generation":1,"pending":false,"presented_damage":18,"ready":false,"reason":"presented","rendering":null,"window":"WindowId(31457284)"}
[SystemTime { tv_sec: 1790342703, tv_nsec: 242988622 }] redraw handler end
[SystemTime { tv_sec: 1790342703, tv_nsec: 243493193 }] window event WindowId(31457284) focused true
[SystemTime { tv_sec: 1790342703, tv_nsec: 244003522 }] window event WindowId(31457284) modifiers changed ModifiersState(0x0)
[SystemTime { tv_sec: 1790342703, tv_nsec: 244052434 }] window event WindowId(31457284) cursor moved 148.00,16.00
[SystemTime { tv_sec: 1790342703, tv_nsec: 244438044 }] window event WindowId(31457284) modifiers changed ModifiersState(0x0)
[SystemTime { tv_sec: 1790342703, tv_nsec: 244695317 }] window event WindowId(31457284) focused false
[SystemTime { tv_sec: 1790342703, tv_nsec: 244969876 }] window event WindowId(31457284) focused true
[SystemTime { tv_sec: 1790342703, tv_nsec: 245300292 }] window event WindowId(31457284) modifiers changed ModifiersState(0x0)
[SystemTime { tv_sec: 1790342703, tv_nsec: 245343801 }] window event WindowId(31457284) cursor moved 148.00,16.00
[SystemTime { tv_sec: 1790342703, tv_nsec: 246875463 }] window event WindowId(31457320) destroyed
[SystemTime { tv_sec: 1790342703, tv_nsec: 246942674 }] window event WindowId(31457284) keyboard physical=Code(Escape) logical=Named(Escape) state=Released repeat=false text=Some("\u{1b}") synthetic=false
[SystemTime { tv_sec: 1790342703, tv_nsec: 246979487 }] pan key physical=Code(Escape) logical=Named(Escape) state=Released repeat=false pointer_in_scene=false held=false consumed=false
[SystemTime { tv_sec: 1790342703, tv_nsec: 253304548 }] native queue progress epoch=1 submitted=15 completed=15
[SystemTime { tv_sec: 1790342703, tv_nsec: 253365808 }] native attachment ledger {"attachments":{"allocations":[{"allocation":1,"host":1,"last_submission":15,"owner":8,"payload_bytes":32768000,"release_reason":null}],"completed_retirements":2,"current_payload_bytes":32768000,"device_loss_confirmed":false,"device_loss_retirements":0,"observed_allocations":3,"peak_payload_bytes":54886400,"retiring_payload_bytes":0,"unknown_payload_allocations":0},"queue_epoch":1}
[SystemTime { tv_sec: 1790342703, tv_nsec: 257158777 }] window event WindowId(31457284) modifiers changed ModifiersState(0x0)
[SystemTime { tv_sec: 1790342703, tv_nsec: 257197488 }] window event WindowId(31457284) mouse input Left Pressed
[SystemTime { tv_sec: 1790342703, tv_nsec: 257229644 }] pan primary pressed cursor=Some((148.0, 16.0)) pointer_in_scene=false held=false active=false
[SystemTime { tv_sec: 1790342703, tv_nsec: 257262123 }] window event WindowId(31457284) modifiers changed ModifiersState(0x0)
[SystemTime { tv_sec: 1790342703, tv_nsec: 257294860 }] window event WindowId(31457284) modifiers changed ModifiersState(0x0)
[SystemTime { tv_sec: 1790342703, tv_nsec: 257327858 }] window event WindowId(31457284) mouse input Left Released
[SystemTime { tv_sec: 1790342703, tv_nsec: 257358326 }] pan primary released cursor=Some((148.0, 16.0)) suppress_click=false
[SystemTime { tv_sec: 1790342703, tv_nsec: 257468175 }] window event WindowId(31457284) modifiers changed ModifiersState(0x0)
[SystemTime { tv_sec: 1790342703, tv_nsec: 257498790 }] window event WindowId(31457284) redraw requested
[SystemTime { tv_sec: 1790342703, tv_nsec: 257522099 }] native frame round hosts=[WindowId(31457284)]
[SystemTime { tv_sec: 1790342703, tv_nsec: 257541370 }] redraw handler begin
[SystemTime { tv_sec: 1790342703, tv_nsec: 257573975 }] render scene prepare begin retained_cached=true
[SystemTime { tv_sec: 1790342703, tv_nsec: 257593249 }] prepared scene build begin
[SystemTime { tv_sec: 1790342703, tv_nsec: 257802682 }] native control_meshes window=WindowId(31457284) builds=1
[SystemTime { tv_sec: 1790342703, tv_nsec: 257830016 }] prepared scene build end 0ms
[SystemTime { tv_sec: 1790342703, tv_nsec: 257856283 }] renderer render begin
[SystemTime { tv_sec: 1790342703, tv_nsec: 258944862 }] native_surface_lifecycle {"acquire_attempts":12,"acquired":12,"active":1,"configuration_generation":1,"configure_attempts":1,"configured_extent":[1280,800],"discarded":0,"frame_submission_receipts_issued":16,"frame_submissions":12,"gpu_completed_through_receipt":15,"host":1,"last_frame_submission_receipt":16,"last_present_receipt":15,"presented":11,"queue_epoch":1,"reason":"submit","wgpu_submission":"Some(SubmissionIndex { index: 16 })","window":"WindowId(31457284)"}
[SystemTime { tv_sec: 1790342703, tv_nsec: 259000290 }] native upload frame window=WindowId(31457284) host=1 renderer=1 queue_epoch=1 surface_generation=1 acquisition=12 submission=16 receipt=Some(UploadFrame { consumers: {"MAIN", "BOARD", "LAYERS", "NAV", "INSPECTOR", "MENU", "TERMINAL"}, owner: 7, attempt: 13, rendered: Some(true), totals: UploadTotals { batches: 1, buffer_payload_bytes: 19660, texture_source_bytes: 0, texture_padding_bytes: 0, scatter_index_bytes: 17740, staging_capacity_bytes: 72880, buffer_copy_bytes: 37400, buffer_copies: 3, texture_copies: 0, scatter_dispatches: 2 } })
[SystemTime { tv_sec: 1790342703, tv_nsec: 259039895 }] native font ownership window=WindowId(31457284) usage=Usage { allocation: Usage { allocator_installed: true, owner_id: 3, label: "renderer-fonts-and-shapes", payload_bytes: 925390, tracking_bytes: 88544, allocations: 11066, peak_payload_bytes: 925507, owner_metadata_bytes: 96 }, returned_shape_bytes: 179160, private_bytes: Some(834774), fixed_font_bytes: Some(772070), cache_reserved_bytes: 62704, last_call: Some(Report { call_id: 2157, owner_id: 3, allocator_installed: true, host_initial_bytes: 342664, host_final_bytes: 342664, process_initial_bytes: 342664, process_final_bytes: 342664, initial_bytes: 62704, final_bytes: 63880, peak_bytes: 64029, host_peak_bytes: 342664, process_peak_bytes: 342664, exceeded: false }) } measurement=Some(Usage { allocation: Usage { allocator_installed: true, owner_id: 13, label: "text-measurement", payload_bytes: 734742, tracking_bytes: 84216, allocations: 10525, peak_payload_bytes: 748214, owner_metadata_bytes: 96 }, returned_shape_bytes: 0, private_bytes: Some(818958), fixed_font_bytes: Some(772070), cache_reserved_bytes: 46888, last_call: Some(Report { call_id: 1173, owner_id: 13, allocator_installed: true, host_initial_bytes: 367656, host_final_bytes: 367656, process_initial_bytes: 367656, process_final_bytes: 367656, initial_bytes: 46888, final_bytes: 46888, peak_bytes: 54192, host_peak_bytes: 367656, process_peak_bytes: 367656, exceeded: false }) }) process_registry_bytes=RegistryUsage { registry_heap_bytes: 136, scope_owner_bytes: 1152, call_slots_static_bytes: 9752 }
[SystemTime { tv_sec: 1790342703, tv_nsec: 259077695 }] native attachment ledger {"attachments":{"allocations":[{"allocation":1,"host":1,"last_submission":16,"owner":8,"payload_bytes":32768000,"release_reason":null}],"completed_retirements":2,"current_payload_bytes":32768000,"device_loss_confirmed":false,"device_loss_retirements":0,"observed_allocations":3,"peak_payload_bytes":54886400,"retiring_payload_bytes":0,"unknown_payload_allocations":0},"queue_epoch":1}
[SystemTime { tv_sec: 1790342703, tv_nsec: 259110810 }] native surface attachment {"allocation":1,"allocations_created":1,"extent":[1280,800],"format":"Bgra8UnormSrgb","gpu_retirement_qualified":false,"host":1,"owner":8,"payload_bytes":32768000,"queue_epoch":1,"samples":8,"state":"current_renderer_reference","window":"WindowId(31457284)"}
[SystemTime { tv_sec: 1790342703, tv_nsec: 259137585 }] renderer render end 1ms
[SystemTime { tv_sec: 1790342703, tv_nsec: 259159092 }] frame present begin
[SystemTime { tv_sec: 1790342703, tv_nsec: 259232033 }] native_surface_lifecycle {"acquire_attempts":12,"acquired":12,"active":0,"configuration_generation":1,"configure_attempts":1,"configured_extent":[1280,800],"discarded":0,"frame_submission_receipts_issued":16,"frame_submissions":12,"gpu_completed_through_receipt":15,"host":1,"last_frame_submission_receipt":16,"last_present_receipt":16,"presented":12,"queue_epoch":1,"reason":"present","wgpu_submission":"Some(SubmissionIndex { index: 16 })","window":"WindowId(31457284)"}
[SystemTime { tv_sec: 1790342703, tv_nsec: 259263486 }] frame present end 0ms total=1ms
[SystemTime { tv_sec: 1790342703, tv_nsec: 259300888 }] native redraw ledger {"attempts":20,"counts":{"coalesced":1,"duplicate_tokens":0,"presentations":12,"received":20,"requested":20,"suppressed":13},"damage":19,"device_generation":1,"host_generation":1,"pending":false,"presented_damage":19,"ready":false,"reason":"presented","rendering":null,"window":"WindowId(31457284)"}
[SystemTime { tv_sec: 1790342703, tv_nsec: 259322374 }] redraw handler end
[SystemTime { tv_sec: 1790342703, tv_nsec: 274016176 }] native queue progress epoch=1 submitted=16 completed=16
[SystemTime { tv_sec: 1790342703, tv_nsec: 274116027 }] native attachment ledger {"attachments":{"allocations":[{"allocation":1,"host":1,"last_submission":16,"owner":8,"payload_bytes":32768000,"release_reason":null}],"completed_retirements":2,"current_payload_bytes":32768000,"device_loss_confirmed":false,"device_loss_retirements":0,"observed_allocations":3,"peak_payload_bytes":54886400,"retiring_payload_bytes":0,"unknown_payload_allocations":0},"queue_epoch":1}
[SystemTime { tv_sec: 1790342703, tv_nsec: 366820453 }] window event WindowId(31457284) keyboard physical=Code(ArrowUp) logical=Named(ArrowUp) state=Pressed repeat=false text=None synthetic=false
[SystemTime { tv_sec: 1790342703, tv_nsec: 367066955 }] window event WindowId(31457284) redraw requested
[SystemTime { tv_sec: 1790342703, tv_nsec: 367132044 }] native frame round hosts=[WindowId(31457284)]
[SystemTime { tv_sec: 1790342703, tv_nsec: 367199986 }] redraw handler begin
[SystemTime { tv_sec: 1790342703, tv_nsec: 367300993 }] render scene prepare begin retained_cached=true
[SystemTime { tv_sec: 1790342703, tv_nsec: 367365760 }] prepared scene build begin
[SystemTime { tv_sec: 1790342703, tv_nsec: 367882221 }] native control_meshes window=WindowId(31457284) builds=1
[SystemTime { tv_sec: 1790342703, tv_nsec: 367941310 }] prepared scene build end 0ms
[SystemTime { tv_sec: 1790342703, tv_nsec: 367997913 }] renderer render begin
[SystemTime { tv_sec: 1790342703, tv_nsec: 370481516 }] native_surface_lifecycle {"acquire_attempts":13,"acquired":13,"active":1,"configuration_generation":1,"configure_attempts":1,"configured_extent":[1280,800],"discarded":0,"frame_submission_receipts_issued":17,"frame_submissions":13,"gpu_completed_through_receipt":16,"host":1,"last_frame_submission_receipt":17,"last_present_receipt":16,"presented":12,"queue_epoch":1,"reason":"submit","wgpu_submission":"Some(SubmissionIndex { index: 17 })","window":"WindowId(31457284)"}
[SystemTime { tv_sec: 1790342703, tv_nsec: 370631215 }] native upload frame window=WindowId(31457284) host=1 renderer=1 queue_epoch=1 surface_generation=1 acquisition=13 submission=17 receipt=Some(UploadFrame { consumers: {"MAIN", "BOARD", "LAYERS", "NAV", "INSPECTOR", "MENU", "TERMINAL"}, owner: 7, attempt: 14, rendered: Some(true), totals: UploadTotals { batches: 1, buffer_payload_bytes: 984, texture_source_bytes: 0, texture_padding_bytes: 0, scatter_index_bytes: 0, staging_capacity_bytes: 984, buffer_copy_bytes: 984, buffer_copies: 57, texture_copies: 0, scatter_dispatches: 0 } })
[SystemTime { tv_sec: 1790342703, tv_nsec: 370726417 }] native font ownership window=WindowId(31457284) usage=Usage { allocation: Usage { allocator_installed: true, owner_id: 3, label: "renderer-fonts-and-shapes", payload_bytes: 924302, tracking_bytes: 88520, allocations: 11063, peak_payload_bytes: 925507, owner_metadata_bytes: 96 }, returned_shape_bytes: 178048, private_bytes: Some(834774), fixed_font_bytes: Some(772070), cache_reserved_bytes: 62704, last_call: Some(Report { call_id: 2157, owner_id: 3, allocator_installed: true, host_initial_bytes: 342664, host_final_bytes: 342664, process_initial_bytes: 342664, process_final_bytes: 342664, initial_bytes: 62704, final_bytes: 63880, peak_bytes: 64029, host_peak_bytes: 342664, process_peak_bytes: 342664, exceeded: false }) } measurement=Some(Usage { allocation: Usage { allocator_installed: true, owner_id: 13, label: "text-measurement", payload_bytes: 734742, tracking_bytes: 84216, allocations: 10525, peak_payload_bytes: 748214, owner_metadata_bytes: 96 }, returned_shape_bytes: 0, private_bytes: Some(818958), fixed_font_bytes: Some(772070), cache_reserved_bytes: 46888, last_call: Some(Report { call_id: 1173, owner_id: 13, allocator_installed: true, host_initial_bytes: 367656, host_final_bytes: 367656, process_initial_bytes: 367656, process_final_bytes: 367656, initial_bytes: 46888, final_bytes: 46888, peak_bytes: 54192, host_peak_bytes: 367656, process_peak_bytes: 367656, exceeded: false }) }) process_registry_bytes=RegistryUsage { registry_heap_bytes: 136, scope_owner_bytes: 1152, call_slots_static_bytes: 9752 }
[SystemTime { tv_sec: 1790342703, tv_nsec: 370831498 }] native attachment ledger {"attachments":{"allocations":[{"allocation":1,"host":1,"last_submission":17,"owner":8,"payload_bytes":32768000,"release_reason":null}],"completed_retirements":2,"current_payload_bytes":32768000,"device_loss_confirmed":false,"device_loss_retirements":0,"observed_allocations":3,"peak_payload_bytes":54886400,"retiring_payload_bytes":0,"unknown_payload_allocations":0},"queue_epoch":1}
[SystemTime { tv_sec: 1790342703, tv_nsec: 370911150 }] native surface attachment {"allocation":1,"allocations_created":1,"extent":[1280,800],"format":"Bgra8UnormSrgb","gpu_retirement_qualified":false,"host":1,"owner":8,"payload_bytes":32768000,"queue_epoch":1,"samples":8,"state":"current_renderer_reference","window":"WindowId(31457284)"}
[SystemTime { tv_sec: 1790342703, tv_nsec: 370964998 }] renderer render end 2ms
[SystemTime { tv_sec: 1790342703, tv_nsec: 371016655 }] frame present begin
[SystemTime { tv_sec: 1790342703, tv_nsec: 371193759 }] native_surface_lifecycle {"acquire_attempts":13,"acquired":13,"active":0,"configuration_generation":1,"configure_attempts":1,"configured_extent":[1280,800],"discarded":0,"frame_submission_receipts_issued":17,"frame_submissions":13,"gpu_completed_through_receipt":16,"host":1,"last_frame_submission_receipt":17,"last_present_receipt":17,"presented":13,"queue_epoch":1,"reason":"present","wgpu_submission":"Some(SubmissionIndex { index: 17 })","window":"WindowId(31457284)"}
[SystemTime { tv_sec: 1790342703, tv_nsec: 371269323 }] frame present end 0ms total=4ms
[SystemTime { tv_sec: 1790342703, tv_nsec: 371359103 }] native redraw ledger {"attempts":21,"counts":{"coalesced":1,"duplicate_tokens":0,"presentations":13,"received":21,"requested":21,"suppressed":14},"damage":20,"device_generation":1,"host_generation":1,"pending":false,"presented_damage":20,"ready":false,"reason":"presented","rendering":null,"window":"WindowId(31457284)"}
[SystemTime { tv_sec: 1790342703, tv_nsec: 371418423 }] redraw handler end
[SystemTime { tv_sec: 1790342703, tv_nsec: 377966171 }] window event WindowId(31457284) keyboard physical=Code(ArrowUp) logical=Named(ArrowUp) state=Released repeat=false text=None synthetic=false
[SystemTime { tv_sec: 1790342703, tv_nsec: 378055636 }] window event WindowId(31457284) redraw requested
[SystemTime { tv_sec: 1790342703, tv_nsec: 378111975 }] native frame round hosts=[WindowId(31457284)]
[SystemTime { tv_sec: 1790342703, tv_nsec: 378160159 }] redraw handler begin
[SystemTime { tv_sec: 1790342703, tv_nsec: 378272377 }] native_surface_lifecycle {"acquire_attempts":13,"acquired":13,"active":0,"configuration_generation":1,"configure_attempts":1,"configured_extent":[1280,800],"discarded":0,"frame_submission_receipts_issued":17,"frame_submissions":13,"gpu_completed_through_receipt":16,"host":1,"last_frame_submission_receipt":17,"last_present_receipt":17,"presented":13,"queue_epoch":1,"reason":"wait_queue","wgpu_submission":"Some(SubmissionIndex { index: 17 })","window":"WindowId(31457284)"}
[SystemTime { tv_sec: 1790342703, tv_nsec: 378358887 }] native redraw ledger {"attempts":22,"counts":{"coalesced":1,"duplicate_tokens":0,"presentations":13,"received":22,"requested":22,"suppressed":14},"damage":21,"device_generation":1,"host_generation":1,"pending":false,"presented_damage":20,"ready":false,"reason":"not_presented","rendering":null,"window":"WindowId(31457284)"}
[SystemTime { tv_sec: 1790342703, tv_nsec: 389009493 }] window event WindowId(31457284) keyboard physical=Code(ArrowRight) logical=Named(ArrowRight) state=Pressed repeat=false text=None synthetic=false
[SystemTime { tv_sec: 1790342703, tv_nsec: 389331820 }] window event WindowId(31457284) redraw requested
[SystemTime { tv_sec: 1790342703, tv_nsec: 389421498 }] native frame round hosts=[WindowId(31457284)]
[SystemTime { tv_sec: 1790342703, tv_nsec: 389494401 }] redraw handler begin
[SystemTime { tv_sec: 1790342703, tv_nsec: 389664346 }] native_surface_lifecycle {"acquire_attempts":13,"acquired":13,"active":0,"configuration_generation":1,"configure_attempts":1,"configured_extent":[1280,800],"discarded":0,"frame_submission_receipts_issued":17,"frame_submissions":13,"gpu_completed_through_receipt":16,"host":1,"last_frame_submission_receipt":17,"last_present_receipt":17,"presented":13,"queue_epoch":1,"reason":"wait_queue","wgpu_submission":"Some(SubmissionIndex { index: 17 })","window":"WindowId(31457284)"}
[SystemTime { tv_sec: 1790342703, tv_nsec: 389772688 }] native redraw ledger {"attempts":23,"counts":{"coalesced":1,"duplicate_tokens":0,"presentations":13,"received":23,"requested":23,"suppressed":14},"damage":22,"device_generation":1,"host_generation":1,"pending":false,"presented_damage":20,"ready":false,"reason":"not_presented","rendering":null,"window":"WindowId(31457284)"}
[SystemTime { tv_sec: 1790342703, tv_nsec: 396544335 }] native queue progress epoch=1 submitted=17 completed=17
[SystemTime { tv_sec: 1790342703, tv_nsec: 396647619 }] native attachment ledger {"attachments":{"allocations":[{"allocation":1,"host":1,"last_submission":17,"owner":8,"payload_bytes":32768000,"release_reason":null}],"completed_retirements":2,"current_payload_bytes":32768000,"device_loss_confirmed":false,"device_loss_retirements":0,"observed_allocations":3,"peak_payload_bytes":54886400,"retiring_payload_bytes":0,"unknown_payload_allocations":0},"queue_epoch":1}
[SystemTime { tv_sec: 1790342703, tv_nsec: 396751207 }] window event WindowId(31457284) redraw requested
[SystemTime { tv_sec: 1790342703, tv_nsec: 396873322 }] native frame round hosts=[WindowId(31457284)]
[SystemTime { tv_sec: 1790342703, tv_nsec: 396957128 }] redraw handler begin
[SystemTime { tv_sec: 1790342703, tv_nsec: 397028300 }] render scene prepare begin retained_cached=true
[SystemTime { tv_sec: 1790342703, tv_nsec: 397080288 }] prepared scene build begin
[SystemTime { tv_sec: 1790342703, tv_nsec: 397496408 }] native control_meshes window=WindowId(31457284) builds=1
[SystemTime { tv_sec: 1790342703, tv_nsec: 397555960 }] prepared scene build end 0ms
[SystemTime { tv_sec: 1790342703, tv_nsec: 397609339 }] renderer render begin
[SystemTime { tv_sec: 1790342703, tv_nsec: 398896462 }] native_surface_lifecycle {"acquire_attempts":14,"acquired":14,"active":1,"configuration_generation":1,"configure_attempts":1,"configured_extent":[1280,800],"discarded":0,"frame_submission_receipts_issued":18,"frame_submissions":14,"gpu_completed_through_receipt":17,"host":1,"last_frame_submission_receipt":18,"last_present_receipt":17,"presented":13,"queue_epoch":1,"reason":"submit","wgpu_submission":"Some(SubmissionIndex { index: 18 })","window":"WindowId(31457284)"}
[SystemTime { tv_sec: 1790342703, tv_nsec: 398995043 }] native upload frame window=WindowId(31457284) host=1 renderer=1 queue_epoch=1 surface_generation=1 acquisition=14 submission=18 receipt=Some(UploadFrame { consumers: {"MAIN", "BOARD", "LAYERS", "NAV", "INSPECTOR", "MENU", "TERMINAL"}, owner: 7, attempt: 15, rendered: Some(true), totals: UploadTotals { batches: 1, buffer_payload_bytes: 4320, texture_source_bytes: 0, texture_padding_bytes: 0, scatter_index_bytes: 0, staging_capacity_bytes: 4320, buffer_copy_bytes: 4320, buffer_copies: 2, texture_copies: 0, scatter_dispatches: 0 } })
[SystemTime { tv_sec: 1790342703, tv_nsec: 399065327 }] native font ownership window=WindowId(31457284) usage=Usage { allocation: Usage { allocator_installed: true, owner_id: 3, label: "renderer-fonts-and-shapes", payload_bytes: 924302, tracking_bytes: 88520, allocations: 11063, peak_payload_bytes: 925507, owner_metadata_bytes: 96 }, returned_shape_bytes: 178048, private_bytes: Some(834774), fixed_font_bytes: Some(772070), cache_reserved_bytes: 62704, last_call: Some(Report { call_id: 2157, owner_id: 3, allocator_installed: true, host_initial_bytes: 342664, host_final_bytes: 342664, process_initial_bytes: 342664, process_final_bytes: 342664, initial_bytes: 62704, final_bytes: 63880, peak_bytes: 64029, host_peak_bytes: 342664, process_peak_bytes: 342664, exceeded: false }) } measurement=Some(Usage { allocation: Usage { allocator_installed: true, owner_id: 13, label: "text-measurement", payload_bytes: 734742, tracking_bytes: 84216, allocations: 10525, peak_payload_bytes: 748214, owner_metadata_bytes: 96 }, returned_shape_bytes: 0, private_bytes: Some(818958), fixed_font_bytes: Some(772070), cache_reserved_bytes: 46888, last_call: Some(Report { call_id: 1173, owner_id: 13, allocator_installed: true, host_initial_bytes: 367656, host_final_bytes: 367656, process_initial_bytes: 367656, process_final_bytes: 367656, initial_bytes: 46888, final_bytes: 46888, peak_bytes: 54192, host_peak_bytes: 367656, process_peak_bytes: 367656, exceeded: false }) }) process_registry_bytes=RegistryUsage { registry_heap_bytes: 136, scope_owner_bytes: 1152, call_slots_static_bytes: 9752 }
[SystemTime { tv_sec: 1790342703, tv_nsec: 399139084 }] native attachment ledger {"attachments":{"allocations":[{"allocation":1,"host":1,"last_submission":18,"owner":8,"payload_bytes":32768000,"release_reason":null}],"completed_retirements":2,"current_payload_bytes":32768000,"device_loss_confirmed":false,"device_loss_retirements":0,"observed_allocations":3,"peak_payload_bytes":54886400,"retiring_payload_bytes":0,"unknown_payload_allocations":0},"queue_epoch":1}
[SystemTime { tv_sec: 1790342703, tv_nsec: 399205001 }] native surface attachment {"allocation":1,"allocations_created":1,"extent":[1280,800],"format":"Bgra8UnormSrgb","gpu_retirement_qualified":false,"host":1,"owner":8,"payload_bytes":32768000,"queue_epoch":1,"samples":8,"state":"current_renderer_reference","window":"WindowId(31457284)"}
[SystemTime { tv_sec: 1790342703, tv_nsec: 399255296 }] renderer render end 1ms
[SystemTime { tv_sec: 1790342703, tv_nsec: 399303559 }] frame present begin
[SystemTime { tv_sec: 1790342703, tv_nsec: 399456730 }] native_surface_lifecycle {"acquire_attempts":14,"acquired":14,"active":0,"configuration_generation":1,"configure_attempts":1,"configured_extent":[1280,800],"discarded":0,"frame_submission_receipts_issued":18,"frame_submissions":14,"gpu_completed_through_receipt":17,"host":1,"last_frame_submission_receipt":18,"last_present_receipt":18,"presented":14,"queue_epoch":1,"reason":"present","wgpu_submission":"Some(SubmissionIndex { index: 18 })","window":"WindowId(31457284)"}
[SystemTime { tv_sec: 1790342703, tv_nsec: 399526441 }] frame present end 0ms total=2ms
[SystemTime { tv_sec: 1790342703, tv_nsec: 399596441 }] native redraw ledger {"attempts":24,"counts":{"coalesced":1,"duplicate_tokens":0,"presentations":14,"received":24,"requested":24,"suppressed":15},"damage":22,"device_generation":1,"host_generation":1,"pending":false,"presented_damage":22,"ready":false,"reason":"presented","rendering":null,"window":"WindowId(31457284)"}
[SystemTime { tv_sec: 1790342703, tv_nsec: 399652827 }] redraw handler end
[SystemTime { tv_sec: 1790342703, tv_nsec: 399789963 }] window event WindowId(31457284) keyboard physical=Code(ArrowRight) logical=Named(ArrowRight) state=Released repeat=false text=None synthetic=false
[SystemTime { tv_sec: 1790342703, tv_nsec: 399855036 }] window event WindowId(31457284) redraw requested
[SystemTime { tv_sec: 1790342703, tv_nsec: 399908620 }] native frame round hosts=[WindowId(31457284)]
[SystemTime { tv_sec: 1790342703, tv_nsec: 399956043 }] redraw handler begin
[SystemTime { tv_sec: 1790342703, tv_nsec: 400033005 }] native_surface_lifecycle {"acquire_attempts":14,"acquired":14,"active":0,"configuration_generation":1,"configure_attempts":1,"configured_extent":[1280,800],"discarded":0,"frame_submission_receipts_issued":18,"frame_submissions":14,"gpu_completed_through_receipt":17,"host":1,"last_frame_submission_receipt":18,"last_present_receipt":18,"presented":14,"queue_epoch":1,"reason":"wait_queue","wgpu_submission":"Some(SubmissionIndex { index: 18 })","window":"WindowId(31457284)"}
[SystemTime { tv_sec: 1790342703, tv_nsec: 400096732 }] native redraw ledger {"attempts":25,"counts":{"coalesced":1,"duplicate_tokens":0,"presentations":14,"received":25,"requested":25,"suppressed":15},"damage":23,"device_generation":1,"host_generation":1,"pending":false,"presented_damage":22,"ready":false,"reason":"not_presented","rendering":null,"window":"WindowId(31457284)"}
[SystemTime { tv_sec: 1790342703, tv_nsec: 410330897 }] window event WindowId(31457284) keyboard physical=Code(Enter) logical=Named(Enter) state=Pressed repeat=false text=Some("\r") synthetic=false
[SystemTime { tv_sec: 1790342703, tv_nsec: 410704284 }] window event WindowId(31457284) redraw requested
[SystemTime { tv_sec: 1790342703, tv_nsec: 418477940 }] surface identity window=WindowId(31457338) window_backend=x11 gpu_backend=Vulkan adapter="Intel(R) HD Graphics P630 (KBL GT2)" device_type=IntegratedGpu driver="Intel open-source Mesa driver" driver_info="Mesa 25.0.7-2+deb13u1"
[SystemTime { tv_sec: 1790342703, tv_nsec: 432700075 }] native frame round hosts=[WindowId(31457284)]
[SystemTime { tv_sec: 1790342703, tv_nsec: 432781575 }] redraw handler begin
[SystemTime { tv_sec: 1790342703, tv_nsec: 433048375 }] render scene prepare begin retained_cached=true
[SystemTime { tv_sec: 1790342703, tv_nsec: 433129112 }] prepared scene build begin
[SystemTime { tv_sec: 1790342703, tv_nsec: 433820526 }] native control_meshes window=WindowId(31457284) builds=1
[SystemTime { tv_sec: 1790342703, tv_nsec: 433912110 }] prepared scene build end 0ms
[SystemTime { tv_sec: 1790342703, tv_nsec: 433990025 }] renderer render begin
[SystemTime { tv_sec: 1790342703, tv_nsec: 436222746 }] native_surface_lifecycle {"acquire_attempts":15,"acquired":15,"active":1,"configuration_generation":1,"configure_attempts":1,"configured_extent":[1280,800],"discarded":0,"frame_submission_receipts_issued":19,"frame_submissions":15,"gpu_completed_through_receipt":18,"host":1,"last_frame_submission_receipt":19,"last_present_receipt":18,"presented":14,"queue_epoch":1,"reason":"submit","wgpu_submission":"Some(SubmissionIndex { index: 19 })","window":"WindowId(31457284)"}
[SystemTime { tv_sec: 1790342703, tv_nsec: 436321888 }] native upload frame window=WindowId(31457284) host=1 renderer=1 queue_epoch=1 surface_generation=1 acquisition=15 submission=19 receipt=Some(UploadFrame { consumers: {"MAIN", "BOARD", "LAYERS", "NAV", "INSPECTOR", "MENU", "TERMINAL"}, owner: 7, attempt: 16, rendered: Some(true), totals: UploadTotals { batches: 1, buffer_payload_bytes: 4384, texture_source_bytes: 0, texture_padding_bytes: 0, scatter_index_bytes: 4368, staging_capacity_bytes: 17488, buffer_copy_bytes: 8752, buffer_copies: 5, texture_copies: 0, scatter_dispatches: 1 } })
[SystemTime { tv_sec: 1790342703, tv_nsec: 436415423 }] native font ownership window=WindowId(31457284) usage=Usage { allocation: Usage { allocator_installed: true, owner_id: 3, label: "renderer-fonts-and-shapes", payload_bytes: 924302, tracking_bytes: 88520, allocations: 11063, peak_payload_bytes: 925507, owner_metadata_bytes: 96 }, returned_shape_bytes: 178048, private_bytes: Some(834774), fixed_font_bytes: Some(772070), cache_reserved_bytes: 62704, last_call: Some(Report { call_id: 2157, owner_id: 3, allocator_installed: true, host_initial_bytes: 342664, host_final_bytes: 342664, process_initial_bytes: 342664, process_final_bytes: 342664, initial_bytes: 62704, final_bytes: 63880, peak_bytes: 64029, host_peak_bytes: 342664, process_peak_bytes: 342664, exceeded: false }) } measurement=Some(Usage { allocation: Usage { allocator_installed: true, owner_id: 13, label: "text-measurement", payload_bytes: 734742, tracking_bytes: 84216, allocations: 10525, peak_payload_bytes: 748214, owner_metadata_bytes: 96 }, returned_shape_bytes: 0, private_bytes: Some(818958), fixed_font_bytes: Some(772070), cache_reserved_bytes: 46888, last_call: Some(Report { call_id: 1173, owner_id: 13, allocator_installed: true, host_initial_bytes: 367656, host_final_bytes: 367656, process_initial_bytes: 367656, process_final_bytes: 367656, initial_bytes: 46888, final_bytes: 46888, peak_bytes: 54192, host_peak_bytes: 367656, process_peak_bytes: 367656, exceeded: false }) }) process_registry_bytes=RegistryUsage { registry_heap_bytes: 136, scope_owner_bytes: 1152, call_slots_static_bytes: 9752 }
[SystemTime { tv_sec: 1790342703, tv_nsec: 436535500 }] native attachment ledger {"attachments":{"allocations":[{"allocation":1,"host":1,"last_submission":19,"owner":8,"payload_bytes":32768000,"release_reason":null}],"completed_retirements":2,"current_payload_bytes":32768000,"device_loss_confirmed":false,"device_loss_retirements":0,"observed_allocations":3,"peak_payload_bytes":54886400,"retiring_payload_bytes":0,"unknown_payload_allocations":0},"queue_epoch":1}
[SystemTime { tv_sec: 1790342703, tv_nsec: 436638159 }] native surface attachment {"allocation":1,"allocations_created":1,"extent":[1280,800],"format":"Bgra8UnormSrgb","gpu_retirement_qualified":false,"host":1,"owner":8,"payload_bytes":32768000,"queue_epoch":1,"samples":8,"state":"current_renderer_reference","window":"WindowId(31457284)"}
[SystemTime { tv_sec: 1790342703, tv_nsec: 436735685 }] renderer render end 2ms
[SystemTime { tv_sec: 1790342703, tv_nsec: 436869563 }] frame present begin
[SystemTime { tv_sec: 1790342703, tv_nsec: 437163910 }] native_surface_lifecycle {"acquire_attempts":15,"acquired":15,"active":0,"configuration_generation":1,"configure_attempts":1,"configured_extent":[1280,800],"discarded":0,"frame_submission_receipts_issued":19,"frame_submissions":15,"gpu_completed_through_receipt":18,"host":1,"last_frame_submission_receipt":19,"last_present_receipt":19,"presented":15,"queue_epoch":1,"reason":"present","wgpu_submission":"Some(SubmissionIndex { index: 19 })","window":"WindowId(31457284)"}
[SystemTime { tv_sec: 1790342703, tv_nsec: 437260698 }] frame present end 0ms total=4ms
[SystemTime { tv_sec: 1790342703, tv_nsec: 437359369 }] native redraw ledger {"attempts":26,"counts":{"coalesced":1,"duplicate_tokens":0,"presentations":15,"received":26,"requested":26,"suppressed":16},"damage":24,"device_generation":1,"host_generation":1,"pending":false,"presented_damage":24,"ready":false,"reason":"presented","rendering":null,"window":"WindowId(31457284)"}
[SystemTime { tv_sec: 1790342703, tv_nsec: 437418433 }] redraw handler end
[SystemTime { tv_sec: 1790342703, tv_nsec: 437712673 }] native queue progress epoch=1 submitted=19 completed=18
[SystemTime { tv_sec: 1790342703, tv_nsec: 437806487 }] native attachment ledger {"attachments":{"allocations":[{"allocation":1,"host":1,"last_submission":19,"owner":8,"payload_bytes":32768000,"release_reason":null}],"completed_retirements":2,"current_payload_bytes":32768000,"device_loss_confirmed":false,"device_loss_retirements":0,"observed_allocations":3,"peak_payload_bytes":54886400,"retiring_payload_bytes":0,"unknown_payload_allocations":0},"queue_epoch":1}
[SystemTime { tv_sec: 1790342703, tv_nsec: 437944443 }] window event WindowId(31457338) ime Disabled
[SystemTime { tv_sec: 1790342703, tv_nsec: 438069128 }] window event WindowId(31457284) keyboard physical=Code(Enter) logical=Named(Enter) state=Released repeat=false text=Some("\r") synthetic=false
[SystemTime { tv_sec: 1790342703, tv_nsec: 438855187 }] window event WindowId(31457338) redraw requested
[SystemTime { tv_sec: 1790342703, tv_nsec: 439164000 }] native frame round hosts=[WindowId(31457338)]
[SystemTime { tv_sec: 1790342703, tv_nsec: 439292573 }] native_surface_lifecycle {"acquire_attempts":0,"acquired":0,"active":0,"configuration_generation":0,"configure_attempts":0,"configured_extent":null,"discarded":0,"frame_submission_receipts_issued":19,"frame_submissions":0,"gpu_completed_through_receipt":18,"host":4,"last_frame_submission_receipt":0,"last_present_receipt":0,"presented":0,"queue_epoch":1,"reason":"wait_queue","wgpu_submission":"None","window":"WindowId(31457338)"}
[SystemTime { tv_sec: 1790342703, tv_nsec: 439366041 }] native redraw ledger {"attempts":1,"counts":{"coalesced":1,"duplicate_tokens":0,"presentations":0,"received":1,"requested":1,"suppressed":0},"damage":3,"device_generation":1,"host_generation":4,"pending":false,"presented_damage":0,"ready":false,"reason":"not_presented","rendering":null,"window":"WindowId(31457338)"}
[SystemTime { tv_sec: 1790342703, tv_nsec: 442502380 }] native queue progress epoch=1 submitted=19 completed=19
[SystemTime { tv_sec: 1790342703, tv_nsec: 442640201 }] native attachment ledger {"attachments":{"allocations":[{"allocation":1,"host":1,"last_submission":19,"owner":8,"payload_bytes":32768000,"release_reason":null}],"completed_retirements":2,"current_payload_bytes":32768000,"device_loss_confirmed":false,"device_loss_retirements":0,"observed_allocations":3,"peak_payload_bytes":54886400,"retiring_payload_bytes":0,"unknown_payload_allocations":0},"queue_epoch":1}
[SystemTime { tv_sec: 1790342703, tv_nsec: 443679305 }] window event WindowId(31457338) redraw requested
[SystemTime { tv_sec: 1790342703, tv_nsec: 444703870 }] native frame round hosts=[WindowId(31457338)]
[SystemTime { tv_sec: 1790342703, tv_nsec: 444824111 }] surface configure begin
[SystemTime { tv_sec: 1790342703, tv_nsec: 452176384 }] surface configure end
[SystemTime { tv_sec: 1790342703, tv_nsec: 452240358 }] native queue configured host=4 configurations=4 submitted=19 completed=19
[SystemTime { tv_sec: 1790342703, tv_nsec: 452421067 }] native control_meshes window=WindowId(31457338) builds=13
[SystemTime { tv_sec: 1790342703, tv_nsec: 467737888 }] native_surface_lifecycle {"acquire_attempts":1,"acquired":1,"active":1,"configuration_generation":1,"configure_attempts":1,"configured_extent":[960,720],"discarded":0,"frame_submission_receipts_issued":20,"frame_submissions":1,"gpu_completed_through_receipt":19,"host":4,"last_frame_submission_receipt":20,"last_present_receipt":0,"presented":0,"queue_epoch":1,"reason":"submit","wgpu_submission":"Some(SubmissionIndex { index: 20 })","window":"WindowId(31457338)"}
[SystemTime { tv_sec: 1790342703, tv_nsec: 467824538 }] native upload frame window=WindowId(31457338) host=4 renderer=4 queue_epoch=1 surface_generation=1 acquisition=1 submission=20 receipt=Some(UploadFrame { consumers: {"GLOBAL"}, owner: 92, attempt: 1, rendered: Some(true), totals: UploadTotals { batches: 1, buffer_payload_bytes: 42328, texture_source_bytes: 8502, texture_padding_bytes: 381642, scatter_index_bytes: 0, staging_capacity_bytes: 432472, buffer_copy_bytes: 42328, buffer_copies: 3, texture_copies: 216, scatter_dispatches: 0 } })
[SystemTime { tv_sec: 1790342703, tv_nsec: 467888148 }] native font ownership window=WindowId(31457338) usage=Usage { allocation: Usage { allocator_installed: true, owner_id: 26, label: "renderer-fonts-and-shapes", payload_bytes: 828598, tracking_bytes: 85448, allocations: 10679, peak_payload_bytes: 828931, owner_metadata_bytes: 96 }, returned_shape_bytes: 95088, private_bytes: Some(818958), fixed_font_bytes: Some(772070), cache_reserved_bytes: 46888, last_call: Some(Report { call_id: 2633, owner_id: 26, allocator_installed: true, host_initial_bytes: 173469, host_final_bytes: 173493, process_initial_bytes: 477165, process_final_bytes: 477189, initial_bytes: 46888, final_bytes: 46888, peak_bytes: 46888, host_peak_bytes: 173493, process_peak_bytes: 477189, exceeded: false }) } measurement=None process_registry_bytes=RegistryUsage { registry_heap_bytes: 136, scope_owner_bytes: 1152, call_slots_static_bytes: 9752 }
[SystemTime { tv_sec: 1790342703, tv_nsec: 467978090 }] native attachment ledger {"attachments":{"allocations":[{"allocation":1,"host":1,"last_submission":19,"owner":8,"payload_bytes":32768000,"release_reason":null},{"allocation":1,"host":4,"last_submission":20,"owner":93,"payload_bytes":22118400,"release_reason":null}],"completed_retirements":2,"current_payload_bytes":54886400,"device_loss_confirmed":false,"device_loss_retirements":0,"observed_allocations":4,"peak_payload_bytes":54886400,"retiring_payload_bytes":0,"unknown_payload_allocations":0},"queue_epoch":1}
[SystemTime { tv_sec: 1790342703, tv_nsec: 468045074 }] native surface attachment {"allocation":1,"allocations_created":1,"extent":[960,720],"format":"Bgra8UnormSrgb","gpu_retirement_qualified":false,"host":4,"owner":93,"payload_bytes":22118400,"queue_epoch":1,"samples":8,"state":"current_renderer_reference","window":"WindowId(31457338)"}
[SystemTime { tv_sec: 1790342703, tv_nsec: 468193189 }] native_surface_lifecycle {"acquire_attempts":1,"acquired":1,"active":0,"configuration_generation":1,"configure_attempts":1,"configured_extent":[960,720],"discarded":0,"frame_submission_receipts_issued":20,"frame_submissions":1,"gpu_completed_through_receipt":19,"host":4,"last_frame_submission_receipt":20,"last_present_receipt":20,"presented":1,"queue_epoch":1,"reason":"present","wgpu_submission":"Some(SubmissionIndex { index: 20 })","window":"WindowId(31457338)"}
[SystemTime { tv_sec: 1790342703, tv_nsec: 468262514 }] native redraw ledger {"attempts":2,"counts":{"coalesced":1,"duplicate_tokens":0,"presentations":1,"received":2,"requested":2,"suppressed":1},"damage":3,"device_generation":1,"host_generation":4,"pending":false,"presented_damage":3,"ready":false,"reason":"presented","rendering":null,"window":"WindowId(31457338)"}
[SystemTime { tv_sec: 1790342703, tv_nsec: 469805832 }] window event WindowId(31457338) focused false
[SystemTime { tv_sec: 1790342703, tv_nsec: 469952493 }] window event WindowId(31457338) occluded false
[SystemTime { tv_sec: 1790342703, tv_nsec: 470431030 }] window event WindowId(31457284) modifiers changed ModifiersState(0x0)
[SystemTime { tv_sec: 1790342703, tv_nsec: 470822876 }] window event WindowId(31457284) focused false
[SystemTime { tv_sec: 1790342703, tv_nsec: 471178672 }] window event WindowId(31457338) focused true
[SystemTime { tv_sec: 1790342703, tv_nsec: 471669200 }] window event WindowId(31457338) modifiers changed ModifiersState(0x0)
[SystemTime { tv_sec: 1790342703, tv_nsec: 471715261 }] window event WindowId(31457338) cursor moved 467.00,170.00
[SystemTime { tv_sec: 1790342703, tv_nsec: 471760374 }] window event WindowId(31457338) occluded false
[SystemTime { tv_sec: 1790342703, tv_nsec: 472252524 }] window event WindowId(31457338) resized 960x720
[SystemTime { tv_sec: 1790342703, tv_nsec: 472311491 }] window event WindowId(31457338) redraw requested
[SystemTime { tv_sec: 1790342703, tv_nsec: 472353338 }] native frame round hosts=[WindowId(31457338)]
[SystemTime { tv_sec: 1790342703, tv_nsec: 472428136 }] native_surface_lifecycle {"acquire_attempts":1,"acquired":1,"active":0,"configuration_generation":1,"configure_attempts":1,"configured_extent":[960,720],"discarded":0,"frame_submission_receipts_issued":20,"frame_submissions":1,"gpu_completed_through_receipt":19,"host":4,"last_frame_submission_receipt":20,"last_present_receipt":20,"presented":1,"queue_epoch":1,"reason":"wait_queue","wgpu_submission":"Some(SubmissionIndex { index: 20 })","window":"WindowId(31457338)"}
[SystemTime { tv_sec: 1790342703, tv_nsec: 472476909 }] native redraw ledger {"attempts":3,"counts":{"coalesced":1,"duplicate_tokens":0,"presentations":1,"received":3,"requested":2,"suppressed":1},"damage":4,"device_generation":1,"host_generation":4,"pending":false,"presented_damage":3,"ready":false,"reason":"not_presented","rendering":null,"window":"WindowId(31457338)"}
[SystemTime { tv_sec: 1790342703, tv_nsec: 487642663 }] native queue progress epoch=1 submitted=20 completed=20
[SystemTime { tv_sec: 1790342703, tv_nsec: 487703503 }] native attachment ledger {"attachments":{"allocations":[{"allocation":1,"host":1,"last_submission":19,"owner":8,"payload_bytes":32768000,"release_reason":null},{"allocation":1,"host":4,"last_submission":20,"owner":93,"payload_bytes":22118400,"release_reason":null}],"completed_retirements":2,"current_payload_bytes":54886400,"device_loss_confirmed":false,"device_loss_retirements":0,"observed_allocations":4,"peak_payload_bytes":54886400,"retiring_payload_bytes":0,"unknown_payload_allocations":0},"queue_epoch":1}
[SystemTime { tv_sec: 1790342703, tv_nsec: 487762354 }] window event WindowId(31457338) redraw requested
[SystemTime { tv_sec: 1790342703, tv_nsec: 487793199 }] native frame round hosts=[WindowId(31457338)]
[SystemTime { tv_sec: 1790342703, tv_nsec: 488278520 }] native_surface_lifecycle {"acquire_attempts":2,"acquired":2,"active":1,"configuration_generation":1,"configure_attempts":1,"configured_extent":[960,720],"discarded":0,"frame_submission_receipts_issued":21,"frame_submissions":2,"gpu_completed_through_receipt":20,"host":4,"last_frame_submission_receipt":21,"last_present_receipt":20,"presented":1,"queue_epoch":1,"reason":"submit","wgpu_submission":"Some(SubmissionIndex { index: 21 })","window":"WindowId(31457338)"}
[SystemTime { tv_sec: 1790342703, tv_nsec: 488367237 }] native upload frame window=WindowId(31457338) host=4 renderer=4 queue_epoch=1 surface_generation=1 acquisition=2 submission=21 receipt=Some(UploadFrame { consumers: {"GLOBAL"}, owner: 92, attempt: 2, rendered: Some(true), totals: UploadTotals { batches: 0, buffer_payload_bytes: 0, texture_source_bytes: 0, texture_padding_bytes: 0, scatter_index_bytes: 0, staging_capacity_bytes: 0, buffer_copy_bytes: 0, buffer_copies: 0, texture_copies: 0, scatter_dispatches: 0 } })
[SystemTime { tv_sec: 1790342703, tv_nsec: 488419313 }] native font ownership window=WindowId(31457338) usage=Usage { allocation: Usage { allocator_installed: true, owner_id: 26, label: "renderer-fonts-and-shapes", payload_bytes: 828598, tracking_bytes: 85448, allocations: 10679, peak_payload_bytes: 828931, owner_metadata_bytes: 96 }, returned_shape_bytes: 95088, private_bytes: Some(818958), fixed_font_bytes: Some(772070), cache_reserved_bytes: 46888, last_call: Some(Report { call_id: 2633, owner_id: 26, allocator_installed: true, host_initial_bytes: 173469, host_final_bytes: 173493, process_initial_bytes: 477165, process_final_bytes: 477189, initial_bytes: 46888, final_bytes: 46888, peak_bytes: 46888, host_peak_bytes: 173493, process_peak_bytes: 477189, exceeded: false }) } measurement=None process_registry_bytes=RegistryUsage { registry_heap_bytes: 136, scope_owner_bytes: 1152, call_slots_static_bytes: 9752 }
[SystemTime { tv_sec: 1790342703, tv_nsec: 488460394 }] native attachment ledger {"attachments":{"allocations":[{"allocation":1,"host":1,"last_submission":19,"owner":8,"payload_bytes":32768000,"release_reason":null},{"allocation":1,"host":4,"last_submission":21,"owner":93,"payload_bytes":22118400,"release_reason":null}],"completed_retirements":2,"current_payload_bytes":54886400,"device_loss_confirmed":false,"device_loss_retirements":0,"observed_allocations":4,"peak_payload_bytes":54886400,"retiring_payload_bytes":0,"unknown_payload_allocations":0},"queue_epoch":1}
[SystemTime { tv_sec: 1790342703, tv_nsec: 488494722 }] native surface attachment {"allocation":1,"allocations_created":1,"extent":[960,720],"format":"Bgra8UnormSrgb","gpu_retirement_qualified":false,"host":4,"owner":93,"payload_bytes":22118400,"queue_epoch":1,"samples":8,"state":"current_renderer_reference","window":"WindowId(31457338)"}
[SystemTime { tv_sec: 1790342703, tv_nsec: 488572071 }] native_surface_lifecycle {"acquire_attempts":2,"acquired":2,"active":0,"configuration_generation":1,"configure_attempts":1,"configured_extent":[960,720],"discarded":0,"frame_submission_receipts_issued":21,"frame_submissions":2,"gpu_completed_through_receipt":20,"host":4,"last_frame_submission_receipt":21,"last_present_receipt":21,"presented":2,"queue_epoch":1,"reason":"present","wgpu_submission":"Some(SubmissionIndex { index: 21 })","window":"WindowId(31457338)"}
[SystemTime { tv_sec: 1790342703, tv_nsec: 488616801 }] native redraw ledger {"attempts":4,"counts":{"coalesced":1,"duplicate_tokens":0,"presentations":2,"received":4,"requested":3,"suppressed":2},"damage":4,"device_generation":1,"host_generation":4,"pending":false,"presented_damage":4,"ready":false,"reason":"presented","rendering":null,"window":"WindowId(31457338)"}
[SystemTime { tv_sec: 1790342703, tv_nsec: 491053030 }] native queue progress epoch=1 submitted=21 completed=21
[SystemTime { tv_sec: 1790342703, tv_nsec: 491160923 }] native attachment ledger {"attachments":{"allocations":[{"allocation":1,"host":1,"last_submission":19,"owner":8,"payload_bytes":32768000,"release_reason":null},{"allocation":1,"host":4,"last_submission":21,"owner":93,"payload_bytes":22118400,"release_reason":null}],"completed_retirements":2,"current_payload_bytes":54886400,"device_loss_confirmed":false,"device_loss_retirements":0,"observed_allocations":4,"peak_payload_bytes":54886400,"retiring_payload_bytes":0,"unknown_payload_allocations":0},"queue_epoch":1}
[SystemTime { tv_sec: 1790342703, tv_nsec: 509875521 }] window event WindowId(31457338) keyboard physical=Code(Escape) logical=Named(Escape) state=Pressed repeat=false text=Some("\u{1b}") synthetic=false
[SystemTime { tv_sec: 1790342703, tv_nsec: 509999913 }] window event WindowId(31457338) keyboard physical=Code(Escape) logical=Named(Escape) state=Released repeat=false text=Some("\u{1b}") synthetic=false
[SystemTime { tv_sec: 1790342703, tv_nsec: 510029243 }] pan key physical=Code(Escape) logical=Named(Escape) state=Released repeat=false pointer_in_scene=false held=false consumed=false
[SystemTime { tv_sec: 1790342703, tv_nsec: 510080991 }] window event WindowId(31457338) redraw requested
[SystemTime { tv_sec: 1790342703, tv_nsec: 510104028 }] window event WindowId(31457284) redraw requested
[SystemTime { tv_sec: 1790342703, tv_nsec: 510242131 }] native redraw ledger {"attempts":4,"counts":{"coalesced":1,"duplicate_tokens":0,"presentations":2,"received":5,"requested":4,"suppressed":2},"damage":5,"device_generation":1,"host_generation":4,"pending":true,"presented_damage":4,"ready":true,"reason":"closed","rendering":null,"window":"WindowId(31457338)"}
[SystemTime { tv_sec: 1790342703, tv_nsec: 513002040 }] native_surface_lifecycle {"acquire_attempts":2,"acquired":2,"active":0,"configuration_generation":1,"configure_attempts":1,"configured_extent":[960,720],"discarded":0,"frame_submission_receipts_issued":21,"frame_submissions":2,"gpu_completed_through_receipt":21,"host":4,"last_frame_submission_receipt":21,"last_present_receipt":21,"presented":2,"queue_epoch":1,"reason":"owner_drop","wgpu_submission":"Some(SubmissionIndex { index: 21 })","window":"WindowId(31457338)"}
[SystemTime { tv_sec: 1790342703, tv_nsec: 513047033 }] native attachment ledger {"attachments":{"allocations":[{"allocation":1,"host":1,"last_submission":19,"owner":8,"payload_bytes":32768000,"release_reason":null}],"completed_retirements":3,"current_payload_bytes":32768000,"device_loss_confirmed":false,"device_loss_retirements":0,"observed_allocations":4,"peak_payload_bytes":54886400,"retiring_payload_bytes":0,"unknown_payload_allocations":0},"queue_epoch":1}
[SystemTime { tv_sec: 1790342703, tv_nsec: 514697400 }] native frame round hosts=[WindowId(31457284)]
[SystemTime { tv_sec: 1790342703, tv_nsec: 514731896 }] redraw handler begin
[SystemTime { tv_sec: 1790342703, tv_nsec: 514776138 }] render scene prepare begin retained_cached=true
[SystemTime { tv_sec: 1790342703, tv_nsec: 514798165 }] prepared scene build begin
[SystemTime { tv_sec: 1790342703, tv_nsec: 515089345 }] native control_meshes window=WindowId(31457284) builds=1
[SystemTime { tv_sec: 1790342703, tv_nsec: 515140906 }] prepared scene build end 0ms
[SystemTime { tv_sec: 1790342703, tv_nsec: 515184373 }] renderer render begin
[SystemTime { tv_sec: 1790342703, tv_nsec: 516432084 }] native_surface_lifecycle {"acquire_attempts":16,"acquired":16,"active":1,"configuration_generation":1,"configure_attempts":1,"configured_extent":[1280,800],"discarded":0,"frame_submission_receipts_issued":22,"frame_submissions":16,"gpu_completed_through_receipt":21,"host":1,"last_frame_submission_receipt":22,"last_present_receipt":19,"presented":15,"queue_epoch":1,"reason":"submit","wgpu_submission":"Some(SubmissionIndex { index: 22 })","window":"WindowId(31457284)"}
[SystemTime { tv_sec: 1790342703, tv_nsec: 516529121 }] native upload frame window=WindowId(31457284) host=1 renderer=1 queue_epoch=1 surface_generation=1 acquisition=16 submission=22 receipt=Some(UploadFrame { consumers: {"MAIN", "BOARD", "LAYERS", "NAV", "INSPECTOR", "MENU", "TERMINAL"}, owner: 7, attempt: 17, rendered: Some(true), totals: UploadTotals { batches: 1, buffer_payload_bytes: 12676, texture_source_bytes: 0, texture_padding_bytes: 0, scatter_index_bytes: 12604, staging_capacity_bytes: 50488, buffer_copy_bytes: 25280, buffer_copies: 19, texture_copies: 0, scatter_dispatches: 1 } })
[SystemTime { tv_sec: 1790342703, tv_nsec: 516566934 }] native font ownership window=WindowId(31457284) usage=Usage { allocation: Usage { allocator_installed: true, owner_id: 3, label: "renderer-fonts-and-shapes", payload_bytes: 925390, tracking_bytes: 88544, allocations: 11066, peak_payload_bytes: 925507, owner_metadata_bytes: 96 }, returned_shape_bytes: 179160, private_bytes: Some(834774), fixed_font_bytes: Some(772070), cache_reserved_bytes: 62704, last_call: Some(Report { call_id: 2634, owner_id: 3, allocator_installed: true, host_initial_bytes: 339856, host_final_bytes: 339856, process_initial_bytes: 339856, process_final_bytes: 339856, initial_bytes: 62704, final_bytes: 63816, peak_bytes: 63959, host_peak_bytes: 339856, process_peak_bytes: 339856, exceeded: false }) } measurement=Some(Usage { allocation: Usage { allocator_installed: true, owner_id: 13, label: "text-measurement", payload_bytes: 734742, tracking_bytes: 84216, allocations: 10525, peak_payload_bytes: 748214, owner_metadata_bytes: 96 }, returned_shape_bytes: 0, private_bytes: Some(818958), fixed_font_bytes: Some(772070), cache_reserved_bytes: 46888, last_call: Some(Report { call_id: 1173, owner_id: 13, allocator_installed: true, host_initial_bytes: 367656, host_final_bytes: 367656, process_initial_bytes: 367656, process_final_bytes: 367656, initial_bytes: 46888, final_bytes: 46888, peak_bytes: 54192, host_peak_bytes: 367656, process_peak_bytes: 367656, exceeded: false }) }) process_registry_bytes=RegistryUsage { registry_heap_bytes: 136, scope_owner_bytes: 1152, call_slots_static_bytes: 9752 }
[SystemTime { tv_sec: 1790342703, tv_nsec: 516603408 }] native attachment ledger {"attachments":{"allocations":[{"allocation":1,"host":1,"last_submission":22,"owner":8,"payload_bytes":32768000,"release_reason":null}],"completed_retirements":3,"current_payload_bytes":32768000,"device_loss_confirmed":false,"device_loss_retirements":0,"observed_allocations":4,"peak_payload_bytes":54886400,"retiring_payload_bytes":0,"unknown_payload_allocations":0},"queue_epoch":1}
[SystemTime { tv_sec: 1790342703, tv_nsec: 516633573 }] native surface attachment {"allocation":1,"allocations_created":1,"extent":[1280,800],"format":"Bgra8UnormSrgb","gpu_retirement_qualified":false,"host":1,"owner":8,"payload_bytes":32768000,"queue_epoch":1,"samples":8,"state":"current_renderer_reference","window":"WindowId(31457284)"}
[SystemTime { tv_sec: 1790342703, tv_nsec: 516654386 }] renderer render end 1ms
[SystemTime { tv_sec: 1790342703, tv_nsec: 516675282 }] frame present begin
[SystemTime { tv_sec: 1790342703, tv_nsec: 516786832 }] native_surface_lifecycle {"acquire_attempts":16,"acquired":16,"active":0,"configuration_generation":1,"configure_attempts":1,"configured_extent":[1280,800],"discarded":0,"frame_submission_receipts_issued":22,"frame_submissions":16,"gpu_completed_through_receipt":21,"host":1,"last_frame_submission_receipt":22,"last_present_receipt":22,"presented":16,"queue_epoch":1,"reason":"present","wgpu_submission":"Some(SubmissionIndex { index: 22 })","window":"WindowId(31457284)"}
[SystemTime { tv_sec: 1790342703, tv_nsec: 516966673 }] frame present end 0ms total=2ms
[SystemTime { tv_sec: 1790342703, tv_nsec: 517010486 }] native redraw ledger {"attempts":27,"counts":{"coalesced":1,"duplicate_tokens":0,"presentations":16,"received":27,"requested":27,"suppressed":17},"damage":25,"device_generation":1,"host_generation":1,"pending":false,"presented_damage":25,"ready":false,"reason":"presented","rendering":null,"window":"WindowId(31457284)"}
[SystemTime { tv_sec: 1790342703, tv_nsec: 517061658 }] redraw handler end
[SystemTime { tv_sec: 1790342703, tv_nsec: 517643174 }] window event WindowId(31457284) focused true
[SystemTime { tv_sec: 1790342703, tv_nsec: 518061845 }] window event WindowId(31457284) modifiers changed ModifiersState(0x0)
[SystemTime { tv_sec: 1790342703, tv_nsec: 518103456 }] window event WindowId(31457284) cursor moved 148.00,16.00
[SystemTime { tv_sec: 1790342703, tv_nsec: 518411062 }] window event WindowId(31457284) modifiers changed ModifiersState(0x0)
[SystemTime { tv_sec: 1790342703, tv_nsec: 518685349 }] window event WindowId(31457284) focused false
[SystemTime { tv_sec: 1790342703, tv_nsec: 519037813 }] window event WindowId(31457284) focused true
[SystemTime { tv_sec: 1790342703, tv_nsec: 519382271 }] window event WindowId(31457284) modifiers changed ModifiersState(0x0)
[SystemTime { tv_sec: 1790342703, tv_nsec: 519419456 }] window event WindowId(31457284) cursor moved 148.00,16.00
[SystemTime { tv_sec: 1790342703, tv_nsec: 519880142 }] window event WindowId(31457338) destroyed
[SystemTime { tv_sec: 1790342703, tv_nsec: 528309037 }] window event WindowId(31457284) modifiers changed ModifiersState(0x0)
[SystemTime { tv_sec: 1790342703, tv_nsec: 528352395 }] window event WindowId(31457284) mouse input Left Pressed
[SystemTime { tv_sec: 1790342703, tv_nsec: 528389500 }] pan primary pressed cursor=Some((148.0, 16.0)) pointer_in_scene=false held=false active=false
[SystemTime { tv_sec: 1790342703, tv_nsec: 528424236 }] window event WindowId(31457284) modifiers changed ModifiersState(0x0)
[SystemTime { tv_sec: 1790342703, tv_nsec: 528599957 }] native queue progress epoch=1 submitted=22 completed=22
[SystemTime { tv_sec: 1790342703, tv_nsec: 528657116 }] native attachment ledger {"attachments":{"allocations":[{"allocation":1,"host":1,"last_submission":22,"owner":8,"payload_bytes":32768000,"release_reason":null}],"completed_retirements":3,"current_payload_bytes":32768000,"device_loss_confirmed":false,"device_loss_retirements":0,"observed_allocations":4,"peak_payload_bytes":54886400,"retiring_payload_bytes":0,"unknown_payload_allocations":0},"queue_epoch":1}
[SystemTime { tv_sec: 1790342703, tv_nsec: 528727443 }] window event WindowId(31457284) modifiers changed ModifiersState(0x0)
[SystemTime { tv_sec: 1790342703, tv_nsec: 528761558 }] window event WindowId(31457284) mouse input Left Released
[SystemTime { tv_sec: 1790342703, tv_nsec: 528791514 }] pan primary released cursor=Some((148.0, 16.0)) suppress_click=false
[SystemTime { tv_sec: 1790342703, tv_nsec: 529023273 }] window event WindowId(31457284) modifiers changed ModifiersState(0x0)
[SystemTime { tv_sec: 1790342703, tv_nsec: 529059384 }] window event WindowId(31457284) redraw requested
[SystemTime { tv_sec: 1790342703, tv_nsec: 529092644 }] native frame round hosts=[WindowId(31457284)]
[SystemTime { tv_sec: 1790342703, tv_nsec: 529118611 }] redraw handler begin
[SystemTime { tv_sec: 1790342703, tv_nsec: 529148442 }] render scene prepare begin retained_cached=true
[SystemTime { tv_sec: 1790342703, tv_nsec: 529168198 }] prepared scene build begin
[SystemTime { tv_sec: 1790342703, tv_nsec: 529394884 }] native control_meshes window=WindowId(31457284) builds=1
[SystemTime { tv_sec: 1790342703, tv_nsec: 529424615 }] prepared scene build end 0ms
[SystemTime { tv_sec: 1790342703, tv_nsec: 529453971 }] renderer render begin
[SystemTime { tv_sec: 1790342703, tv_nsec: 530696828 }] native_surface_lifecycle {"acquire_attempts":17,"acquired":17,"active":1,"configuration_generation":1,"configure_attempts":1,"configured_extent":[1280,800],"discarded":0,"frame_submission_receipts_issued":23,"frame_submissions":17,"gpu_completed_through_receipt":22,"host":1,"last_frame_submission_receipt":23,"last_present_receipt":22,"presented":16,"queue_epoch":1,"reason":"submit","wgpu_submission":"Some(SubmissionIndex { index: 23 })","window":"WindowId(31457284)"}
[SystemTime { tv_sec: 1790342703, tv_nsec: 530770797 }] native upload frame window=WindowId(31457284) host=1 renderer=1 queue_epoch=1 surface_generation=1 acquisition=17 submission=23 receipt=Some(UploadFrame { consumers: {"MAIN", "BOARD", "LAYERS", "NAV", "INSPECTOR", "MENU", "TERMINAL"}, owner: 7, attempt: 18, rendered: Some(true), totals: UploadTotals { batches: 1, buffer_payload_bytes: 19660, texture_source_bytes: 0, texture_padding_bytes: 0, scatter_index_bytes: 17740, staging_capacity_bytes: 72880, buffer_copy_bytes: 37400, buffer_copies: 3, texture_copies: 0, scatter_dispatches: 2 } })
[SystemTime { tv_sec: 1790342703, tv_nsec: 530811892 }] native font ownership window=WindowId(31457284) usage=Usage { allocation: Usage { allocator_installed: true, owner_id: 3, label: "renderer-fonts-and-shapes", payload_bytes: 925390, tracking_bytes: 88544, allocations: 11066, peak_payload_bytes: 925507, owner_metadata_bytes: 96 }, returned_shape_bytes: 179160, private_bytes: Some(834774), fixed_font_bytes: Some(772070), cache_reserved_bytes: 62704, last_call: Some(Report { call_id: 2635, owner_id: 3, allocator_installed: true, host_initial_bytes: 342664, host_final_bytes: 342664, process_initial_bytes: 342664, process_final_bytes: 342664, initial_bytes: 62704, final_bytes: 63880, peak_bytes: 64029, host_peak_bytes: 342664, process_peak_bytes: 342664, exceeded: false }) } measurement=Some(Usage { allocation: Usage { allocator_installed: true, owner_id: 13, label: "text-measurement", payload_bytes: 734742, tracking_bytes: 84216, allocations: 10525, peak_payload_bytes: 748214, owner_metadata_bytes: 96 }, returned_shape_bytes: 0, private_bytes: Some(818958), fixed_font_bytes: Some(772070), cache_reserved_bytes: 46888, last_call: Some(Report { call_id: 1173, owner_id: 13, allocator_installed: true, host_initial_bytes: 367656, host_final_bytes: 367656, process_initial_bytes: 367656, process_final_bytes: 367656, initial_bytes: 46888, final_bytes: 46888, peak_bytes: 54192, host_peak_bytes: 367656, process_peak_bytes: 367656, exceeded: false }) }) process_registry_bytes=RegistryUsage { registry_heap_bytes: 136, scope_owner_bytes: 1152, call_slots_static_bytes: 9752 }
[SystemTime { tv_sec: 1790342703, tv_nsec: 530850235 }] native attachment ledger {"attachments":{"allocations":[{"allocation":1,"host":1,"last_submission":23,"owner":8,"payload_bytes":32768000,"release_reason":null}],"completed_retirements":3,"current_payload_bytes":32768000,"device_loss_confirmed":false,"device_loss_retirements":0,"observed_allocations":4,"peak_payload_bytes":54886400,"retiring_payload_bytes":0,"unknown_payload_allocations":0},"queue_epoch":1}
[SystemTime { tv_sec: 1790342703, tv_nsec: 530884032 }] native surface attachment {"allocation":1,"allocations_created":1,"extent":[1280,800],"format":"Bgra8UnormSrgb","gpu_retirement_qualified":false,"host":1,"owner":8,"payload_bytes":32768000,"queue_epoch":1,"samples":8,"state":"current_renderer_reference","window":"WindowId(31457284)"}
[SystemTime { tv_sec: 1790342703, tv_nsec: 530906190 }] renderer render end 1ms
[SystemTime { tv_sec: 1790342703, tv_nsec: 530927572 }] frame present begin
[SystemTime { tv_sec: 1790342703, tv_nsec: 531002853 }] native_surface_lifecycle {"acquire_attempts":17,"acquired":17,"active":0,"configuration_generation":1,"configure_attempts":1,"configured_extent":[1280,800],"discarded":0,"frame_submission_receipts_issued":23,"frame_submissions":17,"gpu_completed_through_receipt":22,"host":1,"last_frame_submission_receipt":23,"last_present_receipt":23,"presented":17,"queue_epoch":1,"reason":"present","wgpu_submission":"Some(SubmissionIndex { index: 23 })","window":"WindowId(31457284)"}
[SystemTime { tv_sec: 1790342703, tv_nsec: 531043243 }] frame present end 0ms total=1ms
[SystemTime { tv_sec: 1790342703, tv_nsec: 531081452 }] native redraw ledger {"attempts":28,"counts":{"coalesced":1,"duplicate_tokens":0,"presentations":17,"received":28,"requested":28,"suppressed":18},"damage":26,"device_generation":1,"host_generation":1,"pending":false,"presented_damage":26,"ready":false,"reason":"presented","rendering":null,"window":"WindowId(31457284)"}
[SystemTime { tv_sec: 1790342703, tv_nsec: 531102670 }] redraw handler end
[SystemTime { tv_sec: 1790342703, tv_nsec: 541776297 }] native queue progress epoch=1 submitted=23 completed=23
[SystemTime { tv_sec: 1790342703, tv_nsec: 541824313 }] native attachment ledger {"attachments":{"allocations":[{"allocation":1,"host":1,"last_submission":23,"owner":8,"payload_bytes":32768000,"release_reason":null}],"completed_retirements":3,"current_payload_bytes":32768000,"device_loss_confirmed":false,"device_loss_retirements":0,"observed_allocations":4,"peak_payload_bytes":54886400,"retiring_payload_bytes":0,"unknown_payload_allocations":0},"queue_epoch":1}
[SystemTime { tv_sec: 1790342703, tv_nsec: 637001331 }] window event WindowId(31457284) keyboard physical=Code(ArrowUp) logical=Named(ArrowUp) state=Pressed repeat=false text=None synthetic=false
[SystemTime { tv_sec: 1790342703, tv_nsec: 637289810 }] window event WindowId(31457284) redraw requested
[SystemTime { tv_sec: 1790342703, tv_nsec: 637374923 }] native frame round hosts=[WindowId(31457284)]
[SystemTime { tv_sec: 1790342703, tv_nsec: 637442958 }] redraw handler begin
[SystemTime { tv_sec: 1790342703, tv_nsec: 637541649 }] render scene prepare begin retained_cached=true
[SystemTime { tv_sec: 1790342703, tv_nsec: 637604648 }] prepared scene build begin
[SystemTime { tv_sec: 1790342703, tv_nsec: 638168855 }] native control_meshes window=WindowId(31457284) builds=1
[SystemTime { tv_sec: 1790342703, tv_nsec: 638244956 }] prepared scene build end 0ms
[SystemTime { tv_sec: 1790342703, tv_nsec: 638319308 }] renderer render begin
[SystemTime { tv_sec: 1790342703, tv_nsec: 640169413 }] native_surface_lifecycle {"acquire_attempts":18,"acquired":18,"active":1,"configuration_generation":1,"configure_attempts":1,"configured_extent":[1280,800],"discarded":0,"frame_submission_receipts_issued":24,"frame_submissions":18,"gpu_completed_through_receipt":23,"host":1,"last_frame_submission_receipt":24,"last_present_receipt":23,"presented":17,"queue_epoch":1,"reason":"submit","wgpu_submission":"Some(SubmissionIndex { index: 24 })","window":"WindowId(31457284)"}
[SystemTime { tv_sec: 1790342703, tv_nsec: 640284166 }] native upload frame window=WindowId(31457284) host=1 renderer=1 queue_epoch=1 surface_generation=1 acquisition=18 submission=24 receipt=Some(UploadFrame { consumers: {"MAIN", "BOARD", "LAYERS", "NAV", "INSPECTOR", "MENU", "TERMINAL"}, owner: 7, attempt: 19, rendered: Some(true), totals: UploadTotals { batches: 1, buffer_payload_bytes: 984, texture_source_bytes: 0, texture_padding_bytes: 0, scatter_index_bytes: 0, staging_capacity_bytes: 984, buffer_copy_bytes: 984, buffer_copies: 57, texture_copies: 0, scatter_dispatches: 0 } })
[SystemTime { tv_sec: 1790342703, tv_nsec: 640354178 }] native font ownership window=WindowId(31457284) usage=Usage { allocation: Usage { allocator_installed: true, owner_id: 3, label: "renderer-fonts-and-shapes", payload_bytes: 924302, tracking_bytes: 88520, allocations: 11063, peak_payload_bytes: 925507, owner_metadata_bytes: 96 }, returned_shape_bytes: 178048, private_bytes: Some(834774), fixed_font_bytes: Some(772070), cache_reserved_bytes: 62704, last_call: Some(Report { call_id: 2635, owner_id: 3, allocator_installed: true, host_initial_bytes: 342664, host_final_bytes: 342664, process_initial_bytes: 342664, process_final_bytes: 342664, initial_bytes: 62704, final_bytes: 63880, peak_bytes: 64029, host_peak_bytes: 342664, process_peak_bytes: 342664, exceeded: false }) } measurement=Some(Usage { allocation: Usage { allocator_installed: true, owner_id: 13, label: "text-measurement", payload_bytes: 734742, tracking_bytes: 84216, allocations: 10525, peak_payload_bytes: 748214, owner_metadata_bytes: 96 }, returned_shape_bytes: 0, private_bytes: Some(818958), fixed_font_bytes: Some(772070), cache_reserved_bytes: 46888, last_call: Some(Report { call_id: 1173, owner_id: 13, allocator_installed: true, host_initial_bytes: 367656, host_final_bytes: 367656, process_initial_bytes: 367656, process_final_bytes: 367656, initial_bytes: 46888, final_bytes: 46888, peak_bytes: 54192, host_peak_bytes: 367656, process_peak_bytes: 367656, exceeded: false }) }) process_registry_bytes=RegistryUsage { registry_heap_bytes: 136, scope_owner_bytes: 1152, call_slots_static_bytes: 9752 }
[SystemTime { tv_sec: 1790342703, tv_nsec: 640439439 }] native attachment ledger {"attachments":{"allocations":[{"allocation":1,"host":1,"last_submission":24,"owner":8,"payload_bytes":32768000,"release_reason":null}],"completed_retirements":3,"current_payload_bytes":32768000,"device_loss_confirmed":false,"device_loss_retirements":0,"observed_allocations":4,"peak_payload_bytes":54886400,"retiring_payload_bytes":0,"unknown_payload_allocations":0},"queue_epoch":1}
[SystemTime { tv_sec: 1790342703, tv_nsec: 640504327 }] native surface attachment {"allocation":1,"allocations_created":1,"extent":[1280,800],"format":"Bgra8UnormSrgb","gpu_retirement_qualified":false,"host":1,"owner":8,"payload_bytes":32768000,"queue_epoch":1,"samples":8,"state":"current_renderer_reference","window":"WindowId(31457284)"}
[SystemTime { tv_sec: 1790342703, tv_nsec: 640553795 }] renderer render end 2ms
[SystemTime { tv_sec: 1790342703, tv_nsec: 640602158 }] frame present begin
[SystemTime { tv_sec: 1790342703, tv_nsec: 640756196 }] native_surface_lifecycle {"acquire_attempts":18,"acquired":18,"active":0,"configuration_generation":1,"configure_attempts":1,"configured_extent":[1280,800],"discarded":0,"frame_submission_receipts_issued":24,"frame_submissions":18,"gpu_completed_through_receipt":23,"host":1,"last_frame_submission_receipt":24,"last_present_receipt":24,"presented":18,"queue_epoch":1,"reason":"present","wgpu_submission":"Some(SubmissionIndex { index: 24 })","window":"WindowId(31457284)"}
[SystemTime { tv_sec: 1790342703, tv_nsec: 640872988 }] frame present end 0ms total=3ms
[SystemTime { tv_sec: 1790342703, tv_nsec: 640945271 }] native redraw ledger {"attempts":29,"counts":{"coalesced":1,"duplicate_tokens":0,"presentations":18,"received":29,"requested":29,"suppressed":19},"damage":27,"device_generation":1,"host_generation":1,"pending":false,"presented_damage":27,"ready":false,"reason":"presented","rendering":null,"window":"WindowId(31457284)"}
[SystemTime { tv_sec: 1790342703, tv_nsec: 640993777 }] redraw handler end
[SystemTime { tv_sec: 1790342703, tv_nsec: 647894943 }] window event WindowId(31457284) keyboard physical=Code(ArrowUp) logical=Named(ArrowUp) state=Released repeat=false text=None synthetic=false
[SystemTime { tv_sec: 1790342703, tv_nsec: 647980000 }] window event WindowId(31457284) redraw requested
[SystemTime { tv_sec: 1790342703, tv_nsec: 648035459 }] native frame round hosts=[WindowId(31457284)]
[SystemTime { tv_sec: 1790342703, tv_nsec: 648084045 }] redraw handler begin
[SystemTime { tv_sec: 1790342703, tv_nsec: 648184485 }] native_surface_lifecycle {"acquire_attempts":18,"acquired":18,"active":0,"configuration_generation":1,"configure_attempts":1,"configured_extent":[1280,800],"discarded":0,"frame_submission_receipts_issued":24,"frame_submissions":18,"gpu_completed_through_receipt":23,"host":1,"last_frame_submission_receipt":24,"last_present_receipt":24,"presented":18,"queue_epoch":1,"reason":"wait_queue","wgpu_submission":"Some(SubmissionIndex { index: 24 })","window":"WindowId(31457284)"}
[SystemTime { tv_sec: 1790342703, tv_nsec: 648255732 }] native redraw ledger {"attempts":30,"counts":{"coalesced":1,"duplicate_tokens":0,"presentations":18,"received":30,"requested":30,"suppressed":19},"damage":28,"device_generation":1,"host_generation":1,"pending":false,"presented_damage":27,"ready":false,"reason":"not_presented","rendering":null,"window":"WindowId(31457284)"}
[SystemTime { tv_sec: 1790342703, tv_nsec: 658219596 }] native queue progress epoch=1 submitted=24 completed=24
[SystemTime { tv_sec: 1790342703, tv_nsec: 658318696 }] native attachment ledger {"attachments":{"allocations":[{"allocation":1,"host":1,"last_submission":24,"owner":8,"payload_bytes":32768000,"release_reason":null}],"completed_retirements":3,"current_payload_bytes":32768000,"device_loss_confirmed":false,"device_loss_retirements":0,"observed_allocations":4,"peak_payload_bytes":54886400,"retiring_payload_bytes":0,"unknown_payload_allocations":0},"queue_epoch":1}
[SystemTime { tv_sec: 1790342703, tv_nsec: 658823142 }] window event WindowId(31457284) keyboard physical=Code(ArrowRight) logical=Named(ArrowRight) state=Pressed repeat=false text=None synthetic=false
[SystemTime { tv_sec: 1790342703, tv_nsec: 659039169 }] window event WindowId(31457284) redraw requested
[SystemTime { tv_sec: 1790342703, tv_nsec: 659098474 }] native frame round hosts=[WindowId(31457284)]
[SystemTime { tv_sec: 1790342703, tv_nsec: 659147547 }] redraw handler begin
[SystemTime { tv_sec: 1790342703, tv_nsec: 659225655 }] render scene prepare begin retained_cached=true
[SystemTime { tv_sec: 1790342703, tv_nsec: 659274467 }] prepared scene build begin
[SystemTime { tv_sec: 1790342703, tv_nsec: 659812574 }] native control_meshes window=WindowId(31457284) builds=1
[SystemTime { tv_sec: 1790342703, tv_nsec: 659889188 }] prepared scene build end 0ms
[SystemTime { tv_sec: 1790342703, tv_nsec: 659960292 }] renderer render begin
[SystemTime { tv_sec: 1790342703, tv_nsec: 661453903 }] native_surface_lifecycle {"acquire_attempts":19,"acquired":19,"active":1,"configuration_generation":1,"configure_attempts":1,"configured_extent":[1280,800],"discarded":0,"frame_submission_receipts_issued":25,"frame_submissions":19,"gpu_completed_through_receipt":24,"host":1,"last_frame_submission_receipt":25,"last_present_receipt":24,"presented":18,"queue_epoch":1,"reason":"submit","wgpu_submission":"Some(SubmissionIndex { index: 25 })","window":"WindowId(31457284)"}
[SystemTime { tv_sec: 1790342703, tv_nsec: 661536598 }] native upload frame window=WindowId(31457284) host=1 renderer=1 queue_epoch=1 surface_generation=1 acquisition=19 submission=25 receipt=Some(UploadFrame { consumers: {"MAIN", "BOARD", "LAYERS", "NAV", "INSPECTOR", "MENU", "TERMINAL"}, owner: 7, attempt: 20, rendered: Some(true), totals: UploadTotals { batches: 1, buffer_payload_bytes: 4320, texture_source_bytes: 0, texture_padding_bytes: 0, scatter_index_bytes: 0, staging_capacity_bytes: 4320, buffer_copy_bytes: 4320, buffer_copies: 2, texture_copies: 0, scatter_dispatches: 0 } })
[SystemTime { tv_sec: 1790342703, tv_nsec: 661605932 }] native font ownership window=WindowId(31457284) usage=Usage { allocation: Usage { allocator_installed: true, owner_id: 3, label: "renderer-fonts-and-shapes", payload_bytes: 924302, tracking_bytes: 88520, allocations: 11063, peak_payload_bytes: 925507, owner_metadata_bytes: 96 }, returned_shape_bytes: 178048, private_bytes: Some(834774), fixed_font_bytes: Some(772070), cache_reserved_bytes: 62704, last_call: Some(Report { call_id: 2635, owner_id: 3, allocator_installed: true, host_initial_bytes: 342664, host_final_bytes: 342664, process_initial_bytes: 342664, process_final_bytes: 342664, initial_bytes: 62704, final_bytes: 63880, peak_bytes: 64029, host_peak_bytes: 342664, process_peak_bytes: 342664, exceeded: false }) } measurement=Some(Usage { allocation: Usage { allocator_installed: true, owner_id: 13, label: "text-measurement", payload_bytes: 734742, tracking_bytes: 84216, allocations: 10525, peak_payload_bytes: 748214, owner_metadata_bytes: 96 }, returned_shape_bytes: 0, private_bytes: Some(818958), fixed_font_bytes: Some(772070), cache_reserved_bytes: 46888, last_call: Some(Report { call_id: 1173, owner_id: 13, allocator_installed: true, host_initial_bytes: 367656, host_final_bytes: 367656, process_initial_bytes: 367656, process_final_bytes: 367656, initial_bytes: 46888, final_bytes: 46888, peak_bytes: 54192, host_peak_bytes: 367656, process_peak_bytes: 367656, exceeded: false }) }) process_registry_bytes=RegistryUsage { registry_heap_bytes: 136, scope_owner_bytes: 1152, call_slots_static_bytes: 9752 }
[SystemTime { tv_sec: 1790342703, tv_nsec: 661694945 }] native attachment ledger {"attachments":{"allocations":[{"allocation":1,"host":1,"last_submission":25,"owner":8,"payload_bytes":32768000,"release_reason":null}],"completed_retirements":3,"current_payload_bytes":32768000,"device_loss_confirmed":false,"device_loss_retirements":0,"observed_allocations":4,"peak_payload_bytes":54886400,"retiring_payload_bytes":0,"unknown_payload_allocations":0},"queue_epoch":1}
[SystemTime { tv_sec: 1790342703, tv_nsec: 661759724 }] native surface attachment {"allocation":1,"allocations_created":1,"extent":[1280,800],"format":"Bgra8UnormSrgb","gpu_retirement_qualified":false,"host":1,"owner":8,"payload_bytes":32768000,"queue_epoch":1,"samples":8,"state":"current_renderer_reference","window":"WindowId(31457284)"}
[SystemTime { tv_sec: 1790342703, tv_nsec: 661809519 }] renderer render end 1ms
[SystemTime { tv_sec: 1790342703, tv_nsec: 661857933 }] frame present begin
[SystemTime { tv_sec: 1790342703, tv_nsec: 662007696 }] native_surface_lifecycle {"acquire_attempts":19,"acquired":19,"active":0,"configuration_generation":1,"configure_attempts":1,"configured_extent":[1280,800],"discarded":0,"frame_submission_receipts_issued":25,"frame_submissions":19,"gpu_completed_through_receipt":24,"host":1,"last_frame_submission_receipt":25,"last_present_receipt":25,"presented":19,"queue_epoch":1,"reason":"present","wgpu_submission":"Some(SubmissionIndex { index: 25 })","window":"WindowId(31457284)"}
[SystemTime { tv_sec: 1790342703, tv_nsec: 662078297 }] frame present end 0ms total=2ms
[SystemTime { tv_sec: 1790342703, tv_nsec: 662207441 }] native redraw ledger {"attempts":31,"counts":{"coalesced":1,"duplicate_tokens":0,"presentations":19,"received":31,"requested":31,"suppressed":20},"damage":29,"device_generation":1,"host_generation":1,"pending":false,"presented_damage":29,"ready":false,"reason":"presented","rendering":null,"window":"WindowId(31457284)"}
[SystemTime { tv_sec: 1790342703, tv_nsec: 662259586 }] redraw handler end
[SystemTime { tv_sec: 1790342703, tv_nsec: 669598792 }] window event WindowId(31457284) keyboard physical=Code(ArrowRight) logical=Named(ArrowRight) state=Released repeat=false text=None synthetic=false
[SystemTime { tv_sec: 1790342703, tv_nsec: 669695298 }] window event WindowId(31457284) redraw requested
[SystemTime { tv_sec: 1790342703, tv_nsec: 669755339 }] native frame round hosts=[WindowId(31457284)]
[SystemTime { tv_sec: 1790342703, tv_nsec: 669805202 }] redraw handler begin
[SystemTime { tv_sec: 1790342703, tv_nsec: 669924228 }] native_surface_lifecycle {"acquire_attempts":19,"acquired":19,"active":0,"configuration_generation":1,"configure_attempts":1,"configured_extent":[1280,800],"discarded":0,"frame_submission_receipts_issued":25,"frame_submissions":19,"gpu_completed_through_receipt":24,"host":1,"last_frame_submission_receipt":25,"last_present_receipt":25,"presented":19,"queue_epoch":1,"reason":"wait_queue","wgpu_submission":"Some(SubmissionIndex { index: 25 })","window":"WindowId(31457284)"}
[SystemTime { tv_sec: 1790342703, tv_nsec: 670001129 }] native redraw ledger {"attempts":32,"counts":{"coalesced":1,"duplicate_tokens":0,"presentations":19,"received":32,"requested":32,"suppressed":20},"damage":30,"device_generation":1,"host_generation":1,"pending":false,"presented_damage":29,"ready":false,"reason":"not_presented","rendering":null,"window":"WindowId(31457284)"}
[SystemTime { tv_sec: 1790342703, tv_nsec: 680444565 }] window event WindowId(31457284) keyboard physical=Code(ArrowDown) logical=Named(ArrowDown) state=Pressed repeat=false text=None synthetic=false
[SystemTime { tv_sec: 1790342703, tv_nsec: 680664351 }] window event WindowId(31457284) redraw requested
[SystemTime { tv_sec: 1790342703, tv_nsec: 680723889 }] native frame round hosts=[WindowId(31457284)]
[SystemTime { tv_sec: 1790342703, tv_nsec: 680790771 }] redraw handler begin
[SystemTime { tv_sec: 1790342703, tv_nsec: 680969406 }] native_surface_lifecycle {"acquire_attempts":19,"acquired":19,"active":0,"configuration_generation":1,"configure_attempts":1,"configured_extent":[1280,800],"discarded":0,"frame_submission_receipts_issued":25,"frame_submissions":19,"gpu_completed_through_receipt":24,"host":1,"last_frame_submission_receipt":25,"last_present_receipt":25,"presented":19,"queue_epoch":1,"reason":"wait_queue","wgpu_submission":"Some(SubmissionIndex { index: 25 })","window":"WindowId(31457284)"}
[SystemTime { tv_sec: 1790342703, tv_nsec: 681077426 }] native redraw ledger {"attempts":33,"counts":{"coalesced":1,"duplicate_tokens":0,"presentations":19,"received":33,"requested":33,"suppressed":20},"damage":31,"device_generation":1,"host_generation":1,"pending":false,"presented_damage":29,"ready":false,"reason":"not_presented","rendering":null,"window":"WindowId(31457284)"}
[SystemTime { tv_sec: 1790342703, tv_nsec: 687500625 }] native queue progress epoch=1 submitted=25 completed=25
[SystemTime { tv_sec: 1790342703, tv_nsec: 687605041 }] native attachment ledger {"attachments":{"allocations":[{"allocation":1,"host":1,"last_submission":25,"owner":8,"payload_bytes":32768000,"release_reason":null}],"completed_retirements":3,"current_payload_bytes":32768000,"device_loss_confirmed":false,"device_loss_retirements":0,"observed_allocations":4,"peak_payload_bytes":54886400,"retiring_payload_bytes":0,"unknown_payload_allocations":0},"queue_epoch":1}
[SystemTime { tv_sec: 1790342703, tv_nsec: 689380539 }] window event WindowId(31457284) redraw requested
[SystemTime { tv_sec: 1790342703, tv_nsec: 689455148 }] native frame round hosts=[WindowId(31457284)]
[SystemTime { tv_sec: 1790342703, tv_nsec: 689512301 }] redraw handler begin
[SystemTime { tv_sec: 1790342703, tv_nsec: 689592719 }] render scene prepare begin retained_cached=true
[SystemTime { tv_sec: 1790342703, tv_nsec: 689649198 }] prepared scene build begin
[SystemTime { tv_sec: 1790342703, tv_nsec: 690207611 }] native control_meshes window=WindowId(31457284) builds=1
[SystemTime { tv_sec: 1790342703, tv_nsec: 690270885 }] prepared scene build end 0ms
[SystemTime { tv_sec: 1790342703, tv_nsec: 690331726 }] renderer render begin
[SystemTime { tv_sec: 1790342703, tv_nsec: 692060125 }] native_surface_lifecycle {"acquire_attempts":20,"acquired":20,"active":1,"configuration_generation":1,"configure_attempts":1,"configured_extent":[1280,800],"discarded":0,"frame_submission_receipts_issued":26,"frame_submissions":20,"gpu_completed_through_receipt":25,"host":1,"last_frame_submission_receipt":26,"last_present_receipt":25,"presented":19,"queue_epoch":1,"reason":"submit","wgpu_submission":"Some(SubmissionIndex { index: 26 })","window":"WindowId(31457284)"}
[SystemTime { tv_sec: 1790342703, tv_nsec: 692149466 }] native upload frame window=WindowId(31457284) host=1 renderer=1 queue_epoch=1 surface_generation=1 acquisition=20 submission=26 receipt=Some(UploadFrame { consumers: {"MAIN", "BOARD", "LAYERS", "NAV", "INSPECTOR", "MENU", "TERMINAL"}, owner: 7, attempt: 21, rendered: Some(true), totals: UploadTotals { batches: 1, buffer_payload_bytes: 360, texture_source_bytes: 0, texture_padding_bytes: 0, scatter_index_bytes: 0, staging_capacity_bytes: 360, buffer_copy_bytes: 360, buffer_copies: 37, texture_copies: 0, scatter_dispatches: 0 } })
[SystemTime { tv_sec: 1790342703, tv_nsec: 692258063 }] native font ownership window=WindowId(31457284) usage=Usage { allocation: Usage { allocator_installed: true, owner_id: 3, label: "renderer-fonts-and-shapes", payload_bytes: 924302, tracking_bytes: 88520, allocations: 11063, peak_payload_bytes: 925507, owner_metadata_bytes: 96 }, returned_shape_bytes: 178048, private_bytes: Some(834774), fixed_font_bytes: Some(772070), cache_reserved_bytes: 62704, last_call: Some(Report { call_id: 2635, owner_id: 3, allocator_installed: true, host_initial_bytes: 342664, host_final_bytes: 342664, process_initial_bytes: 342664, process_final_bytes: 342664, initial_bytes: 62704, final_bytes: 63880, peak_bytes: 64029, host_peak_bytes: 342664, process_peak_bytes: 342664, exceeded: false }) } measurement=Some(Usage { allocation: Usage { allocator_installed: true, owner_id: 13, label: "text-measurement", payload_bytes: 734742, tracking_bytes: 84216, allocations: 10525, peak_payload_bytes: 748214, owner_metadata_bytes: 96 }, returned_shape_bytes: 0, private_bytes: Some(818958), fixed_font_bytes: Some(772070), cache_reserved_bytes: 46888, last_call: Some(Report { call_id: 1173, owner_id: 13, allocator_installed: true, host_initial_bytes: 367656, host_final_bytes: 367656, process_initial_bytes: 367656, process_final_bytes: 367656, initial_bytes: 46888, final_bytes: 46888, peak_bytes: 54192, host_peak_bytes: 367656, process_peak_bytes: 367656, exceeded: false }) }) process_registry_bytes=RegistryUsage { registry_heap_bytes: 136, scope_owner_bytes: 1152, call_slots_static_bytes: 9752 }
[SystemTime { tv_sec: 1790342703, tv_nsec: 692366027 }] native attachment ledger {"attachments":{"allocations":[{"allocation":1,"host":1,"last_submission":26,"owner":8,"payload_bytes":32768000,"release_reason":null}],"completed_retirements":3,"current_payload_bytes":32768000,"device_loss_confirmed":false,"device_loss_retirements":0,"observed_allocations":4,"peak_payload_bytes":54886400,"retiring_payload_bytes":0,"unknown_payload_allocations":0},"queue_epoch":1}
[SystemTime { tv_sec: 1790342703, tv_nsec: 692453665 }] native surface attachment {"allocation":1,"allocations_created":1,"extent":[1280,800],"format":"Bgra8UnormSrgb","gpu_retirement_qualified":false,"host":1,"owner":8,"payload_bytes":32768000,"queue_epoch":1,"samples":8,"state":"current_renderer_reference","window":"WindowId(31457284)"}
[SystemTime { tv_sec: 1790342703, tv_nsec: 692514714 }] renderer render end 2ms
[SystemTime { tv_sec: 1790342703, tv_nsec: 692574863 }] frame present begin
[SystemTime { tv_sec: 1790342703, tv_nsec: 692839535 }] native_surface_lifecycle {"acquire_attempts":20,"acquired":20,"active":0,"configuration_generation":1,"configure_attempts":1,"configured_extent":[1280,800],"discarded":0,"frame_submission_receipts_issued":26,"frame_submissions":20,"gpu_completed_through_receipt":25,"host":1,"last_frame_submission_receipt":26,"last_present_receipt":26,"presented":20,"queue_epoch":1,"reason":"present","wgpu_submission":"Some(SubmissionIndex { index: 26 })","window":"WindowId(31457284)"}
[SystemTime { tv_sec: 1790342703, tv_nsec: 692964870 }] frame present end 0ms total=3ms
[SystemTime { tv_sec: 1790342703, tv_nsec: 693058943 }] native redraw ledger {"attempts":34,"counts":{"coalesced":1,"duplicate_tokens":0,"presentations":20,"received":34,"requested":34,"suppressed":21},"damage":31,"device_generation":1,"host_generation":1,"pending":false,"presented_damage":31,"ready":false,"reason":"presented","rendering":null,"window":"WindowId(31457284)"}
[SystemTime { tv_sec: 1790342703, tv_nsec: 693119416 }] redraw handler end
[SystemTime { tv_sec: 1790342703, tv_nsec: 693289466 }] window event WindowId(31457284) keyboard physical=Code(ArrowDown) logical=Named(ArrowDown) state=Released repeat=false text=None synthetic=false
[SystemTime { tv_sec: 1790342703, tv_nsec: 693366859 }] window event WindowId(31457284) redraw requested
[SystemTime { tv_sec: 1790342703, tv_nsec: 693429832 }] native frame round hosts=[WindowId(31457284)]
[SystemTime { tv_sec: 1790342703, tv_nsec: 693483388 }] redraw handler begin
[SystemTime { tv_sec: 1790342703, tv_nsec: 693577441 }] native_surface_lifecycle {"acquire_attempts":20,"acquired":20,"active":0,"configuration_generation":1,"configure_attempts":1,"configured_extent":[1280,800],"discarded":0,"frame_submission_receipts_issued":26,"frame_submissions":20,"gpu_completed_through_receipt":25,"host":1,"last_frame_submission_receipt":26,"last_present_receipt":26,"presented":20,"queue_epoch":1,"reason":"wait_queue","wgpu_submission":"Some(SubmissionIndex { index: 26 })","window":"WindowId(31457284)"}
[SystemTime { tv_sec: 1790342703, tv_nsec: 693649641 }] native redraw ledger {"attempts":35,"counts":{"coalesced":1,"duplicate_tokens":0,"presentations":20,"received":35,"requested":35,"suppressed":21},"damage":32,"device_generation":1,"host_generation":1,"pending":false,"presented_damage":31,"ready":false,"reason":"not_presented","rendering":null,"window":"WindowId(31457284)"}
[SystemTime { tv_sec: 1790342703, tv_nsec: 701870935 }] native queue progress epoch=1 submitted=26 completed=26
[SystemTime { tv_sec: 1790342703, tv_nsec: 701999902 }] native attachment ledger {"attachments":{"allocations":[{"allocation":1,"host":1,"last_submission":26,"owner":8,"payload_bytes":32768000,"release_reason":null}],"completed_retirements":3,"current_payload_bytes":32768000,"device_loss_confirmed":false,"device_loss_retirements":0,"observed_allocations":4,"peak_payload_bytes":54886400,"retiring_payload_bytes":0,"unknown_payload_allocations":0},"queue_epoch":1}
[SystemTime { tv_sec: 1790342703, tv_nsec: 702103318 }] window event WindowId(31457284) redraw requested
[SystemTime { tv_sec: 1790342703, tv_nsec: 702163494 }] native frame round hosts=[WindowId(31457284)]
[SystemTime { tv_sec: 1790342703, tv_nsec: 702215353 }] redraw handler begin
[SystemTime { tv_sec: 1790342703, tv_nsec: 702288979 }] renderer render begin
[SystemTime { tv_sec: 1790342703, tv_nsec: 703381019 }] native_surface_lifecycle {"acquire_attempts":21,"acquired":21,"active":1,"configuration_generation":1,"configure_attempts":1,"configured_extent":[1280,800],"discarded":0,"frame_submission_receipts_issued":27,"frame_submissions":21,"gpu_completed_through_receipt":26,"host":1,"last_frame_submission_receipt":27,"last_present_receipt":26,"presented":20,"queue_epoch":1,"reason":"submit","wgpu_submission":"Some(SubmissionIndex { index: 27 })","window":"WindowId(31457284)"}
[SystemTime { tv_sec: 1790342703, tv_nsec: 703459628 }] native upload frame window=WindowId(31457284) host=1 renderer=1 queue_epoch=1 surface_generation=1 acquisition=21 submission=27 receipt=Some(UploadFrame { consumers: {"MAIN", "BOARD", "LAYERS", "NAV", "INSPECTOR", "MENU", "TERMINAL"}, owner: 7, attempt: 22, rendered: Some(true), totals: UploadTotals { batches: 0, buffer_payload_bytes: 0, texture_source_bytes: 0, texture_padding_bytes: 0, scatter_index_bytes: 0, staging_capacity_bytes: 0, buffer_copy_bytes: 0, buffer_copies: 0, texture_copies: 0, scatter_dispatches: 0 } })
[SystemTime { tv_sec: 1790342703, tv_nsec: 703534575 }] native font ownership window=WindowId(31457284) usage=Usage { allocation: Usage { allocator_installed: true, owner_id: 3, label: "renderer-fonts-and-shapes", payload_bytes: 924302, tracking_bytes: 88520, allocations: 11063, peak_payload_bytes: 925507, owner_metadata_bytes: 96 }, returned_shape_bytes: 178048, private_bytes: Some(834774), fixed_font_bytes: Some(772070), cache_reserved_bytes: 62704, last_call: Some(Report { call_id: 2635, owner_id: 3, allocator_installed: true, host_initial_bytes: 342664, host_final_bytes: 342664, process_initial_bytes: 342664, process_final_bytes: 342664, initial_bytes: 62704, final_bytes: 63880, peak_bytes: 64029, host_peak_bytes: 342664, process_peak_bytes: 342664, exceeded: false }) } measurement=Some(Usage { allocation: Usage { allocator_installed: true, owner_id: 13, label: "text-measurement", payload_bytes: 734742, tracking_bytes: 84216, allocations: 10525, peak_payload_bytes: 748214, owner_metadata_bytes: 96 }, returned_shape_bytes: 0, private_bytes: Some(818958), fixed_font_bytes: Some(772070), cache_reserved_bytes: 46888, last_call: Some(Report { call_id: 1173, owner_id: 13, allocator_installed: true, host_initial_bytes: 367656, host_final_bytes: 367656, process_initial_bytes: 367656, process_final_bytes: 367656, initial_bytes: 46888, final_bytes: 46888, peak_bytes: 54192, host_peak_bytes: 367656, process_peak_bytes: 367656, exceeded: false }) }) process_registry_bytes=RegistryUsage { registry_heap_bytes: 136, scope_owner_bytes: 1152, call_slots_static_bytes: 9752 }
[SystemTime { tv_sec: 1790342703, tv_nsec: 703608671 }] native attachment ledger {"attachments":{"allocations":[{"allocation":1,"host":1,"last_submission":27,"owner":8,"payload_bytes":32768000,"release_reason":null}],"completed_retirements":3,"current_payload_bytes":32768000,"device_loss_confirmed":false,"device_loss_retirements":0,"observed_allocations":4,"peak_payload_bytes":54886400,"retiring_payload_bytes":0,"unknown_payload_allocations":0},"queue_epoch":1}
[SystemTime { tv_sec: 1790342703, tv_nsec: 703691498 }] native surface attachment {"allocation":1,"allocations_created":1,"extent":[1280,800],"format":"Bgra8UnormSrgb","gpu_retirement_qualified":false,"host":1,"owner":8,"payload_bytes":32768000,"queue_epoch":1,"samples":8,"state":"current_renderer_reference","window":"WindowId(31457284)"}
[SystemTime { tv_sec: 1790342703, tv_nsec: 703745518 }] renderer render end 1ms
[SystemTime { tv_sec: 1790342703, tv_nsec: 703798217 }] frame present begin
[SystemTime { tv_sec: 1790342703, tv_nsec: 704007925 }] native_surface_lifecycle {"acquire_attempts":21,"acquired":21,"active":0,"configuration_generation":1,"configure_attempts":1,"configured_extent":[1280,800],"discarded":0,"frame_submission_receipts_issued":27,"frame_submissions":21,"gpu_completed_through_receipt":26,"host":1,"last_frame_submission_receipt":27,"last_present_receipt":27,"presented":21,"queue_epoch":1,"reason":"present","wgpu_submission":"Some(SubmissionIndex { index: 27 })","window":"WindowId(31457284)"}
[SystemTime { tv_sec: 1790342703, tv_nsec: 704072152 }] frame present end 0ms total=1ms
[SystemTime { tv_sec: 1790342703, tv_nsec: 704164264 }] native redraw ledger {"attempts":36,"counts":{"coalesced":1,"duplicate_tokens":0,"presentations":21,"received":36,"requested":36,"suppressed":22},"damage":32,"device_generation":1,"host_generation":1,"pending":false,"presented_damage":32,"ready":false,"reason":"presented","rendering":null,"window":"WindowId(31457284)"}
[SystemTime { tv_sec: 1790342703, tv_nsec: 704241753 }] redraw handler end
[SystemTime { tv_sec: 1790342703, tv_nsec: 704547940 }] window event WindowId(31457284) keyboard physical=Code(Enter) logical=Named(Enter) state=Pressed repeat=false text=Some("\r") synthetic=false
[SystemTime { tv_sec: 1790342703, tv_nsec: 906699025 }] window event WindowId(31457284) keyboard physical=Code(Enter) logical=Named(Enter) state=Released repeat=false text=Some("\r") synthetic=false
[SystemTime { tv_sec: 1790342703, tv_nsec: 906731722 }] window event WindowId(31457284) redraw requested
[SystemTime { tv_sec: 1790342703, tv_nsec: 910742421 }] surface identity window=WindowId(31457356) window_backend=x11 gpu_backend=Vulkan adapter="Intel(R) HD Graphics P630 (KBL GT2)" device_type=IntegratedGpu driver="Intel open-source Mesa driver" driver_info="Mesa 25.0.7-2+deb13u1"
[SystemTime { tv_sec: 1790342703, tv_nsec: 915820818 }] native frame round hosts=[WindowId(31457284)]
[SystemTime { tv_sec: 1790342703, tv_nsec: 915848226 }] redraw handler begin
[SystemTime { tv_sec: 1790342703, tv_nsec: 915961460 }] render scene prepare begin retained_cached=true
[SystemTime { tv_sec: 1790342703, tv_nsec: 915995249 }] prepared scene build begin
[SystemTime { tv_sec: 1790342703, tv_nsec: 916186789 }] native control_meshes window=WindowId(31457284) builds=1
[SystemTime { tv_sec: 1790342703, tv_nsec: 916207069 }] prepared scene build end 0ms
[SystemTime { tv_sec: 1790342703, tv_nsec: 916226980 }] renderer render begin
[SystemTime { tv_sec: 1790342703, tv_nsec: 917077863 }] native_surface_lifecycle {"acquire_attempts":22,"acquired":22,"active":1,"configuration_generation":1,"configure_attempts":1,"configured_extent":[1280,800],"discarded":0,"frame_submission_receipts_issued":28,"frame_submissions":22,"gpu_completed_through_receipt":27,"host":1,"last_frame_submission_receipt":28,"last_present_receipt":27,"presented":21,"queue_epoch":1,"reason":"submit","wgpu_submission":"Some(SubmissionIndex { index: 28 })","window":"WindowId(31457284)"}
[SystemTime { tv_sec: 1790342703, tv_nsec: 917111559 }] native upload frame window=WindowId(31457284) host=1 renderer=1 queue_epoch=1 surface_generation=1 acquisition=22 submission=28 receipt=Some(UploadFrame { consumers: {"MAIN", "BOARD", "LAYERS", "NAV", "INSPECTOR", "MENU", "TERMINAL"}, owner: 7, attempt: 23, rendered: Some(true), totals: UploadTotals { batches: 1, buffer_payload_bytes: 4384, texture_source_bytes: 0, texture_padding_bytes: 0, scatter_index_bytes: 4368, staging_capacity_bytes: 17488, buffer_copy_bytes: 8752, buffer_copies: 5, texture_copies: 0, scatter_dispatches: 1 } })
[SystemTime { tv_sec: 1790342703, tv_nsec: 917146198 }] native font ownership window=WindowId(31457284) usage=Usage { allocation: Usage { allocator_installed: true, owner_id: 3, label: "renderer-fonts-and-shapes", payload_bytes: 924302, tracking_bytes: 88520, allocations: 11063, peak_payload_bytes: 925507, owner_metadata_bytes: 96 }, returned_shape_bytes: 178048, private_bytes: Some(834774), fixed_font_bytes: Some(772070), cache_reserved_bytes: 62704, last_call: Some(Report { call_id: 2635, owner_id: 3, allocator_installed: true, host_initial_bytes: 342664, host_final_bytes: 342664, process_initial_bytes: 342664, process_final_bytes: 342664, initial_bytes: 62704, final_bytes: 63880, peak_bytes: 64029, host_peak_bytes: 342664, process_peak_bytes: 342664, exceeded: false }) } measurement=Some(Usage { allocation: Usage { allocator_installed: true, owner_id: 13, label: "text-measurement", payload_bytes: 734742, tracking_bytes: 84216, allocations: 10525, peak_payload_bytes: 748214, owner_metadata_bytes: 96 }, returned_shape_bytes: 0, private_bytes: Some(818958), fixed_font_bytes: Some(772070), cache_reserved_bytes: 46888, last_call: Some(Report { call_id: 1173, owner_id: 13, allocator_installed: true, host_initial_bytes: 367656, host_final_bytes: 367656, process_initial_bytes: 367656, process_final_bytes: 367656, initial_bytes: 46888, final_bytes: 46888, peak_bytes: 54192, host_peak_bytes: 367656, process_peak_bytes: 367656, exceeded: false }) }) process_registry_bytes=RegistryUsage { registry_heap_bytes: 136, scope_owner_bytes: 1152, call_slots_static_bytes: 9752 }
[SystemTime { tv_sec: 1790342703, tv_nsec: 917174689 }] native attachment ledger {"attachments":{"allocations":[{"allocation":1,"host":1,"last_submission":28,"owner":8,"payload_bytes":32768000,"release_reason":null}],"completed_retirements":3,"current_payload_bytes":32768000,"device_loss_confirmed":false,"device_loss_retirements":0,"observed_allocations":4,"peak_payload_bytes":54886400,"retiring_payload_bytes":0,"unknown_payload_allocations":0},"queue_epoch":1}
[SystemTime { tv_sec: 1790342703, tv_nsec: 917199073 }] native surface attachment {"allocation":1,"allocations_created":1,"extent":[1280,800],"format":"Bgra8UnormSrgb","gpu_retirement_qualified":false,"host":1,"owner":8,"payload_bytes":32768000,"queue_epoch":1,"samples":8,"state":"current_renderer_reference","window":"WindowId(31457284)"}
[SystemTime { tv_sec: 1790342703, tv_nsec: 917217647 }] renderer render end 0ms
[SystemTime { tv_sec: 1790342703, tv_nsec: 917235847 }] frame present begin
[SystemTime { tv_sec: 1790342703, tv_nsec: 917321376 }] native_surface_lifecycle {"acquire_attempts":22,"acquired":22,"active":0,"configuration_generation":1,"configure_attempts":1,"configured_extent":[1280,800],"discarded":0,"frame_submission_receipts_issued":28,"frame_submissions":22,"gpu_completed_through_receipt":27,"host":1,"last_frame_submission_receipt":28,"last_present_receipt":28,"presented":22,"queue_epoch":1,"reason":"present","wgpu_submission":"Some(SubmissionIndex { index: 28 })","window":"WindowId(31457284)"}
[SystemTime { tv_sec: 1790342703, tv_nsec: 917356942 }] frame present end 0ms total=1ms
[SystemTime { tv_sec: 1790342703, tv_nsec: 917389280 }] native redraw ledger {"attempts":37,"counts":{"coalesced":1,"duplicate_tokens":0,"presentations":22,"received":37,"requested":37,"suppressed":23},"damage":33,"device_generation":1,"host_generation":1,"pending":false,"presented_damage":33,"ready":false,"reason":"presented","rendering":null,"window":"WindowId(31457284)"}
[SystemTime { tv_sec: 1790342703, tv_nsec: 917410627 }] redraw handler end
[SystemTime { tv_sec: 1790342703, tv_nsec: 917512738 }] native queue progress epoch=1 submitted=28 completed=27
[SystemTime { tv_sec: 1790342703, tv_nsec: 917538930 }] native attachment ledger {"attachments":{"allocations":[{"allocation":1,"host":1,"last_submission":28,"owner":8,"payload_bytes":32768000,"release_reason":null}],"completed_retirements":3,"current_payload_bytes":32768000,"device_loss_confirmed":false,"device_loss_retirements":0,"observed_allocations":4,"peak_payload_bytes":54886400,"retiring_payload_bytes":0,"unknown_payload_allocations":0},"queue_epoch":1}
[SystemTime { tv_sec: 1790342703, tv_nsec: 917606463 }] window event WindowId(31457356) ime Disabled
[SystemTime { tv_sec: 1790342703, tv_nsec: 917957586 }] window event WindowId(31457356) redraw requested
[SystemTime { tv_sec: 1790342703, tv_nsec: 918095762 }] native frame round hosts=[WindowId(31457356)]
[SystemTime { tv_sec: 1790342703, tv_nsec: 918144461 }] native_surface_lifecycle {"acquire_attempts":0,"acquired":0,"active":0,"configuration_generation":0,"configure_attempts":0,"configured_extent":null,"discarded":0,"frame_submission_receipts_issued":28,"frame_submissions":0,"gpu_completed_through_receipt":27,"host":5,"last_frame_submission_receipt":0,"last_present_receipt":0,"presented":0,"queue_epoch":1,"reason":"wait_queue","wgpu_submission":"None","window":"WindowId(31457356)"}
[SystemTime { tv_sec: 1790342703, tv_nsec: 918183814 }] native redraw ledger {"attempts":1,"counts":{"coalesced":1,"duplicate_tokens":0,"presentations":0,"received":1,"requested":1,"suppressed":0},"damage":3,"device_generation":1,"host_generation":5,"pending":false,"presented_damage":0,"ready":false,"reason":"not_presented","rendering":null,"window":"WindowId(31457356)"}
[SystemTime { tv_sec: 1790342703, tv_nsec: 920478811 }] window event WindowId(31457356) focused false
[SystemTime { tv_sec: 1790342703, tv_nsec: 920660488 }] window event WindowId(31457356) occluded false
[SystemTime { tv_sec: 1790342703, tv_nsec: 920749351 }] window event WindowId(31457356) redraw requested
[SystemTime { tv_sec: 1790342703, tv_nsec: 923065495 }] window event WindowId(31457284) modifiers changed ModifiersState(0x0)
[SystemTime { tv_sec: 1790342703, tv_nsec: 923369986 }] window event WindowId(31457284) focused false
[SystemTime { tv_sec: 1790342703, tv_nsec: 923581794 }] window event WindowId(31457356) focused true
[SystemTime { tv_sec: 1790342703, tv_nsec: 923937018 }] window event WindowId(31457356) modifiers changed ModifiersState(0x0)
[SystemTime { tv_sec: 1790342703, tv_nsec: 923977801 }] window event WindowId(31457356) cursor moved 467.00,170.00
[SystemTime { tv_sec: 1790342703, tv_nsec: 924011897 }] window event WindowId(31457356) occluded false
[SystemTime { tv_sec: 1790342703, tv_nsec: 925641282 }] window event WindowId(31457356) resized 960x720
[SystemTime { tv_sec: 1790342703, tv_nsec: 925703001 }] window event WindowId(31457356) redraw requested
[SystemTime { tv_sec: 1790342703, tv_nsec: 925734951 }] native frame round hosts=[WindowId(31457356)]
[SystemTime { tv_sec: 1790342703, tv_nsec: 925797436 }] native_surface_lifecycle {"acquire_attempts":0,"acquired":0,"active":0,"configuration_generation":0,"configure_attempts":0,"configured_extent":null,"discarded":0,"frame_submission_receipts_issued":28,"frame_submissions":0,"gpu_completed_through_receipt":27,"host":5,"last_frame_submission_receipt":0,"last_present_receipt":0,"presented":0,"queue_epoch":1,"reason":"wait_queue","wgpu_submission":"None","window":"WindowId(31457356)"}
[SystemTime { tv_sec: 1790342703, tv_nsec: 925844587 }] native redraw ledger {"attempts":2,"counts":{"coalesced":1,"duplicate_tokens":0,"presentations":0,"received":3,"requested":1,"suppressed":0},"damage":3,"device_generation":1,"host_generation":5,"pending":false,"presented_damage":0,"ready":false,"reason":"not_presented","rendering":null,"window":"WindowId(31457356)"}
[SystemTime { tv_sec: 1790342703, tv_nsec: 939417233 }] native queue progress epoch=1 submitted=28 completed=28
[SystemTime { tv_sec: 1790342703, tv_nsec: 939466430 }] native attachment ledger {"attachments":{"allocations":[{"allocation":1,"host":1,"last_submission":28,"owner":8,"payload_bytes":32768000,"release_reason":null}],"completed_retirements":3,"current_payload_bytes":32768000,"device_loss_confirmed":false,"device_loss_retirements":0,"observed_allocations":4,"peak_payload_bytes":54886400,"retiring_payload_bytes":0,"unknown_payload_allocations":0},"queue_epoch":1}
[SystemTime { tv_sec: 1790342703, tv_nsec: 939521041 }] window event WindowId(31457356) redraw requested
[SystemTime { tv_sec: 1790342703, tv_nsec: 939546138 }] native frame round hosts=[WindowId(31457356)]
[SystemTime { tv_sec: 1790342703, tv_nsec: 939574415 }] surface configure begin
[SystemTime { tv_sec: 1790342703, tv_nsec: 942585544 }] surface configure end
[SystemTime { tv_sec: 1790342703, tv_nsec: 942616488 }] native queue configured host=5 configurations=5 submitted=28 completed=28
[SystemTime { tv_sec: 1790342703, tv_nsec: 945161723 }] native control_meshes window=WindowId(31457356) builds=18
[SystemTime { tv_sec: 1790342703, tv_nsec: 953659857 }] native_surface_lifecycle {"acquire_attempts":1,"acquired":1,"active":1,"configuration_generation":1,"configure_attempts":1,"configured_extent":[960,720],"discarded":0,"frame_submission_receipts_issued":29,"frame_submissions":1,"gpu_completed_through_receipt":28,"host":5,"last_frame_submission_receipt":29,"last_present_receipt":0,"presented":0,"queue_epoch":1,"reason":"submit","wgpu_submission":"Some(SubmissionIndex { index: 29 })","window":"WindowId(31457356)"}
[SystemTime { tv_sec: 1790342703, tv_nsec: 953705266 }] native upload frame window=WindowId(31457356) host=5 renderer=5 queue_epoch=1 surface_generation=1 acquisition=1 submission=29 receipt=Some(UploadFrame { consumers: {"PROJECT"}, owner: 118, attempt: 1, rendered: Some(true), totals: UploadTotals { batches: 1, buffer_payload_bytes: 81208, texture_source_bytes: 10748, texture_padding_bytes: 482308, scatter_index_bytes: 0, staging_capacity_bytes: 574264, buffer_copy_bytes: 81208, buffer_copies: 3, texture_copies: 267, scatter_dispatches: 0 } })
[SystemTime { tv_sec: 1790342703, tv_nsec: 953732651 }] native font ownership window=WindowId(31457356) usage=Usage { allocation: Usage { allocator_installed: true, owner_id: 30, label: "renderer-fonts-and-shapes", payload_bytes: 933174, tracking_bytes: 86800, allocations: 10848, peak_payload_bytes: 933285, owner_metadata_bytes: 96 }, returned_shape_bytes: 201016, private_bytes: Some(818958), fixed_font_bytes: Some(772070), cache_reserved_bytes: 46888, last_call: Some(Report { call_id: 3233, owner_id: 30, allocator_installed: true, host_initial_bytes: 359902, host_final_bytes: 359940, process_initial_bytes: 663598, process_final_bytes: 663636, initial_bytes: 46888, final_bytes: 46888, peak_bytes: 46888, host_peak_bytes: 359940, process_peak_bytes: 663636, exceeded: false }) } measurement=Some(Usage { allocation: Usage { allocator_installed: true, owner_id: 32, label: "text-measurement", payload_bytes: 734742, tracking_bytes: 84216, allocations: 10525, peak_payload_bytes: 743360, owner_metadata_bytes: 96 }, returned_shape_bytes: 0, private_bytes: Some(818958), fixed_font_bytes: Some(772070), cache_reserved_bytes: 46888, last_call: Some(Report { call_id: 2644, owner_id: 32, allocator_installed: true, host_initial_bytes: 89896, host_final_bytes: 89896, process_initial_bytes: 393592, process_final_bytes: 393592, initial_bytes: 46888, final_bytes: 46888, peak_bytes: 48480, host_peak_bytes: 89896, process_peak_bytes: 393592, exceeded: false }) }) process_registry_bytes=RegistryUsage { registry_heap_bytes: 136, scope_owner_bytes: 1248, call_slots_static_bytes: 9752 }
[SystemTime { tv_sec: 1790342703, tv_nsec: 953763776 }] native attachment ledger {"attachments":{"allocations":[{"allocation":1,"host":1,"last_submission":28,"owner":8,"payload_bytes":32768000,"release_reason":null},{"allocation":1,"host":5,"last_submission":29,"owner":119,"payload_bytes":22118400,"release_reason":null}],"completed_retirements":3,"current_payload_bytes":54886400,"device_loss_confirmed":false,"device_loss_retirements":0,"observed_allocations":5,"peak_payload_bytes":54886400,"retiring_payload_bytes":0,"unknown_payload_allocations":0},"queue_epoch":1}
[SystemTime { tv_sec: 1790342703, tv_nsec: 953791840 }] native surface attachment {"allocation":1,"allocations_created":1,"extent":[960,720],"format":"Bgra8UnormSrgb","gpu_retirement_qualified":false,"host":5,"owner":119,"payload_bytes":22118400,"queue_epoch":1,"samples":8,"state":"current_renderer_reference","window":"WindowId(31457356)"}
[SystemTime { tv_sec: 1790342703, tv_nsec: 953887017 }] native_surface_lifecycle {"acquire_attempts":1,"acquired":1,"active":0,"configuration_generation":1,"configure_attempts":1,"configured_extent":[960,720],"discarded":0,"frame_submission_receipts_issued":29,"frame_submissions":1,"gpu_completed_through_receipt":28,"host":5,"last_frame_submission_receipt":29,"last_present_receipt":29,"presented":1,"queue_epoch":1,"reason":"present","wgpu_submission":"Some(SubmissionIndex { index: 29 })","window":"WindowId(31457356)"}
[SystemTime { tv_sec: 1790342703, tv_nsec: 953953993 }] native redraw ledger {"attempts":3,"counts":{"coalesced":1,"duplicate_tokens":0,"presentations":1,"received":4,"requested":2,"suppressed":1},"damage":3,"device_generation":1,"host_generation":5,"pending":false,"presented_damage":3,"ready":false,"reason":"presented","rendering":null,"window":"WindowId(31457356)"}
[SystemTime { tv_sec: 1790342703, tv_nsec: 962654228 }] native queue progress epoch=1 submitted=29 completed=29
[SystemTime { tv_sec: 1790342703, tv_nsec: 962694888 }] native attachment ledger {"attachments":{"allocations":[{"allocation":1,"host":1,"last_submission":28,"owner":8,"payload_bytes":32768000,"release_reason":null},{"allocation":1,"host":5,"last_submission":29,"owner":119,"payload_bytes":22118400,"release_reason":null}],"completed_retirements":3,"current_payload_bytes":54886400,"device_loss_confirmed":false,"device_loss_retirements":0,"observed_allocations":5,"peak_payload_bytes":54886400,"retiring_payload_bytes":0,"unknown_payload_allocations":0},"queue_epoch":1}
[SystemTime { tv_sec: 1790342704, tv_nsec: 83810243 }] window event WindowId(31457356) keyboard physical=Code(Escape) logical=Named(Escape) state=Pressed repeat=false text=Some("\u{1b}") synthetic=false
[SystemTime { tv_sec: 1790342704, tv_nsec: 83918051 }] window event WindowId(31457284) redraw requested
[SystemTime { tv_sec: 1790342704, tv_nsec: 84113777 }] window event WindowId(31457356) redraw requested
[SystemTime { tv_sec: 1790342704, tv_nsec: 84588856 }] native redraw ledger {"attempts":3,"counts":{"coalesced":1,"duplicate_tokens":0,"presentations":1,"received":5,"requested":3,"suppressed":1},"damage":4,"device_generation":1,"host_generation":5,"pending":true,"presented_damage":3,"ready":true,"reason":"closed","rendering":null,"window":"WindowId(31457356)"}
[SystemTime { tv_sec: 1790342704, tv_nsec: 91248496 }] native_surface_lifecycle {"acquire_attempts":1,"acquired":1,"active":0,"configuration_generation":1,"configure_attempts":1,"configured_extent":[960,720],"discarded":0,"frame_submission_receipts_issued":29,"frame_submissions":1,"gpu_completed_through_receipt":29,"host":5,"last_frame_submission_receipt":29,"last_present_receipt":29,"presented":1,"queue_epoch":1,"reason":"owner_drop","wgpu_submission":"Some(SubmissionIndex { index: 29 })","window":"WindowId(31457356)"}
[SystemTime { tv_sec: 1790342704, tv_nsec: 91282921 }] native attachment ledger {"attachments":{"allocations":[{"allocation":1,"host":1,"last_submission":28,"owner":8,"payload_bytes":32768000,"release_reason":null}],"completed_retirements":4,"current_payload_bytes":32768000,"device_loss_confirmed":false,"device_loss_retirements":0,"observed_allocations":5,"peak_payload_bytes":54886400,"retiring_payload_bytes":0,"unknown_payload_allocations":0},"queue_epoch":1}
[SystemTime { tv_sec: 1790342704, tv_nsec: 91634363 }] native frame round hosts=[WindowId(31457284)]
[SystemTime { tv_sec: 1790342704, tv_nsec: 91655518 }] redraw handler begin
[SystemTime { tv_sec: 1790342704, tv_nsec: 91686106 }] render scene prepare begin retained_cached=true
[SystemTime { tv_sec: 1790342704, tv_nsec: 91719553 }] prepared scene build begin
[SystemTime { tv_sec: 1790342704, tv_nsec: 91864536 }] native control_meshes window=WindowId(31457284) builds=1
[SystemTime { tv_sec: 1790342704, tv_nsec: 91887500 }] prepared scene build end 0ms
[SystemTime { tv_sec: 1790342704, tv_nsec: 91905780 }] renderer render begin
[SystemTime { tv_sec: 1790342704, tv_nsec: 92761277 }] native_surface_lifecycle {"acquire_attempts":23,"acquired":23,"active":1,"configuration_generation":1,"configure_attempts":1,"configured_extent":[1280,800],"discarded":0,"frame_submission_receipts_issued":30,"frame_submissions":23,"gpu_completed_through_receipt":29,"host":1,"last_frame_submission_receipt":30,"last_present_receipt":28,"presented":22,"queue_epoch":1,"reason":"submit","wgpu_submission":"Some(SubmissionIndex { index: 30 })","window":"WindowId(31457284)"}
[SystemTime { tv_sec: 1790342704, tv_nsec: 92914040 }] native upload frame window=WindowId(31457284) host=1 renderer=1 queue_epoch=1 surface_generation=1 acquisition=23 submission=30 receipt=Some(UploadFrame { consumers: {"MAIN", "BOARD", "LAYERS", "NAV", "INSPECTOR", "MENU", "TERMINAL"}, owner: 7, attempt: 24, rendered: Some(true), totals: UploadTotals { batches: 1, buffer_payload_bytes: 12676, texture_source_bytes: 0, texture_padding_bytes: 0, scatter_index_bytes: 12604, staging_capacity_bytes: 50488, buffer_copy_bytes: 25280, buffer_copies: 19, texture_copies: 0, scatter_dispatches: 1 } })
[SystemTime { tv_sec: 1790342704, tv_nsec: 92976757 }] native font ownership window=WindowId(31457284) usage=Usage { allocation: Usage { allocator_installed: true, owner_id: 3, label: "renderer-fonts-and-shapes", payload_bytes: 925390, tracking_bytes: 88544, allocations: 11066, peak_payload_bytes: 925507, owner_metadata_bytes: 96 }, returned_shape_bytes: 179160, private_bytes: Some(834774), fixed_font_bytes: Some(772070), cache_reserved_bytes: 62704, last_call: Some(Report { call_id: 3234, owner_id: 3, allocator_installed: true, host_initial_bytes: 339856, host_final_bytes: 339856, process_initial_bytes: 339856, process_final_bytes: 339856, initial_bytes: 62704, final_bytes: 63816, peak_bytes: 63959, host_peak_bytes: 339856, process_peak_bytes: 339856, exceeded: false }) } measurement=Some(Usage { allocation: Usage { allocator_installed: true, owner_id: 13, label: "text-measurement", payload_bytes: 734742, tracking_bytes: 84216, allocations: 10525, peak_payload_bytes: 748214, owner_metadata_bytes: 96 }, returned_shape_bytes: 0, private_bytes: Some(818958), fixed_font_bytes: Some(772070), cache_reserved_bytes: 46888, last_call: Some(Report { call_id: 1173, owner_id: 13, allocator_installed: true, host_initial_bytes: 367656, host_final_bytes: 367656, process_initial_bytes: 367656, process_final_bytes: 367656, initial_bytes: 46888, final_bytes: 46888, peak_bytes: 54192, host_peak_bytes: 367656, process_peak_bytes: 367656, exceeded: false }) }) process_registry_bytes=RegistryUsage { registry_heap_bytes: 136, scope_owner_bytes: 1248, call_slots_static_bytes: 9752 }
[SystemTime { tv_sec: 1790342704, tv_nsec: 93017726 }] native attachment ledger {"attachments":{"allocations":[{"allocation":1,"host":1,"last_submission":30,"owner":8,"payload_bytes":32768000,"release_reason":null}],"completed_retirements":4,"current_payload_bytes":32768000,"device_loss_confirmed":false,"device_loss_retirements":0,"observed_allocations":5,"peak_payload_bytes":54886400,"retiring_payload_bytes":0,"unknown_payload_allocations":0},"queue_epoch":1}
[SystemTime { tv_sec: 1790342704, tv_nsec: 93052627 }] native surface attachment {"allocation":1,"allocations_created":1,"extent":[1280,800],"format":"Bgra8UnormSrgb","gpu_retirement_qualified":false,"host":1,"owner":8,"payload_bytes":32768000,"queue_epoch":1,"samples":8,"state":"current_renderer_reference","window":"WindowId(31457284)"}
[SystemTime { tv_sec: 1790342704, tv_nsec: 93075528 }] renderer render end 1ms
[SystemTime { tv_sec: 1790342704, tv_nsec: 93097559 }] frame present begin
[SystemTime { tv_sec: 1790342704, tv_nsec: 93220137 }] native_surface_lifecycle {"acquire_attempts":23,"acquired":23,"active":0,"configuration_generation":1,"configure_attempts":1,"configured_extent":[1280,800],"discarded":0,"frame_submission_receipts_issued":30,"frame_submissions":23,"gpu_completed_through_receipt":29,"host":1,"last_frame_submission_receipt":30,"last_present_receipt":30,"presented":23,"queue_epoch":1,"reason":"present","wgpu_submission":"Some(SubmissionIndex { index: 30 })","window":"WindowId(31457284)"}
[SystemTime { tv_sec: 1790342704, tv_nsec: 93262912 }] frame present end 0ms total=1ms
[SystemTime { tv_sec: 1790342704, tv_nsec: 93320244 }] native redraw ledger {"attempts":38,"counts":{"coalesced":1,"duplicate_tokens":0,"presentations":23,"received":38,"requested":38,"suppressed":24},"damage":34,"device_generation":1,"host_generation":1,"pending":false,"presented_damage":34,"ready":false,"reason":"presented","rendering":null,"window":"WindowId(31457284)"}
[SystemTime { tv_sec: 1790342704, tv_nsec: 93367353 }] redraw handler end
[SystemTime { tv_sec: 1790342704, tv_nsec: 93684108 }] window event WindowId(31457284) focused true
[SystemTime { tv_sec: 1790342704, tv_nsec: 93969533 }] window event WindowId(31457284) modifiers changed ModifiersState(0x0)
[SystemTime { tv_sec: 1790342704, tv_nsec: 94008330 }] window event WindowId(31457284) cursor moved 148.00,16.00
[SystemTime { tv_sec: 1790342704, tv_nsec: 94153257 }] window event WindowId(31457284) modifiers changed ModifiersState(0x0)
[SystemTime { tv_sec: 1790342704, tv_nsec: 94373206 }] window event WindowId(31457284) focused false
[SystemTime { tv_sec: 1790342704, tv_nsec: 94677341 }] window event WindowId(31457284) focused true
[SystemTime { tv_sec: 1790342704, tv_nsec: 94963693 }] window event WindowId(31457284) modifiers changed ModifiersState(0x0)
[SystemTime { tv_sec: 1790342704, tv_nsec: 94996360 }] window event WindowId(31457284) cursor moved 148.00,16.00
[SystemTime { tv_sec: 1790342704, tv_nsec: 95237819 }] window event WindowId(31457284) keyboard physical=Code(Escape) logical=Named(Escape) state=Released repeat=false text=Some("\u{1b}") synthetic=false
[SystemTime { tv_sec: 1790342704, tv_nsec: 95266025 }] pan key physical=Code(Escape) logical=Named(Escape) state=Released repeat=false pointer_in_scene=false held=false consumed=false
[SystemTime { tv_sec: 1790342704, tv_nsec: 95517713 }] window event WindowId(31457356) destroyed
[SystemTime { tv_sec: 1790342704, tv_nsec: 106146728 }] window event WindowId(31457284) modifiers changed ModifiersState(0x0)
[SystemTime { tv_sec: 1790342704, tv_nsec: 106194366 }] window event WindowId(31457284) mouse input Left Pressed
[SystemTime { tv_sec: 1790342704, tv_nsec: 106230563 }] pan primary pressed cursor=Some((148.0, 16.0)) pointer_in_scene=false held=false active=false
[SystemTime { tv_sec: 1790342704, tv_nsec: 106266672 }] window event WindowId(31457284) modifiers changed ModifiersState(0x0)
[SystemTime { tv_sec: 1790342704, tv_nsec: 106303208 }] window event WindowId(31457284) modifiers changed ModifiersState(0x0)
[SystemTime { tv_sec: 1790342704, tv_nsec: 106325978 }] window event WindowId(31457284) mouse input Left Released
[SystemTime { tv_sec: 1790342704, tv_nsec: 106349198 }] pan primary released cursor=Some((148.0, 16.0)) suppress_click=false
[SystemTime { tv_sec: 1790342704, tv_nsec: 106439611 }] window event WindowId(31457284) modifiers changed ModifiersState(0x0)
[SystemTime { tv_sec: 1790342704, tv_nsec: 106463609 }] window event WindowId(31457284) redraw requested
[SystemTime { tv_sec: 1790342704, tv_nsec: 106486846 }] native frame round hosts=[WindowId(31457284)]
[SystemTime { tv_sec: 1790342704, tv_nsec: 106506628 }] redraw handler begin
[SystemTime { tv_sec: 1790342704, tv_nsec: 106559274 }] native_surface_lifecycle {"acquire_attempts":23,"acquired":23,"active":0,"configuration_generation":1,"configure_attempts":1,"configured_extent":[1280,800],"discarded":0,"frame_submission_receipts_issued":30,"frame_submissions":23,"gpu_completed_through_receipt":29,"host":1,"last_frame_submission_receipt":30,"last_present_receipt":30,"presented":23,"queue_epoch":1,"reason":"wait_queue","wgpu_submission":"Some(SubmissionIndex { index: 30 })","window":"WindowId(31457284)"}
[SystemTime { tv_sec: 1790342704, tv_nsec: 106590094 }] native redraw ledger {"attempts":39,"counts":{"coalesced":1,"duplicate_tokens":0,"presentations":23,"received":39,"requested":39,"suppressed":24},"damage":35,"device_generation":1,"host_generation":1,"pending":false,"presented_damage":34,"ready":false,"reason":"not_presented","rendering":null,"window":"WindowId(31457284)"}
[SystemTime { tv_sec: 1790342704, tv_nsec: 108024430 }] native queue progress epoch=1 submitted=30 completed=30
[SystemTime { tv_sec: 1790342704, tv_nsec: 108069784 }] native attachment ledger {"attachments":{"allocations":[{"allocation":1,"host":1,"last_submission":30,"owner":8,"payload_bytes":32768000,"release_reason":null}],"completed_retirements":4,"current_payload_bytes":32768000,"device_loss_confirmed":false,"device_loss_retirements":0,"observed_allocations":5,"peak_payload_bytes":54886400,"retiring_payload_bytes":0,"unknown_payload_allocations":0},"queue_epoch":1}
[SystemTime { tv_sec: 1790342704, tv_nsec: 108656661 }] window event WindowId(31457284) redraw requested
[SystemTime { tv_sec: 1790342704, tv_nsec: 108688026 }] native frame round hosts=[WindowId(31457284)]
[SystemTime { tv_sec: 1790342704, tv_nsec: 108707964 }] redraw handler begin
[SystemTime { tv_sec: 1790342704, tv_nsec: 108745873 }] render scene prepare begin retained_cached=true
[SystemTime { tv_sec: 1790342704, tv_nsec: 108765571 }] prepared scene build begin
[SystemTime { tv_sec: 1790342704, tv_nsec: 109050121 }] native control_meshes window=WindowId(31457284) builds=1
[SystemTime { tv_sec: 1790342704, tv_nsec: 109078122 }] prepared scene build end 0ms
[SystemTime { tv_sec: 1790342704, tv_nsec: 109103117 }] renderer render begin
[SystemTime { tv_sec: 1790342704, tv_nsec: 110191862 }] native_surface_lifecycle {"acquire_attempts":24,"acquired":24,"active":1,"configuration_generation":1,"configure_attempts":1,"configured_extent":[1280,800],"discarded":0,"frame_submission_receipts_issued":31,"frame_submissions":24,"gpu_completed_through_receipt":30,"host":1,"last_frame_submission_receipt":31,"last_present_receipt":30,"presented":23,"queue_epoch":1,"reason":"submit","wgpu_submission":"Some(SubmissionIndex { index: 31 })","window":"WindowId(31457284)"}
[SystemTime { tv_sec: 1790342704, tv_nsec: 110274333 }] native upload frame window=WindowId(31457284) host=1 renderer=1 queue_epoch=1 surface_generation=1 acquisition=24 submission=31 receipt=Some(UploadFrame { consumers: {"MAIN", "BOARD", "LAYERS", "NAV", "INSPECTOR", "MENU", "TERMINAL"}, owner: 7, attempt: 25, rendered: Some(true), totals: UploadTotals { batches: 1, buffer_payload_bytes: 19660, texture_source_bytes: 0, texture_padding_bytes: 0, scatter_index_bytes: 17740, staging_capacity_bytes: 72880, buffer_copy_bytes: 37400, buffer_copies: 3, texture_copies: 0, scatter_dispatches: 2 } })
[SystemTime { tv_sec: 1790342704, tv_nsec: 110305224 }] native font ownership window=WindowId(31457284) usage=Usage { allocation: Usage { allocator_installed: true, owner_id: 3, label: "renderer-fonts-and-shapes", payload_bytes: 925390, tracking_bytes: 88544, allocations: 11066, peak_payload_bytes: 925507, owner_metadata_bytes: 96 }, returned_shape_bytes: 179160, private_bytes: Some(834774), fixed_font_bytes: Some(772070), cache_reserved_bytes: 62704, last_call: Some(Report { call_id: 3235, owner_id: 3, allocator_installed: true, host_initial_bytes: 342664, host_final_bytes: 342664, process_initial_bytes: 342664, process_final_bytes: 342664, initial_bytes: 62704, final_bytes: 63880, peak_bytes: 64029, host_peak_bytes: 342664, process_peak_bytes: 342664, exceeded: false }) } measurement=Some(Usage { allocation: Usage { allocator_installed: true, owner_id: 13, label: "text-measurement", payload_bytes: 734742, tracking_bytes: 84216, allocations: 10525, peak_payload_bytes: 748214, owner_metadata_bytes: 96 }, returned_shape_bytes: 0, private_bytes: Some(818958), fixed_font_bytes: Some(772070), cache_reserved_bytes: 46888, last_call: Some(Report { call_id: 1173, owner_id: 13, allocator_installed: true, host_initial_bytes: 367656, host_final_bytes: 367656, process_initial_bytes: 367656, process_final_bytes: 367656, initial_bytes: 46888, final_bytes: 46888, peak_bytes: 54192, host_peak_bytes: 367656, process_peak_bytes: 367656, exceeded: false }) }) process_registry_bytes=RegistryUsage { registry_heap_bytes: 136, scope_owner_bytes: 1248, call_slots_static_bytes: 9752 }
[SystemTime { tv_sec: 1790342704, tv_nsec: 110345168 }] native attachment ledger {"attachments":{"allocations":[{"allocation":1,"host":1,"last_submission":31,"owner":8,"payload_bytes":32768000,"release_reason":null}],"completed_retirements":4,"current_payload_bytes":32768000,"device_loss_confirmed":false,"device_loss_retirements":0,"observed_allocations":5,"peak_payload_bytes":54886400,"retiring_payload_bytes":0,"unknown_payload_allocations":0},"queue_epoch":1}
[SystemTime { tv_sec: 1790342704, tv_nsec: 110371549 }] native surface attachment {"allocation":1,"allocations_created":1,"extent":[1280,800],"format":"Bgra8UnormSrgb","gpu_retirement_qualified":false,"host":1,"owner":8,"payload_bytes":32768000,"queue_epoch":1,"samples":8,"state":"current_renderer_reference","window":"WindowId(31457284)"}
[SystemTime { tv_sec: 1790342704, tv_nsec: 110410312 }] renderer render end 1ms
[SystemTime { tv_sec: 1790342704, tv_nsec: 110431107 }] frame present begin
[SystemTime { tv_sec: 1790342704, tv_nsec: 110609902 }] native_surface_lifecycle {"acquire_attempts":24,"acquired":24,"active":0,"configuration_generation":1,"configure_attempts":1,"configured_extent":[1280,800],"discarded":0,"frame_submission_receipts_issued":31,"frame_submissions":24,"gpu_completed_through_receipt":30,"host":1,"last_frame_submission_receipt":31,"last_present_receipt":31,"presented":24,"queue_epoch":1,"reason":"present","wgpu_submission":"Some(SubmissionIndex { index: 31 })","window":"WindowId(31457284)"}
[SystemTime { tv_sec: 1790342704, tv_nsec: 110747577 }] frame present end 0ms total=2ms
[SystemTime { tv_sec: 1790342704, tv_nsec: 110807061 }] native redraw ledger {"attempts":40,"counts":{"coalesced":1,"duplicate_tokens":0,"presentations":24,"received":40,"requested":40,"suppressed":25},"damage":35,"device_generation":1,"host_generation":1,"pending":false,"presented_damage":35,"ready":false,"reason":"presented","rendering":null,"window":"WindowId(31457284)"}
[SystemTime { tv_sec: 1790342704, tv_nsec: 110846645 }] redraw handler end
[SystemTime { tv_sec: 1790342704, tv_nsec: 138774749 }] native queue progress epoch=1 submitted=31 completed=31
[SystemTime { tv_sec: 1790342704, tv_nsec: 138877988 }] native attachment ledger {"attachments":{"allocations":[{"allocation":1,"host":1,"last_submission":31,"owner":8,"payload_bytes":32768000,"release_reason":null}],"completed_retirements":4,"current_payload_bytes":32768000,"device_loss_confirmed":false,"device_loss_retirements":0,"observed_allocations":5,"peak_payload_bytes":54886400,"retiring_payload_bytes":0,"unknown_payload_allocations":0},"queue_epoch":1}
[SystemTime { tv_sec: 1790342704, tv_nsec: 214442687 }] window event WindowId(31457284) keyboard physical=Code(ArrowUp) logical=Named(ArrowUp) state=Pressed repeat=false text=None synthetic=false
[SystemTime { tv_sec: 1790342704, tv_nsec: 214713147 }] window event WindowId(31457284) redraw requested
[SystemTime { tv_sec: 1790342704, tv_nsec: 214776884 }] native frame round hosts=[WindowId(31457284)]
[SystemTime { tv_sec: 1790342704, tv_nsec: 214834253 }] redraw handler begin
[SystemTime { tv_sec: 1790342704, tv_nsec: 214935240 }] render scene prepare begin retained_cached=true
[SystemTime { tv_sec: 1790342704, tv_nsec: 215000562 }] prepared scene build begin
[SystemTime { tv_sec: 1790342704, tv_nsec: 215519185 }] native control_meshes window=WindowId(31457284) builds=1
[SystemTime { tv_sec: 1790342704, tv_nsec: 215578422 }] prepared scene build end 0ms
[SystemTime { tv_sec: 1790342704, tv_nsec: 215634887 }] renderer render begin
[SystemTime { tv_sec: 1790342704, tv_nsec: 217890980 }] native_surface_lifecycle {"acquire_attempts":25,"acquired":25,"active":1,"configuration_generation":1,"configure_attempts":1,"configured_extent":[1280,800],"discarded":0,"frame_submission_receipts_issued":32,"frame_submissions":25,"gpu_completed_through_receipt":31,"host":1,"last_frame_submission_receipt":32,"last_present_receipt":31,"presented":24,"queue_epoch":1,"reason":"submit","wgpu_submission":"Some(SubmissionIndex { index: 32 })","window":"WindowId(31457284)"}
[SystemTime { tv_sec: 1790342704, tv_nsec: 218048150 }] native upload frame window=WindowId(31457284) host=1 renderer=1 queue_epoch=1 surface_generation=1 acquisition=25 submission=32 receipt=Some(UploadFrame { consumers: {"MAIN", "BOARD", "LAYERS", "NAV", "INSPECTOR", "MENU", "TERMINAL"}, owner: 7, attempt: 26, rendered: Some(true), totals: UploadTotals { batches: 1, buffer_payload_bytes: 984, texture_source_bytes: 0, texture_padding_bytes: 0, scatter_index_bytes: 0, staging_capacity_bytes: 984, buffer_copy_bytes: 984, buffer_copies: 57, texture_copies: 0, scatter_dispatches: 0 } })
[SystemTime { tv_sec: 1790342704, tv_nsec: 218119502 }] native font ownership window=WindowId(31457284) usage=Usage { allocation: Usage { allocator_installed: true, owner_id: 3, label: "renderer-fonts-and-shapes", payload_bytes: 924302, tracking_bytes: 88520, allocations: 11063, peak_payload_bytes: 925507, owner_metadata_bytes: 96 }, returned_shape_bytes: 178048, private_bytes: Some(834774), fixed_font_bytes: Some(772070), cache_reserved_bytes: 62704, last_call: Some(Report { call_id: 3235, owner_id: 3, allocator_installed: true, host_initial_bytes: 342664, host_final_bytes: 342664, process_initial_bytes: 342664, process_final_bytes: 342664, initial_bytes: 62704, final_bytes: 63880, peak_bytes: 64029, host_peak_bytes: 342664, process_peak_bytes: 342664, exceeded: false }) } measurement=Some(Usage { allocation: Usage { allocator_installed: true, owner_id: 13, label: "text-measurement", payload_bytes: 734742, tracking_bytes: 84216, allocations: 10525, peak_payload_bytes: 748214, owner_metadata_bytes: 96 }, returned_shape_bytes: 0, private_bytes: Some(818958), fixed_font_bytes: Some(772070), cache_reserved_bytes: 46888, last_call: Some(Report { call_id: 1173, owner_id: 13, allocator_installed: true, host_initial_bytes: 367656, host_final_bytes: 367656, process_initial_bytes: 367656, process_final_bytes: 367656, initial_bytes: 46888, final_bytes: 46888, peak_bytes: 54192, host_peak_bytes: 367656, process_peak_bytes: 367656, exceeded: false }) }) process_registry_bytes=RegistryUsage { registry_heap_bytes: 136, scope_owner_bytes: 1248, call_slots_static_bytes: 9752 }
[SystemTime { tv_sec: 1790342704, tv_nsec: 218192952 }] native attachment ledger {"attachments":{"allocations":[{"allocation":1,"host":1,"last_submission":32,"owner":8,"payload_bytes":32768000,"release_reason":null}],"completed_retirements":4,"current_payload_bytes":32768000,"device_loss_confirmed":false,"device_loss_retirements":0,"observed_allocations":5,"peak_payload_bytes":54886400,"retiring_payload_bytes":0,"unknown_payload_allocations":0},"queue_epoch":1}
[SystemTime { tv_sec: 1790342704, tv_nsec: 218257414 }] native surface attachment {"allocation":1,"allocations_created":1,"extent":[1280,800],"format":"Bgra8UnormSrgb","gpu_retirement_qualified":false,"host":1,"owner":8,"payload_bytes":32768000,"queue_epoch":1,"samples":8,"state":"current_renderer_reference","window":"WindowId(31457284)"}
[SystemTime { tv_sec: 1790342704, tv_nsec: 218306863 }] renderer render end 2ms
[SystemTime { tv_sec: 1790342704, tv_nsec: 218355204 }] frame present begin
[SystemTime { tv_sec: 1790342704, tv_nsec: 218511703 }] native_surface_lifecycle {"acquire_attempts":25,"acquired":25,"active":0,"configuration_generation":1,"configure_attempts":1,"configured_extent":[1280,800],"discarded":0,"frame_submission_receipts_issued":32,"frame_submissions":25,"gpu_completed_through_receipt":31,"host":1,"last_frame_submission_receipt":32,"last_present_receipt":32,"presented":25,"queue_epoch":1,"reason":"present","wgpu_submission":"Some(SubmissionIndex { index: 32 })","window":"WindowId(31457284)"}
[SystemTime { tv_sec: 1790342704, tv_nsec: 218582200 }] frame present end 0ms total=3ms
[SystemTime { tv_sec: 1790342704, tv_nsec: 218652970 }] native redraw ledger {"attempts":41,"counts":{"coalesced":1,"duplicate_tokens":0,"presentations":25,"received":41,"requested":41,"suppressed":26},"damage":36,"device_generation":1,"host_generation":1,"pending":false,"presented_damage":36,"ready":false,"reason":"presented","rendering":null,"window":"WindowId(31457284)"}
[SystemTime { tv_sec: 1790342704, tv_nsec: 218710124 }] redraw handler end
[SystemTime { tv_sec: 1790342704, tv_nsec: 225093775 }] window event WindowId(31457284) keyboard physical=Code(ArrowUp) logical=Named(ArrowUp) state=Released repeat=false text=None synthetic=false
[SystemTime { tv_sec: 1790342704, tv_nsec: 225177775 }] window event WindowId(31457284) redraw requested
[SystemTime { tv_sec: 1790342704, tv_nsec: 225232509 }] native frame round hosts=[WindowId(31457284)]
[SystemTime { tv_sec: 1790342704, tv_nsec: 225280714 }] redraw handler begin
[SystemTime { tv_sec: 1790342704, tv_nsec: 225395644 }] native_surface_lifecycle {"acquire_attempts":25,"acquired":25,"active":0,"configuration_generation":1,"configure_attempts":1,"configured_extent":[1280,800],"discarded":0,"frame_submission_receipts_issued":32,"frame_submissions":25,"gpu_completed_through_receipt":31,"host":1,"last_frame_submission_receipt":32,"last_present_receipt":32,"presented":25,"queue_epoch":1,"reason":"wait_queue","wgpu_submission":"Some(SubmissionIndex { index: 32 })","window":"WindowId(31457284)"}
[SystemTime { tv_sec: 1790342704, tv_nsec: 225467112 }] native redraw ledger {"attempts":42,"counts":{"coalesced":1,"duplicate_tokens":0,"presentations":25,"received":42,"requested":42,"suppressed":26},"damage":37,"device_generation":1,"host_generation":1,"pending":false,"presented_damage":36,"ready":false,"reason":"not_presented","rendering":null,"window":"WindowId(31457284)"}
[SystemTime { tv_sec: 1790342704, tv_nsec: 235980489 }] window event WindowId(31457284) keyboard physical=Code(ArrowRight) logical=Named(ArrowRight) state=Pressed repeat=false text=None synthetic=false
[SystemTime { tv_sec: 1790342704, tv_nsec: 236198295 }] window event WindowId(31457284) redraw requested
[SystemTime { tv_sec: 1790342704, tv_nsec: 236258042 }] native frame round hosts=[WindowId(31457284)]
[SystemTime { tv_sec: 1790342704, tv_nsec: 236307699 }] redraw handler begin
[SystemTime { tv_sec: 1790342704, tv_nsec: 236432130 }] native_surface_lifecycle {"acquire_attempts":25,"acquired":25,"active":0,"configuration_generation":1,"configure_attempts":1,"configured_extent":[1280,800],"discarded":0,"frame_submission_receipts_issued":32,"frame_submissions":25,"gpu_completed_through_receipt":31,"host":1,"last_frame_submission_receipt":32,"last_present_receipt":32,"presented":25,"queue_epoch":1,"reason":"wait_queue","wgpu_submission":"Some(SubmissionIndex { index: 32 })","window":"WindowId(31457284)"}
[SystemTime { tv_sec: 1790342704, tv_nsec: 236550123 }] native redraw ledger {"attempts":43,"counts":{"coalesced":1,"duplicate_tokens":0,"presentations":25,"received":43,"requested":43,"suppressed":26},"damage":38,"device_generation":1,"host_generation":1,"pending":false,"presented_damage":36,"ready":false,"reason":"not_presented","rendering":null,"window":"WindowId(31457284)"}
[SystemTime { tv_sec: 1790342704, tv_nsec: 240919696 }] native queue progress epoch=1 submitted=32 completed=32
[SystemTime { tv_sec: 1790342704, tv_nsec: 241013334 }] native attachment ledger {"attachments":{"allocations":[{"allocation":1,"host":1,"last_submission":32,"owner":8,"payload_bytes":32768000,"release_reason":null}],"completed_retirements":4,"current_payload_bytes":32768000,"device_loss_confirmed":false,"device_loss_retirements":0,"observed_allocations":5,"peak_payload_bytes":54886400,"retiring_payload_bytes":0,"unknown_payload_allocations":0},"queue_epoch":1}
[SystemTime { tv_sec: 1790342704, tv_nsec: 242757834 }] window event WindowId(31457284) redraw requested
[SystemTime { tv_sec: 1790342704, tv_nsec: 242823853 }] native frame round hosts=[WindowId(31457284)]
[SystemTime { tv_sec: 1790342704, tv_nsec: 242872418 }] redraw handler begin
[SystemTime { tv_sec: 1790342704, tv_nsec: 242939919 }] render scene prepare begin retained_cached=true
[SystemTime { tv_sec: 1790342704, tv_nsec: 243000867 }] prepared scene build begin
[SystemTime { tv_sec: 1790342704, tv_nsec: 243615809 }] native control_meshes window=WindowId(31457284) builds=1
[SystemTime { tv_sec: 1790342704, tv_nsec: 243672946 }] prepared scene build end 0ms
[SystemTime { tv_sec: 1790342704, tv_nsec: 243725161 }] renderer render begin
[SystemTime { tv_sec: 1790342704, tv_nsec: 244957017 }] native_surface_lifecycle {"acquire_attempts":26,"acquired":26,"active":1,"configuration_generation":1,"configure_attempts":1,"configured_extent":[1280,800],"discarded":0,"frame_submission_receipts_issued":33,"frame_submissions":26,"gpu_completed_through_receipt":32,"host":1,"last_frame_submission_receipt":33,"last_present_receipt":32,"presented":25,"queue_epoch":1,"reason":"submit","wgpu_submission":"Some(SubmissionIndex { index: 33 })","window":"WindowId(31457284)"}
[SystemTime { tv_sec: 1790342704, tv_nsec: 245062051 }] native upload frame window=WindowId(31457284) host=1 renderer=1 queue_epoch=1 surface_generation=1 acquisition=26 submission=33 receipt=Some(UploadFrame { consumers: {"MAIN", "BOARD", "LAYERS", "NAV", "INSPECTOR", "MENU", "TERMINAL"}, owner: 7, attempt: 27, rendered: Some(true), totals: UploadTotals { batches: 1, buffer_payload_bytes: 4320, texture_source_bytes: 0, texture_padding_bytes: 0, scatter_index_bytes: 0, staging_capacity_bytes: 4320, buffer_copy_bytes: 4320, buffer_copies: 2, texture_copies: 0, scatter_dispatches: 0 } })
[SystemTime { tv_sec: 1790342704, tv_nsec: 245142062 }] native font ownership window=WindowId(31457284) usage=Usage { allocation: Usage { allocator_installed: true, owner_id: 3, label: "renderer-fonts-and-shapes", payload_bytes: 924302, tracking_bytes: 88520, allocations: 11063, peak_payload_bytes: 925507, owner_metadata_bytes: 96 }, returned_shape_bytes: 178048, private_bytes: Some(834774), fixed_font_bytes: Some(772070), cache_reserved_bytes: 62704, last_call: Some(Report { call_id: 3235, owner_id: 3, allocator_installed: true, host_initial_bytes: 342664, host_final_bytes: 342664, process_initial_bytes: 342664, process_final_bytes: 342664, initial_bytes: 62704, final_bytes: 63880, peak_bytes: 64029, host_peak_bytes: 342664, process_peak_bytes: 342664, exceeded: false }) } measurement=Some(Usage { allocation: Usage { allocator_installed: true, owner_id: 13, label: "text-measurement", payload_bytes: 734742, tracking_bytes: 84216, allocations: 10525, peak_payload_bytes: 748214, owner_metadata_bytes: 96 }, returned_shape_bytes: 0, private_bytes: Some(818958), fixed_font_bytes: Some(772070), cache_reserved_bytes: 46888, last_call: Some(Report { call_id: 1173, owner_id: 13, allocator_installed: true, host_initial_bytes: 367656, host_final_bytes: 367656, process_initial_bytes: 367656, process_final_bytes: 367656, initial_bytes: 46888, final_bytes: 46888, peak_bytes: 54192, host_peak_bytes: 367656, process_peak_bytes: 367656, exceeded: false }) }) process_registry_bytes=RegistryUsage { registry_heap_bytes: 136, scope_owner_bytes: 1248, call_slots_static_bytes: 9752 }
[SystemTime { tv_sec: 1790342704, tv_nsec: 245256574 }] native attachment ledger {"attachments":{"allocations":[{"allocation":1,"host":1,"last_submission":33,"owner":8,"payload_bytes":32768000,"release_reason":null}],"completed_retirements":4,"current_payload_bytes":32768000,"device_loss_confirmed":false,"device_loss_retirements":0,"observed_allocations":5,"peak_payload_bytes":54886400,"retiring_payload_bytes":0,"unknown_payload_allocations":0},"queue_epoch":1}
[SystemTime { tv_sec: 1790342704, tv_nsec: 245323470 }] native surface attachment {"allocation":1,"allocations_created":1,"extent":[1280,800],"format":"Bgra8UnormSrgb","gpu_retirement_qualified":false,"host":1,"owner":8,"payload_bytes":32768000,"queue_epoch":1,"samples":8,"state":"current_renderer_reference","window":"WindowId(31457284)"}
[SystemTime { tv_sec: 1790342704, tv_nsec: 245374688 }] renderer render end 1ms
[SystemTime { tv_sec: 1790342704, tv_nsec: 245423791 }] frame present begin
[SystemTime { tv_sec: 1790342704, tv_nsec: 245608236 }] native_surface_lifecycle {"acquire_attempts":26,"acquired":26,"active":0,"configuration_generation":1,"configure_attempts":1,"configured_extent":[1280,800],"discarded":0,"frame_submission_receipts_issued":33,"frame_submissions":26,"gpu_completed_through_receipt":32,"host":1,"last_frame_submission_receipt":33,"last_present_receipt":33,"presented":26,"queue_epoch":1,"reason":"present","wgpu_submission":"Some(SubmissionIndex { index: 33 })","window":"WindowId(31457284)"}
[SystemTime { tv_sec: 1790342704, tv_nsec: 245684374 }] frame present end 0ms total=2ms
[SystemTime { tv_sec: 1790342704, tv_nsec: 245758874 }] native redraw ledger {"attempts":44,"counts":{"coalesced":1,"duplicate_tokens":0,"presentations":26,"received":44,"requested":44,"suppressed":27},"damage":38,"device_generation":1,"host_generation":1,"pending":false,"presented_damage":38,"ready":false,"reason":"presented","rendering":null,"window":"WindowId(31457284)"}
[SystemTime { tv_sec: 1790342704, tv_nsec: 245810228 }] redraw handler end
[SystemTime { tv_sec: 1790342704, tv_nsec: 246657734 }] window event WindowId(31457284) keyboard physical=Code(ArrowRight) logical=Named(ArrowRight) state=Released repeat=false text=None synthetic=false
[SystemTime { tv_sec: 1790342704, tv_nsec: 246736160 }] window event WindowId(31457284) redraw requested
[SystemTime { tv_sec: 1790342704, tv_nsec: 246790936 }] native frame round hosts=[WindowId(31457284)]
[SystemTime { tv_sec: 1790342704, tv_nsec: 246838824 }] redraw handler begin
[SystemTime { tv_sec: 1790342704, tv_nsec: 246937364 }] native_surface_lifecycle {"acquire_attempts":26,"acquired":26,"active":0,"configuration_generation":1,"configure_attempts":1,"configured_extent":[1280,800],"discarded":0,"frame_submission_receipts_issued":33,"frame_submissions":26,"gpu_completed_through_receipt":32,"host":1,"last_frame_submission_receipt":33,"last_present_receipt":33,"presented":26,"queue_epoch":1,"reason":"wait_queue","wgpu_submission":"Some(SubmissionIndex { index: 33 })","window":"WindowId(31457284)"}
[SystemTime { tv_sec: 1790342704, tv_nsec: 247006015 }] native redraw ledger {"attempts":45,"counts":{"coalesced":1,"duplicate_tokens":0,"presentations":26,"received":45,"requested":45,"suppressed":27},"damage":39,"device_generation":1,"host_generation":1,"pending":false,"presented_damage":38,"ready":false,"reason":"not_presented","rendering":null,"window":"WindowId(31457284)"}
[SystemTime { tv_sec: 1790342704, tv_nsec: 257583258 }] window event WindowId(31457284) keyboard physical=Code(ArrowDown) logical=Named(ArrowDown) state=Pressed repeat=false text=None synthetic=false
[SystemTime { tv_sec: 1790342704, tv_nsec: 257850073 }] window event WindowId(31457284) redraw requested
[SystemTime { tv_sec: 1790342704, tv_nsec: 257929218 }] native frame round hosts=[WindowId(31457284)]
[SystemTime { tv_sec: 1790342704, tv_nsec: 258006916 }] redraw handler begin
[SystemTime { tv_sec: 1790342704, tv_nsec: 258140116 }] native_surface_lifecycle {"acquire_attempts":26,"acquired":26,"active":0,"configuration_generation":1,"configure_attempts":1,"configured_extent":[1280,800],"discarded":0,"frame_submission_receipts_issued":33,"frame_submissions":26,"gpu_completed_through_receipt":32,"host":1,"last_frame_submission_receipt":33,"last_present_receipt":33,"presented":26,"queue_epoch":1,"reason":"wait_queue","wgpu_submission":"Some(SubmissionIndex { index: 33 })","window":"WindowId(31457284)"}
[SystemTime { tv_sec: 1790342704, tv_nsec: 258220111 }] native redraw ledger {"attempts":46,"counts":{"coalesced":1,"duplicate_tokens":0,"presentations":26,"received":46,"requested":46,"suppressed":27},"damage":40,"device_generation":1,"host_generation":1,"pending":false,"presented_damage":38,"ready":false,"reason":"not_presented","rendering":null,"window":"WindowId(31457284)"}
[SystemTime { tv_sec: 1790342704, tv_nsec: 263096091 }] native queue progress epoch=1 submitted=33 completed=33
[SystemTime { tv_sec: 1790342704, tv_nsec: 263194569 }] native attachment ledger {"attachments":{"allocations":[{"allocation":1,"host":1,"last_submission":33,"owner":8,"payload_bytes":32768000,"release_reason":null}],"completed_retirements":4,"current_payload_bytes":32768000,"device_loss_confirmed":false,"device_loss_retirements":0,"observed_allocations":5,"peak_payload_bytes":54886400,"retiring_payload_bytes":0,"unknown_payload_allocations":0},"queue_epoch":1}
[SystemTime { tv_sec: 1790342704, tv_nsec: 264518330 }] window event WindowId(31457284) redraw requested
[SystemTime { tv_sec: 1790342704, tv_nsec: 264591427 }] native frame round hosts=[WindowId(31457284)]
[SystemTime { tv_sec: 1790342704, tv_nsec: 264643955 }] redraw handler begin
[SystemTime { tv_sec: 1790342704, tv_nsec: 264721152 }] render scene prepare begin retained_cached=true
[SystemTime { tv_sec: 1790342704, tv_nsec: 264772973 }] prepared scene build begin
[SystemTime { tv_sec: 1790342704, tv_nsec: 265273108 }] native control_meshes window=WindowId(31457284) builds=1
[SystemTime { tv_sec: 1790342704, tv_nsec: 265343795 }] prepared scene build end 0ms
[SystemTime { tv_sec: 1790342704, tv_nsec: 265412189 }] renderer render begin
[SystemTime { tv_sec: 1790342704, tv_nsec: 267310907 }] native_surface_lifecycle {"acquire_attempts":27,"acquired":27,"active":1,"configuration_generation":1,"configure_attempts":1,"configured_extent":[1280,800],"discarded":0,"frame_submission_receipts_issued":34,"frame_submissions":27,"gpu_completed_through_receipt":33,"host":1,"last_frame_submission_receipt":34,"last_present_receipt":33,"presented":26,"queue_epoch":1,"reason":"submit","wgpu_submission":"Some(SubmissionIndex { index: 34 })","window":"WindowId(31457284)"}
[SystemTime { tv_sec: 1790342704, tv_nsec: 267409770 }] native upload frame window=WindowId(31457284) host=1 renderer=1 queue_epoch=1 surface_generation=1 acquisition=27 submission=34 receipt=Some(UploadFrame { consumers: {"MAIN", "BOARD", "LAYERS", "NAV", "INSPECTOR", "MENU", "TERMINAL"}, owner: 7, attempt: 28, rendered: Some(true), totals: UploadTotals { batches: 1, buffer_payload_bytes: 360, texture_source_bytes: 0, texture_padding_bytes: 0, scatter_index_bytes: 0, staging_capacity_bytes: 360, buffer_copy_bytes: 360, buffer_copies: 37, texture_copies: 0, scatter_dispatches: 0 } })
[SystemTime { tv_sec: 1790342704, tv_nsec: 267505143 }] native font ownership window=WindowId(31457284) usage=Usage { allocation: Usage { allocator_installed: true, owner_id: 3, label: "renderer-fonts-and-shapes", payload_bytes: 924302, tracking_bytes: 88520, allocations: 11063, peak_payload_bytes: 925507, owner_metadata_bytes: 96 }, returned_shape_bytes: 178048, private_bytes: Some(834774), fixed_font_bytes: Some(772070), cache_reserved_bytes: 62704, last_call: Some(Report { call_id: 3235, owner_id: 3, allocator_installed: true, host_initial_bytes: 342664, host_final_bytes: 342664, process_initial_bytes: 342664, process_final_bytes: 342664, initial_bytes: 62704, final_bytes: 63880, peak_bytes: 64029, host_peak_bytes: 342664, process_peak_bytes: 342664, exceeded: false }) } measurement=Some(Usage { allocation: Usage { allocator_installed: true, owner_id: 13, label: "text-measurement", payload_bytes: 734742, tracking_bytes: 84216, allocations: 10525, peak_payload_bytes: 748214, owner_metadata_bytes: 96 }, returned_shape_bytes: 0, private_bytes: Some(818958), fixed_font_bytes: Some(772070), cache_reserved_bytes: 46888, last_call: Some(Report { call_id: 1173, owner_id: 13, allocator_installed: true, host_initial_bytes: 367656, host_final_bytes: 367656, process_initial_bytes: 367656, process_final_bytes: 367656, initial_bytes: 46888, final_bytes: 46888, peak_bytes: 54192, host_peak_bytes: 367656, process_peak_bytes: 367656, exceeded: false }) }) process_registry_bytes=RegistryUsage { registry_heap_bytes: 136, scope_owner_bytes: 1248, call_slots_static_bytes: 9752 }
[SystemTime { tv_sec: 1790342704, tv_nsec: 267603995 }] native attachment ledger {"attachments":{"allocations":[{"allocation":1,"host":1,"last_submission":34,"owner":8,"payload_bytes":32768000,"release_reason":null}],"completed_retirements":4,"current_payload_bytes":32768000,"device_loss_confirmed":false,"device_loss_retirements":0,"observed_allocations":5,"peak_payload_bytes":54886400,"retiring_payload_bytes":0,"unknown_payload_allocations":0},"queue_epoch":1}
[SystemTime { tv_sec: 1790342704, tv_nsec: 267713172 }] native surface attachment {"allocation":1,"allocations_created":1,"extent":[1280,800],"format":"Bgra8UnormSrgb","gpu_retirement_qualified":false,"host":1,"owner":8,"payload_bytes":32768000,"queue_epoch":1,"samples":8,"state":"current_renderer_reference","window":"WindowId(31457284)"}
[SystemTime { tv_sec: 1790342704, tv_nsec: 267780423 }] renderer render end 2ms
[SystemTime { tv_sec: 1790342704, tv_nsec: 267846003 }] frame present begin
[SystemTime { tv_sec: 1790342704, tv_nsec: 268059691 }] native_surface_lifecycle {"acquire_attempts":27,"acquired":27,"active":0,"configuration_generation":1,"configure_attempts":1,"configured_extent":[1280,800],"discarded":0,"frame_submission_receipts_issued":34,"frame_submissions":27,"gpu_completed_through_receipt":33,"host":1,"last_frame_submission_receipt":34,"last_present_receipt":34,"presented":27,"queue_epoch":1,"reason":"present","wgpu_submission":"Some(SubmissionIndex { index: 34 })","window":"WindowId(31457284)"}
[SystemTime { tv_sec: 1790342704, tv_nsec: 268163049 }] frame present end 0ms total=3ms
[SystemTime { tv_sec: 1790342704, tv_nsec: 268289498 }] native redraw ledger {"attempts":47,"counts":{"coalesced":1,"duplicate_tokens":0,"presentations":27,"received":47,"requested":47,"suppressed":28},"damage":40,"device_generation":1,"host_generation":1,"pending":false,"presented_damage":40,"ready":false,"reason":"presented","rendering":null,"window":"WindowId(31457284)"}
[SystemTime { tv_sec: 1790342704, tv_nsec: 268356897 }] redraw handler end
[SystemTime { tv_sec: 1790342704, tv_nsec: 268551807 }] window event WindowId(31457284) keyboard physical=Code(ArrowDown) logical=Named(ArrowDown) state=Released repeat=false text=None synthetic=false
[SystemTime { tv_sec: 1790342704, tv_nsec: 268643058 }] window event WindowId(31457284) redraw requested
[SystemTime { tv_sec: 1790342704, tv_nsec: 268712616 }] native frame round hosts=[WindowId(31457284)]
[SystemTime { tv_sec: 1790342704, tv_nsec: 268778950 }] redraw handler begin
[SystemTime { tv_sec: 1790342704, tv_nsec: 268942405 }] native_surface_lifecycle {"acquire_attempts":27,"acquired":27,"active":0,"configuration_generation":1,"configure_attempts":1,"configured_extent":[1280,800],"discarded":0,"frame_submission_receipts_issued":34,"frame_submissions":27,"gpu_completed_through_receipt":33,"host":1,"last_frame_submission_receipt":34,"last_present_receipt":34,"presented":27,"queue_epoch":1,"reason":"wait_queue","wgpu_submission":"Some(SubmissionIndex { index: 34 })","window":"WindowId(31457284)"}
[SystemTime { tv_sec: 1790342704, tv_nsec: 269039841 }] native redraw ledger {"attempts":48,"counts":{"coalesced":1,"duplicate_tokens":0,"presentations":27,"received":48,"requested":48,"suppressed":28},"damage":41,"device_generation":1,"host_generation":1,"pending":false,"presented_damage":40,"ready":false,"reason":"not_presented","rendering":null,"window":"WindowId(31457284)"}
[SystemTime { tv_sec: 1790342704, tv_nsec: 279202776 }] native queue progress epoch=1 submitted=34 completed=34
[SystemTime { tv_sec: 1790342704, tv_nsec: 279299497 }] native attachment ledger {"attachments":{"allocations":[{"allocation":1,"host":1,"last_submission":34,"owner":8,"payload_bytes":32768000,"release_reason":null}],"completed_retirements":4,"current_payload_bytes":32768000,"device_loss_confirmed":false,"device_loss_retirements":0,"observed_allocations":5,"peak_payload_bytes":54886400,"retiring_payload_bytes":0,"unknown_payload_allocations":0},"queue_epoch":1}
[SystemTime { tv_sec: 1790342704, tv_nsec: 279422344 }] window event WindowId(31457284) keyboard physical=Code(Enter) logical=Named(Enter) state=Pressed repeat=false text=Some("\r") synthetic=false
[SystemTime { tv_sec: 1790342704, tv_nsec: 489522205 }] window event WindowId(31457284) keyboard physical=Code(Enter) logical=Named(Enter) state=Released repeat=false text=Some("\r") synthetic=false
[SystemTime { tv_sec: 1790342704, tv_nsec: 489591865 }] window event WindowId(31457284) redraw requested
[SystemTime { tv_sec: 1790342704, tv_nsec: 494058653 }] surface identity window=WindowId(31457374) window_backend=x11 gpu_backend=Vulkan adapter="Intel(R) HD Graphics P630 (KBL GT2)" device_type=IntegratedGpu driver="Intel open-source Mesa driver" driver_info="Mesa 25.0.7-2+deb13u1"
[SystemTime { tv_sec: 1790342704, tv_nsec: 498864088 }] native frame round hosts=[WindowId(31457284)]
[SystemTime { tv_sec: 1790342704, tv_nsec: 498891811 }] redraw handler begin
[SystemTime { tv_sec: 1790342704, tv_nsec: 498921706 }] render scene prepare begin retained_cached=true
[SystemTime { tv_sec: 1790342704, tv_nsec: 498938849 }] prepared scene build begin
[SystemTime { tv_sec: 1790342704, tv_nsec: 499062936 }] native control_meshes window=WindowId(31457284) builds=1
[SystemTime { tv_sec: 1790342704, tv_nsec: 499082086 }] prepared scene build end 0ms
[SystemTime { tv_sec: 1790342704, tv_nsec: 499101570 }] renderer render begin
[SystemTime { tv_sec: 1790342704, tv_nsec: 499816883 }] native_surface_lifecycle {"acquire_attempts":28,"acquired":28,"active":1,"configuration_generation":1,"configure_attempts":1,"configured_extent":[1280,800],"discarded":0,"frame_submission_receipts_issued":35,"frame_submissions":28,"gpu_completed_through_receipt":34,"host":1,"last_frame_submission_receipt":35,"last_present_receipt":34,"presented":27,"queue_epoch":1,"reason":"submit","wgpu_submission":"Some(SubmissionIndex { index: 35 })","window":"WindowId(31457284)"}
[SystemTime { tv_sec: 1790342704, tv_nsec: 499846911 }] native upload frame window=WindowId(31457284) host=1 renderer=1 queue_epoch=1 surface_generation=1 acquisition=28 submission=35 receipt=Some(UploadFrame { consumers: {"MAIN", "BOARD", "LAYERS", "NAV", "INSPECTOR", "MENU", "TERMINAL"}, owner: 7, attempt: 29, rendered: Some(true), totals: UploadTotals { batches: 1, buffer_payload_bytes: 4384, texture_source_bytes: 0, texture_padding_bytes: 0, scatter_index_bytes: 4368, staging_capacity_bytes: 17488, buffer_copy_bytes: 8752, buffer_copies: 5, texture_copies: 0, scatter_dispatches: 1 } })
[SystemTime { tv_sec: 1790342704, tv_nsec: 499873843 }] native font ownership window=WindowId(31457284) usage=Usage { allocation: Usage { allocator_installed: true, owner_id: 3, label: "renderer-fonts-and-shapes", payload_bytes: 924302, tracking_bytes: 88520, allocations: 11063, peak_payload_bytes: 925507, owner_metadata_bytes: 96 }, returned_shape_bytes: 178048, private_bytes: Some(834774), fixed_font_bytes: Some(772070), cache_reserved_bytes: 62704, last_call: Some(Report { call_id: 3235, owner_id: 3, allocator_installed: true, host_initial_bytes: 342664, host_final_bytes: 342664, process_initial_bytes: 342664, process_final_bytes: 342664, initial_bytes: 62704, final_bytes: 63880, peak_bytes: 64029, host_peak_bytes: 342664, process_peak_bytes: 342664, exceeded: false }) } measurement=Some(Usage { allocation: Usage { allocator_installed: true, owner_id: 13, label: "text-measurement", payload_bytes: 734742, tracking_bytes: 84216, allocations: 10525, peak_payload_bytes: 748214, owner_metadata_bytes: 96 }, returned_shape_bytes: 0, private_bytes: Some(818958), fixed_font_bytes: Some(772070), cache_reserved_bytes: 46888, last_call: Some(Report { call_id: 1173, owner_id: 13, allocator_installed: true, host_initial_bytes: 367656, host_final_bytes: 367656, process_initial_bytes: 367656, process_final_bytes: 367656, initial_bytes: 46888, final_bytes: 46888, peak_bytes: 54192, host_peak_bytes: 367656, process_peak_bytes: 367656, exceeded: false }) }) process_registry_bytes=RegistryUsage { registry_heap_bytes: 136, scope_owner_bytes: 1152, call_slots_static_bytes: 9752 }
[SystemTime { tv_sec: 1790342704, tv_nsec: 499902752 }] native attachment ledger {"attachments":{"allocations":[{"allocation":1,"host":1,"last_submission":35,"owner":8,"payload_bytes":32768000,"release_reason":null}],"completed_retirements":4,"current_payload_bytes":32768000,"device_loss_confirmed":false,"device_loss_retirements":0,"observed_allocations":5,"peak_payload_bytes":54886400,"retiring_payload_bytes":0,"unknown_payload_allocations":0},"queue_epoch":1}
[SystemTime { tv_sec: 1790342704, tv_nsec: 499934966 }] native surface attachment {"allocation":1,"allocations_created":1,"extent":[1280,800],"format":"Bgra8UnormSrgb","gpu_retirement_qualified":false,"host":1,"owner":8,"payload_bytes":32768000,"queue_epoch":1,"samples":8,"state":"current_renderer_reference","window":"WindowId(31457284)"}
[SystemTime { tv_sec: 1790342704, tv_nsec: 499954245 }] renderer render end 0ms
[SystemTime { tv_sec: 1790342704, tv_nsec: 499972941 }] frame present begin
[SystemTime { tv_sec: 1790342704, tv_nsec: 500062409 }] native_surface_lifecycle {"acquire_attempts":28,"acquired":28,"active":0,"configuration_generation":1,"configure_attempts":1,"configured_extent":[1280,800],"discarded":0,"frame_submission_receipts_issued":35,"frame_submissions":28,"gpu_completed_through_receipt":34,"host":1,"last_frame_submission_receipt":35,"last_present_receipt":35,"presented":28,"queue_epoch":1,"reason":"present","wgpu_submission":"Some(SubmissionIndex { index: 35 })","window":"WindowId(31457284)"}
[SystemTime { tv_sec: 1790342704, tv_nsec: 500095785 }] frame present end 0ms total=1ms
[SystemTime { tv_sec: 1790342704, tv_nsec: 500125848 }] native redraw ledger {"attempts":49,"counts":{"coalesced":2,"duplicate_tokens":0,"presentations":28,"received":49,"requested":49,"suppressed":29},"damage":42,"device_generation":1,"host_generation":1,"pending":false,"presented_damage":42,"ready":false,"reason":"presented","rendering":null,"window":"WindowId(31457284)"}
[SystemTime { tv_sec: 1790342704, tv_nsec: 500162812 }] redraw handler end
[SystemTime { tv_sec: 1790342704, tv_nsec: 500322970 }] window event WindowId(31457374) ime Disabled
[SystemTime { tv_sec: 1790342704, tv_nsec: 500516164 }] window event WindowId(31457374) redraw requested
[SystemTime { tv_sec: 1790342704, tv_nsec: 500572186 }] native frame round hosts=[WindowId(31457374)]
[SystemTime { tv_sec: 1790342704, tv_nsec: 500604290 }] native_surface_lifecycle {"acquire_attempts":0,"acquired":0,"active":0,"configuration_generation":0,"configure_attempts":0,"configured_extent":null,"discarded":0,"frame_submission_receipts_issued":35,"frame_submissions":0,"gpu_completed_through_receipt":34,"host":6,"last_frame_submission_receipt":0,"last_present_receipt":0,"presented":0,"queue_epoch":1,"reason":"wait_queue","wgpu_submission":"None","window":"WindowId(31457374)"}
[SystemTime { tv_sec: 1790342704, tv_nsec: 500629506 }] native redraw ledger {"attempts":1,"counts":{"coalesced":1,"duplicate_tokens":0,"presentations":0,"received":1,"requested":1,"suppressed":0},"damage":3,"device_generation":1,"host_generation":6,"pending":false,"presented_damage":0,"ready":false,"reason":"not_presented","rendering":null,"window":"WindowId(31457374)"}
[SystemTime { tv_sec: 1790342704, tv_nsec: 503271538 }] window event WindowId(31457374) focused false
[SystemTime { tv_sec: 1790342704, tv_nsec: 503446076 }] window event WindowId(31457374) occluded false
[SystemTime { tv_sec: 1790342704, tv_nsec: 503685733 }] window event WindowId(31457374) redraw requested
[SystemTime { tv_sec: 1790342704, tv_nsec: 506328459 }] window event WindowId(31457284) modifiers changed ModifiersState(0x0)
[SystemTime { tv_sec: 1790342704, tv_nsec: 506672290 }] window event WindowId(31457284) focused false
[SystemTime { tv_sec: 1790342704, tv_nsec: 506938477 }] window event WindowId(31457374) focused true
[SystemTime { tv_sec: 1790342704, tv_nsec: 507428697 }] window event WindowId(31457374) modifiers changed ModifiersState(0x0)
[SystemTime { tv_sec: 1790342704, tv_nsec: 507473342 }] window event WindowId(31457374) cursor moved 467.00,170.00
[SystemTime { tv_sec: 1790342704, tv_nsec: 507501567 }] window event WindowId(31457374) occluded false
[SystemTime { tv_sec: 1790342704, tv_nsec: 507799802 }] window event WindowId(31457374) resized 960x720
[SystemTime { tv_sec: 1790342704, tv_nsec: 507847683 }] window event WindowId(31457374) redraw requested
[SystemTime { tv_sec: 1790342704, tv_nsec: 507880718 }] native frame round hosts=[WindowId(31457374)]
[SystemTime { tv_sec: 1790342704, tv_nsec: 507961916 }] native_surface_lifecycle {"acquire_attempts":0,"acquired":0,"active":0,"configuration_generation":0,"configure_attempts":0,"configured_extent":null,"discarded":0,"frame_submission_receipts_issued":35,"frame_submissions":0,"gpu_completed_through_receipt":34,"host":6,"last_frame_submission_receipt":0,"last_present_receipt":0,"presented":0,"queue_epoch":1,"reason":"wait_queue","wgpu_submission":"None","window":"WindowId(31457374)"}
[SystemTime { tv_sec: 1790342704, tv_nsec: 508007176 }] native redraw ledger {"attempts":2,"counts":{"coalesced":1,"duplicate_tokens":0,"presentations":0,"received":3,"requested":1,"suppressed":0},"damage":3,"device_generation":1,"host_generation":6,"pending":false,"presented_damage":0,"ready":false,"reason":"not_presented","rendering":null,"window":"WindowId(31457374)"}
[SystemTime { tv_sec: 1790342704, tv_nsec: 512314116 }] native queue progress epoch=1 submitted=35 completed=35
[SystemTime { tv_sec: 1790342704, tv_nsec: 512376409 }] native attachment ledger {"attachments":{"allocations":[{"allocation":1,"host":1,"last_submission":35,"owner":8,"payload_bytes":32768000,"release_reason":null}],"completed_retirements":4,"current_payload_bytes":32768000,"device_loss_confirmed":false,"device_loss_retirements":0,"observed_allocations":5,"peak_payload_bytes":54886400,"retiring_payload_bytes":0,"unknown_payload_allocations":0},"queue_epoch":1}
[SystemTime { tv_sec: 1790342704, tv_nsec: 512434941 }] window event WindowId(31457374) redraw requested
[SystemTime { tv_sec: 1790342704, tv_nsec: 512469101 }] native frame round hosts=[WindowId(31457374)]
[SystemTime { tv_sec: 1790342704, tv_nsec: 512506151 }] surface configure begin
[SystemTime { tv_sec: 1790342704, tv_nsec: 517758674 }] surface configure end
[SystemTime { tv_sec: 1790342704, tv_nsec: 517793113 }] native queue configured host=6 configurations=6 submitted=35 completed=35
[SystemTime { tv_sec: 1790342704, tv_nsec: 517937678 }] native control_meshes window=WindowId(31457374) builds=18
[SystemTime { tv_sec: 1790342704, tv_nsec: 527379595 }] native_surface_lifecycle {"acquire_attempts":1,"acquired":1,"active":1,"configuration_generation":1,"configure_attempts":1,"configured_extent":[960,720],"discarded":0,"frame_submission_receipts_issued":36,"frame_submissions":1,"gpu_completed_through_receipt":35,"host":6,"last_frame_submission_receipt":36,"last_present_receipt":0,"presented":0,"queue_epoch":1,"reason":"submit","wgpu_submission":"Some(SubmissionIndex { index: 36 })","window":"WindowId(31457374)"}
[SystemTime { tv_sec: 1790342704, tv_nsec: 527446434 }] native upload frame window=WindowId(31457374) host=6 renderer=6 queue_epoch=1 surface_generation=1 acquisition=1 submission=36 receipt=Some(UploadFrame { consumers: {"PROJECT"}, owner: 144, attempt: 1, rendered: Some(true), totals: UploadTotals { batches: 1, buffer_payload_bytes: 81208, texture_source_bytes: 10748, texture_padding_bytes: 482308, scatter_index_bytes: 0, staging_capacity_bytes: 574264, buffer_copy_bytes: 81208, buffer_copies: 3, texture_copies: 267, scatter_dispatches: 0 } })
[SystemTime { tv_sec: 1790342704, tv_nsec: 527471739 }] native font ownership window=WindowId(31457374) usage=Usage { allocation: Usage { allocator_installed: true, owner_id: 35, label: "renderer-fonts-and-shapes", payload_bytes: 933174, tracking_bytes: 86800, allocations: 10848, peak_payload_bytes: 933285, owner_metadata_bytes: 96 }, returned_shape_bytes: 201016, private_bytes: Some(818958), fixed_font_bytes: Some(772070), cache_reserved_bytes: 46888, last_call: Some(Report { call_id: 3825, owner_id: 35, allocator_installed: true, host_initial_bytes: 313014, host_final_bytes: 313052, process_initial_bytes: 616710, process_final_bytes: 616748, initial_bytes: 46888, final_bytes: 46888, peak_bytes: 46888, host_peak_bytes: 313052, process_peak_bytes: 616748, exceeded: false }) } measurement=None process_registry_bytes=RegistryUsage { registry_heap_bytes: 136, scope_owner_bytes: 1152, call_slots_static_bytes: 9752 }
[SystemTime { tv_sec: 1790342704, tv_nsec: 527509032 }] native attachment ledger {"attachments":{"allocations":[{"allocation":1,"host":1,"last_submission":35,"owner":8,"payload_bytes":32768000,"release_reason":null},{"allocation":1,"host":6,"last_submission":36,"owner":145,"payload_bytes":22118400,"release_reason":null}],"completed_retirements":4,"current_payload_bytes":54886400,"device_loss_confirmed":false,"device_loss_retirements":0,"observed_allocations":6,"peak_payload_bytes":54886400,"retiring_payload_bytes":0,"unknown_payload_allocations":0},"queue_epoch":1}
[SystemTime { tv_sec: 1790342704, tv_nsec: 527533442 }] native surface attachment {"allocation":1,"allocations_created":1,"extent":[960,720],"format":"Bgra8UnormSrgb","gpu_retirement_qualified":false,"host":6,"owner":145,"payload_bytes":22118400,"queue_epoch":1,"samples":8,"state":"current_renderer_reference","window":"WindowId(31457374)"}
[SystemTime { tv_sec: 1790342704, tv_nsec: 527655932 }] native_surface_lifecycle {"acquire_attempts":1,"acquired":1,"active":0,"configuration_generation":1,"configure_attempts":1,"configured_extent":[960,720],"discarded":0,"frame_submission_receipts_issued":36,"frame_submissions":1,"gpu_completed_through_receipt":35,"host":6,"last_frame_submission_receipt":36,"last_present_receipt":36,"presented":1,"queue_epoch":1,"reason":"present","wgpu_submission":"Some(SubmissionIndex { index: 36 })","window":"WindowId(31457374)"}
[SystemTime { tv_sec: 1790342704, tv_nsec: 527687660 }] native redraw ledger {"attempts":3,"counts":{"coalesced":1,"duplicate_tokens":0,"presentations":1,"received":4,"requested":2,"suppressed":1},"damage":3,"device_generation":1,"host_generation":6,"pending":false,"presented_damage":3,"ready":false,"reason":"presented","rendering":null,"window":"WindowId(31457374)"}
[SystemTime { tv_sec: 1790342704, tv_nsec: 538697918 }] native queue progress epoch=1 submitted=36 completed=36
[SystemTime { tv_sec: 1790342704, tv_nsec: 538743161 }] native attachment ledger {"attachments":{"allocations":[{"allocation":1,"host":1,"last_submission":35,"owner":8,"payload_bytes":32768000,"release_reason":null},{"allocation":1,"host":6,"last_submission":36,"owner":145,"payload_bytes":22118400,"release_reason":null}],"completed_retirements":4,"current_payload_bytes":54886400,"device_loss_confirmed":false,"device_loss_retirements":0,"observed_allocations":6,"peak_payload_bytes":54886400,"retiring_payload_bytes":0,"unknown_payload_allocations":0},"queue_epoch":1}
[SystemTime { tv_sec: 1790342704, tv_nsec: 549794824 }] window event WindowId(31457374) keyboard physical=Code(Escape) logical=Named(Escape) state=Pressed repeat=false text=Some("\u{1b}") synthetic=false
[SystemTime { tv_sec: 1790342704, tv_nsec: 549902634 }] window event WindowId(31457284) redraw requested
[SystemTime { tv_sec: 1790342704, tv_nsec: 550044426 }] window event WindowId(31457374) redraw requested
[SystemTime { tv_sec: 1790342704, tv_nsec: 550102190 }] native redraw ledger {"attempts":3,"counts":{"coalesced":1,"duplicate_tokens":0,"presentations":1,"received":5,"requested":3,"suppressed":1},"damage":4,"device_generation":1,"host_generation":6,"pending":true,"presented_damage":3,"ready":true,"reason":"closed","rendering":null,"window":"WindowId(31457374)"}
[SystemTime { tv_sec: 1790342704, tv_nsec: 553122729 }] native_surface_lifecycle {"acquire_attempts":1,"acquired":1,"active":0,"configuration_generation":1,"configure_attempts":1,"configured_extent":[960,720],"discarded":0,"frame_submission_receipts_issued":36,"frame_submissions":1,"gpu_completed_through_receipt":36,"host":6,"last_frame_submission_receipt":36,"last_present_receipt":36,"presented":1,"queue_epoch":1,"reason":"owner_drop","wgpu_submission":"Some(SubmissionIndex { index: 36 })","window":"WindowId(31457374)"}
[SystemTime { tv_sec: 1790342704, tv_nsec: 553181298 }] native attachment ledger {"attachments":{"allocations":[{"allocation":1,"host":1,"last_submission":35,"owner":8,"payload_bytes":32768000,"release_reason":null}],"completed_retirements":5,"current_payload_bytes":32768000,"device_loss_confirmed":false,"device_loss_retirements":0,"observed_allocations":6,"peak_payload_bytes":54886400,"retiring_payload_bytes":0,"unknown_payload_allocations":0},"queue_epoch":1}
[SystemTime { tv_sec: 1790342704, tv_nsec: 554851273 }] native frame round hosts=[WindowId(31457284)]
[SystemTime { tv_sec: 1790342704, tv_nsec: 554886374 }] redraw handler begin
[SystemTime { tv_sec: 1790342704, tv_nsec: 554932192 }] render scene prepare begin retained_cached=true
[SystemTime { tv_sec: 1790342704, tv_nsec: 554956701 }] prepared scene build begin
[SystemTime { tv_sec: 1790342704, tv_nsec: 555241961 }] native control_meshes window=WindowId(31457284) builds=1
[SystemTime { tv_sec: 1790342704, tv_nsec: 555277916 }] prepared scene build end 0ms
[SystemTime { tv_sec: 1790342704, tv_nsec: 555337179 }] renderer render begin
[SystemTime { tv_sec: 1790342704, tv_nsec: 556411567 }] native_surface_lifecycle {"acquire_attempts":29,"acquired":29,"active":1,"configuration_generation":1,"configure_attempts":1,"configured_extent":[1280,800],"discarded":0,"frame_submission_receipts_issued":37,"frame_submissions":29,"gpu_completed_through_receipt":36,"host":1,"last_frame_submission_receipt":37,"last_present_receipt":35,"presented":28,"queue_epoch":1,"reason":"submit","wgpu_submission":"Some(SubmissionIndex { index: 37 })","window":"WindowId(31457284)"}
[SystemTime { tv_sec: 1790342704, tv_nsec: 556478569 }] native upload frame window=WindowId(31457284) host=1 renderer=1 queue_epoch=1 surface_generation=1 acquisition=29 submission=37 receipt=Some(UploadFrame { consumers: {"MAIN", "BOARD", "LAYERS", "NAV", "INSPECTOR", "MENU", "TERMINAL"}, owner: 7, attempt: 30, rendered: Some(true), totals: UploadTotals { batches: 1, buffer_payload_bytes: 12676, texture_source_bytes: 0, texture_padding_bytes: 0, scatter_index_bytes: 12604, staging_capacity_bytes: 50488, buffer_copy_bytes: 25280, buffer_copies: 19, texture_copies: 0, scatter_dispatches: 1 } })
[SystemTime { tv_sec: 1790342704, tv_nsec: 556518744 }] native font ownership window=WindowId(31457284) usage=Usage { allocation: Usage { allocator_installed: true, owner_id: 3, label: "renderer-fonts-and-shapes", payload_bytes: 925390, tracking_bytes: 88544, allocations: 11066, peak_payload_bytes: 925507, owner_metadata_bytes: 96 }, returned_shape_bytes: 179160, private_bytes: Some(834774), fixed_font_bytes: Some(772070), cache_reserved_bytes: 62704, last_call: Some(Report { call_id: 3826, owner_id: 3, allocator_installed: true, host_initial_bytes: 339856, host_final_bytes: 339856, process_initial_bytes: 339856, process_final_bytes: 339856, initial_bytes: 62704, final_bytes: 63816, peak_bytes: 63959, host_peak_bytes: 339856, process_peak_bytes: 339856, exceeded: false }) } measurement=Some(Usage { allocation: Usage { allocator_installed: true, owner_id: 13, label: "text-measurement", payload_bytes: 734742, tracking_bytes: 84216, allocations: 10525, peak_payload_bytes: 748214, owner_metadata_bytes: 96 }, returned_shape_bytes: 0, private_bytes: Some(818958), fixed_font_bytes: Some(772070), cache_reserved_bytes: 46888, last_call: Some(Report { call_id: 1173, owner_id: 13, allocator_installed: true, host_initial_bytes: 367656, host_final_bytes: 367656, process_initial_bytes: 367656, process_final_bytes: 367656, initial_bytes: 46888, final_bytes: 46888, peak_bytes: 54192, host_peak_bytes: 367656, process_peak_bytes: 367656, exceeded: false }) }) process_registry_bytes=RegistryUsage { registry_heap_bytes: 136, scope_owner_bytes: 1152, call_slots_static_bytes: 9752 }
[SystemTime { tv_sec: 1790342704, tv_nsec: 556557315 }] native attachment ledger {"attachments":{"allocations":[{"allocation":1,"host":1,"last_submission":37,"owner":8,"payload_bytes":32768000,"release_reason":null}],"completed_retirements":5,"current_payload_bytes":32768000,"device_loss_confirmed":false,"device_loss_retirements":0,"observed_allocations":6,"peak_payload_bytes":54886400,"retiring_payload_bytes":0,"unknown_payload_allocations":0},"queue_epoch":1}
[SystemTime { tv_sec: 1790342704, tv_nsec: 556590612 }] native surface attachment {"allocation":1,"allocations_created":1,"extent":[1280,800],"format":"Bgra8UnormSrgb","gpu_retirement_qualified":false,"host":1,"owner":8,"payload_bytes":32768000,"queue_epoch":1,"samples":8,"state":"current_renderer_reference","window":"WindowId(31457284)"}
[SystemTime { tv_sec: 1790342704, tv_nsec: 556621121 }] renderer render end 1ms
[SystemTime { tv_sec: 1790342704, tv_nsec: 556643212 }] frame present begin
[SystemTime { tv_sec: 1790342704, tv_nsec: 556728096 }] native_surface_lifecycle {"acquire_attempts":29,"acquired":29,"active":0,"configuration_generation":1,"configure_attempts":1,"configured_extent":[1280,800],"discarded":0,"frame_submission_receipts_issued":37,"frame_submissions":29,"gpu_completed_through_receipt":36,"host":1,"last_frame_submission_receipt":37,"last_present_receipt":37,"presented":29,"queue_epoch":1,"reason":"present","wgpu_submission":"Some(SubmissionIndex { index: 37 })","window":"WindowId(31457284)"}
[SystemTime { tv_sec: 1790342704, tv_nsec: 556767181 }] frame present end 0ms total=1ms
[SystemTime { tv_sec: 1790342704, tv_nsec: 556836421 }] native redraw ledger {"attempts":50,"counts":{"coalesced":2,"duplicate_tokens":0,"presentations":29,"received":50,"requested":50,"suppressed":30},"damage":43,"device_generation":1,"host_generation":1,"pending":false,"presented_damage":43,"ready":false,"reason":"presented","rendering":null,"window":"WindowId(31457284)"}
[SystemTime { tv_sec: 1790342704, tv_nsec: 556884696 }] redraw handler end
[SystemTime { tv_sec: 1790342704, tv_nsec: 557436615 }] window event WindowId(31457284) focused true
[SystemTime { tv_sec: 1790342704, tv_nsec: 557969567 }] window event WindowId(31457284) modifiers changed ModifiersState(0x0)
[SystemTime { tv_sec: 1790342704, tv_nsec: 558035512 }] window event WindowId(31457284) cursor moved 148.00,16.00
[SystemTime { tv_sec: 1790342704, tv_nsec: 558333709 }] window event WindowId(31457284) modifiers changed ModifiersState(0x0)
[SystemTime { tv_sec: 1790342704, tv_nsec: 558887603 }] window event WindowId(31457284) focused false
[SystemTime { tv_sec: 1790342704, tv_nsec: 559282460 }] window event WindowId(31457284) focused true
[SystemTime { tv_sec: 1790342704, tv_nsec: 559721235 }] window event WindowId(31457284) modifiers changed ModifiersState(0x0)
[SystemTime { tv_sec: 1790342704, tv_nsec: 559765397 }] window event WindowId(31457284) cursor moved 148.00,16.00
[SystemTime { tv_sec: 1790342704, tv_nsec: 560370904 }] window event WindowId(31457374) destroyed
[SystemTime { tv_sec: 1790342704, tv_nsec: 560419787 }] window event WindowId(31457284) keyboard physical=Code(Escape) logical=Named(Escape) state=Released repeat=false text=Some("\u{1b}") synthetic=false
[SystemTime { tv_sec: 1790342704, tv_nsec: 560446725 }] pan key physical=Code(Escape) logical=Named(Escape) state=Released repeat=false pointer_in_scene=false held=false consumed=false
[SystemTime { tv_sec: 1790342704, tv_nsec: 566847579 }] native queue progress epoch=1 submitted=37 completed=37
[SystemTime { tv_sec: 1790342704, tv_nsec: 566908061 }] native attachment ledger {"attachments":{"allocations":[{"allocation":1,"host":1,"last_submission":37,"owner":8,"payload_bytes":32768000,"release_reason":null}],"completed_retirements":5,"current_payload_bytes":32768000,"device_loss_confirmed":false,"device_loss_retirements":0,"observed_allocations":6,"peak_payload_bytes":54886400,"retiring_payload_bytes":0,"unknown_payload_allocations":0},"queue_epoch":1}
[SystemTime { tv_sec: 1790342704, tv_nsec: 571801861 }] window event WindowId(31457284) modifiers changed ModifiersState(0x0)
[SystemTime { tv_sec: 1790342704, tv_nsec: 571841974 }] window event WindowId(31457284) mouse input Left Pressed
[SystemTime { tv_sec: 1790342704, tv_nsec: 571866142 }] pan primary pressed cursor=Some((148.0, 16.0)) pointer_in_scene=false held=false active=false
[SystemTime { tv_sec: 1790342704, tv_nsec: 571903632 }] window event WindowId(31457284) modifiers changed ModifiersState(0x0)
[SystemTime { tv_sec: 1790342704, tv_nsec: 680673411 }] window event WindowId(31457284) modifiers changed ModifiersState(0x0)
[SystemTime { tv_sec: 1790342704, tv_nsec: 680764316 }] window event WindowId(31457284) mouse input Left Released
[SystemTime { tv_sec: 1790342704, tv_nsec: 680852290 }] pan primary released cursor=Some((148.0, 16.0)) suppress_click=false
[SystemTime { tv_sec: 1790342704, tv_nsec: 681042109 }] window event WindowId(31457284) modifiers changed ModifiersState(0x0)
[SystemTime { tv_sec: 1790342704, tv_nsec: 681113288 }] window event WindowId(31457284) keyboard physical=Code(ArrowUp) logical=Named(ArrowUp) state=Pressed repeat=false text=None synthetic=false
[SystemTime { tv_sec: 1790342704, tv_nsec: 681241193 }] window event WindowId(31457284) redraw requested
[SystemTime { tv_sec: 1790342704, tv_nsec: 681298526 }] native frame round hosts=[WindowId(31457284)]
[SystemTime { tv_sec: 1790342704, tv_nsec: 681346503 }] redraw handler begin
[SystemTime { tv_sec: 1790342704, tv_nsec: 681425632 }] render scene prepare begin retained_cached=true
[SystemTime { tv_sec: 1790342704, tv_nsec: 681474069 }] prepared scene build begin
[SystemTime { tv_sec: 1790342704, tv_nsec: 681867624 }] native control_meshes window=WindowId(31457284) builds=1
[SystemTime { tv_sec: 1790342704, tv_nsec: 681920898 }] prepared scene build end 0ms
[SystemTime { tv_sec: 1790342704, tv_nsec: 681972520 }] renderer render begin
[SystemTime { tv_sec: 1790342704, tv_nsec: 684041126 }] native_surface_lifecycle {"acquire_attempts":30,"acquired":30,"active":1,"configuration_generation":1,"configure_attempts":1,"configured_extent":[1280,800],"discarded":0,"frame_submission_receipts_issued":38,"frame_submissions":30,"gpu_completed_through_receipt":37,"host":1,"last_frame_submission_receipt":38,"last_present_receipt":37,"presented":29,"queue_epoch":1,"reason":"submit","wgpu_submission":"Some(SubmissionIndex { index: 38 })","window":"WindowId(31457284)"}
[SystemTime { tv_sec: 1790342704, tv_nsec: 684159209 }] native upload frame window=WindowId(31457284) host=1 renderer=1 queue_epoch=1 surface_generation=1 acquisition=30 submission=38 receipt=Some(UploadFrame { consumers: {"MAIN", "BOARD", "LAYERS", "NAV", "INSPECTOR", "MENU", "TERMINAL"}, owner: 7, attempt: 31, rendered: Some(true), totals: UploadTotals { batches: 1, buffer_payload_bytes: 19660, texture_source_bytes: 0, texture_padding_bytes: 0, scatter_index_bytes: 17740, staging_capacity_bytes: 72880, buffer_copy_bytes: 37400, buffer_copies: 3, texture_copies: 0, scatter_dispatches: 2 } })
[SystemTime { tv_sec: 1790342704, tv_nsec: 684229551 }] native font ownership window=WindowId(31457284) usage=Usage { allocation: Usage { allocator_installed: true, owner_id: 3, label: "renderer-fonts-and-shapes", payload_bytes: 925390, tracking_bytes: 88544, allocations: 11066, peak_payload_bytes: 925507, owner_metadata_bytes: 96 }, returned_shape_bytes: 179160, private_bytes: Some(834774), fixed_font_bytes: Some(772070), cache_reserved_bytes: 62704, last_call: Some(Report { call_id: 3827, owner_id: 3, allocator_installed: true, host_initial_bytes: 342664, host_final_bytes: 342664, process_initial_bytes: 342664, process_final_bytes: 342664, initial_bytes: 62704, final_bytes: 63880, peak_bytes: 64029, host_peak_bytes: 342664, process_peak_bytes: 342664, exceeded: false }) } measurement=Some(Usage { allocation: Usage { allocator_installed: true, owner_id: 13, label: "text-measurement", payload_bytes: 734742, tracking_bytes: 84216, allocations: 10525, peak_payload_bytes: 748214, owner_metadata_bytes: 96 }, returned_shape_bytes: 0, private_bytes: Some(818958), fixed_font_bytes: Some(772070), cache_reserved_bytes: 46888, last_call: Some(Report { call_id: 1173, owner_id: 13, allocator_installed: true, host_initial_bytes: 367656, host_final_bytes: 367656, process_initial_bytes: 367656, process_final_bytes: 367656, initial_bytes: 46888, final_bytes: 46888, peak_bytes: 54192, host_peak_bytes: 367656, process_peak_bytes: 367656, exceeded: false }) }) process_registry_bytes=RegistryUsage { registry_heap_bytes: 136, scope_owner_bytes: 1152, call_slots_static_bytes: 9752 }
[SystemTime { tv_sec: 1790342704, tv_nsec: 684302157 }] native attachment ledger {"attachments":{"allocations":[{"allocation":1,"host":1,"last_submission":38,"owner":8,"payload_bytes":32768000,"release_reason":null}],"completed_retirements":5,"current_payload_bytes":32768000,"device_loss_confirmed":false,"device_loss_retirements":0,"observed_allocations":6,"peak_payload_bytes":54886400,"retiring_payload_bytes":0,"unknown_payload_allocations":0},"queue_epoch":1}
[SystemTime { tv_sec: 1790342704, tv_nsec: 684376570 }] native surface attachment {"allocation":1,"allocations_created":1,"extent":[1280,800],"format":"Bgra8UnormSrgb","gpu_retirement_qualified":false,"host":1,"owner":8,"payload_bytes":32768000,"queue_epoch":1,"samples":8,"state":"current_renderer_reference","window":"WindowId(31457284)"}
[SystemTime { tv_sec: 1790342704, tv_nsec: 684426356 }] renderer render end 2ms
[SystemTime { tv_sec: 1790342704, tv_nsec: 684474984 }] frame present begin
[SystemTime { tv_sec: 1790342704, tv_nsec: 684631937 }] native_surface_lifecycle {"acquire_attempts":30,"acquired":30,"active":0,"configuration_generation":1,"configure_attempts":1,"configured_extent":[1280,800],"discarded":0,"frame_submission_receipts_issued":38,"frame_submissions":30,"gpu_completed_through_receipt":37,"host":1,"last_frame_submission_receipt":38,"last_present_receipt":38,"presented":30,"queue_epoch":1,"reason":"present","wgpu_submission":"Some(SubmissionIndex { index: 38 })","window":"WindowId(31457284)"}
[SystemTime { tv_sec: 1790342704, tv_nsec: 684706931 }] frame present end 0ms total=3ms
[SystemTime { tv_sec: 1790342704, tv_nsec: 684852902 }] native redraw ledger {"attempts":51,"counts":{"coalesced":3,"duplicate_tokens":0,"presentations":30,"received":51,"requested":51,"suppressed":31},"damage":45,"device_generation":1,"host_generation":1,"pending":false,"presented_damage":45,"ready":false,"reason":"presented","rendering":null,"window":"WindowId(31457284)"}
[SystemTime { tv_sec: 1790342704, tv_nsec: 684930705 }] redraw handler end
[SystemTime { tv_sec: 1790342704, tv_nsec: 691555772 }] window event WindowId(31457284) keyboard physical=Code(ArrowUp) logical=Named(ArrowUp) state=Released repeat=false text=None synthetic=false
[SystemTime { tv_sec: 1790342704, tv_nsec: 691656554 }] window event WindowId(31457284) redraw requested
[SystemTime { tv_sec: 1790342704, tv_nsec: 691717850 }] native frame round hosts=[WindowId(31457284)]
[SystemTime { tv_sec: 1790342704, tv_nsec: 691785427 }] redraw handler begin
[SystemTime { tv_sec: 1790342704, tv_nsec: 691888774 }] native_surface_lifecycle {"acquire_attempts":30,"acquired":30,"active":0,"configuration_generation":1,"configure_attempts":1,"configured_extent":[1280,800],"discarded":0,"frame_submission_receipts_issued":38,"frame_submissions":30,"gpu_completed_through_receipt":37,"host":1,"last_frame_submission_receipt":38,"last_present_receipt":38,"presented":30,"queue_epoch":1,"reason":"wait_queue","wgpu_submission":"Some(SubmissionIndex { index: 38 })","window":"WindowId(31457284)"}
[SystemTime { tv_sec: 1790342704, tv_nsec: 691962909 }] native redraw ledger {"attempts":52,"counts":{"coalesced":3,"duplicate_tokens":0,"presentations":30,"received":52,"requested":52,"suppressed":31},"damage":46,"device_generation":1,"host_generation":1,"pending":false,"presented_damage":45,"ready":false,"reason":"not_presented","rendering":null,"window":"WindowId(31457284)"}
[SystemTime { tv_sec: 1790342704, tv_nsec: 702205837 }] native queue progress epoch=1 submitted=38 completed=38
[SystemTime { tv_sec: 1790342704, tv_nsec: 702347420 }] native attachment ledger {"attachments":{"allocations":[{"allocation":1,"host":1,"last_submission":38,"owner":8,"payload_bytes":32768000,"release_reason":null}],"completed_retirements":5,"current_payload_bytes":32768000,"device_loss_confirmed":false,"device_loss_retirements":0,"observed_allocations":6,"peak_payload_bytes":54886400,"retiring_payload_bytes":0,"unknown_payload_allocations":0},"queue_epoch":1}
[SystemTime { tv_sec: 1790342704, tv_nsec: 702480882 }] window event WindowId(31457284) keyboard physical=Code(ArrowRight) logical=Named(ArrowRight) state=Pressed repeat=false text=None synthetic=false
[SystemTime { tv_sec: 1790342704, tv_nsec: 702670371 }] window event WindowId(31457284) redraw requested
[SystemTime { tv_sec: 1790342704, tv_nsec: 702729487 }] native frame round hosts=[WindowId(31457284)]
[SystemTime { tv_sec: 1790342704, tv_nsec: 702778369 }] redraw handler begin
[SystemTime { tv_sec: 1790342704, tv_nsec: 702849335 }] render scene prepare begin retained_cached=true
[SystemTime { tv_sec: 1790342704, tv_nsec: 702897133 }] prepared scene build begin
[SystemTime { tv_sec: 1790342704, tv_nsec: 703280263 }] native control_meshes window=WindowId(31457284) builds=1
[SystemTime { tv_sec: 1790342704, tv_nsec: 703334587 }] prepared scene build end 0ms
[SystemTime { tv_sec: 1790342704, tv_nsec: 703387030 }] renderer render begin
[SystemTime { tv_sec: 1790342704, tv_nsec: 705036736 }] native_surface_lifecycle {"acquire_attempts":31,"acquired":31,"active":1,"configuration_generation":1,"configure_attempts":1,"configured_extent":[1280,800],"discarded":0,"frame_submission_receipts_issued":39,"frame_submissions":31,"gpu_completed_through_receipt":38,"host":1,"last_frame_submission_receipt":39,"last_present_receipt":38,"presented":30,"queue_epoch":1,"reason":"submit","wgpu_submission":"Some(SubmissionIndex { index: 39 })","window":"WindowId(31457284)"}
[SystemTime { tv_sec: 1790342704, tv_nsec: 705152858 }] native upload frame window=WindowId(31457284) host=1 renderer=1 queue_epoch=1 surface_generation=1 acquisition=31 submission=39 receipt=Some(UploadFrame { consumers: {"MAIN", "BOARD", "LAYERS", "NAV", "INSPECTOR", "MENU", "TERMINAL"}, owner: 7, attempt: 32, rendered: Some(true), totals: UploadTotals { batches: 1, buffer_payload_bytes: 4320, texture_source_bytes: 0, texture_padding_bytes: 0, scatter_index_bytes: 0, staging_capacity_bytes: 4320, buffer_copy_bytes: 4320, buffer_copies: 2, texture_copies: 0, scatter_dispatches: 0 } })
[SystemTime { tv_sec: 1790342704, tv_nsec: 705223890 }] native font ownership window=WindowId(31457284) usage=Usage { allocation: Usage { allocator_installed: true, owner_id: 3, label: "renderer-fonts-and-shapes", payload_bytes: 924302, tracking_bytes: 88520, allocations: 11063, peak_payload_bytes: 925507, owner_metadata_bytes: 96 }, returned_shape_bytes: 178048, private_bytes: Some(834774), fixed_font_bytes: Some(772070), cache_reserved_bytes: 62704, last_call: Some(Report { call_id: 3827, owner_id: 3, allocator_installed: true, host_initial_bytes: 342664, host_final_bytes: 342664, process_initial_bytes: 342664, process_final_bytes: 342664, initial_bytes: 62704, final_bytes: 63880, peak_bytes: 64029, host_peak_bytes: 342664, process_peak_bytes: 342664, exceeded: false }) } measurement=Some(Usage { allocation: Usage { allocator_installed: true, owner_id: 13, label: "text-measurement", payload_bytes: 734742, tracking_bytes: 84216, allocations: 10525, peak_payload_bytes: 748214, owner_metadata_bytes: 96 }, returned_shape_bytes: 0, private_bytes: Some(818958), fixed_font_bytes: Some(772070), cache_reserved_bytes: 46888, last_call: Some(Report { call_id: 1173, owner_id: 13, allocator_installed: true, host_initial_bytes: 367656, host_final_bytes: 367656, process_initial_bytes: 367656, process_final_bytes: 367656, initial_bytes: 46888, final_bytes: 46888, peak_bytes: 54192, host_peak_bytes: 367656, process_peak_bytes: 367656, exceeded: false }) }) process_registry_bytes=RegistryUsage { registry_heap_bytes: 136, scope_owner_bytes: 1152, call_slots_static_bytes: 9752 }
[SystemTime { tv_sec: 1790342704, tv_nsec: 705297220 }] native attachment ledger {"attachments":{"allocations":[{"allocation":1,"host":1,"last_submission":39,"owner":8,"payload_bytes":32768000,"release_reason":null}],"completed_retirements":5,"current_payload_bytes":32768000,"device_loss_confirmed":false,"device_loss_retirements":0,"observed_allocations":6,"peak_payload_bytes":54886400,"retiring_payload_bytes":0,"unknown_payload_allocations":0},"queue_epoch":1}
[SystemTime { tv_sec: 1790342704, tv_nsec: 705361624 }] native surface attachment {"allocation":1,"allocations_created":1,"extent":[1280,800],"format":"Bgra8UnormSrgb","gpu_retirement_qualified":false,"host":1,"owner":8,"payload_bytes":32768000,"queue_epoch":1,"samples":8,"state":"current_renderer_reference","window":"WindowId(31457284)"}
[SystemTime { tv_sec: 1790342704, tv_nsec: 705424206 }] renderer render end 2ms
[SystemTime { tv_sec: 1790342704, tv_nsec: 705472792 }] frame present begin
[SystemTime { tv_sec: 1790342704, tv_nsec: 705617485 }] native_surface_lifecycle {"acquire_attempts":31,"acquired":31,"active":0,"configuration_generation":1,"configure_attempts":1,"configured_extent":[1280,800],"discarded":0,"frame_submission_receipts_issued":39,"frame_submissions":31,"gpu_completed_through_receipt":38,"host":1,"last_frame_submission_receipt":39,"last_present_receipt":39,"presented":31,"queue_epoch":1,"reason":"present","wgpu_submission":"Some(SubmissionIndex { index: 39 })","window":"WindowId(31457284)"}
[SystemTime { tv_sec: 1790342704, tv_nsec: 705684383 }] frame present end 0ms total=2ms
[SystemTime { tv_sec: 1790342704, tv_nsec: 705754389 }] native redraw ledger {"attempts":53,"counts":{"coalesced":4,"duplicate_tokens":0,"presentations":31,"received":53,"requested":53,"suppressed":32},"damage":47,"device_generation":1,"host_generation":1,"pending":false,"presented_damage":47,"ready":false,"reason":"presented","rendering":null,"window":"WindowId(31457284)"}
[SystemTime { tv_sec: 1790342704, tv_nsec: 705802700 }] redraw handler end
[SystemTime { tv_sec: 1790342704, tv_nsec: 712970882 }] window event WindowId(31457284) keyboard physical=Code(ArrowRight) logical=Named(ArrowRight) state=Released repeat=false text=None synthetic=false
[SystemTime { tv_sec: 1790342704, tv_nsec: 713092285 }] window event WindowId(31457284) redraw requested
[SystemTime { tv_sec: 1790342704, tv_nsec: 713168540 }] native frame round hosts=[WindowId(31457284)]
[SystemTime { tv_sec: 1790342704, tv_nsec: 713233973 }] redraw handler begin
[SystemTime { tv_sec: 1790342704, tv_nsec: 713388332 }] native_surface_lifecycle {"acquire_attempts":31,"acquired":31,"active":0,"configuration_generation":1,"configure_attempts":1,"configured_extent":[1280,800],"discarded":0,"frame_submission_receipts_issued":39,"frame_submissions":31,"gpu_completed_through_receipt":38,"host":1,"last_frame_submission_receipt":39,"last_present_receipt":39,"presented":31,"queue_epoch":1,"reason":"wait_queue","wgpu_submission":"Some(SubmissionIndex { index: 39 })","window":"WindowId(31457284)"}
[SystemTime { tv_sec: 1790342704, tv_nsec: 713498090 }] native redraw ledger {"attempts":54,"counts":{"coalesced":4,"duplicate_tokens":0,"presentations":31,"received":54,"requested":54,"suppressed":32},"damage":48,"device_generation":1,"host_generation":1,"pending":false,"presented_damage":47,"ready":false,"reason":"not_presented","rendering":null,"window":"WindowId(31457284)"}
[SystemTime { tv_sec: 1790342704, tv_nsec: 723940506 }] window event WindowId(31457284) keyboard physical=Code(ArrowDown) logical=Named(ArrowDown) state=Pressed repeat=false text=None synthetic=false
[SystemTime { tv_sec: 1790342704, tv_nsec: 724180287 }] window event WindowId(31457284) redraw requested
[SystemTime { tv_sec: 1790342704, tv_nsec: 724258526 }] native frame round hosts=[WindowId(31457284)]
[SystemTime { tv_sec: 1790342704, tv_nsec: 724324215 }] redraw handler begin
[SystemTime { tv_sec: 1790342704, tv_nsec: 724470021 }] native_surface_lifecycle {"acquire_attempts":31,"acquired":31,"active":0,"configuration_generation":1,"configure_attempts":1,"configured_extent":[1280,800],"discarded":0,"frame_submission_receipts_issued":39,"frame_submissions":31,"gpu_completed_through_receipt":38,"host":1,"last_frame_submission_receipt":39,"last_present_receipt":39,"presented":31,"queue_epoch":1,"reason":"wait_queue","wgpu_submission":"Some(SubmissionIndex { index: 39 })","window":"WindowId(31457284)"}
[SystemTime { tv_sec: 1790342704, tv_nsec: 724549886 }] native redraw ledger {"attempts":55,"counts":{"coalesced":4,"duplicate_tokens":0,"presentations":31,"received":55,"requested":55,"suppressed":32},"damage":49,"device_generation":1,"host_generation":1,"pending":false,"presented_damage":47,"ready":false,"reason":"not_presented","rendering":null,"window":"WindowId(31457284)"}
[SystemTime { tv_sec: 1790342704, tv_nsec: 727433248 }] native queue progress epoch=1 submitted=39 completed=39
[SystemTime { tv_sec: 1790342704, tv_nsec: 727528450 }] native attachment ledger {"attachments":{"allocations":[{"allocation":1,"host":1,"last_submission":39,"owner":8,"payload_bytes":32768000,"release_reason":null}],"completed_retirements":5,"current_payload_bytes":32768000,"device_loss_confirmed":false,"device_loss_retirements":0,"observed_allocations":6,"peak_payload_bytes":54886400,"retiring_payload_bytes":0,"unknown_payload_allocations":0},"queue_epoch":1}
[SystemTime { tv_sec: 1790342704, tv_nsec: 728589718 }] window event WindowId(31457284) redraw requested
[SystemTime { tv_sec: 1790342704, tv_nsec: 728642976 }] native frame round hosts=[WindowId(31457284)]
[SystemTime { tv_sec: 1790342704, tv_nsec: 728679334 }] redraw handler begin
[SystemTime { tv_sec: 1790342704, tv_nsec: 728738522 }] render scene prepare begin retained_cached=true
[SystemTime { tv_sec: 1790342704, tv_nsec: 728774449 }] prepared scene build begin
[SystemTime { tv_sec: 1790342704, tv_nsec: 729103003 }] native control_meshes window=WindowId(31457284) builds=1
[SystemTime { tv_sec: 1790342704, tv_nsec: 729144086 }] prepared scene build end 0ms
[SystemTime { tv_sec: 1790342704, tv_nsec: 729182974 }] renderer render begin
[SystemTime { tv_sec: 1790342704, tv_nsec: 730189171 }] native_surface_lifecycle {"acquire_attempts":32,"acquired":32,"active":1,"configuration_generation":1,"configure_attempts":1,"configured_extent":[1280,800],"discarded":0,"frame_submission_receipts_issued":40,"frame_submissions":32,"gpu_completed_through_receipt":39,"host":1,"last_frame_submission_receipt":40,"last_present_receipt":39,"presented":31,"queue_epoch":1,"reason":"submit","wgpu_submission":"Some(SubmissionIndex { index: 40 })","window":"WindowId(31457284)"}
[SystemTime { tv_sec: 1790342704, tv_nsec: 730245587 }] native upload frame window=WindowId(31457284) host=1 renderer=1 queue_epoch=1 surface_generation=1 acquisition=32 submission=40 receipt=Some(UploadFrame { consumers: {"MAIN", "BOARD", "LAYERS", "NAV", "INSPECTOR", "MENU", "TERMINAL"}, owner: 7, attempt: 33, rendered: Some(true), totals: UploadTotals { batches: 1, buffer_payload_bytes: 360, texture_source_bytes: 0, texture_padding_bytes: 0, scatter_index_bytes: 0, staging_capacity_bytes: 360, buffer_copy_bytes: 360, buffer_copies: 37, texture_copies: 0, scatter_dispatches: 0 } })
[SystemTime { tv_sec: 1790342704, tv_nsec: 730298834 }] native font ownership window=WindowId(31457284) usage=Usage { allocation: Usage { allocator_installed: true, owner_id: 3, label: "renderer-fonts-and-shapes", payload_bytes: 924302, tracking_bytes: 88520, allocations: 11063, peak_payload_bytes: 925507, owner_metadata_bytes: 96 }, returned_shape_bytes: 178048, private_bytes: Some(834774), fixed_font_bytes: Some(772070), cache_reserved_bytes: 62704, last_call: Some(Report { call_id: 3827, owner_id: 3, allocator_installed: true, host_initial_bytes: 342664, host_final_bytes: 342664, process_initial_bytes: 342664, process_final_bytes: 342664, initial_bytes: 62704, final_bytes: 63880, peak_bytes: 64029, host_peak_bytes: 342664, process_peak_bytes: 342664, exceeded: false }) } measurement=Some(Usage { allocation: Usage { allocator_installed: true, owner_id: 13, label: "text-measurement", payload_bytes: 734742, tracking_bytes: 84216, allocations: 10525, peak_payload_bytes: 748214, owner_metadata_bytes: 96 }, returned_shape_bytes: 0, private_bytes: Some(818958), fixed_font_bytes: Some(772070), cache_reserved_bytes: 46888, last_call: Some(Report { call_id: 1173, owner_id: 13, allocator_installed: true, host_initial_bytes: 367656, host_final_bytes: 367656, process_initial_bytes: 367656, process_final_bytes: 367656, initial_bytes: 46888, final_bytes: 46888, peak_bytes: 54192, host_peak_bytes: 367656, process_peak_bytes: 367656, exceeded: false }) }) process_registry_bytes=RegistryUsage { registry_heap_bytes: 136, scope_owner_bytes: 1152, call_slots_static_bytes: 9752 }
[SystemTime { tv_sec: 1790342704, tv_nsec: 730364637 }] native attachment ledger {"attachments":{"allocations":[{"allocation":1,"host":1,"last_submission":40,"owner":8,"payload_bytes":32768000,"release_reason":null}],"completed_retirements":5,"current_payload_bytes":32768000,"device_loss_confirmed":false,"device_loss_retirements":0,"observed_allocations":6,"peak_payload_bytes":54886400,"retiring_payload_bytes":0,"unknown_payload_allocations":0},"queue_epoch":1}
[SystemTime { tv_sec: 1790342704, tv_nsec: 730413417 }] native surface attachment {"allocation":1,"allocations_created":1,"extent":[1280,800],"format":"Bgra8UnormSrgb","gpu_retirement_qualified":false,"host":1,"owner":8,"payload_bytes":32768000,"queue_epoch":1,"samples":8,"state":"current_renderer_reference","window":"WindowId(31457284)"}
[SystemTime { tv_sec: 1790342704, tv_nsec: 730449947 }] renderer render end 1ms
[SystemTime { tv_sec: 1790342704, tv_nsec: 730486094 }] frame present begin
[SystemTime { tv_sec: 1790342704, tv_nsec: 730601216 }] native_surface_lifecycle {"acquire_attempts":32,"acquired":32,"active":0,"configuration_generation":1,"configure_attempts":1,"configured_extent":[1280,800],"discarded":0,"frame_submission_receipts_issued":40,"frame_submissions":32,"gpu_completed_through_receipt":39,"host":1,"last_frame_submission_receipt":40,"last_present_receipt":40,"presented":32,"queue_epoch":1,"reason":"present","wgpu_submission":"Some(SubmissionIndex { index: 40 })","window":"WindowId(31457284)"}
[SystemTime { tv_sec: 1790342704, tv_nsec: 730660850 }] frame present end 0ms total=1ms
[SystemTime { tv_sec: 1790342704, tv_nsec: 730720205 }] native redraw ledger {"attempts":56,"counts":{"coalesced":4,"duplicate_tokens":0,"presentations":32,"received":56,"requested":56,"suppressed":33},"damage":49,"device_generation":1,"host_generation":1,"pending":false,"presented_damage":49,"ready":false,"reason":"presented","rendering":null,"window":"WindowId(31457284)"}
[SystemTime { tv_sec: 1790342704, tv_nsec: 730759971 }] redraw handler end
[SystemTime { tv_sec: 1790342704, tv_nsec: 734285638 }] window event WindowId(31457284) keyboard physical=Code(ArrowDown) logical=Named(ArrowDown) state=Released repeat=false text=None synthetic=false
[SystemTime { tv_sec: 1790342704, tv_nsec: 734348030 }] window event WindowId(31457284) redraw requested
[SystemTime { tv_sec: 1790342704, tv_nsec: 734384371 }] native frame round hosts=[WindowId(31457284)]
[SystemTime { tv_sec: 1790342704, tv_nsec: 734414931 }] redraw handler begin
[SystemTime { tv_sec: 1790342704, tv_nsec: 734501292 }] native_surface_lifecycle {"acquire_attempts":32,"acquired":32,"active":0,"configuration_generation":1,"configure_attempts":1,"configured_extent":[1280,800],"discarded":0,"frame_submission_receipts_issued":40,"frame_submissions":32,"gpu_completed_through_receipt":39,"host":1,"last_frame_submission_receipt":40,"last_present_receipt":40,"presented":32,"queue_epoch":1,"reason":"wait_queue","wgpu_submission":"Some(SubmissionIndex { index: 40 })","window":"WindowId(31457284)"}
[SystemTime { tv_sec: 1790342704, tv_nsec: 734551313 }] native redraw ledger {"attempts":57,"counts":{"coalesced":4,"duplicate_tokens":0,"presentations":32,"received":57,"requested":57,"suppressed":33},"damage":50,"device_generation":1,"host_generation":1,"pending":false,"presented_damage":49,"ready":false,"reason":"not_presented","rendering":null,"window":"WindowId(31457284)"}
[SystemTime { tv_sec: 1790342704, tv_nsec: 737289159 }] native queue progress epoch=1 submitted=40 completed=40
[SystemTime { tv_sec: 1790342704, tv_nsec: 737349035 }] native attachment ledger {"attachments":{"allocations":[{"allocation":1,"host":1,"last_submission":40,"owner":8,"payload_bytes":32768000,"release_reason":null}],"completed_retirements":5,"current_payload_bytes":32768000,"device_loss_confirmed":false,"device_loss_retirements":0,"observed_allocations":6,"peak_payload_bytes":54886400,"retiring_payload_bytes":0,"unknown_payload_allocations":0},"queue_epoch":1}
[SystemTime { tv_sec: 1790342704, tv_nsec: 738642872 }] window event WindowId(31457284) redraw requested
[SystemTime { tv_sec: 1790342704, tv_nsec: 738682527 }] native frame round hosts=[WindowId(31457284)]
[SystemTime { tv_sec: 1790342704, tv_nsec: 738706841 }] redraw handler begin
[SystemTime { tv_sec: 1790342704, tv_nsec: 738745188 }] renderer render begin
[SystemTime { tv_sec: 1790342704, tv_nsec: 740521546 }] native_surface_lifecycle {"acquire_attempts":33,"acquired":33,"active":1,"configuration_generation":1,"configure_attempts":1,"configured_extent":[1280,800],"discarded":0,"frame_submission_receipts_issued":41,"frame_submissions":33,"gpu_completed_through_receipt":40,"host":1,"last_frame_submission_receipt":41,"last_present_receipt":40,"presented":32,"queue_epoch":1,"reason":"submit","wgpu_submission":"Some(SubmissionIndex { index: 41 })","window":"WindowId(31457284)"}
[SystemTime { tv_sec: 1790342704, tv_nsec: 740576487 }] native upload frame window=WindowId(31457284) host=1 renderer=1 queue_epoch=1 surface_generation=1 acquisition=33 submission=41 receipt=Some(UploadFrame { consumers: {"MAIN", "BOARD", "LAYERS", "NAV", "INSPECTOR", "MENU", "TERMINAL"}, owner: 7, attempt: 34, rendered: Some(true), totals: UploadTotals { batches: 0, buffer_payload_bytes: 0, texture_source_bytes: 0, texture_padding_bytes: 0, scatter_index_bytes: 0, staging_capacity_bytes: 0, buffer_copy_bytes: 0, buffer_copies: 0, texture_copies: 0, scatter_dispatches: 0 } })
[SystemTime { tv_sec: 1790342704, tv_nsec: 740631856 }] native font ownership window=WindowId(31457284) usage=Usage { allocation: Usage { allocator_installed: true, owner_id: 3, label: "renderer-fonts-and-shapes", payload_bytes: 924302, tracking_bytes: 88520, allocations: 11063, peak_payload_bytes: 925507, owner_metadata_bytes: 96 }, returned_shape_bytes: 178048, private_bytes: Some(834774), fixed_font_bytes: Some(772070), cache_reserved_bytes: 62704, last_call: Some(Report { call_id: 3827, owner_id: 3, allocator_installed: true, host_initial_bytes: 342664, host_final_bytes: 342664, process_initial_bytes: 342664, process_final_bytes: 342664, initial_bytes: 62704, final_bytes: 63880, peak_bytes: 64029, host_peak_bytes: 342664, process_peak_bytes: 342664, exceeded: false }) } measurement=Some(Usage { allocation: Usage { allocator_installed: true, owner_id: 13, label: "text-measurement", payload_bytes: 734742, tracking_bytes: 84216, allocations: 10525, peak_payload_bytes: 748214, owner_metadata_bytes: 96 }, returned_shape_bytes: 0, private_bytes: Some(818958), fixed_font_bytes: Some(772070), cache_reserved_bytes: 46888, last_call: Some(Report { call_id: 1173, owner_id: 13, allocator_installed: true, host_initial_bytes: 367656, host_final_bytes: 367656, process_initial_bytes: 367656, process_final_bytes: 367656, initial_bytes: 46888, final_bytes: 46888, peak_bytes: 54192, host_peak_bytes: 367656, process_peak_bytes: 367656, exceeded: false }) }) process_registry_bytes=RegistryUsage { registry_heap_bytes: 136, scope_owner_bytes: 1152, call_slots_static_bytes: 9752 }
[SystemTime { tv_sec: 1790342704, tv_nsec: 740685618 }] native attachment ledger {"attachments":{"allocations":[{"allocation":1,"host":1,"last_submission":41,"owner":8,"payload_bytes":32768000,"release_reason":null}],"completed_retirements":5,"current_payload_bytes":32768000,"device_loss_confirmed":false,"device_loss_retirements":0,"observed_allocations":6,"peak_payload_bytes":54886400,"retiring_payload_bytes":0,"unknown_payload_allocations":0},"queue_epoch":1}
[SystemTime { tv_sec: 1790342704, tv_nsec: 740729892 }] native surface attachment {"allocation":1,"allocations_created":1,"extent":[1280,800],"format":"Bgra8UnormSrgb","gpu_retirement_qualified":false,"host":1,"owner":8,"payload_bytes":32768000,"queue_epoch":1,"samples":8,"state":"current_renderer_reference","window":"WindowId(31457284)"}
[SystemTime { tv_sec: 1790342704, tv_nsec: 740761974 }] renderer render end 2ms
[SystemTime { tv_sec: 1790342704, tv_nsec: 740808487 }] frame present begin
[SystemTime { tv_sec: 1790342704, tv_nsec: 740915191 }] native_surface_lifecycle {"acquire_attempts":33,"acquired":33,"active":0,"configuration_generation":1,"configure_attempts":1,"configured_extent":[1280,800],"discarded":0,"frame_submission_receipts_issued":41,"frame_submissions":33,"gpu_completed_through_receipt":40,"host":1,"last_frame_submission_receipt":41,"last_present_receipt":41,"presented":33,"queue_epoch":1,"reason":"present","wgpu_submission":"Some(SubmissionIndex { index: 41 })","window":"WindowId(31457284)"}
[SystemTime { tv_sec: 1790342704, tv_nsec: 740960352 }] frame present end 0ms total=2ms
[SystemTime { tv_sec: 1790342704, tv_nsec: 741009907 }] native redraw ledger {"attempts":58,"counts":{"coalesced":4,"duplicate_tokens":0,"presentations":33,"received":58,"requested":58,"suppressed":34},"damage":50,"device_generation":1,"host_generation":1,"pending":false,"presented_damage":50,"ready":false,"reason":"presented","rendering":null,"window":"WindowId(31457284)"}
[SystemTime { tv_sec: 1790342704, tv_nsec: 741044257 }] redraw handler end
[SystemTime { tv_sec: 1790342704, tv_nsec: 744833676 }] window event WindowId(31457284) keyboard physical=Code(Enter) logical=Named(Enter) state=Pressed repeat=false text=Some("\r") synthetic=false
[SystemTime { tv_sec: 1790342704, tv_nsec: 927630166 }] window event WindowId(31457284) keyboard physical=Code(Enter) logical=Named(Enter) state=Released repeat=false text=Some("\r") synthetic=false
[SystemTime { tv_sec: 1790342704, tv_nsec: 927661844 }] window event WindowId(31457284) redraw requested
[SystemTime { tv_sec: 1790342704, tv_nsec: 931620476 }] surface identity window=WindowId(31457392) window_backend=x11 gpu_backend=Vulkan adapter="Intel(R) HD Graphics P630 (KBL GT2)" device_type=IntegratedGpu driver="Intel open-source Mesa driver" driver_info="Mesa 25.0.7-2+deb13u1"
[SystemTime { tv_sec: 1790342704, tv_nsec: 935911209 }] native frame round hosts=[WindowId(31457284)]
[SystemTime { tv_sec: 1790342704, tv_nsec: 935936289 }] redraw handler begin
[SystemTime { tv_sec: 1790342704, tv_nsec: 936009786 }] render scene prepare begin retained_cached=true
[SystemTime { tv_sec: 1790342704, tv_nsec: 936028005 }] prepared scene build begin
[SystemTime { tv_sec: 1790342704, tv_nsec: 936199981 }] native control_meshes window=WindowId(31457284) builds=1
[SystemTime { tv_sec: 1790342704, tv_nsec: 936220405 }] prepared scene build end 0ms
[SystemTime { tv_sec: 1790342704, tv_nsec: 936240929 }] renderer render begin
[SystemTime { tv_sec: 1790342704, tv_nsec: 937284788 }] native_surface_lifecycle {"acquire_attempts":34,"acquired":34,"active":1,"configuration_generation":1,"configure_attempts":1,"configured_extent":[1280,800],"discarded":0,"frame_submission_receipts_issued":42,"frame_submissions":34,"gpu_completed_through_receipt":41,"host":1,"last_frame_submission_receipt":42,"last_present_receipt":41,"presented":33,"queue_epoch":1,"reason":"submit","wgpu_submission":"Some(SubmissionIndex { index: 42 })","window":"WindowId(31457284)"}
[SystemTime { tv_sec: 1790342704, tv_nsec: 937348034 }] native upload frame window=WindowId(31457284) host=1 renderer=1 queue_epoch=1 surface_generation=1 acquisition=34 submission=42 receipt=Some(UploadFrame { consumers: {"MAIN", "BOARD", "LAYERS", "NAV", "INSPECTOR", "MENU", "TERMINAL"}, owner: 7, attempt: 35, rendered: Some(true), totals: UploadTotals { batches: 1, buffer_payload_bytes: 4384, texture_source_bytes: 0, texture_padding_bytes: 0, scatter_index_bytes: 4368, staging_capacity_bytes: 17488, buffer_copy_bytes: 8752, buffer_copies: 5, texture_copies: 0, scatter_dispatches: 1 } })
[SystemTime { tv_sec: 1790342704, tv_nsec: 937383407 }] native font ownership window=WindowId(31457284) usage=Usage { allocation: Usage { allocator_installed: true, owner_id: 3, label: "renderer-fonts-and-shapes", payload_bytes: 924302, tracking_bytes: 88520, allocations: 11063, peak_payload_bytes: 925507, owner_metadata_bytes: 96 }, returned_shape_bytes: 178048, private_bytes: Some(834774), fixed_font_bytes: Some(772070), cache_reserved_bytes: 62704, last_call: Some(Report { call_id: 3827, owner_id: 3, allocator_installed: true, host_initial_bytes: 342664, host_final_bytes: 342664, process_initial_bytes: 342664, process_final_bytes: 342664, initial_bytes: 62704, final_bytes: 63880, peak_bytes: 64029, host_peak_bytes: 342664, process_peak_bytes: 342664, exceeded: false }) } measurement=Some(Usage { allocation: Usage { allocator_installed: true, owner_id: 13, label: "text-measurement", payload_bytes: 734742, tracking_bytes: 84216, allocations: 10525, peak_payload_bytes: 748214, owner_metadata_bytes: 96 }, returned_shape_bytes: 0, private_bytes: Some(818958), fixed_font_bytes: Some(772070), cache_reserved_bytes: 46888, last_call: Some(Report { call_id: 1173, owner_id: 13, allocator_installed: true, host_initial_bytes: 367656, host_final_bytes: 367656, process_initial_bytes: 367656, process_final_bytes: 367656, initial_bytes: 46888, final_bytes: 46888, peak_bytes: 54192, host_peak_bytes: 367656, process_peak_bytes: 367656, exceeded: false }) }) process_registry_bytes=RegistryUsage { registry_heap_bytes: 136, scope_owner_bytes: 1152, call_slots_static_bytes: 9752 }
[SystemTime { tv_sec: 1790342704, tv_nsec: 937433160 }] native attachment ledger {"attachments":{"allocations":[{"allocation":1,"host":1,"last_submission":42,"owner":8,"payload_bytes":32768000,"release_reason":null}],"completed_retirements":5,"current_payload_bytes":32768000,"device_loss_confirmed":false,"device_loss_retirements":0,"observed_allocations":6,"peak_payload_bytes":54886400,"retiring_payload_bytes":0,"unknown_payload_allocations":0},"queue_epoch":1}
[SystemTime { tv_sec: 1790342704, tv_nsec: 937464821 }] native surface attachment {"allocation":1,"allocations_created":1,"extent":[1280,800],"format":"Bgra8UnormSrgb","gpu_retirement_qualified":false,"host":1,"owner":8,"payload_bytes":32768000,"queue_epoch":1,"samples":8,"state":"current_renderer_reference","window":"WindowId(31457284)"}
[SystemTime { tv_sec: 1790342704, tv_nsec: 937491297 }] renderer render end 1ms
[SystemTime { tv_sec: 1790342704, tv_nsec: 937516514 }] frame present begin
[SystemTime { tv_sec: 1790342704, tv_nsec: 937622817 }] native_surface_lifecycle {"acquire_attempts":34,"acquired":34,"active":0,"configuration_generation":1,"configure_attempts":1,"configured_extent":[1280,800],"discarded":0,"frame_submission_receipts_issued":42,"frame_submissions":34,"gpu_completed_through_receipt":41,"host":1,"last_frame_submission_receipt":42,"last_present_receipt":42,"presented":34,"queue_epoch":1,"reason":"present","wgpu_submission":"Some(SubmissionIndex { index: 42 })","window":"WindowId(31457284)"}
[SystemTime { tv_sec: 1790342704, tv_nsec: 937696780 }] frame present end 0ms total=1ms
[SystemTime { tv_sec: 1790342704, tv_nsec: 937767440 }] native redraw ledger {"attempts":59,"counts":{"coalesced":4,"duplicate_tokens":0,"presentations":34,"received":59,"requested":59,"suppressed":35},"damage":51,"device_generation":1,"host_generation":1,"pending":false,"presented_damage":51,"ready":false,"reason":"presented","rendering":null,"window":"WindowId(31457284)"}
[SystemTime { tv_sec: 1790342704, tv_nsec: 937794436 }] redraw handler end
[SystemTime { tv_sec: 1790342704, tv_nsec: 937967859 }] native queue progress epoch=1 submitted=42 completed=41
[SystemTime { tv_sec: 1790342704, tv_nsec: 937995797 }] native attachment ledger {"attachments":{"allocations":[{"allocation":1,"host":1,"last_submission":42,"owner":8,"payload_bytes":32768000,"release_reason":null}],"completed_retirements":5,"current_payload_bytes":32768000,"device_loss_confirmed":false,"device_loss_retirements":0,"observed_allocations":6,"peak_payload_bytes":54886400,"retiring_payload_bytes":0,"unknown_payload_allocations":0},"queue_epoch":1}
[SystemTime { tv_sec: 1790342704, tv_nsec: 938063507 }] window event WindowId(31457392) ime Disabled
[SystemTime { tv_sec: 1790342704, tv_nsec: 938308360 }] window event WindowId(31457392) redraw requested
[SystemTime { tv_sec: 1790342704, tv_nsec: 938455029 }] native frame round hosts=[WindowId(31457392)]
[SystemTime { tv_sec: 1790342704, tv_nsec: 938491359 }] native_surface_lifecycle {"acquire_attempts":0,"acquired":0,"active":0,"configuration_generation":0,"configure_attempts":0,"configured_extent":null,"discarded":0,"frame_submission_receipts_issued":42,"frame_submissions":0,"gpu_completed_through_receipt":41,"host":7,"last_frame_submission_receipt":0,"last_present_receipt":0,"presented":0,"queue_epoch":1,"reason":"wait_queue","wgpu_submission":"None","window":"WindowId(31457392)"}
[SystemTime { tv_sec: 1790342704, tv_nsec: 938540203 }] native redraw ledger {"attempts":1,"counts":{"coalesced":1,"duplicate_tokens":0,"presentations":0,"received":1,"requested":1,"suppressed":0},"damage":3,"device_generation":1,"host_generation":7,"pending":false,"presented_damage":0,"ready":false,"reason":"not_presented","rendering":null,"window":"WindowId(31457392)"}
[SystemTime { tv_sec: 1790342704, tv_nsec: 942257293 }] window event WindowId(31457392) focused false
[SystemTime { tv_sec: 1790342704, tv_nsec: 942511730 }] window event WindowId(31457392) occluded false
[SystemTime { tv_sec: 1790342704, tv_nsec: 942734720 }] window event WindowId(31457392) redraw requested
[SystemTime { tv_sec: 1790342704, tv_nsec: 942944315 }] native frame round hosts=[WindowId(31457392)]
[SystemTime { tv_sec: 1790342704, tv_nsec: 943008114 }] native_surface_lifecycle {"acquire_attempts":0,"acquired":0,"active":0,"configuration_generation":0,"configure_attempts":0,"configured_extent":null,"discarded":0,"frame_submission_receipts_issued":42,"frame_submissions":0,"gpu_completed_through_receipt":41,"host":7,"last_frame_submission_receipt":0,"last_present_receipt":0,"presented":0,"queue_epoch":1,"reason":"wait_queue","wgpu_submission":"None","window":"WindowId(31457392)"}
[SystemTime { tv_sec: 1790342704, tv_nsec: 943032831 }] native redraw ledger {"attempts":2,"counts":{"coalesced":1,"duplicate_tokens":0,"presentations":0,"received":2,"requested":1,"suppressed":0},"damage":3,"device_generation":1,"host_generation":7,"pending":false,"presented_damage":0,"ready":false,"reason":"not_presented","rendering":null,"window":"WindowId(31457392)"}
[SystemTime { tv_sec: 1790342704, tv_nsec: 945566315 }] window event WindowId(31457284) modifiers changed ModifiersState(0x0)
[SystemTime { tv_sec: 1790342704, tv_nsec: 946144580 }] window event WindowId(31457284) focused false
[SystemTime { tv_sec: 1790342704, tv_nsec: 946672777 }] window event WindowId(31457392) focused true
[SystemTime { tv_sec: 1790342704, tv_nsec: 947219159 }] window event WindowId(31457392) modifiers changed ModifiersState(0x0)
[SystemTime { tv_sec: 1790342704, tv_nsec: 947251194 }] window event WindowId(31457392) cursor moved 467.00,170.00
[SystemTime { tv_sec: 1790342704, tv_nsec: 947288942 }] window event WindowId(31457392) occluded false
[SystemTime { tv_sec: 1790342704, tv_nsec: 947709129 }] window event WindowId(31457392) resized 960x720
[SystemTime { tv_sec: 1790342704, tv_nsec: 947748837 }] window event WindowId(31457392) redraw requested
[SystemTime { tv_sec: 1790342704, tv_nsec: 947779811 }] native frame round hosts=[WindowId(31457392)]
[SystemTime { tv_sec: 1790342704, tv_nsec: 947844314 }] native_surface_lifecycle {"acquire_attempts":0,"acquired":0,"active":0,"configuration_generation":0,"configure_attempts":0,"configured_extent":null,"discarded":0,"frame_submission_receipts_issued":42,"frame_submissions":0,"gpu_completed_through_receipt":41,"host":7,"last_frame_submission_receipt":0,"last_present_receipt":0,"presented":0,"queue_epoch":1,"reason":"wait_queue","wgpu_submission":"None","window":"WindowId(31457392)"}
[SystemTime { tv_sec: 1790342704, tv_nsec: 947885092 }] native redraw ledger {"attempts":3,"counts":{"coalesced":1,"duplicate_tokens":0,"presentations":0,"received":3,"requested":1,"suppressed":0},"damage":3,"device_generation":1,"host_generation":7,"pending":false,"presented_damage":0,"ready":false,"reason":"not_presented","rendering":null,"window":"WindowId(31457392)"}
[SystemTime { tv_sec: 1790342704, tv_nsec: 951290047 }] native queue progress epoch=1 submitted=42 completed=42
[SystemTime { tv_sec: 1790342704, tv_nsec: 951346655 }] native attachment ledger {"attachments":{"allocations":[{"allocation":1,"host":1,"last_submission":42,"owner":8,"payload_bytes":32768000,"release_reason":null}],"completed_retirements":5,"current_payload_bytes":32768000,"device_loss_confirmed":false,"device_loss_retirements":0,"observed_allocations":6,"peak_payload_bytes":54886400,"retiring_payload_bytes":0,"unknown_payload_allocations":0},"queue_epoch":1}
[SystemTime { tv_sec: 1790342704, tv_nsec: 951426289 }] window event WindowId(31457392) redraw requested
[SystemTime { tv_sec: 1790342704, tv_nsec: 951460501 }] native frame round hosts=[WindowId(31457392)]
[SystemTime { tv_sec: 1790342704, tv_nsec: 951489778 }] surface configure begin
[SystemTime { tv_sec: 1790342704, tv_nsec: 957461545 }] surface configure end
[SystemTime { tv_sec: 1790342704, tv_nsec: 957491079 }] native queue configured host=7 configurations=7 submitted=42 completed=42
[SystemTime { tv_sec: 1790342704, tv_nsec: 957605190 }] native control_meshes window=WindowId(31457392) builds=18
[SystemTime { tv_sec: 1790342704, tv_nsec: 964085801 }] native_surface_lifecycle {"acquire_attempts":1,"acquired":1,"active":1,"configuration_generation":1,"configure_attempts":1,"configured_extent":[960,720],"discarded":0,"frame_submission_receipts_issued":43,"frame_submissions":1,"gpu_completed_through_receipt":42,"host":7,"last_frame_submission_receipt":43,"last_present_receipt":0,"presented":0,"queue_epoch":1,"reason":"submit","wgpu_submission":"Some(SubmissionIndex { index: 43 })","window":"WindowId(31457392)"}
[SystemTime { tv_sec: 1790342704, tv_nsec: 964137724 }] native upload frame window=WindowId(31457392) host=7 renderer=7 queue_epoch=1 surface_generation=1 acquisition=1 submission=43 receipt=Some(UploadFrame { consumers: {"PROJECT"}, owner: 169, attempt: 1, rendered: Some(true), totals: UploadTotals { batches: 1, buffer_payload_bytes: 81208, texture_source_bytes: 10748, texture_padding_bytes: 482308, scatter_index_bytes: 0, staging_capacity_bytes: 574264, buffer_copy_bytes: 81208, buffer_copies: 3, texture_copies: 267, scatter_dispatches: 0 } })
[SystemTime { tv_sec: 1790342704, tv_nsec: 964163659 }] native font ownership window=WindowId(31457392) usage=Usage { allocation: Usage { allocator_installed: true, owner_id: 39, label: "renderer-fonts-and-shapes", payload_bytes: 933174, tracking_bytes: 86800, allocations: 10848, peak_payload_bytes: 933285, owner_metadata_bytes: 96 }, returned_shape_bytes: 201016, private_bytes: Some(818958), fixed_font_bytes: Some(772070), cache_reserved_bytes: 46888, last_call: Some(Report { call_id: 4417, owner_id: 39, allocator_installed: true, host_initial_bytes: 313014, host_final_bytes: 313052, process_initial_bytes: 616710, process_final_bytes: 616748, initial_bytes: 46888, final_bytes: 46888, peak_bytes: 46888, host_peak_bytes: 313052, process_peak_bytes: 616748, exceeded: false }) } measurement=None process_registry_bytes=RegistryUsage { registry_heap_bytes: 136, scope_owner_bytes: 1152, call_slots_static_bytes: 9752 }
[SystemTime { tv_sec: 1790342704, tv_nsec: 964211146 }] native attachment ledger {"attachments":{"allocations":[{"allocation":1,"host":1,"last_submission":42,"owner":8,"payload_bytes":32768000,"release_reason":null},{"allocation":1,"host":7,"last_submission":43,"owner":170,"payload_bytes":22118400,"release_reason":null}],"completed_retirements":5,"current_payload_bytes":54886400,"device_loss_confirmed":false,"device_loss_retirements":0,"observed_allocations":7,"peak_payload_bytes":54886400,"retiring_payload_bytes":0,"unknown_payload_allocations":0},"queue_epoch":1}
[SystemTime { tv_sec: 1790342704, tv_nsec: 964234846 }] native surface attachment {"allocation":1,"allocations_created":1,"extent":[960,720],"format":"Bgra8UnormSrgb","gpu_retirement_qualified":false,"host":7,"owner":170,"payload_bytes":22118400,"queue_epoch":1,"samples":8,"state":"current_renderer_reference","window":"WindowId(31457392)"}
[SystemTime { tv_sec: 1790342704, tv_nsec: 964326948 }] native_surface_lifecycle {"acquire_attempts":1,"acquired":1,"active":0,"configuration_generation":1,"configure_attempts":1,"configured_extent":[960,720],"discarded":0,"frame_submission_receipts_issued":43,"frame_submissions":1,"gpu_completed_through_receipt":42,"host":7,"last_frame_submission_receipt":43,"last_present_receipt":43,"presented":1,"queue_epoch":1,"reason":"present","wgpu_submission":"Some(SubmissionIndex { index: 43 })","window":"WindowId(31457392)"}
[SystemTime { tv_sec: 1790342704, tv_nsec: 964363789 }] native redraw ledger {"attempts":4,"counts":{"coalesced":1,"duplicate_tokens":0,"presentations":1,"received":4,"requested":2,"suppressed":1},"damage":3,"device_generation":1,"host_generation":7,"pending":false,"presented_damage":3,"ready":false,"reason":"presented","rendering":null,"window":"WindowId(31457392)"}
[SystemTime { tv_sec: 1790342704, tv_nsec: 975857491 }] native queue progress epoch=1 submitted=43 completed=43
[SystemTime { tv_sec: 1790342704, tv_nsec: 975905602 }] native attachment ledger {"attachments":{"allocations":[{"allocation":1,"host":1,"last_submission":42,"owner":8,"payload_bytes":32768000,"release_reason":null},{"allocation":1,"host":7,"last_submission":43,"owner":170,"payload_bytes":22118400,"release_reason":null}],"completed_retirements":5,"current_payload_bytes":54886400,"device_loss_confirmed":false,"device_loss_retirements":0,"observed_allocations":7,"peak_payload_bytes":54886400,"retiring_payload_bytes":0,"unknown_payload_allocations":0},"queue_epoch":1}
[SystemTime { tv_sec: 1790342704, tv_nsec: 988036339 }] window event WindowId(31457392) keyboard physical=Code(Escape) logical=Named(Escape) state=Pressed repeat=false text=Some("\u{1b}") synthetic=false
[SystemTime { tv_sec: 1790342704, tv_nsec: 988119978 }] window event WindowId(31457392) redraw requested
[SystemTime { tv_sec: 1790342704, tv_nsec: 988154864 }] window event WindowId(31457284) redraw requested
[SystemTime { tv_sec: 1790342704, tv_nsec: 988309965 }] native redraw ledger {"attempts":4,"counts":{"coalesced":1,"duplicate_tokens":0,"presentations":1,"received":5,"requested":3,"suppressed":1},"damage":4,"device_generation":1,"host_generation":7,"pending":true,"presented_damage":3,"ready":true,"reason":"closed","rendering":null,"window":"WindowId(31457392)"}
[SystemTime { tv_sec: 1790342705, tv_nsec: 8820977 }] native_surface_lifecycle {"acquire_attempts":1,"acquired":1,"active":0,"configuration_generation":1,"configure_attempts":1,"configured_extent":[960,720],"discarded":0,"frame_submission_receipts_issued":43,"frame_submissions":1,"gpu_completed_through_receipt":43,"host":7,"last_frame_submission_receipt":43,"last_present_receipt":43,"presented":1,"queue_epoch":1,"reason":"owner_drop","wgpu_submission":"Some(SubmissionIndex { index: 43 })","window":"WindowId(31457392)"}
[SystemTime { tv_sec: 1790342705, tv_nsec: 8894257 }] native attachment ledger {"attachments":{"allocations":[{"allocation":1,"host":1,"last_submission":42,"owner":8,"payload_bytes":32768000,"release_reason":null}],"completed_retirements":6,"current_payload_bytes":32768000,"device_loss_confirmed":false,"device_loss_retirements":0,"observed_allocations":7,"peak_payload_bytes":54886400,"retiring_payload_bytes":0,"unknown_payload_allocations":0},"queue_epoch":1}
[SystemTime { tv_sec: 1790342705, tv_nsec: 9319065 }] native frame round hosts=[WindowId(31457284)]
[SystemTime { tv_sec: 1790342705, tv_nsec: 9374337 }] redraw handler begin
[SystemTime { tv_sec: 1790342705, tv_nsec: 9434433 }] render scene prepare begin retained_cached=true
[SystemTime { tv_sec: 1790342705, tv_nsec: 9500724 }] prepared scene build begin
[SystemTime { tv_sec: 1790342705, tv_nsec: 9664047 }] native control_meshes window=WindowId(31457284) builds=1
[SystemTime { tv_sec: 1790342705, tv_nsec: 9684466 }] prepared scene build end 0ms
[SystemTime { tv_sec: 1790342705, tv_nsec: 9705002 }] renderer render begin
[SystemTime { tv_sec: 1790342705, tv_nsec: 10470196 }] native_surface_lifecycle {"acquire_attempts":35,"acquired":35,"active":1,"configuration_generation":1,"configure_attempts":1,"configured_extent":[1280,800],"discarded":0,"frame_submission_receipts_issued":44,"frame_submissions":35,"gpu_completed_through_receipt":43,"host":1,"last_frame_submission_receipt":44,"last_present_receipt":42,"presented":34,"queue_epoch":1,"reason":"submit","wgpu_submission":"Some(SubmissionIndex { index: 44 })","window":"WindowId(31457284)"}
[SystemTime { tv_sec: 1790342705, tv_nsec: 10527687 }] native upload frame window=WindowId(31457284) host=1 renderer=1 queue_epoch=1 surface_generation=1 acquisition=35 submission=44 receipt=Some(UploadFrame { consumers: {"MAIN", "BOARD", "LAYERS", "NAV", "INSPECTOR", "MENU", "TERMINAL"}, owner: 7, attempt: 36, rendered: Some(true), totals: UploadTotals { batches: 1, buffer_payload_bytes: 12676, texture_source_bytes: 0, texture_padding_bytes: 0, scatter_index_bytes: 12604, staging_capacity_bytes: 50488, buffer_copy_bytes: 25280, buffer_copies: 19, texture_copies: 0, scatter_dispatches: 1 } })
[SystemTime { tv_sec: 1790342705, tv_nsec: 10555462 }] native font ownership window=WindowId(31457284) usage=Usage { allocation: Usage { allocator_installed: true, owner_id: 3, label: "renderer-fonts-and-shapes", payload_bytes: 925390, tracking_bytes: 88544, allocations: 11066, peak_payload_bytes: 925507, owner_metadata_bytes: 96 }, returned_shape_bytes: 179160, private_bytes: Some(834774), fixed_font_bytes: Some(772070), cache_reserved_bytes: 62704, last_call: Some(Report { call_id: 4418, owner_id: 3, allocator_installed: true, host_initial_bytes: 339856, host_final_bytes: 339856, process_initial_bytes: 339856, process_final_bytes: 339856, initial_bytes: 62704, final_bytes: 63816, peak_bytes: 63959, host_peak_bytes: 339856, process_peak_bytes: 339856, exceeded: false }) } measurement=Some(Usage { allocation: Usage { allocator_installed: true, owner_id: 13, label: "text-measurement", payload_bytes: 734742, tracking_bytes: 84216, allocations: 10525, peak_payload_bytes: 748214, owner_metadata_bytes: 96 }, returned_shape_bytes: 0, private_bytes: Some(818958), fixed_font_bytes: Some(772070), cache_reserved_bytes: 46888, last_call: Some(Report { call_id: 1173, owner_id: 13, allocator_installed: true, host_initial_bytes: 367656, host_final_bytes: 367656, process_initial_bytes: 367656, process_final_bytes: 367656, initial_bytes: 46888, final_bytes: 46888, peak_bytes: 54192, host_peak_bytes: 367656, process_peak_bytes: 367656, exceeded: false }) }) process_registry_bytes=RegistryUsage { registry_heap_bytes: 136, scope_owner_bytes: 1152, call_slots_static_bytes: 9752 }
[SystemTime { tv_sec: 1790342705, tv_nsec: 10583182 }] native attachment ledger {"attachments":{"allocations":[{"allocation":1,"host":1,"last_submission":44,"owner":8,"payload_bytes":32768000,"release_reason":null}],"completed_retirements":6,"current_payload_bytes":32768000,"device_loss_confirmed":false,"device_loss_retirements":0,"observed_allocations":7,"peak_payload_bytes":54886400,"retiring_payload_bytes":0,"unknown_payload_allocations":0},"queue_epoch":1}
[SystemTime { tv_sec: 1790342705, tv_nsec: 10607961 }] native surface attachment {"allocation":1,"allocations_created":1,"extent":[1280,800],"format":"Bgra8UnormSrgb","gpu_retirement_qualified":false,"host":1,"owner":8,"payload_bytes":32768000,"queue_epoch":1,"samples":8,"state":"current_renderer_reference","window":"WindowId(31457284)"}
[SystemTime { tv_sec: 1790342705, tv_nsec: 10626514 }] renderer render end 0ms
[SystemTime { tv_sec: 1790342705, tv_nsec: 10644626 }] frame present begin
[SystemTime { tv_sec: 1790342705, tv_nsec: 10704425 }] native_surface_lifecycle {"acquire_attempts":35,"acquired":35,"active":0,"configuration_generation":1,"configure_attempts":1,"configured_extent":[1280,800],"discarded":0,"frame_submission_receipts_issued":44,"frame_submissions":35,"gpu_completed_through_receipt":43,"host":1,"last_frame_submission_receipt":44,"last_present_receipt":44,"presented":35,"queue_epoch":1,"reason":"present","wgpu_submission":"Some(SubmissionIndex { index: 44 })","window":"WindowId(31457284)"}
[SystemTime { tv_sec: 1790342705, tv_nsec: 10729402 }] frame present end 0ms total=1ms
[SystemTime { tv_sec: 1790342705, tv_nsec: 10756807 }] native redraw ledger {"attempts":60,"counts":{"coalesced":4,"duplicate_tokens":0,"presentations":35,"received":60,"requested":60,"suppressed":36},"damage":52,"device_generation":1,"host_generation":1,"pending":false,"presented_damage":52,"ready":false,"reason":"presented","rendering":null,"window":"WindowId(31457284)"}
[SystemTime { tv_sec: 1790342705, tv_nsec: 10800662 }] redraw handler end
[SystemTime { tv_sec: 1790342705, tv_nsec: 11266227 }] window event WindowId(31457284) focused true
[SystemTime { tv_sec: 1790342705, tv_nsec: 11634812 }] window event WindowId(31457284) modifiers changed ModifiersState(0x0)
[SystemTime { tv_sec: 1790342705, tv_nsec: 11665691 }] window event WindowId(31457284) cursor moved 148.00,16.00
[SystemTime { tv_sec: 1790342705, tv_nsec: 11958245 }] window event WindowId(31457284) modifiers changed ModifiersState(0x0)
[SystemTime { tv_sec: 1790342705, tv_nsec: 12235444 }] window event WindowId(31457284) focused false
[SystemTime { tv_sec: 1790342705, tv_nsec: 12637629 }] window event WindowId(31457284) focused true
[SystemTime { tv_sec: 1790342705, tv_nsec: 13034968 }] window event WindowId(31457284) modifiers changed ModifiersState(0x0)
[SystemTime { tv_sec: 1790342705, tv_nsec: 13072917 }] window event WindowId(31457284) cursor moved 148.00,16.00
[SystemTime { tv_sec: 1790342705, tv_nsec: 13286958 }] window event WindowId(31457284) keyboard physical=Code(Escape) logical=Named(Escape) state=Released repeat=false text=Some("\u{1b}") synthetic=false
[SystemTime { tv_sec: 1790342705, tv_nsec: 13319946 }] pan key physical=Code(Escape) logical=Named(Escape) state=Released repeat=false pointer_in_scene=false held=false consumed=false
[SystemTime { tv_sec: 1790342705, tv_nsec: 13602733 }] window event WindowId(31457392) destroyed
[SystemTime { tv_sec: 1790342705, tv_nsec: 24073010 }] native queue progress epoch=1 submitted=44 completed=44
[SystemTime { tv_sec: 1790342705, tv_nsec: 24117250 }] native attachment ledger {"attachments":{"allocations":[{"allocation":1,"host":1,"last_submission":44,"owner":8,"payload_bytes":32768000,"release_reason":null}],"completed_retirements":6,"current_payload_bytes":32768000,"device_loss_confirmed":false,"device_loss_retirements":0,"observed_allocations":7,"peak_payload_bytes":54886400,"retiring_payload_bytes":0,"unknown_payload_allocations":0},"queue_epoch":1}
[SystemTime { tv_sec: 1790342705, tv_nsec: 36305429 }] window event WindowId(31457284) cursor moved 110.00,16.00
[SystemTime { tv_sec: 1790342705, tv_nsec: 36369458 }] window event WindowId(31457284) modifiers changed ModifiersState(0x0)
[SystemTime { tv_sec: 1790342705, tv_nsec: 36425579 }] window event WindowId(31457284) mouse input Left Pressed
[SystemTime { tv_sec: 1790342705, tv_nsec: 36452899 }] pan primary pressed cursor=Some((110.0, 16.0)) pointer_in_scene=false held=false active=false
[SystemTime { tv_sec: 1790342705, tv_nsec: 36478551 }] window event WindowId(31457284) modifiers changed ModifiersState(0x0)
[SystemTime { tv_sec: 1790342705, tv_nsec: 36503838 }] window event WindowId(31457284) modifiers changed ModifiersState(0x0)
[SystemTime { tv_sec: 1790342705, tv_nsec: 36528006 }] window event WindowId(31457284) mouse input Left Released
[SystemTime { tv_sec: 1790342705, tv_nsec: 36551566 }] pan primary released cursor=Some((110.0, 16.0)) suppress_click=false
[SystemTime { tv_sec: 1790342705, tv_nsec: 36652264 }] window event WindowId(31457284) modifiers changed ModifiersState(0x0)
[SystemTime { tv_sec: 1790342705, tv_nsec: 36691714 }] window event WindowId(31457284) redraw requested
[SystemTime { tv_sec: 1790342705, tv_nsec: 36725287 }] native frame round hosts=[WindowId(31457284)]
[SystemTime { tv_sec: 1790342705, tv_nsec: 36753633 }] redraw handler begin
[SystemTime { tv_sec: 1790342705, tv_nsec: 36817140 }] render scene prepare begin retained_cached=true
[SystemTime { tv_sec: 1790342705, tv_nsec: 36861942 }] prepared scene build begin
[SystemTime { tv_sec: 1790342705, tv_nsec: 37306322 }] native control_meshes window=WindowId(31457284) builds=1
[SystemTime { tv_sec: 1790342705, tv_nsec: 37343476 }] prepared scene build end 0ms
[SystemTime { tv_sec: 1790342705, tv_nsec: 37372793 }] renderer render begin
[SystemTime { tv_sec: 1790342705, tv_nsec: 39399564 }] native_surface_lifecycle {"acquire_attempts":36,"acquired":36,"active":1,"configuration_generation":1,"configure_attempts":1,"configured_extent":[1280,800],"discarded":0,"frame_submission_receipts_issued":45,"frame_submissions":36,"gpu_completed_through_receipt":44,"host":1,"last_frame_submission_receipt":45,"last_present_receipt":44,"presented":35,"queue_epoch":1,"reason":"submit","wgpu_submission":"Some(SubmissionIndex { index: 45 })","window":"WindowId(31457284)"}
[SystemTime { tv_sec: 1790342705, tv_nsec: 39490116 }] native upload frame window=WindowId(31457284) host=1 renderer=1 queue_epoch=1 surface_generation=1 acquisition=36 submission=45 receipt=Some(UploadFrame { consumers: {"MAIN", "BOARD", "LAYERS", "NAV", "INSPECTOR", "MENU", "TERMINAL"}, owner: 7, attempt: 37, rendered: Some(true), totals: UploadTotals { batches: 1, buffer_payload_bytes: 22708, texture_source_bytes: 1520, texture_padding_bytes: 62224, scatter_index_bytes: 20788, staging_capacity_bytes: 148816, buffer_copy_bytes: 43496, buffer_copies: 4, texture_copies: 31, scatter_dispatches: 3 } })
[SystemTime { tv_sec: 1790342705, tv_nsec: 39516896 }] native font ownership window=WindowId(31457284) usage=Usage { allocation: Usage { allocator_installed: true, owner_id: 3, label: "renderer-fonts-and-shapes", payload_bytes: 947982, tracking_bytes: 89000, allocations: 11123, peak_payload_bytes: 948096, owner_metadata_bytes: 96 }, returned_shape_bytes: 202208, private_bytes: Some(834774), fixed_font_bytes: Some(772070), cache_reserved_bytes: 62704, last_call: Some(Report { call_id: 4516, owner_id: 3, allocator_installed: true, host_initial_bytes: 432796, host_final_bytes: 432864, process_initial_bytes: 432796, process_final_bytes: 432864, initial_bytes: 62704, final_bytes: 62704, peak_bytes: 62704, host_peak_bytes: 432864, process_peak_bytes: 432864, exceeded: false }) } measurement=Some(Usage { allocation: Usage { allocator_installed: true, owner_id: 13, label: "text-measurement", payload_bytes: 734742, tracking_bytes: 84216, allocations: 10525, peak_payload_bytes: 748214, owner_metadata_bytes: 96 }, returned_shape_bytes: 0, private_bytes: Some(818958), fixed_font_bytes: Some(772070), cache_reserved_bytes: 46888, last_call: Some(Report { call_id: 4432, owner_id: 13, allocator_installed: true, host_initial_bytes: 336632, host_final_bytes: 336632, process_initial_bytes: 336632, process_final_bytes: 336632, initial_bytes: 46888, final_bytes: 46888, peak_bytes: 49248, host_peak_bytes: 336632, process_peak_bytes: 336632, exceeded: false }) }) process_registry_bytes=RegistryUsage { registry_heap_bytes: 136, scope_owner_bytes: 1152, call_slots_static_bytes: 9752 }
[SystemTime { tv_sec: 1790342705, tv_nsec: 39545672 }] native attachment ledger {"attachments":{"allocations":[{"allocation":1,"host":1,"last_submission":45,"owner":8,"payload_bytes":32768000,"release_reason":null}],"completed_retirements":6,"current_payload_bytes":32768000,"device_loss_confirmed":false,"device_loss_retirements":0,"observed_allocations":7,"peak_payload_bytes":54886400,"retiring_payload_bytes":0,"unknown_payload_allocations":0},"queue_epoch":1}
[SystemTime { tv_sec: 1790342705, tv_nsec: 39569724 }] native surface attachment {"allocation":1,"allocations_created":1,"extent":[1280,800],"format":"Bgra8UnormSrgb","gpu_retirement_qualified":false,"host":1,"owner":8,"payload_bytes":32768000,"queue_epoch":1,"samples":8,"state":"current_renderer_reference","window":"WindowId(31457284)"}
[SystemTime { tv_sec: 1790342705, tv_nsec: 39587670 }] renderer render end 2ms
[SystemTime { tv_sec: 1790342705, tv_nsec: 39605300 }] frame present begin
[SystemTime { tv_sec: 1790342705, tv_nsec: 39704752 }] native_surface_lifecycle {"acquire_attempts":36,"acquired":36,"active":0,"configuration_generation":1,"configure_attempts":1,"configured_extent":[1280,800],"discarded":0,"frame_submission_receipts_issued":45,"frame_submissions":36,"gpu_completed_through_receipt":44,"host":1,"last_frame_submission_receipt":45,"last_present_receipt":45,"presented":36,"queue_epoch":1,"reason":"present","wgpu_submission":"Some(SubmissionIndex { index: 45 })","window":"WindowId(31457284)"}
[SystemTime { tv_sec: 1790342705, tv_nsec: 39757550 }] frame present end 0ms total=2ms
[SystemTime { tv_sec: 1790342705, tv_nsec: 39786612 }] native redraw ledger {"attempts":61,"counts":{"coalesced":4,"duplicate_tokens":0,"presentations":36,"received":61,"requested":61,"suppressed":37},"damage":53,"device_generation":1,"host_generation":1,"pending":false,"presented_damage":53,"ready":false,"reason":"presented","rendering":null,"window":"WindowId(31457284)"}
[SystemTime { tv_sec: 1790342705, tv_nsec: 39821368 }] redraw handler end
[SystemTime { tv_sec: 1790342705, tv_nsec: 57115487 }] native queue progress epoch=1 submitted=45 completed=45
[SystemTime { tv_sec: 1790342705, tv_nsec: 57152917 }] native attachment ledger {"attachments":{"allocations":[{"allocation":1,"host":1,"last_submission":45,"owner":8,"payload_bytes":32768000,"release_reason":null}],"completed_retirements":6,"current_payload_bytes":32768000,"device_loss_confirmed":false,"device_loss_retirements":0,"observed_allocations":7,"peak_payload_bytes":54886400,"retiring_payload_bytes":0,"unknown_payload_allocations":0},"queue_epoch":1}
[SystemTime { tv_sec: 1790342705, tv_nsec: 142934244 }] window event WindowId(31457284) keyboard physical=Code(Enter) logical=Named(Enter) state=Pressed repeat=false text=Some("\r") synthetic=false
[SystemTime { tv_sec: 1790342705, tv_nsec: 143725101 }] window event WindowId(31457284) redraw requested
[SystemTime { tv_sec: 1790342705, tv_nsec: 147909569 }] surface identity window=WindowId(31457410) window_backend=x11 gpu_backend=Vulkan adapter="Intel(R) HD Graphics P630 (KBL GT2)" device_type=IntegratedGpu driver="Intel open-source Mesa driver" driver_info="Mesa 25.0.7-2+deb13u1"
[SystemTime { tv_sec: 1790342705, tv_nsec: 155637277 }] native frame round hosts=[WindowId(31457284)]
[SystemTime { tv_sec: 1790342705, tv_nsec: 155692517 }] redraw handler begin
[SystemTime { tv_sec: 1790342705, tv_nsec: 155763340 }] render scene prepare begin retained_cached=true
[SystemTime { tv_sec: 1790342705, tv_nsec: 155812389 }] prepared scene build begin
[SystemTime { tv_sec: 1790342705, tv_nsec: 156194991 }] native control_meshes window=WindowId(31457284) builds=1
[SystemTime { tv_sec: 1790342705, tv_nsec: 156250561 }] prepared scene build end 0ms
[SystemTime { tv_sec: 1790342705, tv_nsec: 156302980 }] renderer render begin
[SystemTime { tv_sec: 1790342705, tv_nsec: 157967524 }] native_surface_lifecycle {"acquire_attempts":37,"acquired":37,"active":1,"configuration_generation":1,"configure_attempts":1,"configured_extent":[1280,800],"discarded":0,"frame_submission_receipts_issued":46,"frame_submissions":37,"gpu_completed_through_receipt":45,"host":1,"last_frame_submission_receipt":46,"last_present_receipt":45,"presented":36,"queue_epoch":1,"reason":"submit","wgpu_submission":"Some(SubmissionIndex { index: 46 })","window":"WindowId(31457284)"}
[SystemTime { tv_sec: 1790342705, tv_nsec: 158081082 }] native upload frame window=WindowId(31457284) host=1 renderer=1 queue_epoch=1 surface_generation=1 acquisition=37 submission=46 receipt=Some(UploadFrame { consumers: {"MAIN", "BOARD", "LAYERS", "NAV", "INSPECTOR", "MENU", "TERMINAL"}, owner: 7, attempt: 38, rendered: Some(true), totals: UploadTotals { batches: 1, buffer_payload_bytes: 4384, texture_source_bytes: 0, texture_padding_bytes: 0, scatter_index_bytes: 4368, staging_capacity_bytes: 17488, buffer_copy_bytes: 8752, buffer_copies: 5, texture_copies: 0, scatter_dispatches: 1 } })
[SystemTime { tv_sec: 1790342705, tv_nsec: 158144006 }] native font ownership window=WindowId(31457284) usage=Usage { allocation: Usage { allocator_installed: true, owner_id: 3, label: "renderer-fonts-and-shapes", payload_bytes: 946894, tracking_bytes: 88976, allocations: 11120, peak_payload_bytes: 948096, owner_metadata_bytes: 96 }, returned_shape_bytes: 201096, private_bytes: Some(834774), fixed_font_bytes: Some(772070), cache_reserved_bytes: 62704, last_call: Some(Report { call_id: 4516, owner_id: 3, allocator_installed: true, host_initial_bytes: 432796, host_final_bytes: 432864, process_initial_bytes: 432796, process_final_bytes: 432864, initial_bytes: 62704, final_bytes: 62704, peak_bytes: 62704, host_peak_bytes: 432864, process_peak_bytes: 432864, exceeded: false }) } measurement=Some(Usage { allocation: Usage { allocator_installed: true, owner_id: 13, label: "text-measurement", payload_bytes: 734742, tracking_bytes: 84216, allocations: 10525, peak_payload_bytes: 748214, owner_metadata_bytes: 96 }, returned_shape_bytes: 0, private_bytes: Some(818958), fixed_font_bytes: Some(772070), cache_reserved_bytes: 46888, last_call: Some(Report { call_id: 4432, owner_id: 13, allocator_installed: true, host_initial_bytes: 336632, host_final_bytes: 336632, process_initial_bytes: 336632, process_final_bytes: 336632, initial_bytes: 46888, final_bytes: 46888, peak_bytes: 49248, host_peak_bytes: 336632, process_peak_bytes: 336632, exceeded: false }) }) process_registry_bytes=RegistryUsage { registry_heap_bytes: 136, scope_owner_bytes: 1152, call_slots_static_bytes: 9752 }
[SystemTime { tv_sec: 1790342705, tv_nsec: 158220034 }] native attachment ledger {"attachments":{"allocations":[{"allocation":1,"host":1,"last_submission":46,"owner":8,"payload_bytes":32768000,"release_reason":null}],"completed_retirements":6,"current_payload_bytes":32768000,"device_loss_confirmed":false,"device_loss_retirements":0,"observed_allocations":7,"peak_payload_bytes":54886400,"retiring_payload_bytes":0,"unknown_payload_allocations":0},"queue_epoch":1}
[SystemTime { tv_sec: 1790342705, tv_nsec: 158278469 }] native surface attachment {"allocation":1,"allocations_created":1,"extent":[1280,800],"format":"Bgra8UnormSrgb","gpu_retirement_qualified":false,"host":1,"owner":8,"payload_bytes":32768000,"queue_epoch":1,"samples":8,"state":"current_renderer_reference","window":"WindowId(31457284)"}
[SystemTime { tv_sec: 1790342705, tv_nsec: 158322000 }] renderer render end 2ms
[SystemTime { tv_sec: 1790342705, tv_nsec: 158364480 }] frame present begin
[SystemTime { tv_sec: 1790342705, tv_nsec: 158500685 }] native_surface_lifecycle {"acquire_attempts":37,"acquired":37,"active":0,"configuration_generation":1,"configure_attempts":1,"configured_extent":[1280,800],"discarded":0,"frame_submission_receipts_issued":46,"frame_submissions":37,"gpu_completed_through_receipt":45,"host":1,"last_frame_submission_receipt":46,"last_present_receipt":46,"presented":37,"queue_epoch":1,"reason":"present","wgpu_submission":"Some(SubmissionIndex { index: 46 })","window":"WindowId(31457284)"}
[SystemTime { tv_sec: 1790342705, tv_nsec: 158562709 }] frame present end 0ms total=2ms
[SystemTime { tv_sec: 1790342705, tv_nsec: 158628233 }] native redraw ledger {"attempts":62,"counts":{"coalesced":4,"duplicate_tokens":0,"presentations":37,"received":62,"requested":62,"suppressed":38},"damage":54,"device_generation":1,"host_generation":1,"pending":false,"presented_damage":54,"ready":false,"reason":"presented","rendering":null,"window":"WindowId(31457284)"}
[SystemTime { tv_sec: 1790342705, tv_nsec: 158670824 }] redraw handler end
[SystemTime { tv_sec: 1790342705, tv_nsec: 165178665 }] window event WindowId(31457410) ime Disabled
[SystemTime { tv_sec: 1790342705, tv_nsec: 165289222 }] window event WindowId(31457284) keyboard physical=Code(Enter) logical=Named(Enter) state=Released repeat=false text=Some("\r") synthetic=false
[SystemTime { tv_sec: 1790342705, tv_nsec: 166020263 }] window event WindowId(31457410) redraw requested
[SystemTime { tv_sec: 1790342705, tv_nsec: 166715112 }] native frame round hosts=[WindowId(31457410)]
[SystemTime { tv_sec: 1790342705, tv_nsec: 166805975 }] native_surface_lifecycle {"acquire_attempts":0,"acquired":0,"active":0,"configuration_generation":0,"configure_attempts":0,"configured_extent":null,"discarded":0,"frame_submission_receipts_issued":46,"frame_submissions":0,"gpu_completed_through_receipt":45,"host":8,"last_frame_submission_receipt":0,"last_present_receipt":0,"presented":0,"queue_epoch":1,"reason":"wait_queue","wgpu_submission":"None","window":"WindowId(31457410)"}
[SystemTime { tv_sec: 1790342705, tv_nsec: 166856558 }] native redraw ledger {"attempts":1,"counts":{"coalesced":0,"duplicate_tokens":0,"presentations":0,"received":1,"requested":1,"suppressed":0},"damage":2,"device_generation":1,"host_generation":8,"pending":false,"presented_damage":0,"ready":false,"reason":"not_presented","rendering":null,"window":"WindowId(31457410)"}
[SystemTime { tv_sec: 1790342705, tv_nsec: 167270644 }] native queue progress epoch=1 submitted=46 completed=46
[SystemTime { tv_sec: 1790342705, tv_nsec: 167327874 }] native attachment ledger {"attachments":{"allocations":[{"allocation":1,"host":1,"last_submission":46,"owner":8,"payload_bytes":32768000,"release_reason":null}],"completed_retirements":6,"current_payload_bytes":32768000,"device_loss_confirmed":false,"device_loss_retirements":0,"observed_allocations":7,"peak_payload_bytes":54886400,"retiring_payload_bytes":0,"unknown_payload_allocations":0},"queue_epoch":1}
[SystemTime { tv_sec: 1790342705, tv_nsec: 167399700 }] window event WindowId(31457410) focused false
[SystemTime { tv_sec: 1790342705, tv_nsec: 167596577 }] window event WindowId(31457410) occluded false
[SystemTime { tv_sec: 1790342705, tv_nsec: 167828220 }] window event WindowId(31457410) redraw requested
[SystemTime { tv_sec: 1790342705, tv_nsec: 170901380 }] window event WindowId(31457284) modifiers changed ModifiersState(0x0)
[SystemTime { tv_sec: 1790342705, tv_nsec: 171454751 }] window event WindowId(31457284) focused false
[SystemTime { tv_sec: 1790342705, tv_nsec: 171854186 }] window event WindowId(31457410) focused true
[SystemTime { tv_sec: 1790342705, tv_nsec: 172622639 }] window event WindowId(31457410) modifiers changed ModifiersState(0x0)
[SystemTime { tv_sec: 1790342705, tv_nsec: 172687122 }] window event WindowId(31457410) cursor moved 429.00,170.00
[SystemTime { tv_sec: 1790342705, tv_nsec: 172746562 }] window event WindowId(31457410) occluded false
[SystemTime { tv_sec: 1790342705, tv_nsec: 173253759 }] window event WindowId(31457410) resized 760x720
[SystemTime { tv_sec: 1790342705, tv_nsec: 173326237 }] window event WindowId(31457410) redraw requested
[SystemTime { tv_sec: 1790342705, tv_nsec: 173378861 }] native frame round hosts=[WindowId(31457410)]
[SystemTime { tv_sec: 1790342705, tv_nsec: 173445039 }] surface configure begin
[SystemTime { tv_sec: 1790342705, tv_nsec: 176872773 }] surface configure end
[SystemTime { tv_sec: 1790342705, tv_nsec: 176917757 }] native queue configured host=8 configurations=8 submitted=46 completed=46
[SystemTime { tv_sec: 1790342705, tv_nsec: 179920906 }] native control_meshes window=WindowId(31457410) builds=8
[SystemTime { tv_sec: 1790342705, tv_nsec: 188419105 }] native_surface_lifecycle {"acquire_attempts":1,"acquired":1,"active":1,"configuration_generation":1,"configure_attempts":1,"configured_extent":[760,720],"discarded":0,"frame_submission_receipts_issued":47,"frame_submissions":1,"gpu_completed_through_receipt":46,"host":8,"last_frame_submission_receipt":47,"last_present_receipt":0,"presented":0,"queue_epoch":1,"reason":"submit","wgpu_submission":"Some(SubmissionIndex { index: 47 })","window":"WindowId(31457410)"}
[SystemTime { tv_sec: 1790342705, tv_nsec: 188466574 }] native upload frame window=WindowId(31457410) host=8 renderer=8 queue_epoch=1 surface_generation=1 acquisition=1 submission=47 receipt=Some(UploadFrame { consumers: {"NEW"}, owner: 192, attempt: 1, rendered: Some(true), totals: UploadTotals { batches: 1, buffer_payload_bytes: 38248, texture_source_bytes: 10266, texture_padding_bytes: 475622, scatter_index_bytes: 0, staging_capacity_bytes: 524136, buffer_copy_bytes: 38248, buffer_copies: 3, texture_copies: 266, scatter_dispatches: 0 } })
[SystemTime { tv_sec: 1790342705, tv_nsec: 188495855 }] native font ownership window=WindowId(31457410) usage=Usage { allocation: Usage { allocator_installed: true, owner_id: 43, label: "renderer-fonts-and-shapes", payload_bytes: 845046, tracking_bytes: 85808, allocations: 10724, peak_payload_bytes: 845160, owner_metadata_bytes: 96 }, returned_shape_bytes: 111896, private_bytes: Some(818958), fixed_font_bytes: Some(772070), cache_reserved_bytes: 46888, last_call: Some(Report { call_id: 5125, owner_id: 43, allocator_installed: true, host_initial_bytes: 250978, host_final_bytes: 251016, process_initial_bytes: 628402, process_final_bytes: 628440, initial_bytes: 46888, final_bytes: 46888, peak_bytes: 46888, host_peak_bytes: 251016, process_peak_bytes: 628440, exceeded: false }) } measurement=Some(Usage { allocation: Usage { allocator_installed: true, owner_id: 45, label: "text-measurement", payload_bytes: 703734, tracking_bytes: 84120, allocations: 10513, peak_payload_bytes: 712752, owner_metadata_bytes: 96 }, returned_shape_bytes: 0, private_bytes: Some(787854), fixed_font_bytes: Some(772070), cache_reserved_bytes: 15784, last_call: Some(Report { call_id: 4524, owner_id: 45, allocator_installed: true, host_initial_bytes: 58792, host_final_bytes: 58792, process_initial_bytes: 436216, process_final_bytes: 436216, initial_bytes: 15784, final_bytes: 15784, peak_bytes: 17376, host_peak_bytes: 58792, process_peak_bytes: 436216, exceeded: false }) }) process_registry_bytes=RegistryUsage { registry_heap_bytes: 136, scope_owner_bytes: 1248, call_slots_static_bytes: 9752 }
[SystemTime { tv_sec: 1790342705, tv_nsec: 188532707 }] native attachment ledger {"attachments":{"allocations":[{"allocation":1,"host":1,"last_submission":46,"owner":8,"payload_bytes":32768000,"release_reason":null},{"allocation":1,"host":8,"last_submission":47,"owner":193,"payload_bytes":17510400,"release_reason":null}],"completed_retirements":6,"current_payload_bytes":50278400,"device_loss_confirmed":false,"device_loss_retirements":0,"observed_allocations":8,"peak_payload_bytes":54886400,"retiring_payload_bytes":0,"unknown_payload_allocations":0},"queue_epoch":1}
[SystemTime { tv_sec: 1790342705, tv_nsec: 188559113 }] native surface attachment {"allocation":1,"allocations_created":1,"extent":[760,720],"format":"Bgra8UnormSrgb","gpu_retirement_qualified":false,"host":8,"owner":193,"payload_bytes":17510400,"queue_epoch":1,"samples":8,"state":"current_renderer_reference","window":"WindowId(31457410)"}
[SystemTime { tv_sec: 1790342705, tv_nsec: 188630642 }] native_surface_lifecycle {"acquire_attempts":1,"acquired":1,"active":0,"configuration_generation":1,"configure_attempts":1,"configured_extent":[760,720],"discarded":0,"frame_submission_receipts_issued":47,"frame_submissions":1,"gpu_completed_through_receipt":46,"host":8,"last_frame_submission_receipt":47,"last_present_receipt":47,"presented":1,"queue_epoch":1,"reason":"present","wgpu_submission":"Some(SubmissionIndex { index: 47 })","window":"WindowId(31457410)"}
[SystemTime { tv_sec: 1790342705, tv_nsec: 188660561 }] native redraw ledger {"attempts":2,"counts":{"coalesced":0,"duplicate_tokens":0,"presentations":1,"received":3,"requested":1,"suppressed":1},"damage":2,"device_generation":1,"host_generation":8,"pending":false,"presented_damage":2,"ready":false,"reason":"presented","rendering":null,"window":"WindowId(31457410)"}
[SystemTime { tv_sec: 1790342705, tv_nsec: 204536575 }] native queue progress epoch=1 submitted=47 completed=47
[SystemTime { tv_sec: 1790342705, tv_nsec: 204605598 }] native attachment ledger {"attachments":{"allocations":[{"allocation":1,"host":1,"last_submission":46,"owner":8,"payload_bytes":32768000,"release_reason":null},{"allocation":1,"host":8,"last_submission":47,"owner":193,"payload_bytes":17510400,"release_reason":null}],"completed_retirements":6,"current_payload_bytes":50278400,"device_loss_confirmed":false,"device_loss_retirements":0,"observed_allocations":8,"peak_payload_bytes":54886400,"retiring_payload_bytes":0,"unknown_payload_allocations":0},"queue_epoch":1}
[SystemTime { tv_sec: 1790342705, tv_nsec: 314625040 }] window event WindowId(31457410) keyboard physical=Code(Escape) logical=Named(Escape) state=Pressed repeat=false text=Some("\u{1b}") synthetic=false
[SystemTime { tv_sec: 1790342705, tv_nsec: 314695872 }] window event WindowId(31457284) redraw requested
[SystemTime { tv_sec: 1790342705, tv_nsec: 314826693 }] window event WindowId(31457410) redraw requested
[SystemTime { tv_sec: 1790342705, tv_nsec: 314872874 }] native redraw ledger {"attempts":2,"counts":{"coalesced":0,"duplicate_tokens":0,"presentations":1,"received":4,"requested":2,"suppressed":1},"damage":3,"device_generation":1,"host_generation":8,"pending":true,"presented_damage":2,"ready":true,"reason":"closed","rendering":null,"window":"WindowId(31457410)"}
[SystemTime { tv_sec: 1790342705, tv_nsec: 317612725 }] native_surface_lifecycle {"acquire_attempts":1,"acquired":1,"active":0,"configuration_generation":1,"configure_attempts":1,"configured_extent":[760,720],"discarded":0,"frame_submission_receipts_issued":47,"frame_submissions":1,"gpu_completed_through_receipt":47,"host":8,"last_frame_submission_receipt":47,"last_present_receipt":47,"presented":1,"queue_epoch":1,"reason":"owner_drop","wgpu_submission":"Some(SubmissionIndex { index: 47 })","window":"WindowId(31457410)"}
[SystemTime { tv_sec: 1790342705, tv_nsec: 317670230 }] native attachment ledger {"attachments":{"allocations":[{"allocation":1,"host":1,"last_submission":46,"owner":8,"payload_bytes":32768000,"release_reason":null}],"completed_retirements":7,"current_payload_bytes":32768000,"device_loss_confirmed":false,"device_loss_retirements":0,"observed_allocations":8,"peak_payload_bytes":54886400,"retiring_payload_bytes":0,"unknown_payload_allocations":0},"queue_epoch":1}
[SystemTime { tv_sec: 1790342705, tv_nsec: 318300951 }] native frame round hosts=[WindowId(31457284)]
[SystemTime { tv_sec: 1790342705, tv_nsec: 318354919 }] redraw handler begin
[SystemTime { tv_sec: 1790342705, tv_nsec: 318402013 }] render scene prepare begin retained_cached=true
[SystemTime { tv_sec: 1790342705, tv_nsec: 318445040 }] prepared scene build begin
[SystemTime { tv_sec: 1790342705, tv_nsec: 318711713 }] native control_meshes window=WindowId(31457284) builds=1
[SystemTime { tv_sec: 1790342705, tv_nsec: 318738093 }] prepared scene build end 0ms
[SystemTime { tv_sec: 1790342705, tv_nsec: 318765959 }] renderer render begin
[SystemTime { tv_sec: 1790342705, tv_nsec: 319941495 }] native_surface_lifecycle {"acquire_attempts":38,"acquired":38,"active":1,"configuration_generation":1,"configure_attempts":1,"configured_extent":[1280,800],"discarded":0,"frame_submission_receipts_issued":48,"frame_submissions":38,"gpu_completed_through_receipt":47,"host":1,"last_frame_submission_receipt":48,"last_present_receipt":46,"presented":37,"queue_epoch":1,"reason":"submit","wgpu_submission":"Some(SubmissionIndex { index: 48 })","window":"WindowId(31457284)"}
[SystemTime { tv_sec: 1790342705, tv_nsec: 320018587 }] native upload frame window=WindowId(31457284) host=1 renderer=1 queue_epoch=1 surface_generation=1 acquisition=38 submission=48 receipt=Some(UploadFrame { consumers: {"MAIN", "BOARD", "LAYERS", "NAV", "INSPECTOR", "MENU", "TERMINAL"}, owner: 7, attempt: 39, rendered: Some(true), totals: UploadTotals { batches: 1, buffer_payload_bytes: 12676, texture_source_bytes: 0, texture_padding_bytes: 0, scatter_index_bytes: 12604, staging_capacity_bytes: 50488, buffer_copy_bytes: 25280, buffer_copies: 19, texture_copies: 0, scatter_dispatches: 1 } })
[SystemTime { tv_sec: 1790342705, tv_nsec: 320059951 }] native font ownership window=WindowId(31457284) usage=Usage { allocation: Usage { allocator_installed: true, owner_id: 3, label: "renderer-fonts-and-shapes", payload_bytes: 947982, tracking_bytes: 89000, allocations: 11123, peak_payload_bytes: 948096, owner_metadata_bytes: 96 }, returned_shape_bytes: 202208, private_bytes: Some(834774), fixed_font_bytes: Some(772070), cache_reserved_bytes: 62704, last_call: Some(Report { call_id: 5126, owner_id: 3, allocator_installed: true, host_initial_bytes: 413584, host_final_bytes: 413584, process_initial_bytes: 413584, process_final_bytes: 413584, initial_bytes: 62704, final_bytes: 63816, peak_bytes: 63959, host_peak_bytes: 413584, process_peak_bytes: 413584, exceeded: false }) } measurement=Some(Usage { allocation: Usage { allocator_installed: true, owner_id: 13, label: "text-measurement", payload_bytes: 734742, tracking_bytes: 84216, allocations: 10525, peak_payload_bytes: 748214, owner_metadata_bytes: 96 }, returned_shape_bytes: 0, private_bytes: Some(818958), fixed_font_bytes: Some(772070), cache_reserved_bytes: 46888, last_call: Some(Report { call_id: 4432, owner_id: 13, allocator_installed: true, host_initial_bytes: 336632, host_final_bytes: 336632, process_initial_bytes: 336632, process_final_bytes: 336632, initial_bytes: 46888, final_bytes: 46888, peak_bytes: 49248, host_peak_bytes: 336632, process_peak_bytes: 336632, exceeded: false }) }) process_registry_bytes=RegistryUsage { registry_heap_bytes: 136, scope_owner_bytes: 1248, call_slots_static_bytes: 9752 }
[SystemTime { tv_sec: 1790342705, tv_nsec: 320105987 }] native attachment ledger {"attachments":{"allocations":[{"allocation":1,"host":1,"last_submission":48,"owner":8,"payload_bytes":32768000,"release_reason":null}],"completed_retirements":7,"current_payload_bytes":32768000,"device_loss_confirmed":false,"device_loss_retirements":0,"observed_allocations":8,"peak_payload_bytes":54886400,"retiring_payload_bytes":0,"unknown_payload_allocations":0},"queue_epoch":1}
[SystemTime { tv_sec: 1790342705, tv_nsec: 320156944 }] native surface attachment {"allocation":1,"allocations_created":1,"extent":[1280,800],"format":"Bgra8UnormSrgb","gpu_retirement_qualified":false,"host":1,"owner":8,"payload_bytes":32768000,"queue_epoch":1,"samples":8,"state":"current_renderer_reference","window":"WindowId(31457284)"}
[SystemTime { tv_sec: 1790342705, tv_nsec: 320179406 }] renderer render end 1ms
[SystemTime { tv_sec: 1790342705, tv_nsec: 320201144 }] frame present begin
[SystemTime { tv_sec: 1790342705, tv_nsec: 320294831 }] native_surface_lifecycle {"acquire_attempts":38,"acquired":38,"active":0,"configuration_generation":1,"configure_attempts":1,"configured_extent":[1280,800],"discarded":0,"frame_submission_receipts_issued":48,"frame_submissions":38,"gpu_completed_through_receipt":47,"host":1,"last_frame_submission_receipt":48,"last_present_receipt":48,"presented":38,"queue_epoch":1,"reason":"present","wgpu_submission":"Some(SubmissionIndex { index: 48 })","window":"WindowId(31457284)"}
[SystemTime { tv_sec: 1790342705, tv_nsec: 320350927 }] frame present end 0ms total=1ms
[SystemTime { tv_sec: 1790342705, tv_nsec: 320393757 }] native redraw ledger {"attempts":63,"counts":{"coalesced":4,"duplicate_tokens":0,"presentations":38,"received":63,"requested":63,"suppressed":39},"damage":55,"device_generation":1,"host_generation":1,"pending":false,"presented_damage":55,"ready":false,"reason":"presented","rendering":null,"window":"WindowId(31457284)"}
[SystemTime { tv_sec: 1790342705, tv_nsec: 320430738 }] redraw handler end
[SystemTime { tv_sec: 1790342705, tv_nsec: 320830930 }] window event WindowId(31457284) focused true
[SystemTime { tv_sec: 1790342705, tv_nsec: 321280907 }] window event WindowId(31457284) modifiers changed ModifiersState(0x0)
[SystemTime { tv_sec: 1790342705, tv_nsec: 321321346 }] window event WindowId(31457284) cursor moved 110.00,16.00
[SystemTime { tv_sec: 1790342705, tv_nsec: 321646541 }] window event WindowId(31457284) modifiers changed ModifiersState(0x0)
[SystemTime { tv_sec: 1790342705, tv_nsec: 321988167 }] window event WindowId(31457284) focused false
[SystemTime { tv_sec: 1790342705, tv_nsec: 322280281 }] window event WindowId(31457284) focused true
[SystemTime { tv_sec: 1790342705, tv_nsec: 322887609 }] window event WindowId(31457284) modifiers changed ModifiersState(0x0)
[SystemTime { tv_sec: 1790342705, tv_nsec: 322929303 }] window event WindowId(31457284) cursor moved 110.00,16.00
[SystemTime { tv_sec: 1790342705, tv_nsec: 323512801 }] window event WindowId(31457410) destroyed
[SystemTime { tv_sec: 1790342705, tv_nsec: 323569511 }] window event WindowId(31457284) keyboard physical=Code(Escape) logical=Named(Escape) state=Released repeat=false text=Some("\u{1b}") synthetic=false
[SystemTime { tv_sec: 1790342705, tv_nsec: 323604109 }] pan key physical=Code(Escape) logical=Named(Escape) state=Released repeat=false pointer_in_scene=false held=false consumed=false
[SystemTime { tv_sec: 1790342705, tv_nsec: 334007728 }] native queue progress epoch=1 submitted=48 completed=48
[SystemTime { tv_sec: 1790342705, tv_nsec: 334062121 }] native attachment ledger {"attachments":{"allocations":[{"allocation":1,"host":1,"last_submission":48,"owner":8,"payload_bytes":32768000,"release_reason":null}],"completed_retirements":7,"current_payload_bytes":32768000,"device_loss_confirmed":false,"device_loss_retirements":0,"observed_allocations":8,"peak_payload_bytes":54886400,"retiring_payload_bytes":0,"unknown_payload_allocations":0},"queue_epoch":1}
[SystemTime { tv_sec: 1790342705, tv_nsec: 337493929 }] window event WindowId(31457284) modifiers changed ModifiersState(0x0)
[SystemTime { tv_sec: 1790342705, tv_nsec: 337580943 }] window event WindowId(31457284) mouse input Left Pressed
[SystemTime { tv_sec: 1790342705, tv_nsec: 337616016 }] pan primary pressed cursor=Some((110.0, 16.0)) pointer_in_scene=false held=false active=false
[SystemTime { tv_sec: 1790342705, tv_nsec: 337662626 }] window event WindowId(31457284) modifiers changed ModifiersState(0x0)
[SystemTime { tv_sec: 1790342705, tv_nsec: 337717621 }] window event WindowId(31457284) modifiers changed ModifiersState(0x0)
[SystemTime { tv_sec: 1790342705, tv_nsec: 337778491 }] window event WindowId(31457284) mouse input Left Released
[SystemTime { tv_sec: 1790342705, tv_nsec: 337804405 }] pan primary released cursor=Some((110.0, 16.0)) suppress_click=false
[SystemTime { tv_sec: 1790342705, tv_nsec: 337922968 }] window event WindowId(31457284) modifiers changed ModifiersState(0x0)
[SystemTime { tv_sec: 1790342705, tv_nsec: 337958676 }] window event WindowId(31457284) redraw requested
[SystemTime { tv_sec: 1790342705, tv_nsec: 337988096 }] native frame round hosts=[WindowId(31457284)]
[SystemTime { tv_sec: 1790342705, tv_nsec: 338014076 }] redraw handler begin
[SystemTime { tv_sec: 1790342705, tv_nsec: 338055265 }] render scene prepare begin retained_cached=true
[SystemTime { tv_sec: 1790342705, tv_nsec: 338080907 }] prepared scene build begin
[SystemTime { tv_sec: 1790342705, tv_nsec: 338339199 }] native control_meshes window=WindowId(31457284) builds=1
[SystemTime { tv_sec: 1790342705, tv_nsec: 338364036 }] prepared scene build end 0ms
[SystemTime { tv_sec: 1790342705, tv_nsec: 338387578 }] renderer render begin
[SystemTime { tv_sec: 1790342705, tv_nsec: 339540274 }] native_surface_lifecycle {"acquire_attempts":39,"acquired":39,"active":1,"configuration_generation":1,"configure_attempts":1,"configured_extent":[1280,800],"discarded":0,"frame_submission_receipts_issued":49,"frame_submissions":39,"gpu_completed_through_receipt":48,"host":1,"last_frame_submission_receipt":49,"last_present_receipt":48,"presented":38,"queue_epoch":1,"reason":"submit","wgpu_submission":"Some(SubmissionIndex { index: 49 })","window":"WindowId(31457284)"}
[SystemTime { tv_sec: 1790342705, tv_nsec: 339613483 }] native upload frame window=WindowId(31457284) host=1 renderer=1 queue_epoch=1 surface_generation=1 acquisition=39 submission=49 receipt=Some(UploadFrame { consumers: {"MAIN", "BOARD", "LAYERS", "NAV", "INSPECTOR", "MENU", "TERMINAL"}, owner: 7, attempt: 40, rendered: Some(true), totals: UploadTotals { batches: 1, buffer_payload_bytes: 19660, texture_source_bytes: 0, texture_padding_bytes: 0, scatter_index_bytes: 17740, staging_capacity_bytes: 72880, buffer_copy_bytes: 37400, buffer_copies: 3, texture_copies: 0, scatter_dispatches: 2 } })
[SystemTime { tv_sec: 1790342705, tv_nsec: 339654520 }] native font ownership window=WindowId(31457284) usage=Usage { allocation: Usage { allocator_installed: true, owner_id: 3, label: "renderer-fonts-and-shapes", payload_bytes: 947982, tracking_bytes: 89000, allocations: 11123, peak_payload_bytes: 948099, owner_metadata_bytes: 96 }, returned_shape_bytes: 202208, private_bytes: Some(834774), fixed_font_bytes: Some(772070), cache_reserved_bytes: 62704, last_call: Some(Report { call_id: 5127, owner_id: 3, allocator_installed: true, host_initial_bytes: 416392, host_final_bytes: 416392, process_initial_bytes: 416392, process_final_bytes: 416392, initial_bytes: 62704, final_bytes: 63880, peak_bytes: 64029, host_peak_bytes: 416392, process_peak_bytes: 416392, exceeded: false }) } measurement=Some(Usage { allocation: Usage { allocator_installed: true, owner_id: 13, label: "text-measurement", payload_bytes: 734742, tracking_bytes: 84216, allocations: 10525, peak_payload_bytes: 748214, owner_metadata_bytes: 96 }, returned_shape_bytes: 0, private_bytes: Some(818958), fixed_font_bytes: Some(772070), cache_reserved_bytes: 46888, last_call: Some(Report { call_id: 4432, owner_id: 13, allocator_installed: true, host_initial_bytes: 336632, host_final_bytes: 336632, process_initial_bytes: 336632, process_final_bytes: 336632, initial_bytes: 46888, final_bytes: 46888, peak_bytes: 49248, host_peak_bytes: 336632, process_peak_bytes: 336632, exceeded: false }) }) process_registry_bytes=RegistryUsage { registry_heap_bytes: 136, scope_owner_bytes: 1248, call_slots_static_bytes: 9752 }
[SystemTime { tv_sec: 1790342705, tv_nsec: 339701098 }] native attachment ledger {"attachments":{"allocations":[{"allocation":1,"host":1,"last_submission":49,"owner":8,"payload_bytes":32768000,"release_reason":null}],"completed_retirements":7,"current_payload_bytes":32768000,"device_loss_confirmed":false,"device_loss_retirements":0,"observed_allocations":8,"peak_payload_bytes":54886400,"retiring_payload_bytes":0,"unknown_payload_allocations":0},"queue_epoch":1}
[SystemTime { tv_sec: 1790342705, tv_nsec: 339734717 }] native surface attachment {"allocation":1,"allocations_created":1,"extent":[1280,800],"format":"Bgra8UnormSrgb","gpu_retirement_qualified":false,"host":1,"owner":8,"payload_bytes":32768000,"queue_epoch":1,"samples":8,"state":"current_renderer_reference","window":"WindowId(31457284)"}
[SystemTime { tv_sec: 1790342705, tv_nsec: 339756905 }] renderer render end 1ms
[SystemTime { tv_sec: 1790342705, tv_nsec: 339778350 }] frame present begin
[SystemTime { tv_sec: 1790342705, tv_nsec: 339856419 }] native_surface_lifecycle {"acquire_attempts":39,"acquired":39,"active":0,"configuration_generation":1,"configure_attempts":1,"configured_extent":[1280,800],"discarded":0,"frame_submission_receipts_issued":49,"frame_submissions":39,"gpu_completed_through_receipt":48,"host":1,"last_frame_submission_receipt":49,"last_present_receipt":49,"presented":39,"queue_epoch":1,"reason":"present","wgpu_submission":"Some(SubmissionIndex { index: 49 })","window":"WindowId(31457284)"}
[SystemTime { tv_sec: 1790342705, tv_nsec: 339889893 }] frame present end 0ms total=1ms
[SystemTime { tv_sec: 1790342705, tv_nsec: 339927537 }] native redraw ledger {"attempts":64,"counts":{"coalesced":4,"duplicate_tokens":0,"presentations":39,"received":64,"requested":64,"suppressed":40},"damage":56,"device_generation":1,"host_generation":1,"pending":false,"presented_damage":56,"ready":false,"reason":"presented","rendering":null,"window":"WindowId(31457284)"}
[SystemTime { tv_sec: 1790342705, tv_nsec: 339948765 }] redraw handler end
[SystemTime { tv_sec: 1790342705, tv_nsec: 363415514 }] native queue progress epoch=1 submitted=49 completed=49
[SystemTime { tv_sec: 1790342705, tv_nsec: 363451851 }] native attachment ledger {"attachments":{"allocations":[{"allocation":1,"host":1,"last_submission":49,"owner":8,"payload_bytes":32768000,"release_reason":null}],"completed_retirements":7,"current_payload_bytes":32768000,"device_loss_confirmed":false,"device_loss_retirements":0,"observed_allocations":8,"peak_payload_bytes":54886400,"retiring_payload_bytes":0,"unknown_payload_allocations":0},"queue_epoch":1}
[SystemTime { tv_sec: 1790342705, tv_nsec: 445822862 }] window event WindowId(31457284) keyboard physical=Code(Enter) logical=Named(Enter) state=Pressed repeat=false text=Some("\r") synthetic=false
[SystemTime { tv_sec: 1790342705, tv_nsec: 446899816 }] window event WindowId(31457284) redraw requested
[SystemTime { tv_sec: 1790342705, tv_nsec: 453091054 }] surface identity window=WindowId(31457428) window_backend=x11 gpu_backend=Vulkan adapter="Intel(R) HD Graphics P630 (KBL GT2)" device_type=IntegratedGpu driver="Intel open-source Mesa driver" driver_info="Mesa 25.0.7-2+deb13u1"
[SystemTime { tv_sec: 1790342705, tv_nsec: 466063888 }] native frame round hosts=[WindowId(31457284)]
[SystemTime { tv_sec: 1790342705, tv_nsec: 466147099 }] redraw handler begin
[SystemTime { tv_sec: 1790342705, tv_nsec: 466221463 }] render scene prepare begin retained_cached=true
[SystemTime { tv_sec: 1790342705, tv_nsec: 466293897 }] prepared scene build begin
[SystemTime { tv_sec: 1790342705, tv_nsec: 466782185 }] native control_meshes window=WindowId(31457284) builds=1
[SystemTime { tv_sec: 1790342705, tv_nsec: 466866715 }] prepared scene build end 0ms
[SystemTime { tv_sec: 1790342705, tv_nsec: 466944473 }] renderer render begin
[SystemTime { tv_sec: 1790342705, tv_nsec: 469025464 }] native_surface_lifecycle {"acquire_attempts":40,"acquired":40,"active":1,"configuration_generation":1,"configure_attempts":1,"configured_extent":[1280,800],"discarded":0,"frame_submission_receipts_issued":50,"frame_submissions":40,"gpu_completed_through_receipt":49,"host":1,"last_frame_submission_receipt":50,"last_present_receipt":49,"presented":39,"queue_epoch":1,"reason":"submit","wgpu_submission":"Some(SubmissionIndex { index: 50 })","window":"WindowId(31457284)"}
[SystemTime { tv_sec: 1790342705, tv_nsec: 469157854 }] native upload frame window=WindowId(31457284) host=1 renderer=1 queue_epoch=1 surface_generation=1 acquisition=40 submission=50 receipt=Some(UploadFrame { consumers: {"MAIN", "BOARD", "LAYERS", "NAV", "INSPECTOR", "MENU", "TERMINAL"}, owner: 7, attempt: 41, rendered: Some(true), totals: UploadTotals { batches: 1, buffer_payload_bytes: 4384, texture_source_bytes: 0, texture_padding_bytes: 0, scatter_index_bytes: 4368, staging_capacity_bytes: 17488, buffer_copy_bytes: 8752, buffer_copies: 5, texture_copies: 0, scatter_dispatches: 1 } })
[SystemTime { tv_sec: 1790342705, tv_nsec: 469227336 }] native font ownership window=WindowId(31457284) usage=Usage { allocation: Usage { allocator_installed: true, owner_id: 3, label: "renderer-fonts-and-shapes", payload_bytes: 946894, tracking_bytes: 88976, allocations: 11120, peak_payload_bytes: 948099, owner_metadata_bytes: 96 }, returned_shape_bytes: 201096, private_bytes: Some(834774), fixed_font_bytes: Some(772070), cache_reserved_bytes: 62704, last_call: Some(Report { call_id: 5127, owner_id: 3, allocator_installed: true, host_initial_bytes: 416392, host_final_bytes: 416392, process_initial_bytes: 416392, process_final_bytes: 416392, initial_bytes: 62704, final_bytes: 63880, peak_bytes: 64029, host_peak_bytes: 416392, process_peak_bytes: 416392, exceeded: false }) } measurement=Some(Usage { allocation: Usage { allocator_installed: true, owner_id: 13, label: "text-measurement", payload_bytes: 734742, tracking_bytes: 84216, allocations: 10525, peak_payload_bytes: 748214, owner_metadata_bytes: 96 }, returned_shape_bytes: 0, private_bytes: Some(818958), fixed_font_bytes: Some(772070), cache_reserved_bytes: 46888, last_call: Some(Report { call_id: 4432, owner_id: 13, allocator_installed: true, host_initial_bytes: 336632, host_final_bytes: 336632, process_initial_bytes: 336632, process_final_bytes: 336632, initial_bytes: 46888, final_bytes: 46888, peak_bytes: 49248, host_peak_bytes: 336632, process_peak_bytes: 336632, exceeded: false }) }) process_registry_bytes=RegistryUsage { registry_heap_bytes: 136, scope_owner_bytes: 1152, call_slots_static_bytes: 9752 }
[SystemTime { tv_sec: 1790342705, tv_nsec: 469300538 }] native attachment ledger {"attachments":{"allocations":[{"allocation":1,"host":1,"last_submission":50,"owner":8,"payload_bytes":32768000,"release_reason":null}],"completed_retirements":7,"current_payload_bytes":32768000,"device_loss_confirmed":false,"device_loss_retirements":0,"observed_allocations":8,"peak_payload_bytes":54886400,"retiring_payload_bytes":0,"unknown_payload_allocations":0},"queue_epoch":1}
[SystemTime { tv_sec: 1790342705, tv_nsec: 469364746 }] native surface attachment {"allocation":1,"allocations_created":1,"extent":[1280,800],"format":"Bgra8UnormSrgb","gpu_retirement_qualified":false,"host":1,"owner":8,"payload_bytes":32768000,"queue_epoch":1,"samples":8,"state":"current_renderer_reference","window":"WindowId(31457284)"}
[SystemTime { tv_sec: 1790342705, tv_nsec: 469426177 }] renderer render end 2ms
[SystemTime { tv_sec: 1790342705, tv_nsec: 469475654 }] frame present begin
[SystemTime { tv_sec: 1790342705, tv_nsec: 469640360 }] native_surface_lifecycle {"acquire_attempts":40,"acquired":40,"active":0,"configuration_generation":1,"configure_attempts":1,"configured_extent":[1280,800],"discarded":0,"frame_submission_receipts_issued":50,"frame_submissions":40,"gpu_completed_through_receipt":49,"host":1,"last_frame_submission_receipt":50,"last_present_receipt":50,"presented":40,"queue_epoch":1,"reason":"present","wgpu_submission":"Some(SubmissionIndex { index: 50 })","window":"WindowId(31457284)"}
[SystemTime { tv_sec: 1790342705, tv_nsec: 469726696 }] frame present end 0ms total=3ms
[SystemTime { tv_sec: 1790342705, tv_nsec: 469833300 }] native redraw ledger {"attempts":65,"counts":{"coalesced":4,"duplicate_tokens":0,"presentations":40,"received":65,"requested":65,"suppressed":41},"damage":57,"device_generation":1,"host_generation":1,"pending":false,"presented_damage":57,"ready":false,"reason":"presented","rendering":null,"window":"WindowId(31457284)"}
[SystemTime { tv_sec: 1790342705, tv_nsec: 469897999 }] redraw handler end
[SystemTime { tv_sec: 1790342705, tv_nsec: 470223315 }] window event WindowId(31457428) ime Disabled
[SystemTime { tv_sec: 1790342705, tv_nsec: 470322917 }] window event WindowId(31457284) keyboard physical=Code(Enter) logical=Named(Enter) state=Released repeat=false text=Some("\r") synthetic=false
[SystemTime { tv_sec: 1790342705, tv_nsec: 471071535 }] window event WindowId(31457428) redraw requested
[SystemTime { tv_sec: 1790342705, tv_nsec: 471321631 }] native frame round hosts=[WindowId(31457428)]
[SystemTime { tv_sec: 1790342705, tv_nsec: 471438889 }] native_surface_lifecycle {"acquire_attempts":0,"acquired":0,"active":0,"configuration_generation":0,"configure_attempts":0,"configured_extent":null,"discarded":0,"frame_submission_receipts_issued":50,"frame_submissions":0,"gpu_completed_through_receipt":49,"host":9,"last_frame_submission_receipt":0,"last_present_receipt":0,"presented":0,"queue_epoch":1,"reason":"wait_queue","wgpu_submission":"None","window":"WindowId(31457428)"}
[SystemTime { tv_sec: 1790342705, tv_nsec: 471519411 }] native redraw ledger {"attempts":1,"counts":{"coalesced":0,"duplicate_tokens":0,"presentations":0,"received":1,"requested":1,"suppressed":0},"damage":2,"device_generation":1,"host_generation":9,"pending":false,"presented_damage":0,"ready":false,"reason":"not_presented","rendering":null,"window":"WindowId(31457428)"}
[SystemTime { tv_sec: 1790342705, tv_nsec: 475286815 }] window event WindowId(31457428) focused false
[SystemTime { tv_sec: 1790342705, tv_nsec: 475577296 }] window event WindowId(31457428) occluded false
[SystemTime { tv_sec: 1790342705, tv_nsec: 475867138 }] window event WindowId(31457428) redraw requested
[SystemTime { tv_sec: 1790342705, tv_nsec: 476119669 }] native frame round hosts=[WindowId(31457428)]
[SystemTime { tv_sec: 1790342705, tv_nsec: 476275669 }] native_surface_lifecycle {"acquire_attempts":0,"acquired":0,"active":0,"configuration_generation":0,"configure_attempts":0,"configured_extent":null,"discarded":0,"frame_submission_receipts_issued":50,"frame_submissions":0,"gpu_completed_through_receipt":49,"host":9,"last_frame_submission_receipt":0,"last_present_receipt":0,"presented":0,"queue_epoch":1,"reason":"wait_queue","wgpu_submission":"None","window":"WindowId(31457428)"}
[SystemTime { tv_sec: 1790342705, tv_nsec: 476381580 }] native redraw ledger {"attempts":2,"counts":{"coalesced":0,"duplicate_tokens":0,"presentations":0,"received":2,"requested":1,"suppressed":0},"damage":2,"device_generation":1,"host_generation":9,"pending":false,"presented_damage":0,"ready":false,"reason":"not_presented","rendering":null,"window":"WindowId(31457428)"}
[SystemTime { tv_sec: 1790342705, tv_nsec: 481080661 }] window event WindowId(31457284) modifiers changed ModifiersState(0x0)
[SystemTime { tv_sec: 1790342705, tv_nsec: 481623587 }] window event WindowId(31457284) focused false
[SystemTime { tv_sec: 1790342705, tv_nsec: 482165373 }] window event WindowId(31457428) focused true
[SystemTime { tv_sec: 1790342705, tv_nsec: 483150187 }] window event WindowId(31457428) modifiers changed ModifiersState(0x0)
[SystemTime { tv_sec: 1790342705, tv_nsec: 483218514 }] window event WindowId(31457428) cursor moved 429.00,170.00
[SystemTime { tv_sec: 1790342705, tv_nsec: 483276305 }] window event WindowId(31457428) occluded false
[SystemTime { tv_sec: 1790342705, tv_nsec: 483851482 }] window event WindowId(31457428) resized 760x720
[SystemTime { tv_sec: 1790342705, tv_nsec: 483918931 }] window event WindowId(31457428) redraw requested
[SystemTime { tv_sec: 1790342705, tv_nsec: 483968996 }] native frame round hosts=[WindowId(31457428)]
[SystemTime { tv_sec: 1790342705, tv_nsec: 484173293 }] surface configure begin
[SystemTime { tv_sec: 1790342705, tv_nsec: 498380928 }] surface configure end
[SystemTime { tv_sec: 1790342705, tv_nsec: 498416328 }] native queue configured host=9 configurations=9 submitted=50 completed=50
[SystemTime { tv_sec: 1790342705, tv_nsec: 498519549 }] native control_meshes window=WindowId(31457428) builds=8
[SystemTime { tv_sec: 1790342705, tv_nsec: 505978341 }] native_surface_lifecycle {"acquire_attempts":1,"acquired":1,"active":1,"configuration_generation":1,"configure_attempts":1,"configured_extent":[760,720],"discarded":0,"frame_submission_receipts_issued":51,"frame_submissions":1,"gpu_completed_through_receipt":50,"host":9,"last_frame_submission_receipt":51,"last_present_receipt":0,"presented":0,"queue_epoch":1,"reason":"submit","wgpu_submission":"Some(SubmissionIndex { index: 51 })","window":"WindowId(31457428)"}
[SystemTime { tv_sec: 1790342705, tv_nsec: 506038842 }] native upload frame window=WindowId(31457428) host=9 renderer=9 queue_epoch=1 surface_generation=1 acquisition=1 submission=51 receipt=Some(UploadFrame { consumers: {"NEW"}, owner: 214, attempt: 1, rendered: Some(true), totals: UploadTotals { batches: 1, buffer_payload_bytes: 38248, texture_source_bytes: 10266, texture_padding_bytes: 475622, scatter_index_bytes: 0, staging_capacity_bytes: 524136, buffer_copy_bytes: 38248, buffer_copies: 3, texture_copies: 266, scatter_dispatches: 0 } })
[SystemTime { tv_sec: 1790342705, tv_nsec: 506071804 }] native font ownership window=WindowId(31457428) usage=Usage { allocation: Usage { allocator_installed: true, owner_id: 48, label: "renderer-fonts-and-shapes", payload_bytes: 845046, tracking_bytes: 85808, allocations: 10724, peak_payload_bytes: 845160, owner_metadata_bytes: 96 }, returned_shape_bytes: 111896, private_bytes: Some(818958), fixed_font_bytes: Some(772070), cache_reserved_bytes: 46888, last_call: Some(Report { call_id: 5729, owner_id: 48, allocator_installed: true, host_initial_bytes: 235194, host_final_bytes: 235232, process_initial_bytes: 612618, process_final_bytes: 612656, initial_bytes: 46888, final_bytes: 46888, peak_bytes: 46888, host_peak_bytes: 235232, process_peak_bytes: 612656, exceeded: false }) } measurement=None process_registry_bytes=RegistryUsage { registry_heap_bytes: 136, scope_owner_bytes: 1152, call_slots_static_bytes: 9752 }
[SystemTime { tv_sec: 1790342705, tv_nsec: 506113289 }] native attachment ledger {"attachments":{"allocations":[{"allocation":1,"host":1,"last_submission":50,"owner":8,"payload_bytes":32768000,"release_reason":null},{"allocation":1,"host":9,"last_submission":51,"owner":215,"payload_bytes":17510400,"release_reason":null}],"completed_retirements":7,"current_payload_bytes":50278400,"device_loss_confirmed":false,"device_loss_retirements":0,"observed_allocations":9,"peak_payload_bytes":54886400,"retiring_payload_bytes":0,"unknown_payload_allocations":0},"queue_epoch":1}
[SystemTime { tv_sec: 1790342705, tv_nsec: 506145603 }] native surface attachment {"allocation":1,"allocations_created":1,"extent":[760,720],"format":"Bgra8UnormSrgb","gpu_retirement_qualified":false,"host":9,"owner":215,"payload_bytes":17510400,"queue_epoch":1,"samples":8,"state":"current_renderer_reference","window":"WindowId(31457428)"}
[SystemTime { tv_sec: 1790342705, tv_nsec: 506238363 }] native_surface_lifecycle {"acquire_attempts":1,"acquired":1,"active":0,"configuration_generation":1,"configure_attempts":1,"configured_extent":[760,720],"discarded":0,"frame_submission_receipts_issued":51,"frame_submissions":1,"gpu_completed_through_receipt":50,"host":9,"last_frame_submission_receipt":51,"last_present_receipt":51,"presented":1,"queue_epoch":1,"reason":"present","wgpu_submission":"Some(SubmissionIndex { index: 51 })","window":"WindowId(31457428)"}
[SystemTime { tv_sec: 1790342705, tv_nsec: 506275857 }] native redraw ledger {"attempts":3,"counts":{"coalesced":0,"duplicate_tokens":0,"presentations":1,"received":3,"requested":1,"suppressed":1},"damage":2,"device_generation":1,"host_generation":9,"pending":false,"presented_damage":2,"ready":false,"reason":"presented","rendering":null,"window":"WindowId(31457428)"}
[SystemTime { tv_sec: 1790342705, tv_nsec: 506851848 }] native queue progress epoch=1 submitted=51 completed=50
[SystemTime { tv_sec: 1790342705, tv_nsec: 506893175 }] native attachment ledger {"attachments":{"allocations":[{"allocation":1,"host":1,"last_submission":50,"owner":8,"payload_bytes":32768000,"release_reason":null},{"allocation":1,"host":9,"last_submission":51,"owner":215,"payload_bytes":17510400,"release_reason":null}],"completed_retirements":7,"current_payload_bytes":50278400,"device_loss_confirmed":false,"device_loss_retirements":0,"observed_allocations":9,"peak_payload_bytes":54886400,"retiring_payload_bytes":0,"unknown_payload_allocations":0},"queue_epoch":1}
[SystemTime { tv_sec: 1790342705, tv_nsec: 512017945 }] native queue progress epoch=1 submitted=51 completed=51
[SystemTime { tv_sec: 1790342705, tv_nsec: 512078984 }] native attachment ledger {"attachments":{"allocations":[{"allocation":1,"host":1,"last_submission":50,"owner":8,"payload_bytes":32768000,"release_reason":null},{"allocation":1,"host":9,"last_submission":51,"owner":215,"payload_bytes":17510400,"release_reason":null}],"completed_retirements":7,"current_payload_bytes":50278400,"device_loss_confirmed":false,"device_loss_retirements":0,"observed_allocations":9,"peak_payload_bytes":54886400,"retiring_payload_bytes":0,"unknown_payload_allocations":0},"queue_epoch":1}
[SystemTime { tv_sec: 1790342705, tv_nsec: 535647713 }] window event WindowId(31457428) keyboard physical=Code(Escape) logical=Named(Escape) state=Pressed repeat=false text=Some("\u{1b}") synthetic=false
[SystemTime { tv_sec: 1790342705, tv_nsec: 535742686 }] window event WindowId(31457284) redraw requested
[SystemTime { tv_sec: 1790342705, tv_nsec: 535817467 }] window event WindowId(31457428) redraw requested
[SystemTime { tv_sec: 1790342705, tv_nsec: 535867502 }] native redraw ledger {"attempts":3,"counts":{"coalesced":0,"duplicate_tokens":0,"presentations":1,"received":4,"requested":2,"suppressed":1},"damage":3,"device_generation":1,"host_generation":9,"pending":true,"presented_damage":2,"ready":true,"reason":"closed","rendering":null,"window":"WindowId(31457428)"}
[SystemTime { tv_sec: 1790342705, tv_nsec: 537872070 }] native_surface_lifecycle {"acquire_attempts":1,"acquired":1,"active":0,"configuration_generation":1,"configure_attempts":1,"configured_extent":[760,720],"discarded":0,"frame_submission_receipts_issued":51,"frame_submissions":1,"gpu_completed_through_receipt":51,"host":9,"last_frame_submission_receipt":51,"last_present_receipt":51,"presented":1,"queue_epoch":1,"reason":"owner_drop","wgpu_submission":"Some(SubmissionIndex { index: 51 })","window":"WindowId(31457428)"}
[SystemTime { tv_sec: 1790342705, tv_nsec: 537911949 }] native attachment ledger {"attachments":{"allocations":[{"allocation":1,"host":1,"last_submission":50,"owner":8,"payload_bytes":32768000,"release_reason":null}],"completed_retirements":8,"current_payload_bytes":32768000,"device_loss_confirmed":false,"device_loss_retirements":0,"observed_allocations":9,"peak_payload_bytes":54886400,"retiring_payload_bytes":0,"unknown_payload_allocations":0},"queue_epoch":1}
[SystemTime { tv_sec: 1790342705, tv_nsec: 539059750 }] native frame round hosts=[WindowId(31457284)]
[SystemTime { tv_sec: 1790342705, tv_nsec: 539099270 }] redraw handler begin
[SystemTime { tv_sec: 1790342705, tv_nsec: 539144224 }] render scene prepare begin retained_cached=true
[SystemTime { tv_sec: 1790342705, tv_nsec: 539172422 }] prepared scene build begin
[SystemTime { tv_sec: 1790342705, tv_nsec: 539506504 }] native control_meshes window=WindowId(31457284) builds=1
[SystemTime { tv_sec: 1790342705, tv_nsec: 539531964 }] prepared scene build end 0ms
[SystemTime { tv_sec: 1790342705, tv_nsec: 539556733 }] renderer render begin
[SystemTime { tv_sec: 1790342705, tv_nsec: 540968417 }] native_surface_lifecycle {"acquire_attempts":41,"acquired":41,"active":1,"configuration_generation":1,"configure_attempts":1,"configured_extent":[1280,800],"discarded":0,"frame_submission_receipts_issued":52,"frame_submissions":41,"gpu_completed_through_receipt":51,"host":1,"last_frame_submission_receipt":52,"last_present_receipt":50,"presented":40,"queue_epoch":1,"reason":"submit","wgpu_submission":"Some(SubmissionIndex { index: 52 })","window":"WindowId(31457284)"}
[SystemTime { tv_sec: 1790342705, tv_nsec: 541055383 }] native upload frame window=WindowId(31457284) host=1 renderer=1 queue_epoch=1 surface_generation=1 acquisition=41 submission=52 receipt=Some(UploadFrame { consumers: {"MAIN", "BOARD", "LAYERS", "NAV", "INSPECTOR", "MENU", "TERMINAL"}, owner: 7, attempt: 42, rendered: Some(true), totals: UploadTotals { batches: 1, buffer_payload_bytes: 12676, texture_source_bytes: 0, texture_padding_bytes: 0, scatter_index_bytes: 12604, staging_capacity_bytes: 50488, buffer_copy_bytes: 25280, buffer_copies: 19, texture_copies: 0, scatter_dispatches: 1 } })
[SystemTime { tv_sec: 1790342705, tv_nsec: 541093638 }] native font ownership window=WindowId(31457284) usage=Usage { allocation: Usage { allocator_installed: true, owner_id: 3, label: "renderer-fonts-and-shapes", payload_bytes: 947982, tracking_bytes: 89000, allocations: 11123, peak_payload_bytes: 948099, owner_metadata_bytes: 96 }, returned_shape_bytes: 202208, private_bytes: Some(834774), fixed_font_bytes: Some(772070), cache_reserved_bytes: 62704, last_call: Some(Report { call_id: 5730, owner_id: 3, allocator_installed: true, host_initial_bytes: 413584, host_final_bytes: 413584, process_initial_bytes: 413584, process_final_bytes: 413584, initial_bytes: 62704, final_bytes: 63816, peak_bytes: 63959, host_peak_bytes: 413584, process_peak_bytes: 413584, exceeded: false }) } measurement=Some(Usage { allocation: Usage { allocator_installed: true, owner_id: 13, label: "text-measurement", payload_bytes: 734742, tracking_bytes: 84216, allocations: 10525, peak_payload_bytes: 748214, owner_metadata_bytes: 96 }, returned_shape_bytes: 0, private_bytes: Some(818958), fixed_font_bytes: Some(772070), cache_reserved_bytes: 46888, last_call: Some(Report { call_id: 4432, owner_id: 13, allocator_installed: true, host_initial_bytes: 336632, host_final_bytes: 336632, process_initial_bytes: 336632, process_final_bytes: 336632, initial_bytes: 46888, final_bytes: 46888, peak_bytes: 49248, host_peak_bytes: 336632, process_peak_bytes: 336632, exceeded: false }) }) process_registry_bytes=RegistryUsage { registry_heap_bytes: 136, scope_owner_bytes: 1152, call_slots_static_bytes: 9752 }
[SystemTime { tv_sec: 1790342705, tv_nsec: 541132985 }] native attachment ledger {"attachments":{"allocations":[{"allocation":1,"host":1,"last_submission":52,"owner":8,"payload_bytes":32768000,"release_reason":null}],"completed_retirements":8,"current_payload_bytes":32768000,"device_loss_confirmed":false,"device_loss_retirements":0,"observed_allocations":9,"peak_payload_bytes":54886400,"retiring_payload_bytes":0,"unknown_payload_allocations":0},"queue_epoch":1}
[SystemTime { tv_sec: 1790342705, tv_nsec: 541166786 }] native surface attachment {"allocation":1,"allocations_created":1,"extent":[1280,800],"format":"Bgra8UnormSrgb","gpu_retirement_qualified":false,"host":1,"owner":8,"payload_bytes":32768000,"queue_epoch":1,"samples":8,"state":"current_renderer_reference","window":"WindowId(31457284)"}
[SystemTime { tv_sec: 1790342705, tv_nsec: 541198719 }] renderer render end 1ms
[SystemTime { tv_sec: 1790342705, tv_nsec: 541222787 }] frame present begin
[SystemTime { tv_sec: 1790342705, tv_nsec: 541304211 }] native_surface_lifecycle {"acquire_attempts":41,"acquired":41,"active":0,"configuration_generation":1,"configure_attempts":1,"configured_extent":[1280,800],"discarded":0,"frame_submission_receipts_issued":52,"frame_submissions":41,"gpu_completed_through_receipt":51,"host":1,"last_frame_submission_receipt":52,"last_present_receipt":52,"presented":41,"queue_epoch":1,"reason":"present","wgpu_submission":"Some(SubmissionIndex { index: 52 })","window":"WindowId(31457284)"}
[SystemTime { tv_sec: 1790342705, tv_nsec: 541337730 }] frame present end 0ms total=2ms
[SystemTime { tv_sec: 1790342705, tv_nsec: 541393950 }] native redraw ledger {"attempts":66,"counts":{"coalesced":4,"duplicate_tokens":0,"presentations":41,"received":66,"requested":66,"suppressed":42},"damage":58,"device_generation":1,"host_generation":1,"pending":false,"presented_damage":58,"ready":false,"reason":"presented","rendering":null,"window":"WindowId(31457284)"}
[SystemTime { tv_sec: 1790342705, tv_nsec: 541421489 }] redraw handler end
[SystemTime { tv_sec: 1790342705, tv_nsec: 541860051 }] window event WindowId(31457284) focused true
[SystemTime { tv_sec: 1790342705, tv_nsec: 542256911 }] window event WindowId(31457284) modifiers changed ModifiersState(0x0)
[SystemTime { tv_sec: 1790342705, tv_nsec: 542297851 }] window event WindowId(31457284) cursor moved 110.00,16.00
[SystemTime { tv_sec: 1790342705, tv_nsec: 542612231 }] window event WindowId(31457284) modifiers changed ModifiersState(0x0)
[SystemTime { tv_sec: 1790342705, tv_nsec: 542978871 }] window event WindowId(31457284) focused false
[SystemTime { tv_sec: 1790342705, tv_nsec: 543434454 }] window event WindowId(31457284) focused true
[SystemTime { tv_sec: 1790342705, tv_nsec: 543886443 }] window event WindowId(31457284) modifiers changed ModifiersState(0x0)
[SystemTime { tv_sec: 1790342705, tv_nsec: 543918496 }] window event WindowId(31457284) cursor moved 110.00,16.00
[SystemTime { tv_sec: 1790342705, tv_nsec: 545292154 }] window event WindowId(31457428) destroyed
[SystemTime { tv_sec: 1790342705, tv_nsec: 545350143 }] window event WindowId(31457284) keyboard physical=Code(Escape) logical=Named(Escape) state=Released repeat=false text=Some("\u{1b}") synthetic=false
[SystemTime { tv_sec: 1790342705, tv_nsec: 545384682 }] pan key physical=Code(Escape) logical=Named(Escape) state=Released repeat=false pointer_in_scene=false held=false consumed=false
[SystemTime { tv_sec: 1790342705, tv_nsec: 562664449 }] window event WindowId(31457284) modifiers changed ModifiersState(0x0)
[SystemTime { tv_sec: 1790342705, tv_nsec: 562722218 }] window event WindowId(31457284) mouse input Left Pressed
[SystemTime { tv_sec: 1790342705, tv_nsec: 562797682 }] pan primary pressed cursor=Some((110.0, 16.0)) pointer_in_scene=false held=false active=false
[SystemTime { tv_sec: 1790342705, tv_nsec: 562832972 }] window event WindowId(31457284) modifiers changed ModifiersState(0x0)
[SystemTime { tv_sec: 1790342705, tv_nsec: 563030923 }] window event WindowId(31457284) modifiers changed ModifiersState(0x0)
[SystemTime { tv_sec: 1790342705, tv_nsec: 563139515 }] window event WindowId(31457284) mouse input Left Released
[SystemTime { tv_sec: 1790342705, tv_nsec: 563178085 }] pan primary released cursor=Some((110.0, 16.0)) suppress_click=false
[SystemTime { tv_sec: 1790342705, tv_nsec: 563521118 }] window event WindowId(31457284) modifiers changed ModifiersState(0x0)
[SystemTime { tv_sec: 1790342705, tv_nsec: 563563854 }] window event WindowId(31457284) redraw requested
[SystemTime { tv_sec: 1790342705, tv_nsec: 563599208 }] native frame round hosts=[WindowId(31457284)]
[SystemTime { tv_sec: 1790342705, tv_nsec: 563628197 }] redraw handler begin
[SystemTime { tv_sec: 1790342705, tv_nsec: 563706748 }] native_surface_lifecycle {"acquire_attempts":41,"acquired":41,"active":0,"configuration_generation":1,"configure_attempts":1,"configured_extent":[1280,800],"discarded":0,"frame_submission_receipts_issued":52,"frame_submissions":41,"gpu_completed_through_receipt":51,"host":1,"last_frame_submission_receipt":52,"last_present_receipt":52,"presented":41,"queue_epoch":1,"reason":"wait_queue","wgpu_submission":"Some(SubmissionIndex { index: 52 })","window":"WindowId(31457284)"}
[SystemTime { tv_sec: 1790342705, tv_nsec: 563759269 }] native redraw ledger {"attempts":67,"counts":{"coalesced":4,"duplicate_tokens":0,"presentations":41,"received":67,"requested":67,"suppressed":42},"damage":59,"device_generation":1,"host_generation":1,"pending":false,"presented_damage":58,"ready":false,"reason":"not_presented","rendering":null,"window":"WindowId(31457284)"}
[SystemTime { tv_sec: 1790342705, tv_nsec: 576302280 }] native queue progress epoch=1 submitted=52 completed=52
[SystemTime { tv_sec: 1790342705, tv_nsec: 576344653 }] native attachment ledger {"attachments":{"allocations":[{"allocation":1,"host":1,"last_submission":52,"owner":8,"payload_bytes":32768000,"release_reason":null}],"completed_retirements":8,"current_payload_bytes":32768000,"device_loss_confirmed":false,"device_loss_retirements":0,"observed_allocations":9,"peak_payload_bytes":54886400,"retiring_payload_bytes":0,"unknown_payload_allocations":0},"queue_epoch":1}
[SystemTime { tv_sec: 1790342705, tv_nsec: 576381948 }] window event WindowId(31457284) redraw requested
[SystemTime { tv_sec: 1790342705, tv_nsec: 576403223 }] native frame round hosts=[WindowId(31457284)]
[SystemTime { tv_sec: 1790342705, tv_nsec: 576420795 }] redraw handler begin
[SystemTime { tv_sec: 1790342705, tv_nsec: 576446375 }] render scene prepare begin retained_cached=true
[SystemTime { tv_sec: 1790342705, tv_nsec: 576463812 }] prepared scene build begin
[SystemTime { tv_sec: 1790342705, tv_nsec: 576633254 }] native control_meshes window=WindowId(31457284) builds=1
[SystemTime { tv_sec: 1790342705, tv_nsec: 576650461 }] prepared scene build end 0ms
[SystemTime { tv_sec: 1790342705, tv_nsec: 576668692 }] renderer render begin
[SystemTime { tv_sec: 1790342705, tv_nsec: 577862233 }] native_surface_lifecycle {"acquire_attempts":42,"acquired":42,"active":1,"configuration_generation":1,"configure_attempts":1,"configured_extent":[1280,800],"discarded":0,"frame_submission_receipts_issued":53,"frame_submissions":42,"gpu_completed_through_receipt":52,"host":1,"last_frame_submission_receipt":53,"last_present_receipt":52,"presented":41,"queue_epoch":1,"reason":"submit","wgpu_submission":"Some(SubmissionIndex { index: 53 })","window":"WindowId(31457284)"}
[SystemTime { tv_sec: 1790342705, tv_nsec: 577956309 }] native upload frame window=WindowId(31457284) host=1 renderer=1 queue_epoch=1 surface_generation=1 acquisition=42 submission=53 receipt=Some(UploadFrame { consumers: {"MAIN", "BOARD", "LAYERS", "NAV", "INSPECTOR", "MENU", "TERMINAL"}, owner: 7, attempt: 43, rendered: Some(true), totals: UploadTotals { batches: 1, buffer_payload_bytes: 19660, texture_source_bytes: 0, texture_padding_bytes: 0, scatter_index_bytes: 17740, staging_capacity_bytes: 72880, buffer_copy_bytes: 37400, buffer_copies: 3, texture_copies: 0, scatter_dispatches: 2 } })
[SystemTime { tv_sec: 1790342705, tv_nsec: 577982788 }] native font ownership window=WindowId(31457284) usage=Usage { allocation: Usage { allocator_installed: true, owner_id: 3, label: "renderer-fonts-and-shapes", payload_bytes: 947982, tracking_bytes: 89000, allocations: 11123, peak_payload_bytes: 948099, owner_metadata_bytes: 96 }, returned_shape_bytes: 202208, private_bytes: Some(834774), fixed_font_bytes: Some(772070), cache_reserved_bytes: 62704, last_call: Some(Report { call_id: 5731, owner_id: 3, allocator_installed: true, host_initial_bytes: 416392, host_final_bytes: 416392, process_initial_bytes: 416392, process_final_bytes: 416392, initial_bytes: 62704, final_bytes: 63880, peak_bytes: 64029, host_peak_bytes: 416392, process_peak_bytes: 416392, exceeded: false }) } measurement=Some(Usage { allocation: Usage { allocator_installed: true, owner_id: 13, label: "text-measurement", payload_bytes: 734742, tracking_bytes: 84216, allocations: 10525, peak_payload_bytes: 748214, owner_metadata_bytes: 96 }, returned_shape_bytes: 0, private_bytes: Some(818958), fixed_font_bytes: Some(772070), cache_reserved_bytes: 46888, last_call: Some(Report { call_id: 4432, owner_id: 13, allocator_installed: true, host_initial_bytes: 336632, host_final_bytes: 336632, process_initial_bytes: 336632, process_final_bytes: 336632, initial_bytes: 46888, final_bytes: 46888, peak_bytes: 49248, host_peak_bytes: 336632, process_peak_bytes: 336632, exceeded: false }) }) process_registry_bytes=RegistryUsage { registry_heap_bytes: 136, scope_owner_bytes: 1152, call_slots_static_bytes: 9752 }
[SystemTime { tv_sec: 1790342705, tv_nsec: 578020520 }] native attachment ledger {"attachments":{"allocations":[{"allocation":1,"host":1,"last_submission":53,"owner":8,"payload_bytes":32768000,"release_reason":null}],"completed_retirements":8,"current_payload_bytes":32768000,"device_loss_confirmed":false,"device_loss_retirements":0,"observed_allocations":9,"peak_payload_bytes":54886400,"retiring_payload_bytes":0,"unknown_payload_allocations":0},"queue_epoch":1}
[SystemTime { tv_sec: 1790342705, tv_nsec: 578042285 }] native surface attachment {"allocation":1,"allocations_created":1,"extent":[1280,800],"format":"Bgra8UnormSrgb","gpu_retirement_qualified":false,"host":1,"owner":8,"payload_bytes":32768000,"queue_epoch":1,"samples":8,"state":"current_renderer_reference","window":"WindowId(31457284)"}
[SystemTime { tv_sec: 1790342705, tv_nsec: 578059035 }] renderer render end 1ms
[SystemTime { tv_sec: 1790342705, tv_nsec: 578074829 }] frame present begin
[SystemTime { tv_sec: 1790342705, tv_nsec: 578140379 }] native_surface_lifecycle {"acquire_attempts":42,"acquired":42,"active":0,"configuration_generation":1,"configure_attempts":1,"configured_extent":[1280,800],"discarded":0,"frame_submission_receipts_issued":53,"frame_submissions":42,"gpu_completed_through_receipt":52,"host":1,"last_frame_submission_receipt":53,"last_present_receipt":53,"presented":42,"queue_epoch":1,"reason":"present","wgpu_submission":"Some(SubmissionIndex { index: 53 })","window":"WindowId(31457284)"}
[SystemTime { tv_sec: 1790342705, tv_nsec: 578169622 }] frame present end 0ms total=1ms
[SystemTime { tv_sec: 1790342705, tv_nsec: 578194174 }] native redraw ledger {"attempts":68,"counts":{"coalesced":4,"duplicate_tokens":0,"presentations":42,"received":68,"requested":68,"suppressed":43},"damage":59,"device_generation":1,"host_generation":1,"pending":false,"presented_damage":59,"ready":false,"reason":"presented","rendering":null,"window":"WindowId(31457284)"}
[SystemTime { tv_sec: 1790342705, tv_nsec: 578209813 }] redraw handler end
[SystemTime { tv_sec: 1790342705, tv_nsec: 591139182 }] native queue progress epoch=1 submitted=53 completed=53
[SystemTime { tv_sec: 1790342705, tv_nsec: 591234535 }] native attachment ledger {"attachments":{"allocations":[{"allocation":1,"host":1,"last_submission":53,"owner":8,"payload_bytes":32768000,"release_reason":null}],"completed_retirements":8,"current_payload_bytes":32768000,"device_loss_confirmed":false,"device_loss_retirements":0,"observed_allocations":9,"peak_payload_bytes":54886400,"retiring_payload_bytes":0,"unknown_payload_allocations":0},"queue_epoch":1}
[SystemTime { tv_sec: 1790342705, tv_nsec: 670930336 }] window event WindowId(31457284) keyboard physical=Code(Enter) logical=Named(Enter) state=Pressed repeat=false text=Some("\r") synthetic=false
[SystemTime { tv_sec: 1790342705, tv_nsec: 671658153 }] window event WindowId(31457284) redraw requested
[SystemTime { tv_sec: 1790342705, tv_nsec: 679182615 }] surface identity window=WindowId(31457446) window_backend=x11 gpu_backend=Vulkan adapter="Intel(R) HD Graphics P630 (KBL GT2)" device_type=IntegratedGpu driver="Intel open-source Mesa driver" driver_info="Mesa 25.0.7-2+deb13u1"
[SystemTime { tv_sec: 1790342705, tv_nsec: 691662398 }] native frame round hosts=[WindowId(31457284)]
[SystemTime { tv_sec: 1790342705, tv_nsec: 691733738 }] redraw handler begin
[SystemTime { tv_sec: 1790342705, tv_nsec: 691823803 }] render scene prepare begin retained_cached=true
[SystemTime { tv_sec: 1790342705, tv_nsec: 691872758 }] prepared scene build begin
[SystemTime { tv_sec: 1790342705, tv_nsec: 692243333 }] native control_meshes window=WindowId(31457284) builds=1
[SystemTime { tv_sec: 1790342705, tv_nsec: 692299100 }] prepared scene build end 0ms
[SystemTime { tv_sec: 1790342705, tv_nsec: 692351917 }] renderer render begin
[SystemTime { tv_sec: 1790342705, tv_nsec: 694106053 }] native_surface_lifecycle {"acquire_attempts":43,"acquired":43,"active":1,"configuration_generation":1,"configure_attempts":1,"configured_extent":[1280,800],"discarded":0,"frame_submission_receipts_issued":54,"frame_submissions":43,"gpu_completed_through_receipt":53,"host":1,"last_frame_submission_receipt":54,"last_present_receipt":53,"presented":42,"queue_epoch":1,"reason":"submit","wgpu_submission":"Some(SubmissionIndex { index: 54 })","window":"WindowId(31457284)"}
[SystemTime { tv_sec: 1790342705, tv_nsec: 694268906 }] native upload frame window=WindowId(31457284) host=1 renderer=1 queue_epoch=1 surface_generation=1 acquisition=43 submission=54 receipt=Some(UploadFrame { consumers: {"MAIN", "BOARD", "LAYERS", "NAV", "INSPECTOR", "MENU", "TERMINAL"}, owner: 7, attempt: 44, rendered: Some(true), totals: UploadTotals { batches: 1, buffer_payload_bytes: 4384, texture_source_bytes: 0, texture_padding_bytes: 0, scatter_index_bytes: 4368, staging_capacity_bytes: 17488, buffer_copy_bytes: 8752, buffer_copies: 5, texture_copies: 0, scatter_dispatches: 1 } })
[SystemTime { tv_sec: 1790342705, tv_nsec: 694338816 }] native font ownership window=WindowId(31457284) usage=Usage { allocation: Usage { allocator_installed: true, owner_id: 3, label: "renderer-fonts-and-shapes", payload_bytes: 946894, tracking_bytes: 88976, allocations: 11120, peak_payload_bytes: 948099, owner_metadata_bytes: 96 }, returned_shape_bytes: 201096, private_bytes: Some(834774), fixed_font_bytes: Some(772070), cache_reserved_bytes: 62704, last_call: Some(Report { call_id: 5731, owner_id: 3, allocator_installed: true, host_initial_bytes: 416392, host_final_bytes: 416392, process_initial_bytes: 416392, process_final_bytes: 416392, initial_bytes: 62704, final_bytes: 63880, peak_bytes: 64029, host_peak_bytes: 416392, process_peak_bytes: 416392, exceeded: false }) } measurement=Some(Usage { allocation: Usage { allocator_installed: true, owner_id: 13, label: "text-measurement", payload_bytes: 734742, tracking_bytes: 84216, allocations: 10525, peak_payload_bytes: 748214, owner_metadata_bytes: 96 }, returned_shape_bytes: 0, private_bytes: Some(818958), fixed_font_bytes: Some(772070), cache_reserved_bytes: 46888, last_call: Some(Report { call_id: 4432, owner_id: 13, allocator_installed: true, host_initial_bytes: 336632, host_final_bytes: 336632, process_initial_bytes: 336632, process_final_bytes: 336632, initial_bytes: 46888, final_bytes: 46888, peak_bytes: 49248, host_peak_bytes: 336632, process_peak_bytes: 336632, exceeded: false }) }) process_registry_bytes=RegistryUsage { registry_heap_bytes: 136, scope_owner_bytes: 1152, call_slots_static_bytes: 9752 }
[SystemTime { tv_sec: 1790342705, tv_nsec: 694439412 }] native attachment ledger {"attachments":{"allocations":[{"allocation":1,"host":1,"last_submission":54,"owner":8,"payload_bytes":32768000,"release_reason":null}],"completed_retirements":8,"current_payload_bytes":32768000,"device_loss_confirmed":false,"device_loss_retirements":0,"observed_allocations":9,"peak_payload_bytes":54886400,"retiring_payload_bytes":0,"unknown_payload_allocations":0},"queue_epoch":1}
[SystemTime { tv_sec: 1790342705, tv_nsec: 694513720 }] native surface attachment {"allocation":1,"allocations_created":1,"extent":[1280,800],"format":"Bgra8UnormSrgb","gpu_retirement_qualified":false,"host":1,"owner":8,"payload_bytes":32768000,"queue_epoch":1,"samples":8,"state":"current_renderer_reference","window":"WindowId(31457284)"}
[SystemTime { tv_sec: 1790342705, tv_nsec: 694564954 }] renderer render end 2ms
[SystemTime { tv_sec: 1790342705, tv_nsec: 694615260 }] frame present begin
[SystemTime { tv_sec: 1790342705, tv_nsec: 694812235 }] native_surface_lifecycle {"acquire_attempts":43,"acquired":43,"active":0,"configuration_generation":1,"configure_attempts":1,"configured_extent":[1280,800],"discarded":0,"frame_submission_receipts_issued":54,"frame_submissions":43,"gpu_completed_through_receipt":53,"host":1,"last_frame_submission_receipt":54,"last_present_receipt":54,"presented":43,"queue_epoch":1,"reason":"present","wgpu_submission":"Some(SubmissionIndex { index: 54 })","window":"WindowId(31457284)"}
[SystemTime { tv_sec: 1790342705, tv_nsec: 694900930 }] frame present end 0ms total=3ms
[SystemTime { tv_sec: 1790342705, tv_nsec: 694994369 }] native redraw ledger {"attempts":69,"counts":{"coalesced":4,"duplicate_tokens":0,"presentations":43,"received":69,"requested":69,"suppressed":44},"damage":60,"device_generation":1,"host_generation":1,"pending":false,"presented_damage":60,"ready":false,"reason":"presented","rendering":null,"window":"WindowId(31457284)"}
[SystemTime { tv_sec: 1790342705, tv_nsec: 695045622 }] redraw handler end
[SystemTime { tv_sec: 1790342705, tv_nsec: 695331518 }] window event WindowId(31457446) ime Disabled
[SystemTime { tv_sec: 1790342705, tv_nsec: 695430583 }] window event WindowId(31457284) keyboard physical=Code(Enter) logical=Named(Enter) state=Released repeat=false text=Some("\r") synthetic=false
[SystemTime { tv_sec: 1790342705, tv_nsec: 696214429 }] window event WindowId(31457446) redraw requested
[SystemTime { tv_sec: 1790342705, tv_nsec: 696426042 }] native frame round hosts=[WindowId(31457446)]
[SystemTime { tv_sec: 1790342705, tv_nsec: 696578423 }] native_surface_lifecycle {"acquire_attempts":0,"acquired":0,"active":0,"configuration_generation":0,"configure_attempts":0,"configured_extent":null,"discarded":0,"frame_submission_receipts_issued":54,"frame_submissions":0,"gpu_completed_through_receipt":53,"host":10,"last_frame_submission_receipt":0,"last_present_receipt":0,"presented":0,"queue_epoch":1,"reason":"wait_queue","wgpu_submission":"None","window":"WindowId(31457446)"}
[SystemTime { tv_sec: 1790342705, tv_nsec: 696655246 }] native redraw ledger {"attempts":1,"counts":{"coalesced":0,"duplicate_tokens":0,"presentations":0,"received":1,"requested":1,"suppressed":0},"damage":2,"device_generation":1,"host_generation":10,"pending":false,"presented_damage":0,"ready":false,"reason":"not_presented","rendering":null,"window":"WindowId(31457446)"}
[SystemTime { tv_sec: 1790342705, tv_nsec: 702892343 }] window event WindowId(31457446) focused false
[SystemTime { tv_sec: 1790342705, tv_nsec: 703206880 }] window event WindowId(31457446) occluded false
[SystemTime { tv_sec: 1790342705, tv_nsec: 703463637 }] window event WindowId(31457446) redraw requested
[SystemTime { tv_sec: 1790342705, tv_nsec: 703748000 }] native frame round hosts=[WindowId(31457446)]
[SystemTime { tv_sec: 1790342705, tv_nsec: 703992399 }] surface configure begin
[SystemTime { tv_sec: 1790342705, tv_nsec: 713030417 }] surface configure end
[SystemTime { tv_sec: 1790342705, tv_nsec: 713079738 }] native queue configured host=10 configurations=10 submitted=54 completed=54
[SystemTime { tv_sec: 1790342705, tv_nsec: 713216340 }] native control_meshes window=WindowId(31457446) builds=8
[SystemTime { tv_sec: 1790342705, tv_nsec: 724059360 }] native_surface_lifecycle {"acquire_attempts":1,"acquired":1,"active":1,"configuration_generation":1,"configure_attempts":1,"configured_extent":[760,720],"discarded":0,"frame_submission_receipts_issued":55,"frame_submissions":1,"gpu_completed_through_receipt":54,"host":10,"last_frame_submission_receipt":55,"last_present_receipt":0,"presented":0,"queue_epoch":1,"reason":"submit","wgpu_submission":"Some(SubmissionIndex { index: 55 })","window":"WindowId(31457446)"}
[SystemTime { tv_sec: 1790342705, tv_nsec: 724133642 }] native upload frame window=WindowId(31457446) host=10 renderer=10 queue_epoch=1 surface_generation=1 acquisition=1 submission=55 receipt=Some(UploadFrame { consumers: {"NEW"}, owner: 236, attempt: 1, rendered: Some(true), totals: UploadTotals { batches: 1, buffer_payload_bytes: 38248, texture_source_bytes: 10266, texture_padding_bytes: 475622, scatter_index_bytes: 0, staging_capacity_bytes: 524136, buffer_copy_bytes: 38248, buffer_copies: 3, texture_copies: 266, scatter_dispatches: 0 } })
[SystemTime { tv_sec: 1790342705, tv_nsec: 724183378 }] native font ownership window=WindowId(31457446) usage=Usage { allocation: Usage { allocator_installed: true, owner_id: 52, label: "renderer-fonts-and-shapes", payload_bytes: 845046, tracking_bytes: 85808, allocations: 10724, peak_payload_bytes: 845160, owner_metadata_bytes: 96 }, returned_shape_bytes: 111896, private_bytes: Some(818958), fixed_font_bytes: Some(772070), cache_reserved_bytes: 46888, last_call: Some(Report { call_id: 6333, owner_id: 52, allocator_installed: true, host_initial_bytes: 235194, host_final_bytes: 235232, process_initial_bytes: 612618, process_final_bytes: 612656, initial_bytes: 46888, final_bytes: 46888, peak_bytes: 46888, host_peak_bytes: 235232, process_peak_bytes: 612656, exceeded: false }) } measurement=None process_registry_bytes=RegistryUsage { registry_heap_bytes: 136, scope_owner_bytes: 1152, call_slots_static_bytes: 9752 }
[SystemTime { tv_sec: 1790342705, tv_nsec: 724239936 }] native attachment ledger {"attachments":{"allocations":[{"allocation":1,"host":1,"last_submission":54,"owner":8,"payload_bytes":32768000,"release_reason":null},{"allocation":1,"host":10,"last_submission":55,"owner":237,"payload_bytes":17510400,"release_reason":null}],"completed_retirements":8,"current_payload_bytes":50278400,"device_loss_confirmed":false,"device_loss_retirements":0,"observed_allocations":10,"peak_payload_bytes":54886400,"retiring_payload_bytes":0,"unknown_payload_allocations":0},"queue_epoch":1}
[SystemTime { tv_sec: 1790342705, tv_nsec: 724287377 }] native surface attachment {"allocation":1,"allocations_created":1,"extent":[760,720],"format":"Bgra8UnormSrgb","gpu_retirement_qualified":false,"host":10,"owner":237,"payload_bytes":17510400,"queue_epoch":1,"samples":8,"state":"current_renderer_reference","window":"WindowId(31457446)"}
[SystemTime { tv_sec: 1790342705, tv_nsec: 724401883 }] native_surface_lifecycle {"acquire_attempts":1,"acquired":1,"active":0,"configuration_generation":1,"configure_attempts":1,"configured_extent":[760,720],"discarded":0,"frame_submission_receipts_issued":55,"frame_submissions":1,"gpu_completed_through_receipt":54,"host":10,"last_frame_submission_receipt":55,"last_present_receipt":55,"presented":1,"queue_epoch":1,"reason":"present","wgpu_submission":"Some(SubmissionIndex { index: 55 })","window":"WindowId(31457446)"}
[SystemTime { tv_sec: 1790342705, tv_nsec: 724451760 }] native redraw ledger {"attempts":2,"counts":{"coalesced":0,"duplicate_tokens":0,"presentations":1,"received":2,"requested":1,"suppressed":1},"damage":2,"device_generation":1,"host_generation":10,"pending":false,"presented_damage":2,"ready":false,"reason":"presented","rendering":null,"window":"WindowId(31457446)"}
[SystemTime { tv_sec: 1790342705, tv_nsec: 724597582 }] native queue progress epoch=1 submitted=55 completed=54
[SystemTime { tv_sec: 1790342705, tv_nsec: 724647415 }] native attachment ledger {"attachments":{"allocations":[{"allocation":1,"host":1,"last_submission":54,"owner":8,"payload_bytes":32768000,"release_reason":null},{"allocation":1,"host":10,"last_submission":55,"owner":237,"payload_bytes":17510400,"release_reason":null}],"completed_retirements":8,"current_payload_bytes":50278400,"device_loss_confirmed":false,"device_loss_retirements":0,"observed_allocations":10,"peak_payload_bytes":54886400,"retiring_payload_bytes":0,"unknown_payload_allocations":0},"queue_epoch":1}
[SystemTime { tv_sec: 1790342705, tv_nsec: 724929517 }] window event WindowId(31457284) modifiers changed ModifiersState(0x0)
[SystemTime { tv_sec: 1790342705, tv_nsec: 725403475 }] window event WindowId(31457284) focused false
[SystemTime { tv_sec: 1790342705, tv_nsec: 725660209 }] window event WindowId(31457446) focused true
[SystemTime { tv_sec: 1790342705, tv_nsec: 726052096 }] window event WindowId(31457446) modifiers changed ModifiersState(0x0)
[SystemTime { tv_sec: 1790342705, tv_nsec: 726104050 }] window event WindowId(31457446) cursor moved 429.00,170.00
[SystemTime { tv_sec: 1790342705, tv_nsec: 726142991 }] window event WindowId(31457446) occluded false
[SystemTime { tv_sec: 1790342705, tv_nsec: 726427086 }] window event WindowId(31457446) resized 760x720
[SystemTime { tv_sec: 1790342705, tv_nsec: 726477287 }] window event WindowId(31457446) redraw requested
[SystemTime { tv_sec: 1790342705, tv_nsec: 726513933 }] native frame round hosts=[WindowId(31457446)]
[SystemTime { tv_sec: 1790342705, tv_nsec: 726580865 }] native_surface_lifecycle {"acquire_attempts":1,"acquired":1,"active":0,"configuration_generation":1,"configure_attempts":1,"configured_extent":[760,720],"discarded":0,"frame_submission_receipts_issued":55,"frame_submissions":1,"gpu_completed_through_receipt":54,"host":10,"last_frame_submission_receipt":55,"last_present_receipt":55,"presented":1,"queue_epoch":1,"reason":"wait_queue","wgpu_submission":"Some(SubmissionIndex { index: 55 })","window":"WindowId(31457446)"}
[SystemTime { tv_sec: 1790342705, tv_nsec: 726627121 }] native redraw ledger {"attempts":3,"counts":{"coalesced":0,"duplicate_tokens":0,"presentations":1,"received":3,"requested":1,"suppressed":1},"damage":3,"device_generation":1,"host_generation":10,"pending":false,"presented_damage":2,"ready":false,"reason":"not_presented","rendering":null,"window":"WindowId(31457446)"}
[SystemTime { tv_sec: 1790342705, tv_nsec: 733171069 }] native queue progress epoch=1 submitted=55 completed=55
[SystemTime { tv_sec: 1790342705, tv_nsec: 733218196 }] native attachment ledger {"attachments":{"allocations":[{"allocation":1,"host":1,"last_submission":54,"owner":8,"payload_bytes":32768000,"release_reason":null},{"allocation":1,"host":10,"last_submission":55,"owner":237,"payload_bytes":17510400,"release_reason":null}],"completed_retirements":8,"current_payload_bytes":50278400,"device_loss_confirmed":false,"device_loss_retirements":0,"observed_allocations":10,"peak_payload_bytes":54886400,"retiring_payload_bytes":0,"unknown_payload_allocations":0},"queue_epoch":1}
[SystemTime { tv_sec: 1790342705, tv_nsec: 733300227 }] window event WindowId(31457446) redraw requested
[SystemTime { tv_sec: 1790342705, tv_nsec: 733324037 }] native frame round hosts=[WindowId(31457446)]
[SystemTime { tv_sec: 1790342705, tv_nsec: 733635252 }] native_surface_lifecycle {"acquire_attempts":2,"acquired":2,"active":1,"configuration_generation":1,"configure_attempts":1,"configured_extent":[760,720],"discarded":0,"frame_submission_receipts_issued":56,"frame_submissions":2,"gpu_completed_through_receipt":55,"host":10,"last_frame_submission_receipt":56,"last_present_receipt":55,"presented":1,"queue_epoch":1,"reason":"submit","wgpu_submission":"Some(SubmissionIndex { index: 56 })","window":"WindowId(31457446)"}
[SystemTime { tv_sec: 1790342705, tv_nsec: 733663205 }] native upload frame window=WindowId(31457446) host=10 renderer=10 queue_epoch=1 surface_generation=1 acquisition=2 submission=56 receipt=Some(UploadFrame { consumers: {"NEW"}, owner: 236, attempt: 2, rendered: Some(true), totals: UploadTotals { batches: 0, buffer_payload_bytes: 0, texture_source_bytes: 0, texture_padding_bytes: 0, scatter_index_bytes: 0, staging_capacity_bytes: 0, buffer_copy_bytes: 0, buffer_copies: 0, texture_copies: 0, scatter_dispatches: 0 } })
[SystemTime { tv_sec: 1790342705, tv_nsec: 733687999 }] native font ownership window=WindowId(31457446) usage=Usage { allocation: Usage { allocator_installed: true, owner_id: 52, label: "renderer-fonts-and-shapes", payload_bytes: 845046, tracking_bytes: 85808, allocations: 10724, peak_payload_bytes: 845160, owner_metadata_bytes: 96 }, returned_shape_bytes: 111896, private_bytes: Some(818958), fixed_font_bytes: Some(772070), cache_reserved_bytes: 46888, last_call: Some(Report { call_id: 6333, owner_id: 52, allocator_installed: true, host_initial_bytes: 235194, host_final_bytes: 235232, process_initial_bytes: 612618, process_final_bytes: 612656, initial_bytes: 46888, final_bytes: 46888, peak_bytes: 46888, host_peak_bytes: 235232, process_peak_bytes: 612656, exceeded: false }) } measurement=None process_registry_bytes=RegistryUsage { registry_heap_bytes: 136, scope_owner_bytes: 1152, call_slots_static_bytes: 9752 }
[SystemTime { tv_sec: 1790342705, tv_nsec: 733723297 }] native attachment ledger {"attachments":{"allocations":[{"allocation":1,"host":1,"last_submission":54,"owner":8,"payload_bytes":32768000,"release_reason":null},{"allocation":1,"host":10,"last_submission":56,"owner":237,"payload_bytes":17510400,"release_reason":null}],"completed_retirements":8,"current_payload_bytes":50278400,"device_loss_confirmed":false,"device_loss_retirements":0,"observed_allocations":10,"peak_payload_bytes":54886400,"retiring_payload_bytes":0,"unknown_payload_allocations":0},"queue_epoch":1}
[SystemTime { tv_sec: 1790342705, tv_nsec: 733747888 }] native surface attachment {"allocation":1,"allocations_created":1,"extent":[760,720],"format":"Bgra8UnormSrgb","gpu_retirement_qualified":false,"host":10,"owner":237,"payload_bytes":17510400,"queue_epoch":1,"samples":8,"state":"current_renderer_reference","window":"WindowId(31457446)"}
[SystemTime { tv_sec: 1790342705, tv_nsec: 733803258 }] native_surface_lifecycle {"acquire_attempts":2,"acquired":2,"active":0,"configuration_generation":1,"configure_attempts":1,"configured_extent":[760,720],"discarded":0,"frame_submission_receipts_issued":56,"frame_submissions":2,"gpu_completed_through_receipt":55,"host":10,"last_frame_submission_receipt":56,"last_present_receipt":56,"presented":2,"queue_epoch":1,"reason":"present","wgpu_submission":"Some(SubmissionIndex { index: 56 })","window":"WindowId(31457446)"}
[SystemTime { tv_sec: 1790342705, tv_nsec: 733829594 }] native redraw ledger {"attempts":4,"counts":{"coalesced":0,"duplicate_tokens":0,"presentations":2,"received":4,"requested":2,"suppressed":2},"damage":3,"device_generation":1,"host_generation":10,"pending":false,"presented_damage":3,"ready":false,"reason":"presented","rendering":null,"window":"WindowId(31457446)"}
[SystemTime { tv_sec: 1790342705, tv_nsec: 749695293 }] native queue progress epoch=1 submitted=56 completed=56
[SystemTime { tv_sec: 1790342705, tv_nsec: 749772294 }] native attachment ledger {"attachments":{"allocations":[{"allocation":1,"host":1,"last_submission":54,"owner":8,"payload_bytes":32768000,"release_reason":null},{"allocation":1,"host":10,"last_submission":56,"owner":237,"payload_bytes":17510400,"release_reason":null}],"completed_retirements":8,"current_payload_bytes":50278400,"device_loss_confirmed":false,"device_loss_retirements":0,"observed_allocations":10,"peak_payload_bytes":54886400,"retiring_payload_bytes":0,"unknown_payload_allocations":0},"queue_epoch":1}
[SystemTime { tv_sec: 1790342705, tv_nsec: 767052098 }] window event WindowId(31457446) keyboard physical=Code(Escape) logical=Named(Escape) state=Pressed repeat=false text=Some("\u{1b}") synthetic=false
[SystemTime { tv_sec: 1790342705, tv_nsec: 767122892 }] window event WindowId(31457446) redraw requested
[SystemTime { tv_sec: 1790342705, tv_nsec: 767144284 }] window event WindowId(31457284) redraw requested
[SystemTime { tv_sec: 1790342705, tv_nsec: 767672359 }] native redraw ledger {"attempts":4,"counts":{"coalesced":0,"duplicate_tokens":0,"presentations":2,"received":5,"requested":3,"suppressed":2},"damage":4,"device_generation":1,"host_generation":10,"pending":true,"presented_damage":3,"ready":true,"reason":"closed","rendering":null,"window":"WindowId(31457446)"}
[SystemTime { tv_sec: 1790342705, tv_nsec: 788430464 }] native_surface_lifecycle {"acquire_attempts":2,"acquired":2,"active":0,"configuration_generation":1,"configure_attempts":1,"configured_extent":[760,720],"discarded":0,"frame_submission_receipts_issued":56,"frame_submissions":2,"gpu_completed_through_receipt":56,"host":10,"last_frame_submission_receipt":56,"last_present_receipt":56,"presented":2,"queue_epoch":1,"reason":"owner_drop","wgpu_submission":"Some(SubmissionIndex { index: 56 })","window":"WindowId(31457446)"}
[SystemTime { tv_sec: 1790342705, tv_nsec: 788462581 }] native attachment ledger {"attachments":{"allocations":[{"allocation":1,"host":1,"last_submission":54,"owner":8,"payload_bytes":32768000,"release_reason":null}],"completed_retirements":9,"current_payload_bytes":32768000,"device_loss_confirmed":false,"device_loss_retirements":0,"observed_allocations":10,"peak_payload_bytes":54886400,"retiring_payload_bytes":0,"unknown_payload_allocations":0},"queue_epoch":1}
[SystemTime { tv_sec: 1790342705, tv_nsec: 788922432 }] native frame round hosts=[WindowId(31457284)]
[SystemTime { tv_sec: 1790342705, tv_nsec: 788965086 }] redraw handler begin
[SystemTime { tv_sec: 1790342705, tv_nsec: 788995812 }] render scene prepare begin retained_cached=true
[SystemTime { tv_sec: 1790342705, tv_nsec: 789013245 }] prepared scene build begin
[SystemTime { tv_sec: 1790342705, tv_nsec: 789232120 }] native control_meshes window=WindowId(31457284) builds=1
[SystemTime { tv_sec: 1790342705, tv_nsec: 789252108 }] prepared scene build end 0ms
[SystemTime { tv_sec: 1790342705, tv_nsec: 789271705 }] renderer render begin
[SystemTime { tv_sec: 1790342705, tv_nsec: 790107820 }] native_surface_lifecycle {"acquire_attempts":44,"acquired":44,"active":1,"configuration_generation":1,"configure_attempts":1,"configured_extent":[1280,800],"discarded":0,"frame_submission_receipts_issued":57,"frame_submissions":44,"gpu_completed_through_receipt":56,"host":1,"last_frame_submission_receipt":57,"last_present_receipt":54,"presented":43,"queue_epoch":1,"reason":"submit","wgpu_submission":"Some(SubmissionIndex { index: 57 })","window":"WindowId(31457284)"}
[SystemTime { tv_sec: 1790342705, tv_nsec: 790165001 }] native upload frame window=WindowId(31457284) host=1 renderer=1 queue_epoch=1 surface_generation=1 acquisition=44 submission=57 receipt=Some(UploadFrame { consumers: {"MAIN", "BOARD", "LAYERS", "NAV", "INSPECTOR", "MENU", "TERMINAL"}, owner: 7, attempt: 45, rendered: Some(true), totals: UploadTotals { batches: 1, buffer_payload_bytes: 12676, texture_source_bytes: 0, texture_padding_bytes: 0, scatter_index_bytes: 12604, staging_capacity_bytes: 50488, buffer_copy_bytes: 25280, buffer_copies: 19, texture_copies: 0, scatter_dispatches: 1 } })
[SystemTime { tv_sec: 1790342705, tv_nsec: 790191271 }] native font ownership window=WindowId(31457284) usage=Usage { allocation: Usage { allocator_installed: true, owner_id: 3, label: "renderer-fonts-and-shapes", payload_bytes: 947982, tracking_bytes: 89000, allocations: 11123, peak_payload_bytes: 948099, owner_metadata_bytes: 96 }, returned_shape_bytes: 202208, private_bytes: Some(834774), fixed_font_bytes: Some(772070), cache_reserved_bytes: 62704, last_call: Some(Report { call_id: 6334, owner_id: 3, allocator_installed: true, host_initial_bytes: 413584, host_final_bytes: 413584, process_initial_bytes: 413584, process_final_bytes: 413584, initial_bytes: 62704, final_bytes: 63816, peak_bytes: 63959, host_peak_bytes: 413584, process_peak_bytes: 413584, exceeded: false }) } measurement=Some(Usage { allocation: Usage { allocator_installed: true, owner_id: 13, label: "text-measurement", payload_bytes: 734742, tracking_bytes: 84216, allocations: 10525, peak_payload_bytes: 748214, owner_metadata_bytes: 96 }, returned_shape_bytes: 0, private_bytes: Some(818958), fixed_font_bytes: Some(772070), cache_reserved_bytes: 46888, last_call: Some(Report { call_id: 4432, owner_id: 13, allocator_installed: true, host_initial_bytes: 336632, host_final_bytes: 336632, process_initial_bytes: 336632, process_final_bytes: 336632, initial_bytes: 46888, final_bytes: 46888, peak_bytes: 49248, host_peak_bytes: 336632, process_peak_bytes: 336632, exceeded: false }) }) process_registry_bytes=RegistryUsage { registry_heap_bytes: 136, scope_owner_bytes: 1152, call_slots_static_bytes: 9752 }
[SystemTime { tv_sec: 1790342705, tv_nsec: 790218797 }] native attachment ledger {"attachments":{"allocations":[{"allocation":1,"host":1,"last_submission":57,"owner":8,"payload_bytes":32768000,"release_reason":null}],"completed_retirements":9,"current_payload_bytes":32768000,"device_loss_confirmed":false,"device_loss_retirements":0,"observed_allocations":10,"peak_payload_bytes":54886400,"retiring_payload_bytes":0,"unknown_payload_allocations":0},"queue_epoch":1}
[SystemTime { tv_sec: 1790342705, tv_nsec: 790247738 }] native surface attachment {"allocation":1,"allocations_created":1,"extent":[1280,800],"format":"Bgra8UnormSrgb","gpu_retirement_qualified":false,"host":1,"owner":8,"payload_bytes":32768000,"queue_epoch":1,"samples":8,"state":"current_renderer_reference","window":"WindowId(31457284)"}
[SystemTime { tv_sec: 1790342705, tv_nsec: 790265842 }] renderer render end 0ms
[SystemTime { tv_sec: 1790342705, tv_nsec: 790283639 }] frame present begin
[SystemTime { tv_sec: 1790342705, tv_nsec: 790356857 }] native_surface_lifecycle {"acquire_attempts":44,"acquired":44,"active":0,"configuration_generation":1,"configure_attempts":1,"configured_extent":[1280,800],"discarded":0,"frame_submission_receipts_issued":57,"frame_submissions":44,"gpu_completed_through_receipt":56,"host":1,"last_frame_submission_receipt":57,"last_present_receipt":57,"presented":44,"queue_epoch":1,"reason":"present","wgpu_submission":"Some(SubmissionIndex { index: 57 })","window":"WindowId(31457284)"}
[SystemTime { tv_sec: 1790342705, tv_nsec: 790379304 }] frame present end 0ms total=1ms
[SystemTime { tv_sec: 1790342705, tv_nsec: 790429053 }] native redraw ledger {"attempts":70,"counts":{"coalesced":4,"duplicate_tokens":0,"presentations":44,"received":70,"requested":70,"suppressed":45},"damage":61,"device_generation":1,"host_generation":1,"pending":false,"presented_damage":61,"ready":false,"reason":"presented","rendering":null,"window":"WindowId(31457284)"}
[SystemTime { tv_sec: 1790342705, tv_nsec: 790448871 }] redraw handler end
[SystemTime { tv_sec: 1790342705, tv_nsec: 790938704 }] window event WindowId(31457284) focused true
[SystemTime { tv_sec: 1790342705, tv_nsec: 791411458 }] window event WindowId(31457284) modifiers changed ModifiersState(0x0)
[SystemTime { tv_sec: 1790342705, tv_nsec: 791464066 }] window event WindowId(31457284) cursor moved 110.00,16.00
[SystemTime { tv_sec: 1790342705, tv_nsec: 791932242 }] window event WindowId(31457284) modifiers changed ModifiersState(0x0)
[SystemTime { tv_sec: 1790342705, tv_nsec: 792393017 }] window event WindowId(31457284) focused false
[SystemTime { tv_sec: 1790342705, tv_nsec: 792664627 }] window event WindowId(31457284) focused true
[SystemTime { tv_sec: 1790342705, tv_nsec: 793281929 }] window event WindowId(31457284) modifiers changed ModifiersState(0x0)
[SystemTime { tv_sec: 1790342705, tv_nsec: 793335380 }] window event WindowId(31457284) cursor moved 110.00,16.00
[SystemTime { tv_sec: 1790342705, tv_nsec: 793698663 }] window event WindowId(31457284) keyboard physical=Code(Escape) logical=Named(Escape) state=Released repeat=false text=Some("\u{1b}") synthetic=false
[SystemTime { tv_sec: 1790342705, tv_nsec: 793737821 }] pan key physical=Code(Escape) logical=Named(Escape) state=Released repeat=false pointer_in_scene=false held=false consumed=false
[SystemTime { tv_sec: 1790342705, tv_nsec: 793993916 }] window event WindowId(31457446) destroyed
[SystemTime { tv_sec: 1790342705, tv_nsec: 802442247 }] native queue progress epoch=1 submitted=57 completed=57
[SystemTime { tv_sec: 1790342705, tv_nsec: 802487460 }] native attachment ledger {"attachments":{"allocations":[{"allocation":1,"host":1,"last_submission":57,"owner":8,"payload_bytes":32768000,"release_reason":null}],"completed_retirements":9,"current_payload_bytes":32768000,"device_loss_confirmed":false,"device_loss_retirements":0,"observed_allocations":10,"peak_payload_bytes":54886400,"retiring_payload_bytes":0,"unknown_payload_allocations":0},"queue_epoch":1}
