Cargo resource preflight: target=/home/bfadmin/Documents/datum-eda/target size=29.5 GiB target_free=172.7 GiB tmp_free=6.7 GiB
warning: Cargo target exceeds soft limit: 29.5 GiB used; soft limit 20.0 GiB
   Compiling eda-engine v0.1.0 (/home/bfadmin/Documents/datum-eda/crates/engine)
    Finished `test` profile [unoptimized + debuginfo] target(s) in 49.93s
     Running unittests src/lib.rs (target/debug/deps/eda_engine-5b3bfac123e4e569)

running 1042 tests
test api::native_write::artifacts::tests::evidence_commit_threads_previous_metadata_on_rewrite ... ok
test api::native_write::artifacts::tests::latest_journaled_artifact_id_prefers_later_journal_writes ... ok
test api::native_write::artifacts::tests::metadata_only_evidence_builds_single_unguarded_operation ... ok
test api::native_write::artifacts::tests::set_check_run_builds_single_unguarded_operation ... ok
test api::native_write::artifacts::tests::unlinked_and_linked_evidence_order_metadata_then_runs ... ok
test api::native_write::board_annotations::tests::delete_threads_stored_payload_raw_and_guards ... ok
test api::native_write::board_annotations::tests::place_builds_single_unguarded_create_with_serde_payload ... ok
test api::native_write::board_annotations::tests::set_guards_existing_annotation ... ok
test api::native_write::board_annotations::tests::set_rejects_unknown_annotation ... ok
test api::native_write::board_components::tests::align_left_builds_one_guarded_batch_and_skips_locked ... ok
test api::native_write::board_components::tests::delete_threads_stored_payloads_raw_and_guards ... ok
test api::native_write::board_components::tests::distribute_h_spaces_unlocked_components ... ok
test api::native_write::board_components::tests::edit_guards_package_and_maps_every_variant ... ok
test api::native_write::board_components::tests::edit_rejects_unknown_package ... ok
test api::native_write::board_components::tests::handoff_package_id_matches_historical_cli_derivation ... ok
test api::native_write::board_components::tests::multi_place_composes_one_atomic_batch ... ok
test api::native_write::board_components::tests::place_builds_single_unguarded_create_with_serde_payload ... ok
test api::native_write::board_layout::tests::name_builds_guarded_set_board_name ... ok
test api::native_write::board_layout::tests::outline_payload_matches_historical_native_outline_shape ... ok
test api::native_write::board_layout::tests::stackup_payload_wraps_serde_layers ... ok
test api::native_write::board_routing::tests::delete_threads_stored_payload_raw_and_guards ... ok
test api::native_write::board_routing::tests::place_builds_single_unguarded_create_with_serde_payload ... ok
test api::native_write::board_routing::tests::set_guards_existing_object ... ok
test api::native_write::board_routing::tests::set_rejects_unknown_object ... ok
test api::native_write::board_routing::tests::zone_fill_batch_threads_previous_payload_on_refill ... ok
test api::native_write::board_routing::tests::zone_fill_payload_is_byte_identical_serde_with_no_previous_on_fresh_model ... ok
test api::native_write::board_routing::tests::zone_fill_previous_payload_matches_cli_oracle_across_states ... ok
test api::native_write::component_instances::tests::bind_derives_id_and_authors_create_payload ... ok
test api::native_write::component_instances::tests::bind_honors_explicit_id_and_role_assignments ... ok
test api::native_write::component_instances::tests::bind_rejects_role_assignment_for_unselected_ref ... ok
test api::native_write::component_instances::tests::bind_requires_symbol_refs_and_resolvable_targets ... ok
test api::native_write::component_instances::tests::delete_returns_previous_instance_and_guards_it ... ok
test api::native_write::component_instances::tests::placed_symbol_op_matches_historical_derivation_and_payload ... ok
test api::native_write::component_instances::tests::placed_symbol_op_rejects_missing_part_object ... ok
test api::native_write::component_instances::tests::set_and_delete_reject_unknown_instance ... ok
test api::native_write::component_instances::tests::set_guards_previous_revision_and_bumps_payload_revision ... ok
test api::native_write::context::tests::build_batch_matches_cli_guard_helper_output ... ok
test api::native_write::context::tests::build_batch_stamps_revision_provenance_and_guards ... ok
test api::native_write::context::tests::commit_prepared_commits_through_journaled_path ... ok
test api::native_write::context::tests::commit_prepared_rejects_stale_prepared_write ... ok
test api::native_write::forward_annotation::tests::accepted_proposal_matches_historical_deterministic_identity_and_payloads ... ok
test api::native_write::forward_annotation::tests::accepted_proposal_without_surviving_actions_is_none ... ok
test api::native_write::forward_annotation::tests::guard_proposal_batch_preserves_external_stamps_and_inserts_guards ... ok
test api::native_write::forward_annotation::tests::render_deltas_extract_created_and_set_tracks_and_vias ... ok
test api::native_write::forward_annotation::tests::replacement_batch_matches_historical_cli_guard_ordering ... ok
test api::native_write::forward_annotation::tests::replacement_batch_predicts_and_survives_journaled_proposal_apply ... ok
test api::native_write::forward_annotation::tests::review_state_builders_author_the_historical_unguarded_batches ... ok
test api::native_write::forward_annotation::tests::review_state_set_commits_and_resolves_through_the_journal ... ok
test api::native_write::genesis::tests::genesis_is_byte_idempotent_for_existing_ids ... ok
test api::native_write::genesis::tests::genesis_is_byte_identical_to_transcribed_cli_bootstrap_fixture ... ok
test api::native_write::genesis::tests::genesis_mints_fresh_ids_when_none_are_supplied ... ok
test api::native_write::genesis::tests::genesis_resolves_cleanly_through_the_project_resolver ... ok
test api::native_write::genesis::tests::genesis_writer_schemas_roundtrip_their_own_output ... ok
test api::native_write::genesis::tests::new_project_copies_one_validated_units_snapshot_and_receipt ... ok
test api::native_write::guards::tests::guarded_existing_object_operation_wraps_mutation ... ok
test api::native_write::guards::tests::guarded_object_operations_rejects_unknown_object ... ok
test api::native_write::guards::tests::guarded_operation_batch_guards_each_object_once ... ok
test api::native_write::guards::tests::guarded_operation_batch_inserts_guard_before_existing_object_mutation ... ok
test api::native_write::guards::tests::guarded_operation_batch_leaves_creation_operations_unguarded ... ok
test api::native_write::guards::tests::guarded_operation_batch_respects_explicit_guards ... ok
test api::native_write::ids::tests::component_instance_id_matches_cli_derivation_multi_symbol ... ok
test api::native_write::ids::tests::component_instance_id_matches_cli_derivation_no_symbols ... ok
test api::native_write::ids::tests::component_instance_id_matches_cli_derivation_single_symbol ... ok
test api::native_write::ids::tests::derive_object_id_is_project_namespaced ... ok
test api::native_write::ids::tests::derive_object_id_uses_documented_seed_layout ... ok
test api::native_write::imports::tests::eagle_library_import_is_guard_free_and_matches_oracle ... ok
test api::native_write::imports::tests::import_identity_derivations_match_historical_cli_formulas ... ok
test api::native_write::imports::tests::kicad_board_import_matches_hand_built_operation_order_oracle ... ok
test api::native_write::imports::tests::kicad_board_import_skips_resolver_known_objects ... ok
test api::native_write::imports::tests::kicad_footprint_import_matches_oracle_and_reused_identity_skips_creates ... ok
test api::native_write::imports::tests::schematic_sheet_imports_compose_one_guard_free_batch ... ok
test api::native_write::library::tests::attach_and_detach_source_previous_attachments_from_model ... ok
test api::native_write::library::tests::build_matches_cli_hand_rolled_batch_shape ... ok
test api::native_write::library::tests::create_payload_templates_match_historical_shapes ... ok
test api::native_write::library::tests::create_prepends_pool_ref_for_unreferenced_pool ... ok
test api::native_write::library::tests::create_skips_pool_ref_when_pool_already_referenced ... ok
test api::native_write::library::tests::delete_sources_stored_payload_from_model ... ok
test api::native_write::library::tests::ensure_pool_ref_assigns_next_priority ... ok
test api::native_write::library::tests::model_and_attachment_uuid_derivations_match_cli ... ok
test api::native_write::library::tests::pool_model_blob_write_is_idempotent_and_creates_directories ... ok
test api::native_write::library::tests::previous_payload_matches_cli_fresh_resolve_and_raw_disk ... ok
test api::native_write::library::tests::set_rejects_unknown_shard_and_mismatched_uuid ... ok
test api::native_write::library::tests::set_sources_previous_object_from_model_and_threads_object_verbatim ... ok
test api::native_write::library_footprint::tests::footprint_payload_matches_historical_shape ... ok
test api::native_write::library_footprint::tests::generated_ipc_specs_serialize_padstack_then_footprint_with_schema_marker ... ok
test api::native_write::library_pin_pad_map::tests::pin_pad_map_payload_matches_historical_shape ... ok
test api::native_write::library_pin_pad_map::tests::set_default_spec_edits_model_sourced_part_payload ... ok
test api::native_write::library_pin_pad_map::tests::set_default_spec_rejects_missing_part ... ok
test api::native_write::manufacturing::tests::create_plan_builds_unguarded_single_op_batch ... ok
test api::native_write::manufacturing::tests::derive_ids_match_cli_seed_layout ... ok
test api::native_write::manufacturing::tests::panel_projection_create_and_set_build_expected_operations ... ok
test api::native_write::manufacturing::tests::plan_create_set_delete_round_trip_through_commit ... ok
test api::native_write::output_jobs::tests::derive_run_id_matches_cli_material_layout ... ok
test api::native_write::output_jobs::tests::output_job_create_set_delete_round_trip_through_commit ... ok
test api::native_write::output_jobs::tests::set_output_job_run_threads_previous_run_from_model ... ok
test api::native_write::project::tests::create_project_rule_commits_without_guard_and_returns_rule_id ... ok
test api::native_write::project::tests::delete_project_rule_returns_previous_payload ... ok
test api::native_write::project::tests::project_units_initialization_rejects_a_receipt_from_another_profile ... ok
test api::native_write::project::tests::project_working_units_are_guarded_undoable_and_geometry_independent ... ok
test api::native_write::project::tests::rule_builders_reject_missing_rules_and_bad_payloads ... ok
test api::native_write::project::tests::set_project_name_guards_project_root_and_commits ... ok
test api::native_write::project::tests::set_project_name_rejects_empty_name ... ok
test api::native_write::project::tests::set_project_rules_and_set_project_rule_guard_rules_root ... ok
test api::native_write::project_units_receipt_tests::v1_units_receipt_projects_remain_readable_without_receipt_rewrite ... ok
test api::native_write::registry::tests::accept_deviation_verb_commits_through_journaled_path ... ok
test api::native_write::registry::tests::find_native_write_verb_hits_and_misses ... ok
test api::native_write::registry::tests::registry_covers_the_authorized_native_write_families ... ok
test api::native_write::registry::tests::rule_verbs_round_trip_create_set_delete ... ok
test api::native_write::registry::tests::set_name_verb_round_trips_json_params_to_committed_project ... ok
test api::native_write::registry::tests::set_rules_verb_replaces_rule_list ... ok
test api::native_write::registry::tests::verb_adapters_reject_malformed_params_naming_the_verb ... ok
test api::native_write::registry::tests::verb_ids_are_sorted_and_unique ... ok
test api::native_write::registry::tests::waive_verb_defaults_schematic_root_and_commits ... ok
test api::native_write::revision::tests::public_catalog_is_the_native_api_inventory_without_a_second_design_writer ... ok
test api::native_write::schematic_connectivity::tests::bus_entry_delete_guards_the_entry_object ... ok
test api::native_write::schematic_connectivity::tests::create_label_matches_historical_batch_shape ... ok
test api::native_write::schematic_connectivity::tests::port_and_noconnect_builders_author_expected_operations ... ok
test api::native_write::schematic_connectivity::tests::set_and_delete_label_guard_the_label_object ... ok
test api::native_write::schematic_connectivity::tests::wire_and_junction_creates_are_unguarded_single_ops ... ok
test api::native_write::schematic_sheets::tests::create_sheet_authors_unguarded_create_and_commits_shard_paths ... ok
test api::native_write::schematic_sheets::tests::definition_and_instance_builders_author_expected_operations ... ok
test api::native_write::schematic_sheets::tests::drawing_builders_derive_the_variant_uuid ... ok
test api::native_write::schematic_sheets::tests::rename_sheet_guards_the_sheet_object ... ok
test api::native_write::schematic_sheets::tests::text_set_and_delete_guard_the_text_object ... ok
test api::native_write::schematic_symbols::tests::place_with_binding_composes_component_instance_op ... ok
test api::native_write::schematic_symbols::tests::place_without_binding_authors_single_create ... ok
test api::native_write::schematic_symbols::tests::placed_symbol_component_instance_id_matches_authored_op_id ... ok
test api::native_write::schematic_symbols::tests::placed_symbol_component_instance_id_matches_historical_derivation ... ok
test api::native_write::schematic_symbols::tests::set_and_delete_guard_the_symbol_object ... ok
test api::native_write::waivers::tests::build_deviation_matches_cli_authoring_exactly ... ok
test api::native_write::waivers::tests::build_waiver_matches_cli_authoring_exactly ... ok
test api::native_write::waivers::tests::deviation_and_commit_lands_through_journaled_path ... ok
test api::native_write::waivers::tests::disposition_ids_are_revision_and_input_sensitive ... ok
test api::native_write::waivers::tests::waiver_and_commit_lands_through_journaled_path ... ok
test api::ops_helpers_landpattern::tests::land_pattern_pads_for_package_uses_unique_matching_footprint_then_fallback_on_ambiguity ... ok
test api::ops_helpers_landpattern::tests::land_pattern_pads_for_part_prefers_default_footprint_over_package_pads ... ok
test api::ops_helpers_landpattern::tests::land_pattern_pads_for_part_rejects_wrong_package_default_footprint_and_falls_back ... ok
test api::ops_helpers_landpattern::tests::land_pattern_pads_for_part_uses_pin_pad_map_footprint_when_part_default_absent ... ok
test api::ops_helpers_pin_pad_map::tests::first_class_pin_pad_map_preserves_repeated_unit_pin_across_multiple_gates ... ok
test api::ops_helpers_pin_pad_map::tests::part_pin_signature_prefers_default_pin_pad_map_over_legacy_pad_map ... ok
test api::ops_helpers_pin_pad_map::tests::replace_component_pads_for_assign_part_prefers_default_footprint_pads ... ok
test api::ops_helpers_pin_pad_map::tests::replace_component_pads_prefers_default_pin_pad_map_over_legacy_pad_map ... ok
test api::ops_helpers_pin_pad_map::tests::resolved_part_pad_map_falls_back_to_legacy_when_default_map_is_missing ... ok
test api::tests::goldens::drc_golden_airwire_demo_matches_checked_in_fixture ... ok
test api::tests::goldens::drc_golden_clearance_violation_demo_matches_checked_in_fixture ... ok
test api::tests::goldens::drc_golden_coverage_demo_matches_checked_in_fixture ... ok
test api::tests::goldens::drc_golden_partial_route_demo_matches_checked_in_fixture ... ok
test api::tests::goldens::drc_golden_silk_clearance_demo_matches_checked_in_fixture ... ok
test api::tests::goldens::drc_golden_simple_demo_matches_checked_in_fixture ... ok
test api::tests::goldens::erc_golden_analog_input_bias_demo_matches_checked_in_fixture ... ok
test api::tests::goldens::erc_golden_analog_input_demo_matches_checked_in_fixture ... ok
test api::tests::goldens::erc_golden_corpus_covers_required_m2_codes_for_current_implementation_slice ... ok
test api::tests::goldens::erc_golden_coverage_demo_matches_checked_in_fixture ... ok
test api::tests::goldens::erc_golden_hierarchy_mismatch_demo_matches_checked_in_fixture ... ok
test api::tests::goldens::erc_golden_simple_demo_matches_checked_in_fixture ... ok
test api::tests::read_surface::read_surface_import_and_checks::close_project_clears_open_design ... ok
test api::tests::read_surface::read_surface_import_and_checks::import_dispatch_expands_supported_kicad_bus_members_into_existing_surfaces ... ok
test api::tests::read_surface::read_surface_import_and_checks::import_dispatch_recognizes_kicad_and_eagle_paths ... ok
test api::tests::read_surface::read_surface_import_and_checks::import_dispatch_rejects_unknown_extensions ... ok
test api::tests::read_surface::read_surface_import_and_checks::run_drc_honors_authored_drc_waivers_from_loaded_schematic ... ok
test api::tests::read_surface::read_surface_pool_and_replacements::explain_violation_returns_drc_explanation_for_valid_index ... ok
test api::tests::read_surface::read_surface_pool_and_replacements::explain_violation_returns_erc_explanation_for_valid_index ... ok
test api::tests::read_surface::read_surface_pool_and_replacements::get_component_replacement_plan_combines_part_and_package_candidates ... ok
test api::tests::read_surface::read_surface_pool_and_replacements::get_netlist_returns_board_nets_for_board_project ... ok
test api::tests::read_surface::read_surface_pool_and_replacements::get_netlist_returns_schematic_nets_for_schematic_project ... ok
test api::tests::read_surface::read_surface_pool_and_replacements::get_package_change_candidates_reports_unique_compatible_packages ... ok
test api::tests::read_surface::read_surface_pool_and_replacements::get_package_returns_pool_package_details ... ok
test api::tests::read_surface::read_surface_pool_and_replacements::get_part_change_candidates_reports_compatible_parts ... ok
test api::tests::read_surface::read_surface_pool_and_replacements::get_part_returns_pool_part_details ... ok
test api::tests::read_surface::read_surface_summary_and_symbols::get_bus_entries_returns_entries_for_matching_sheet_selection ... ok
test api::tests::read_surface::read_surface_summary_and_symbols::get_symbol_fields_returns_fields_for_matching_symbol ... ok
test api::tests::read_surface::read_surface_summary_and_symbols::get_symbol_fields_returns_not_found_for_unknown_symbol ... ok
test api::tests::read_surface::read_surface_summary_and_symbols::schematic_check_summary_includes_info_level_erc_codes ... ok
test api::tests::read_surface::read_surface_summary_and_symbols::summaries_read_from_in_memory_design ... ok
test api::tests::read_surface::read_surface_summary_and_symbols::summaries_require_open_project ... ok
test api::tests::write_ops::write_ops_assign_part::assign_part_preserves_logical_nets_across_known_part_remap ... ok
test api::tests::write_ops::write_ops_assign_part::assign_part_updates_board_and_undo_redo_restore_it ... ok
test api::tests::write_ops::write_ops_assign_part::save_persists_assign_part_for_current_m3_slice ... ok
test api::tests::write_ops::write_ops_netclass_move::move_component_updates_board_and_undo_redo_restore_it ... ok
test api::tests::write_ops::write_ops_netclass_move::move_component_updates_derived_board_views_immediately ... ok
test api::tests::write_ops::write_ops_netclass_move::save_persists_moved_component_for_current_m3_slice ... ok
test api::tests::write_ops::write_ops_netclass_move::save_persists_set_design_rule_sidecar_for_current_m3_slice ... ok
test api::tests::write_ops::write_ops_netclass_move::save_persists_set_net_class_sidecar_for_current_m3_slice ... ok
test api::tests::write_ops::write_ops_netclass_move::set_net_class_updates_board_and_undo_redo_restore_it ... ok
test api::tests::write_ops::write_ops_package_replace::replace_component_preserves_logical_nets_for_explicit_candidate ... ok
test api::tests::write_ops::write_ops_package_replace::replace_components_batches_multiple_replacements_into_one_undo_step ... ok
test api::tests::write_ops::write_ops_package_replace::save_persists_set_package_for_current_m3_slice ... ok
test api::tests::write_ops::write_ops_package_replace::set_package_preserves_logical_nets_across_known_part_remap ... ok
test api::tests::write_ops::write_ops_package_replace::set_package_updates_board_and_undo_redo_restore_it ... ok
test api::tests::write_ops::write_ops_package_replace::set_package_with_part_preserves_logical_nets_for_explicit_candidate ... ok
test api::tests::write_ops::write_ops_smoke_and_delete::delete_component_updates_board_and_undo_redo_restore_it ... ok
test api::tests::write_ops::write_ops_smoke_and_delete::delete_track_updates_board_and_undo_redo_restore_it ... ok
test api::tests::write_ops::write_ops_smoke_and_delete::delete_track_updates_derived_board_views_immediately ... ok
test api::tests::write_ops::write_ops_smoke_and_delete::delete_via_updates_board_and_undo_redo_restore_it ... ok
test api::tests::write_ops::write_ops_smoke_and_delete::delete_via_updates_derived_net_state_immediately ... ok
test api::tests::write_ops::write_ops_smoke_and_delete::get_design_rules_returns_empty_rules_for_imported_fixture ... ok
test api::tests::write_ops::write_ops_smoke_and_delete::run_drc_does_not_count_unfilled_authored_zone_as_copper ... ok
test api::tests::write_ops::write_ops_smoke_and_delete::run_drc_returns_connectivity_violation_for_partial_route_fixture ... ok
test api::tests::write_ops::write_ops_smoke_and_delete::save_persists_deleted_component_for_current_m3_slice ... ok
test api::tests::write_ops::write_ops_smoke_and_delete::save_persists_deleted_track_for_current_m3_slice ... ok
test api::tests::write_ops::write_ops_smoke_and_delete::save_persists_deleted_via_for_current_m3_slice ... ok
test api::tests::write_ops::write_ops_smoke_and_delete::save_rejects_non_board_projects_in_current_m3_slice ... ok
test api::tests::write_ops::write_ops_smoke_and_delete::save_writes_byte_identical_kicad_board_for_current_m3_slice ... ok
test api::tests::write_ops::write_ops_smoke_and_delete::set_design_rule_updates_board_and_undo_redo_restore_it ... ok
test api::tests::write_ops::write_ops_value_reference_rotate::rotate_component_updates_board_and_undo_redo_restore_it ... ok
test api::tests::write_ops::write_ops_value_reference_rotate::save_persists_rotate_component_for_current_m3_slice ... ok
test api::tests::write_ops::write_ops_value_reference_rotate::save_persists_set_reference_for_current_m3_slice ... ok
test api::tests::write_ops::write_ops_value_reference_rotate::save_persists_set_value_for_current_m3_slice ... ok
test api::tests::write_ops::write_ops_value_reference_rotate::set_reference_updates_board_and_undo_redo_restore_it ... ok
test api::tests::write_ops::write_ops_value_reference_rotate::set_value_updates_board_and_undo_redo_restore_it ... ok
test board::route_proposal::apply::tests::composed_proposal_applies_through_the_journaled_substrate_path ... ok
test board::route_proposal::apply::tests::composed_proposal_matches_the_historical_cli_identity_and_batch ... ok
test board::route_proposal::apply::tests::missing_net_fails_with_the_historical_error_and_no_track_actions_yield_no_proposal ... ok
test board::route_proposal::drift::tests::drift_kind_classifies_availability_winner_and_geometry_changes ... ok
test board::route_proposal::drift::tests::segment_facts_are_none_for_non_layer_segmented_actions ... ok
test board::route_proposal::drift::tests::segment_facts_group_actions_by_layer_segment_index ... ok
test board::route_proposal::fixtures::tests::fixture_board_batch_guards_the_board_root_exactly_once_and_commits ... ok
test board::route_proposal::fixtures::tests::net_class_clear_persists_a_null_class_like_the_historical_fixture ... ok
test board::route_proposal::selection::tests::authored_copper_priority_prepends_the_policy_family ... ok
test board::route_proposal::selection::tests::default_profile_preserves_the_accepted_candidate_order ... ok
test board::route_proposal::selection::tests::empty_action_set_fails_the_whole_selection ... ok
test board::route_proposal::selection::tests::first_successful_candidate_wins_and_later_successes_are_skipped ... ok
test board::route_proposal::selection::tests::no_successful_candidate_reports_the_no_proposal_status ... ok
test board::route_proposal::tests::candidate_names_match_historical_cli_values ... ok
test board::route_proposal::tests::validate_rejects_unsupported_proposal_actions ... ok
test board::tests::diagnostics_and_unrouted::board_diagnostics_report_partially_routed_net ... ok
test board::tests::diagnostics_and_unrouted::board_diagnostics_reports_empty_and_via_only_nets ... ok
test board::tests::diagnostics_and_unrouted::board_net_info_counts_zones_as_copper_coverage ... ok
test board::tests::diagnostics_and_unrouted::board_unrouted_computes_airwires_from_pad_endpoints ... ok
test board::tests::diagnostics_and_unrouted::board_unrouted_treats_multilayer_pads_as_connected_on_bottom_copper ... ok
test board::tests::diagnostics_and_unrouted::board_unrouted_treats_track_endpoint_inside_rotated_rect_pad_as_connected ... ok
test board::tests::queries_and_netinfo::board_net_info_counts_tracks_and_vias ... ok
test board::tests::queries_and_netinfo::board_round_trip ... ok
test board::tests::queries_and_netinfo::board_summary_counts_core_objects ... ok
test board::tests::queries_and_netinfo::component_query_is_sorted_by_reference ... ok
test board::tests::queries_and_netinfo::dimension_layer_defaults_to_zero_when_missing_from_json ... ok
test board::tests::route_corridor::route_corridor_detects_concave_foreign_zone_crossing ... ok
test board::tests::route_corridor::route_corridor_detects_foreign_zone_crossing_with_segment_polygon_truth_boundary ... ok
test board::tests::route_corridor::route_corridor_reports_available_span_when_authored_geometry_is_clear ... ok
test board::tests::route_corridor::route_corridor_reports_blocked_when_authored_keepout_covers_all_candidate_layers ... ok
test board::tests::route_corridor::route_corridor_reports_insufficient_authored_inputs_when_only_one_anchor_exists ... ok
test board::tests::route_corridor::route_corridor_sorts_and_deduplicates_blockages_deterministically ... ok
test board::tests::route_path_candidate::route_path_candidate_honors_segment_polygon_truth_boundary_for_blocked_pair ... ok
test board::tests::route_path_candidate::route_path_candidate_reports_no_path_for_non_consecutive_pair_under_corridor_model ... ok
test board::tests::route_path_candidate::route_path_candidate_reports_no_path_when_all_matching_spans_are_blocked ... ok
test board::tests::route_path_candidate::route_path_candidate_selects_next_matching_span_when_earlier_corridor_span_is_blocked ... ok
test board::tests::route_path_candidate::route_path_candidate_stress_tests_explicit_tie_break_across_multiple_matching_layers ... ok
test board::tests::route_path_candidate::route_path_candidate_uses_explicit_first_unblocked_matching_span_rule ... ok
test board::tests::route_path_candidate::route_path_candidate_uses_selected_corridor_span_geometry_in_requested_anchor_order ... ok
test board::tests::route_path_candidate_authored_copper_graph::route_path_candidate_authored_copper_graph_breaks_equal_length_ties_by_object_uuid_sequence ... ok
test board::tests::route_path_candidate_authored_copper_graph::route_path_candidate_authored_copper_graph_prefers_shorter_existing_copper_path ... ok
test board::tests::route_path_candidate_authored_copper_graph::route_path_candidate_authored_copper_graph_reports_existing_track_via_path ... ok
test board::tests::route_path_candidate_authored_copper_graph::route_path_candidate_authored_copper_graph_reports_no_path_when_existing_copper_is_disconnected ... ok
test board::tests::route_path_candidate_authored_copper_graph_explain::route_path_candidate_authored_copper_graph_explain_reports_no_existing_path ... ok
test board::tests::route_path_candidate_authored_copper_graph_explain::route_path_candidate_authored_copper_graph_explain_reports_selected_path_reasoning ... ok
test board::tests::route_path_candidate_authored_copper_graph_obstacle_aware::route_path_candidate_authored_copper_graph_obstacle_aware_excludes_blocked_existing_track_edges ... ok
test board::tests::route_path_candidate_authored_copper_graph_obstacle_aware::route_path_candidate_authored_copper_graph_obstacle_aware_prefers_unblocked_direct_track_when_via_path_is_blocked ... ok
test board::tests::route_path_candidate_authored_copper_graph_obstacle_aware::route_path_candidate_authored_copper_graph_obstacle_aware_reports_unblocked_existing_path ... ok
test board::tests::route_path_candidate_authored_copper_graph_obstacle_aware_explain::route_path_candidate_authored_copper_graph_obstacle_aware_explain_reports_no_existing_path ... ok
test board::tests::route_path_candidate_authored_copper_graph_obstacle_aware_explain::route_path_candidate_authored_copper_graph_obstacle_aware_explain_reports_selected_path_reasoning ... ok
test board::tests::route_path_candidate_authored_copper_graph_policy::authored_copper_graph_policy_preserves_layer_balance_aware_behavior ... ok
test board::tests::route_path_candidate_authored_copper_graph_policy::authored_copper_graph_policy_preserves_obstacle_aware_behavior ... ok
test board::tests::route_path_candidate_authored_copper_graph_policy::authored_copper_graph_policy_preserves_plain_behavior ... ok
test board::tests::route_path_candidate_authored_copper_graph_policy::authored_copper_graph_policy_preserves_topology_aware_behavior ... ok
test board::tests::route_path_candidate_authored_copper_graph_policy::authored_copper_graph_policy_preserves_zone_aware_behavior ... ok
test board::tests::route_path_candidate_authored_copper_graph_policy::authored_copper_graph_policy_preserves_zone_obstacle_aware_behavior ... ok
test board::tests::route_path_candidate_authored_copper_graph_policy_explain::authored_copper_graph_policy_explain_preserves_layer_balance_aware_behavior ... ok
test board::tests::route_path_candidate_authored_copper_graph_policy_explain::authored_copper_graph_policy_explain_preserves_obstacle_aware_behavior ... ok
test board::tests::route_path_candidate_authored_copper_graph_policy_explain::authored_copper_graph_policy_explain_preserves_plain_behavior ... ok
test board::tests::route_path_candidate_authored_copper_graph_policy_explain::authored_copper_graph_policy_explain_preserves_topology_aware_behavior ... ok
test board::tests::route_path_candidate_authored_copper_graph_policy_explain::authored_copper_graph_policy_explain_preserves_zone_aware_behavior ... ok
test board::tests::route_path_candidate_authored_copper_graph_policy_explain::authored_copper_graph_policy_explain_preserves_zone_obstacle_aware_behavior ... ok
test board::tests::route_path_candidate_authored_copper_graph_zone_aware::route_path_candidate_authored_copper_graph_zone_aware_prefers_track_over_zone_on_equal_step_count ... ok
test board::tests::route_path_candidate_authored_copper_graph_zone_aware::route_path_candidate_authored_copper_graph_zone_aware_reports_no_path_when_zone_does_not_bridge_anchors ... ok
test board::tests::route_path_candidate_authored_copper_graph_zone_aware::route_path_candidate_authored_copper_graph_zone_aware_reports_zone_supported_path ... ok
test board::tests::route_path_candidate_authored_copper_graph_zone_aware_explain::route_path_candidate_authored_copper_graph_zone_aware_explain_reports_no_existing_path ... ok
test board::tests::route_path_candidate_authored_copper_graph_zone_aware_explain::route_path_candidate_authored_copper_graph_zone_aware_explain_reports_selected_path_reasoning ... ok
test board::tests::route_path_candidate_authored_copper_graph_zone_obstacle_aware::route_path_candidate_authored_copper_graph_zone_obstacle_aware_excludes_blocked_zone_connection ... ok
test board::tests::route_path_candidate_authored_copper_graph_zone_obstacle_aware::route_path_candidate_authored_copper_graph_zone_obstacle_aware_reports_unblocked_zone_path ... ok
test board::tests::route_path_candidate_authored_copper_graph_zone_obstacle_aware_explain::route_path_candidate_authored_copper_graph_zone_obstacle_aware_explain_reports_no_existing_path ... ok
test board::tests::route_path_candidate_authored_copper_graph_zone_obstacle_aware_explain::route_path_candidate_authored_copper_graph_zone_obstacle_aware_explain_reports_selected_path_reasoning ... ok
test board::tests::route_path_candidate_authored_copper_graph_zone_obstacle_aware_topology_aware::topology_aware_authored_copper_graph_prefers_fewer_topology_transitions_for_equal_step_count ... ok
test board::tests::route_path_candidate_authored_copper_graph_zone_obstacle_aware_topology_aware::topology_aware_authored_copper_graph_reports_no_path_when_all_paths_are_blocked ... ok
test board::tests::route_path_candidate_authored_copper_graph_zone_obstacle_aware_topology_aware_explain::topology_aware_explain_reports_no_existing_path_when_all_candidates_blocked ... ok
test board::tests::route_path_candidate_authored_copper_graph_zone_obstacle_aware_topology_aware_explain::topology_aware_explain_reports_selected_path_and_topology_reason ... ok
test board::tests::route_path_candidate_authored_copper_graph_zone_obstacle_aware_topology_aware_layer_balance_aware::layer_balance_aware_prefers_more_even_layer_usage_for_equal_step_and_topology_counts ... ok
test board::tests::route_path_candidate_authored_copper_graph_zone_obstacle_aware_topology_aware_layer_balance_aware::layer_balance_aware_reports_no_path_when_obstacles_block_all_candidates ... ok
test board::tests::route_path_candidate_authored_copper_graph_zone_obstacle_aware_topology_aware_layer_balance_aware_explain::layer_balance_aware_explain_reports_no_existing_path_when_all_candidates_blocked ... ok
test board::tests::route_path_candidate_authored_copper_graph_zone_obstacle_aware_topology_aware_layer_balance_aware_explain::layer_balance_aware_explain_reports_selected_path_and_balance_reason ... ok
test board::tests::route_path_candidate_authored_copper_plus_one_gap::route_path_candidate_authored_copper_plus_one_gap_reports_deterministic_path ... ok
test board::tests::route_path_candidate_authored_copper_plus_one_gap::route_path_candidate_authored_copper_plus_one_gap_reports_no_path_when_gap_blocked ... ok
test board::tests::route_path_candidate_authored_copper_plus_one_gap_explain::route_path_candidate_authored_copper_plus_one_gap_explain_reports_no_exact_one_gap_path ... ok
test board::tests::route_path_candidate_authored_copper_plus_one_gap_explain::route_path_candidate_authored_copper_plus_one_gap_explain_reports_selected_path ... ok
test board::tests::route_path_candidate_authored_via_chain::route_path_candidate_authored_via_chain_prefers_shorter_matching_chain_before_uuid_order ... ok
test board::tests::route_path_candidate_authored_via_chain::route_path_candidate_authored_via_chain_prefers_smaller_uuid_sequence_with_same_via_count ... ok
test board::tests::route_path_candidate_authored_via_chain::route_path_candidate_authored_via_chain_selects_next_unblocked_chain_after_blocked_earlier_chain ... ok
test board::tests::route_path_candidate_authored_via_chain_explain::route_path_candidate_authored_via_chain_explain_reports_blocked_matching_chains ... ok
test board::tests::route_path_candidate_authored_via_chain_explain::route_path_candidate_authored_via_chain_explain_reports_selected_chain_reasoning ... ok
test board::tests::route_path_candidate_explain::route_path_candidate_explain_classifies_all_matching_spans_blocked_even_with_irrelevant_available_spans ... ok
test board::tests::route_path_candidate_explain::route_path_candidate_explain_preserves_selected_span_orientation_for_reversed_anchor_order ... ok
test board::tests::route_path_candidate_explain::route_path_candidate_explain_reports_blocked_matching_spans_and_reasons ... ok
test board::tests::route_path_candidate_explain::route_path_candidate_explain_reports_no_matching_corridor_span ... ok
test board::tests::route_path_candidate_explain::route_path_candidate_explain_reports_selected_span_and_rule_for_found_path ... ok
test board::tests::route_path_candidate_explain::route_path_candidate_explain_selected_span_matches_fallback_path_candidate_span ... ok
test board::tests::route_path_candidate_five_via::route_path_candidate_five_via_reports_deterministic_path_using_authored_via_quintuple ... ok
test board::tests::route_path_candidate_five_via::route_path_candidate_five_via_selects_next_matching_quintuple_when_earlier_quintuple_is_blocked ... ok
test board::tests::route_path_candidate_five_via_explain::route_path_candidate_five_via_explain_reports_selected_quintuple_reasoning ... ok
test board::tests::route_path_candidate_four_via::route_path_candidate_four_via_reports_deterministic_path_using_authored_via_quadruple ... ok
test board::tests::route_path_candidate_four_via::route_path_candidate_four_via_selects_next_matching_quadruple_when_earlier_quadruple_is_blocked ... ok
test board::tests::route_path_candidate_four_via_explain::route_path_candidate_four_via_explain_reports_blocked_matching_quadruples_and_reasons ... ok
test board::tests::route_path_candidate_four_via_explain::route_path_candidate_four_via_explain_reports_no_matching_authored_via_quadruple ... ok
test board::tests::route_path_candidate_four_via_explain::route_path_candidate_four_via_explain_reports_selected_quadruple_for_found_path ... ok
test board::tests::route_path_candidate_orthogonal_dogleg::route_path_candidate_orthogonal_dogleg_finds_first_unblocked_corner ... ok
test board::tests::route_path_candidate_orthogonal_dogleg::route_path_candidate_orthogonal_dogleg_prefers_horizontal_then_vertical_when_clear ... ok
test board::tests::route_path_candidate_orthogonal_dogleg::route_path_candidate_orthogonal_dogleg_reports_no_path_when_both_corners_are_blocked ... ok
test board::tests::route_path_candidate_orthogonal_dogleg_explain::route_path_candidate_orthogonal_dogleg_explain_reports_no_same_layer_candidate ... ok
test board::tests::route_path_candidate_orthogonal_dogleg_explain::route_path_candidate_orthogonal_dogleg_explain_reports_selected_corner_reasoning ... ok
test board::tests::route_path_candidate_orthogonal_graph::route_path_candidate_orthogonal_graph_breaks_equal_cost_ties_by_point_sequence ... ok
test board::tests::route_path_candidate_orthogonal_graph::route_path_candidate_orthogonal_graph_finds_multi_segment_same_layer_path ... ok
test board::tests::route_path_candidate_orthogonal_graph::route_path_candidate_orthogonal_graph_prefers_fewer_segments_when_direct_span_is_clear ... ok
test board::tests::route_path_candidate_orthogonal_graph::route_path_candidate_orthogonal_graph_reports_no_path_when_graph_is_cut ... ok
test board::tests::route_path_candidate_orthogonal_graph_explain::route_path_candidate_orthogonal_graph_explain_reports_blocked_graph ... ok
test board::tests::route_path_candidate_orthogonal_graph_explain::route_path_candidate_orthogonal_graph_explain_reports_selected_path_reasoning ... ok
test board::tests::route_path_candidate_orthogonal_graph_five_via::route_path_candidate_orthogonal_graph_five_via_reports_deterministic_path ... ok
test board::tests::route_path_candidate_orthogonal_graph_five_via::route_path_candidate_orthogonal_graph_five_via_reports_no_path_when_middle_layer_is_cut ... ok
test board::tests::route_path_candidate_orthogonal_graph_five_via_explain::route_path_candidate_orthogonal_graph_five_via_explain_reports_blocked_quintuple ... ok
test board::tests::route_path_candidate_orthogonal_graph_five_via_explain::route_path_candidate_orthogonal_graph_five_via_explain_reports_selected_quintuple ... ok
test board::tests::route_path_candidate_orthogonal_graph_four_via::route_path_candidate_orthogonal_graph_four_via_reports_deterministic_path ... ok
test board::tests::route_path_candidate_orthogonal_graph_four_via::route_path_candidate_orthogonal_graph_four_via_reports_no_path_when_middle_layer_is_cut ... ok
test board::tests::route_path_candidate_orthogonal_graph_four_via_explain::route_path_candidate_orthogonal_graph_four_via_explain_reports_blocked_quadruple ... ok
test board::tests::route_path_candidate_orthogonal_graph_four_via_explain::route_path_candidate_orthogonal_graph_four_via_explain_reports_selected_quadruple ... ok
test board::tests::route_path_candidate_orthogonal_graph_six_via::route_path_candidate_orthogonal_graph_six_via_reports_deterministic_path ... ok
test board::tests::route_path_candidate_orthogonal_graph_six_via::route_path_candidate_orthogonal_graph_six_via_reports_no_path_when_middle_layer_is_cut ... ok
test board::tests::route_path_candidate_orthogonal_graph_six_via_explain::route_path_candidate_orthogonal_graph_six_via_explain_reports_blocked_sextuple ... ok
test board::tests::route_path_candidate_orthogonal_graph_six_via_explain::route_path_candidate_orthogonal_graph_six_via_explain_reports_selected_sextuple ... ok
test board::tests::route_path_candidate_orthogonal_graph_three_via::route_path_candidate_orthogonal_graph_three_via_reports_deterministic_path ... ok
test board::tests::route_path_candidate_orthogonal_graph_three_via::route_path_candidate_orthogonal_graph_three_via_reports_no_path_when_middle_layer_is_cut ... ok
test board::tests::route_path_candidate_orthogonal_graph_three_via_explain::route_path_candidate_orthogonal_graph_three_via_explain_reports_blocked_triple ... ok
test board::tests::route_path_candidate_orthogonal_graph_three_via_explain::route_path_candidate_orthogonal_graph_three_via_explain_reports_selected_triple ... ok
test board::tests::route_path_candidate_orthogonal_graph_two_via::route_path_candidate_orthogonal_graph_two_via_reports_deterministic_path_using_authored_via_pair ... ok
test board::tests::route_path_candidate_orthogonal_graph_two_via::route_path_candidate_orthogonal_graph_two_via_reports_no_path_when_middle_graph_is_cut ... ok
test board::tests::route_path_candidate_orthogonal_graph_two_via_explain::route_path_candidate_orthogonal_graph_two_via_explain_reports_blocked_pair ... ok
test board::tests::route_path_candidate_orthogonal_graph_two_via_explain::route_path_candidate_orthogonal_graph_two_via_explain_reports_selected_pair_reasoning ... ok
test board::tests::route_path_candidate_orthogonal_graph_via::route_path_candidate_orthogonal_graph_via_reports_deterministic_path_using_authored_via ... ok
test board::tests::route_path_candidate_orthogonal_graph_via::route_path_candidate_orthogonal_graph_via_reports_no_path_when_matching_via_sides_are_cut ... ok
test board::tests::route_path_candidate_orthogonal_graph_via::route_path_candidate_orthogonal_graph_via_reports_no_path_when_no_matching_authored_via_exists ... ok
test board::tests::route_path_candidate_orthogonal_graph_via_explain::route_path_candidate_orthogonal_graph_via_explain_reports_blocked_matching_via ... ok
test board::tests::route_path_candidate_orthogonal_graph_via_explain::route_path_candidate_orthogonal_graph_via_explain_reports_no_matching_via ... ok
test board::tests::route_path_candidate_orthogonal_graph_via_explain::route_path_candidate_orthogonal_graph_via_explain_reports_selected_via_reasoning ... ok
test board::tests::route_path_candidate_orthogonal_two_bend::route_path_candidate_orthogonal_two_bend_finds_first_unblocked_detour_path ... ok
test board::tests::route_path_candidate_orthogonal_two_bend::route_path_candidate_orthogonal_two_bend_prefers_horizontal_detour_with_smallest_coordinate_when_clear ... ok
test board::tests::route_path_candidate_orthogonal_two_bend::route_path_candidate_orthogonal_two_bend_reports_no_path_when_all_candidates_are_blocked ... ok
test board::tests::route_path_candidate_orthogonal_two_bend_explain::route_path_candidate_orthogonal_two_bend_explain_reports_no_same_layer_candidate ... ok
test board::tests::route_path_candidate_orthogonal_two_bend_explain::route_path_candidate_orthogonal_two_bend_explain_reports_selected_path_reasoning ... ok
test board::tests::route_path_candidate_six_via::route_path_candidate_six_via_reports_deterministic_path_using_authored_via_sextuple ... ok
test board::tests::route_path_candidate_six_via::route_path_candidate_six_via_selects_next_matching_sextuple_when_earlier_sextuple_is_blocked ... ok
test board::tests::route_path_candidate_six_via_explain::route_path_candidate_six_via_explain_reports_selected_sextuple_reasoning ... ok
test board::tests::route_path_candidate_three_via::route_path_candidate_three_via_reports_deterministic_path_using_authored_via_triple ... ok
test board::tests::route_path_candidate_three_via::route_path_candidate_three_via_reports_no_path_when_matching_triple_segments_are_blocked ... ok
test board::tests::route_path_candidate_three_via::route_path_candidate_three_via_reports_no_path_when_no_authored_triple_matches_layer_sequence ... ok
test board::tests::route_path_candidate_three_via::route_path_candidate_three_via_selects_next_matching_triple_when_earlier_triple_is_blocked ... ok
test board::tests::route_path_candidate_three_via_explain::route_path_candidate_three_via_explain_reports_blocked_matching_triples_and_reasons ... ok
test board::tests::route_path_candidate_three_via_explain::route_path_candidate_three_via_explain_reports_no_matching_authored_via_triple ... ok
test board::tests::route_path_candidate_three_via_explain::route_path_candidate_three_via_explain_reports_selected_triple_for_found_path ... ok
test board::tests::route_path_candidate_two_via::route_path_candidate_two_via_reports_deterministic_path_using_authored_via_pair ... ok
test board::tests::route_path_candidate_two_via::route_path_candidate_two_via_reports_no_path_when_matching_pair_segments_are_blocked ... ok
test board::tests::route_path_candidate_two_via::route_path_candidate_two_via_reports_no_path_when_no_authored_pair_matches_layer_sequence ... ok
test board::tests::route_path_candidate_two_via::route_path_candidate_two_via_selects_next_matching_pair_when_earlier_pair_is_blocked ... ok
test board::tests::route_path_candidate_two_via_explain::route_path_candidate_two_via_explain_reports_blocked_matching_pairs_and_reasons ... ok
test board::tests::route_path_candidate_two_via_explain::route_path_candidate_two_via_explain_reports_no_matching_authored_via_pair ... ok
test board::tests::route_path_candidate_two_via_explain::route_path_candidate_two_via_explain_reports_selected_pair_for_found_path ... ok
test board::tests::route_path_candidate_two_via_explain::route_path_candidate_two_via_explain_selected_pair_matches_fallback_path_candidate_pair ... ok
test board::tests::route_path_candidate_via::route_path_candidate_via_preserves_segment_orientation_for_reversed_anchor_order ... ok
test board::tests::route_path_candidate_via::route_path_candidate_via_reports_deterministic_path_using_authored_via ... ok
test board::tests::route_path_candidate_via::route_path_candidate_via_reports_no_path_when_matching_via_segments_are_blocked ... ok
test board::tests::route_path_candidate_via::route_path_candidate_via_reports_no_path_when_no_authored_via_matches_anchor_layers ... ok
test board::tests::route_path_candidate_via::route_path_candidate_via_selects_next_matching_via_when_earlier_via_is_blocked ... ok
test board::tests::route_path_candidate_via_explain::route_path_candidate_via_explain_preserves_selected_via_orientation_for_reversed_anchor_order ... ok
test board::tests::route_path_candidate_via_explain::route_path_candidate_via_explain_reports_blocked_matching_vias_and_reasons ... ok
test board::tests::route_path_candidate_via_explain::route_path_candidate_via_explain_reports_no_matching_authored_via ... ok
test board::tests::route_path_candidate_via_explain::route_path_candidate_via_explain_reports_selected_via_for_found_path ... ok
test board::tests::route_path_candidate_via_explain::route_path_candidate_via_explain_selected_via_matches_fallback_path_candidate_via ... ok
test board::tests::route_preflight::route_preflight_detects_concave_keepout_crossing ... ok
test board::tests::route_preflight::route_preflight_detects_keepout_crossing_when_track_endpoints_stay_outside_keepout ... ok
test board::tests::route_preflight::route_preflight_detects_non_convex_outline_escape_when_segment_leaves_and_reenters_with_midpoint_inside ... ok
test board::tests::route_preflight::route_preflight_detects_non_convex_outline_escape_when_track_endpoints_remain_inside ... ok
test board::tests::route_preflight::route_preflight_detects_zone_crossing_when_zone_vertices_do_not_enter_keepout ... ok
test board::tests::route_preflight::route_preflight_is_ready_with_two_authored_anchors_and_no_conflict ... ok
test board::tests::route_preflight::route_preflight_reports_blocked_by_keepout_conflict ... ok
test board::tests::route_preflight::route_preflight_reports_insufficient_authored_inputs_when_only_one_anchor_exists ... ok
test board::tests::route_preflight::route_preflight_sorts_authored_anchors_deterministically_before_pairing ... ok
test board::tests::routing_substrate::routing_substrate_reports_deterministic_sorted_persisted_facts ... ok
test connectivity::tests::diagnostics_hierarchical::creates_named_net_for_standalone_port ... ok
test connectivity::tests::diagnostics_hierarchical::disconnected_anonymous_nets_get_distinct_names_and_ids ... ok
test connectivity::tests::diagnostics_hierarchical::merges_hierarchical_label_with_matching_port_name ... ok
test connectivity::tests::diagnostics_hierarchical::reports_connectivity_diagnostics_for_dangling_and_anonymous_nets ... ok
test connectivity::tests::diagnostics_hierarchical::reports_missing_hierarchical_port_target_for_unresolved_child_interface ... ok
test connectivity::tests::diagnostics_hierarchical::reports_multiply_mapped_hierarchical_port_for_duplicate_child_targets ... ok
test connectivity::tests::netinfo_basics::attaches_midwire_label_to_connected_pin_net ... ok
test connectivity::tests::netinfo_basics::distinct_global_labels_with_equal_root_counts_stay_separate ... ok
test connectivity::tests::netinfo_basics::groups_wire_and_local_label_into_single_named_net ... ok
test connectivity::tests::netinfo_basics::infers_power_semantics_for_local_supply_labels ... ok
test connectivity::tests::netinfo_basics::merges_global_labels_by_name_across_sheets ... ok
test drc::tests::connectivity_and_clearance::clearance_check_reports_overlapping_tracks_on_different_nets ... ok
test drc::tests::connectivity_and_clearance::connectivity_check_reports_no_copper_net_with_two_pins ... ok
test drc::tests::connectivity_and_clearance::connectivity_reports_single_pin_unconnected_pin_violation ... ok
test drc::tests::dimensions_and_silk::process_aperture_check_reports_inherited_mask_and_paste ... ok
test drc::tests::dimensions_and_silk::process_aperture_check_reports_peer_footprint_policy_inconsistency ... ok
test drc::tests::dimensions_and_silk::silk_clearance_reports_text_too_close_to_track ... ok
test drc::tests::dimensions_and_silk::track_width_check_reports_below_minimum_width ... ok
test drc::tests::dimensions_and_silk::via_checks_report_small_hole_and_annular_ring ... ok
test drc::tests::waivers::authored_drc_object_waiver_marks_matching_violation_as_waived ... ok
test drc::tests::waivers::authored_drc_rule_objects_waiver_matches_independent_of_object_order ... ok
test drc::tests::waivers::standards_backed_drc_fingerprint_includes_rule_revision_basis ... ok
test drc::tests::zone_fill_projection::drc_connectivity_rejects_every_non_filled_zone_state ... ok
test drc::tests::zone_fill_projection::drc_connectivity_requires_filled_zone_evidence ... ok
test erc::tests::prechecks_core::finding_ids_are_stable_for_same_input ... ok
test erc::tests::prechecks_core::ignores_pin_on_named_net ... ok
test erc::tests::prechecks_core::reports_hierarchical_connectivity_mismatch_when_sheet_labels_and_ports_differ ... ok
test erc::tests::prechecks_core::reports_unconnected_component_pin ... ok
test erc::tests::prechecks_core::reports_unconnected_interface_port ... ok
test erc::tests::prechecks_core_waivers::authored_waiver_marks_matching_object_finding_as_waived ... ok
test erc::tests::prechecks_core_waivers::extra_waiver_matches_rule_objects_independent_of_order ... ok
test erc::tests::prechecks_core_waivers::severity_override_changes_severity_but_not_identity ... ok
test erc::tests::prechecks_rules::reports_output_to_output_conflict ... ok
test erc::tests::prechecks_rules::reports_power_in_without_source ... ok
test erc::tests::prechecks_rules::reports_undriven_input_pin ... ok
test erc::tests::prechecks_rules::reports_undriven_named_net ... ok
test erc::tests::prechecks_rules::reports_undriven_power_net ... ok
test erc::tests::prechecks_rules_edge::does_not_duplicate_dangling_input_pin_with_unconnected_component_pin ... ok
test erc::tests::prechecks_rules_edge::erc_findings_include_pin_taxonomy_and_symbol_binding_evidence ... ok
test erc::tests::prechecks_rules_edge::erc_pin_taxonomy_is_bound_to_library_alias_and_canonical_values ... ok
test erc::tests::prechecks_rules_edge::erc_preserves_richer_library_electrical_roles ... ok
test erc::tests::prechecks_rules_edge::no_connect_electrical_type_drives_noconnect_erc_without_marker ... ok
test erc::tests::prechecks_rules_edge::open_collector_and_tri_state_are_explicit_drivers_without_push_pull_conflict ... ok
test erc::tests::prechecks_rules_edge::passive_biased_input_net_becomes_info_not_hard_undriven_warning ... ok
test erc::tests::prechecks_rules_edge::reports_noconnect_connected_when_marker_pin_is_on_connected_net ... ok
test export::tests::render_excellon_drill_assigns_tools_by_drill ... ok
test export::tests::render_excellon_drill_rejects_non_positive_drill ... ok
test export::tests::render_rs274x_copper_layer_assigns_apertures_by_width ... ok
test export::tests::render_rs274x_copper_layer_emits_pad_flashes ... ok
test export::tests::render_rs274x_copper_layer_emits_rectangular_pad_flashes ... ok
test export::tests::render_rs274x_copper_layer_emits_via_flashes ... ok
test export::tests::render_rs274x_copper_layer_emits_zone_region ... ok
test export::tests::render_rs274x_copper_layer_rejects_non_positive_pad_diameter ... ok
test export::tests::render_rs274x_copper_layer_rejects_non_positive_rectangular_pad_height ... ok
test export::tests::render_rs274x_copper_layer_rejects_non_positive_rectangular_pad_width ... ok
test export::tests::render_rs274x_copper_layer_rejects_non_positive_via_diameter ... ok
test export::tests::render_rs274x_copper_layer_rejects_non_positive_width ... ok
test export::tests::render_rs274x_mechanical_layer_emits_closed_keepout_regions ... ok
test export::tests::render_rs274x_mechanical_layer_emits_component_strokes ... ok
test export::tests::render_rs274x_mechanical_layer_rejects_non_positive_stroke_width ... ok
test export::tests::render_rs274x_outline_closed_polygon ... ok
test export::tests::render_rs274x_outline_open_polygon_does_not_close ... ok
test export::tests::render_rs274x_outline_requires_two_vertices ... ok
test export::tests::render_rs274x_paste_layer_emits_pad_flashes ... ok
test export::tests::render_rs274x_paste_layer_rejects_non_positive_rectangular_pad_width ... ok
test export::tests::render_rs274x_silkscreen_layer_emits_component_strokes ... ok
test export::tests::render_rs274x_silkscreen_layer_emits_text_strokes ... ok
test export::tests::render_rs274x_silkscreen_layer_rejects_unsupported_character ... ok
test export::tests::render_rs274x_soldermask_layer_emits_pad_flashes ... ok
test export::tests::render_rs274x_soldermask_layer_rejects_non_positive_rectangular_pad_width ... ok
test import::eagle::tests::import_eagle::eagle_fixture_corpus_canonicalizes_deterministically ... ok
test import::eagle::tests::import_eagle::eagle_fixture_corpus_imports_and_is_deterministic ... ok
test import::eagle::tests::import_eagle::eagle_golden_subset_matches_checked_in_canonical_json ... ok
test import::eagle::tests::import_eagle::engine_import_eagle_library_returns_report_and_indexes_parts ... ok
test import::eagle::tests::import_eagle::import_is_deterministic_for_same_library ... ok
test import::eagle::tests::import_eagle::imports_multi_gate_device_and_through_hole_pad ... ok
test import::eagle::tests::import_eagle::imports_symbol_package_entity_and_part ... ok
test import::eagle::tests::import_eagle::rejects_unknown_connect_symbol_binding ... ok
test import::ids_sidecar::tests::merge_preserves_existing_and_adds_new_paths ... ok
test import::ids_sidecar::tests::restore_exact_when_hash_matches ... ok
test import::ids_sidecar::tests::sidecar_path_appends_ids_json ... ok
test import::ids_sidecar::tests::sidecar_path_without_filename_returns_validation_error ... ok
test import::ids_sidecar::tests::source_hash_is_prefixed_sha256 ... ok
test import::ids_sidecar::tests::write_read_sidecar_round_trip ... ok
test import::kicad::tests::import_kicad_basics::imports_inline_kicad_board_pad_geometry ... ok
test import::kicad::tests::import_kicad_basics::imports_kicad_board_header_and_skeleton_counts ... ok
test import::kicad::tests::import_kicad_basics::imports_kicad_board_pads_for_unrouted_computation ... ok
test import::kicad::tests::import_kicad_basics::imports_kicad_board_partial_route_still_reports_airwire ... ok
test import::kicad::tests::import_kicad_basics::imports_kicad_project_metadata ... ok
test import::kicad::tests::import_kicad_basics::mirrored_symbol_pin_transform_reflects_local_x_before_rotation ... ok
test import::kicad::tests::import_kicad_doa2526::datum_test_board_import_accounts_for_every_source_object ... ok
test import::kicad::tests::import_kicad_doa2526::debug_real_doa2526_remaining_airwire_pad_zone_state ... ok
test import::kicad::tests::import_kicad_doa2526::debug_real_doa2526_remaining_airwires ... ok
test import::kicad::tests::import_kicad_doa2526::imports_real_doa2526_board_with_copper_geometry ... ok
test import::kicad::tests::import_kicad_doa2526::imports_real_doa2526_pad_level_mask_and_paste_margins ... ok
test import::kicad::tests::import_kicad_doa2526::imports_real_doa2526_plusin_pin_at_expected_position ... ok
test import::kicad::tests::import_kicad_doa2526::imports_real_doa2526_schematic_without_collapsing_anonymous_nets ... ok
test import::kicad::tests::import_kicad_doa2526::real_doa2526_import_has_no_silent_drops_or_accounting_mismatch ... ok
test import::kicad::tests::import_kicad_doa2526::real_doa2526_mirrored_transistors_are_not_reported_as_unconnected ... ok
test import::kicad::tests::import_kicad_doa2526::real_doa2526_name_referenced_nets_resolve_for_routed_copper ... ok
test import::kicad::tests::import_kicad_doa2526::real_doa2526_named_nets_attach_expected_pins ... ok
test import::kicad::tests::import_kicad_footprint::imports_kicad_footprint_allocates_deterministic_identity_for_new_import_key ... ok
test import::kicad::tests::import_kicad_footprint::imports_kicad_footprint_drilled_padstack ... ok
test import::kicad::tests::import_kicad_footprint::imports_kicad_footprint_into_package_footprint_and_padstacks ... ok
test import::kicad::tests::import_kicad_footprint::imports_kicad_footprint_reuses_import_map_package_identity ... ok
test import::kicad::tests::import_kicad_footprint::imports_kicad_footprint_texts_on_uppercase_silkscreen_layers ... ok
test import::kicad::tests::import_kicad_import_map::board_import_map_mode_allocates_deterministic_footprint_identity ... ok
test import::kicad::tests::import_kicad_import_map::board_import_map_mode_allocates_deterministic_pad_identity ... ok
test import::kicad::tests::import_kicad_import_map::board_import_map_mode_allocates_deterministic_segment_identity ... ok
test import::kicad::tests::import_kicad_import_map::board_import_map_mode_allocates_deterministic_via_identity ... ok
test import::kicad::tests::import_kicad_import_map::board_import_map_mode_allocates_deterministic_zone_identity ... ok
test import::kicad::tests::import_kicad_import_map::board_import_map_pad_fallback_identity_is_independent_of_mapped_package_identity ... ok
test import::kicad::tests::import_kicad_import_map::board_import_reuses_import_map_footprint_identity ... ok
test import::kicad::tests::import_kicad_import_map::board_import_reuses_import_map_pad_identity ... ok
test import::kicad::tests::import_kicad_import_map::board_import_reuses_import_map_segment_identity ... ok
test import::kicad::tests::import_kicad_import_map::board_import_reuses_import_map_via_identity ... ok
test import::kicad::tests::import_kicad_import_map::board_import_reuses_import_map_zone_identity ... ok
test import::kicad::tests::import_kicad_layers::hardcoded_layer_fallback_is_bounded_to_recognized_names ... ok
test import::kicad::tests::import_kicad_layers::parse_board_layers_classifies_kicad_process_layers_by_name ... ok
test import::kicad::tests::import_kicad_layers::resolve_layer_errors_explicitly_on_unknown_name ... ok
test import::kicad::tests::import_kicad_layers::resolve_layer_falls_back_to_hardcoded_when_table_missing_entry ... ok
test import::kicad::tests::import_kicad_layers::resolve_layer_prefers_parsed_table_over_hardcoded_fallback ... ok
test import::kicad::tests::import_kicad_pad_fallbacks::parse_pad_drill_defaults_smd_to_zero_without_silent_hole_guess ... ok
test import::kicad::tests::import_kicad_pad_fallbacks::parse_pad_drill_requires_drill_for_through_hole_pad ... ok
test import::kicad::tests::import_kicad_pad_fallbacks::parse_pad_kind_recognizes_supported_head_kinds ... ok
test import::kicad::tests::import_kicad_pad_fallbacks::parse_pad_shape_rejects_unknown_shape_in_pad_head ... ok
test import::kicad::tests::import_kicad_pad_layers::empty_token_list_is_rejected ... ok
test import::kicad::tests::import_kicad_pad_layers::f_and_b_cu_wildcard_expands_to_outer_copper_only ... ok
test import::kicad::tests::import_kicad_pad_layers::inner_copper_only_resolves_to_that_inner_layer ... ok
test import::kicad::tests::import_kicad_pad_layers::multi_copper_entries_union_and_primary_is_topmost ... ok
test import::kicad::tests::import_kicad_pad_layers::non_copper_only_list_is_rejected ... ok
test import::kicad::tests::import_kicad_pad_layers::smd_back_copper_resolves_to_single_b_cu_membership ... ok
test import::kicad::tests::import_kicad_pad_layers::smd_front_copper_resolves_to_single_f_cu_membership ... ok
test import::kicad::tests::import_kicad_pad_layers::through_hole_star_cu_expands_to_all_declared_copper_layers ... ok
test import::kicad::tests::import_kicad_pad_layers::unknown_dot_cu_name_without_table_entry_is_rejected ... ok
test import::kicad::tests::import_kicad_pad_rotation::datum_test_front_side_rotated_pad_imports_world_rotation ... ok
test import::kicad::tests::import_kicad_pad_rotation::doa2526_rotated_footprint_and_rotated_pad_import_world_rotation ... ok
test import::kicad::tests::import_kicad_pad_rotation::doa2526_rotated_footprint_unrotated_pad_imports_world_rotation ... ok
test import::kicad::tests::import_kicad_schematic::imported_sheet_port_uuids_are_deterministic_across_repeated_runs ... ok
test import::kicad::tests::import_kicad_schematic::imported_symbol_pin_uuids_are_deterministic_across_repeated_runs ... ok
test import::kicad::tests::import_kicad_schematic::imports_kicad_bus_members_and_entries_for_supported_subset ... ok
test import::kicad::tests::import_kicad_schematic::imports_kicad_noconnect_with_pin_binding_when_marker_overlaps_pin ... ok
test import::kicad::tests::import_kicad_schematic::imports_kicad_schematic_header_and_skeleton_counts ... ok
test import::kicad::tests::import_kicad_schematic::imports_kicad_schematic_into_canonical_objects ... ok
test import::kicad::tests::import_kicad_schematic::parses_kicad_pin_electrical_types_into_canonical_pool_taxonomy ... ok
test import::rules_sidecar::tests::sidecar_path_appends_rules_json ... ok
test import::rules_sidecar::tests::sidecar_path_without_filename_returns_validation_error ... ok
test import::rules_sidecar::tests::write_read_sidecar_round_trip ... ok
test import::tests::detects_import_kinds_from_file_extension ... ok
test import::tests::import_kind_has_stable_string_name ... ok
test import::tests::import_object_counts_empty_detection_is_exact ... ok
test import::tests::import_report_round_trips_through_serde ... ok
test import::tests::import_report_serializes_deterministically ... ok
test ir::geometry::tests::point_distance ... ok
test ir::geometry::tests::polygon_bbox ... ok
test ir::geometry::tests::rect_contains ... ok
test ir::ids::tests::deterministic_import_uuid ... ok
test ir::ids::tests::different_namespaces_different_uuids ... ok
test ir::ids::tests::different_paths_different_uuids ... ok
test ir::serialization::tests::sorts_object_keys_recursively ... ok
test ir::units::adapter::tests::bare_expression_requires_and_preserves_named_context ... ok
test ir::units::adapter::tests::canonical_and_expression_fields_are_mutually_exclusive ... ok
test ir::units::adapter::tests::explicit_suffix_needs_no_machine_or_project_profile ... ok
test ir::units::adapter::tests::gui_project_field_uses_its_immutable_project_quantity_snapshot ... ok
test ir::units::angle::tests::bare_angle_requires_explicit_context_and_exact_scale ... ok
test ir::units::angle::tests::exact_decimal_and_scientific_degrees_share_canonical_truth ... ok
test ir::units::angle::tests::formatting_reports_hidden_information ... ok
test ir::units::edit::tests::edited_commit_parses_once_and_reports_only_canonical_change ... ok
test ir::units::edit::tests::focus_uses_canonical_truth_and_unchanged_commit_is_noop ... ok
test ir::units::edit::tests::non_finite_unit_representation_falls_back_to_exact_nm ... ok
test ir::units::migration::tests::invalid_shared_precision_never_partially_seeds ... ok
test ir::units::migration::tests::only_exact_decimal_degree_drafts_migrate ... ok
test ir::units::migration::tests::shared_precision_fans_out_atomically_and_new_values_win ... ok
test ir::units::profile::tests::every_automatic_cell_matches_the_contract ... ok
test ir::units::profile::tests::explicit_precision_survives_unit_and_system_changes ... ok
test ir::units::profile::tests::follow_system_and_cross_system_override_are_distinct ... ok
test ir::units::profile::tests::invalid_quantity_unit_pairs_refuse ... ok
test ir::units::project::tests::migration_is_idempotent_and_preserves_invalid_existing_evidence ... ok
test ir::units::project::tests::pre_feature_migration_uses_only_versioned_factory_values ... ok
test ir::units::tests::angle_normalize ... ok
test ir::units::tests::contextual_bare_number_names_its_source_and_override ... ok
test ir::units::tests::display_rounding_and_system_changes_never_rewrite_stored_bytes ... ok
test ir::units::tests::every_canonical_i64_round_trips_through_exact_nanometer_text ... ok
test ir::units::tests::exact_format_and_parse_round_trips_are_deterministic ... ok
test ir::units::tests::exact_metric_and_imperial_inputs_share_one_value ... ok
test ir::units::tests::explicit_suffix_wins_without_hiding_cross_system_override ... ok
test ir::units::tests::fixed_unit_compatibility_adapter_is_checked ... ok
test ir::units::tests::mil_round_trip ... ok
test ir::units::tests::parses_signs_whitespace_case_and_micrometer_aliases ... ok
test ir::units::tests::refusal_provenance_distinguishes_missing_ambiguous_and_malformed_input ... ok
test ir::units::tests::refuses_length_syntax_for_other_quantity_kinds ... ok
test ir::units::tests::refuses_non_integral_overflow_and_signed_boundary_values_exactly ... ok
test ir::units::tests::unsupported_precision_is_a_typed_refusal ... ok
test ir::units::tokens::tests::exact_eight_descriptor_profile_round_trips ... ok
test ir::units::tokens::tests::missing_extra_or_invalid_tokens_do_not_form_a_profile ... ok
test pool::tests::body_only_package_deserializes_without_land_pattern_fields ... ok
test pool::tests::footprint_round_trip ... ok
test pool::tests::ipc_footprint::ipc7351b_library_graph_reports_basis_and_process_policy_mismatch ... ok
test pool::tests::ipc_footprint::ipc7351b_library_graph_reports_soic_geometry_mismatch ... ok
test pool::tests::ipc_footprint::ipc7351b_soic_generates_structured_basis_and_two_pad_rows ... ok
test pool::tests::ipc_footprint::ipc7351b_soic_rejects_invalid_pin_count_and_pad_ids ... ok
test pool::tests::ipc_footprint::ipc7351b_structured_basis_round_trips_with_footprint ... ok
test pool::tests::ipc_footprint::ipc7351b_two_terminal_chip_generates_structured_basis_and_geometry ... ok
test pool::tests::ipc_footprint::ipc7351b_two_terminal_density_changes_pad_and_courtyard_policy ... ok
test pool::tests::ipc_footprint::ipc7351b_two_terminal_rejects_invalid_source_dimensions ... ok
test pool::tests::legacy_model_attachment_json_defaults_review_fields ... ok
test pool::tests::legacy_padstack_json_defaults_production_fields ... ok
test pool::tests::legacy_symbol_json_defaults_production_schema_fields ... ok
test pool::tests::library_graph::library_graph_accepts_unambiguous_legacy_pin_pad_map_rows ... ok
test pool::tests::library_graph::library_graph_owns_pool_object_registration_policy ... ok
test pool::tests::library_graph::library_graph_rejects_ambiguous_legacy_pin_pad_map_rows ... ok
test pool::tests::library_graph::library_graph_reports_ambiguous_legacy_part_pad_map_migration_rows ... ok
test pool::tests::library_graph::library_graph_reports_engine_owned_validation_summary ... ok
test pool::tests::library_graph::library_graph_reports_migratable_legacy_part_pad_map_rows ... ok
test pool::tests::library_graph::library_graph_reports_reference_diagnostics_in_engine ... ok
test pool::tests::library_graph::library_graph_reports_shadowed_legacy_part_pad_map_rows ... ok
test pool::tests::library_graph_default_pin_pad_map::library_graph_default_pin_pad_map_without_footprint_accepts_default_footprint_pad ... ok
test pool::tests::library_graph_default_pin_pad_map::library_graph_default_pin_pad_map_without_footprint_uses_part_default_footprint_pads ... ok
test pool::tests::library_pin_electrical_type_preserves_legacy_direction_json ... ok
test pool::tests::package_round_trip ... ok
test pool::tests::part_round_trip ... ok
test pool::tests::pin_pad_map_round_trip ... ok
test pool::tests::pool_deterministic_serialization ... ok
test pool::tests::pool_index_keyword_search ... ok
test pool::tests::pool_index_keyword_search_returns_error_for_malformed_stored_uuid ... ok
test pool::tests::pool_index_parametric_search ... ok
test pool::tests::symbol_pin_anchor_style_accepts_converged_schema_and_legacy_fields ... ok
test pool::tests::unit_round_trip ... ok
test preferences::catalog::tests::catalog_semantic_golden_covers_every_descriptor_field ... ok
test preferences::catalog::tests::every_descriptor_has_the_exact_class_source_and_directive_boundary ... ok
test preferences::catalog::tests::literal_inventory_is_complete_unique_and_default_valid ... ok
test preferences::catalog::tests::reserved_project_policy_seed_inventory_has_fourteen_rows ... ok
test preferences::product_tests::accepted_mcp_proposal_commits_one_dual_actor_audit_receipt ... ok
test preferences::product_tests::direct_mutation_requires_trusted_human_and_preserves_project_independence ... ok
test preferences::product_tests::factory_seed_preview_never_creates_or_reads_a_repository ... ok
test preferences::product_tests::generic_product_envelope_does_not_bypass_mcp_acceptance ... ok
test preferences::product_tests::mcp_acceptance_broker_binds_human_session_repository_and_invocation ... ok
test preferences::product_tests::mcp_acceptance_broker_expires_and_closes_without_portable_authority ... ok
test preferences::product_tests::mutation_idempotency_survives_restart_and_replays_the_original_generation ... ok
test preferences::product_tests::product_catalog_and_active_only_search_have_exact_inventory ... ok
test preferences::product_tests::product_envelope_dispatches_queries_and_refuses_schema_smuggling ... ok
test preferences::product_tests::proposal_digest_tampering_and_stale_authority_are_typed_refusals ... ok
test preferences::product_tests::proposal_prepare_validate_and_reject_are_portable_and_side_effect_free ... ok
test preferences::product_tests::trusted_human_product_envelope_can_accept_a_valid_proposal ... ok
test preferences::product_tests::wire_schemas_refuse_unknown_fields_and_round_trip_symbolic_errors ... ok
test preferences::project_genesis::tests::factory_genesis_publishes_one_complete_eight_item_project_without_preferences ... ok
test preferences::project_genesis::tests::identical_retry_replays_and_conflicting_retry_never_changes_the_project ... ok
test preferences::project_genesis_lifecycle_tests::concurrent_identical_creators_publish_once_and_replay_one_result ... ok
test preferences::project_genesis_lifecycle_tests::every_prepublication_checkpoint_leaves_destination_absent_and_owned_stage_clean ... ok
test preferences::project_genesis_lifecycle_tests::factory_only_service_cannot_be_reused_as_a_global_preferences_reader ... ok
test preferences::project_genesis_lifecycle_tests::fixed_identity_factory_projects_are_byte_identical_across_destinations ... ok
test preferences::project_genesis_lifecycle_tests::global_seed_is_pinned_once_and_never_follows_later_edits ... ok
test preferences::project_genesis_lifecycle_tests::postpublication_failure_recovers_the_complete_published_project ... ok
test preferences::repository::migration::units_tests::repository_units_fanout_is_atomic_and_removes_retired_key ... ok
test preferences::repository::migration::units_tests::unsupported_angle_draft_preserves_partition_byte_semantics ... ok
test preferences::repository::tests::alias_collision_is_retained_and_refused_without_migration_side_effects ... ok
test preferences::repository::tests::corrupt_opaque_payload_and_incomplete_backup_are_refused_without_writes ... ok
test preferences::repository::tests::immutable_generations_use_expected_head_and_validate_values ... ok
test preferences::repository::tests::initial_mutation_is_the_only_content_of_generation_zero ... ok
test preferences::repository::tests::migration_plan_is_pure_moves_one_alias_and_writes_a_pre_migration_backup ... ok
test preferences::repository::tests::missing_head_with_retained_generations_is_diagnostic_not_a_new_repository ... ok
test preferences::repository::tests::unknown_bytes_survive_mutation_backup_restore_and_reverse_restore ... ok
test preferences::repository::tests::unpublished_generation_and_writer_contention_never_replace_the_head ... ok
test preferences::repository::tests::unreadable_generation_is_not_repaired_and_recovery_is_explicit ... ok
test preferences::resolver::resolver_golden_tests::explanation_semantic_golden_is_complete_and_stable ... ok
test preferences::resolver::resolver_tests::allowed_and_denied_constraints_with_empty_domain_conflict ... ok
test preferences::resolver::resolver_tests::context_reports_applicability_without_receiving_a_rank ... ok
test preferences::resolver::resolver_tests::distinct_equal_authority_locks_are_a_typed_conflict ... ok
test preferences::resolver::resolver_tests::empty_or_nonwritable_lock_scopes_are_refused ... ok
test preferences::resolver::resolver_tests::explanation_is_input_order_independent ... ok
test preferences::resolver::resolver_tests::explicit_redaction_hides_value_without_hiding_authority ... ok
test preferences::resolver::resolver_tests::inactive_provider_states_are_visible_and_never_participate ... ok
test preferences::resolver::resolver_tests::incompatible_equal_authority_constraints_are_typed_conflict ... ok
test preferences::resolver::resolver_tests::incompatible_equal_authority_pins_are_typed_conflict ... ok
test preferences::resolver::resolver_tests::insufficient_release_keeps_request_visible_and_inert ... ok
test preferences::resolver::resolver_tests::pin_retains_user_and_revocation_restores_it ... ok
test preferences::resolver::resolver_tests::registered_runtime_default_requires_exact_recipe_and_schema ... ok
test preferences::resolver::resolver_tests::release_scope_and_provider_authentication_are_enforced_before_control ... ok
test preferences::resolver::resolver_tests::session_outranks_user_but_not_an_active_pin ... ok
test preferences::resolver::resolver_tests::stale_generation_remains_effective_only_as_explicit_stale_truth ... ok
test preferences::resolver::resolver_tests::unknown_key_never_guesses_a_descriptor ... ok
test preferences::resolver::resolver_tests::user_outranks_recommendation_installation_and_default ... ok
test preferences::resolver::resolver_tests::validation_and_source_eligibility_precede_ranking ... ok
test preferences::schema::tests::every_structured_schema_accepts_its_canonical_shape_and_rejects_empty_object ... ok
test preferences::schema::tests::structured_schemas_reject_unknown_fields_and_invalid_domains ... ok
test preferences::service::tests::clean_open_uses_defaults_without_creating_repository ... ok
test preferences::service::tests::corrupt_head_stays_exact_and_disables_all_rows ... ok
test preferences::service::tests::first_set_is_generation_zero_and_validated_noops_do_not_write ... ok
test preferences::service::tests::invalid_legacy_bytes_are_preserved_without_guessing_a_value ... ok
test preferences::service::tests::invalid_value_is_refused_without_becoming_effective ... ok
test preferences::service::tests::reset_against_missing_repository_is_a_side_effect_free_noop ... ok
test preferences::service::tests::stale_generation_preserves_draft_and_refreshes_truth ... ok
test preferences::service::tests::unreadable_legacy_source_is_reported_without_creating_repository ... ok
test preferences::service::tests::valid_legacy_value_migrates_by_alias_and_keeps_exact_evidence ... ok
test preferences::service::tests::write_reset_and_restart_share_one_durable_truth ... ok
test preferences::service::tests::writer_conflict_preserves_draft_and_last_valid_truth ... ok
test preferences::service_runtime_defaults::tests::every_registered_runtime_recipe_produces_a_valid_effective_value ... ok
test preferences::surface::tests::construction_refuses_schema_mismatch_and_duplicate_order ... ok
test preferences::surface::tests::every_visible_value_round_trips_through_descriptor_validation ... ok
test preferences::surface::tests::gp_f05_inventory_is_exact_ordered_and_searchable_by_alias ... ok
test preferences::surface_full::tests::candidate_surface_covers_every_reserved_product_row_except_internal_aggregate ... ok
test preferences::surface_full::tests::generated_enum_labels_never_expose_storage_snake_case ... ok
test preferences::surface_full::tests::incomplete_subsystem_adapters_are_explicit_and_block_surface_activation ... ok
test preferences::tests::active_registry_contains_only_consumer_ready_product_rows ... ok
test preferences::tests::duplicate_live_identity_and_alias_collision_are_refused ... ok
test preferences::tests::source_and_control_boundaries_follow_catalog_classes ... ok
test preferences::units_seed::tests::resolved_seed_is_one_itemized_snapshot_of_the_current_global_generation ... ok
test revision::exchange_tests::exchange_refuses_missing_replay_destination_corruption_and_unknown_schema ... ok
test revision::exchange_tests::full_and_incremental_air_gap_exchange_verify_without_git_or_network ... ok
test revision::exchange_tests::ref_moves_append_divergence_and_mirror_retry_cannot_mutate_release ... ok
test revision::exchange_tests::rev_i08_record_inventory_is_bidirectionally_exact ... ok
test revision::exchange_tests::semantic_candidate_stays_quarantined_and_trust_results_are_separate ... ok
test revision::impact_tests::baseline_append_preserves_historical_bytes_and_refuses_out_of_inventory_family ... ok
test revision::impact_tests::baseline_comparison_emits_exact_five_results_and_refuses_unaccounted_difference ... ok
test revision::impact_tests::freshness_distinguishes_current_differing_missing_and_unsupported_inputs ... ok
test revision::impact_tests::library_uptake_is_preview_only_until_an_exact_journal_operation_is_requested ... ok
test revision::impact_tests::regeneration_plan_is_deterministic_topological_and_reuses_only_declared_current_evidence ... ok
test revision::impact_tests::rev_i05_closed_inventories_are_bidirectionally_exact ... ok
test revision::impact_tests::transitive_affected_disjoint_unaffected_and_missing_graph_unknown_are_durable ... ok
test revision::public_service::tests::public_inventories_are_sorted_unique_and_add_no_authority_family ... ok
test revision::public_service::tests::unmanaged_query_is_prompt_free_and_stale_refusal_is_deterministic ... ok
test revision::release_tests::every_release_commit_phase_fails_before_any_record_is_visible ... ok
test revision::release_tests::rev_i06_closed_record_inventory_is_bidirectionally_exact ... ok
test revision::release_tests::single_and_multi_ci_release_are_atomic_and_reuse_unchanged_revision ... ok
test revision::release_tests::stale_candidate_approval_duplicate_label_and_floating_input_refuse ... ok
test revision::release_tests::standing_is_append_only_and_transmittal_never_remints ... ok
test revision::release_tests::title_block_uses_engine_authority_and_bound_publish_source_refuses_delete ... ok
test revision::reproduction_tests::controlled_timestamp_random_order_locale_and_path_leaks_fail_byte_identity ... ok
test revision::reproduction_tests::independent_directories_and_irrelevant_locale_timezone_path_are_byte_identical ... ok
test revision::reproduction_tests::later_failure_retains_original_release_bytes_and_authenticity_is_separate ... ok
test revision::reproduction_tests::missing_producer_environment_execution_failure_and_external_generator_are_distinct ... ok
test revision::reproduction_tests::regeneration_creates_successors_and_reuses_only_current_evidence ... ok
test revision::reproduction_tests::rev_i07_closed_inventories_are_bidirectionally_exact ... ok
test rules::ast::tests::rule_scope_serde_round_trip ... ok
test rules::ast::tests::rule_serde_round_trip ... ok
test rules::eval::tests::evaluates_leaf_nodes ... ok
test rules::eval::tests::rejects_unsupported_nodes ... ok
test rules::validate::tests::rejects_empty_rule_name ... ok
test rules::validate::tests::rejects_mismatched_rule_params ... ok
test rules::validate::tests::validates_nested_scope_shape ... ok
test schematic::tests::mod_tests_schematic::hierarchy_reports_sorted_instances ... ok
test schematic::tests::mod_tests_schematic::schematic_round_trip ... ok
test schematic::tests::mod_tests_schematic::schematic_summary_counts_objects_across_sheets ... ok
test substrate::commit::agent_provenance_tests::parses_complete_secret_free_agent_commit_provenance ... ok
test substrate::commit::agent_provenance_tests::rejects_blank_or_unknown_agent_commit_provenance ... ok
test substrate::tests::artifact_metadata::artifact_metadata_serializes_with_substrate_contract_names ... ok
test substrate::tests::artifact_metadata::artifact_run_serializes_with_substrate_contract_names ... ok
test substrate::tests::artifact_metadata::generated_evidence_persistence_helpers_round_trip_without_model_revision_changes ... ok
test substrate::tests::artifact_metadata::generated_evidence_reader_rejects_filename_id_mismatch ... ok
test substrate::tests::artifact_metadata::output_job_run_serializes_with_substrate_contract_names ... ok
test substrate::tests::artifact_metadata::resolver_exposes_output_job_and_artifact_metadata_state ... ok
test substrate::tests::artifact_metadata_replay::journal_replay_deleted_artifact_metadata_suppresses_stale_promoted_evidence ... ok
test substrate::tests::artifact_metadata_replay::journal_replay_recovers_missing_artifact_metadata_generated_evidence ... ok
test substrate::tests::artifact_metadata_schema::artifact_metadata_helper_rejects_unsupported_payload_schema_version ... ok
test substrate::tests::artifact_metadata_schema::resolver_defaults_legacy_artifact_metadata_payload_schema_version ... ok
test substrate::tests::artifact_metadata_validation::generated_evidence_rejects_unsafe_artifact_paths ... ok
test substrate::tests::artifact_metadata_validation::resolver_rejects_artifact_metadata_with_blank_generator_version ... ok
test substrate::tests::artifact_metadata_validation::resolver_rejects_invalid_artifact_hash_and_projection_metadata ... ok
test substrate::tests::artifact_metadata_validation::resolver_rejects_invalid_output_job_and_artifact_run_evidence ... ok
test substrate::tests::artifact_metadata_validation::resolver_rejects_run_evidence_with_blank_provenance_fields ... ok
test substrate::tests::artifact_metadata_validation::resolver_rejects_run_evidence_with_broken_links_and_duplicate_sequences ... ok
test substrate::tests::artifact_output_oracle::generated_output_artifact_graph_replays_without_model_revision_mutation ... ok
test substrate::tests::artifact_run_replay::journal_replay_deleted_artifact_run_suppresses_stale_promoted_evidence ... ok
test substrate::tests::artifact_run_replay::journal_replay_recovers_missing_artifact_run_generated_evidence ... ok
test substrate::tests::artifact_run_schema::resolver_accepts_legacy_run_evidence_without_schema_version ... ok
test substrate::tests::artifact_run_schema::resolver_rejects_unsupported_run_evidence_schema_versions ... ok
test substrate::tests::check_run_replay::journal_replay_deleted_check_run_suppresses_stale_promoted_evidence ... ok
test substrate::tests::check_run_replay::journal_replay_recovers_missing_check_run_generated_evidence ... ok
test substrate::tests::check_run_schema::check_run_helper_accepts_unknown_structurally_valid_standards_basis ... ok
test substrate::tests::check_run_schema::check_run_helper_rejects_registered_standards_basis_registry_mismatch ... ok
test substrate::tests::check_run_schema::check_run_helper_rejects_unsupported_payload_schema_version ... ok
test substrate::tests::check_run_schema::resolver_defaults_legacy_check_run_payload_schema_version ... ok
test substrate::tests::check_run_schema::standards_basis_registry_resolves_only_known_v1_basis_ids ... ok
test substrate::tests::check_run_target_validation::resolver_rejects_check_run_evidence_with_invalid_fingerprint ... ok
test substrate::tests::check_run_target_validation::resolver_rejects_check_run_evidence_with_invalid_standards_basis_detail ... ok
test substrate::tests::check_run_target_validation::resolver_rejects_check_run_evidence_with_legacy_null_target ... ok
test substrate::tests::commit_bumps_object_revision_and_records_transaction_metadata ... ok
test substrate::tests::commit_journaled_persists_transaction_and_resolve_replays_it ... ok
test substrate::tests::commit_journaled_rejects_stale_revision_without_staging_or_mutation ... ok
test substrate::tests::commit_journaled_sets_board_package_value_and_promotes_board_shard ... ok
test substrate::tests::commit_rejects_stale_expected_model_revision_without_mutation ... ok
test substrate::tests::component_instance::journaled_component_instance_accepts_symbol_first_instance_without_board_package ... ok
test substrate::tests::component_instance::journaled_component_instance_create_set_delete_undo_redo_and_replay ... ok
test substrate::tests::component_instance::journaled_component_instance_rejects_duplicate_or_wrong_kind_refs ... ok
test substrate::tests::component_instance::persisted_component_instance_participates_in_model_revision ... ok
test substrate::tests::component_instance::resolver_does_not_derive_component_instance_for_exact_symbol_package_match ... ok
test substrate::tests::component_instance::resolver_prefers_persisted_component_instance_over_ambiguous_reference_join ... ok
test substrate::tests::component_instance::resolver_rejects_component_instance_filename_mismatch ... ok
test substrate::tests::component_instance::resolver_rejects_component_instance_missing_refs ... ok
test substrate::tests::component_instance::resolver_reports_ambiguous_component_instance_join ... ok
test substrate::tests::component_instance::resolver_reports_unmatched_component_instance_symbol ... ok
test substrate::tests::component_instance_part_ref::resolver_preserves_persisted_component_instance_part_ref ... ok
test substrate::tests::component_instance_part_ref::resolver_projects_part_ref_from_library_binding ... ok
test substrate::tests::component_instance_part_ref::resolver_rejects_invalid_component_instance_part_ref ... ok
test substrate::tests::component_instance_part_ref::resolver_rejects_mismatched_part_ref_and_library_binding ... ok
test substrate::tests::component_instance_proposal_policy::automated_pool_library_direct_commit_requires_proposal ... ok
test substrate::tests::component_instance_proposal_policy::tool_component_instance_direct_commit_requires_proposal ... ok
test substrate::tests::component_instance_proposal_policy::tool_relationship_direct_commit_requires_proposal ... ok
test substrate::tests::component_instance_proposal_policy::tool_variant_overlay_direct_commit_requires_proposal ... ok
test substrate::tests::component_instance_roles::resolver_preserves_persisted_component_instance_role_metadata ... ok
test substrate::tests::component_instance_roles::resolver_rejects_invalid_component_instance_role_metadata ... ok
test substrate::tests::component_instance_schema::resolver_defaults_legacy_component_instance_shard_schema_version ... ok
test substrate::tests::component_instance_schema::resolver_rejects_unsupported_component_instance_schema_version ... ok
test substrate::tests::component_side::journaled_component_side_mirrors_owned_pads_and_undoes ... ok
test substrate::tests::generated_evidence_schema::resolver_rejects_unsupported_artifact_run_schema_version ... ok
test substrate::tests::generated_evidence_schema::resolver_rejects_unsupported_check_run_schema_version ... ok
test substrate::tests::generated_evidence_scope::commit_journaled_rejects_artifact_run_with_mismatched_artifact_metadata_without_staging ... ok
test substrate::tests::generated_evidence_scope::commit_journaled_rejects_artifact_run_with_missing_artifact_without_staging ... ok
test substrate::tests::generated_evidence_scope::commit_journaled_rejects_duplicate_artifact_run_sequence_without_staging ... ok
test substrate::tests::generated_evidence_scope::commit_journaled_rejects_duplicate_output_job_run_sequence_without_staging ... ok
test substrate::tests::generated_evidence_scope::commit_journaled_rejects_output_job_run_with_mismatched_artifact_metadata_without_staging ... ok
test substrate::tests::generated_evidence_scope::commit_journaled_rejects_output_job_run_with_missing_artifact_without_staging ... ok
test substrate::tests::generated_evidence_scope::commit_journaled_rejects_output_job_run_with_missing_output_job_without_staging ... ok
test substrate::tests::generated_evidence_scope_project::commit_journaled_rejects_generated_evidence_for_wrong_project ... ok
test substrate::tests::generated_evidence_scope_project::commit_journaled_rejects_non_output_generated_evidence_for_wrong_project ... ok
test substrate::tests::generated_evidence_scope_project::commit_journaled_rejects_stale_generated_evidence_model_revision ... ok
test substrate::tests::import_map_replay::journal_replay_marks_stale_promoted_import_map_sidecar_dirty ... ok
test substrate::tests::import_map_replay::journal_replay_recovers_missing_import_map_sidecar_into_import_map ... ok
test substrate::tests::import_map_replay::journal_replay_recovers_unreadable_import_map_sidecar_as_unknown ... ok
test substrate::tests::import_map_replay::journal_replay_validates_import_map_undo_after_missing_sidecar ... ok
test substrate::tests::import_map_schema::import_map_entry_status_serializes_as_lifecycle_provenance ... ok
test substrate::tests::import_map_schema::resolver_defaults_legacy_import_map_shard_schema_version ... ok
test substrate::tests::journal_hardening::append_transaction_journal_rejects_identical_historical_transaction_id ... ok
test substrate::tests::journal_hardening::commit_journal_undo_and_redo_append_compensating_transactions ... ok
test substrate::tests::journal_hardening::commit_journal_undo_preserves_replayed_state_when_promoted_shard_is_stale ... ok
test substrate::tests::journal_hardening::commit_journaled_records_inverse_operations_in_reverse_batch_order ... ok
test substrate::tests::journal_hardening::commit_journaled_recovers_torn_trailing_journal_fragment_before_append ... ok
test substrate::tests::journal_hardening::commit_journaled_refuses_malformed_complete_journal_line ... ok
test substrate::tests::journal_hardening::commit_journaled_rejects_empty_operation_batch_without_disk_mutation ... ok
test substrate::tests::journal_hardening::normal_commit_after_undo_clears_redo_stack ... ok
test substrate::tests::journal_hardening::resolver_preserves_undo_redo_links_across_reopen ... ok
test substrate::tests::journal_hardening::resolver_reports_invalid_undo_link_and_keeps_valid_prefix ... ok
test substrate::tests::journal_replay_conflicts::append_transaction_journal_is_idempotent_for_identical_transaction ... ok
test substrate::tests::journal_replay_conflicts::resolver_rejects_redo_cleared_by_newer_normal_transaction ... ok
test substrate::tests::journal_replay_conflicts::resolver_rejects_undo_link_that_does_not_target_current_tip ... ok
test substrate::tests::journal_replay_conflicts::resolver_rejects_undo_link_with_wrong_inverse_payload ... ok
test substrate::tests::journal_replay_conflicts::resolver_reports_journal_after_revision_mismatch_without_accepting_bad_transaction ... ok
test substrate::tests::journal_replay_conflicts::resolver_reports_journal_chain_mismatch_and_keeps_valid_prefix ... ok
test substrate::tests::journal_replay_conflicts::resolver_reports_journal_transaction_id_conflict_and_keeps_valid_prefix ... ok
test substrate::tests::journal_replay_diagnostics::resolver_reports_journal_parse_error_and_keeps_valid_prefix ... ok
test substrate::tests::journal_revision_guards::commit_journal_redo_rejects_stale_in_memory_cursor_without_append ... ok
test substrate::tests::journal_revision_guards::commit_journal_undo_rejects_stale_in_memory_cursor_without_append ... ok
test substrate::tests::journal_revision_guards::commit_journaled_accepts_matching_object_revision_guard_and_bumps_object_revision ... ok
test substrate::tests::journal_revision_guards::commit_journaled_rejects_missing_expected_model_revision_without_staging_or_mutation ... ok
test substrate::tests::journal_revision_guards::commit_journaled_rejects_stale_object_revision_guard_without_staging_or_mutation ... ok
test substrate::tests::journal_revision_guards::commit_rejects_empty_operation_batch_without_mutation ... ok
test substrate::tests::mixed_family_journal::mixed_family_transaction_undoes_and_redoes_after_reopen ... ok
test substrate::tests::output_job_run_replay::journal_replay_deleted_output_job_run_suppresses_stale_promoted_evidence ... ok
test substrate::tests::output_job_run_replay::journal_replay_recovers_missing_output_job_run_generated_evidence ... ok
test substrate::tests::pool_library::journal_replay_recovers_missing_pool_library_shard ... ok
test substrate::tests::pool_library::journaled_pool_library_symbol_create_is_replayable_and_undoable ... ok
test substrate::tests::pool_library::journaled_pool_library_symbol_set_bumps_revision_and_is_undoable ... ok
test substrate::tests::pool_library::journaled_pool_part_model_attach_detach_are_replayable_and_undoable ... ok
test substrate::tests::pool_library::resolver_accepts_authored_native_library_baseline_fixture ... ok
test substrate::tests::pool_library::resolver_discovers_native_pool_library_directories ... ok
test substrate::tests::pool_library_reject::journaled_pool_library_object_rejects_invalid_footprint_payload ... ok
test substrate::tests::pool_library_reject::journaled_pool_library_object_rejects_invalid_path_and_identity ... ok
test substrate::tests::pool_library_reject::journaled_pool_library_object_rejects_invalid_typed_payload ... ok
test substrate::tests::private_writer_migration::journaled_board_dimension_create_set_delete_and_undoes ... ok
test substrate::tests::private_writer_migration::journaled_board_keepout_create_set_delete_and_undoes ... ok
test substrate::tests::private_writer_migration::journaled_board_outline_set_and_undoes ... ok
test substrate::tests::private_writer_migration::journaled_board_package_position_moves_owned_pads_and_undoes ... ok
test substrate::tests::private_writer_migration::journaled_board_stackup_set_and_undoes ... ok
test substrate::tests::private_writer_migration::journaled_board_text_create_set_delete_and_undoes ... ok
test substrate::tests::production_replay::journal_replay_marks_stale_promoted_production_shards_dirty ... ok
test substrate::tests::production_replay::journal_replay_recovers_missing_production_shards ... ok
test substrate::tests::production_replay::journal_replay_recovers_unreadable_production_shards_as_unknown ... ok
test substrate::tests::production_schema::production_operations_reject_unsupported_payload_schema_versions ... ok
test substrate::tests::production_schema::resolver_defaults_legacy_production_record_payload_schema_versions ... ok
test substrate::tests::production_schema::resolver_rejects_unsupported_artifact_metadata_schema_version ... ok
test substrate::tests::production_schema::resolver_rejects_unsupported_production_shard_schema_versions ... ok
test substrate::tests::production_writer_migration::accepted_assistant_production_proposal_applies_through_commit_gateway ... ok
test substrate::tests::production_writer_migration::assistant_generated_evidence_direct_commit_requires_proposal ... ok
test substrate::tests::production_writer_migration::assistant_production_direct_commit_requires_proposal ... ok
test substrate::tests::production_writer_migration::journaled_production_records_create_undo_and_redo ... ok
test substrate::tests::production_writer_migration::panel_projection_rejects_unknown_board_instance ... ok
test substrate::tests::production_writer_migration::production_output_job_rejects_missing_manufacturing_plan ... ok
test substrate::tests::production_writer_migration::production_records_reject_missing_variant ... ok
test substrate::tests::production_writer_migration::resolver_rejects_production_shard_filename_payload_mismatch ... ok
test substrate::tests::project_read_cache::project_read_cache_bypasses_external_pools_symlinks_and_pending_recovery ... ok
test substrate::tests::project_read_cache::project_read_cache_preserves_added_removed_and_corrupt_input_diagnostics ... ok
test substrate::tests::project_read_cache::project_read_cache_reuses_only_identical_content_not_mtime_or_length ... ok
test substrate::tests::project_read_cache::project_read_cache_switches_roots_and_revalidates_journal_cursor ... ok
test substrate::tests::proposal::accepted_proposal_applies_through_journal_and_marks_applied ... ok
test substrate::tests::proposal::check_source_proposal_apply_validation_reports_missing_evidence ... ok
test substrate::tests::proposal::check_source_proposal_creation_requires_check_evidence ... ok
test substrate::tests::proposal::prebuilt_proposal_metadata_can_be_committed_through_journal ... ok
test substrate::tests::proposal::proposal_apply_rejects_non_accepted_or_stale_proposals ... ok
test substrate::tests::proposal::proposal_apply_validation_reports_missing_revision_guard ... ok
test substrate::tests::proposal::proposal_predicted_transaction_id_matches_preview_and_apply_transaction ... ok
test substrate::tests::proposal::proposal_review_rejects_stale_acceptance ... ok
test substrate::tests::proposal::resolver_discovers_proposals_without_changing_model_revision ... ok
test substrate::tests::proposal::resolver_rejects_proposal_filename_mismatch ... ok
test substrate::tests::proposal_replay::journal_replay_deleted_proposal_metadata_suppresses_stale_promoted_file ... ok
test substrate::tests::proposal_replay::journal_replay_marks_stale_promoted_proposal_metadata_dirty ... ok
test substrate::tests::proposal_replay::journal_replay_recovers_missing_proposal_metadata ... ok
test substrate::tests::proposal_replay::journal_replay_recovers_unreadable_proposal_metadata ... ok
test substrate::tests::proposal_schema::proposal_operations_reject_unsupported_payload_schema_versions ... ok
test substrate::tests::proposal_schema::resolver_defaults_legacy_proposal_payload_schema_version ... ok
test substrate::tests::proposal_schema::resolver_rejects_unsupported_proposal_metadata_schema_version ... ok
test substrate::tests::relationship::journaled_relationship_and_variant_create_undo_redo_and_replay ... ok
test substrate::tests::relationship::resolver_derives_unresolved_relationship_status_for_missing_refs ... ok
test substrate::tests::relationship::resolver_discovers_authored_relationship_shards_and_derives_status ... ok
test substrate::tests::relationship::resolver_discovers_sparse_variant_overlay_and_derives_population ... ok
test substrate::tests::relationship::resolver_does_not_propagate_variant_population_from_legacy_derived_component_instance_id ... ok
test substrate::tests::relationship::resolver_keeps_package_variant_population_without_derived_component_instance ... ok
test substrate::tests::relationship::resolver_propagates_variant_population_from_authored_component_instance_to_members ... ok
test substrate::tests::relationship::resolver_rejects_persisted_derived_relationship_status ... ok
test substrate::tests::relationship::resolver_rejects_persisted_derived_variant_population ... ok
test substrate::tests::relationship_schema::resolver_defaults_legacy_relationship_shard_schema_version ... ok
test substrate::tests::relationship_schema::resolver_defaults_legacy_variant_overlay_shard_schema_version ... ok
test substrate::tests::relationship_schema::resolver_rejects_unsupported_relationship_shard_schema_version ... ok
test substrate::tests::relationship_schema::resolver_rejects_unsupported_variant_overlay_schema_version ... ok
test substrate::tests::resolver_does_not_build_component_instance_from_matching_symbol_and_package ... ok
test substrate::tests::resolver_does_not_join_component_instance_on_part_only ... ok
test substrate::tests::resolver_does_not_join_component_instance_on_reference_only ... ok
test substrate::tests::resolver_model_revision_changes_when_authored_shard_changes ... ok
test substrate::tests::resolver_produces_stable_model_revision_for_unchanged_project ... ok
test substrate::tests::resolver_replays_board_package_value_when_promoted_shard_is_stale ... ok
test substrate::tests::resolver_replays_duplicate_transaction_id_once ... ok
test substrate::tests::resolver_reports_missing_required_shard_without_accepted_truth_panic ... ok
test substrate::tests::revision_approval::approval_keeps_crypto_role_scope_quorum_order_and_separation_distinct ... ok
test substrate::tests::revision_approval::attestation_dispositions_append_standing_without_body_mutation ... ok
test substrate::tests::revision_authority::absent_authority_is_explicitly_unconfigured ... ok
test substrate::tests::revision_authority::authority_snapshot_is_in_generation_and_design_commit_carries_it_unchanged ... ok
test substrate::tests::revision_authority::authorized_change_required_refuses_an_unlinked_design_commit_in_rev_i04 ... ok
test substrate::tests::revision_authority::closed_family_inventory_is_exact_unique_and_canonical ... ok
test substrate::tests::revision_authority::exact_typed_reference_rejects_uuid_compatible_kind_substitution ... ok
test substrate::tests::revision_authority::inert_authority_never_blocks_three_real_project_authoring_paths ... ok
test substrate::tests::revision_authority::ordinary_design_application_has_no_product_authority_resolver_dependency ... ok
test substrate::tests::revision_authority::unknown_authority_schema_survives_backup_and_restore_byte_exact ... ok
test substrate::tests::revision_change_authority::authorized_change_required_accepts_only_exact_authorized_scope ... ok
test substrate::tests::revision_change_authority::failed_quiet_collection_leaves_design_and_authority_unchanged ... ok
test substrate::tests::revision_change_authority::no_earlier_control_collects_identity_free_and_atomically ... ok
test substrate::tests::revision_change_authority::no_earlier_control_is_prompt_free_for_proposal_undo_and_redo_contexts ... ok
test substrate::tests::revision_change_authority::reservation_and_legacy_mapping_are_explicit_append_only_actions ... ok
test substrate::tests::revision_change_inventory::lifecycle_matrix_is_closed_and_prior_events_remain_immutable ... ok
test substrate::tests::revision_change_inventory::rev_i04_closed_inventory_is_bidirectionally_exact ... ok
test substrate::tests::revision_change_inventory::sole_revision_gate_is_the_journaled_commit_coordinator ... ok
test substrate::tests::revision_integrity::backup_is_independently_verified_and_restore_is_reversible ... ok
test substrate::tests::revision_integrity::checked_in_native_projects_keep_design_semantics_under_integrity_commits ... ok
test substrate::tests::revision_integrity::concurrent_writer_is_refused_and_release_is_reacquirable ... ok
test substrate::tests::revision_integrity::corrupt_head_preserves_bytes_and_exposes_last_complete_generation ... ok
test substrate::tests::revision_integrity::every_commit_boundary_recovers_only_journal_committed_authority ... ok
test substrate::tests::revision_integrity::journaled_commit_establishes_verified_algorithm_qualified_authority ... ok
test substrate::tests::revision_integrity::missing_blob_is_read_only_and_never_repaired_in_place ... ok
test substrate::tests::revision_policy::effectivity_covers_all_nodes_and_selector_families_without_universal_fallback ... ok
test substrate::tests::revision_policy::policy_absence_is_unmanaged_and_factory_profile_is_not_synthesized ... ok
test substrate::tests::revision_policy::rev_i03_closed_inventory_is_bidirectionally_exact ... ok
test substrate::tests::revision_policy::role_capability_scope_interval_and_nonexpanding_delegation_are_enforced ... ok
test substrate::tests::revision_policy::scheme_registry_is_versioned_per_ci_and_never_allocates ... ok
test substrate::tests::revision_policy::seed_consumption_is_atomic_copy_once_and_receipted ... ok
test substrate::tests::revision_transaction::every_non_seed_mutation_uses_the_canonical_revision_transaction_path ... ok
test substrate::tests::schematic_definition_replay::journaled_schematic_definition_replays_create_and_suppresses_deleted_stale_file ... ok
test substrate::tests::schematic_sheet_writer_migration::journaled_schematic_sheet_create_delete_and_undoes ... ok
test substrate::tests::schematic_sheet_writer_migration::journaled_schematic_sheet_delete_cascades_payload_objects_and_undoes ... ok
test substrate::tests::schematic_sheet_writer_migration::journaled_schematic_sheet_recovers_promoted_root_missing_sheet_file ... ok
test substrate::tests::schematic_text_writer_migration::journaled_schematic_drawing_create_set_delete_and_undoes ... ok
test substrate::tests::schematic_text_writer_migration::journaled_schematic_symbol_create_set_delete_and_undoes ... ok
test substrate::tests::schematic_text_writer_migration::journaled_schematic_text_create_set_delete_and_undoes ... ok
test substrate::tests::schematic_writer_migration::journaled_schematic_bus_and_entry_create_set_delete_and_undoes ... ok
test substrate::tests::schematic_writer_migration::journaled_schematic_bus_entry_rejects_missing_bus ... ok
test substrate::tests::schematic_writer_migration::journaled_schematic_junction_create_delete_and_undoes ... ok
test substrate::tests::schematic_writer_migration::journaled_schematic_label_create_set_delete_and_undoes ... ok
test substrate::tests::schematic_writer_migration::journaled_schematic_noconnect_create_delete_and_undoes ... ok
test substrate::tests::schematic_writer_migration::journaled_schematic_port_create_set_delete_and_undoes ... ok
test substrate::tests::schematic_writer_migration::journaled_schematic_wire_create_delete_and_undoes ... ok
test substrate::tests::schematic_writer_migration::normalized_schematic_marker_junction_commits_replays_and_undoes ... ok
test substrate::tests::schematic_writer_migration::normalized_schematic_marker_noconnect_commits_to_noconnect_map ... ok
test substrate::tests::source_shard_metadata::byte_backed_source_shard_refs_derive_pool_taxonomy ... ok
test substrate::tests::source_shard_metadata::byte_backed_source_shard_refs_enforce_ownership_paths ... ok
test substrate::tests::source_shard_metadata::import_identity_allocator_allocates_deterministic_new_identity_for_new_key ... ok
test substrate::tests::source_shard_metadata::import_identity_allocator_reuses_resolved_import_map_identity ... ok
test substrate::tests::source_shard_metadata::journal_replay_deleted_import_map_suppresses_stale_promoted_sidecar ... ok
test substrate::tests::source_shard_metadata::journaled_import_map_shard_rejects_unsafe_relative_path ... ok
test substrate::tests::source_shard_metadata::journaled_import_map_shard_round_trips_through_resolver ... ok
test substrate::tests::source_shard_metadata::journaled_import_map_shard_undo_removes_promoted_sidecar ... ok
test substrate::tests::source_shard_metadata::pool_source_shard_paths_require_concrete_taxonomy ... ok
test substrate::tests::source_shard_metadata::resolved_source_shards_use_only_concrete_authorities ... ok
test substrate::tests::source_shard_metadata::resolver_discovers_import_map_sidecar_as_identity_metadata ... ok
test substrate::tests::source_shard_metadata::resolver_marks_native_source_shards_as_authored_clean_authority ... ok
test substrate::tests::source_shard_metadata::resolver_rejects_future_native_source_shard_schema_version ... ok
test substrate::tests::source_shard_metadata::resolver_rejects_unsupported_import_map_schema_version ... ok
test substrate::tests::source_shard_metadata::resolver_reports_import_map_entries_that_reference_missing_objects ... ok
test substrate::tests::source_shard_metadata::source_shard_ownership_allows_canonical_authority_paths ... ok
test substrate::tests::source_shard_metadata::source_shard_ownership_rejects_cross_authority_or_unsafe_paths ... ok
test substrate::tests::source_shard_ref_builders::staged_source_shard_refs_derive_pool_taxonomy ... ok
test substrate::tests::source_shard_ref_builders::staged_source_shard_refs_enforce_ownership_paths ... ok
test substrate::tests::source_shard_taxonomy::datum_sidecar_and_generated_evidence_paths_have_concrete_taxonomy ... ok
test substrate::tests::zone_fill::bounded_zone_fill_conservatively_cuts_out_non_orthogonal_foreign_track_bounds ... ok
test substrate::tests::zone_fill::bounded_zone_fill_conservatively_unions_overlapping_foreign_pad_cutouts ... ok
test substrate::tests::zone_fill::bounded_zone_fill_cuts_out_multiple_non_overlapping_foreign_pads ... ok
test substrate::tests::zone_fill::bounded_zone_fill_cuts_out_single_foreign_orthogonal_track_with_netclass_clearance ... ok
test substrate::tests::zone_fill::bounded_zone_fill_cuts_out_single_foreign_pad_with_netclass_clearance ... ok
test substrate::tests::zone_fill::bounded_zone_fill_rejects_foreign_pad_without_clearance_basis ... ok
test substrate::tests::zone_fill::journaled_zone_fill_rejects_mismatched_operation_and_payload_ids ... ok
test substrate::tests::zone_fill::resolver_accepts_valid_unsupported_zone_fill_generated_evidence ... ok
test substrate::tests::zone_fill::resolver_derives_native_zones_as_unfilled_zone_fills ... ok
test substrate::tests::zone_fill::resolver_marks_persisted_zone_fill_stale_when_model_revision_changes ... ok
test substrate::tests::zone_fill::resolver_rejects_invalid_filled_zone_fill_generated_evidence ... ok
test substrate::tests::zone_fill::resolver_rejects_nonfilled_zone_fill_with_renderable_islands ... ok
test substrate::tests::zone_fill::resolver_rejects_self_intersecting_filled_zone_fill_island ... ok
test substrate::tests::zone_fill::zone_fill_projection_renders_only_filled_evidence ... ok
test substrate::tests::zone_fill_replay::journal_replay_deleted_zone_fill_suppresses_stale_promoted_evidence ... ok
test substrate::tests::zone_fill_replay::journal_replay_recovers_missing_zone_fill_generated_evidence ... ok
test substrate::tests::zone_fill_schema::resolver_accepts_legacy_zone_fill_without_schema_version ... ok
test substrate::tests::zone_fill_schema::resolver_discovers_versioned_zone_fill_generated_evidence ... ok
test substrate::tests::zone_fill_schema::resolver_rejects_unsupported_zone_fill_schema_version ... ok
test text::determinism::tests::outline_fixture_serializes_canonically ... ok
test text::determinism::tests::outline_vendored_font_flatten_matches_golden_fixture ... ok
test text::determinism::tests::phase_two_font_and_golden_locations_exist ... ok
test text::geometry::tests::from_board_text_preserves_explicit_newstroke_family ... ok
test text::geometry::tests::from_board_text_promotes_annotation_legacy_defaults_to_ibm_plex ... ok
test text::geometry::tests::from_board_text_promotes_manufacturing_legacy_defaults_to_ibm_plex ... ok
test text::layout::tests::keep_upright_flips_rotation_and_alignment ... ok
test text::layout::tests::layout_centers_multiline_text_block ... ok
test text::layout::tests::layout_closes_unmatched_overbar_at_line_end ... ok
test text::layout::tests::layout_includes_inter_character_spacing ... ok
test text::layout::tests::layout_multiline_spacing_includes_stroke_width ... ok
test text::layout::tests::layout_rejects_non_positive_height ... ok
test text::layout::tests::layout_rotation_zero_is_upright_in_y_down_board_space ... ok
test text::layout::tests::layout_supports_common_eda_symbols ... ok
test text::layout::tests::layout_supports_lowercase_glyphs ... ok
test text::layout::tests::layout_supports_overbar_markup_and_tilde_escape ... ok
test text::layout::tests::mirrored_multiline_text_inverts_line_stacking_direction ... ok
test text::layout::tests::mirrored_text_swaps_horizontal_alignment ... ok
test text::mesh::tests::mesh_handles_encode_bold_variation ... ok
test text::mesh::tests::mesh_handles_encode_optical_size_variation ... ok
test text::mesh::tests::mesh_multiline_spacing_honors_line_spacing_ratio ... ok
test text::mesh::tests::repeated_outline_glyphs_share_mesh_assets ... ok
test text::mesh::tests::space_glyph_uses_intentional_empty_mesh_asset ... ok
test text::outline::tests::engine_outline_policy_uses_finer_curve_flattening_than_50um_fixture ... ok
test text::outline::tests::flatten_glyph_from_vendored_dejavu_font_produces_contours ... ok
test text::outline::tests::inter_display_uses_distinct_variable_font_instance ... ok
test text::outline::tests::optical_size_policy_tracks_text_height ... ok
test text::outline::tests::outline_flatten_tolerance_scales_with_text_height ... ok
test text::outline::tests::resolved_fill_matches_raw_non_zero_regression_corpus ... ok
test text::outline::tests::vendored_outline_backend_shapes_annotation_text ... ok
test text::outline::tests::vendored_outline_backend_shapes_ibm_plex_text ... ok
test text::outline::tests::vendored_outline_backend_shapes_inter_text ... ok
test text::outline::tests::vendored_outline_backend_shapes_jetbrains_mono_text ... ok
test text::registry::tests::annotation_defaults_to_ibm_plex_sans_condensed ... ok
test text::registry::tests::branding_defaults_to_ibm_plex_semibold ... ok
test text::registry::tests::dev_dejavu_asset_is_present ... ok
test text::registry::tests::manufacturing_defaults_to_ibm_plex_sans_condensed ... ok
test text::registry::tests::researched_product_assets_are_vendored ... ok
test text::registry::tests::resolve_family_and_style_preserves_explicit_family_choice ... ok
test text::registry::tests::resolve_family_and_style_preserves_explicit_newstroke_choice ... ok
test text::registry::tests::resolve_family_and_style_promotes_annotation_legacy_defaults ... ok
test text::registry::tests::resolve_family_and_style_promotes_manufacturing_legacy_defaults ... ok

test result: ok. 1042 passed; 0 failed; 0 ignored; 0 measured; 0 filtered out; finished in 4.93s

   Doc-tests eda_engine

running 1 test
test crates/engine/src/revision/authority.rs - revision::authority::AUTHORITY_SCHEMA_VERSION (line 30) - compile fail ... ok

test result: ok. 1 passed; 0 failed; 0 ignored; 0 measured; 0 filtered out; finished in 0.10s

