datum-gui diagnostic log pid=234529 start=SystemTime { tv_sec: 1790344789, tv_nsec: 234203100 }
[SystemTime { tv_sec: 1790344789, tv_nsec: 234391871 }] startup args=GuiArgs { terminal_profile: TerminalProfileArgs { selected: "default", custom_name: "custom", program: None, args: [], environment: [], environment_remove: [], cwd: "active", theme: None, font_scale_percent: None, history_lines: None, history_mebibytes: None, cursor: None, bell: None, agent_authority: "propose", unattended_tools: [] }, demo_known_good: false, board_file: None, schematic_file: None, artifact_path: None, project_root: Some("/tmp/pm045-admission-hqugp169/project"), select: None, net_uuid: None, from_anchor_pad_uuid: None, to_anchor_pad_uuid: None, profile: None, visual_test: false, initial_layout: Some("single"), open_menu: None, open_global_preferences: false, open_new_project: false, open_project_preferences: false, focus_pane: None, fixture_revision_surface: None, layers_scroll_end: false, window_size: "1280x800", screenshot_out: None, exit_after_screenshot: false, window_visual_test: false, visual_scale_factor: Some(1.0), interaction_smoke: false, resize_torture_smoke: false, kwin_lifecycle_smoke: false }
[SystemTime { tv_sec: 1790344789, tv_nsec: 244101849 }] resumed event
[SystemTime { tv_sec: 1790344789, tv_nsec: 244128802 }] launch state load begin
[SystemTime { tv_sec: 1790344789, tv_nsec: 244157727 }] request resolve begin
[SystemTime { tv_sec: 1790344789, tv_nsec: 244176590 }] request resolve end project_root=/tmp/pm045-admission-hqugp169/project board_file=None
[SystemTime { tv_sec: 1790344789, tv_nsec: 244194478 }] workspace load begin
[SystemTime { tv_sec: 1790344790, tv_nsec: 668133579 }] workspace load end
[SystemTime { tv_sec: 1790344790, tv_nsec: 668159157 }] camera fit begin
[SystemTime { tv_sec: 1790344790, tv_nsec: 668174596 }] camera fit end
[SystemTime { tv_sec: 1790344790, tv_nsec: 668331481 }] terminal spawn begin
[SystemTime { tv_sec: 1790344790, tv_nsec: 677304932 }] terminal spawn end
[SystemTime { tv_sec: 1790344790, tv_nsec: 677342576 }] launch state load end
[SystemTime { tv_sec: 1790344790, tv_nsec: 682328559 }] window created
[SystemTime { tv_sec: 1790344790, tv_nsec: 682360456 }] runtime creation begin
[SystemTime { tv_sec: 1790344790, tv_nsec: 683279368 }] wgpu instance create begin
[SystemTime { tv_sec: 1790344790, tv_nsec: 784740798 }] wgpu request adapter begin
[SystemTime { tv_sec: 1790344790, tv_nsec: 794576434 }] surface identity window=WindowId(31457284) window_backend=x11 gpu_backend=Vulkan adapter="Intel(R) HD Graphics P630 (KBL GT2)" device_type=IntegratedGpu driver="Intel open-source Mesa driver" driver_info="Mesa 25.0.7-2+deb13u1"
[SystemTime { tv_sec: 1790344790, tv_nsec: 794599623 }] wgpu request device begin
[SystemTime { tv_sec: 1790344790, tv_nsec: 823304555 }] wgpu request device end
[SystemTime { tv_sec: 1790344790, tv_nsec: 823578132 }] initial surface configuration requested 1280x800 format=Bgra8UnormSrgb present=Fifo msaa=8
[SystemTime { tv_sec: 1790344790, tv_nsec: 823613354 }] renderer init begin
[SystemTime { tv_sec: 1790344790, tv_nsec: 951393018 }] renderer init end
[SystemTime { tv_sec: 1790344790, tv_nsec: 952273491 }] terminal resize begin 155x9
[SystemTime { tv_sec: 1790344790, tv_nsec: 952510580 }] terminal resize end
[SystemTime { tv_sec: 1790344790, tv_nsec: 952547753 }] runtime creation end
[SystemTime { tv_sec: 1790344790, tv_nsec: 952665149 }] window visible
[SystemTime { tv_sec: 1790344790, tv_nsec: 952700539 }] window event WindowId(31457284) ime Disabled
[SystemTime { tv_sec: 1790344790, tv_nsec: 952735444 }] window event WindowId(31457284) redraw requested
[SystemTime { tv_sec: 1790344790, tv_nsec: 952816755 }] native frame round hosts=[WindowId(31457284)]
[SystemTime { tv_sec: 1790344790, tv_nsec: 952839400 }] redraw handler begin
[SystemTime { tv_sec: 1790344790, tv_nsec: 952874935 }] surface configure begin
[SystemTime { tv_sec: 1790344790, tv_nsec: 954544619 }] surface configure end
[SystemTime { tv_sec: 1790344790, tv_nsec: 954580213 }] native queue configured host=1 configurations=1 submitted=0 completed=0
[SystemTime { tv_sec: 1790344790, tv_nsec: 954626242 }] render scene prepare begin retained_cached=false
[SystemTime { tv_sec: 1790344790, tv_nsec: 954645003 }] retained scene build begin
[SystemTime { tv_sec: 1790344790, tv_nsec: 959071211 }] retained scene build end 4ms
[SystemTime { tv_sec: 1790344790, tv_nsec: 959096564 }] prepared scene build begin
[SystemTime { tv_sec: 1790344790, tv_nsec: 961769034 }] native control_meshes window=WindowId(31457284) builds=1
[SystemTime { tv_sec: 1790344790, tv_nsec: 961796418 }] prepared scene build end 2ms
[SystemTime { tv_sec: 1790344790, tv_nsec: 961817815 }] renderer render begin
[SystemTime { tv_sec: 1790344790, tv_nsec: 983164290 }] native_surface_lifecycle {"acquire_attempts":0,"acquired":0,"active":0,"configuration_generation":1,"configure_attempts":1,"configured_extent":[1280,800],"discarded":0,"frame_submission_receipts_issued":1,"frame_submissions":0,"gpu_completed_through_receipt":0,"host":1,"last_frame_submission_receipt":1,"last_present_receipt":0,"presented":0,"queue_epoch":1,"reason":"submit_upload","wgpu_submission":"Some(SubmissionIndex { index: 1 })","window":"WindowId(31457284)"}
[SystemTime { tv_sec: 1790344790, tv_nsec: 983247636 }] native upload frame window=WindowId(31457284) host=1 renderer=1 queue_epoch=1 surface_generation=1 acquisition=0 submission=1 receipt=Some(UploadFrame { consumers: {"MAIN", "BOARD", "LAYERS", "NAV", "INSPECTOR", "MENU", "TERMINAL"}, owner: 7, attempt: 1, rendered: Some(false), totals: UploadTotals { batches: 1, buffer_payload_bytes: 2883216, texture_source_bytes: 0, texture_padding_bytes: 0, scatter_index_bytes: 0, staging_capacity_bytes: 2883216, buffer_copy_bytes: 2883216, buffer_copies: 2, texture_copies: 0, scatter_dispatches: 0 } })
[SystemTime { tv_sec: 1790344790, tv_nsec: 983318649 }] native font ownership window=WindowId(31457284) usage=Usage { allocation: Usage { allocator_installed: true, owner_id: 3, label: "renderer-fonts-and-shapes", payload_bytes: 688030, tracking_bytes: 84040, allocations: 10505, peak_payload_bytes: 688030, owner_metadata_bytes: 96 }, returned_shape_bytes: 0, private_bytes: Some(772070), fixed_font_bytes: Some(772070), cache_reserved_bytes: 0, last_call: Some(Report { call_id: 1, owner_id: 3, allocator_installed: true, host_initial_bytes: 0, host_final_bytes: 772070, process_initial_bytes: 0, process_final_bytes: 772070, initial_bytes: 0, final_bytes: 772070, peak_bytes: 772070, host_peak_bytes: 1759823, process_peak_bytes: 1759823, exceeded: false }) } measurement=Some(Usage { allocation: Usage { allocator_installed: true, owner_id: 13, label: "text-measurement", payload_bytes: 734742, tracking_bytes: 84216, allocations: 10525, peak_payload_bytes: 748214, owner_metadata_bytes: 96 }, returned_shape_bytes: 0, private_bytes: Some(818958), fixed_font_bytes: Some(772070), cache_reserved_bytes: 46888, last_call: Some(Report { call_id: 18, owner_id: 13, allocator_installed: true, host_initial_bytes: 68424, host_final_bytes: 68424, process_initial_bytes: 68424, process_final_bytes: 68424, initial_bytes: 31432, final_bytes: 46888, peak_bytes: 60496, host_peak_bytes: 68424, process_peak_bytes: 68424, exceeded: false }) }) process_registry_bytes=RegistryUsage { registry_heap_bytes: 72, scope_owner_bytes: 672, call_slots_static_bytes: 9752 }
[SystemTime { tv_sec: 1790344790, tv_nsec: 983355338 }] native attachment ledger {"attachments":{"allocations":[{"allocation":1,"host":1,"last_submission":1,"owner":8,"payload_bytes":32768000,"release_reason":null}],"completed_retirements":0,"current_payload_bytes":32768000,"device_loss_confirmed":false,"device_loss_retirements":0,"observed_allocations":1,"peak_payload_bytes":32768000,"retiring_payload_bytes":0,"unknown_payload_allocations":0},"queue_epoch":1}
[SystemTime { tv_sec: 1790344790, tv_nsec: 983385533 }] native surface attachment {"allocation":1,"allocations_created":1,"extent":[1280,800],"format":"Bgra8UnormSrgb","gpu_retirement_qualified":false,"host":1,"owner":8,"payload_bytes":32768000,"queue_epoch":1,"samples":8,"state":"current_renderer_reference","window":"WindowId(31457284)"}
[SystemTime { tv_sec: 1790344790, tv_nsec: 983424412 }] native redraw ledger {"attempts":1,"counts":{"coalesced":0,"duplicate_tokens":0,"presentations":0,"received":1,"requested":1,"suppressed":0},"damage":2,"device_generation":1,"host_generation":1,"pending":false,"presented_damage":0,"ready":false,"reason":"not_presented","rendering":null,"window":"WindowId(31457284)"}
[SystemTime { tv_sec: 1790344790, tv_nsec: 984651042 }] window event WindowId(31457284) focused false
[SystemTime { tv_sec: 1790344790, tv_nsec: 984733659 }] window event WindowId(31457284) occluded false
[SystemTime { tv_sec: 1790344790, tv_nsec: 985064822 }] window event WindowId(31457284) focused true
[SystemTime { tv_sec: 1790344790, tv_nsec: 985491610 }] window event WindowId(31457284) modifiers changed ModifiersState(0x0)
[SystemTime { tv_sec: 1790344790, tv_nsec: 985530889 }] window event WindowId(31457284) cursor moved 429.00,170.00
[SystemTime { tv_sec: 1790344790, tv_nsec: 985752183 }] native control_meshes window=WindowId(31457284) builds=1
[SystemTime { tv_sec: 1790344790, tv_nsec: 985823025 }] window event WindowId(31457284) occluded false
[SystemTime { tv_sec: 1790344790, tv_nsec: 985952422 }] window event WindowId(31457284) cursor moved 110.00,16.00
[SystemTime { tv_sec: 1790344790, tv_nsec: 986182150 }] window event WindowId(31457284) resized 1280x800
[SystemTime { tv_sec: 1790344790, tv_nsec: 986234445 }] window event WindowId(31457284) redraw requested
[SystemTime { tv_sec: 1790344790, tv_nsec: 986267260 }] native frame round hosts=[WindowId(31457284)]
[SystemTime { tv_sec: 1790344790, tv_nsec: 986294510 }] redraw handler begin
[SystemTime { tv_sec: 1790344790, tv_nsec: 986363162 }] native_surface_lifecycle {"acquire_attempts":0,"acquired":0,"active":0,"configuration_generation":1,"configure_attempts":1,"configured_extent":[1280,800],"discarded":0,"frame_submission_receipts_issued":1,"frame_submissions":0,"gpu_completed_through_receipt":0,"host":1,"last_frame_submission_receipt":1,"last_present_receipt":0,"presented":0,"queue_epoch":1,"reason":"wait_queue","wgpu_submission":"Some(SubmissionIndex { index: 1 })","window":"WindowId(31457284)"}
[SystemTime { tv_sec: 1790344790, tv_nsec: 986406058 }] native redraw ledger {"attempts":2,"counts":{"coalesced":1,"duplicate_tokens":0,"presentations":0,"received":2,"requested":2,"suppressed":0},"damage":4,"device_generation":1,"host_generation":1,"pending":false,"presented_damage":0,"ready":false,"reason":"not_presented","rendering":null,"window":"WindowId(31457284)"}
[SystemTime { tv_sec: 1790344790, tv_nsec: 988542292 }] native queue progress epoch=1 submitted=1 completed=1
[SystemTime { tv_sec: 1790344790, tv_nsec: 988592666 }] native attachment ledger {"attachments":{"allocations":[{"allocation":1,"host":1,"last_submission":1,"owner":8,"payload_bytes":32768000,"release_reason":null}],"completed_retirements":0,"current_payload_bytes":32768000,"device_loss_confirmed":false,"device_loss_retirements":0,"observed_allocations":1,"peak_payload_bytes":32768000,"retiring_payload_bytes":0,"unknown_payload_allocations":0},"queue_epoch":1}
[SystemTime { tv_sec: 1790344790, tv_nsec: 990440962 }] window event WindowId(31457284) redraw requested
[SystemTime { tv_sec: 1790344790, tv_nsec: 990470621 }] native frame round hosts=[WindowId(31457284)]
[SystemTime { tv_sec: 1790344790, tv_nsec: 990492156 }] redraw handler begin
[SystemTime { tv_sec: 1790344790, tv_nsec: 990530624 }] renderer render begin
[SystemTime { tv_sec: 1790344791, tv_nsec: 18122337 }] native_surface_lifecycle {"acquire_attempts":1,"acquired":1,"active":1,"configuration_generation":1,"configure_attempts":1,"configured_extent":[1280,800],"discarded":0,"frame_submission_receipts_issued":2,"frame_submissions":1,"gpu_completed_through_receipt":1,"host":1,"last_frame_submission_receipt":2,"last_present_receipt":0,"presented":0,"queue_epoch":1,"reason":"submit","wgpu_submission":"Some(SubmissionIndex { index: 2 })","window":"WindowId(31457284)"}
[SystemTime { tv_sec: 1790344791, tv_nsec: 18184371 }] native upload frame window=WindowId(31457284) host=1 renderer=1 queue_epoch=1 surface_generation=1 acquisition=1 submission=2 receipt=Some(UploadFrame { consumers: {"MAIN", "BOARD", "LAYERS", "NAV", "INSPECTOR", "MENU", "TERMINAL"}, owner: 7, attempt: 2, rendered: Some(true), totals: UploadTotals { batches: 1, buffer_payload_bytes: 61432, texture_source_bytes: 19939, texture_padding_bytes: 793629, scatter_index_bytes: 0, staging_capacity_bytes: 875000, buffer_copy_bytes: 61432, buffer_copies: 6, texture_copies: 426, scatter_dispatches: 0 } })
[SystemTime { tv_sec: 1790344791, tv_nsec: 18217883 }] native font ownership window=WindowId(31457284) usage=Usage { allocation: Usage { allocator_installed: true, owner_id: 3, label: "renderer-fonts-and-shapes", payload_bytes: 897966, tracking_bytes: 87984, allocations: 10996, peak_payload_bytes: 898077, owner_metadata_bytes: 96 }, returned_shape_bytes: 151176, private_bytes: Some(834774), fixed_font_bytes: Some(772070), cache_reserved_bytes: 62704, last_call: Some(Report { call_id: 1032, owner_id: 3, allocator_installed: true, host_initial_bytes: 356004, host_final_bytes: 356042, process_initial_bytes: 356004, process_final_bytes: 356042, initial_bytes: 62704, final_bytes: 62704, peak_bytes: 62704, host_peak_bytes: 356042, process_peak_bytes: 356042, exceeded: false }) } measurement=Some(Usage { allocation: Usage { allocator_installed: true, owner_id: 13, label: "text-measurement", payload_bytes: 734742, tracking_bytes: 84216, allocations: 10525, peak_payload_bytes: 748214, owner_metadata_bytes: 96 }, returned_shape_bytes: 0, private_bytes: Some(818958), fixed_font_bytes: Some(772070), cache_reserved_bytes: 46888, last_call: Some(Report { call_id: 18, owner_id: 13, allocator_installed: true, host_initial_bytes: 68424, host_final_bytes: 68424, process_initial_bytes: 68424, process_final_bytes: 68424, initial_bytes: 31432, final_bytes: 46888, peak_bytes: 60496, host_peak_bytes: 68424, process_peak_bytes: 68424, exceeded: false }) }) process_registry_bytes=RegistryUsage { registry_heap_bytes: 72, scope_owner_bytes: 768, call_slots_static_bytes: 9752 }
[SystemTime { tv_sec: 1790344791, tv_nsec: 18249333 }] native attachment ledger {"attachments":{"allocations":[{"allocation":1,"host":1,"last_submission":2,"owner":8,"payload_bytes":32768000,"release_reason":null}],"completed_retirements":0,"current_payload_bytes":32768000,"device_loss_confirmed":false,"device_loss_retirements":0,"observed_allocations":1,"peak_payload_bytes":32768000,"retiring_payload_bytes":0,"unknown_payload_allocations":0},"queue_epoch":1}
[SystemTime { tv_sec: 1790344791, tv_nsec: 18275445 }] native surface attachment {"allocation":1,"allocations_created":1,"extent":[1280,800],"format":"Bgra8UnormSrgb","gpu_retirement_qualified":false,"host":1,"owner":8,"payload_bytes":32768000,"queue_epoch":1,"samples":8,"state":"current_renderer_reference","window":"WindowId(31457284)"}
[SystemTime { tv_sec: 1790344791, tv_nsec: 18313233 }] renderer render end 27ms
[SystemTime { tv_sec: 1790344791, tv_nsec: 18333835 }] frame present begin
[SystemTime { tv_sec: 1790344791, tv_nsec: 18416950 }] native_surface_lifecycle {"acquire_attempts":1,"acquired":1,"active":0,"configuration_generation":1,"configure_attempts":1,"configured_extent":[1280,800],"discarded":0,"frame_submission_receipts_issued":2,"frame_submissions":1,"gpu_completed_through_receipt":1,"host":1,"last_frame_submission_receipt":2,"last_present_receipt":2,"presented":1,"queue_epoch":1,"reason":"present","wgpu_submission":"Some(SubmissionIndex { index: 2 })","window":"WindowId(31457284)"}
[SystemTime { tv_sec: 1790344791, tv_nsec: 18440219 }] frame present end 0ms total=27ms
[SystemTime { tv_sec: 1790344791, tv_nsec: 18470789 }] native redraw ledger {"attempts":3,"counts":{"coalesced":1,"duplicate_tokens":0,"presentations":1,"received":3,"requested":3,"suppressed":1},"damage":4,"device_generation":1,"host_generation":1,"pending":false,"presented_damage":4,"ready":false,"reason":"presented","rendering":null,"window":"WindowId(31457284)"}
[SystemTime { tv_sec: 1790344791, tv_nsec: 18500027 }] redraw handler end
[SystemTime { tv_sec: 1790344791, tv_nsec: 56457751 }] native queue progress epoch=1 submitted=2 completed=2
[SystemTime { tv_sec: 1790344791, tv_nsec: 56512991 }] native attachment ledger {"attachments":{"allocations":[{"allocation":1,"host":1,"last_submission":2,"owner":8,"payload_bytes":32768000,"release_reason":null}],"completed_retirements":0,"current_payload_bytes":32768000,"device_loss_confirmed":false,"device_loss_retirements":0,"observed_allocations":1,"peak_payload_bytes":32768000,"retiring_payload_bytes":0,"unknown_payload_allocations":0},"queue_epoch":1}
[SystemTime { tv_sec: 1790344792, tv_nsec: 66692386 }] window event WindowId(31457284) cursor moved 148.00,16.00
[SystemTime { tv_sec: 1790344792, tv_nsec: 66847344 }] window event WindowId(31457284) modifiers changed ModifiersState(0x0)
[SystemTime { tv_sec: 1790344792, tv_nsec: 66983875 }] window event WindowId(31457284) mouse input Left Pressed
[SystemTime { tv_sec: 1790344792, tv_nsec: 67087459 }] pan primary pressed cursor=Some((148.0, 16.0)) pointer_in_scene=false held=false active=false
[SystemTime { tv_sec: 1790344792, tv_nsec: 67187476 }] window event WindowId(31457284) modifiers changed ModifiersState(0x0)
[SystemTime { tv_sec: 1790344792, tv_nsec: 67279228 }] window event WindowId(31457284) modifiers changed ModifiersState(0x0)
[SystemTime { tv_sec: 1790344792, tv_nsec: 67374303 }] window event WindowId(31457284) mouse input Left Released
[SystemTime { tv_sec: 1790344792, tv_nsec: 67467802 }] pan primary released cursor=Some((148.0, 16.0)) suppress_click=false
[SystemTime { tv_sec: 1790344792, tv_nsec: 67749300 }] window event WindowId(31457284) modifiers changed ModifiersState(0x0)
[SystemTime { tv_sec: 1790344792, tv_nsec: 67869305 }] window event WindowId(31457284) redraw requested
[SystemTime { tv_sec: 1790344792, tv_nsec: 67933376 }] native frame round hosts=[WindowId(31457284)]
[SystemTime { tv_sec: 1790344792, tv_nsec: 67986009 }] redraw handler begin
[SystemTime { tv_sec: 1790344792, tv_nsec: 68068038 }] render scene prepare begin retained_cached=true
[SystemTime { tv_sec: 1790344792, tv_nsec: 68120103 }] prepared scene build begin
[SystemTime { tv_sec: 1790344792, tv_nsec: 68724436 }] native control_meshes window=WindowId(31457284) builds=1
[SystemTime { tv_sec: 1790344792, tv_nsec: 68787905 }] prepared scene build end 0ms
[SystemTime { tv_sec: 1790344792, tv_nsec: 68933000 }] renderer render begin
[SystemTime { tv_sec: 1790344792, tv_nsec: 83961857 }] native_surface_lifecycle {"acquire_attempts":2,"acquired":2,"active":1,"configuration_generation":1,"configure_attempts":1,"configured_extent":[1280,800],"discarded":0,"frame_submission_receipts_issued":3,"frame_submissions":2,"gpu_completed_through_receipt":2,"host":1,"last_frame_submission_receipt":3,"last_present_receipt":2,"presented":1,"queue_epoch":1,"reason":"submit","wgpu_submission":"Some(SubmissionIndex { index: 3 })","window":"WindowId(31457284)"}
[SystemTime { tv_sec: 1790344792, tv_nsec: 84063540 }] native upload frame window=WindowId(31457284) host=1 renderer=1 queue_epoch=1 surface_generation=1 acquisition=2 submission=3 receipt=Some(UploadFrame { consumers: {"MAIN", "BOARD", "LAYERS", "NAV", "INSPECTOR", "MENU", "TERMINAL"}, owner: 7, attempt: 3, rendered: Some(true), totals: UploadTotals { batches: 1, buffer_payload_bytes: 33340, texture_source_bytes: 2512, texture_padding_bytes: 101680, scatter_index_bytes: 12700, staging_capacity_bytes: 175632, buffer_copy_bytes: 46040, buffer_copies: 4, texture_copies: 53, scatter_dispatches: 1 } })
[SystemTime { tv_sec: 1790344792, tv_nsec: 84107105 }] native font ownership window=WindowId(31457284) usage=Usage { allocation: Usage { allocator_installed: true, owner_id: 3, label: "renderer-fonts-and-shapes", payload_bytes: 917550, tracking_bytes: 88464, allocations: 11056, peak_payload_bytes: 917649, owner_metadata_bytes: 96 }, returned_shape_bytes: 171240, private_bytes: Some(834774), fixed_font_bytes: Some(772070), cache_reserved_bytes: 62704, last_call: Some(Report { call_id: 1171, owner_id: 3, allocator_installed: true, host_initial_bytes: 338804, host_final_bytes: 338848, process_initial_bytes: 338804, process_final_bytes: 338848, initial_bytes: 62704, final_bytes: 62704, peak_bytes: 62704, host_peak_bytes: 338848, process_peak_bytes: 338848, exceeded: false }) } measurement=Some(Usage { allocation: Usage { allocator_installed: true, owner_id: 13, label: "text-measurement", payload_bytes: 734742, tracking_bytes: 84216, allocations: 10525, peak_payload_bytes: 748214, owner_metadata_bytes: 96 }, returned_shape_bytes: 0, private_bytes: Some(818958), fixed_font_bytes: Some(772070), cache_reserved_bytes: 46888, last_call: Some(Report { call_id: 1045, owner_id: 13, allocator_installed: true, host_initial_bytes: 312464, host_final_bytes: 312464, process_initial_bytes: 312464, process_final_bytes: 312464, initial_bytes: 46888, final_bytes: 46888, peak_bytes: 50880, host_peak_bytes: 312464, process_peak_bytes: 312464, exceeded: false }) }) process_registry_bytes=RegistryUsage { registry_heap_bytes: 72, scope_owner_bytes: 768, call_slots_static_bytes: 9752 }
[SystemTime { tv_sec: 1790344792, tv_nsec: 84161474 }] native attachment ledger {"attachments":{"allocations":[{"allocation":1,"host":1,"last_submission":3,"owner":8,"payload_bytes":32768000,"release_reason":null}],"completed_retirements":0,"current_payload_bytes":32768000,"device_loss_confirmed":false,"device_loss_retirements":0,"observed_allocations":1,"peak_payload_bytes":32768000,"retiring_payload_bytes":0,"unknown_payload_allocations":0},"queue_epoch":1}
[SystemTime { tv_sec: 1790344792, tv_nsec: 84201962 }] native surface attachment {"allocation":1,"allocations_created":1,"extent":[1280,800],"format":"Bgra8UnormSrgb","gpu_retirement_qualified":false,"host":1,"owner":8,"payload_bytes":32768000,"queue_epoch":1,"samples":8,"state":"current_renderer_reference","window":"WindowId(31457284)"}
[SystemTime { tv_sec: 1790344792, tv_nsec: 84233092 }] renderer render end 15ms
[SystemTime { tv_sec: 1790344792, tv_nsec: 84263552 }] frame present begin
[SystemTime { tv_sec: 1790344792, tv_nsec: 84401567 }] native_surface_lifecycle {"acquire_attempts":2,"acquired":2,"active":0,"configuration_generation":1,"configure_attempts":1,"configured_extent":[1280,800],"discarded":0,"frame_submission_receipts_issued":3,"frame_submissions":2,"gpu_completed_through_receipt":2,"host":1,"last_frame_submission_receipt":3,"last_present_receipt":3,"presented":2,"queue_epoch":1,"reason":"present","wgpu_submission":"Some(SubmissionIndex { index: 3 })","window":"WindowId(31457284)"}
[SystemTime { tv_sec: 1790344792, tv_nsec: 84460872 }] frame present end 0ms total=16ms
[SystemTime { tv_sec: 1790344792, tv_nsec: 84521218 }] native redraw ledger {"attempts":4,"counts":{"coalesced":1,"duplicate_tokens":0,"presentations":2,"received":4,"requested":4,"suppressed":2},"damage":5,"device_generation":1,"host_generation":1,"pending":false,"presented_damage":5,"ready":false,"reason":"presented","rendering":null,"window":"WindowId(31457284)"}
[SystemTime { tv_sec: 1790344792, tv_nsec: 85090432 }] redraw handler end
[SystemTime { tv_sec: 1790344792, tv_nsec: 102222524 }] native queue progress epoch=1 submitted=3 completed=3
[SystemTime { tv_sec: 1790344792, tv_nsec: 102310726 }] native attachment ledger {"attachments":{"allocations":[{"allocation":1,"host":1,"last_submission":3,"owner":8,"payload_bytes":32768000,"release_reason":null}],"completed_retirements":0,"current_payload_bytes":32768000,"device_loss_confirmed":false,"device_loss_retirements":0,"observed_allocations":1,"peak_payload_bytes":32768000,"retiring_payload_bytes":0,"unknown_payload_allocations":0},"queue_epoch":1}
[SystemTime { tv_sec: 1790344792, tv_nsec: 176067005 }] window event WindowId(31457284) keyboard physical=Code(ArrowUp) logical=Named(ArrowUp) state=Pressed repeat=false text=None synthetic=false
[SystemTime { tv_sec: 1790344792, tv_nsec: 176276976 }] window event WindowId(31457284) redraw requested
[SystemTime { tv_sec: 1790344792, tv_nsec: 176340729 }] native frame round hosts=[WindowId(31457284)]
[SystemTime { tv_sec: 1790344792, tv_nsec: 176393613 }] redraw handler begin
[SystemTime { tv_sec: 1790344792, tv_nsec: 176493861 }] render scene prepare begin retained_cached=true
[SystemTime { tv_sec: 1790344792, tv_nsec: 176546594 }] prepared scene build begin
[SystemTime { tv_sec: 1790344792, tv_nsec: 176978712 }] native control_meshes window=WindowId(31457284) builds=1
[SystemTime { tv_sec: 1790344792, tv_nsec: 177039940 }] prepared scene build end 0ms
[SystemTime { tv_sec: 1790344792, tv_nsec: 177106808 }] renderer render begin
[SystemTime { tv_sec: 1790344792, tv_nsec: 180278062 }] native_surface_lifecycle {"acquire_attempts":3,"acquired":3,"active":1,"configuration_generation":1,"configure_attempts":1,"configured_extent":[1280,800],"discarded":0,"frame_submission_receipts_issued":4,"frame_submissions":3,"gpu_completed_through_receipt":3,"host":1,"last_frame_submission_receipt":4,"last_present_receipt":3,"presented":2,"queue_epoch":1,"reason":"submit","wgpu_submission":"Some(SubmissionIndex { index: 4 })","window":"WindowId(31457284)"}
[SystemTime { tv_sec: 1790344792, tv_nsec: 180464877 }] native upload frame window=WindowId(31457284) host=1 renderer=1 queue_epoch=1 surface_generation=1 acquisition=3 submission=4 receipt=Some(UploadFrame { consumers: {"MAIN", "BOARD", "LAYERS", "NAV", "INSPECTOR", "MENU", "TERMINAL"}, owner: 7, attempt: 4, rendered: Some(true), totals: UploadTotals { batches: 1, buffer_payload_bytes: 984, texture_source_bytes: 0, texture_padding_bytes: 0, scatter_index_bytes: 0, staging_capacity_bytes: 984, buffer_copy_bytes: 984, buffer_copies: 57, texture_copies: 0, scatter_dispatches: 0 } })
[SystemTime { tv_sec: 1790344792, tv_nsec: 180871535 }] native font ownership window=WindowId(31457284) usage=Usage { allocation: Usage { allocator_installed: true, owner_id: 3, label: "renderer-fonts-and-shapes", payload_bytes: 916462, tracking_bytes: 88440, allocations: 11053, peak_payload_bytes: 917649, owner_metadata_bytes: 96 }, returned_shape_bytes: 170128, private_bytes: Some(834774), fixed_font_bytes: Some(772070), cache_reserved_bytes: 62704, last_call: Some(Report { call_id: 1171, owner_id: 3, allocator_installed: true, host_initial_bytes: 338804, host_final_bytes: 338848, process_initial_bytes: 338804, process_final_bytes: 338848, initial_bytes: 62704, final_bytes: 62704, peak_bytes: 62704, host_peak_bytes: 338848, process_peak_bytes: 338848, exceeded: false }) } measurement=Some(Usage { allocation: Usage { allocator_installed: true, owner_id: 13, label: "text-measurement", payload_bytes: 734742, tracking_bytes: 84216, allocations: 10525, peak_payload_bytes: 748214, owner_metadata_bytes: 96 }, returned_shape_bytes: 0, private_bytes: Some(818958), fixed_font_bytes: Some(772070), cache_reserved_bytes: 46888, last_call: Some(Report { call_id: 1045, owner_id: 13, allocator_installed: true, host_initial_bytes: 312464, host_final_bytes: 312464, process_initial_bytes: 312464, process_final_bytes: 312464, initial_bytes: 46888, final_bytes: 46888, peak_bytes: 50880, host_peak_bytes: 312464, process_peak_bytes: 312464, exceeded: false }) }) process_registry_bytes=RegistryUsage { registry_heap_bytes: 72, scope_owner_bytes: 768, call_slots_static_bytes: 9752 }
[SystemTime { tv_sec: 1790344792, tv_nsec: 181009713 }] native attachment ledger {"attachments":{"allocations":[{"allocation":1,"host":1,"last_submission":4,"owner":8,"payload_bytes":32768000,"release_reason":null}],"completed_retirements":0,"current_payload_bytes":32768000,"device_loss_confirmed":false,"device_loss_retirements":0,"observed_allocations":1,"peak_payload_bytes":32768000,"retiring_payload_bytes":0,"unknown_payload_allocations":0},"queue_epoch":1}
[SystemTime { tv_sec: 1790344792, tv_nsec: 181108244 }] native surface attachment {"allocation":1,"allocations_created":1,"extent":[1280,800],"format":"Bgra8UnormSrgb","gpu_retirement_qualified":false,"host":1,"owner":8,"payload_bytes":32768000,"queue_epoch":1,"samples":8,"state":"current_renderer_reference","window":"WindowId(31457284)"}
[SystemTime { tv_sec: 1790344792, tv_nsec: 181181248 }] renderer render end 4ms
[SystemTime { tv_sec: 1790344792, tv_nsec: 181272387 }] frame present begin
[SystemTime { tv_sec: 1790344792, tv_nsec: 181513951 }] native_surface_lifecycle {"acquire_attempts":3,"acquired":3,"active":0,"configuration_generation":1,"configure_attempts":1,"configured_extent":[1280,800],"discarded":0,"frame_submission_receipts_issued":4,"frame_submissions":3,"gpu_completed_through_receipt":3,"host":1,"last_frame_submission_receipt":4,"last_present_receipt":4,"presented":3,"queue_epoch":1,"reason":"present","wgpu_submission":"Some(SubmissionIndex { index: 4 })","window":"WindowId(31457284)"}
[SystemTime { tv_sec: 1790344792, tv_nsec: 181623642 }] frame present end 0ms total=5ms
[SystemTime { tv_sec: 1790344792, tv_nsec: 181750035 }] native redraw ledger {"attempts":5,"counts":{"coalesced":1,"duplicate_tokens":0,"presentations":3,"received":5,"requested":5,"suppressed":3},"damage":6,"device_generation":1,"host_generation":1,"pending":false,"presented_damage":6,"ready":false,"reason":"presented","rendering":null,"window":"WindowId(31457284)"}
[SystemTime { tv_sec: 1790344792, tv_nsec: 181834248 }] redraw handler end
[SystemTime { tv_sec: 1790344792, tv_nsec: 188386899 }] window event WindowId(31457284) keyboard physical=Code(ArrowUp) logical=Named(ArrowUp) state=Released repeat=false text=None synthetic=false
[SystemTime { tv_sec: 1790344792, tv_nsec: 188483600 }] window event WindowId(31457284) redraw requested
[SystemTime { tv_sec: 1790344792, tv_nsec: 188547222 }] native frame round hosts=[WindowId(31457284)]
[SystemTime { tv_sec: 1790344792, tv_nsec: 188623723 }] redraw handler begin
[SystemTime { tv_sec: 1790344792, tv_nsec: 188790461 }] native_surface_lifecycle {"acquire_attempts":3,"acquired":3,"active":0,"configuration_generation":1,"configure_attempts":1,"configured_extent":[1280,800],"discarded":0,"frame_submission_receipts_issued":4,"frame_submissions":3,"gpu_completed_through_receipt":3,"host":1,"last_frame_submission_receipt":4,"last_present_receipt":4,"presented":3,"queue_epoch":1,"reason":"wait_queue","wgpu_submission":"Some(SubmissionIndex { index: 4 })","window":"WindowId(31457284)"}
[SystemTime { tv_sec: 1790344792, tv_nsec: 188952024 }] native redraw ledger {"attempts":6,"counts":{"coalesced":1,"duplicate_tokens":0,"presentations":3,"received":6,"requested":6,"suppressed":3},"damage":7,"device_generation":1,"host_generation":1,"pending":false,"presented_damage":6,"ready":false,"reason":"not_presented","rendering":null,"window":"WindowId(31457284)"}
[SystemTime { tv_sec: 1790344792, tv_nsec: 197895635 }] window event WindowId(31457284) keyboard physical=Code(ArrowRight) logical=Named(ArrowRight) state=Pressed repeat=false text=None synthetic=false
[SystemTime { tv_sec: 1790344792, tv_nsec: 199633001 }] native queue progress epoch=1 submitted=4 completed=4
[SystemTime { tv_sec: 1790344792, tv_nsec: 199732011 }] native attachment ledger {"attachments":{"allocations":[{"allocation":1,"host":1,"last_submission":4,"owner":8,"payload_bytes":32768000,"release_reason":null}],"completed_retirements":0,"current_payload_bytes":32768000,"device_loss_confirmed":false,"device_loss_retirements":0,"observed_allocations":1,"peak_payload_bytes":32768000,"retiring_payload_bytes":0,"unknown_payload_allocations":0},"queue_epoch":1}
[SystemTime { tv_sec: 1790344792, tv_nsec: 199838331 }] window event WindowId(31457284) redraw requested
[SystemTime { tv_sec: 1790344792, tv_nsec: 199901334 }] native frame round hosts=[WindowId(31457284)]
[SystemTime { tv_sec: 1790344792, tv_nsec: 199957082 }] redraw handler begin
[SystemTime { tv_sec: 1790344792, tv_nsec: 200036776 }] render scene prepare begin retained_cached=true
[SystemTime { tv_sec: 1790344792, tv_nsec: 200094394 }] prepared scene build begin
[SystemTime { tv_sec: 1790344792, tv_nsec: 200659954 }] native control_meshes window=WindowId(31457284) builds=1
[SystemTime { tv_sec: 1790344792, tv_nsec: 200727874 }] prepared scene build end 0ms
[SystemTime { tv_sec: 1790344792, tv_nsec: 200786009 }] renderer render begin
[SystemTime { tv_sec: 1790344792, tv_nsec: 203183225 }] native_surface_lifecycle {"acquire_attempts":4,"acquired":4,"active":1,"configuration_generation":1,"configure_attempts":1,"configured_extent":[1280,800],"discarded":0,"frame_submission_receipts_issued":5,"frame_submissions":4,"gpu_completed_through_receipt":4,"host":1,"last_frame_submission_receipt":5,"last_present_receipt":4,"presented":3,"queue_epoch":1,"reason":"submit","wgpu_submission":"Some(SubmissionIndex { index: 5 })","window":"WindowId(31457284)"}
[SystemTime { tv_sec: 1790344792, tv_nsec: 203351779 }] native upload frame window=WindowId(31457284) host=1 renderer=1 queue_epoch=1 surface_generation=1 acquisition=4 submission=5 receipt=Some(UploadFrame { consumers: {"MAIN", "BOARD", "LAYERS", "NAV", "INSPECTOR", "MENU", "TERMINAL"}, owner: 7, attempt: 5, rendered: Some(true), totals: UploadTotals { batches: 1, buffer_payload_bytes: 7800, texture_source_bytes: 387, texture_padding_bytes: 19325, scatter_index_bytes: 0, staging_capacity_bytes: 27512, buffer_copy_bytes: 7800, buffer_copies: 2, texture_copies: 10, scatter_dispatches: 0 } })
[SystemTime { tv_sec: 1790344792, tv_nsec: 203427255 }] native font ownership window=WindowId(31457284) usage=Usage { allocation: Usage { allocator_installed: true, owner_id: 3, label: "renderer-fonts-and-shapes", payload_bytes: 924302, tracking_bytes: 88520, allocations: 11063, peak_payload_bytes: 924464, owner_metadata_bytes: 96 }, returned_shape_bytes: 178048, private_bytes: Some(834774), fixed_font_bytes: Some(772070), cache_reserved_bytes: 62704, last_call: Some(Report { call_id: 1195, owner_id: 3, allocator_installed: true, host_initial_bytes: 338449, host_final_bytes: 338475, process_initial_bytes: 338449, process_final_bytes: 338475, initial_bytes: 62704, final_bytes: 62704, peak_bytes: 62704, host_peak_bytes: 338475, process_peak_bytes: 338475, exceeded: false }) } measurement=Some(Usage { allocation: Usage { allocator_installed: true, owner_id: 13, label: "text-measurement", payload_bytes: 734742, tracking_bytes: 84216, allocations: 10525, peak_payload_bytes: 748214, owner_metadata_bytes: 96 }, returned_shape_bytes: 0, private_bytes: Some(818958), fixed_font_bytes: Some(772070), cache_reserved_bytes: 46888, last_call: Some(Report { call_id: 1173, owner_id: 13, allocator_installed: true, host_initial_bytes: 367656, host_final_bytes: 367656, process_initial_bytes: 367656, process_final_bytes: 367656, initial_bytes: 46888, final_bytes: 46888, peak_bytes: 54192, host_peak_bytes: 367656, process_peak_bytes: 367656, exceeded: false }) }) process_registry_bytes=RegistryUsage { registry_heap_bytes: 72, scope_owner_bytes: 768, call_slots_static_bytes: 9752 }
[SystemTime { tv_sec: 1790344792, tv_nsec: 203506022 }] native attachment ledger {"attachments":{"allocations":[{"allocation":1,"host":1,"last_submission":5,"owner":8,"payload_bytes":32768000,"release_reason":null}],"completed_retirements":0,"current_payload_bytes":32768000,"device_loss_confirmed":false,"device_loss_retirements":0,"observed_allocations":1,"peak_payload_bytes":32768000,"retiring_payload_bytes":0,"unknown_payload_allocations":0},"queue_epoch":1}
[SystemTime { tv_sec: 1790344792, tv_nsec: 203574481 }] native surface attachment {"allocation":1,"allocations_created":1,"extent":[1280,800],"format":"Bgra8UnormSrgb","gpu_retirement_qualified":false,"host":1,"owner":8,"payload_bytes":32768000,"queue_epoch":1,"samples":8,"state":"current_renderer_reference","window":"WindowId(31457284)"}
[SystemTime { tv_sec: 1790344792, tv_nsec: 203627947 }] renderer render end 2ms
[SystemTime { tv_sec: 1790344792, tv_nsec: 203679831 }] frame present begin
[SystemTime { tv_sec: 1790344792, tv_nsec: 203835729 }] native_surface_lifecycle {"acquire_attempts":4,"acquired":4,"active":0,"configuration_generation":1,"configure_attempts":1,"configured_extent":[1280,800],"discarded":0,"frame_submission_receipts_issued":5,"frame_submissions":4,"gpu_completed_through_receipt":4,"host":1,"last_frame_submission_receipt":5,"last_present_receipt":5,"presented":4,"queue_epoch":1,"reason":"present","wgpu_submission":"Some(SubmissionIndex { index: 5 })","window":"WindowId(31457284)"}
[SystemTime { tv_sec: 1790344792, tv_nsec: 203914753 }] frame present end 0ms total=3ms
[SystemTime { tv_sec: 1790344792, tv_nsec: 203989726 }] native redraw ledger {"attempts":7,"counts":{"coalesced":1,"duplicate_tokens":0,"presentations":4,"received":7,"requested":7,"suppressed":5},"damage":8,"device_generation":1,"host_generation":1,"pending":false,"presented_damage":8,"ready":false,"reason":"presented","rendering":null,"window":"WindowId(31457284)"}
[SystemTime { tv_sec: 1790344792, tv_nsec: 204041143 }] redraw handler end
[SystemTime { tv_sec: 1790344792, tv_nsec: 208791822 }] window event WindowId(31457284) keyboard physical=Code(ArrowRight) logical=Named(ArrowRight) state=Released repeat=false text=None synthetic=false
[SystemTime { tv_sec: 1790344792, tv_nsec: 208927689 }] window event WindowId(31457284) redraw requested
[SystemTime { tv_sec: 1790344792, tv_nsec: 208987112 }] native frame round hosts=[WindowId(31457284)]
[SystemTime { tv_sec: 1790344792, tv_nsec: 209040110 }] redraw handler begin
[SystemTime { tv_sec: 1790344792, tv_nsec: 209156902 }] native_surface_lifecycle {"acquire_attempts":4,"acquired":4,"active":0,"configuration_generation":1,"configure_attempts":1,"configured_extent":[1280,800],"discarded":0,"frame_submission_receipts_issued":5,"frame_submissions":4,"gpu_completed_through_receipt":4,"host":1,"last_frame_submission_receipt":5,"last_present_receipt":5,"presented":4,"queue_epoch":1,"reason":"wait_queue","wgpu_submission":"Some(SubmissionIndex { index: 5 })","window":"WindowId(31457284)"}
[SystemTime { tv_sec: 1790344792, tv_nsec: 209234766 }] native redraw ledger {"attempts":8,"counts":{"coalesced":1,"duplicate_tokens":0,"presentations":4,"received":8,"requested":8,"suppressed":5},"damage":9,"device_generation":1,"host_generation":1,"pending":false,"presented_damage":8,"ready":false,"reason":"not_presented","rendering":null,"window":"WindowId(31457284)"}
[SystemTime { tv_sec: 1790344792, tv_nsec: 219655133 }] window event WindowId(31457284) keyboard physical=Code(Enter) logical=Named(Enter) state=Pressed repeat=false text=Some("\r") synthetic=false
[SystemTime { tv_sec: 1790344792, tv_nsec: 219929992 }] window event WindowId(31457284) redraw requested
[SystemTime { tv_sec: 1790344792, tv_nsec: 228675043 }] surface identity window=WindowId(31457302) window_backend=x11 gpu_backend=Vulkan adapter="Intel(R) HD Graphics P630 (KBL GT2)" device_type=IntegratedGpu driver="Intel open-source Mesa driver" driver_info="Mesa 25.0.7-2+deb13u1"
[SystemTime { tv_sec: 1790344792, tv_nsec: 245914155 }] native frame round hosts=[WindowId(31457284)]
[SystemTime { tv_sec: 1790344792, tv_nsec: 245979093 }] redraw handler begin
[SystemTime { tv_sec: 1790344792, tv_nsec: 246193310 }] render scene prepare begin retained_cached=true
[SystemTime { tv_sec: 1790344792, tv_nsec: 246242557 }] prepared scene build begin
[SystemTime { tv_sec: 1790344792, tv_nsec: 246562065 }] native control_meshes window=WindowId(31457284) builds=1
[SystemTime { tv_sec: 1790344792, tv_nsec: 246615111 }] prepared scene build end 0ms
[SystemTime { tv_sec: 1790344792, tv_nsec: 246667746 }] renderer render begin
[SystemTime { tv_sec: 1790344792, tv_nsec: 248327080 }] native_surface_lifecycle {"acquire_attempts":5,"acquired":5,"active":1,"configuration_generation":1,"configure_attempts":1,"configured_extent":[1280,800],"discarded":0,"frame_submission_receipts_issued":6,"frame_submissions":5,"gpu_completed_through_receipt":5,"host":1,"last_frame_submission_receipt":6,"last_present_receipt":5,"presented":4,"queue_epoch":1,"reason":"submit","wgpu_submission":"Some(SubmissionIndex { index: 6 })","window":"WindowId(31457284)"}
[SystemTime { tv_sec: 1790344792, tv_nsec: 248412507 }] native upload frame window=WindowId(31457284) host=1 renderer=1 queue_epoch=1 surface_generation=1 acquisition=5 submission=6 receipt=Some(UploadFrame { consumers: {"MAIN", "BOARD", "LAYERS", "NAV", "INSPECTOR", "MENU", "TERMINAL"}, owner: 7, attempt: 6, rendered: Some(true), totals: UploadTotals { batches: 1, buffer_payload_bytes: 4384, texture_source_bytes: 0, texture_padding_bytes: 0, scatter_index_bytes: 4368, staging_capacity_bytes: 17488, buffer_copy_bytes: 8752, buffer_copies: 5, texture_copies: 0, scatter_dispatches: 1 } })
[SystemTime { tv_sec: 1790344792, tv_nsec: 248516360 }] native font ownership window=WindowId(31457284) usage=Usage { allocation: Usage { allocator_installed: true, owner_id: 3, label: "renderer-fonts-and-shapes", payload_bytes: 924302, tracking_bytes: 88520, allocations: 11063, peak_payload_bytes: 924464, owner_metadata_bytes: 96 }, returned_shape_bytes: 178048, private_bytes: Some(834774), fixed_font_bytes: Some(772070), cache_reserved_bytes: 62704, last_call: Some(Report { call_id: 1195, owner_id: 3, allocator_installed: true, host_initial_bytes: 338449, host_final_bytes: 338475, process_initial_bytes: 338449, process_final_bytes: 338475, initial_bytes: 62704, final_bytes: 62704, peak_bytes: 62704, host_peak_bytes: 338475, process_peak_bytes: 338475, exceeded: false }) } measurement=Some(Usage { allocation: Usage { allocator_installed: true, owner_id: 13, label: "text-measurement", payload_bytes: 734742, tracking_bytes: 84216, allocations: 10525, peak_payload_bytes: 748214, owner_metadata_bytes: 96 }, returned_shape_bytes: 0, private_bytes: Some(818958), fixed_font_bytes: Some(772070), cache_reserved_bytes: 46888, last_call: Some(Report { call_id: 1173, owner_id: 13, allocator_installed: true, host_initial_bytes: 367656, host_final_bytes: 367656, process_initial_bytes: 367656, process_final_bytes: 367656, initial_bytes: 46888, final_bytes: 46888, peak_bytes: 54192, host_peak_bytes: 367656, process_peak_bytes: 367656, exceeded: false }) }) process_registry_bytes=RegistryUsage { registry_heap_bytes: 136, scope_owner_bytes: 1056, call_slots_static_bytes: 9752 }
[SystemTime { tv_sec: 1790344792, tv_nsec: 248636828 }] native attachment ledger {"attachments":{"allocations":[{"allocation":1,"host":1,"last_submission":6,"owner":8,"payload_bytes":32768000,"release_reason":null}],"completed_retirements":0,"current_payload_bytes":32768000,"device_loss_confirmed":false,"device_loss_retirements":0,"observed_allocations":1,"peak_payload_bytes":32768000,"retiring_payload_bytes":0,"unknown_payload_allocations":0},"queue_epoch":1}
[SystemTime { tv_sec: 1790344792, tv_nsec: 248718513 }] native surface attachment {"allocation":1,"allocations_created":1,"extent":[1280,800],"format":"Bgra8UnormSrgb","gpu_retirement_qualified":false,"host":1,"owner":8,"payload_bytes":32768000,"queue_epoch":1,"samples":8,"state":"current_renderer_reference","window":"WindowId(31457284)"}
[SystemTime { tv_sec: 1790344792, tv_nsec: 248790496 }] renderer render end 2ms
[SystemTime { tv_sec: 1790344792, tv_nsec: 248886871 }] frame present begin
[SystemTime { tv_sec: 1790344792, tv_nsec: 249065101 }] native_surface_lifecycle {"acquire_attempts":5,"acquired":5,"active":0,"configuration_generation":1,"configure_attempts":1,"configured_extent":[1280,800],"discarded":0,"frame_submission_receipts_issued":6,"frame_submissions":5,"gpu_completed_through_receipt":5,"host":1,"last_frame_submission_receipt":6,"last_present_receipt":6,"presented":5,"queue_epoch":1,"reason":"present","wgpu_submission":"Some(SubmissionIndex { index: 6 })","window":"WindowId(31457284)"}
[SystemTime { tv_sec: 1790344792, tv_nsec: 249135779 }] frame present end 0ms total=3ms
[SystemTime { tv_sec: 1790344792, tv_nsec: 249230932 }] native redraw ledger {"attempts":9,"counts":{"coalesced":1,"duplicate_tokens":0,"presentations":5,"received":9,"requested":9,"suppressed":6},"damage":10,"device_generation":1,"host_generation":1,"pending":false,"presented_damage":10,"ready":false,"reason":"presented","rendering":null,"window":"WindowId(31457284)"}
[SystemTime { tv_sec: 1790344792, tv_nsec: 249301822 }] redraw handler end
[SystemTime { tv_sec: 1790344792, tv_nsec: 249553373 }] native queue progress epoch=1 submitted=6 completed=5
[SystemTime { tv_sec: 1790344792, tv_nsec: 249631476 }] native attachment ledger {"attachments":{"allocations":[{"allocation":1,"host":1,"last_submission":6,"owner":8,"payload_bytes":32768000,"release_reason":null}],"completed_retirements":0,"current_payload_bytes":32768000,"device_loss_confirmed":false,"device_loss_retirements":0,"observed_allocations":1,"peak_payload_bytes":32768000,"retiring_payload_bytes":0,"unknown_payload_allocations":0},"queue_epoch":1}
[SystemTime { tv_sec: 1790344792, tv_nsec: 249775902 }] window event WindowId(31457302) ime Disabled
[SystemTime { tv_sec: 1790344792, tv_nsec: 249870430 }] window event WindowId(31457284) keyboard physical=Code(Enter) logical=Named(Enter) state=Released repeat=false text=Some("\r") synthetic=false
[SystemTime { tv_sec: 1790344792, tv_nsec: 250803195 }] window event WindowId(31457302) redraw requested
[SystemTime { tv_sec: 1790344792, tv_nsec: 251100125 }] native frame round hosts=[WindowId(31457302)]
[SystemTime { tv_sec: 1790344792, tv_nsec: 251214149 }] native_surface_lifecycle {"acquire_attempts":0,"acquired":0,"active":0,"configuration_generation":0,"configure_attempts":0,"configured_extent":null,"discarded":0,"frame_submission_receipts_issued":6,"frame_submissions":0,"gpu_completed_through_receipt":5,"host":2,"last_frame_submission_receipt":0,"last_present_receipt":0,"presented":0,"queue_epoch":1,"reason":"wait_queue","wgpu_submission":"None","window":"WindowId(31457302)"}
[SystemTime { tv_sec: 1790344792, tv_nsec: 251285174 }] native redraw ledger {"attempts":1,"counts":{"coalesced":1,"duplicate_tokens":0,"presentations":0,"received":1,"requested":1,"suppressed":0},"damage":3,"device_generation":1,"host_generation":2,"pending":false,"presented_damage":0,"ready":false,"reason":"not_presented","rendering":null,"window":"WindowId(31457302)"}
[SystemTime { tv_sec: 1790344792, tv_nsec: 254947841 }] window event WindowId(31457302) focused false
[SystemTime { tv_sec: 1790344792, tv_nsec: 255217415 }] window event WindowId(31457302) occluded false
[SystemTime { tv_sec: 1790344792, tv_nsec: 255448460 }] window event WindowId(31457302) redraw requested
[SystemTime { tv_sec: 1790344792, tv_nsec: 255650359 }] native frame round hosts=[WindowId(31457302)]
[SystemTime { tv_sec: 1790344792, tv_nsec: 255834527 }] surface configure begin
[SystemTime { tv_sec: 1790344792, tv_nsec: 281701927 }] surface configure end
[SystemTime { tv_sec: 1790344792, tv_nsec: 281724253 }] native queue configured host=2 configurations=2 submitted=6 completed=6
[SystemTime { tv_sec: 1790344792, tv_nsec: 283858016 }] native control_meshes window=WindowId(31457302) builds=13
[SystemTime { tv_sec: 1790344792, tv_nsec: 289082149 }] native_surface_lifecycle {"acquire_attempts":1,"acquired":1,"active":1,"configuration_generation":1,"configure_attempts":1,"configured_extent":[960,720],"discarded":0,"frame_submission_receipts_issued":7,"frame_submissions":1,"gpu_completed_through_receipt":6,"host":2,"last_frame_submission_receipt":7,"last_present_receipt":0,"presented":0,"queue_epoch":1,"reason":"submit","wgpu_submission":"Some(SubmissionIndex { index: 7 })","window":"WindowId(31457302)"}
[SystemTime { tv_sec: 1790344792, tv_nsec: 289123617 }] native upload frame window=WindowId(31457302) host=2 renderer=2 queue_epoch=1 surface_generation=1 acquisition=1 submission=7 receipt=Some(UploadFrame { consumers: {"GLOBAL"}, owner: 42, attempt: 1, rendered: Some(true), totals: UploadTotals { batches: 1, buffer_payload_bytes: 42328, texture_source_bytes: 8502, texture_padding_bytes: 381642, scatter_index_bytes: 0, staging_capacity_bytes: 432472, buffer_copy_bytes: 42328, buffer_copies: 3, texture_copies: 216, scatter_dispatches: 0 } })
[SystemTime { tv_sec: 1790344792, tv_nsec: 289149994 }] native font ownership window=WindowId(31457302) usage=Usage { allocation: Usage { allocator_installed: true, owner_id: 17, label: "renderer-fonts-and-shapes", payload_bytes: 828598, tracking_bytes: 85448, allocations: 10679, peak_payload_bytes: 828931, owner_metadata_bytes: 96 }, returned_shape_bytes: 95088, private_bytes: Some(818958), fixed_font_bytes: Some(772070), cache_reserved_bytes: 46888, last_call: Some(Report { call_id: 1677, owner_id: 17, allocator_installed: true, host_initial_bytes: 220357, host_final_bytes: 220381, process_initial_bytes: 521541, process_final_bytes: 521565, initial_bytes: 46888, final_bytes: 46888, peak_bytes: 46888, host_peak_bytes: 220381, process_peak_bytes: 521565, exceeded: false }) } measurement=Some(Usage { allocation: Usage { allocator_installed: true, owner_id: 19, label: "text-measurement", payload_bytes: 734742, tracking_bytes: 84216, allocations: 10525, peak_payload_bytes: 743255, owner_metadata_bytes: 96 }, returned_shape_bytes: 0, private_bytes: Some(818958), fixed_font_bytes: Some(772070), cache_reserved_bytes: 46888, last_call: Some(Report { call_id: 1202, owner_id: 19, allocator_installed: true, host_initial_bytes: 64488, host_final_bytes: 64488, process_initial_bytes: 365672, process_final_bytes: 365672, initial_bytes: 31336, final_bytes: 46888, peak_bytes: 55409, host_peak_bytes: 64488, process_peak_bytes: 365672, exceeded: false }) }) process_registry_bytes=RegistryUsage { registry_heap_bytes: 136, scope_owner_bytes: 1152, call_slots_static_bytes: 9752 }
[SystemTime { tv_sec: 1790344792, tv_nsec: 289185746 }] native attachment ledger {"attachments":{"allocations":[{"allocation":1,"host":1,"last_submission":6,"owner":8,"payload_bytes":32768000,"release_reason":null},{"allocation":1,"host":2,"last_submission":7,"owner":43,"payload_bytes":22118400,"release_reason":null}],"completed_retirements":0,"current_payload_bytes":54886400,"device_loss_confirmed":false,"device_loss_retirements":0,"observed_allocations":2,"peak_payload_bytes":54886400,"retiring_payload_bytes":0,"unknown_payload_allocations":0},"queue_epoch":1}
[SystemTime { tv_sec: 1790344792, tv_nsec: 289209868 }] native surface attachment {"allocation":1,"allocations_created":1,"extent":[960,720],"format":"Bgra8UnormSrgb","gpu_retirement_qualified":false,"host":2,"owner":43,"payload_bytes":22118400,"queue_epoch":1,"samples":8,"state":"current_renderer_reference","window":"WindowId(31457302)"}
[SystemTime { tv_sec: 1790344792, tv_nsec: 289301316 }] native_surface_lifecycle {"acquire_attempts":1,"acquired":1,"active":0,"configuration_generation":1,"configure_attempts":1,"configured_extent":[960,720],"discarded":0,"frame_submission_receipts_issued":7,"frame_submissions":1,"gpu_completed_through_receipt":6,"host":2,"last_frame_submission_receipt":7,"last_present_receipt":7,"presented":1,"queue_epoch":1,"reason":"present","wgpu_submission":"Some(SubmissionIndex { index: 7 })","window":"WindowId(31457302)"}
[SystemTime { tv_sec: 1790344792, tv_nsec: 289331328 }] native redraw ledger {"attempts":2,"counts":{"coalesced":1,"duplicate_tokens":0,"presentations":1,"received":2,"requested":1,"suppressed":1},"damage":3,"device_generation":1,"host_generation":2,"pending":false,"presented_damage":3,"ready":false,"reason":"presented","rendering":null,"window":"WindowId(31457302)"}
[SystemTime { tv_sec: 1790344792, tv_nsec: 289576639 }] native queue progress epoch=1 submitted=7 completed=6
[SystemTime { tv_sec: 1790344792, tv_nsec: 289608798 }] native attachment ledger {"attachments":{"allocations":[{"allocation":1,"host":1,"last_submission":6,"owner":8,"payload_bytes":32768000,"release_reason":null},{"allocation":1,"host":2,"last_submission":7,"owner":43,"payload_bytes":22118400,"release_reason":null}],"completed_retirements":0,"current_payload_bytes":54886400,"device_loss_confirmed":false,"device_loss_retirements":0,"observed_allocations":2,"peak_payload_bytes":54886400,"retiring_payload_bytes":0,"unknown_payload_allocations":0},"queue_epoch":1}
[SystemTime { tv_sec: 1790344792, tv_nsec: 289898244 }] window event WindowId(31457284) modifiers changed ModifiersState(0x0)
[SystemTime { tv_sec: 1790344792, tv_nsec: 290405348 }] window event WindowId(31457284) focused false
[SystemTime { tv_sec: 1790344792, tv_nsec: 290764546 }] window event WindowId(31457302) focused true
[SystemTime { tv_sec: 1790344792, tv_nsec: 291203688 }] window event WindowId(31457302) modifiers changed ModifiersState(0x0)
[SystemTime { tv_sec: 1790344792, tv_nsec: 291243320 }] window event WindowId(31457302) cursor moved 467.00,170.00
[SystemTime { tv_sec: 1790344792, tv_nsec: 291277720 }] window event WindowId(31457302) occluded false
[SystemTime { tv_sec: 1790344792, tv_nsec: 291679478 }] window event WindowId(31457302) resized 960x720
[SystemTime { tv_sec: 1790344792, tv_nsec: 291728436 }] window event WindowId(31457302) redraw requested
[SystemTime { tv_sec: 1790344792, tv_nsec: 291759223 }] native frame round hosts=[WindowId(31457302)]
[SystemTime { tv_sec: 1790344792, tv_nsec: 291824594 }] native_surface_lifecycle {"acquire_attempts":1,"acquired":1,"active":0,"configuration_generation":1,"configure_attempts":1,"configured_extent":[960,720],"discarded":0,"frame_submission_receipts_issued":7,"frame_submissions":1,"gpu_completed_through_receipt":6,"host":2,"last_frame_submission_receipt":7,"last_present_receipt":7,"presented":1,"queue_epoch":1,"reason":"wait_queue","wgpu_submission":"Some(SubmissionIndex { index: 7 })","window":"WindowId(31457302)"}
[SystemTime { tv_sec: 1790344792, tv_nsec: 291866071 }] native redraw ledger {"attempts":3,"counts":{"coalesced":1,"duplicate_tokens":0,"presentations":1,"received":3,"requested":1,"suppressed":1},"damage":4,"device_generation":1,"host_generation":2,"pending":false,"presented_damage":3,"ready":false,"reason":"not_presented","rendering":null,"window":"WindowId(31457302)"}
[SystemTime { tv_sec: 1790344792, tv_nsec: 294130113 }] native queue progress epoch=1 submitted=7 completed=7
[SystemTime { tv_sec: 1790344792, tv_nsec: 294187128 }] native attachment ledger {"attachments":{"allocations":[{"allocation":1,"host":1,"last_submission":6,"owner":8,"payload_bytes":32768000,"release_reason":null},{"allocation":1,"host":2,"last_submission":7,"owner":43,"payload_bytes":22118400,"release_reason":null}],"completed_retirements":0,"current_payload_bytes":54886400,"device_loss_confirmed":false,"device_loss_retirements":0,"observed_allocations":2,"peak_payload_bytes":54886400,"retiring_payload_bytes":0,"unknown_payload_allocations":0},"queue_epoch":1}
[SystemTime { tv_sec: 1790344792, tv_nsec: 294274385 }] window event WindowId(31457302) redraw requested
[SystemTime { tv_sec: 1790344792, tv_nsec: 294305958 }] native frame round hosts=[WindowId(31457302)]
[SystemTime { tv_sec: 1790344792, tv_nsec: 294716216 }] native_surface_lifecycle {"acquire_attempts":2,"acquired":2,"active":1,"configuration_generation":1,"configure_attempts":1,"configured_extent":[960,720],"discarded":0,"frame_submission_receipts_issued":8,"frame_submissions":2,"gpu_completed_through_receipt":7,"host":2,"last_frame_submission_receipt":8,"last_present_receipt":7,"presented":1,"queue_epoch":1,"reason":"submit","wgpu_submission":"Some(SubmissionIndex { index: 8 })","window":"WindowId(31457302)"}
[SystemTime { tv_sec: 1790344792, tv_nsec: 294757031 }] native upload frame window=WindowId(31457302) host=2 renderer=2 queue_epoch=1 surface_generation=1 acquisition=2 submission=8 receipt=Some(UploadFrame { consumers: {"GLOBAL"}, owner: 42, attempt: 2, rendered: Some(true), totals: UploadTotals { batches: 0, buffer_payload_bytes: 0, texture_source_bytes: 0, texture_padding_bytes: 0, scatter_index_bytes: 0, staging_capacity_bytes: 0, buffer_copy_bytes: 0, buffer_copies: 0, texture_copies: 0, scatter_dispatches: 0 } })
[SystemTime { tv_sec: 1790344792, tv_nsec: 294797425 }] native font ownership window=WindowId(31457302) usage=Usage { allocation: Usage { allocator_installed: true, owner_id: 17, label: "renderer-fonts-and-shapes", payload_bytes: 828598, tracking_bytes: 85448, allocations: 10679, peak_payload_bytes: 828931, owner_metadata_bytes: 96 }, returned_shape_bytes: 95088, private_bytes: Some(818958), fixed_font_bytes: Some(772070), cache_reserved_bytes: 46888, last_call: Some(Report { call_id: 1677, owner_id: 17, allocator_installed: true, host_initial_bytes: 220357, host_final_bytes: 220381, process_initial_bytes: 521541, process_final_bytes: 521565, initial_bytes: 46888, final_bytes: 46888, peak_bytes: 46888, host_peak_bytes: 220381, process_peak_bytes: 521565, exceeded: false }) } measurement=Some(Usage { allocation: Usage { allocator_installed: true, owner_id: 19, label: "text-measurement", payload_bytes: 734742, tracking_bytes: 84216, allocations: 10525, peak_payload_bytes: 743255, owner_metadata_bytes: 96 }, returned_shape_bytes: 0, private_bytes: Some(818958), fixed_font_bytes: Some(772070), cache_reserved_bytes: 46888, last_call: Some(Report { call_id: 1202, owner_id: 19, allocator_installed: true, host_initial_bytes: 64488, host_final_bytes: 64488, process_initial_bytes: 365672, process_final_bytes: 365672, initial_bytes: 31336, final_bytes: 46888, peak_bytes: 55409, host_peak_bytes: 64488, process_peak_bytes: 365672, exceeded: false }) }) process_registry_bytes=RegistryUsage { registry_heap_bytes: 136, scope_owner_bytes: 1152, call_slots_static_bytes: 9752 }
[SystemTime { tv_sec: 1790344792, tv_nsec: 294848444 }] native attachment ledger {"attachments":{"allocations":[{"allocation":1,"host":1,"last_submission":6,"owner":8,"payload_bytes":32768000,"release_reason":null},{"allocation":1,"host":2,"last_submission":8,"owner":43,"payload_bytes":22118400,"release_reason":null}],"completed_retirements":0,"current_payload_bytes":54886400,"device_loss_confirmed":false,"device_loss_retirements":0,"observed_allocations":2,"peak_payload_bytes":54886400,"retiring_payload_bytes":0,"unknown_payload_allocations":0},"queue_epoch":1}
[SystemTime { tv_sec: 1790344792, tv_nsec: 294885522 }] native surface attachment {"allocation":1,"allocations_created":1,"extent":[960,720],"format":"Bgra8UnormSrgb","gpu_retirement_qualified":false,"host":2,"owner":43,"payload_bytes":22118400,"queue_epoch":1,"samples":8,"state":"current_renderer_reference","window":"WindowId(31457302)"}
[SystemTime { tv_sec: 1790344792, tv_nsec: 294966860 }] native_surface_lifecycle {"acquire_attempts":2,"acquired":2,"active":0,"configuration_generation":1,"configure_attempts":1,"configured_extent":[960,720],"discarded":0,"frame_submission_receipts_issued":8,"frame_submissions":2,"gpu_completed_through_receipt":7,"host":2,"last_frame_submission_receipt":8,"last_present_receipt":8,"presented":2,"queue_epoch":1,"reason":"present","wgpu_submission":"Some(SubmissionIndex { index: 8 })","window":"WindowId(31457302)"}
[SystemTime { tv_sec: 1790344792, tv_nsec: 295006858 }] native redraw ledger {"attempts":4,"counts":{"coalesced":1,"duplicate_tokens":0,"presentations":2,"received":4,"requested":2,"suppressed":2},"damage":4,"device_generation":1,"host_generation":2,"pending":false,"presented_damage":4,"ready":false,"reason":"presented","rendering":null,"window":"WindowId(31457302)"}
[SystemTime { tv_sec: 1790344792, tv_nsec: 297409081 }] native queue progress epoch=1 submitted=8 completed=8
[SystemTime { tv_sec: 1790344792, tv_nsec: 297476483 }] native attachment ledger {"attachments":{"allocations":[{"allocation":1,"host":1,"last_submission":6,"owner":8,"payload_bytes":32768000,"release_reason":null},{"allocation":1,"host":2,"last_submission":8,"owner":43,"payload_bytes":22118400,"release_reason":null}],"completed_retirements":0,"current_payload_bytes":54886400,"device_loss_confirmed":false,"device_loss_retirements":0,"observed_allocations":2,"peak_payload_bytes":54886400,"retiring_payload_bytes":0,"unknown_payload_allocations":0},"queue_epoch":1}
[SystemTime { tv_sec: 1790344792, tv_nsec: 452566679 }] window event WindowId(31457302) keyboard physical=Code(Escape) logical=Named(Escape) state=Pressed repeat=false text=Some("\u{1b}") synthetic=false
[SystemTime { tv_sec: 1790344792, tv_nsec: 452643882 }] window event WindowId(31457302) redraw requested
[SystemTime { tv_sec: 1790344792, tv_nsec: 452665188 }] window event WindowId(31457284) redraw requested
[SystemTime { tv_sec: 1790344792, tv_nsec: 452741749 }] native redraw ledger {"attempts":4,"counts":{"coalesced":1,"duplicate_tokens":0,"presentations":2,"received":5,"requested":3,"suppressed":2},"damage":5,"device_generation":1,"host_generation":2,"pending":true,"presented_damage":4,"ready":true,"reason":"closed","rendering":null,"window":"WindowId(31457302)"}
[SystemTime { tv_sec: 1790344792, tv_nsec: 455246809 }] native_surface_lifecycle {"acquire_attempts":2,"acquired":2,"active":0,"configuration_generation":1,"configure_attempts":1,"configured_extent":[960,720],"discarded":0,"frame_submission_receipts_issued":8,"frame_submissions":2,"gpu_completed_through_receipt":8,"host":2,"last_frame_submission_receipt":8,"last_present_receipt":8,"presented":2,"queue_epoch":1,"reason":"owner_drop","wgpu_submission":"Some(SubmissionIndex { index: 8 })","window":"WindowId(31457302)"}
[SystemTime { tv_sec: 1790344792, tv_nsec: 455284270 }] native attachment ledger {"attachments":{"allocations":[{"allocation":1,"host":1,"last_submission":6,"owner":8,"payload_bytes":32768000,"release_reason":null}],"completed_retirements":1,"current_payload_bytes":32768000,"device_loss_confirmed":false,"device_loss_retirements":0,"observed_allocations":2,"peak_payload_bytes":54886400,"retiring_payload_bytes":0,"unknown_payload_allocations":0},"queue_epoch":1}
[SystemTime { tv_sec: 1790344792, tv_nsec: 455904746 }] native frame round hosts=[WindowId(31457284)]
[SystemTime { tv_sec: 1790344792, tv_nsec: 455959810 }] redraw handler begin
[SystemTime { tv_sec: 1790344792, tv_nsec: 456004811 }] render scene prepare begin retained_cached=true
[SystemTime { tv_sec: 1790344792, tv_nsec: 456036708 }] prepared scene build begin
[SystemTime { tv_sec: 1790344792, tv_nsec: 456201165 }] native control_meshes window=WindowId(31457284) builds=1
[SystemTime { tv_sec: 1790344792, tv_nsec: 456221418 }] prepared scene build end 0ms
[SystemTime { tv_sec: 1790344792, tv_nsec: 456264859 }] renderer render begin
[SystemTime { tv_sec: 1790344792, tv_nsec: 457195204 }] native_surface_lifecycle {"acquire_attempts":6,"acquired":6,"active":1,"configuration_generation":1,"configure_attempts":1,"configured_extent":[1280,800],"discarded":0,"frame_submission_receipts_issued":9,"frame_submissions":6,"gpu_completed_through_receipt":8,"host":1,"last_frame_submission_receipt":9,"last_present_receipt":6,"presented":5,"queue_epoch":1,"reason":"submit","wgpu_submission":"Some(SubmissionIndex { index: 9 })","window":"WindowId(31457284)"}
[SystemTime { tv_sec: 1790344792, tv_nsec: 457250605 }] native upload frame window=WindowId(31457284) host=1 renderer=1 queue_epoch=1 surface_generation=1 acquisition=6 submission=9 receipt=Some(UploadFrame { consumers: {"MAIN", "BOARD", "LAYERS", "NAV", "INSPECTOR", "MENU", "TERMINAL"}, owner: 7, attempt: 7, rendered: Some(true), totals: UploadTotals { batches: 1, buffer_payload_bytes: 12676, texture_source_bytes: 0, texture_padding_bytes: 0, scatter_index_bytes: 12604, staging_capacity_bytes: 50488, buffer_copy_bytes: 25280, buffer_copies: 19, texture_copies: 0, scatter_dispatches: 1 } })
[SystemTime { tv_sec: 1790344792, tv_nsec: 457277308 }] native font ownership window=WindowId(31457284) usage=Usage { allocation: Usage { allocator_installed: true, owner_id: 3, label: "renderer-fonts-and-shapes", payload_bytes: 925390, tracking_bytes: 88544, allocations: 11066, peak_payload_bytes: 925501, owner_metadata_bytes: 96 }, returned_shape_bytes: 179160, private_bytes: Some(834774), fixed_font_bytes: Some(772070), cache_reserved_bytes: 62704, last_call: Some(Report { call_id: 1678, owner_id: 3, allocator_installed: true, host_initial_bytes: 337344, host_final_bytes: 337344, process_initial_bytes: 337344, process_final_bytes: 337344, initial_bytes: 62704, final_bytes: 63816, peak_bytes: 63959, host_peak_bytes: 337344, process_peak_bytes: 337344, exceeded: false }) } measurement=Some(Usage { allocation: Usage { allocator_installed: true, owner_id: 13, label: "text-measurement", payload_bytes: 734742, tracking_bytes: 84216, allocations: 10525, peak_payload_bytes: 748214, owner_metadata_bytes: 96 }, returned_shape_bytes: 0, private_bytes: Some(818958), fixed_font_bytes: Some(772070), cache_reserved_bytes: 46888, last_call: Some(Report { call_id: 1173, owner_id: 13, allocator_installed: true, host_initial_bytes: 367656, host_final_bytes: 367656, process_initial_bytes: 367656, process_final_bytes: 367656, initial_bytes: 46888, final_bytes: 46888, peak_bytes: 54192, host_peak_bytes: 367656, process_peak_bytes: 367656, exceeded: false }) }) process_registry_bytes=RegistryUsage { registry_heap_bytes: 136, scope_owner_bytes: 1152, call_slots_static_bytes: 9752 }
[SystemTime { tv_sec: 1790344792, tv_nsec: 457311751 }] native attachment ledger {"attachments":{"allocations":[{"allocation":1,"host":1,"last_submission":9,"owner":8,"payload_bytes":32768000,"release_reason":null}],"completed_retirements":1,"current_payload_bytes":32768000,"device_loss_confirmed":false,"device_loss_retirements":0,"observed_allocations":2,"peak_payload_bytes":54886400,"retiring_payload_bytes":0,"unknown_payload_allocations":0},"queue_epoch":1}
[SystemTime { tv_sec: 1790344792, tv_nsec: 457347041 }] native surface attachment {"allocation":1,"allocations_created":1,"extent":[1280,800],"format":"Bgra8UnormSrgb","gpu_retirement_qualified":false,"host":1,"owner":8,"payload_bytes":32768000,"queue_epoch":1,"samples":8,"state":"current_renderer_reference","window":"WindowId(31457284)"}
[SystemTime { tv_sec: 1790344792, tv_nsec: 457372644 }] renderer render end 1ms
[SystemTime { tv_sec: 1790344792, tv_nsec: 457399030 }] frame present begin
[SystemTime { tv_sec: 1790344792, tv_nsec: 457465082 }] native_surface_lifecycle {"acquire_attempts":6,"acquired":6,"active":0,"configuration_generation":1,"configure_attempts":1,"configured_extent":[1280,800],"discarded":0,"frame_submission_receipts_issued":9,"frame_submissions":6,"gpu_completed_through_receipt":8,"host":1,"last_frame_submission_receipt":9,"last_present_receipt":9,"presented":6,"queue_epoch":1,"reason":"present","wgpu_submission":"Some(SubmissionIndex { index: 9 })","window":"WindowId(31457284)"}
[SystemTime { tv_sec: 1790344792, tv_nsec: 457514439 }] frame present end 0ms total=1ms
[SystemTime { tv_sec: 1790344792, tv_nsec: 457546264 }] native redraw ledger {"attempts":10,"counts":{"coalesced":1,"duplicate_tokens":0,"presentations":6,"received":10,"requested":10,"suppressed":7},"damage":11,"device_generation":1,"host_generation":1,"pending":false,"presented_damage":11,"ready":false,"reason":"presented","rendering":null,"window":"WindowId(31457284)"}
[SystemTime { tv_sec: 1790344792, tv_nsec: 457566760 }] redraw handler end
[SystemTime { tv_sec: 1790344792, tv_nsec: 458148659 }] window event WindowId(31457284) focused true
[SystemTime { tv_sec: 1790344792, tv_nsec: 458552937 }] window event WindowId(31457284) keyboard physical=Code(Escape) logical=Named(Escape) state=Pressed repeat=false text=Some("\u{1b}") synthetic=true
[SystemTime { tv_sec: 1790344792, tv_nsec: 458635584 }] window event WindowId(31457284) modifiers changed ModifiersState(0x0)
[SystemTime { tv_sec: 1790344792, tv_nsec: 458666271 }] window event WindowId(31457284) cursor moved 148.00,16.00
[SystemTime { tv_sec: 1790344792, tv_nsec: 458903111 }] window event WindowId(31457284) modifiers changed ModifiersState(0x0)
[SystemTime { tv_sec: 1790344792, tv_nsec: 459181084 }] window event WindowId(31457284) focused false
[SystemTime { tv_sec: 1790344792, tv_nsec: 459442760 }] window event WindowId(31457284) focused true
[SystemTime { tv_sec: 1790344792, tv_nsec: 459708670 }] window event WindowId(31457284) modifiers changed ModifiersState(0x0)
[SystemTime { tv_sec: 1790344792, tv_nsec: 459746979 }] window event WindowId(31457284) cursor moved 148.00,16.00
[SystemTime { tv_sec: 1790344792, tv_nsec: 460224372 }] window event WindowId(31457302) destroyed
[SystemTime { tv_sec: 1790344792, tv_nsec: 460286616 }] window event WindowId(31457284) keyboard physical=Code(Escape) logical=Named(Escape) state=Released repeat=false text=Some("\u{1b}") synthetic=false
[SystemTime { tv_sec: 1790344792, tv_nsec: 460322904 }] pan key physical=Code(Escape) logical=Named(Escape) state=Released repeat=false pointer_in_scene=false held=false consumed=false
[SystemTime { tv_sec: 1790344792, tv_nsec: 472586601 }] window event WindowId(31457284) modifiers changed ModifiersState(0x0)
[SystemTime { tv_sec: 1790344792, tv_nsec: 472633408 }] window event WindowId(31457284) mouse input Left Pressed
[SystemTime { tv_sec: 1790344792, tv_nsec: 472672737 }] pan primary pressed cursor=Some((148.0, 16.0)) pointer_in_scene=false held=false active=false
[SystemTime { tv_sec: 1790344792, tv_nsec: 472718392 }] window event WindowId(31457284) modifiers changed ModifiersState(0x0)
[SystemTime { tv_sec: 1790344792, tv_nsec: 472760426 }] window event WindowId(31457284) modifiers changed ModifiersState(0x0)
[SystemTime { tv_sec: 1790344792, tv_nsec: 472852434 }] window event WindowId(31457284) mouse input Left Released
[SystemTime { tv_sec: 1790344792, tv_nsec: 472891982 }] pan primary released cursor=Some((148.0, 16.0)) suppress_click=false
[SystemTime { tv_sec: 1790344792, tv_nsec: 473004827 }] window event WindowId(31457284) modifiers changed ModifiersState(0x0)
[SystemTime { tv_sec: 1790344792, tv_nsec: 473047053 }] window event WindowId(31457284) redraw requested
[SystemTime { tv_sec: 1790344792, tv_nsec: 473084320 }] native frame round hosts=[WindowId(31457284)]
[SystemTime { tv_sec: 1790344792, tv_nsec: 473117748 }] redraw handler begin
[SystemTime { tv_sec: 1790344792, tv_nsec: 473229278 }] render scene prepare begin retained_cached=true
[SystemTime { tv_sec: 1790344792, tv_nsec: 473252144 }] prepared scene build begin
[SystemTime { tv_sec: 1790344792, tv_nsec: 473513572 }] native control_meshes window=WindowId(31457284) builds=1
[SystemTime { tv_sec: 1790344792, tv_nsec: 473545016 }] prepared scene build end 0ms
[SystemTime { tv_sec: 1790344792, tv_nsec: 473575892 }] renderer render begin
[SystemTime { tv_sec: 1790344792, tv_nsec: 475229430 }] native_surface_lifecycle {"acquire_attempts":7,"acquired":7,"active":1,"configuration_generation":1,"configure_attempts":1,"configured_extent":[1280,800],"discarded":0,"frame_submission_receipts_issued":10,"frame_submissions":7,"gpu_completed_through_receipt":9,"host":1,"last_frame_submission_receipt":10,"last_present_receipt":9,"presented":6,"queue_epoch":1,"reason":"submit","wgpu_submission":"Some(SubmissionIndex { index: 10 })","window":"WindowId(31457284)"}
[SystemTime { tv_sec: 1790344792, tv_nsec: 475299646 }] native upload frame window=WindowId(31457284) host=1 renderer=1 queue_epoch=1 surface_generation=1 acquisition=7 submission=10 receipt=Some(UploadFrame { consumers: {"MAIN", "BOARD", "LAYERS", "NAV", "INSPECTOR", "MENU", "TERMINAL"}, owner: 7, attempt: 8, rendered: Some(true), totals: UploadTotals { batches: 1, buffer_payload_bytes: 19660, texture_source_bytes: 0, texture_padding_bytes: 0, scatter_index_bytes: 17740, staging_capacity_bytes: 72880, buffer_copy_bytes: 37400, buffer_copies: 3, texture_copies: 0, scatter_dispatches: 2 } })
[SystemTime { tv_sec: 1790344792, tv_nsec: 475337768 }] native font ownership window=WindowId(31457284) usage=Usage { allocation: Usage { allocator_installed: true, owner_id: 3, label: "renderer-fonts-and-shapes", payload_bytes: 925390, tracking_bytes: 88544, allocations: 11066, peak_payload_bytes: 925507, owner_metadata_bytes: 96 }, returned_shape_bytes: 179160, private_bytes: Some(834774), fixed_font_bytes: Some(772070), cache_reserved_bytes: 62704, last_call: Some(Report { call_id: 1679, owner_id: 3, allocator_installed: true, host_initial_bytes: 342664, host_final_bytes: 342664, process_initial_bytes: 342664, process_final_bytes: 342664, initial_bytes: 62704, final_bytes: 63880, peak_bytes: 64029, host_peak_bytes: 342664, process_peak_bytes: 342664, exceeded: false }) } measurement=Some(Usage { allocation: Usage { allocator_installed: true, owner_id: 13, label: "text-measurement", payload_bytes: 734742, tracking_bytes: 84216, allocations: 10525, peak_payload_bytes: 748214, owner_metadata_bytes: 96 }, returned_shape_bytes: 0, private_bytes: Some(818958), fixed_font_bytes: Some(772070), cache_reserved_bytes: 46888, last_call: Some(Report { call_id: 1173, owner_id: 13, allocator_installed: true, host_initial_bytes: 367656, host_final_bytes: 367656, process_initial_bytes: 367656, process_final_bytes: 367656, initial_bytes: 46888, final_bytes: 46888, peak_bytes: 54192, host_peak_bytes: 367656, process_peak_bytes: 367656, exceeded: false }) }) process_registry_bytes=RegistryUsage { registry_heap_bytes: 136, scope_owner_bytes: 1152, call_slots_static_bytes: 9752 }
[SystemTime { tv_sec: 1790344792, tv_nsec: 475374656 }] native attachment ledger {"attachments":{"allocations":[{"allocation":1,"host":1,"last_submission":10,"owner":8,"payload_bytes":32768000,"release_reason":null}],"completed_retirements":1,"current_payload_bytes":32768000,"device_loss_confirmed":false,"device_loss_retirements":0,"observed_allocations":2,"peak_payload_bytes":54886400,"retiring_payload_bytes":0,"unknown_payload_allocations":0},"queue_epoch":1}
[SystemTime { tv_sec: 1790344792, tv_nsec: 475410211 }] native surface attachment {"allocation":1,"allocations_created":1,"extent":[1280,800],"format":"Bgra8UnormSrgb","gpu_retirement_qualified":false,"host":1,"owner":8,"payload_bytes":32768000,"queue_epoch":1,"samples":8,"state":"current_renderer_reference","window":"WindowId(31457284)"}
[SystemTime { tv_sec: 1790344792, tv_nsec: 475431920 }] renderer render end 1ms
[SystemTime { tv_sec: 1790344792, tv_nsec: 475452562 }] frame present begin
[SystemTime { tv_sec: 1790344792, tv_nsec: 475520070 }] native_surface_lifecycle {"acquire_attempts":7,"acquired":7,"active":0,"configuration_generation":1,"configure_attempts":1,"configured_extent":[1280,800],"discarded":0,"frame_submission_receipts_issued":10,"frame_submissions":7,"gpu_completed_through_receipt":9,"host":1,"last_frame_submission_receipt":10,"last_present_receipt":10,"presented":7,"queue_epoch":1,"reason":"present","wgpu_submission":"Some(SubmissionIndex { index: 10 })","window":"WindowId(31457284)"}
[SystemTime { tv_sec: 1790344792, tv_nsec: 475550092 }] frame present end 0ms total=2ms
[SystemTime { tv_sec: 1790344792, tv_nsec: 475586330 }] native redraw ledger {"attempts":11,"counts":{"coalesced":1,"duplicate_tokens":0,"presentations":7,"received":11,"requested":11,"suppressed":8},"damage":12,"device_generation":1,"host_generation":1,"pending":false,"presented_damage":12,"ready":false,"reason":"presented","rendering":null,"window":"WindowId(31457284)"}
[SystemTime { tv_sec: 1790344792, tv_nsec: 475606613 }] redraw handler end
[SystemTime { tv_sec: 1790344792, tv_nsec: 475635188 }] native queue progress epoch=1 submitted=10 completed=9
[SystemTime { tv_sec: 1790344792, tv_nsec: 475668169 }] native attachment ledger {"attachments":{"allocations":[{"allocation":1,"host":1,"last_submission":10,"owner":8,"payload_bytes":32768000,"release_reason":null}],"completed_retirements":1,"current_payload_bytes":32768000,"device_loss_confirmed":false,"device_loss_retirements":0,"observed_allocations":2,"peak_payload_bytes":54886400,"retiring_payload_bytes":0,"unknown_payload_allocations":0},"queue_epoch":1}
[SystemTime { tv_sec: 1790344792, tv_nsec: 509475195 }] native queue progress epoch=1 submitted=10 completed=10
[SystemTime { tv_sec: 1790344792, tv_nsec: 509515965 }] native attachment ledger {"attachments":{"allocations":[{"allocation":1,"host":1,"last_submission":10,"owner":8,"payload_bytes":32768000,"release_reason":null}],"completed_retirements":1,"current_payload_bytes":32768000,"device_loss_confirmed":false,"device_loss_retirements":0,"observed_allocations":2,"peak_payload_bytes":54886400,"retiring_payload_bytes":0,"unknown_payload_allocations":0},"queue_epoch":1}
[SystemTime { tv_sec: 1790344792, tv_nsec: 579805892 }] window event WindowId(31457284) keyboard physical=Code(ArrowUp) logical=Named(ArrowUp) state=Pressed repeat=false text=None synthetic=false
[SystemTime { tv_sec: 1790344792, tv_nsec: 580017193 }] window event WindowId(31457284) redraw requested
[SystemTime { tv_sec: 1790344792, tv_nsec: 580078152 }] native frame round hosts=[WindowId(31457284)]
[SystemTime { tv_sec: 1790344792, tv_nsec: 580128133 }] redraw handler begin
[SystemTime { tv_sec: 1790344792, tv_nsec: 580271552 }] render scene prepare begin retained_cached=true
[SystemTime { tv_sec: 1790344792, tv_nsec: 580332952 }] prepared scene build begin
[SystemTime { tv_sec: 1790344792, tv_nsec: 580869245 }] native control_meshes window=WindowId(31457284) builds=1
[SystemTime { tv_sec: 1790344792, tv_nsec: 580971576 }] prepared scene build end 0ms
[SystemTime { tv_sec: 1790344792, tv_nsec: 581029580 }] renderer render begin
[SystemTime { tv_sec: 1790344792, tv_nsec: 582871902 }] native_surface_lifecycle {"acquire_attempts":8,"acquired":8,"active":1,"configuration_generation":1,"configure_attempts":1,"configured_extent":[1280,800],"discarded":0,"frame_submission_receipts_issued":11,"frame_submissions":8,"gpu_completed_through_receipt":10,"host":1,"last_frame_submission_receipt":11,"last_present_receipt":10,"presented":7,"queue_epoch":1,"reason":"submit","wgpu_submission":"Some(SubmissionIndex { index: 11 })","window":"WindowId(31457284)"}
[SystemTime { tv_sec: 1790344792, tv_nsec: 582984003 }] native upload frame window=WindowId(31457284) host=1 renderer=1 queue_epoch=1 surface_generation=1 acquisition=8 submission=11 receipt=Some(UploadFrame { consumers: {"MAIN", "BOARD", "LAYERS", "NAV", "INSPECTOR", "MENU", "TERMINAL"}, owner: 7, attempt: 9, rendered: Some(true), totals: UploadTotals { batches: 1, buffer_payload_bytes: 984, texture_source_bytes: 0, texture_padding_bytes: 0, scatter_index_bytes: 0, staging_capacity_bytes: 984, buffer_copy_bytes: 984, buffer_copies: 57, texture_copies: 0, scatter_dispatches: 0 } })
[SystemTime { tv_sec: 1790344792, tv_nsec: 583048825 }] native font ownership window=WindowId(31457284) usage=Usage { allocation: Usage { allocator_installed: true, owner_id: 3, label: "renderer-fonts-and-shapes", payload_bytes: 924302, tracking_bytes: 88520, allocations: 11063, peak_payload_bytes: 925507, owner_metadata_bytes: 96 }, returned_shape_bytes: 178048, private_bytes: Some(834774), fixed_font_bytes: Some(772070), cache_reserved_bytes: 62704, last_call: Some(Report { call_id: 1679, owner_id: 3, allocator_installed: true, host_initial_bytes: 342664, host_final_bytes: 342664, process_initial_bytes: 342664, process_final_bytes: 342664, initial_bytes: 62704, final_bytes: 63880, peak_bytes: 64029, host_peak_bytes: 342664, process_peak_bytes: 342664, exceeded: false }) } measurement=Some(Usage { allocation: Usage { allocator_installed: true, owner_id: 13, label: "text-measurement", payload_bytes: 734742, tracking_bytes: 84216, allocations: 10525, peak_payload_bytes: 748214, owner_metadata_bytes: 96 }, returned_shape_bytes: 0, private_bytes: Some(818958), fixed_font_bytes: Some(772070), cache_reserved_bytes: 46888, last_call: Some(Report { call_id: 1173, owner_id: 13, allocator_installed: true, host_initial_bytes: 367656, host_final_bytes: 367656, process_initial_bytes: 367656, process_final_bytes: 367656, initial_bytes: 46888, final_bytes: 46888, peak_bytes: 54192, host_peak_bytes: 367656, process_peak_bytes: 367656, exceeded: false }) }) process_registry_bytes=RegistryUsage { registry_heap_bytes: 136, scope_owner_bytes: 1152, call_slots_static_bytes: 9752 }
[SystemTime { tv_sec: 1790344792, tv_nsec: 583117305 }] native attachment ledger {"attachments":{"allocations":[{"allocation":1,"host":1,"last_submission":11,"owner":8,"payload_bytes":32768000,"release_reason":null}],"completed_retirements":1,"current_payload_bytes":32768000,"device_loss_confirmed":false,"device_loss_retirements":0,"observed_allocations":2,"peak_payload_bytes":54886400,"retiring_payload_bytes":0,"unknown_payload_allocations":0},"queue_epoch":1}
[SystemTime { tv_sec: 1790344792, tv_nsec: 583186526 }] native surface attachment {"allocation":1,"allocations_created":1,"extent":[1280,800],"format":"Bgra8UnormSrgb","gpu_retirement_qualified":false,"host":1,"owner":8,"payload_bytes":32768000,"queue_epoch":1,"samples":8,"state":"current_renderer_reference","window":"WindowId(31457284)"}
[SystemTime { tv_sec: 1790344792, tv_nsec: 583232073 }] renderer render end 2ms
[SystemTime { tv_sec: 1790344792, tv_nsec: 583276407 }] frame present begin
[SystemTime { tv_sec: 1790344792, tv_nsec: 583417837 }] native_surface_lifecycle {"acquire_attempts":8,"acquired":8,"active":0,"configuration_generation":1,"configure_attempts":1,"configured_extent":[1280,800],"discarded":0,"frame_submission_receipts_issued":11,"frame_submissions":8,"gpu_completed_through_receipt":10,"host":1,"last_frame_submission_receipt":11,"last_present_receipt":11,"presented":8,"queue_epoch":1,"reason":"present","wgpu_submission":"Some(SubmissionIndex { index: 11 })","window":"WindowId(31457284)"}
[SystemTime { tv_sec: 1790344792, tv_nsec: 583510109 }] frame present end 0ms total=3ms
[SystemTime { tv_sec: 1790344792, tv_nsec: 583614988 }] native redraw ledger {"attempts":12,"counts":{"coalesced":1,"duplicate_tokens":0,"presentations":8,"received":12,"requested":12,"suppressed":9},"damage":13,"device_generation":1,"host_generation":1,"pending":false,"presented_damage":13,"ready":false,"reason":"presented","rendering":null,"window":"WindowId(31457284)"}
[SystemTime { tv_sec: 1790344792, tv_nsec: 583664503 }] redraw handler end
[SystemTime { tv_sec: 1790344792, tv_nsec: 590640125 }] window event WindowId(31457284) keyboard physical=Code(ArrowUp) logical=Named(ArrowUp) state=Released repeat=false text=None synthetic=false
[SystemTime { tv_sec: 1790344792, tv_nsec: 590716997 }] window event WindowId(31457284) redraw requested
[SystemTime { tv_sec: 1790344792, tv_nsec: 590766589 }] native frame round hosts=[WindowId(31457284)]
[SystemTime { tv_sec: 1790344792, tv_nsec: 590810798 }] redraw handler begin
[SystemTime { tv_sec: 1790344792, tv_nsec: 590908140 }] native_surface_lifecycle {"acquire_attempts":8,"acquired":8,"active":0,"configuration_generation":1,"configure_attempts":1,"configured_extent":[1280,800],"discarded":0,"frame_submission_receipts_issued":11,"frame_submissions":8,"gpu_completed_through_receipt":10,"host":1,"last_frame_submission_receipt":11,"last_present_receipt":11,"presented":8,"queue_epoch":1,"reason":"wait_queue","wgpu_submission":"Some(SubmissionIndex { index: 11 })","window":"WindowId(31457284)"}
[SystemTime { tv_sec: 1790344792, tv_nsec: 590973077 }] native redraw ledger {"attempts":13,"counts":{"coalesced":1,"duplicate_tokens":0,"presentations":8,"received":13,"requested":13,"suppressed":9},"damage":14,"device_generation":1,"host_generation":1,"pending":false,"presented_damage":13,"ready":false,"reason":"not_presented","rendering":null,"window":"WindowId(31457284)"}
[SystemTime { tv_sec: 1790344792, tv_nsec: 600950740 }] native queue progress epoch=1 submitted=11 completed=11
[SystemTime { tv_sec: 1790344792, tv_nsec: 601041481 }] native attachment ledger {"attachments":{"allocations":[{"allocation":1,"host":1,"last_submission":11,"owner":8,"payload_bytes":32768000,"release_reason":null}],"completed_retirements":1,"current_payload_bytes":32768000,"device_loss_confirmed":false,"device_loss_retirements":0,"observed_allocations":2,"peak_payload_bytes":54886400,"retiring_payload_bytes":0,"unknown_payload_allocations":0},"queue_epoch":1}
[SystemTime { tv_sec: 1790344792, tv_nsec: 601351534 }] window event WindowId(31457284) redraw requested
[SystemTime { tv_sec: 1790344792, tv_nsec: 601422244 }] native frame round hosts=[WindowId(31457284)]
[SystemTime { tv_sec: 1790344792, tv_nsec: 601466707 }] redraw handler begin
[SystemTime { tv_sec: 1790344792, tv_nsec: 601532206 }] renderer render begin
[SystemTime { tv_sec: 1790344792, tv_nsec: 602591916 }] native_surface_lifecycle {"acquire_attempts":9,"acquired":9,"active":1,"configuration_generation":1,"configure_attempts":1,"configured_extent":[1280,800],"discarded":0,"frame_submission_receipts_issued":12,"frame_submissions":9,"gpu_completed_through_receipt":11,"host":1,"last_frame_submission_receipt":12,"last_present_receipt":11,"presented":8,"queue_epoch":1,"reason":"submit","wgpu_submission":"Some(SubmissionIndex { index: 12 })","window":"WindowId(31457284)"}
[SystemTime { tv_sec: 1790344792, tv_nsec: 602666610 }] native upload frame window=WindowId(31457284) host=1 renderer=1 queue_epoch=1 surface_generation=1 acquisition=9 submission=12 receipt=Some(UploadFrame { consumers: {"MAIN", "BOARD", "LAYERS", "NAV", "INSPECTOR", "MENU", "TERMINAL"}, owner: 7, attempt: 10, rendered: Some(true), totals: UploadTotals { batches: 0, buffer_payload_bytes: 0, texture_source_bytes: 0, texture_padding_bytes: 0, scatter_index_bytes: 0, staging_capacity_bytes: 0, buffer_copy_bytes: 0, buffer_copies: 0, texture_copies: 0, scatter_dispatches: 0 } })
[SystemTime { tv_sec: 1790344792, tv_nsec: 602730331 }] native font ownership window=WindowId(31457284) usage=Usage { allocation: Usage { allocator_installed: true, owner_id: 3, label: "renderer-fonts-and-shapes", payload_bytes: 924302, tracking_bytes: 88520, allocations: 11063, peak_payload_bytes: 925507, owner_metadata_bytes: 96 }, returned_shape_bytes: 178048, private_bytes: Some(834774), fixed_font_bytes: Some(772070), cache_reserved_bytes: 62704, last_call: Some(Report { call_id: 1679, owner_id: 3, allocator_installed: true, host_initial_bytes: 342664, host_final_bytes: 342664, process_initial_bytes: 342664, process_final_bytes: 342664, initial_bytes: 62704, final_bytes: 63880, peak_bytes: 64029, host_peak_bytes: 342664, process_peak_bytes: 342664, exceeded: false }) } measurement=Some(Usage { allocation: Usage { allocator_installed: true, owner_id: 13, label: "text-measurement", payload_bytes: 734742, tracking_bytes: 84216, allocations: 10525, peak_payload_bytes: 748214, owner_metadata_bytes: 96 }, returned_shape_bytes: 0, private_bytes: Some(818958), fixed_font_bytes: Some(772070), cache_reserved_bytes: 46888, last_call: Some(Report { call_id: 1173, owner_id: 13, allocator_installed: true, host_initial_bytes: 367656, host_final_bytes: 367656, process_initial_bytes: 367656, process_final_bytes: 367656, initial_bytes: 46888, final_bytes: 46888, peak_bytes: 54192, host_peak_bytes: 367656, process_peak_bytes: 367656, exceeded: false }) }) process_registry_bytes=RegistryUsage { registry_heap_bytes: 136, scope_owner_bytes: 1152, call_slots_static_bytes: 9752 }
[SystemTime { tv_sec: 1790344792, tv_nsec: 602810974 }] native attachment ledger {"attachments":{"allocations":[{"allocation":1,"host":1,"last_submission":12,"owner":8,"payload_bytes":32768000,"release_reason":null}],"completed_retirements":1,"current_payload_bytes":32768000,"device_loss_confirmed":false,"device_loss_retirements":0,"observed_allocations":2,"peak_payload_bytes":54886400,"retiring_payload_bytes":0,"unknown_payload_allocations":0},"queue_epoch":1}
[SystemTime { tv_sec: 1790344792, tv_nsec: 602869567 }] native surface attachment {"allocation":1,"allocations_created":1,"extent":[1280,800],"format":"Bgra8UnormSrgb","gpu_retirement_qualified":false,"host":1,"owner":8,"payload_bytes":32768000,"queue_epoch":1,"samples":8,"state":"current_renderer_reference","window":"WindowId(31457284)"}
[SystemTime { tv_sec: 1790344792, tv_nsec: 602914661 }] renderer render end 1ms
[SystemTime { tv_sec: 1790344792, tv_nsec: 602958566 }] frame present begin
[SystemTime { tv_sec: 1790344792, tv_nsec: 603090392 }] native_surface_lifecycle {"acquire_attempts":9,"acquired":9,"active":0,"configuration_generation":1,"configure_attempts":1,"configured_extent":[1280,800],"discarded":0,"frame_submission_receipts_issued":12,"frame_submissions":9,"gpu_completed_through_receipt":11,"host":1,"last_frame_submission_receipt":12,"last_present_receipt":12,"presented":9,"queue_epoch":1,"reason":"present","wgpu_submission":"Some(SubmissionIndex { index: 12 })","window":"WindowId(31457284)"}
[SystemTime { tv_sec: 1790344792, tv_nsec: 603137275 }] frame present end 0ms total=1ms
[SystemTime { tv_sec: 1790344792, tv_nsec: 603200630 }] native redraw ledger {"attempts":14,"counts":{"coalesced":1,"duplicate_tokens":0,"presentations":9,"received":14,"requested":14,"suppressed":10},"damage":14,"device_generation":1,"host_generation":1,"pending":false,"presented_damage":14,"ready":false,"reason":"presented","rendering":null,"window":"WindowId(31457284)"}
[SystemTime { tv_sec: 1790344792, tv_nsec: 603243884 }] redraw handler end
[SystemTime { tv_sec: 1790344792, tv_nsec: 603371663 }] window event WindowId(31457284) keyboard physical=Code(ArrowRight) logical=Named(ArrowRight) state=Pressed repeat=false text=None synthetic=false
[SystemTime { tv_sec: 1790344792, tv_nsec: 603526672 }] window event WindowId(31457284) redraw requested
[SystemTime { tv_sec: 1790344792, tv_nsec: 603577733 }] native frame round hosts=[WindowId(31457284)]
[SystemTime { tv_sec: 1790344792, tv_nsec: 603621420 }] redraw handler begin
[SystemTime { tv_sec: 1790344792, tv_nsec: 603701646 }] native_surface_lifecycle {"acquire_attempts":9,"acquired":9,"active":0,"configuration_generation":1,"configure_attempts":1,"configured_extent":[1280,800],"discarded":0,"frame_submission_receipts_issued":12,"frame_submissions":9,"gpu_completed_through_receipt":11,"host":1,"last_frame_submission_receipt":12,"last_present_receipt":12,"presented":9,"queue_epoch":1,"reason":"wait_queue","wgpu_submission":"Some(SubmissionIndex { index: 12 })","window":"WindowId(31457284)"}
[SystemTime { tv_sec: 1790344792, tv_nsec: 603771832 }] native redraw ledger {"attempts":15,"counts":{"coalesced":1,"duplicate_tokens":0,"presentations":9,"received":15,"requested":15,"suppressed":10},"damage":15,"device_generation":1,"host_generation":1,"pending":false,"presented_damage":14,"ready":false,"reason":"not_presented","rendering":null,"window":"WindowId(31457284)"}
[SystemTime { tv_sec: 1790344792, tv_nsec: 611944211 }] native queue progress epoch=1 submitted=12 completed=12
[SystemTime { tv_sec: 1790344792, tv_nsec: 612056553 }] native attachment ledger {"attachments":{"allocations":[{"allocation":1,"host":1,"last_submission":12,"owner":8,"payload_bytes":32768000,"release_reason":null}],"completed_retirements":1,"current_payload_bytes":32768000,"device_loss_confirmed":false,"device_loss_retirements":0,"observed_allocations":2,"peak_payload_bytes":54886400,"retiring_payload_bytes":0,"unknown_payload_allocations":0},"queue_epoch":1}
[SystemTime { tv_sec: 1790344792, tv_nsec: 612272945 }] window event WindowId(31457284) keyboard physical=Code(ArrowRight) logical=Named(ArrowRight) state=Released repeat=false text=None synthetic=false
[SystemTime { tv_sec: 1790344792, tv_nsec: 612338482 }] window event WindowId(31457284) redraw requested
[SystemTime { tv_sec: 1790344792, tv_nsec: 612391778 }] native frame round hosts=[WindowId(31457284)]
[SystemTime { tv_sec: 1790344792, tv_nsec: 612439307 }] redraw handler begin
[SystemTime { tv_sec: 1790344792, tv_nsec: 612503135 }] render scene prepare begin retained_cached=true
[SystemTime { tv_sec: 1790344792, tv_nsec: 612550099 }] prepared scene build begin
[SystemTime { tv_sec: 1790344792, tv_nsec: 612990462 }] native control_meshes window=WindowId(31457284) builds=1
[SystemTime { tv_sec: 1790344792, tv_nsec: 613040753 }] prepared scene build end 0ms
[SystemTime { tv_sec: 1790344792, tv_nsec: 613087424 }] renderer render begin
[SystemTime { tv_sec: 1790344792, tv_nsec: 614368640 }] native_surface_lifecycle {"acquire_attempts":10,"acquired":10,"active":1,"configuration_generation":1,"configure_attempts":1,"configured_extent":[1280,800],"discarded":0,"frame_submission_receipts_issued":13,"frame_submissions":10,"gpu_completed_through_receipt":12,"host":1,"last_frame_submission_receipt":13,"last_present_receipt":12,"presented":9,"queue_epoch":1,"reason":"submit","wgpu_submission":"Some(SubmissionIndex { index: 13 })","window":"WindowId(31457284)"}
[SystemTime { tv_sec: 1790344792, tv_nsec: 614442118 }] native upload frame window=WindowId(31457284) host=1 renderer=1 queue_epoch=1 surface_generation=1 acquisition=10 submission=13 receipt=Some(UploadFrame { consumers: {"MAIN", "BOARD", "LAYERS", "NAV", "INSPECTOR", "MENU", "TERMINAL"}, owner: 7, attempt: 11, rendered: Some(true), totals: UploadTotals { batches: 1, buffer_payload_bytes: 4320, texture_source_bytes: 0, texture_padding_bytes: 0, scatter_index_bytes: 0, staging_capacity_bytes: 4320, buffer_copy_bytes: 4320, buffer_copies: 2, texture_copies: 0, scatter_dispatches: 0 } })
[SystemTime { tv_sec: 1790344792, tv_nsec: 614506773 }] native font ownership window=WindowId(31457284) usage=Usage { allocation: Usage { allocator_installed: true, owner_id: 3, label: "renderer-fonts-and-shapes", payload_bytes: 924302, tracking_bytes: 88520, allocations: 11063, peak_payload_bytes: 925507, owner_metadata_bytes: 96 }, returned_shape_bytes: 178048, private_bytes: Some(834774), fixed_font_bytes: Some(772070), cache_reserved_bytes: 62704, last_call: Some(Report { call_id: 1679, owner_id: 3, allocator_installed: true, host_initial_bytes: 342664, host_final_bytes: 342664, process_initial_bytes: 342664, process_final_bytes: 342664, initial_bytes: 62704, final_bytes: 63880, peak_bytes: 64029, host_peak_bytes: 342664, process_peak_bytes: 342664, exceeded: false }) } measurement=Some(Usage { allocation: Usage { allocator_installed: true, owner_id: 13, label: "text-measurement", payload_bytes: 734742, tracking_bytes: 84216, allocations: 10525, peak_payload_bytes: 748214, owner_metadata_bytes: 96 }, returned_shape_bytes: 0, private_bytes: Some(818958), fixed_font_bytes: Some(772070), cache_reserved_bytes: 46888, last_call: Some(Report { call_id: 1173, owner_id: 13, allocator_installed: true, host_initial_bytes: 367656, host_final_bytes: 367656, process_initial_bytes: 367656, process_final_bytes: 367656, initial_bytes: 46888, final_bytes: 46888, peak_bytes: 54192, host_peak_bytes: 367656, process_peak_bytes: 367656, exceeded: false }) }) process_registry_bytes=RegistryUsage { registry_heap_bytes: 136, scope_owner_bytes: 1152, call_slots_static_bytes: 9752 }
[SystemTime { tv_sec: 1790344792, tv_nsec: 614612606 }] native attachment ledger {"attachments":{"allocations":[{"allocation":1,"host":1,"last_submission":13,"owner":8,"payload_bytes":32768000,"release_reason":null}],"completed_retirements":1,"current_payload_bytes":32768000,"device_loss_confirmed":false,"device_loss_retirements":0,"observed_allocations":2,"peak_payload_bytes":54886400,"retiring_payload_bytes":0,"unknown_payload_allocations":0},"queue_epoch":1}
[SystemTime { tv_sec: 1790344792, tv_nsec: 614692039 }] native surface attachment {"allocation":1,"allocations_created":1,"extent":[1280,800],"format":"Bgra8UnormSrgb","gpu_retirement_qualified":false,"host":1,"owner":8,"payload_bytes":32768000,"queue_epoch":1,"samples":8,"state":"current_renderer_reference","window":"WindowId(31457284)"}
[SystemTime { tv_sec: 1790344792, tv_nsec: 614754877 }] renderer render end 1ms
[SystemTime { tv_sec: 1790344792, tv_nsec: 614817123 }] frame present begin
[SystemTime { tv_sec: 1790344792, tv_nsec: 614963397 }] native_surface_lifecycle {"acquire_attempts":10,"acquired":10,"active":0,"configuration_generation":1,"configure_attempts":1,"configured_extent":[1280,800],"discarded":0,"frame_submission_receipts_issued":13,"frame_submissions":10,"gpu_completed_through_receipt":12,"host":1,"last_frame_submission_receipt":13,"last_present_receipt":13,"presented":10,"queue_epoch":1,"reason":"present","wgpu_submission":"Some(SubmissionIndex { index: 13 })","window":"WindowId(31457284)"}
[SystemTime { tv_sec: 1790344792, tv_nsec: 615034135 }] frame present end 0ms total=2ms
[SystemTime { tv_sec: 1790344792, tv_nsec: 615118331 }] native redraw ledger {"attempts":16,"counts":{"coalesced":2,"duplicate_tokens":0,"presentations":10,"received":16,"requested":16,"suppressed":11},"damage":16,"device_generation":1,"host_generation":1,"pending":false,"presented_damage":16,"ready":false,"reason":"presented","rendering":null,"window":"WindowId(31457284)"}
[SystemTime { tv_sec: 1790344792, tv_nsec: 615174545 }] redraw handler end
[SystemTime { tv_sec: 1790344792, tv_nsec: 619725419 }] native queue progress epoch=1 submitted=13 completed=13
[SystemTime { tv_sec: 1790344792, tv_nsec: 619827782 }] native attachment ledger {"attachments":{"allocations":[{"allocation":1,"host":1,"last_submission":13,"owner":8,"payload_bytes":32768000,"release_reason":null}],"completed_retirements":1,"current_payload_bytes":32768000,"device_loss_confirmed":false,"device_loss_retirements":0,"observed_allocations":2,"peak_payload_bytes":54886400,"retiring_payload_bytes":0,"unknown_payload_allocations":0},"queue_epoch":1}
[SystemTime { tv_sec: 1790344792, tv_nsec: 623099202 }] window event WindowId(31457284) keyboard physical=Code(Enter) logical=Named(Enter) state=Pressed repeat=false text=Some("\r") synthetic=false
[SystemTime { tv_sec: 1790344792, tv_nsec: 623420392 }] window event WindowId(31457284) redraw requested
[SystemTime { tv_sec: 1790344792, tv_nsec: 630970438 }] surface identity window=WindowId(31457320) window_backend=x11 gpu_backend=Vulkan adapter="Intel(R) HD Graphics P630 (KBL GT2)" device_type=IntegratedGpu driver="Intel open-source Mesa driver" driver_info="Mesa 25.0.7-2+deb13u1"
[SystemTime { tv_sec: 1790344792, tv_nsec: 643009313 }] native frame round hosts=[WindowId(31457284)]
[SystemTime { tv_sec: 1790344792, tv_nsec: 643055831 }] redraw handler begin
[SystemTime { tv_sec: 1790344792, tv_nsec: 643108356 }] render scene prepare begin retained_cached=true
[SystemTime { tv_sec: 1790344792, tv_nsec: 643142151 }] prepared scene build begin
[SystemTime { tv_sec: 1790344792, tv_nsec: 643357533 }] native control_meshes window=WindowId(31457284) builds=1
[SystemTime { tv_sec: 1790344792, tv_nsec: 643395901 }] prepared scene build end 0ms
[SystemTime { tv_sec: 1790344792, tv_nsec: 643433545 }] renderer render begin
[SystemTime { tv_sec: 1790344792, tv_nsec: 644989367 }] native_surface_lifecycle {"acquire_attempts":11,"acquired":11,"active":1,"configuration_generation":1,"configure_attempts":1,"configured_extent":[1280,800],"discarded":0,"frame_submission_receipts_issued":14,"frame_submissions":11,"gpu_completed_through_receipt":13,"host":1,"last_frame_submission_receipt":14,"last_present_receipt":13,"presented":10,"queue_epoch":1,"reason":"submit","wgpu_submission":"Some(SubmissionIndex { index: 14 })","window":"WindowId(31457284)"}
[SystemTime { tv_sec: 1790344792, tv_nsec: 645068454 }] native upload frame window=WindowId(31457284) host=1 renderer=1 queue_epoch=1 surface_generation=1 acquisition=11 submission=14 receipt=Some(UploadFrame { consumers: {"MAIN", "BOARD", "LAYERS", "NAV", "INSPECTOR", "MENU", "TERMINAL"}, owner: 7, attempt: 12, rendered: Some(true), totals: UploadTotals { batches: 1, buffer_payload_bytes: 4384, texture_source_bytes: 0, texture_padding_bytes: 0, scatter_index_bytes: 4368, staging_capacity_bytes: 17488, buffer_copy_bytes: 8752, buffer_copies: 5, texture_copies: 0, scatter_dispatches: 1 } })
[SystemTime { tv_sec: 1790344792, tv_nsec: 645133949 }] native font ownership window=WindowId(31457284) usage=Usage { allocation: Usage { allocator_installed: true, owner_id: 3, label: "renderer-fonts-and-shapes", payload_bytes: 924302, tracking_bytes: 88520, allocations: 11063, peak_payload_bytes: 925507, owner_metadata_bytes: 96 }, returned_shape_bytes: 178048, private_bytes: Some(834774), fixed_font_bytes: Some(772070), cache_reserved_bytes: 62704, last_call: Some(Report { call_id: 1679, owner_id: 3, allocator_installed: true, host_initial_bytes: 342664, host_final_bytes: 342664, process_initial_bytes: 342664, process_final_bytes: 342664, initial_bytes: 62704, final_bytes: 63880, peak_bytes: 64029, host_peak_bytes: 342664, process_peak_bytes: 342664, exceeded: false }) } measurement=Some(Usage { allocation: Usage { allocator_installed: true, owner_id: 13, label: "text-measurement", payload_bytes: 734742, tracking_bytes: 84216, allocations: 10525, peak_payload_bytes: 748214, owner_metadata_bytes: 96 }, returned_shape_bytes: 0, private_bytes: Some(818958), fixed_font_bytes: Some(772070), cache_reserved_bytes: 46888, last_call: Some(Report { call_id: 1173, owner_id: 13, allocator_installed: true, host_initial_bytes: 367656, host_final_bytes: 367656, process_initial_bytes: 367656, process_final_bytes: 367656, initial_bytes: 46888, final_bytes: 46888, peak_bytes: 54192, host_peak_bytes: 367656, process_peak_bytes: 367656, exceeded: false }) }) process_registry_bytes=RegistryUsage { registry_heap_bytes: 136, scope_owner_bytes: 1152, call_slots_static_bytes: 9752 }
[SystemTime { tv_sec: 1790344792, tv_nsec: 645205203 }] native attachment ledger {"attachments":{"allocations":[{"allocation":1,"host":1,"last_submission":14,"owner":8,"payload_bytes":32768000,"release_reason":null}],"completed_retirements":1,"current_payload_bytes":32768000,"device_loss_confirmed":false,"device_loss_retirements":0,"observed_allocations":2,"peak_payload_bytes":54886400,"retiring_payload_bytes":0,"unknown_payload_allocations":0},"queue_epoch":1}
[SystemTime { tv_sec: 1790344792, tv_nsec: 645267628 }] native surface attachment {"allocation":1,"allocations_created":1,"extent":[1280,800],"format":"Bgra8UnormSrgb","gpu_retirement_qualified":false,"host":1,"owner":8,"payload_bytes":32768000,"queue_epoch":1,"samples":8,"state":"current_renderer_reference","window":"WindowId(31457284)"}
[SystemTime { tv_sec: 1790344792, tv_nsec: 645326371 }] renderer render end 1ms
[SystemTime { tv_sec: 1790344792, tv_nsec: 645376291 }] frame present begin
[SystemTime { tv_sec: 1790344792, tv_nsec: 645561207 }] native_surface_lifecycle {"acquire_attempts":11,"acquired":11,"active":0,"configuration_generation":1,"configure_attempts":1,"configured_extent":[1280,800],"discarded":0,"frame_submission_receipts_issued":14,"frame_submissions":11,"gpu_completed_through_receipt":13,"host":1,"last_frame_submission_receipt":14,"last_present_receipt":14,"presented":11,"queue_epoch":1,"reason":"present","wgpu_submission":"Some(SubmissionIndex { index: 14 })","window":"WindowId(31457284)"}
[SystemTime { tv_sec: 1790344792, tv_nsec: 645618203 }] frame present end 0ms total=2ms
[SystemTime { tv_sec: 1790344792, tv_nsec: 645673234 }] native redraw ledger {"attempts":17,"counts":{"coalesced":2,"duplicate_tokens":0,"presentations":11,"received":17,"requested":17,"suppressed":12},"damage":17,"device_generation":1,"host_generation":1,"pending":false,"presented_damage":17,"ready":false,"reason":"presented","rendering":null,"window":"WindowId(31457284)"}
[SystemTime { tv_sec: 1790344792, tv_nsec: 645708468 }] redraw handler end
[SystemTime { tv_sec: 1790344792, tv_nsec: 646092808 }] window event WindowId(31457320) ime Disabled
[SystemTime { tv_sec: 1790344792, tv_nsec: 646167853 }] window event WindowId(31457284) keyboard physical=Code(Enter) logical=Named(Enter) state=Released repeat=false text=Some("\r") synthetic=false
[SystemTime { tv_sec: 1790344792, tv_nsec: 646823498 }] window event WindowId(31457320) redraw requested
[SystemTime { tv_sec: 1790344792, tv_nsec: 646964605 }] native frame round hosts=[WindowId(31457320)]
[SystemTime { tv_sec: 1790344792, tv_nsec: 647045200 }] native_surface_lifecycle {"acquire_attempts":0,"acquired":0,"active":0,"configuration_generation":0,"configure_attempts":0,"configured_extent":null,"discarded":0,"frame_submission_receipts_issued":14,"frame_submissions":0,"gpu_completed_through_receipt":13,"host":3,"last_frame_submission_receipt":0,"last_present_receipt":0,"presented":0,"queue_epoch":1,"reason":"wait_queue","wgpu_submission":"None","window":"WindowId(31457320)"}
[SystemTime { tv_sec: 1790344792, tv_nsec: 647093906 }] native redraw ledger {"attempts":1,"counts":{"coalesced":1,"duplicate_tokens":0,"presentations":0,"received":1,"requested":1,"suppressed":0},"damage":3,"device_generation":1,"host_generation":3,"pending":false,"presented_damage":0,"ready":false,"reason":"not_presented","rendering":null,"window":"WindowId(31457320)"}
[SystemTime { tv_sec: 1790344792, tv_nsec: 650709069 }] native queue progress epoch=1 submitted=14 completed=14
[SystemTime { tv_sec: 1790344792, tv_nsec: 650775939 }] native attachment ledger {"attachments":{"allocations":[{"allocation":1,"host":1,"last_submission":14,"owner":8,"payload_bytes":32768000,"release_reason":null}],"completed_retirements":1,"current_payload_bytes":32768000,"device_loss_confirmed":false,"device_loss_retirements":0,"observed_allocations":2,"peak_payload_bytes":54886400,"retiring_payload_bytes":0,"unknown_payload_allocations":0},"queue_epoch":1}
[SystemTime { tv_sec: 1790344792, tv_nsec: 651345679 }] window event WindowId(31457320) redraw requested
[SystemTime { tv_sec: 1790344792, tv_nsec: 651563324 }] native frame round hosts=[WindowId(31457320)]
[SystemTime { tv_sec: 1790344792, tv_nsec: 651612221 }] surface configure begin
[SystemTime { tv_sec: 1790344792, tv_nsec: 659592719 }] surface configure end
[SystemTime { tv_sec: 1790344792, tv_nsec: 659638774 }] native queue configured host=3 configurations=3 submitted=14 completed=14
[SystemTime { tv_sec: 1790344792, tv_nsec: 659773510 }] native control_meshes window=WindowId(31457320) builds=13
[SystemTime { tv_sec: 1790344792, tv_nsec: 669463843 }] native_surface_lifecycle {"acquire_attempts":1,"acquired":1,"active":1,"configuration_generation":1,"configure_attempts":1,"configured_extent":[960,720],"discarded":0,"frame_submission_receipts_issued":15,"frame_submissions":1,"gpu_completed_through_receipt":14,"host":3,"last_frame_submission_receipt":15,"last_present_receipt":0,"presented":0,"queue_epoch":1,"reason":"submit","wgpu_submission":"Some(SubmissionIndex { index: 15 })","window":"WindowId(31457320)"}
[SystemTime { tv_sec: 1790344792, tv_nsec: 669533903 }] native upload frame window=WindowId(31457320) host=3 renderer=3 queue_epoch=1 surface_generation=1 acquisition=1 submission=15 receipt=Some(UploadFrame { consumers: {"GLOBAL"}, owner: 67, attempt: 1, rendered: Some(true), totals: UploadTotals { batches: 1, buffer_payload_bytes: 42328, texture_source_bytes: 8502, texture_padding_bytes: 381642, scatter_index_bytes: 0, staging_capacity_bytes: 432472, buffer_copy_bytes: 42328, buffer_copies: 3, texture_copies: 216, scatter_dispatches: 0 } })
[SystemTime { tv_sec: 1790344792, tv_nsec: 669577600 }] native font ownership window=WindowId(31457320) usage=Usage { allocation: Usage { allocator_installed: true, owner_id: 22, label: "renderer-fonts-and-shapes", payload_bytes: 828598, tracking_bytes: 85448, allocations: 10679, peak_payload_bytes: 828931, owner_metadata_bytes: 96 }, returned_shape_bytes: 95088, private_bytes: Some(818958), fixed_font_bytes: Some(772070), cache_reserved_bytes: 46888, last_call: Some(Report { call_id: 2155, owner_id: 22, allocator_installed: true, host_initial_bytes: 173469, host_final_bytes: 173493, process_initial_bytes: 477165, process_final_bytes: 477189, initial_bytes: 46888, final_bytes: 46888, peak_bytes: 46888, host_peak_bytes: 173493, process_peak_bytes: 477189, exceeded: false }) } measurement=None process_registry_bytes=RegistryUsage { registry_heap_bytes: 136, scope_owner_bytes: 1152, call_slots_static_bytes: 9752 }
[SystemTime { tv_sec: 1790344792, tv_nsec: 669634175 }] native attachment ledger {"attachments":{"allocations":[{"allocation":1,"host":1,"last_submission":14,"owner":8,"payload_bytes":32768000,"release_reason":null},{"allocation":1,"host":3,"last_submission":15,"owner":68,"payload_bytes":22118400,"release_reason":null}],"completed_retirements":1,"current_payload_bytes":54886400,"device_loss_confirmed":false,"device_loss_retirements":0,"observed_allocations":3,"peak_payload_bytes":54886400,"retiring_payload_bytes":0,"unknown_payload_allocations":0},"queue_epoch":1}
[SystemTime { tv_sec: 1790344792, tv_nsec: 669678480 }] native surface attachment {"allocation":1,"allocations_created":1,"extent":[960,720],"format":"Bgra8UnormSrgb","gpu_retirement_qualified":false,"host":3,"owner":68,"payload_bytes":22118400,"queue_epoch":1,"samples":8,"state":"current_renderer_reference","window":"WindowId(31457320)"}
[SystemTime { tv_sec: 1790344792, tv_nsec: 669813654 }] native_surface_lifecycle {"acquire_attempts":1,"acquired":1,"active":0,"configuration_generation":1,"configure_attempts":1,"configured_extent":[960,720],"discarded":0,"frame_submission_receipts_issued":15,"frame_submissions":1,"gpu_completed_through_receipt":14,"host":3,"last_frame_submission_receipt":15,"last_present_receipt":15,"presented":1,"queue_epoch":1,"reason":"present","wgpu_submission":"Some(SubmissionIndex { index: 15 })","window":"WindowId(31457320)"}
[SystemTime { tv_sec: 1790344792, tv_nsec: 669880201 }] native redraw ledger {"attempts":2,"counts":{"coalesced":1,"duplicate_tokens":0,"presentations":1,"received":2,"requested":2,"suppressed":1},"damage":3,"device_generation":1,"host_generation":3,"pending":false,"presented_damage":3,"ready":false,"reason":"presented","rendering":null,"window":"WindowId(31457320)"}
[SystemTime { tv_sec: 1790344792, tv_nsec: 672094344 }] native queue progress epoch=1 submitted=15 completed=15
[SystemTime { tv_sec: 1790344792, tv_nsec: 672163398 }] native attachment ledger {"attachments":{"allocations":[{"allocation":1,"host":1,"last_submission":14,"owner":8,"payload_bytes":32768000,"release_reason":null},{"allocation":1,"host":3,"last_submission":15,"owner":68,"payload_bytes":22118400,"release_reason":null}],"completed_retirements":1,"current_payload_bytes":54886400,"device_loss_confirmed":false,"device_loss_retirements":0,"observed_allocations":3,"peak_payload_bytes":54886400,"retiring_payload_bytes":0,"unknown_payload_allocations":0},"queue_epoch":1}
[SystemTime { tv_sec: 1790344792, tv_nsec: 672312545 }] window event WindowId(31457320) focused false
[SystemTime { tv_sec: 1790344792, tv_nsec: 672573367 }] window event WindowId(31457320) occluded false
[SystemTime { tv_sec: 1790344792, tv_nsec: 673038009 }] window event WindowId(31457284) modifiers changed ModifiersState(0x0)
[SystemTime { tv_sec: 1790344792, tv_nsec: 673440167 }] window event WindowId(31457284) focused false
[SystemTime { tv_sec: 1790344792, tv_nsec: 673871562 }] window event WindowId(31457320) focused true
[SystemTime { tv_sec: 1790344792, tv_nsec: 675224765 }] window event WindowId(31457320) modifiers changed ModifiersState(0x0)
[SystemTime { tv_sec: 1790344792, tv_nsec: 675291582 }] window event WindowId(31457320) cursor moved 467.00,170.00
[SystemTime { tv_sec: 1790344792, tv_nsec: 675349128 }] window event WindowId(31457320) occluded false
[SystemTime { tv_sec: 1790344792, tv_nsec: 678358321 }] window event WindowId(31457320) resized 960x720
[SystemTime { tv_sec: 1790344792, tv_nsec: 678445833 }] window event WindowId(31457320) redraw requested
[SystemTime { tv_sec: 1790344792, tv_nsec: 678495736 }] native frame round hosts=[WindowId(31457320)]
[SystemTime { tv_sec: 1790344792, tv_nsec: 679100385 }] native_surface_lifecycle {"acquire_attempts":2,"acquired":2,"active":1,"configuration_generation":1,"configure_attempts":1,"configured_extent":[960,720],"discarded":0,"frame_submission_receipts_issued":16,"frame_submissions":2,"gpu_completed_through_receipt":15,"host":3,"last_frame_submission_receipt":16,"last_present_receipt":15,"presented":1,"queue_epoch":1,"reason":"submit","wgpu_submission":"Some(SubmissionIndex { index: 16 })","window":"WindowId(31457320)"}
[SystemTime { tv_sec: 1790344792, tv_nsec: 679155304 }] native upload frame window=WindowId(31457320) host=3 renderer=3 queue_epoch=1 surface_generation=1 acquisition=2 submission=16 receipt=Some(UploadFrame { consumers: {"GLOBAL"}, owner: 67, attempt: 2, rendered: Some(true), totals: UploadTotals { batches: 0, buffer_payload_bytes: 0, texture_source_bytes: 0, texture_padding_bytes: 0, scatter_index_bytes: 0, staging_capacity_bytes: 0, buffer_copy_bytes: 0, buffer_copies: 0, texture_copies: 0, scatter_dispatches: 0 } })
[SystemTime { tv_sec: 1790344792, tv_nsec: 679204566 }] native font ownership window=WindowId(31457320) usage=Usage { allocation: Usage { allocator_installed: true, owner_id: 22, label: "renderer-fonts-and-shapes", payload_bytes: 828598, tracking_bytes: 85448, allocations: 10679, peak_payload_bytes: 828931, owner_metadata_bytes: 96 }, returned_shape_bytes: 95088, private_bytes: Some(818958), fixed_font_bytes: Some(772070), cache_reserved_bytes: 46888, last_call: Some(Report { call_id: 2155, owner_id: 22, allocator_installed: true, host_initial_bytes: 173469, host_final_bytes: 173493, process_initial_bytes: 477165, process_final_bytes: 477189, initial_bytes: 46888, final_bytes: 46888, peak_bytes: 46888, host_peak_bytes: 173493, process_peak_bytes: 477189, exceeded: false }) } measurement=None process_registry_bytes=RegistryUsage { registry_heap_bytes: 136, scope_owner_bytes: 1152, call_slots_static_bytes: 9752 }
[SystemTime { tv_sec: 1790344792, tv_nsec: 679266096 }] native attachment ledger {"attachments":{"allocations":[{"allocation":1,"host":1,"last_submission":14,"owner":8,"payload_bytes":32768000,"release_reason":null},{"allocation":1,"host":3,"last_submission":16,"owner":68,"payload_bytes":22118400,"release_reason":null}],"completed_retirements":1,"current_payload_bytes":54886400,"device_loss_confirmed":false,"device_loss_retirements":0,"observed_allocations":3,"peak_payload_bytes":54886400,"retiring_payload_bytes":0,"unknown_payload_allocations":0},"queue_epoch":1}
[SystemTime { tv_sec: 1790344792, tv_nsec: 679319202 }] native surface attachment {"allocation":1,"allocations_created":1,"extent":[960,720],"format":"Bgra8UnormSrgb","gpu_retirement_qualified":false,"host":3,"owner":68,"payload_bytes":22118400,"queue_epoch":1,"samples":8,"state":"current_renderer_reference","window":"WindowId(31457320)"}
[SystemTime { tv_sec: 1790344792, tv_nsec: 679445014 }] native_surface_lifecycle {"acquire_attempts":2,"acquired":2,"active":0,"configuration_generation":1,"configure_attempts":1,"configured_extent":[960,720],"discarded":0,"frame_submission_receipts_issued":16,"frame_submissions":2,"gpu_completed_through_receipt":15,"host":3,"last_frame_submission_receipt":16,"last_present_receipt":16,"presented":2,"queue_epoch":1,"reason":"present","wgpu_submission":"Some(SubmissionIndex { index: 16 })","window":"WindowId(31457320)"}
[SystemTime { tv_sec: 1790344792, tv_nsec: 679503943 }] native redraw ledger {"attempts":3,"counts":{"coalesced":1,"duplicate_tokens":0,"presentations":2,"received":3,"requested":2,"suppressed":2},"damage":4,"device_generation":1,"host_generation":3,"pending":false,"presented_damage":4,"ready":false,"reason":"presented","rendering":null,"window":"WindowId(31457320)"}
[SystemTime { tv_sec: 1790344792, tv_nsec: 683307899 }] native queue progress epoch=1 submitted=16 completed=16
[SystemTime { tv_sec: 1790344792, tv_nsec: 683382935 }] native attachment ledger {"attachments":{"allocations":[{"allocation":1,"host":1,"last_submission":14,"owner":8,"payload_bytes":32768000,"release_reason":null},{"allocation":1,"host":3,"last_submission":16,"owner":68,"payload_bytes":22118400,"release_reason":null}],"completed_retirements":1,"current_payload_bytes":54886400,"device_loss_confirmed":false,"device_loss_retirements":0,"observed_allocations":3,"peak_payload_bytes":54886400,"retiring_payload_bytes":0,"unknown_payload_allocations":0},"queue_epoch":1}
[SystemTime { tv_sec: 1790344792, tv_nsec: 693145858 }] window event WindowId(31457320) keyboard physical=Code(Escape) logical=Named(Escape) state=Pressed repeat=false text=Some("\u{1b}") synthetic=false
[SystemTime { tv_sec: 1790344792, tv_nsec: 693247410 }] window event WindowId(31457320) redraw requested
[SystemTime { tv_sec: 1790344792, tv_nsec: 693277101 }] window event WindowId(31457284) redraw requested
[SystemTime { tv_sec: 1790344792, tv_nsec: 693406183 }] native redraw ledger {"attempts":3,"counts":{"coalesced":1,"duplicate_tokens":0,"presentations":2,"received":4,"requested":3,"suppressed":2},"damage":5,"device_generation":1,"host_generation":3,"pending":true,"presented_damage":4,"ready":true,"reason":"closed","rendering":null,"window":"WindowId(31457320)"}
[SystemTime { tv_sec: 1790344792, tv_nsec: 715160895 }] native_surface_lifecycle {"acquire_attempts":2,"acquired":2,"active":0,"configuration_generation":1,"configure_attempts":1,"configured_extent":[960,720],"discarded":0,"frame_submission_receipts_issued":16,"frame_submissions":2,"gpu_completed_through_receipt":16,"host":3,"last_frame_submission_receipt":16,"last_present_receipt":16,"presented":2,"queue_epoch":1,"reason":"owner_drop","wgpu_submission":"Some(SubmissionIndex { index: 16 })","window":"WindowId(31457320)"}
[SystemTime { tv_sec: 1790344792, tv_nsec: 715192252 }] native attachment ledger {"attachments":{"allocations":[{"allocation":1,"host":1,"last_submission":14,"owner":8,"payload_bytes":32768000,"release_reason":null}],"completed_retirements":2,"current_payload_bytes":32768000,"device_loss_confirmed":false,"device_loss_retirements":0,"observed_allocations":3,"peak_payload_bytes":54886400,"retiring_payload_bytes":0,"unknown_payload_allocations":0},"queue_epoch":1}
[SystemTime { tv_sec: 1790344792, tv_nsec: 715487256 }] native frame round hosts=[WindowId(31457284)]
[SystemTime { tv_sec: 1790344792, tv_nsec: 715509076 }] redraw handler begin
[SystemTime { tv_sec: 1790344792, tv_nsec: 715554315 }] render scene prepare begin retained_cached=true
[SystemTime { tv_sec: 1790344792, tv_nsec: 715570119 }] prepared scene build begin
[SystemTime { tv_sec: 1790344792, tv_nsec: 715688461 }] native control_meshes window=WindowId(31457284) builds=1
[SystemTime { tv_sec: 1790344792, tv_nsec: 715705858 }] prepared scene build end 0ms
[SystemTime { tv_sec: 1790344792, tv_nsec: 715727873 }] renderer render begin
[SystemTime { tv_sec: 1790344792, tv_nsec: 716456316 }] native_surface_lifecycle {"acquire_attempts":12,"acquired":12,"active":1,"configuration_generation":1,"configure_attempts":1,"configured_extent":[1280,800],"discarded":0,"frame_submission_receipts_issued":17,"frame_submissions":12,"gpu_completed_through_receipt":16,"host":1,"last_frame_submission_receipt":17,"last_present_receipt":14,"presented":11,"queue_epoch":1,"reason":"submit","wgpu_submission":"Some(SubmissionIndex { index: 17 })","window":"WindowId(31457284)"}
[SystemTime { tv_sec: 1790344792, tv_nsec: 716500856 }] native upload frame window=WindowId(31457284) host=1 renderer=1 queue_epoch=1 surface_generation=1 acquisition=12 submission=17 receipt=Some(UploadFrame { consumers: {"MAIN", "BOARD", "LAYERS", "NAV", "INSPECTOR", "MENU", "TERMINAL"}, owner: 7, attempt: 13, rendered: Some(true), totals: UploadTotals { batches: 1, buffer_payload_bytes: 12676, texture_source_bytes: 0, texture_padding_bytes: 0, scatter_index_bytes: 12604, staging_capacity_bytes: 50488, buffer_copy_bytes: 25280, buffer_copies: 19, texture_copies: 0, scatter_dispatches: 1 } })
[SystemTime { tv_sec: 1790344792, tv_nsec: 716524053 }] native font ownership window=WindowId(31457284) usage=Usage { allocation: Usage { allocator_installed: true, owner_id: 3, label: "renderer-fonts-and-shapes", payload_bytes: 925390, tracking_bytes: 88544, allocations: 11066, peak_payload_bytes: 925507, owner_metadata_bytes: 96 }, returned_shape_bytes: 179160, private_bytes: Some(834774), fixed_font_bytes: Some(772070), cache_reserved_bytes: 62704, last_call: Some(Report { call_id: 2156, owner_id: 3, allocator_installed: true, host_initial_bytes: 339856, host_final_bytes: 339856, process_initial_bytes: 339856, process_final_bytes: 339856, initial_bytes: 62704, final_bytes: 63816, peak_bytes: 63959, host_peak_bytes: 339856, process_peak_bytes: 339856, exceeded: false }) } measurement=Some(Usage { allocation: Usage { allocator_installed: true, owner_id: 13, label: "text-measurement", payload_bytes: 734742, tracking_bytes: 84216, allocations: 10525, peak_payload_bytes: 748214, owner_metadata_bytes: 96 }, returned_shape_bytes: 0, private_bytes: Some(818958), fixed_font_bytes: Some(772070), cache_reserved_bytes: 46888, last_call: Some(Report { call_id: 1173, owner_id: 13, allocator_installed: true, host_initial_bytes: 367656, host_final_bytes: 367656, process_initial_bytes: 367656, process_final_bytes: 367656, initial_bytes: 46888, final_bytes: 46888, peak_bytes: 54192, host_peak_bytes: 367656, process_peak_bytes: 367656, exceeded: false }) }) process_registry_bytes=RegistryUsage { registry_heap_bytes: 136, scope_owner_bytes: 1152, call_slots_static_bytes: 9752 }
[SystemTime { tv_sec: 1790344792, tv_nsec: 716547700 }] native attachment ledger {"attachments":{"allocations":[{"allocation":1,"host":1,"last_submission":17,"owner":8,"payload_bytes":32768000,"release_reason":null}],"completed_retirements":2,"current_payload_bytes":32768000,"device_loss_confirmed":false,"device_loss_retirements":0,"observed_allocations":3,"peak_payload_bytes":54886400,"retiring_payload_bytes":0,"unknown_payload_allocations":0},"queue_epoch":1}
[SystemTime { tv_sec: 1790344792, tv_nsec: 716568166 }] native surface attachment {"allocation":1,"allocations_created":1,"extent":[1280,800],"format":"Bgra8UnormSrgb","gpu_retirement_qualified":false,"host":1,"owner":8,"payload_bytes":32768000,"queue_epoch":1,"samples":8,"state":"current_renderer_reference","window":"WindowId(31457284)"}
[SystemTime { tv_sec: 1790344792, tv_nsec: 716584129 }] renderer render end 0ms
[SystemTime { tv_sec: 1790344792, tv_nsec: 716599543 }] frame present begin
[SystemTime { tv_sec: 1790344792, tv_nsec: 716650221 }] native_surface_lifecycle {"acquire_attempts":12,"acquired":12,"active":0,"configuration_generation":1,"configure_attempts":1,"configured_extent":[1280,800],"discarded":0,"frame_submission_receipts_issued":17,"frame_submissions":12,"gpu_completed_through_receipt":16,"host":1,"last_frame_submission_receipt":17,"last_present_receipt":17,"presented":12,"queue_epoch":1,"reason":"present","wgpu_submission":"Some(SubmissionIndex { index: 17 })","window":"WindowId(31457284)"}
[SystemTime { tv_sec: 1790344792, tv_nsec: 716675979 }] frame present end 0ms total=1ms
[SystemTime { tv_sec: 1790344792, tv_nsec: 716721574 }] native redraw ledger {"attempts":18,"counts":{"coalesced":2,"duplicate_tokens":0,"presentations":12,"received":18,"requested":18,"suppressed":13},"damage":18,"device_generation":1,"host_generation":1,"pending":false,"presented_damage":18,"ready":false,"reason":"presented","rendering":null,"window":"WindowId(31457284)"}
[SystemTime { tv_sec: 1790344792, tv_nsec: 716762303 }] redraw handler end
[SystemTime { tv_sec: 1790344792, tv_nsec: 717324348 }] window event WindowId(31457284) focused true
[SystemTime { tv_sec: 1790344792, tv_nsec: 717755060 }] window event WindowId(31457284) modifiers changed ModifiersState(0x0)
[SystemTime { tv_sec: 1790344792, tv_nsec: 717828028 }] window event WindowId(31457284) cursor moved 148.00,16.00
[SystemTime { tv_sec: 1790344792, tv_nsec: 718143835 }] window event WindowId(31457284) modifiers changed ModifiersState(0x0)
[SystemTime { tv_sec: 1790344792, tv_nsec: 718439392 }] window event WindowId(31457284) focused false
[SystemTime { tv_sec: 1790344792, tv_nsec: 718711045 }] window event WindowId(31457284) focused true
[SystemTime { tv_sec: 1790344792, tv_nsec: 719136186 }] window event WindowId(31457284) modifiers changed ModifiersState(0x0)
[SystemTime { tv_sec: 1790344792, tv_nsec: 719176597 }] window event WindowId(31457284) cursor moved 148.00,16.00
[SystemTime { tv_sec: 1790344792, tv_nsec: 719572393 }] window event WindowId(31457284) keyboard physical=Code(Escape) logical=Named(Escape) state=Released repeat=false text=Some("\u{1b}") synthetic=false
[SystemTime { tv_sec: 1790344792, tv_nsec: 719608892 }] pan key physical=Code(Escape) logical=Named(Escape) state=Released repeat=false pointer_in_scene=false held=false consumed=false
[SystemTime { tv_sec: 1790344792, tv_nsec: 719948560 }] window event WindowId(31457320) destroyed
[SystemTime { tv_sec: 1790344792, tv_nsec: 739364958 }] window event WindowId(31457284) modifiers changed ModifiersState(0x0)
[SystemTime { tv_sec: 1790344792, tv_nsec: 739495232 }] window event WindowId(31457284) mouse input Left Pressed
[SystemTime { tv_sec: 1790344792, tv_nsec: 739570977 }] pan primary pressed cursor=Some((148.0, 16.0)) pointer_in_scene=false held=false active=false
[SystemTime { tv_sec: 1790344792, tv_nsec: 739617898 }] window event WindowId(31457284) modifiers changed ModifiersState(0x0)
[SystemTime { tv_sec: 1790344792, tv_nsec: 739641657 }] window event WindowId(31457284) modifiers changed ModifiersState(0x0)
[SystemTime { tv_sec: 1790344792, tv_nsec: 739665209 }] window event WindowId(31457284) mouse input Left Released
[SystemTime { tv_sec: 1790344792, tv_nsec: 739695862 }] pan primary released cursor=Some((148.0, 16.0)) suppress_click=false
[SystemTime { tv_sec: 1790344792, tv_nsec: 739821923 }] window event WindowId(31457284) modifiers changed ModifiersState(0x0)
[SystemTime { tv_sec: 1790344792, tv_nsec: 739858001 }] window event WindowId(31457284) redraw requested
[SystemTime { tv_sec: 1790344792, tv_nsec: 739889724 }] native frame round hosts=[WindowId(31457284)]
[SystemTime { tv_sec: 1790344792, tv_nsec: 739915780 }] redraw handler begin
[SystemTime { tv_sec: 1790344792, tv_nsec: 739974045 }] native_surface_lifecycle {"acquire_attempts":12,"acquired":12,"active":0,"configuration_generation":1,"configure_attempts":1,"configured_extent":[1280,800],"discarded":0,"frame_submission_receipts_issued":17,"frame_submissions":12,"gpu_completed_through_receipt":16,"host":1,"last_frame_submission_receipt":17,"last_present_receipt":17,"presented":12,"queue_epoch":1,"reason":"wait_queue","wgpu_submission":"Some(SubmissionIndex { index: 17 })","window":"WindowId(31457284)"}
[SystemTime { tv_sec: 1790344792, tv_nsec: 740002650 }] native redraw ledger {"attempts":19,"counts":{"coalesced":2,"duplicate_tokens":0,"presentations":12,"received":19,"requested":19,"suppressed":13},"damage":19,"device_generation":1,"host_generation":1,"pending":false,"presented_damage":18,"ready":false,"reason":"not_presented","rendering":null,"window":"WindowId(31457284)"}
[SystemTime { tv_sec: 1790344792, tv_nsec: 755357614 }] native queue progress epoch=1 submitted=17 completed=17
[SystemTime { tv_sec: 1790344792, tv_nsec: 755435786 }] native attachment ledger {"attachments":{"allocations":[{"allocation":1,"host":1,"last_submission":17,"owner":8,"payload_bytes":32768000,"release_reason":null}],"completed_retirements":2,"current_payload_bytes":32768000,"device_loss_confirmed":false,"device_loss_retirements":0,"observed_allocations":3,"peak_payload_bytes":54886400,"retiring_payload_bytes":0,"unknown_payload_allocations":0},"queue_epoch":1}
[SystemTime { tv_sec: 1790344792, tv_nsec: 756872435 }] window event WindowId(31457284) redraw requested
[SystemTime { tv_sec: 1790344792, tv_nsec: 756957383 }] native frame round hosts=[WindowId(31457284)]
[SystemTime { tv_sec: 1790344792, tv_nsec: 756997963 }] redraw handler begin
[SystemTime { tv_sec: 1790344792, tv_nsec: 757067501 }] render scene prepare begin retained_cached=true
[SystemTime { tv_sec: 1790344792, tv_nsec: 757107012 }] prepared scene build begin
[SystemTime { tv_sec: 1790344792, tv_nsec: 757437278 }] native control_meshes window=WindowId(31457284) builds=1
[SystemTime { tv_sec: 1790344792, tv_nsec: 757486070 }] prepared scene build end 0ms
[SystemTime { tv_sec: 1790344792, tv_nsec: 757529866 }] renderer render begin
[SystemTime { tv_sec: 1790344792, tv_nsec: 759277445 }] native_surface_lifecycle {"acquire_attempts":13,"acquired":13,"active":1,"configuration_generation":1,"configure_attempts":1,"configured_extent":[1280,800],"discarded":0,"frame_submission_receipts_issued":18,"frame_submissions":13,"gpu_completed_through_receipt":17,"host":1,"last_frame_submission_receipt":18,"last_present_receipt":17,"presented":12,"queue_epoch":1,"reason":"submit","wgpu_submission":"Some(SubmissionIndex { index: 18 })","window":"WindowId(31457284)"}
[SystemTime { tv_sec: 1790344792, tv_nsec: 759382398 }] native upload frame window=WindowId(31457284) host=1 renderer=1 queue_epoch=1 surface_generation=1 acquisition=13 submission=18 receipt=Some(UploadFrame { consumers: {"MAIN", "BOARD", "LAYERS", "NAV", "INSPECTOR", "MENU", "TERMINAL"}, owner: 7, attempt: 14, rendered: Some(true), totals: UploadTotals { batches: 1, buffer_payload_bytes: 19660, texture_source_bytes: 0, texture_padding_bytes: 0, scatter_index_bytes: 17740, staging_capacity_bytes: 72880, buffer_copy_bytes: 37400, buffer_copies: 3, texture_copies: 0, scatter_dispatches: 2 } })
[SystemTime { tv_sec: 1790344792, tv_nsec: 759439236 }] native font ownership window=WindowId(31457284) usage=Usage { allocation: Usage { allocator_installed: true, owner_id: 3, label: "renderer-fonts-and-shapes", payload_bytes: 925390, tracking_bytes: 88544, allocations: 11066, peak_payload_bytes: 925507, owner_metadata_bytes: 96 }, returned_shape_bytes: 179160, private_bytes: Some(834774), fixed_font_bytes: Some(772070), cache_reserved_bytes: 62704, last_call: Some(Report { call_id: 2157, owner_id: 3, allocator_installed: true, host_initial_bytes: 342664, host_final_bytes: 342664, process_initial_bytes: 342664, process_final_bytes: 342664, initial_bytes: 62704, final_bytes: 63880, peak_bytes: 64029, host_peak_bytes: 342664, process_peak_bytes: 342664, exceeded: false }) } measurement=Some(Usage { allocation: Usage { allocator_installed: true, owner_id: 13, label: "text-measurement", payload_bytes: 734742, tracking_bytes: 84216, allocations: 10525, peak_payload_bytes: 748214, owner_metadata_bytes: 96 }, returned_shape_bytes: 0, private_bytes: Some(818958), fixed_font_bytes: Some(772070), cache_reserved_bytes: 46888, last_call: Some(Report { call_id: 1173, owner_id: 13, allocator_installed: true, host_initial_bytes: 367656, host_final_bytes: 367656, process_initial_bytes: 367656, process_final_bytes: 367656, initial_bytes: 46888, final_bytes: 46888, peak_bytes: 54192, host_peak_bytes: 367656, process_peak_bytes: 367656, exceeded: false }) }) process_registry_bytes=RegistryUsage { registry_heap_bytes: 136, scope_owner_bytes: 1152, call_slots_static_bytes: 9752 }
[SystemTime { tv_sec: 1790344792, tv_nsec: 759511643 }] native attachment ledger {"attachments":{"allocations":[{"allocation":1,"host":1,"last_submission":18,"owner":8,"payload_bytes":32768000,"release_reason":null}],"completed_retirements":2,"current_payload_bytes":32768000,"device_loss_confirmed":false,"device_loss_retirements":0,"observed_allocations":3,"peak_payload_bytes":54886400,"retiring_payload_bytes":0,"unknown_payload_allocations":0},"queue_epoch":1}
[SystemTime { tv_sec: 1790344792, tv_nsec: 759563495 }] native surface attachment {"allocation":1,"allocations_created":1,"extent":[1280,800],"format":"Bgra8UnormSrgb","gpu_retirement_qualified":false,"host":1,"owner":8,"payload_bytes":32768000,"queue_epoch":1,"samples":8,"state":"current_renderer_reference","window":"WindowId(31457284)"}
[SystemTime { tv_sec: 1790344792, tv_nsec: 759603408 }] renderer render end 2ms
[SystemTime { tv_sec: 1790344792, tv_nsec: 759642509 }] frame present begin
[SystemTime { tv_sec: 1790344792, tv_nsec: 759768810 }] native_surface_lifecycle {"acquire_attempts":13,"acquired":13,"active":0,"configuration_generation":1,"configure_attempts":1,"configured_extent":[1280,800],"discarded":0,"frame_submission_receipts_issued":18,"frame_submissions":13,"gpu_completed_through_receipt":17,"host":1,"last_frame_submission_receipt":18,"last_present_receipt":18,"presented":13,"queue_epoch":1,"reason":"present","wgpu_submission":"Some(SubmissionIndex { index: 18 })","window":"WindowId(31457284)"}
[SystemTime { tv_sec: 1790344792, tv_nsec: 759824875 }] frame present end 0ms total=2ms
[SystemTime { tv_sec: 1790344792, tv_nsec: 759883395 }] native redraw ledger {"attempts":20,"counts":{"coalesced":2,"duplicate_tokens":0,"presentations":13,"received":20,"requested":20,"suppressed":14},"damage":19,"device_generation":1,"host_generation":1,"pending":false,"presented_damage":19,"ready":false,"reason":"presented","rendering":null,"window":"WindowId(31457284)"}
[SystemTime { tv_sec: 1790344792, tv_nsec: 759925139 }] redraw handler end
[SystemTime { tv_sec: 1790344792, tv_nsec: 770838351 }] native queue progress epoch=1 submitted=18 completed=18
[SystemTime { tv_sec: 1790344792, tv_nsec: 770924785 }] native attachment ledger {"attachments":{"allocations":[{"allocation":1,"host":1,"last_submission":18,"owner":8,"payload_bytes":32768000,"release_reason":null}],"completed_retirements":2,"current_payload_bytes":32768000,"device_loss_confirmed":false,"device_loss_retirements":0,"observed_allocations":3,"peak_payload_bytes":54886400,"retiring_payload_bytes":0,"unknown_payload_allocations":0},"queue_epoch":1}
[SystemTime { tv_sec: 1790344792, tv_nsec: 849386510 }] window event WindowId(31457284) keyboard physical=Code(ArrowUp) logical=Named(ArrowUp) state=Pressed repeat=false text=None synthetic=false
[SystemTime { tv_sec: 1790344792, tv_nsec: 849645014 }] window event WindowId(31457284) redraw requested
[SystemTime { tv_sec: 1790344792, tv_nsec: 849708243 }] native frame round hosts=[WindowId(31457284)]
[SystemTime { tv_sec: 1790344792, tv_nsec: 849757465 }] redraw handler begin
[SystemTime { tv_sec: 1790344792, tv_nsec: 849835387 }] render scene prepare begin retained_cached=true
[SystemTime { tv_sec: 1790344792, tv_nsec: 849884138 }] prepared scene build begin
[SystemTime { tv_sec: 1790344792, tv_nsec: 850255166 }] native control_meshes window=WindowId(31457284) builds=1
[SystemTime { tv_sec: 1790344792, tv_nsec: 850311497 }] prepared scene build end 0ms
[SystemTime { tv_sec: 1790344792, tv_nsec: 850364983 }] renderer render begin
[SystemTime { tv_sec: 1790344792, tv_nsec: 852327134 }] native_surface_lifecycle {"acquire_attempts":14,"acquired":14,"active":1,"configuration_generation":1,"configure_attempts":1,"configured_extent":[1280,800],"discarded":0,"frame_submission_receipts_issued":19,"frame_submissions":14,"gpu_completed_through_receipt":18,"host":1,"last_frame_submission_receipt":19,"last_present_receipt":18,"presented":13,"queue_epoch":1,"reason":"submit","wgpu_submission":"Some(SubmissionIndex { index: 19 })","window":"WindowId(31457284)"}
[SystemTime { tv_sec: 1790344792, tv_nsec: 852472359 }] native upload frame window=WindowId(31457284) host=1 renderer=1 queue_epoch=1 surface_generation=1 acquisition=14 submission=19 receipt=Some(UploadFrame { consumers: {"MAIN", "BOARD", "LAYERS", "NAV", "INSPECTOR", "MENU", "TERMINAL"}, owner: 7, attempt: 15, rendered: Some(true), totals: UploadTotals { batches: 1, buffer_payload_bytes: 984, texture_source_bytes: 0, texture_padding_bytes: 0, scatter_index_bytes: 0, staging_capacity_bytes: 984, buffer_copy_bytes: 984, buffer_copies: 57, texture_copies: 0, scatter_dispatches: 0 } })
[SystemTime { tv_sec: 1790344792, tv_nsec: 852537371 }] native font ownership window=WindowId(31457284) usage=Usage { allocation: Usage { allocator_installed: true, owner_id: 3, label: "renderer-fonts-and-shapes", payload_bytes: 924302, tracking_bytes: 88520, allocations: 11063, peak_payload_bytes: 925507, owner_metadata_bytes: 96 }, returned_shape_bytes: 178048, private_bytes: Some(834774), fixed_font_bytes: Some(772070), cache_reserved_bytes: 62704, last_call: Some(Report { call_id: 2157, owner_id: 3, allocator_installed: true, host_initial_bytes: 342664, host_final_bytes: 342664, process_initial_bytes: 342664, process_final_bytes: 342664, initial_bytes: 62704, final_bytes: 63880, peak_bytes: 64029, host_peak_bytes: 342664, process_peak_bytes: 342664, exceeded: false }) } measurement=Some(Usage { allocation: Usage { allocator_installed: true, owner_id: 13, label: "text-measurement", payload_bytes: 734742, tracking_bytes: 84216, allocations: 10525, peak_payload_bytes: 748214, owner_metadata_bytes: 96 }, returned_shape_bytes: 0, private_bytes: Some(818958), fixed_font_bytes: Some(772070), cache_reserved_bytes: 46888, last_call: Some(Report { call_id: 1173, owner_id: 13, allocator_installed: true, host_initial_bytes: 367656, host_final_bytes: 367656, process_initial_bytes: 367656, process_final_bytes: 367656, initial_bytes: 46888, final_bytes: 46888, peak_bytes: 54192, host_peak_bytes: 367656, process_peak_bytes: 367656, exceeded: false }) }) process_registry_bytes=RegistryUsage { registry_heap_bytes: 136, scope_owner_bytes: 1152, call_slots_static_bytes: 9752 }
[SystemTime { tv_sec: 1790344792, tv_nsec: 852605318 }] native attachment ledger {"attachments":{"allocations":[{"allocation":1,"host":1,"last_submission":19,"owner":8,"payload_bytes":32768000,"release_reason":null}],"completed_retirements":2,"current_payload_bytes":32768000,"device_loss_confirmed":false,"device_loss_retirements":0,"observed_allocations":3,"peak_payload_bytes":54886400,"retiring_payload_bytes":0,"unknown_payload_allocations":0},"queue_epoch":1}
[SystemTime { tv_sec: 1790344792, tv_nsec: 852665069 }] native surface attachment {"allocation":1,"allocations_created":1,"extent":[1280,800],"format":"Bgra8UnormSrgb","gpu_retirement_qualified":false,"host":1,"owner":8,"payload_bytes":32768000,"queue_epoch":1,"samples":8,"state":"current_renderer_reference","window":"WindowId(31457284)"}
[SystemTime { tv_sec: 1790344792, tv_nsec: 852711103 }] renderer render end 2ms
[SystemTime { tv_sec: 1790344792, tv_nsec: 852755290 }] frame present begin
[SystemTime { tv_sec: 1790344792, tv_nsec: 852948365 }] native_surface_lifecycle {"acquire_attempts":14,"acquired":14,"active":0,"configuration_generation":1,"configure_attempts":1,"configured_extent":[1280,800],"discarded":0,"frame_submission_receipts_issued":19,"frame_submissions":14,"gpu_completed_through_receipt":18,"host":1,"last_frame_submission_receipt":19,"last_present_receipt":19,"presented":14,"queue_epoch":1,"reason":"present","wgpu_submission":"Some(SubmissionIndex { index: 19 })","window":"WindowId(31457284)"}
[SystemTime { tv_sec: 1790344792, tv_nsec: 853038416 }] frame present end 0ms total=3ms
[SystemTime { tv_sec: 1790344792, tv_nsec: 853107580 }] native redraw ledger {"attempts":21,"counts":{"coalesced":2,"duplicate_tokens":0,"presentations":14,"received":21,"requested":21,"suppressed":15},"damage":20,"device_generation":1,"host_generation":1,"pending":false,"presented_damage":20,"ready":false,"reason":"presented","rendering":null,"window":"WindowId(31457284)"}
[SystemTime { tv_sec: 1790344792, tv_nsec: 853162015 }] redraw handler end
[SystemTime { tv_sec: 1790344792, tv_nsec: 860199154 }] window event WindowId(31457284) keyboard physical=Code(ArrowUp) logical=Named(ArrowUp) state=Released repeat=false text=None synthetic=false
[SystemTime { tv_sec: 1790344792, tv_nsec: 860285336 }] window event WindowId(31457284) redraw requested
[SystemTime { tv_sec: 1790344792, tv_nsec: 860341077 }] native frame round hosts=[WindowId(31457284)]
[SystemTime { tv_sec: 1790344792, tv_nsec: 860389138 }] redraw handler begin
[SystemTime { tv_sec: 1790344792, tv_nsec: 860498107 }] native_surface_lifecycle {"acquire_attempts":14,"acquired":14,"active":0,"configuration_generation":1,"configure_attempts":1,"configured_extent":[1280,800],"discarded":0,"frame_submission_receipts_issued":19,"frame_submissions":14,"gpu_completed_through_receipt":18,"host":1,"last_frame_submission_receipt":19,"last_present_receipt":19,"presented":14,"queue_epoch":1,"reason":"wait_queue","wgpu_submission":"Some(SubmissionIndex { index: 19 })","window":"WindowId(31457284)"}
[SystemTime { tv_sec: 1790344792, tv_nsec: 860569883 }] native redraw ledger {"attempts":22,"counts":{"coalesced":2,"duplicate_tokens":0,"presentations":14,"received":22,"requested":22,"suppressed":15},"damage":21,"device_generation":1,"host_generation":1,"pending":false,"presented_damage":20,"ready":false,"reason":"not_presented","rendering":null,"window":"WindowId(31457284)"}
[SystemTime { tv_sec: 1790344792, tv_nsec: 871107670 }] window event WindowId(31457284) keyboard physical=Code(ArrowRight) logical=Named(ArrowRight) state=Pressed repeat=false text=None synthetic=false
[SystemTime { tv_sec: 1790344792, tv_nsec: 871317877 }] window event WindowId(31457284) redraw requested
[SystemTime { tv_sec: 1790344792, tv_nsec: 871375543 }] native frame round hosts=[WindowId(31457284)]
[SystemTime { tv_sec: 1790344792, tv_nsec: 871424360 }] redraw handler begin
[SystemTime { tv_sec: 1790344792, tv_nsec: 871542275 }] native_surface_lifecycle {"acquire_attempts":14,"acquired":14,"active":0,"configuration_generation":1,"configure_attempts":1,"configured_extent":[1280,800],"discarded":0,"frame_submission_receipts_issued":19,"frame_submissions":14,"gpu_completed_through_receipt":18,"host":1,"last_frame_submission_receipt":19,"last_present_receipt":19,"presented":14,"queue_epoch":1,"reason":"wait_queue","wgpu_submission":"Some(SubmissionIndex { index: 19 })","window":"WindowId(31457284)"}
[SystemTime { tv_sec: 1790344792, tv_nsec: 871615263 }] native redraw ledger {"attempts":23,"counts":{"coalesced":2,"duplicate_tokens":0,"presentations":14,"received":23,"requested":23,"suppressed":15},"damage":22,"device_generation":1,"host_generation":1,"pending":false,"presented_damage":20,"ready":false,"reason":"not_presented","rendering":null,"window":"WindowId(31457284)"}
[SystemTime { tv_sec: 1790344792, tv_nsec: 874728220 }] native queue progress epoch=1 submitted=19 completed=19
[SystemTime { tv_sec: 1790344792, tv_nsec: 874828182 }] native attachment ledger {"attachments":{"allocations":[{"allocation":1,"host":1,"last_submission":19,"owner":8,"payload_bytes":32768000,"release_reason":null}],"completed_retirements":2,"current_payload_bytes":32768000,"device_loss_confirmed":false,"device_loss_retirements":0,"observed_allocations":3,"peak_payload_bytes":54886400,"retiring_payload_bytes":0,"unknown_payload_allocations":0},"queue_epoch":1}
[SystemTime { tv_sec: 1790344792, tv_nsec: 875859384 }] window event WindowId(31457284) redraw requested
[SystemTime { tv_sec: 1790344792, tv_nsec: 875931846 }] native frame round hosts=[WindowId(31457284)]
[SystemTime { tv_sec: 1790344792, tv_nsec: 875981221 }] redraw handler begin
[SystemTime { tv_sec: 1790344792, tv_nsec: 876062943 }] render scene prepare begin retained_cached=true
[SystemTime { tv_sec: 1790344792, tv_nsec: 876130565 }] prepared scene build begin
[SystemTime { tv_sec: 1790344792, tv_nsec: 876554453 }] native control_meshes window=WindowId(31457284) builds=1
[SystemTime { tv_sec: 1790344792, tv_nsec: 876610061 }] prepared scene build end 0ms
[SystemTime { tv_sec: 1790344792, tv_nsec: 876662229 }] renderer render begin
[SystemTime { tv_sec: 1790344792, tv_nsec: 878088709 }] native_surface_lifecycle {"acquire_attempts":15,"acquired":15,"active":1,"configuration_generation":1,"configure_attempts":1,"configured_extent":[1280,800],"discarded":0,"frame_submission_receipts_issued":20,"frame_submissions":15,"gpu_completed_through_receipt":19,"host":1,"last_frame_submission_receipt":20,"last_present_receipt":19,"presented":14,"queue_epoch":1,"reason":"submit","wgpu_submission":"Some(SubmissionIndex { index: 20 })","window":"WindowId(31457284)"}
[SystemTime { tv_sec: 1790344792, tv_nsec: 878168547 }] native upload frame window=WindowId(31457284) host=1 renderer=1 queue_epoch=1 surface_generation=1 acquisition=15 submission=20 receipt=Some(UploadFrame { consumers: {"MAIN", "BOARD", "LAYERS", "NAV", "INSPECTOR", "MENU", "TERMINAL"}, owner: 7, attempt: 16, rendered: Some(true), totals: UploadTotals { batches: 1, buffer_payload_bytes: 4320, texture_source_bytes: 0, texture_padding_bytes: 0, scatter_index_bytes: 0, staging_capacity_bytes: 4320, buffer_copy_bytes: 4320, buffer_copies: 2, texture_copies: 0, scatter_dispatches: 0 } })
[SystemTime { tv_sec: 1790344792, tv_nsec: 878242046 }] native font ownership window=WindowId(31457284) usage=Usage { allocation: Usage { allocator_installed: true, owner_id: 3, label: "renderer-fonts-and-shapes", payload_bytes: 924302, tracking_bytes: 88520, allocations: 11063, peak_payload_bytes: 925507, owner_metadata_bytes: 96 }, returned_shape_bytes: 178048, private_bytes: Some(834774), fixed_font_bytes: Some(772070), cache_reserved_bytes: 62704, last_call: Some(Report { call_id: 2157, owner_id: 3, allocator_installed: true, host_initial_bytes: 342664, host_final_bytes: 342664, process_initial_bytes: 342664, process_final_bytes: 342664, initial_bytes: 62704, final_bytes: 63880, peak_bytes: 64029, host_peak_bytes: 342664, process_peak_bytes: 342664, exceeded: false }) } measurement=Some(Usage { allocation: Usage { allocator_installed: true, owner_id: 13, label: "text-measurement", payload_bytes: 734742, tracking_bytes: 84216, allocations: 10525, peak_payload_bytes: 748214, owner_metadata_bytes: 96 }, returned_shape_bytes: 0, private_bytes: Some(818958), fixed_font_bytes: Some(772070), cache_reserved_bytes: 46888, last_call: Some(Report { call_id: 1173, owner_id: 13, allocator_installed: true, host_initial_bytes: 367656, host_final_bytes: 367656, process_initial_bytes: 367656, process_final_bytes: 367656, initial_bytes: 46888, final_bytes: 46888, peak_bytes: 54192, host_peak_bytes: 367656, process_peak_bytes: 367656, exceeded: false }) }) process_registry_bytes=RegistryUsage { registry_heap_bytes: 136, scope_owner_bytes: 1152, call_slots_static_bytes: 9752 }
[SystemTime { tv_sec: 1790344792, tv_nsec: 878315006 }] native attachment ledger {"attachments":{"allocations":[{"allocation":1,"host":1,"last_submission":20,"owner":8,"payload_bytes":32768000,"release_reason":null}],"completed_retirements":2,"current_payload_bytes":32768000,"device_loss_confirmed":false,"device_loss_retirements":0,"observed_allocations":3,"peak_payload_bytes":54886400,"retiring_payload_bytes":0,"unknown_payload_allocations":0},"queue_epoch":1}
[SystemTime { tv_sec: 1790344792, tv_nsec: 878379180 }] native surface attachment {"allocation":1,"allocations_created":1,"extent":[1280,800],"format":"Bgra8UnormSrgb","gpu_retirement_qualified":false,"host":1,"owner":8,"payload_bytes":32768000,"queue_epoch":1,"samples":8,"state":"current_renderer_reference","window":"WindowId(31457284)"}
[SystemTime { tv_sec: 1790344792, tv_nsec: 878430118 }] renderer render end 1ms
[SystemTime { tv_sec: 1790344792, tv_nsec: 878479552 }] frame present begin
[SystemTime { tv_sec: 1790344792, tv_nsec: 878643559 }] native_surface_lifecycle {"acquire_attempts":15,"acquired":15,"active":0,"configuration_generation":1,"configure_attempts":1,"configured_extent":[1280,800],"discarded":0,"frame_submission_receipts_issued":20,"frame_submissions":15,"gpu_completed_through_receipt":19,"host":1,"last_frame_submission_receipt":20,"last_present_receipt":20,"presented":15,"queue_epoch":1,"reason":"present","wgpu_submission":"Some(SubmissionIndex { index: 20 })","window":"WindowId(31457284)"}
[SystemTime { tv_sec: 1790344792, tv_nsec: 878729744 }] frame present end 0ms total=2ms
[SystemTime { tv_sec: 1790344792, tv_nsec: 878805107 }] native redraw ledger {"attempts":24,"counts":{"coalesced":2,"duplicate_tokens":0,"presentations":15,"received":24,"requested":24,"suppressed":16},"damage":22,"device_generation":1,"host_generation":1,"pending":false,"presented_damage":22,"ready":false,"reason":"presented","rendering":null,"window":"WindowId(31457284)"}
[SystemTime { tv_sec: 1790344792, tv_nsec: 878856852 }] redraw handler end
[SystemTime { tv_sec: 1790344792, tv_nsec: 881824601 }] window event WindowId(31457284) keyboard physical=Code(ArrowRight) logical=Named(ArrowRight) state=Released repeat=false text=None synthetic=false
[SystemTime { tv_sec: 1790344792, tv_nsec: 881911569 }] window event WindowId(31457284) redraw requested
[SystemTime { tv_sec: 1790344792, tv_nsec: 881965838 }] native frame round hosts=[WindowId(31457284)]
[SystemTime { tv_sec: 1790344792, tv_nsec: 882013599 }] redraw handler begin
[SystemTime { tv_sec: 1790344792, tv_nsec: 882113654 }] native_surface_lifecycle {"acquire_attempts":15,"acquired":15,"active":0,"configuration_generation":1,"configure_attempts":1,"configured_extent":[1280,800],"discarded":0,"frame_submission_receipts_issued":20,"frame_submissions":15,"gpu_completed_through_receipt":19,"host":1,"last_frame_submission_receipt":20,"last_present_receipt":20,"presented":15,"queue_epoch":1,"reason":"wait_queue","wgpu_submission":"Some(SubmissionIndex { index: 20 })","window":"WindowId(31457284)"}
[SystemTime { tv_sec: 1790344792, tv_nsec: 882183998 }] native redraw ledger {"attempts":25,"counts":{"coalesced":2,"duplicate_tokens":0,"presentations":15,"received":25,"requested":25,"suppressed":16},"damage":23,"device_generation":1,"host_generation":1,"pending":false,"presented_damage":22,"ready":false,"reason":"not_presented","rendering":null,"window":"WindowId(31457284)"}
[SystemTime { tv_sec: 1790344792, tv_nsec: 889681309 }] native queue progress epoch=1 submitted=20 completed=20
[SystemTime { tv_sec: 1790344792, tv_nsec: 889785852 }] native attachment ledger {"attachments":{"allocations":[{"allocation":1,"host":1,"last_submission":20,"owner":8,"payload_bytes":32768000,"release_reason":null}],"completed_retirements":2,"current_payload_bytes":32768000,"device_loss_confirmed":false,"device_loss_retirements":0,"observed_allocations":3,"peak_payload_bytes":54886400,"retiring_payload_bytes":0,"unknown_payload_allocations":0},"queue_epoch":1}
[SystemTime { tv_sec: 1790344792, tv_nsec: 890539488 }] window event WindowId(31457284) redraw requested
[SystemTime { tv_sec: 1790344792, tv_nsec: 890602263 }] native frame round hosts=[WindowId(31457284)]
[SystemTime { tv_sec: 1790344792, tv_nsec: 890650588 }] redraw handler begin
[SystemTime { tv_sec: 1790344792, tv_nsec: 890724925 }] renderer render begin
[SystemTime { tv_sec: 1790344792, tv_nsec: 891756380 }] native_surface_lifecycle {"acquire_attempts":16,"acquired":16,"active":1,"configuration_generation":1,"configure_attempts":1,"configured_extent":[1280,800],"discarded":0,"frame_submission_receipts_issued":21,"frame_submissions":16,"gpu_completed_through_receipt":20,"host":1,"last_frame_submission_receipt":21,"last_present_receipt":20,"presented":15,"queue_epoch":1,"reason":"submit","wgpu_submission":"Some(SubmissionIndex { index: 21 })","window":"WindowId(31457284)"}
[SystemTime { tv_sec: 1790344792, tv_nsec: 891829473 }] native upload frame window=WindowId(31457284) host=1 renderer=1 queue_epoch=1 surface_generation=1 acquisition=16 submission=21 receipt=Some(UploadFrame { consumers: {"MAIN", "BOARD", "LAYERS", "NAV", "INSPECTOR", "MENU", "TERMINAL"}, owner: 7, attempt: 17, rendered: Some(true), totals: UploadTotals { batches: 0, buffer_payload_bytes: 0, texture_source_bytes: 0, texture_padding_bytes: 0, scatter_index_bytes: 0, staging_capacity_bytes: 0, buffer_copy_bytes: 0, buffer_copies: 0, texture_copies: 0, scatter_dispatches: 0 } })
[SystemTime { tv_sec: 1790344792, tv_nsec: 891912455 }] native font ownership window=WindowId(31457284) usage=Usage { allocation: Usage { allocator_installed: true, owner_id: 3, label: "renderer-fonts-and-shapes", payload_bytes: 924302, tracking_bytes: 88520, allocations: 11063, peak_payload_bytes: 925507, owner_metadata_bytes: 96 }, returned_shape_bytes: 178048, private_bytes: Some(834774), fixed_font_bytes: Some(772070), cache_reserved_bytes: 62704, last_call: Some(Report { call_id: 2157, owner_id: 3, allocator_installed: true, host_initial_bytes: 342664, host_final_bytes: 342664, process_initial_bytes: 342664, process_final_bytes: 342664, initial_bytes: 62704, final_bytes: 63880, peak_bytes: 64029, host_peak_bytes: 342664, process_peak_bytes: 342664, exceeded: false }) } measurement=Some(Usage { allocation: Usage { allocator_installed: true, owner_id: 13, label: "text-measurement", payload_bytes: 734742, tracking_bytes: 84216, allocations: 10525, peak_payload_bytes: 748214, owner_metadata_bytes: 96 }, returned_shape_bytes: 0, private_bytes: Some(818958), fixed_font_bytes: Some(772070), cache_reserved_bytes: 46888, last_call: Some(Report { call_id: 1173, owner_id: 13, allocator_installed: true, host_initial_bytes: 367656, host_final_bytes: 367656, process_initial_bytes: 367656, process_final_bytes: 367656, initial_bytes: 46888, final_bytes: 46888, peak_bytes: 54192, host_peak_bytes: 367656, process_peak_bytes: 367656, exceeded: false }) }) process_registry_bytes=RegistryUsage { registry_heap_bytes: 136, scope_owner_bytes: 1152, call_slots_static_bytes: 9752 }
[SystemTime { tv_sec: 1790344792, tv_nsec: 892014545 }] native attachment ledger {"attachments":{"allocations":[{"allocation":1,"host":1,"last_submission":21,"owner":8,"payload_bytes":32768000,"release_reason":null}],"completed_retirements":2,"current_payload_bytes":32768000,"device_loss_confirmed":false,"device_loss_retirements":0,"observed_allocations":3,"peak_payload_bytes":54886400,"retiring_payload_bytes":0,"unknown_payload_allocations":0},"queue_epoch":1}
[SystemTime { tv_sec: 1790344792, tv_nsec: 892112987 }] native surface attachment {"allocation":1,"allocations_created":1,"extent":[1280,800],"format":"Bgra8UnormSrgb","gpu_retirement_qualified":false,"host":1,"owner":8,"payload_bytes":32768000,"queue_epoch":1,"samples":8,"state":"current_renderer_reference","window":"WindowId(31457284)"}
[SystemTime { tv_sec: 1790344792, tv_nsec: 892174648 }] renderer render end 1ms
[SystemTime { tv_sec: 1790344792, tv_nsec: 892243896 }] frame present begin
[SystemTime { tv_sec: 1790344792, tv_nsec: 892426810 }] native_surface_lifecycle {"acquire_attempts":16,"acquired":16,"active":0,"configuration_generation":1,"configure_attempts":1,"configured_extent":[1280,800],"discarded":0,"frame_submission_receipts_issued":21,"frame_submissions":16,"gpu_completed_through_receipt":20,"host":1,"last_frame_submission_receipt":21,"last_present_receipt":21,"presented":16,"queue_epoch":1,"reason":"present","wgpu_submission":"Some(SubmissionIndex { index: 21 })","window":"WindowId(31457284)"}
[SystemTime { tv_sec: 1790344792, tv_nsec: 892490375 }] frame present end 0ms total=1ms
[SystemTime { tv_sec: 1790344792, tv_nsec: 892580156 }] native redraw ledger {"attempts":26,"counts":{"coalesced":2,"duplicate_tokens":0,"presentations":16,"received":26,"requested":26,"suppressed":17},"damage":23,"device_generation":1,"host_generation":1,"pending":false,"presented_damage":23,"ready":false,"reason":"presented","rendering":null,"window":"WindowId(31457284)"}
[SystemTime { tv_sec: 1790344792, tv_nsec: 892635440 }] redraw handler end
[SystemTime { tv_sec: 1790344792, tv_nsec: 892825751 }] window event WindowId(31457284) keyboard physical=Code(Enter) logical=Named(Enter) state=Pressed repeat=false text=Some("\r") synthetic=false
[SystemTime { tv_sec: 1790344792, tv_nsec: 893115923 }] window event WindowId(31457284) redraw requested
[SystemTime { tv_sec: 1790344792, tv_nsec: 900844707 }] surface identity window=WindowId(31457338) window_backend=x11 gpu_backend=Vulkan adapter="Intel(R) HD Graphics P630 (KBL GT2)" device_type=IntegratedGpu driver="Intel open-source Mesa driver" driver_info="Mesa 25.0.7-2+deb13u1"
[SystemTime { tv_sec: 1790344792, tv_nsec: 914270471 }] native frame round hosts=[WindowId(31457284)]
[SystemTime { tv_sec: 1790344792, tv_nsec: 914337481 }] redraw handler begin
[SystemTime { tv_sec: 1790344792, tv_nsec: 914532414 }] render scene prepare begin retained_cached=true
[SystemTime { tv_sec: 1790344792, tv_nsec: 914581733 }] prepared scene build begin
[SystemTime { tv_sec: 1790344792, tv_nsec: 914898294 }] native control_meshes window=WindowId(31457284) builds=1
[SystemTime { tv_sec: 1790344792, tv_nsec: 914955824 }] prepared scene build end 0ms
[SystemTime { tv_sec: 1790344792, tv_nsec: 915026337 }] renderer render begin
[SystemTime { tv_sec: 1790344792, tv_nsec: 916895920 }] native_surface_lifecycle {"acquire_attempts":17,"acquired":17,"active":1,"configuration_generation":1,"configure_attempts":1,"configured_extent":[1280,800],"discarded":0,"frame_submission_receipts_issued":22,"frame_submissions":17,"gpu_completed_through_receipt":21,"host":1,"last_frame_submission_receipt":22,"last_present_receipt":21,"presented":16,"queue_epoch":1,"reason":"submit","wgpu_submission":"Some(SubmissionIndex { index: 22 })","window":"WindowId(31457284)"}
[SystemTime { tv_sec: 1790344792, tv_nsec: 916986599 }] native upload frame window=WindowId(31457284) host=1 renderer=1 queue_epoch=1 surface_generation=1 acquisition=17 submission=22 receipt=Some(UploadFrame { consumers: {"MAIN", "BOARD", "LAYERS", "NAV", "INSPECTOR", "MENU", "TERMINAL"}, owner: 7, attempt: 18, rendered: Some(true), totals: UploadTotals { batches: 1, buffer_payload_bytes: 4384, texture_source_bytes: 0, texture_padding_bytes: 0, scatter_index_bytes: 4368, staging_capacity_bytes: 17488, buffer_copy_bytes: 8752, buffer_copies: 5, texture_copies: 0, scatter_dispatches: 1 } })
[SystemTime { tv_sec: 1790344792, tv_nsec: 917055813 }] native font ownership window=WindowId(31457284) usage=Usage { allocation: Usage { allocator_installed: true, owner_id: 3, label: "renderer-fonts-and-shapes", payload_bytes: 924302, tracking_bytes: 88520, allocations: 11063, peak_payload_bytes: 925507, owner_metadata_bytes: 96 }, returned_shape_bytes: 178048, private_bytes: Some(834774), fixed_font_bytes: Some(772070), cache_reserved_bytes: 62704, last_call: Some(Report { call_id: 2157, owner_id: 3, allocator_installed: true, host_initial_bytes: 342664, host_final_bytes: 342664, process_initial_bytes: 342664, process_final_bytes: 342664, initial_bytes: 62704, final_bytes: 63880, peak_bytes: 64029, host_peak_bytes: 342664, process_peak_bytes: 342664, exceeded: false }) } measurement=Some(Usage { allocation: Usage { allocator_installed: true, owner_id: 13, label: "text-measurement", payload_bytes: 734742, tracking_bytes: 84216, allocations: 10525, peak_payload_bytes: 748214, owner_metadata_bytes: 96 }, returned_shape_bytes: 0, private_bytes: Some(818958), fixed_font_bytes: Some(772070), cache_reserved_bytes: 46888, last_call: Some(Report { call_id: 1173, owner_id: 13, allocator_installed: true, host_initial_bytes: 367656, host_final_bytes: 367656, process_initial_bytes: 367656, process_final_bytes: 367656, initial_bytes: 46888, final_bytes: 46888, peak_bytes: 54192, host_peak_bytes: 367656, process_peak_bytes: 367656, exceeded: false }) }) process_registry_bytes=RegistryUsage { registry_heap_bytes: 136, scope_owner_bytes: 1152, call_slots_static_bytes: 9752 }
[SystemTime { tv_sec: 1790344792, tv_nsec: 917133998 }] native attachment ledger {"attachments":{"allocations":[{"allocation":1,"host":1,"last_submission":22,"owner":8,"payload_bytes":32768000,"release_reason":null}],"completed_retirements":2,"current_payload_bytes":32768000,"device_loss_confirmed":false,"device_loss_retirements":0,"observed_allocations":3,"peak_payload_bytes":54886400,"retiring_payload_bytes":0,"unknown_payload_allocations":0},"queue_epoch":1}
[SystemTime { tv_sec: 1790344792, tv_nsec: 917217249 }] native surface attachment {"allocation":1,"allocations_created":1,"extent":[1280,800],"format":"Bgra8UnormSrgb","gpu_retirement_qualified":false,"host":1,"owner":8,"payload_bytes":32768000,"queue_epoch":1,"samples":8,"state":"current_renderer_reference","window":"WindowId(31457284)"}
[SystemTime { tv_sec: 1790344792, tv_nsec: 917275725 }] renderer render end 2ms
[SystemTime { tv_sec: 1790344792, tv_nsec: 917334246 }] frame present begin
[SystemTime { tv_sec: 1790344792, tv_nsec: 917541276 }] native_surface_lifecycle {"acquire_attempts":17,"acquired":17,"active":0,"configuration_generation":1,"configure_attempts":1,"configured_extent":[1280,800],"discarded":0,"frame_submission_receipts_issued":22,"frame_submissions":17,"gpu_completed_through_receipt":21,"host":1,"last_frame_submission_receipt":22,"last_present_receipt":22,"presented":17,"queue_epoch":1,"reason":"present","wgpu_submission":"Some(SubmissionIndex { index: 22 })","window":"WindowId(31457284)"}
[SystemTime { tv_sec: 1790344792, tv_nsec: 917620629 }] frame present end 0ms total=3ms
[SystemTime { tv_sec: 1790344792, tv_nsec: 917694624 }] native redraw ledger {"attempts":27,"counts":{"coalesced":2,"duplicate_tokens":0,"presentations":17,"received":27,"requested":27,"suppressed":18},"damage":24,"device_generation":1,"host_generation":1,"pending":false,"presented_damage":24,"ready":false,"reason":"presented","rendering":null,"window":"WindowId(31457284)"}
[SystemTime { tv_sec: 1790344792, tv_nsec: 917744835 }] redraw handler end
[SystemTime { tv_sec: 1790344792, tv_nsec: 917942794 }] native queue progress epoch=1 submitted=22 completed=21
[SystemTime { tv_sec: 1790344792, tv_nsec: 918022292 }] native attachment ledger {"attachments":{"allocations":[{"allocation":1,"host":1,"last_submission":22,"owner":8,"payload_bytes":32768000,"release_reason":null}],"completed_retirements":2,"current_payload_bytes":32768000,"device_loss_confirmed":false,"device_loss_retirements":0,"observed_allocations":3,"peak_payload_bytes":54886400,"retiring_payload_bytes":0,"unknown_payload_allocations":0},"queue_epoch":1}
[SystemTime { tv_sec: 1790344792, tv_nsec: 918143667 }] window event WindowId(31457338) ime Disabled
[SystemTime { tv_sec: 1790344792, tv_nsec: 918230815 }] window event WindowId(31457284) keyboard physical=Code(Enter) logical=Named(Enter) state=Released repeat=false text=Some("\r") synthetic=false
[SystemTime { tv_sec: 1790344792, tv_nsec: 918689321 }] window event WindowId(31457338) redraw requested
[SystemTime { tv_sec: 1790344792, tv_nsec: 918841349 }] native frame round hosts=[WindowId(31457338)]
[SystemTime { tv_sec: 1790344792, tv_nsec: 918941572 }] native_surface_lifecycle {"acquire_attempts":0,"acquired":0,"active":0,"configuration_generation":0,"configure_attempts":0,"configured_extent":null,"discarded":0,"frame_submission_receipts_issued":22,"frame_submissions":0,"gpu_completed_through_receipt":21,"host":4,"last_frame_submission_receipt":0,"last_present_receipt":0,"presented":0,"queue_epoch":1,"reason":"wait_queue","wgpu_submission":"None","window":"WindowId(31457338)"}
[SystemTime { tv_sec: 1790344792, tv_nsec: 919016816 }] native redraw ledger {"attempts":1,"counts":{"coalesced":1,"duplicate_tokens":0,"presentations":0,"received":1,"requested":1,"suppressed":0},"damage":3,"device_generation":1,"host_generation":4,"pending":false,"presented_damage":0,"ready":false,"reason":"not_presented","rendering":null,"window":"WindowId(31457338)"}
[SystemTime { tv_sec: 1790344792, tv_nsec: 925098374 }] native queue progress epoch=1 submitted=22 completed=22
[SystemTime { tv_sec: 1790344792, tv_nsec: 925189169 }] native attachment ledger {"attachments":{"allocations":[{"allocation":1,"host":1,"last_submission":22,"owner":8,"payload_bytes":32768000,"release_reason":null}],"completed_retirements":2,"current_payload_bytes":32768000,"device_loss_confirmed":false,"device_loss_retirements":0,"observed_allocations":3,"peak_payload_bytes":54886400,"retiring_payload_bytes":0,"unknown_payload_allocations":0},"queue_epoch":1}
[SystemTime { tv_sec: 1790344792, tv_nsec: 925555018 }] window event WindowId(31457338) redraw requested
[SystemTime { tv_sec: 1790344792, tv_nsec: 925936278 }] native frame round hosts=[WindowId(31457338)]
[SystemTime { tv_sec: 1790344792, tv_nsec: 926002234 }] surface configure begin
[SystemTime { tv_sec: 1790344792, tv_nsec: 935075960 }] surface configure end
[SystemTime { tv_sec: 1790344792, tv_nsec: 935139775 }] native queue configured host=4 configurations=4 submitted=22 completed=22
[SystemTime { tv_sec: 1790344792, tv_nsec: 935323539 }] native control_meshes window=WindowId(31457338) builds=13
[SystemTime { tv_sec: 1790344792, tv_nsec: 948937655 }] native_surface_lifecycle {"acquire_attempts":1,"acquired":1,"active":1,"configuration_generation":1,"configure_attempts":1,"configured_extent":[960,720],"discarded":0,"frame_submission_receipts_issued":23,"frame_submissions":1,"gpu_completed_through_receipt":22,"host":4,"last_frame_submission_receipt":23,"last_present_receipt":0,"presented":0,"queue_epoch":1,"reason":"submit","wgpu_submission":"Some(SubmissionIndex { index: 23 })","window":"WindowId(31457338)"}
[SystemTime { tv_sec: 1790344792, tv_nsec: 949010742 }] native upload frame window=WindowId(31457338) host=4 renderer=4 queue_epoch=1 surface_generation=1 acquisition=1 submission=23 receipt=Some(UploadFrame { consumers: {"GLOBAL"}, owner: 92, attempt: 1, rendered: Some(true), totals: UploadTotals { batches: 1, buffer_payload_bytes: 42328, texture_source_bytes: 8502, texture_padding_bytes: 381642, scatter_index_bytes: 0, staging_capacity_bytes: 432472, buffer_copy_bytes: 42328, buffer_copies: 3, texture_copies: 216, scatter_dispatches: 0 } })
[SystemTime { tv_sec: 1790344792, tv_nsec: 949058295 }] native font ownership window=WindowId(31457338) usage=Usage { allocation: Usage { allocator_installed: true, owner_id: 26, label: "renderer-fonts-and-shapes", payload_bytes: 828598, tracking_bytes: 85448, allocations: 10679, peak_payload_bytes: 828931, owner_metadata_bytes: 96 }, returned_shape_bytes: 95088, private_bytes: Some(818958), fixed_font_bytes: Some(772070), cache_reserved_bytes: 46888, last_call: Some(Report { call_id: 2633, owner_id: 26, allocator_installed: true, host_initial_bytes: 173469, host_final_bytes: 173493, process_initial_bytes: 477165, process_final_bytes: 477189, initial_bytes: 46888, final_bytes: 46888, peak_bytes: 46888, host_peak_bytes: 173493, process_peak_bytes: 477189, exceeded: false }) } measurement=None process_registry_bytes=RegistryUsage { registry_heap_bytes: 136, scope_owner_bytes: 1152, call_slots_static_bytes: 9752 }
[SystemTime { tv_sec: 1790344792, tv_nsec: 949118011 }] native attachment ledger {"attachments":{"allocations":[{"allocation":1,"host":1,"last_submission":22,"owner":8,"payload_bytes":32768000,"release_reason":null},{"allocation":1,"host":4,"last_submission":23,"owner":93,"payload_bytes":22118400,"release_reason":null}],"completed_retirements":2,"current_payload_bytes":54886400,"device_loss_confirmed":false,"device_loss_retirements":0,"observed_allocations":4,"peak_payload_bytes":54886400,"retiring_payload_bytes":0,"unknown_payload_allocations":0},"queue_epoch":1}
[SystemTime { tv_sec: 1790344792, tv_nsec: 949165507 }] native surface attachment {"allocation":1,"allocations_created":1,"extent":[960,720],"format":"Bgra8UnormSrgb","gpu_retirement_qualified":false,"host":4,"owner":93,"payload_bytes":22118400,"queue_epoch":1,"samples":8,"state":"current_renderer_reference","window":"WindowId(31457338)"}
[SystemTime { tv_sec: 1790344792, tv_nsec: 949289704 }] native_surface_lifecycle {"acquire_attempts":1,"acquired":1,"active":0,"configuration_generation":1,"configure_attempts":1,"configured_extent":[960,720],"discarded":0,"frame_submission_receipts_issued":23,"frame_submissions":1,"gpu_completed_through_receipt":22,"host":4,"last_frame_submission_receipt":23,"last_present_receipt":23,"presented":1,"queue_epoch":1,"reason":"present","wgpu_submission":"Some(SubmissionIndex { index: 23 })","window":"WindowId(31457338)"}
[SystemTime { tv_sec: 1790344792, tv_nsec: 949350890 }] native redraw ledger {"attempts":2,"counts":{"coalesced":1,"duplicate_tokens":0,"presentations":1,"received":2,"requested":2,"suppressed":1},"damage":3,"device_generation":1,"host_generation":4,"pending":false,"presented_damage":3,"ready":false,"reason":"presented","rendering":null,"window":"WindowId(31457338)"}
[SystemTime { tv_sec: 1790344792, tv_nsec: 949736227 }] window event WindowId(31457338) focused false
[SystemTime { tv_sec: 1790344792, tv_nsec: 950004560 }] window event WindowId(31457338) occluded false
[SystemTime { tv_sec: 1790344792, tv_nsec: 950465235 }] window event WindowId(31457284) modifiers changed ModifiersState(0x0)
[SystemTime { tv_sec: 1790344792, tv_nsec: 950863506 }] window event WindowId(31457284) focused false
[SystemTime { tv_sec: 1790344792, tv_nsec: 951206638 }] window event WindowId(31457338) focused true
[SystemTime { tv_sec: 1790344792, tv_nsec: 952000016 }] window event WindowId(31457338) modifiers changed ModifiersState(0x0)
[SystemTime { tv_sec: 1790344792, tv_nsec: 952061689 }] window event WindowId(31457338) cursor moved 467.00,170.00
[SystemTime { tv_sec: 1790344792, tv_nsec: 952113193 }] window event WindowId(31457338) occluded false
[SystemTime { tv_sec: 1790344792, tv_nsec: 952387283 }] window event WindowId(31457338) resized 960x720
[SystemTime { tv_sec: 1790344792, tv_nsec: 952466850 }] window event WindowId(31457338) redraw requested
[SystemTime { tv_sec: 1790344792, tv_nsec: 952512146 }] native frame round hosts=[WindowId(31457338)]
[SystemTime { tv_sec: 1790344792, tv_nsec: 952599088 }] native_surface_lifecycle {"acquire_attempts":1,"acquired":1,"active":0,"configuration_generation":1,"configure_attempts":1,"configured_extent":[960,720],"discarded":0,"frame_submission_receipts_issued":23,"frame_submissions":1,"gpu_completed_through_receipt":22,"host":4,"last_frame_submission_receipt":23,"last_present_receipt":23,"presented":1,"queue_epoch":1,"reason":"wait_queue","wgpu_submission":"Some(SubmissionIndex { index: 23 })","window":"WindowId(31457338)"}
[SystemTime { tv_sec: 1790344792, tv_nsec: 952653911 }] native redraw ledger {"attempts":3,"counts":{"coalesced":1,"duplicate_tokens":0,"presentations":1,"received":3,"requested":2,"suppressed":1},"damage":4,"device_generation":1,"host_generation":4,"pending":false,"presented_damage":3,"ready":false,"reason":"not_presented","rendering":null,"window":"WindowId(31457338)"}
[SystemTime { tv_sec: 1790344792, tv_nsec: 957173538 }] native queue progress epoch=1 submitted=23 completed=23
[SystemTime { tv_sec: 1790344792, tv_nsec: 957253124 }] native attachment ledger {"attachments":{"allocations":[{"allocation":1,"host":1,"last_submission":22,"owner":8,"payload_bytes":32768000,"release_reason":null},{"allocation":1,"host":4,"last_submission":23,"owner":93,"payload_bytes":22118400,"release_reason":null}],"completed_retirements":2,"current_payload_bytes":54886400,"device_loss_confirmed":false,"device_loss_retirements":0,"observed_allocations":4,"peak_payload_bytes":54886400,"retiring_payload_bytes":0,"unknown_payload_allocations":0},"queue_epoch":1}
[SystemTime { tv_sec: 1790344792, tv_nsec: 957332897 }] window event WindowId(31457338) redraw requested
[SystemTime { tv_sec: 1790344792, tv_nsec: 957372395 }] native frame round hosts=[WindowId(31457338)]
[SystemTime { tv_sec: 1790344792, tv_nsec: 957856112 }] native_surface_lifecycle {"acquire_attempts":2,"acquired":2,"active":1,"configuration_generation":1,"configure_attempts":1,"configured_extent":[960,720],"discarded":0,"frame_submission_receipts_issued":24,"frame_submissions":2,"gpu_completed_through_receipt":23,"host":4,"last_frame_submission_receipt":24,"last_present_receipt":23,"presented":1,"queue_epoch":1,"reason":"submit","wgpu_submission":"Some(SubmissionIndex { index: 24 })","window":"WindowId(31457338)"}
[SystemTime { tv_sec: 1790344792, tv_nsec: 957905530 }] native upload frame window=WindowId(31457338) host=4 renderer=4 queue_epoch=1 surface_generation=1 acquisition=2 submission=24 receipt=Some(UploadFrame { consumers: {"GLOBAL"}, owner: 92, attempt: 2, rendered: Some(true), totals: UploadTotals { batches: 0, buffer_payload_bytes: 0, texture_source_bytes: 0, texture_padding_bytes: 0, scatter_index_bytes: 0, staging_capacity_bytes: 0, buffer_copy_bytes: 0, buffer_copies: 0, texture_copies: 0, scatter_dispatches: 0 } })
[SystemTime { tv_sec: 1790344792, tv_nsec: 957961940 }] native font ownership window=WindowId(31457338) usage=Usage { allocation: Usage { allocator_installed: true, owner_id: 26, label: "renderer-fonts-and-shapes", payload_bytes: 828598, tracking_bytes: 85448, allocations: 10679, peak_payload_bytes: 828931, owner_metadata_bytes: 96 }, returned_shape_bytes: 95088, private_bytes: Some(818958), fixed_font_bytes: Some(772070), cache_reserved_bytes: 46888, last_call: Some(Report { call_id: 2633, owner_id: 26, allocator_installed: true, host_initial_bytes: 173469, host_final_bytes: 173493, process_initial_bytes: 477165, process_final_bytes: 477189, initial_bytes: 46888, final_bytes: 46888, peak_bytes: 46888, host_peak_bytes: 173493, process_peak_bytes: 477189, exceeded: false }) } measurement=None process_registry_bytes=RegistryUsage { registry_heap_bytes: 136, scope_owner_bytes: 1152, call_slots_static_bytes: 9752 }
[SystemTime { tv_sec: 1790344792, tv_nsec: 958022872 }] native attachment ledger {"attachments":{"allocations":[{"allocation":1,"host":1,"last_submission":22,"owner":8,"payload_bytes":32768000,"release_reason":null},{"allocation":1,"host":4,"last_submission":24,"owner":93,"payload_bytes":22118400,"release_reason":null}],"completed_retirements":2,"current_payload_bytes":54886400,"device_loss_confirmed":false,"device_loss_retirements":0,"observed_allocations":4,"peak_payload_bytes":54886400,"retiring_payload_bytes":0,"unknown_payload_allocations":0},"queue_epoch":1}
[SystemTime { tv_sec: 1790344792, tv_nsec: 958072848 }] native surface attachment {"allocation":1,"allocations_created":1,"extent":[960,720],"format":"Bgra8UnormSrgb","gpu_retirement_qualified":false,"host":4,"owner":93,"payload_bytes":22118400,"queue_epoch":1,"samples":8,"state":"current_renderer_reference","window":"WindowId(31457338)"}
[SystemTime { tv_sec: 1790344792, tv_nsec: 958182538 }] native_surface_lifecycle {"acquire_attempts":2,"acquired":2,"active":0,"configuration_generation":1,"configure_attempts":1,"configured_extent":[960,720],"discarded":0,"frame_submission_receipts_issued":24,"frame_submissions":2,"gpu_completed_through_receipt":23,"host":4,"last_frame_submission_receipt":24,"last_present_receipt":24,"presented":2,"queue_epoch":1,"reason":"present","wgpu_submission":"Some(SubmissionIndex { index: 24 })","window":"WindowId(31457338)"}
[SystemTime { tv_sec: 1790344792, tv_nsec: 958234304 }] native redraw ledger {"attempts":4,"counts":{"coalesced":1,"duplicate_tokens":0,"presentations":2,"received":4,"requested":3,"suppressed":2},"damage":4,"device_generation":1,"host_generation":4,"pending":false,"presented_damage":4,"ready":false,"reason":"presented","rendering":null,"window":"WindowId(31457338)"}
[SystemTime { tv_sec: 1790344792, tv_nsec: 962801343 }] native queue progress epoch=1 submitted=24 completed=24
[SystemTime { tv_sec: 1790344792, tv_nsec: 962863987 }] native attachment ledger {"attachments":{"allocations":[{"allocation":1,"host":1,"last_submission":22,"owner":8,"payload_bytes":32768000,"release_reason":null},{"allocation":1,"host":4,"last_submission":24,"owner":93,"payload_bytes":22118400,"release_reason":null}],"completed_retirements":2,"current_payload_bytes":54886400,"device_loss_confirmed":false,"device_loss_retirements":0,"observed_allocations":4,"peak_payload_bytes":54886400,"retiring_payload_bytes":0,"unknown_payload_allocations":0},"queue_epoch":1}
[SystemTime { tv_sec: 1790344792, tv_nsec: 979017487 }] window event WindowId(31457338) keyboard physical=Code(Escape) logical=Named(Escape) state=Pressed repeat=false text=Some("\u{1b}") synthetic=false
[SystemTime { tv_sec: 1790344792, tv_nsec: 979085100 }] window event WindowId(31457284) redraw requested
[SystemTime { tv_sec: 1790344792, tv_nsec: 979145515 }] window event WindowId(31457338) redraw requested
[SystemTime { tv_sec: 1790344792, tv_nsec: 979185898 }] native redraw ledger {"attempts":4,"counts":{"coalesced":1,"duplicate_tokens":0,"presentations":2,"received":5,"requested":4,"suppressed":2},"damage":5,"device_generation":1,"host_generation":4,"pending":true,"presented_damage":4,"ready":true,"reason":"closed","rendering":null,"window":"WindowId(31457338)"}
[SystemTime { tv_sec: 1790344792, tv_nsec: 981017382 }] native_surface_lifecycle {"acquire_attempts":2,"acquired":2,"active":0,"configuration_generation":1,"configure_attempts":1,"configured_extent":[960,720],"discarded":0,"frame_submission_receipts_issued":24,"frame_submissions":2,"gpu_completed_through_receipt":24,"host":4,"last_frame_submission_receipt":24,"last_present_receipt":24,"presented":2,"queue_epoch":1,"reason":"owner_drop","wgpu_submission":"Some(SubmissionIndex { index: 24 })","window":"WindowId(31457338)"}
[SystemTime { tv_sec: 1790344792, tv_nsec: 981050094 }] native attachment ledger {"attachments":{"allocations":[{"allocation":1,"host":1,"last_submission":22,"owner":8,"payload_bytes":32768000,"release_reason":null}],"completed_retirements":3,"current_payload_bytes":32768000,"device_loss_confirmed":false,"device_loss_retirements":0,"observed_allocations":4,"peak_payload_bytes":54886400,"retiring_payload_bytes":0,"unknown_payload_allocations":0},"queue_epoch":1}
[SystemTime { tv_sec: 1790344792, tv_nsec: 983289298 }] native frame round hosts=[WindowId(31457284)]
[SystemTime { tv_sec: 1790344792, tv_nsec: 983324101 }] redraw handler begin
[SystemTime { tv_sec: 1790344792, tv_nsec: 983368259 }] render scene prepare begin retained_cached=true
[SystemTime { tv_sec: 1790344792, tv_nsec: 983397785 }] prepared scene build begin
[SystemTime { tv_sec: 1790344792, tv_nsec: 983576682 }] native control_meshes window=WindowId(31457284) builds=1
[SystemTime { tv_sec: 1790344792, tv_nsec: 983596747 }] prepared scene build end 0ms
[SystemTime { tv_sec: 1790344792, tv_nsec: 983616038 }] renderer render begin
[SystemTime { tv_sec: 1790344792, tv_nsec: 984480444 }] native_surface_lifecycle {"acquire_attempts":18,"acquired":18,"active":1,"configuration_generation":1,"configure_attempts":1,"configured_extent":[1280,800],"discarded":0,"frame_submission_receipts_issued":25,"frame_submissions":18,"gpu_completed_through_receipt":24,"host":1,"last_frame_submission_receipt":25,"last_present_receipt":22,"presented":17,"queue_epoch":1,"reason":"submit","wgpu_submission":"Some(SubmissionIndex { index: 25 })","window":"WindowId(31457284)"}
[SystemTime { tv_sec: 1790344792, tv_nsec: 984575944 }] native upload frame window=WindowId(31457284) host=1 renderer=1 queue_epoch=1 surface_generation=1 acquisition=18 submission=25 receipt=Some(UploadFrame { consumers: {"MAIN", "BOARD", "LAYERS", "NAV", "INSPECTOR", "MENU", "TERMINAL"}, owner: 7, attempt: 19, rendered: Some(true), totals: UploadTotals { batches: 1, buffer_payload_bytes: 12676, texture_source_bytes: 0, texture_padding_bytes: 0, scatter_index_bytes: 12604, staging_capacity_bytes: 50488, buffer_copy_bytes: 25280, buffer_copies: 19, texture_copies: 0, scatter_dispatches: 1 } })
[SystemTime { tv_sec: 1790344792, tv_nsec: 984627503 }] native font ownership window=WindowId(31457284) usage=Usage { allocation: Usage { allocator_installed: true, owner_id: 3, label: "renderer-fonts-and-shapes", payload_bytes: 925390, tracking_bytes: 88544, allocations: 11066, peak_payload_bytes: 925507, owner_metadata_bytes: 96 }, returned_shape_bytes: 179160, private_bytes: Some(834774), fixed_font_bytes: Some(772070), cache_reserved_bytes: 62704, last_call: Some(Report { call_id: 2634, owner_id: 3, allocator_installed: true, host_initial_bytes: 339856, host_final_bytes: 339856, process_initial_bytes: 339856, process_final_bytes: 339856, initial_bytes: 62704, final_bytes: 63816, peak_bytes: 63959, host_peak_bytes: 339856, process_peak_bytes: 339856, exceeded: false }) } measurement=Some(Usage { allocation: Usage { allocator_installed: true, owner_id: 13, label: "text-measurement", payload_bytes: 734742, tracking_bytes: 84216, allocations: 10525, peak_payload_bytes: 748214, owner_metadata_bytes: 96 }, returned_shape_bytes: 0, private_bytes: Some(818958), fixed_font_bytes: Some(772070), cache_reserved_bytes: 46888, last_call: Some(Report { call_id: 1173, owner_id: 13, allocator_installed: true, host_initial_bytes: 367656, host_final_bytes: 367656, process_initial_bytes: 367656, process_final_bytes: 367656, initial_bytes: 46888, final_bytes: 46888, peak_bytes: 54192, host_peak_bytes: 367656, process_peak_bytes: 367656, exceeded: false }) }) process_registry_bytes=RegistryUsage { registry_heap_bytes: 136, scope_owner_bytes: 1152, call_slots_static_bytes: 9752 }
[SystemTime { tv_sec: 1790344792, tv_nsec: 984683754 }] native attachment ledger {"attachments":{"allocations":[{"allocation":1,"host":1,"last_submission":25,"owner":8,"payload_bytes":32768000,"release_reason":null}],"completed_retirements":3,"current_payload_bytes":32768000,"device_loss_confirmed":false,"device_loss_retirements":0,"observed_allocations":4,"peak_payload_bytes":54886400,"retiring_payload_bytes":0,"unknown_payload_allocations":0},"queue_epoch":1}
[SystemTime { tv_sec: 1790344792, tv_nsec: 984717627 }] native surface attachment {"allocation":1,"allocations_created":1,"extent":[1280,800],"format":"Bgra8UnormSrgb","gpu_retirement_qualified":false,"host":1,"owner":8,"payload_bytes":32768000,"queue_epoch":1,"samples":8,"state":"current_renderer_reference","window":"WindowId(31457284)"}
[SystemTime { tv_sec: 1790344792, tv_nsec: 984740093 }] renderer render end 1ms
[SystemTime { tv_sec: 1790344792, tv_nsec: 984762117 }] frame present begin
[SystemTime { tv_sec: 1790344792, tv_nsec: 984895342 }] native_surface_lifecycle {"acquire_attempts":18,"acquired":18,"active":0,"configuration_generation":1,"configure_attempts":1,"configured_extent":[1280,800],"discarded":0,"frame_submission_receipts_issued":25,"frame_submissions":18,"gpu_completed_through_receipt":24,"host":1,"last_frame_submission_receipt":25,"last_present_receipt":25,"presented":18,"queue_epoch":1,"reason":"present","wgpu_submission":"Some(SubmissionIndex { index: 25 })","window":"WindowId(31457284)"}
[SystemTime { tv_sec: 1790344792, tv_nsec: 984941675 }] frame present end 0ms total=1ms
[SystemTime { tv_sec: 1790344792, tv_nsec: 985069538 }] native redraw ledger {"attempts":28,"counts":{"coalesced":2,"duplicate_tokens":0,"presentations":18,"received":28,"requested":28,"suppressed":19},"damage":25,"device_generation":1,"host_generation":1,"pending":false,"presented_damage":25,"ready":false,"reason":"presented","rendering":null,"window":"WindowId(31457284)"}
[SystemTime { tv_sec: 1790344792, tv_nsec: 985090610 }] redraw handler end
[SystemTime { tv_sec: 1790344792, tv_nsec: 985754679 }] window event WindowId(31457284) focused true
[SystemTime { tv_sec: 1790344792, tv_nsec: 986293622 }] window event WindowId(31457284) modifiers changed ModifiersState(0x0)
[SystemTime { tv_sec: 1790344792, tv_nsec: 986337135 }] window event WindowId(31457284) cursor moved 148.00,16.00
[SystemTime { tv_sec: 1790344792, tv_nsec: 986622845 }] window event WindowId(31457284) modifiers changed ModifiersState(0x0)
[SystemTime { tv_sec: 1790344792, tv_nsec: 986976005 }] window event WindowId(31457284) focused false
[SystemTime { tv_sec: 1790344792, tv_nsec: 987390891 }] window event WindowId(31457284) focused true
[SystemTime { tv_sec: 1790344792, tv_nsec: 987835642 }] window event WindowId(31457284) modifiers changed ModifiersState(0x0)
[SystemTime { tv_sec: 1790344792, tv_nsec: 987889682 }] window event WindowId(31457284) cursor moved 148.00,16.00
[SystemTime { tv_sec: 1790344792, tv_nsec: 988459746 }] window event WindowId(31457338) destroyed
[SystemTime { tv_sec: 1790344792, tv_nsec: 988513578 }] window event WindowId(31457284) keyboard physical=Code(Escape) logical=Named(Escape) state=Released repeat=false text=Some("\u{1b}") synthetic=false
[SystemTime { tv_sec: 1790344792, tv_nsec: 988545319 }] pan key physical=Code(Escape) logical=Named(Escape) state=Released repeat=false pointer_in_scene=false held=false consumed=false
[SystemTime { tv_sec: 1790344793, tv_nsec: 1178541 }] window event WindowId(31457284) modifiers changed ModifiersState(0x0)
[SystemTime { tv_sec: 1790344793, tv_nsec: 1221100 }] window event WindowId(31457284) mouse input Left Pressed
[SystemTime { tv_sec: 1790344793, tv_nsec: 1255175 }] pan primary pressed cursor=Some((148.0, 16.0)) pointer_in_scene=false held=false active=false
[SystemTime { tv_sec: 1790344793, tv_nsec: 1279219 }] window event WindowId(31457284) modifiers changed ModifiersState(0x0)
[SystemTime { tv_sec: 1790344793, tv_nsec: 1394154 }] window event WindowId(31457284) modifiers changed ModifiersState(0x0)
[SystemTime { tv_sec: 1790344793, tv_nsec: 1450922 }] window event WindowId(31457284) mouse input Left Released
[SystemTime { tv_sec: 1790344793, tv_nsec: 1485337 }] pan primary released cursor=Some((148.0, 16.0)) suppress_click=false
[SystemTime { tv_sec: 1790344793, tv_nsec: 1562248 }] window event WindowId(31457284) modifiers changed ModifiersState(0x0)
[SystemTime { tv_sec: 1790344793, tv_nsec: 1586465 }] window event WindowId(31457284) redraw requested
[SystemTime { tv_sec: 1790344793, tv_nsec: 1608196 }] native frame round hosts=[WindowId(31457284)]
[SystemTime { tv_sec: 1790344793, tv_nsec: 1628014 }] redraw handler begin
[SystemTime { tv_sec: 1790344793, tv_nsec: 1672825 }] native_surface_lifecycle {"acquire_attempts":18,"acquired":18,"active":0,"configuration_generation":1,"configure_attempts":1,"configured_extent":[1280,800],"discarded":0,"frame_submission_receipts_issued":25,"frame_submissions":18,"gpu_completed_through_receipt":24,"host":1,"last_frame_submission_receipt":25,"last_present_receipt":25,"presented":18,"queue_epoch":1,"reason":"wait_queue","wgpu_submission":"Some(SubmissionIndex { index: 25 })","window":"WindowId(31457284)"}
[SystemTime { tv_sec: 1790344793, tv_nsec: 1702797 }] native redraw ledger {"attempts":29,"counts":{"coalesced":2,"duplicate_tokens":0,"presentations":18,"received":29,"requested":29,"suppressed":19},"damage":26,"device_generation":1,"host_generation":1,"pending":false,"presented_damage":25,"ready":false,"reason":"not_presented","rendering":null,"window":"WindowId(31457284)"}
[SystemTime { tv_sec: 1790344793, tv_nsec: 5132583 }] native queue progress epoch=1 submitted=25 completed=25
[SystemTime { tv_sec: 1790344793, tv_nsec: 5173771 }] native attachment ledger {"attachments":{"allocations":[{"allocation":1,"host":1,"last_submission":25,"owner":8,"payload_bytes":32768000,"release_reason":null}],"completed_retirements":3,"current_payload_bytes":32768000,"device_loss_confirmed":false,"device_loss_retirements":0,"observed_allocations":4,"peak_payload_bytes":54886400,"retiring_payload_bytes":0,"unknown_payload_allocations":0},"queue_epoch":1}
[SystemTime { tv_sec: 1790344793, tv_nsec: 5733533 }] window event WindowId(31457284) redraw requested
[SystemTime { tv_sec: 1790344793, tv_nsec: 5755881 }] native frame round hosts=[WindowId(31457284)]
[SystemTime { tv_sec: 1790344793, tv_nsec: 5774429 }] redraw handler begin
[SystemTime { tv_sec: 1790344793, tv_nsec: 5801784 }] render scene prepare begin retained_cached=true
[SystemTime { tv_sec: 1790344793, tv_nsec: 5820127 }] prepared scene build begin
[SystemTime { tv_sec: 1790344793, tv_nsec: 5985441 }] native control_meshes window=WindowId(31457284) builds=1
[SystemTime { tv_sec: 1790344793, tv_nsec: 6006311 }] prepared scene build end 0ms
[SystemTime { tv_sec: 1790344793, tv_nsec: 6027476 }] renderer render begin
[SystemTime { tv_sec: 1790344793, tv_nsec: 7046650 }] native_surface_lifecycle {"acquire_attempts":19,"acquired":19,"active":1,"configuration_generation":1,"configure_attempts":1,"configured_extent":[1280,800],"discarded":0,"frame_submission_receipts_issued":26,"frame_submissions":19,"gpu_completed_through_receipt":25,"host":1,"last_frame_submission_receipt":26,"last_present_receipt":25,"presented":18,"queue_epoch":1,"reason":"submit","wgpu_submission":"Some(SubmissionIndex { index: 26 })","window":"WindowId(31457284)"}
[SystemTime { tv_sec: 1790344793, tv_nsec: 7120998 }] native upload frame window=WindowId(31457284) host=1 renderer=1 queue_epoch=1 surface_generation=1 acquisition=19 submission=26 receipt=Some(UploadFrame { consumers: {"MAIN", "BOARD", "LAYERS", "NAV", "INSPECTOR", "MENU", "TERMINAL"}, owner: 7, attempt: 20, rendered: Some(true), totals: UploadTotals { batches: 1, buffer_payload_bytes: 19660, texture_source_bytes: 0, texture_padding_bytes: 0, scatter_index_bytes: 17740, staging_capacity_bytes: 72880, buffer_copy_bytes: 37400, buffer_copies: 3, texture_copies: 0, scatter_dispatches: 2 } })
[SystemTime { tv_sec: 1790344793, tv_nsec: 7148490 }] native font ownership window=WindowId(31457284) usage=Usage { allocation: Usage { allocator_installed: true, owner_id: 3, label: "renderer-fonts-and-shapes", payload_bytes: 925390, tracking_bytes: 88544, allocations: 11066, peak_payload_bytes: 925507, owner_metadata_bytes: 96 }, returned_shape_bytes: 179160, private_bytes: Some(834774), fixed_font_bytes: Some(772070), cache_reserved_bytes: 62704, last_call: Some(Report { call_id: 2635, owner_id: 3, allocator_installed: true, host_initial_bytes: 342664, host_final_bytes: 342664, process_initial_bytes: 342664, process_final_bytes: 342664, initial_bytes: 62704, final_bytes: 63880, peak_bytes: 64029, host_peak_bytes: 342664, process_peak_bytes: 342664, exceeded: false }) } measurement=Some(Usage { allocation: Usage { allocator_installed: true, owner_id: 13, label: "text-measurement", payload_bytes: 734742, tracking_bytes: 84216, allocations: 10525, peak_payload_bytes: 748214, owner_metadata_bytes: 96 }, returned_shape_bytes: 0, private_bytes: Some(818958), fixed_font_bytes: Some(772070), cache_reserved_bytes: 46888, last_call: Some(Report { call_id: 1173, owner_id: 13, allocator_installed: true, host_initial_bytes: 367656, host_final_bytes: 367656, process_initial_bytes: 367656, process_final_bytes: 367656, initial_bytes: 46888, final_bytes: 46888, peak_bytes: 54192, host_peak_bytes: 367656, process_peak_bytes: 367656, exceeded: false }) }) process_registry_bytes=RegistryUsage { registry_heap_bytes: 136, scope_owner_bytes: 1152, call_slots_static_bytes: 9752 }
[SystemTime { tv_sec: 1790344793, tv_nsec: 7177231 }] native attachment ledger {"attachments":{"allocations":[{"allocation":1,"host":1,"last_submission":26,"owner":8,"payload_bytes":32768000,"release_reason":null}],"completed_retirements":3,"current_payload_bytes":32768000,"device_loss_confirmed":false,"device_loss_retirements":0,"observed_allocations":4,"peak_payload_bytes":54886400,"retiring_payload_bytes":0,"unknown_payload_allocations":0},"queue_epoch":1}
[SystemTime { tv_sec: 1790344793, tv_nsec: 7200564 }] native surface attachment {"allocation":1,"allocations_created":1,"extent":[1280,800],"format":"Bgra8UnormSrgb","gpu_retirement_qualified":false,"host":1,"owner":8,"payload_bytes":32768000,"queue_epoch":1,"samples":8,"state":"current_renderer_reference","window":"WindowId(31457284)"}
[SystemTime { tv_sec: 1790344793, tv_nsec: 7218406 }] renderer render end 1ms
[SystemTime { tv_sec: 1790344793, tv_nsec: 7235584 }] frame present begin
[SystemTime { tv_sec: 1790344793, tv_nsec: 7313890 }] native_surface_lifecycle {"acquire_attempts":19,"acquired":19,"active":0,"configuration_generation":1,"configure_attempts":1,"configured_extent":[1280,800],"discarded":0,"frame_submission_receipts_issued":26,"frame_submissions":19,"gpu_completed_through_receipt":25,"host":1,"last_frame_submission_receipt":26,"last_present_receipt":26,"presented":19,"queue_epoch":1,"reason":"present","wgpu_submission":"Some(SubmissionIndex { index: 26 })","window":"WindowId(31457284)"}
[SystemTime { tv_sec: 1790344793, tv_nsec: 7342596 }] frame present end 0ms total=1ms
[SystemTime { tv_sec: 1790344793, tv_nsec: 7371156 }] native redraw ledger {"attempts":30,"counts":{"coalesced":2,"duplicate_tokens":0,"presentations":19,"received":30,"requested":30,"suppressed":20},"damage":26,"device_generation":1,"host_generation":1,"pending":false,"presented_damage":26,"ready":false,"reason":"presented","rendering":null,"window":"WindowId(31457284)"}
[SystemTime { tv_sec: 1790344793, tv_nsec: 7394846 }] redraw handler end
[SystemTime { tv_sec: 1790344793, tv_nsec: 31701412 }] native queue progress epoch=1 submitted=26 completed=26
[SystemTime { tv_sec: 1790344793, tv_nsec: 31735063 }] native attachment ledger {"attachments":{"allocations":[{"allocation":1,"host":1,"last_submission":26,"owner":8,"payload_bytes":32768000,"release_reason":null}],"completed_retirements":3,"current_payload_bytes":32768000,"device_loss_confirmed":false,"device_loss_retirements":0,"observed_allocations":4,"peak_payload_bytes":54886400,"retiring_payload_bytes":0,"unknown_payload_allocations":0},"queue_epoch":1}
[SystemTime { tv_sec: 1790344793, tv_nsec: 108938767 }] window event WindowId(31457284) keyboard physical=Code(ArrowUp) logical=Named(ArrowUp) state=Pressed repeat=false text=None synthetic=false
[SystemTime { tv_sec: 1790344793, tv_nsec: 109163903 }] window event WindowId(31457284) redraw requested
[SystemTime { tv_sec: 1790344793, tv_nsec: 109223208 }] native frame round hosts=[WindowId(31457284)]
[SystemTime { tv_sec: 1790344793, tv_nsec: 109271532 }] redraw handler begin
[SystemTime { tv_sec: 1790344793, tv_nsec: 109348542 }] render scene prepare begin retained_cached=true
[SystemTime { tv_sec: 1790344793, tv_nsec: 109395809 }] prepared scene build begin
[SystemTime { tv_sec: 1790344793, tv_nsec: 109742599 }] native control_meshes window=WindowId(31457284) builds=1
[SystemTime { tv_sec: 1790344793, tv_nsec: 109795392 }] prepared scene build end 0ms
[SystemTime { tv_sec: 1790344793, tv_nsec: 109847243 }] renderer render begin
[SystemTime { tv_sec: 1790344793, tv_nsec: 111894237 }] native_surface_lifecycle {"acquire_attempts":20,"acquired":20,"active":1,"configuration_generation":1,"configure_attempts":1,"configured_extent":[1280,800],"discarded":0,"frame_submission_receipts_issued":27,"frame_submissions":20,"gpu_completed_through_receipt":26,"host":1,"last_frame_submission_receipt":27,"last_present_receipt":26,"presented":19,"queue_epoch":1,"reason":"submit","wgpu_submission":"Some(SubmissionIndex { index: 27 })","window":"WindowId(31457284)"}
[SystemTime { tv_sec: 1790344793, tv_nsec: 112010141 }] native upload frame window=WindowId(31457284) host=1 renderer=1 queue_epoch=1 surface_generation=1 acquisition=20 submission=27 receipt=Some(UploadFrame { consumers: {"MAIN", "BOARD", "LAYERS", "NAV", "INSPECTOR", "MENU", "TERMINAL"}, owner: 7, attempt: 21, rendered: Some(true), totals: UploadTotals { batches: 1, buffer_payload_bytes: 984, texture_source_bytes: 0, texture_padding_bytes: 0, scatter_index_bytes: 0, staging_capacity_bytes: 984, buffer_copy_bytes: 984, buffer_copies: 57, texture_copies: 0, scatter_dispatches: 0 } })
[SystemTime { tv_sec: 1790344793, tv_nsec: 112078921 }] native font ownership window=WindowId(31457284) usage=Usage { allocation: Usage { allocator_installed: true, owner_id: 3, label: "renderer-fonts-and-shapes", payload_bytes: 924302, tracking_bytes: 88520, allocations: 11063, peak_payload_bytes: 925507, owner_metadata_bytes: 96 }, returned_shape_bytes: 178048, private_bytes: Some(834774), fixed_font_bytes: Some(772070), cache_reserved_bytes: 62704, last_call: Some(Report { call_id: 2635, owner_id: 3, allocator_installed: true, host_initial_bytes: 342664, host_final_bytes: 342664, process_initial_bytes: 342664, process_final_bytes: 342664, initial_bytes: 62704, final_bytes: 63880, peak_bytes: 64029, host_peak_bytes: 342664, process_peak_bytes: 342664, exceeded: false }) } measurement=Some(Usage { allocation: Usage { allocator_installed: true, owner_id: 13, label: "text-measurement", payload_bytes: 734742, tracking_bytes: 84216, allocations: 10525, peak_payload_bytes: 748214, owner_metadata_bytes: 96 }, returned_shape_bytes: 0, private_bytes: Some(818958), fixed_font_bytes: Some(772070), cache_reserved_bytes: 46888, last_call: Some(Report { call_id: 1173, owner_id: 13, allocator_installed: true, host_initial_bytes: 367656, host_final_bytes: 367656, process_initial_bytes: 367656, process_final_bytes: 367656, initial_bytes: 46888, final_bytes: 46888, peak_bytes: 54192, host_peak_bytes: 367656, process_peak_bytes: 367656, exceeded: false }) }) process_registry_bytes=RegistryUsage { registry_heap_bytes: 136, scope_owner_bytes: 1152, call_slots_static_bytes: 9752 }
[SystemTime { tv_sec: 1790344793, tv_nsec: 112164187 }] native attachment ledger {"attachments":{"allocations":[{"allocation":1,"host":1,"last_submission":27,"owner":8,"payload_bytes":32768000,"release_reason":null}],"completed_retirements":3,"current_payload_bytes":32768000,"device_loss_confirmed":false,"device_loss_retirements":0,"observed_allocations":4,"peak_payload_bytes":54886400,"retiring_payload_bytes":0,"unknown_payload_allocations":0},"queue_epoch":1}
[SystemTime { tv_sec: 1790344793, tv_nsec: 112227435 }] native surface attachment {"allocation":1,"allocations_created":1,"extent":[1280,800],"format":"Bgra8UnormSrgb","gpu_retirement_qualified":false,"host":1,"owner":8,"payload_bytes":32768000,"queue_epoch":1,"samples":8,"state":"current_renderer_reference","window":"WindowId(31457284)"}
[SystemTime { tv_sec: 1790344793, tv_nsec: 112276166 }] renderer render end 2ms
[SystemTime { tv_sec: 1790344793, tv_nsec: 112323692 }] frame present begin
[SystemTime { tv_sec: 1790344793, tv_nsec: 112475161 }] native_surface_lifecycle {"acquire_attempts":20,"acquired":20,"active":0,"configuration_generation":1,"configure_attempts":1,"configured_extent":[1280,800],"discarded":0,"frame_submission_receipts_issued":27,"frame_submissions":20,"gpu_completed_through_receipt":26,"host":1,"last_frame_submission_receipt":27,"last_present_receipt":27,"presented":20,"queue_epoch":1,"reason":"present","wgpu_submission":"Some(SubmissionIndex { index: 27 })","window":"WindowId(31457284)"}
[SystemTime { tv_sec: 1790344793, tv_nsec: 112541354 }] frame present end 0ms total=3ms
[SystemTime { tv_sec: 1790344793, tv_nsec: 112619902 }] native redraw ledger {"attempts":31,"counts":{"coalesced":2,"duplicate_tokens":0,"presentations":20,"received":31,"requested":31,"suppressed":21},"damage":27,"device_generation":1,"host_generation":1,"pending":false,"presented_damage":27,"ready":false,"reason":"presented","rendering":null,"window":"WindowId(31457284)"}
[SystemTime { tv_sec: 1790344793, tv_nsec: 112680902 }] redraw handler end
[SystemTime { tv_sec: 1790344793, tv_nsec: 121242486 }] window event WindowId(31457284) keyboard physical=Code(ArrowUp) logical=Named(ArrowUp) state=Released repeat=false text=None synthetic=false
[SystemTime { tv_sec: 1790344793, tv_nsec: 121332983 }] window event WindowId(31457284) redraw requested
[SystemTime { tv_sec: 1790344793, tv_nsec: 121388921 }] native frame round hosts=[WindowId(31457284)]
[SystemTime { tv_sec: 1790344793, tv_nsec: 121459345 }] redraw handler begin
[SystemTime { tv_sec: 1790344793, tv_nsec: 121615899 }] native_surface_lifecycle {"acquire_attempts":20,"acquired":20,"active":0,"configuration_generation":1,"configure_attempts":1,"configured_extent":[1280,800],"discarded":0,"frame_submission_receipts_issued":27,"frame_submissions":20,"gpu_completed_through_receipt":26,"host":1,"last_frame_submission_receipt":27,"last_present_receipt":27,"presented":20,"queue_epoch":1,"reason":"wait_queue","wgpu_submission":"Some(SubmissionIndex { index: 27 })","window":"WindowId(31457284)"}
[SystemTime { tv_sec: 1790344793, tv_nsec: 121723180 }] native redraw ledger {"attempts":32,"counts":{"coalesced":2,"duplicate_tokens":0,"presentations":20,"received":32,"requested":32,"suppressed":21},"damage":28,"device_generation":1,"host_generation":1,"pending":false,"presented_damage":27,"ready":false,"reason":"not_presented","rendering":null,"window":"WindowId(31457284)"}
[SystemTime { tv_sec: 1790344793, tv_nsec: 130439956 }] window event WindowId(31457284) keyboard physical=Code(ArrowRight) logical=Named(ArrowRight) state=Pressed repeat=false text=None synthetic=false
[SystemTime { tv_sec: 1790344793, tv_nsec: 136949174 }] native queue progress epoch=1 submitted=27 completed=27
[SystemTime { tv_sec: 1790344793, tv_nsec: 137057672 }] native attachment ledger {"attachments":{"allocations":[{"allocation":1,"host":1,"last_submission":27,"owner":8,"payload_bytes":32768000,"release_reason":null}],"completed_retirements":3,"current_payload_bytes":32768000,"device_loss_confirmed":false,"device_loss_retirements":0,"observed_allocations":4,"peak_payload_bytes":54886400,"retiring_payload_bytes":0,"unknown_payload_allocations":0},"queue_epoch":1}
[SystemTime { tv_sec: 1790344793, tv_nsec: 137182155 }] window event WindowId(31457284) redraw requested
[SystemTime { tv_sec: 1790344793, tv_nsec: 137243788 }] native frame round hosts=[WindowId(31457284)]
[SystemTime { tv_sec: 1790344793, tv_nsec: 137296561 }] redraw handler begin
[SystemTime { tv_sec: 1790344793, tv_nsec: 137370247 }] render scene prepare begin retained_cached=true
[SystemTime { tv_sec: 1790344793, tv_nsec: 137428198 }] prepared scene build begin
[SystemTime { tv_sec: 1790344793, tv_nsec: 137892368 }] native control_meshes window=WindowId(31457284) builds=1
[SystemTime { tv_sec: 1790344793, tv_nsec: 137959269 }] prepared scene build end 0ms
[SystemTime { tv_sec: 1790344793, tv_nsec: 138017702 }] renderer render begin
[SystemTime { tv_sec: 1790344793, tv_nsec: 139446635 }] native_surface_lifecycle {"acquire_attempts":21,"acquired":21,"active":1,"configuration_generation":1,"configure_attempts":1,"configured_extent":[1280,800],"discarded":0,"frame_submission_receipts_issued":28,"frame_submissions":21,"gpu_completed_through_receipt":27,"host":1,"last_frame_submission_receipt":28,"last_present_receipt":27,"presented":20,"queue_epoch":1,"reason":"submit","wgpu_submission":"Some(SubmissionIndex { index: 28 })","window":"WindowId(31457284)"}
[SystemTime { tv_sec: 1790344793, tv_nsec: 139531989 }] native upload frame window=WindowId(31457284) host=1 renderer=1 queue_epoch=1 surface_generation=1 acquisition=21 submission=28 receipt=Some(UploadFrame { consumers: {"MAIN", "BOARD", "LAYERS", "NAV", "INSPECTOR", "MENU", "TERMINAL"}, owner: 7, attempt: 22, rendered: Some(true), totals: UploadTotals { batches: 1, buffer_payload_bytes: 4320, texture_source_bytes: 0, texture_padding_bytes: 0, scatter_index_bytes: 0, staging_capacity_bytes: 4320, buffer_copy_bytes: 4320, buffer_copies: 2, texture_copies: 0, scatter_dispatches: 0 } })
[SystemTime { tv_sec: 1790344793, tv_nsec: 139608136 }] native font ownership window=WindowId(31457284) usage=Usage { allocation: Usage { allocator_installed: true, owner_id: 3, label: "renderer-fonts-and-shapes", payload_bytes: 924302, tracking_bytes: 88520, allocations: 11063, peak_payload_bytes: 925507, owner_metadata_bytes: 96 }, returned_shape_bytes: 178048, private_bytes: Some(834774), fixed_font_bytes: Some(772070), cache_reserved_bytes: 62704, last_call: Some(Report { call_id: 2635, owner_id: 3, allocator_installed: true, host_initial_bytes: 342664, host_final_bytes: 342664, process_initial_bytes: 342664, process_final_bytes: 342664, initial_bytes: 62704, final_bytes: 63880, peak_bytes: 64029, host_peak_bytes: 342664, process_peak_bytes: 342664, exceeded: false }) } measurement=Some(Usage { allocation: Usage { allocator_installed: true, owner_id: 13, label: "text-measurement", payload_bytes: 734742, tracking_bytes: 84216, allocations: 10525, peak_payload_bytes: 748214, owner_metadata_bytes: 96 }, returned_shape_bytes: 0, private_bytes: Some(818958), fixed_font_bytes: Some(772070), cache_reserved_bytes: 46888, last_call: Some(Report { call_id: 1173, owner_id: 13, allocator_installed: true, host_initial_bytes: 367656, host_final_bytes: 367656, process_initial_bytes: 367656, process_final_bytes: 367656, initial_bytes: 46888, final_bytes: 46888, peak_bytes: 54192, host_peak_bytes: 367656, process_peak_bytes: 367656, exceeded: false }) }) process_registry_bytes=RegistryUsage { registry_heap_bytes: 136, scope_owner_bytes: 1152, call_slots_static_bytes: 9752 }
[SystemTime { tv_sec: 1790344793, tv_nsec: 139687306 }] native attachment ledger {"attachments":{"allocations":[{"allocation":1,"host":1,"last_submission":28,"owner":8,"payload_bytes":32768000,"release_reason":null}],"completed_retirements":3,"current_payload_bytes":32768000,"device_loss_confirmed":false,"device_loss_retirements":0,"observed_allocations":4,"peak_payload_bytes":54886400,"retiring_payload_bytes":0,"unknown_payload_allocations":0},"queue_epoch":1}
[SystemTime { tv_sec: 1790344793, tv_nsec: 139772323 }] native surface attachment {"allocation":1,"allocations_created":1,"extent":[1280,800],"format":"Bgra8UnormSrgb","gpu_retirement_qualified":false,"host":1,"owner":8,"payload_bytes":32768000,"queue_epoch":1,"samples":8,"state":"current_renderer_reference","window":"WindowId(31457284)"}
[SystemTime { tv_sec: 1790344793, tv_nsec: 139829371 }] renderer render end 1ms
[SystemTime { tv_sec: 1790344793, tv_nsec: 139884026 }] frame present begin
[SystemTime { tv_sec: 1790344793, tv_nsec: 140063858 }] native_surface_lifecycle {"acquire_attempts":21,"acquired":21,"active":0,"configuration_generation":1,"configure_attempts":1,"configured_extent":[1280,800],"discarded":0,"frame_submission_receipts_issued":28,"frame_submissions":21,"gpu_completed_through_receipt":27,"host":1,"last_frame_submission_receipt":28,"last_present_receipt":28,"presented":21,"queue_epoch":1,"reason":"present","wgpu_submission":"Some(SubmissionIndex { index: 28 })","window":"WindowId(31457284)"}
[SystemTime { tv_sec: 1790344793, tv_nsec: 140144896 }] frame present end 0ms total=2ms
[SystemTime { tv_sec: 1790344793, tv_nsec: 140233435 }] native redraw ledger {"attempts":33,"counts":{"coalesced":2,"duplicate_tokens":0,"presentations":21,"received":33,"requested":33,"suppressed":23},"damage":29,"device_generation":1,"host_generation":1,"pending":false,"presented_damage":29,"ready":false,"reason":"presented","rendering":null,"window":"WindowId(31457284)"}
[SystemTime { tv_sec: 1790344793, tv_nsec: 140290813 }] redraw handler end
[SystemTime { tv_sec: 1790344793, tv_nsec: 142552864 }] window event WindowId(31457284) keyboard physical=Code(ArrowRight) logical=Named(ArrowRight) state=Released repeat=false text=None synthetic=false
[SystemTime { tv_sec: 1790344793, tv_nsec: 142643402 }] window event WindowId(31457284) redraw requested
[SystemTime { tv_sec: 1790344793, tv_nsec: 142702636 }] native frame round hosts=[WindowId(31457284)]
[SystemTime { tv_sec: 1790344793, tv_nsec: 142755928 }] redraw handler begin
[SystemTime { tv_sec: 1790344793, tv_nsec: 142879948 }] native_surface_lifecycle {"acquire_attempts":21,"acquired":21,"active":0,"configuration_generation":1,"configure_attempts":1,"configured_extent":[1280,800],"discarded":0,"frame_submission_receipts_issued":28,"frame_submissions":21,"gpu_completed_through_receipt":27,"host":1,"last_frame_submission_receipt":28,"last_present_receipt":28,"presented":21,"queue_epoch":1,"reason":"wait_queue","wgpu_submission":"Some(SubmissionIndex { index: 28 })","window":"WindowId(31457284)"}
[SystemTime { tv_sec: 1790344793, tv_nsec: 142958107 }] native redraw ledger {"attempts":34,"counts":{"coalesced":2,"duplicate_tokens":0,"presentations":21,"received":34,"requested":34,"suppressed":23},"damage":30,"device_generation":1,"host_generation":1,"pending":false,"presented_damage":29,"ready":false,"reason":"not_presented","rendering":null,"window":"WindowId(31457284)"}
[SystemTime { tv_sec: 1790344793, tv_nsec: 147289603 }] native queue progress epoch=1 submitted=28 completed=28
[SystemTime { tv_sec: 1790344793, tv_nsec: 147394126 }] native attachment ledger {"attachments":{"allocations":[{"allocation":1,"host":1,"last_submission":28,"owner":8,"payload_bytes":32768000,"release_reason":null}],"completed_retirements":3,"current_payload_bytes":32768000,"device_loss_confirmed":false,"device_loss_retirements":0,"observed_allocations":4,"peak_payload_bytes":54886400,"retiring_payload_bytes":0,"unknown_payload_allocations":0},"queue_epoch":1}
[SystemTime { tv_sec: 1790344793, tv_nsec: 149177565 }] window event WindowId(31457284) redraw requested
[SystemTime { tv_sec: 1790344793, tv_nsec: 149267563 }] native frame round hosts=[WindowId(31457284)]
[SystemTime { tv_sec: 1790344793, tv_nsec: 149341618 }] redraw handler begin
[SystemTime { tv_sec: 1790344793, tv_nsec: 149445098 }] renderer render begin
[SystemTime { tv_sec: 1790344793, tv_nsec: 150675075 }] native_surface_lifecycle {"acquire_attempts":22,"acquired":22,"active":1,"configuration_generation":1,"configure_attempts":1,"configured_extent":[1280,800],"discarded":0,"frame_submission_receipts_issued":29,"frame_submissions":22,"gpu_completed_through_receipt":28,"host":1,"last_frame_submission_receipt":29,"last_present_receipt":28,"presented":21,"queue_epoch":1,"reason":"submit","wgpu_submission":"Some(SubmissionIndex { index: 29 })","window":"WindowId(31457284)"}
[SystemTime { tv_sec: 1790344793, tv_nsec: 150760881 }] native upload frame window=WindowId(31457284) host=1 renderer=1 queue_epoch=1 surface_generation=1 acquisition=22 submission=29 receipt=Some(UploadFrame { consumers: {"MAIN", "BOARD", "LAYERS", "NAV", "INSPECTOR", "MENU", "TERMINAL"}, owner: 7, attempt: 23, rendered: Some(true), totals: UploadTotals { batches: 0, buffer_payload_bytes: 0, texture_source_bytes: 0, texture_padding_bytes: 0, scatter_index_bytes: 0, staging_capacity_bytes: 0, buffer_copy_bytes: 0, buffer_copies: 0, texture_copies: 0, scatter_dispatches: 0 } })
[SystemTime { tv_sec: 1790344793, tv_nsec: 150836100 }] native font ownership window=WindowId(31457284) usage=Usage { allocation: Usage { allocator_installed: true, owner_id: 3, label: "renderer-fonts-and-shapes", payload_bytes: 924302, tracking_bytes: 88520, allocations: 11063, peak_payload_bytes: 925507, owner_metadata_bytes: 96 }, returned_shape_bytes: 178048, private_bytes: Some(834774), fixed_font_bytes: Some(772070), cache_reserved_bytes: 62704, last_call: Some(Report { call_id: 2635, owner_id: 3, allocator_installed: true, host_initial_bytes: 342664, host_final_bytes: 342664, process_initial_bytes: 342664, process_final_bytes: 342664, initial_bytes: 62704, final_bytes: 63880, peak_bytes: 64029, host_peak_bytes: 342664, process_peak_bytes: 342664, exceeded: false }) } measurement=Some(Usage { allocation: Usage { allocator_installed: true, owner_id: 13, label: "text-measurement", payload_bytes: 734742, tracking_bytes: 84216, allocations: 10525, peak_payload_bytes: 748214, owner_metadata_bytes: 96 }, returned_shape_bytes: 0, private_bytes: Some(818958), fixed_font_bytes: Some(772070), cache_reserved_bytes: 46888, last_call: Some(Report { call_id: 1173, owner_id: 13, allocator_installed: true, host_initial_bytes: 367656, host_final_bytes: 367656, process_initial_bytes: 367656, process_final_bytes: 367656, initial_bytes: 46888, final_bytes: 46888, peak_bytes: 54192, host_peak_bytes: 367656, process_peak_bytes: 367656, exceeded: false }) }) process_registry_bytes=RegistryUsage { registry_heap_bytes: 136, scope_owner_bytes: 1152, call_slots_static_bytes: 9752 }
[SystemTime { tv_sec: 1790344793, tv_nsec: 150912966 }] native attachment ledger {"attachments":{"allocations":[{"allocation":1,"host":1,"last_submission":29,"owner":8,"payload_bytes":32768000,"release_reason":null}],"completed_retirements":3,"current_payload_bytes":32768000,"device_loss_confirmed":false,"device_loss_retirements":0,"observed_allocations":4,"peak_payload_bytes":54886400,"retiring_payload_bytes":0,"unknown_payload_allocations":0},"queue_epoch":1}
[SystemTime { tv_sec: 1790344793, tv_nsec: 150980698 }] native surface attachment {"allocation":1,"allocations_created":1,"extent":[1280,800],"format":"Bgra8UnormSrgb","gpu_retirement_qualified":false,"host":1,"owner":8,"payload_bytes":32768000,"queue_epoch":1,"samples":8,"state":"current_renderer_reference","window":"WindowId(31457284)"}
[SystemTime { tv_sec: 1790344793, tv_nsec: 151033344 }] renderer render end 1ms
[SystemTime { tv_sec: 1790344793, tv_nsec: 151084733 }] frame present begin
[SystemTime { tv_sec: 1790344793, tv_nsec: 151232962 }] native_surface_lifecycle {"acquire_attempts":22,"acquired":22,"active":0,"configuration_generation":1,"configure_attempts":1,"configured_extent":[1280,800],"discarded":0,"frame_submission_receipts_issued":29,"frame_submissions":22,"gpu_completed_through_receipt":28,"host":1,"last_frame_submission_receipt":29,"last_present_receipt":29,"presented":22,"queue_epoch":1,"reason":"present","wgpu_submission":"Some(SubmissionIndex { index: 29 })","window":"WindowId(31457284)"}
[SystemTime { tv_sec: 1790344793, tv_nsec: 151301137 }] frame present end 0ms total=1ms
[SystemTime { tv_sec: 1790344793, tv_nsec: 151375617 }] native redraw ledger {"attempts":35,"counts":{"coalesced":2,"duplicate_tokens":0,"presentations":22,"received":35,"requested":35,"suppressed":24},"damage":30,"device_generation":1,"host_generation":1,"pending":false,"presented_damage":30,"ready":false,"reason":"presented","rendering":null,"window":"WindowId(31457284)"}
[SystemTime { tv_sec: 1790344793, tv_nsec: 151426833 }] redraw handler end
[SystemTime { tv_sec: 1790344793, tv_nsec: 152163875 }] window event WindowId(31457284) keyboard physical=Code(ArrowDown) logical=Named(ArrowDown) state=Pressed repeat=false text=None synthetic=false
[SystemTime { tv_sec: 1790344793, tv_nsec: 152352891 }] window event WindowId(31457284) redraw requested
[SystemTime { tv_sec: 1790344793, tv_nsec: 152412483 }] native frame round hosts=[WindowId(31457284)]
[SystemTime { tv_sec: 1790344793, tv_nsec: 152464132 }] redraw handler begin
[SystemTime { tv_sec: 1790344793, tv_nsec: 152563258 }] native_surface_lifecycle {"acquire_attempts":22,"acquired":22,"active":0,"configuration_generation":1,"configure_attempts":1,"configured_extent":[1280,800],"discarded":0,"frame_submission_receipts_issued":29,"frame_submissions":22,"gpu_completed_through_receipt":28,"host":1,"last_frame_submission_receipt":29,"last_present_receipt":29,"presented":22,"queue_epoch":1,"reason":"wait_queue","wgpu_submission":"Some(SubmissionIndex { index: 29 })","window":"WindowId(31457284)"}
[SystemTime { tv_sec: 1790344793, tv_nsec: 152637300 }] native redraw ledger {"attempts":36,"counts":{"coalesced":2,"duplicate_tokens":0,"presentations":22,"received":36,"requested":36,"suppressed":24},"damage":31,"device_generation":1,"host_generation":1,"pending":false,"presented_damage":30,"ready":false,"reason":"not_presented","rendering":null,"window":"WindowId(31457284)"}
[SystemTime { tv_sec: 1790344793, tv_nsec: 163137485 }] window event WindowId(31457284) keyboard physical=Code(ArrowDown) logical=Named(ArrowDown) state=Released repeat=false text=None synthetic=false
[SystemTime { tv_sec: 1790344793, tv_nsec: 163235759 }] window event WindowId(31457284) redraw requested
[SystemTime { tv_sec: 1790344793, tv_nsec: 163296701 }] native frame round hosts=[WindowId(31457284)]
[SystemTime { tv_sec: 1790344793, tv_nsec: 163349172 }] redraw handler begin
[SystemTime { tv_sec: 1790344793, tv_nsec: 163470813 }] native_surface_lifecycle {"acquire_attempts":22,"acquired":22,"active":0,"configuration_generation":1,"configure_attempts":1,"configured_extent":[1280,800],"discarded":0,"frame_submission_receipts_issued":29,"frame_submissions":22,"gpu_completed_through_receipt":28,"host":1,"last_frame_submission_receipt":29,"last_present_receipt":29,"presented":22,"queue_epoch":1,"reason":"wait_queue","wgpu_submission":"Some(SubmissionIndex { index: 29 })","window":"WindowId(31457284)"}
[SystemTime { tv_sec: 1790344793, tv_nsec: 163548790 }] native redraw ledger {"attempts":37,"counts":{"coalesced":2,"duplicate_tokens":0,"presentations":22,"received":37,"requested":37,"suppressed":24},"damage":32,"device_generation":1,"host_generation":1,"pending":false,"presented_damage":30,"ready":false,"reason":"not_presented","rendering":null,"window":"WindowId(31457284)"}
[SystemTime { tv_sec: 1790344793, tv_nsec: 166615597 }] native queue progress epoch=1 submitted=29 completed=29
[SystemTime { tv_sec: 1790344793, tv_nsec: 166720446 }] native attachment ledger {"attachments":{"allocations":[{"allocation":1,"host":1,"last_submission":29,"owner":8,"payload_bytes":32768000,"release_reason":null}],"completed_retirements":3,"current_payload_bytes":32768000,"device_loss_confirmed":false,"device_loss_retirements":0,"observed_allocations":4,"peak_payload_bytes":54886400,"retiring_payload_bytes":0,"unknown_payload_allocations":0},"queue_epoch":1}
[SystemTime { tv_sec: 1790344793, tv_nsec: 167745272 }] window event WindowId(31457284) redraw requested
[SystemTime { tv_sec: 1790344793, tv_nsec: 167837120 }] native frame round hosts=[WindowId(31457284)]
[SystemTime { tv_sec: 1790344793, tv_nsec: 167890496 }] redraw handler begin
[SystemTime { tv_sec: 1790344793, tv_nsec: 167974288 }] render scene prepare begin retained_cached=true
[SystemTime { tv_sec: 1790344793, tv_nsec: 168026588 }] prepared scene build begin
[SystemTime { tv_sec: 1790344793, tv_nsec: 168439808 }] native control_meshes window=WindowId(31457284) builds=1
[SystemTime { tv_sec: 1790344793, tv_nsec: 168499389 }] prepared scene build end 0ms
[SystemTime { tv_sec: 1790344793, tv_nsec: 168556080 }] renderer render begin
[SystemTime { tv_sec: 1790344793, tv_nsec: 170065791 }] native_surface_lifecycle {"acquire_attempts":23,"acquired":23,"active":1,"configuration_generation":1,"configure_attempts":1,"configured_extent":[1280,800],"discarded":0,"frame_submission_receipts_issued":30,"frame_submissions":23,"gpu_completed_through_receipt":29,"host":1,"last_frame_submission_receipt":30,"last_present_receipt":29,"presented":22,"queue_epoch":1,"reason":"submit","wgpu_submission":"Some(SubmissionIndex { index: 30 })","window":"WindowId(31457284)"}
[SystemTime { tv_sec: 1790344793, tv_nsec: 170144138 }] native upload frame window=WindowId(31457284) host=1 renderer=1 queue_epoch=1 surface_generation=1 acquisition=23 submission=30 receipt=Some(UploadFrame { consumers: {"MAIN", "BOARD", "LAYERS", "NAV", "INSPECTOR", "MENU", "TERMINAL"}, owner: 7, attempt: 24, rendered: Some(true), totals: UploadTotals { batches: 1, buffer_payload_bytes: 360, texture_source_bytes: 0, texture_padding_bytes: 0, scatter_index_bytes: 0, staging_capacity_bytes: 360, buffer_copy_bytes: 360, buffer_copies: 37, texture_copies: 0, scatter_dispatches: 0 } })
[SystemTime { tv_sec: 1790344793, tv_nsec: 170226809 }] native font ownership window=WindowId(31457284) usage=Usage { allocation: Usage { allocator_installed: true, owner_id: 3, label: "renderer-fonts-and-shapes", payload_bytes: 924302, tracking_bytes: 88520, allocations: 11063, peak_payload_bytes: 925507, owner_metadata_bytes: 96 }, returned_shape_bytes: 178048, private_bytes: Some(834774), fixed_font_bytes: Some(772070), cache_reserved_bytes: 62704, last_call: Some(Report { call_id: 2635, owner_id: 3, allocator_installed: true, host_initial_bytes: 342664, host_final_bytes: 342664, process_initial_bytes: 342664, process_final_bytes: 342664, initial_bytes: 62704, final_bytes: 63880, peak_bytes: 64029, host_peak_bytes: 342664, process_peak_bytes: 342664, exceeded: false }) } measurement=Some(Usage { allocation: Usage { allocator_installed: true, owner_id: 13, label: "text-measurement", payload_bytes: 734742, tracking_bytes: 84216, allocations: 10525, peak_payload_bytes: 748214, owner_metadata_bytes: 96 }, returned_shape_bytes: 0, private_bytes: Some(818958), fixed_font_bytes: Some(772070), cache_reserved_bytes: 46888, last_call: Some(Report { call_id: 1173, owner_id: 13, allocator_installed: true, host_initial_bytes: 367656, host_final_bytes: 367656, process_initial_bytes: 367656, process_final_bytes: 367656, initial_bytes: 46888, final_bytes: 46888, peak_bytes: 54192, host_peak_bytes: 367656, process_peak_bytes: 367656, exceeded: false }) }) process_registry_bytes=RegistryUsage { registry_heap_bytes: 136, scope_owner_bytes: 1152, call_slots_static_bytes: 9752 }
[SystemTime { tv_sec: 1790344793, tv_nsec: 170303684 }] native attachment ledger {"attachments":{"allocations":[{"allocation":1,"host":1,"last_submission":30,"owner":8,"payload_bytes":32768000,"release_reason":null}],"completed_retirements":3,"current_payload_bytes":32768000,"device_loss_confirmed":false,"device_loss_retirements":0,"observed_allocations":4,"peak_payload_bytes":54886400,"retiring_payload_bytes":0,"unknown_payload_allocations":0},"queue_epoch":1}
[SystemTime { tv_sec: 1790344793, tv_nsec: 170371409 }] native surface attachment {"allocation":1,"allocations_created":1,"extent":[1280,800],"format":"Bgra8UnormSrgb","gpu_retirement_qualified":false,"host":1,"owner":8,"payload_bytes":32768000,"queue_epoch":1,"samples":8,"state":"current_renderer_reference","window":"WindowId(31457284)"}
[SystemTime { tv_sec: 1790344793, tv_nsec: 170433655 }] renderer render end 1ms
[SystemTime { tv_sec: 1790344793, tv_nsec: 170485681 }] frame present begin
[SystemTime { tv_sec: 1790344793, tv_nsec: 170642994 }] native_surface_lifecycle {"acquire_attempts":23,"acquired":23,"active":0,"configuration_generation":1,"configure_attempts":1,"configured_extent":[1280,800],"discarded":0,"frame_submission_receipts_issued":30,"frame_submissions":23,"gpu_completed_through_receipt":29,"host":1,"last_frame_submission_receipt":30,"last_present_receipt":30,"presented":23,"queue_epoch":1,"reason":"present","wgpu_submission":"Some(SubmissionIndex { index: 30 })","window":"WindowId(31457284)"}
[SystemTime { tv_sec: 1790344793, tv_nsec: 170716028 }] frame present end 0ms total=2ms
[SystemTime { tv_sec: 1790344793, tv_nsec: 170794667 }] native redraw ledger {"attempts":38,"counts":{"coalesced":2,"duplicate_tokens":0,"presentations":23,"received":38,"requested":38,"suppressed":25},"damage":32,"device_generation":1,"host_generation":1,"pending":false,"presented_damage":32,"ready":false,"reason":"presented","rendering":null,"window":"WindowId(31457284)"}
[SystemTime { tv_sec: 1790344793, tv_nsec: 170854052 }] redraw handler end
[SystemTime { tv_sec: 1790344793, tv_nsec: 174051651 }] window event WindowId(31457284) keyboard physical=Code(Enter) logical=Named(Enter) state=Pressed repeat=false text=Some("\r") synthetic=false
[SystemTime { tv_sec: 1790344793, tv_nsec: 359349258 }] window event WindowId(31457284) keyboard physical=Code(Enter) logical=Named(Enter) state=Released repeat=false text=Some("\r") synthetic=false
[SystemTime { tv_sec: 1790344793, tv_nsec: 359378442 }] window event WindowId(31457284) redraw requested
[SystemTime { tv_sec: 1790344793, tv_nsec: 362904219 }] surface identity window=WindowId(31457356) window_backend=x11 gpu_backend=Vulkan adapter="Intel(R) HD Graphics P630 (KBL GT2)" device_type=IntegratedGpu driver="Intel open-source Mesa driver" driver_info="Mesa 25.0.7-2+deb13u1"
[SystemTime { tv_sec: 1790344793, tv_nsec: 368330582 }] native frame round hosts=[WindowId(31457284)]
[SystemTime { tv_sec: 1790344793, tv_nsec: 368376206 }] redraw handler begin
[SystemTime { tv_sec: 1790344793, tv_nsec: 368487183 }] render scene prepare begin retained_cached=true
[SystemTime { tv_sec: 1790344793, tv_nsec: 368505778 }] prepared scene build begin
[SystemTime { tv_sec: 1790344793, tv_nsec: 368676255 }] native control_meshes window=WindowId(31457284) builds=1
[SystemTime { tv_sec: 1790344793, tv_nsec: 368696619 }] prepared scene build end 0ms
[SystemTime { tv_sec: 1790344793, tv_nsec: 368716581 }] renderer render begin
[SystemTime { tv_sec: 1790344793, tv_nsec: 369466344 }] native_surface_lifecycle {"acquire_attempts":24,"acquired":24,"active":1,"configuration_generation":1,"configure_attempts":1,"configured_extent":[1280,800],"discarded":0,"frame_submission_receipts_issued":31,"frame_submissions":24,"gpu_completed_through_receipt":30,"host":1,"last_frame_submission_receipt":31,"last_present_receipt":30,"presented":23,"queue_epoch":1,"reason":"submit","wgpu_submission":"Some(SubmissionIndex { index: 31 })","window":"WindowId(31457284)"}
[SystemTime { tv_sec: 1790344793, tv_nsec: 369497913 }] native upload frame window=WindowId(31457284) host=1 renderer=1 queue_epoch=1 surface_generation=1 acquisition=24 submission=31 receipt=Some(UploadFrame { consumers: {"MAIN", "BOARD", "LAYERS", "NAV", "INSPECTOR", "MENU", "TERMINAL"}, owner: 7, attempt: 25, rendered: Some(true), totals: UploadTotals { batches: 1, buffer_payload_bytes: 4384, texture_source_bytes: 0, texture_padding_bytes: 0, scatter_index_bytes: 4368, staging_capacity_bytes: 17488, buffer_copy_bytes: 8752, buffer_copies: 5, texture_copies: 0, scatter_dispatches: 1 } })
[SystemTime { tv_sec: 1790344793, tv_nsec: 369522471 }] native font ownership window=WindowId(31457284) usage=Usage { allocation: Usage { allocator_installed: true, owner_id: 3, label: "renderer-fonts-and-shapes", payload_bytes: 924302, tracking_bytes: 88520, allocations: 11063, peak_payload_bytes: 925507, owner_metadata_bytes: 96 }, returned_shape_bytes: 178048, private_bytes: Some(834774), fixed_font_bytes: Some(772070), cache_reserved_bytes: 62704, last_call: Some(Report { call_id: 2635, owner_id: 3, allocator_installed: true, host_initial_bytes: 342664, host_final_bytes: 342664, process_initial_bytes: 342664, process_final_bytes: 342664, initial_bytes: 62704, final_bytes: 63880, peak_bytes: 64029, host_peak_bytes: 342664, process_peak_bytes: 342664, exceeded: false }) } measurement=Some(Usage { allocation: Usage { allocator_installed: true, owner_id: 13, label: "text-measurement", payload_bytes: 734742, tracking_bytes: 84216, allocations: 10525, peak_payload_bytes: 748214, owner_metadata_bytes: 96 }, returned_shape_bytes: 0, private_bytes: Some(818958), fixed_font_bytes: Some(772070), cache_reserved_bytes: 46888, last_call: Some(Report { call_id: 1173, owner_id: 13, allocator_installed: true, host_initial_bytes: 367656, host_final_bytes: 367656, process_initial_bytes: 367656, process_final_bytes: 367656, initial_bytes: 46888, final_bytes: 46888, peak_bytes: 54192, host_peak_bytes: 367656, process_peak_bytes: 367656, exceeded: false }) }) process_registry_bytes=RegistryUsage { registry_heap_bytes: 136, scope_owner_bytes: 1152, call_slots_static_bytes: 9752 }
[SystemTime { tv_sec: 1790344793, tv_nsec: 369557211 }] native attachment ledger {"attachments":{"allocations":[{"allocation":1,"host":1,"last_submission":31,"owner":8,"payload_bytes":32768000,"release_reason":null}],"completed_retirements":3,"current_payload_bytes":32768000,"device_loss_confirmed":false,"device_loss_retirements":0,"observed_allocations":4,"peak_payload_bytes":54886400,"retiring_payload_bytes":0,"unknown_payload_allocations":0},"queue_epoch":1}
[SystemTime { tv_sec: 1790344793, tv_nsec: 369579277 }] native surface attachment {"allocation":1,"allocations_created":1,"extent":[1280,800],"format":"Bgra8UnormSrgb","gpu_retirement_qualified":false,"host":1,"owner":8,"payload_bytes":32768000,"queue_epoch":1,"samples":8,"state":"current_renderer_reference","window":"WindowId(31457284)"}
[SystemTime { tv_sec: 1790344793, tv_nsec: 369596394 }] renderer render end 0ms
[SystemTime { tv_sec: 1790344793, tv_nsec: 369612829 }] frame present begin
[SystemTime { tv_sec: 1790344793, tv_nsec: 369692939 }] native_surface_lifecycle {"acquire_attempts":24,"acquired":24,"active":0,"configuration_generation":1,"configure_attempts":1,"configured_extent":[1280,800],"discarded":0,"frame_submission_receipts_issued":31,"frame_submissions":24,"gpu_completed_through_receipt":30,"host":1,"last_frame_submission_receipt":31,"last_present_receipt":31,"presented":24,"queue_epoch":1,"reason":"present","wgpu_submission":"Some(SubmissionIndex { index: 31 })","window":"WindowId(31457284)"}
[SystemTime { tv_sec: 1790344793, tv_nsec: 369722762 }] frame present end 0ms total=1ms
[SystemTime { tv_sec: 1790344793, tv_nsec: 369771732 }] native redraw ledger {"attempts":39,"counts":{"coalesced":2,"duplicate_tokens":0,"presentations":24,"received":39,"requested":39,"suppressed":26},"damage":33,"device_generation":1,"host_generation":1,"pending":false,"presented_damage":33,"ready":false,"reason":"presented","rendering":null,"window":"WindowId(31457284)"}
[SystemTime { tv_sec: 1790344793, tv_nsec: 369792970 }] redraw handler end
[SystemTime { tv_sec: 1790344793, tv_nsec: 369882464 }] native queue progress epoch=1 submitted=31 completed=30
[SystemTime { tv_sec: 1790344793, tv_nsec: 369908934 }] native attachment ledger {"attachments":{"allocations":[{"allocation":1,"host":1,"last_submission":31,"owner":8,"payload_bytes":32768000,"release_reason":null}],"completed_retirements":3,"current_payload_bytes":32768000,"device_loss_confirmed":false,"device_loss_retirements":0,"observed_allocations":4,"peak_payload_bytes":54886400,"retiring_payload_bytes":0,"unknown_payload_allocations":0},"queue_epoch":1}
[SystemTime { tv_sec: 1790344793, tv_nsec: 369970747 }] window event WindowId(31457356) ime Disabled
[SystemTime { tv_sec: 1790344793, tv_nsec: 370509332 }] window event WindowId(31457356) redraw requested
[SystemTime { tv_sec: 1790344793, tv_nsec: 370646634 }] native frame round hosts=[WindowId(31457356)]
[SystemTime { tv_sec: 1790344793, tv_nsec: 370698883 }] native_surface_lifecycle {"acquire_attempts":0,"acquired":0,"active":0,"configuration_generation":0,"configure_attempts":0,"configured_extent":null,"discarded":0,"frame_submission_receipts_issued":31,"frame_submissions":0,"gpu_completed_through_receipt":30,"host":5,"last_frame_submission_receipt":0,"last_present_receipt":0,"presented":0,"queue_epoch":1,"reason":"wait_queue","wgpu_submission":"None","window":"WindowId(31457356)"}
[SystemTime { tv_sec: 1790344793, tv_nsec: 370721580 }] native redraw ledger {"attempts":1,"counts":{"coalesced":1,"duplicate_tokens":0,"presentations":0,"received":1,"requested":1,"suppressed":0},"damage":3,"device_generation":1,"host_generation":5,"pending":false,"presented_damage":0,"ready":false,"reason":"not_presented","rendering":null,"window":"WindowId(31457356)"}
[SystemTime { tv_sec: 1790344793, tv_nsec: 372334930 }] window event WindowId(31457356) focused false
[SystemTime { tv_sec: 1790344793, tv_nsec: 372416237 }] window event WindowId(31457356) occluded false
[SystemTime { tv_sec: 1790344793, tv_nsec: 372537335 }] window event WindowId(31457356) redraw requested
[SystemTime { tv_sec: 1790344793, tv_nsec: 374903022 }] window event WindowId(31457284) modifiers changed ModifiersState(0x0)
[SystemTime { tv_sec: 1790344793, tv_nsec: 375380391 }] window event WindowId(31457284) focused false
[SystemTime { tv_sec: 1790344793, tv_nsec: 375815167 }] window event WindowId(31457356) focused true
[SystemTime { tv_sec: 1790344793, tv_nsec: 377364539 }] window event WindowId(31457356) modifiers changed ModifiersState(0x0)
[SystemTime { tv_sec: 1790344793, tv_nsec: 377429055 }] window event WindowId(31457356) cursor moved 467.00,170.00
[SystemTime { tv_sec: 1790344793, tv_nsec: 377469763 }] window event WindowId(31457356) occluded false
[SystemTime { tv_sec: 1790344793, tv_nsec: 377755716 }] window event WindowId(31457356) resized 960x720
[SystemTime { tv_sec: 1790344793, tv_nsec: 377802658 }] window event WindowId(31457356) redraw requested
[SystemTime { tv_sec: 1790344793, tv_nsec: 377837185 }] native frame round hosts=[WindowId(31457356)]
[SystemTime { tv_sec: 1790344793, tv_nsec: 377905168 }] native_surface_lifecycle {"acquire_attempts":0,"acquired":0,"active":0,"configuration_generation":0,"configure_attempts":0,"configured_extent":null,"discarded":0,"frame_submission_receipts_issued":31,"frame_submissions":0,"gpu_completed_through_receipt":30,"host":5,"last_frame_submission_receipt":0,"last_present_receipt":0,"presented":0,"queue_epoch":1,"reason":"wait_queue","wgpu_submission":"None","window":"WindowId(31457356)"}
[SystemTime { tv_sec: 1790344793, tv_nsec: 377946843 }] native redraw ledger {"attempts":2,"counts":{"coalesced":1,"duplicate_tokens":0,"presentations":0,"received":3,"requested":1,"suppressed":0},"damage":3,"device_generation":1,"host_generation":5,"pending":false,"presented_damage":0,"ready":false,"reason":"not_presented","rendering":null,"window":"WindowId(31457356)"}
[SystemTime { tv_sec: 1790344793, tv_nsec: 392916931 }] native queue progress epoch=1 submitted=31 completed=31
[SystemTime { tv_sec: 1790344793, tv_nsec: 392956073 }] native attachment ledger {"attachments":{"allocations":[{"allocation":1,"host":1,"last_submission":31,"owner":8,"payload_bytes":32768000,"release_reason":null}],"completed_retirements":3,"current_payload_bytes":32768000,"device_loss_confirmed":false,"device_loss_retirements":0,"observed_allocations":4,"peak_payload_bytes":54886400,"retiring_payload_bytes":0,"unknown_payload_allocations":0},"queue_epoch":1}
[SystemTime { tv_sec: 1790344793, tv_nsec: 392993142 }] window event WindowId(31457356) redraw requested
[SystemTime { tv_sec: 1790344793, tv_nsec: 393013263 }] native frame round hosts=[WindowId(31457356)]
[SystemTime { tv_sec: 1790344793, tv_nsec: 393035839 }] surface configure begin
[SystemTime { tv_sec: 1790344793, tv_nsec: 395361450 }] surface configure end
[SystemTime { tv_sec: 1790344793, tv_nsec: 395386030 }] native queue configured host=5 configurations=5 submitted=31 completed=31
[SystemTime { tv_sec: 1790344793, tv_nsec: 397329739 }] native control_meshes window=WindowId(31457356) builds=18
[SystemTime { tv_sec: 1790344793, tv_nsec: 403702158 }] native_surface_lifecycle {"acquire_attempts":1,"acquired":1,"active":1,"configuration_generation":1,"configure_attempts":1,"configured_extent":[960,720],"discarded":0,"frame_submission_receipts_issued":32,"frame_submissions":1,"gpu_completed_through_receipt":31,"host":5,"last_frame_submission_receipt":32,"last_present_receipt":0,"presented":0,"queue_epoch":1,"reason":"submit","wgpu_submission":"Some(SubmissionIndex { index: 32 })","window":"WindowId(31457356)"}
[SystemTime { tv_sec: 1790344793, tv_nsec: 403766438 }] native upload frame window=WindowId(31457356) host=5 renderer=5 queue_epoch=1 surface_generation=1 acquisition=1 submission=32 receipt=Some(UploadFrame { consumers: {"PROJECT"}, owner: 118, attempt: 1, rendered: Some(true), totals: UploadTotals { batches: 1, buffer_payload_bytes: 81208, texture_source_bytes: 10748, texture_padding_bytes: 482308, scatter_index_bytes: 0, staging_capacity_bytes: 574264, buffer_copy_bytes: 81208, buffer_copies: 3, texture_copies: 267, scatter_dispatches: 0 } })
[SystemTime { tv_sec: 1790344793, tv_nsec: 403792227 }] native font ownership window=WindowId(31457356) usage=Usage { allocation: Usage { allocator_installed: true, owner_id: 30, label: "renderer-fonts-and-shapes", payload_bytes: 933174, tracking_bytes: 86800, allocations: 10848, peak_payload_bytes: 933285, owner_metadata_bytes: 96 }, returned_shape_bytes: 201016, private_bytes: Some(818958), fixed_font_bytes: Some(772070), cache_reserved_bytes: 46888, last_call: Some(Report { call_id: 3233, owner_id: 30, allocator_installed: true, host_initial_bytes: 359902, host_final_bytes: 359940, process_initial_bytes: 663598, process_final_bytes: 663636, initial_bytes: 46888, final_bytes: 46888, peak_bytes: 46888, host_peak_bytes: 359940, process_peak_bytes: 663636, exceeded: false }) } measurement=Some(Usage { allocation: Usage { allocator_installed: true, owner_id: 32, label: "text-measurement", payload_bytes: 734742, tracking_bytes: 84216, allocations: 10525, peak_payload_bytes: 743360, owner_metadata_bytes: 96 }, returned_shape_bytes: 0, private_bytes: Some(818958), fixed_font_bytes: Some(772070), cache_reserved_bytes: 46888, last_call: Some(Report { call_id: 2644, owner_id: 32, allocator_installed: true, host_initial_bytes: 89896, host_final_bytes: 89896, process_initial_bytes: 393592, process_final_bytes: 393592, initial_bytes: 46888, final_bytes: 46888, peak_bytes: 48480, host_peak_bytes: 89896, process_peak_bytes: 393592, exceeded: false }) }) process_registry_bytes=RegistryUsage { registry_heap_bytes: 136, scope_owner_bytes: 1248, call_slots_static_bytes: 9752 }
[SystemTime { tv_sec: 1790344793, tv_nsec: 403822431 }] native attachment ledger {"attachments":{"allocations":[{"allocation":1,"host":1,"last_submission":31,"owner":8,"payload_bytes":32768000,"release_reason":null},{"allocation":1,"host":5,"last_submission":32,"owner":119,"payload_bytes":22118400,"release_reason":null}],"completed_retirements":3,"current_payload_bytes":54886400,"device_loss_confirmed":false,"device_loss_retirements":0,"observed_allocations":5,"peak_payload_bytes":54886400,"retiring_payload_bytes":0,"unknown_payload_allocations":0},"queue_epoch":1}
[SystemTime { tv_sec: 1790344793, tv_nsec: 403844875 }] native surface attachment {"allocation":1,"allocations_created":1,"extent":[960,720],"format":"Bgra8UnormSrgb","gpu_retirement_qualified":false,"host":5,"owner":119,"payload_bytes":22118400,"queue_epoch":1,"samples":8,"state":"current_renderer_reference","window":"WindowId(31457356)"}
[SystemTime { tv_sec: 1790344793, tv_nsec: 403910677 }] native_surface_lifecycle {"acquire_attempts":1,"acquired":1,"active":0,"configuration_generation":1,"configure_attempts":1,"configured_extent":[960,720],"discarded":0,"frame_submission_receipts_issued":32,"frame_submissions":1,"gpu_completed_through_receipt":31,"host":5,"last_frame_submission_receipt":32,"last_present_receipt":32,"presented":1,"queue_epoch":1,"reason":"present","wgpu_submission":"Some(SubmissionIndex { index: 32 })","window":"WindowId(31457356)"}
[SystemTime { tv_sec: 1790344793, tv_nsec: 403957939 }] native redraw ledger {"attempts":3,"counts":{"coalesced":1,"duplicate_tokens":0,"presentations":1,"received":4,"requested":2,"suppressed":1},"damage":3,"device_generation":1,"host_generation":5,"pending":false,"presented_damage":3,"ready":false,"reason":"presented","rendering":null,"window":"WindowId(31457356)"}
[SystemTime { tv_sec: 1790344793, tv_nsec: 422035397 }] native queue progress epoch=1 submitted=32 completed=32
[SystemTime { tv_sec: 1790344793, tv_nsec: 422083064 }] native attachment ledger {"attachments":{"allocations":[{"allocation":1,"host":1,"last_submission":31,"owner":8,"payload_bytes":32768000,"release_reason":null},{"allocation":1,"host":5,"last_submission":32,"owner":119,"payload_bytes":22118400,"release_reason":null}],"completed_retirements":3,"current_payload_bytes":54886400,"device_loss_confirmed":false,"device_loss_retirements":0,"observed_allocations":5,"peak_payload_bytes":54886400,"retiring_payload_bytes":0,"unknown_payload_allocations":0},"queue_epoch":1}
[SystemTime { tv_sec: 1790344793, tv_nsec: 562110750 }] window event WindowId(31457356) keyboard physical=Code(Escape) logical=Named(Escape) state=Pressed repeat=false text=Some("\u{1b}") synthetic=false
[SystemTime { tv_sec: 1790344793, tv_nsec: 562190614 }] window event WindowId(31457284) redraw requested
[SystemTime { tv_sec: 1790344793, tv_nsec: 562295515 }] window event WindowId(31457356) redraw requested
[SystemTime { tv_sec: 1790344793, tv_nsec: 562343463 }] native redraw ledger {"attempts":3,"counts":{"coalesced":1,"duplicate_tokens":0,"presentations":1,"received":5,"requested":3,"suppressed":1},"damage":4,"device_generation":1,"host_generation":5,"pending":true,"presented_damage":3,"ready":true,"reason":"closed","rendering":null,"window":"WindowId(31457356)"}
[SystemTime { tv_sec: 1790344793, tv_nsec: 565930108 }] native_surface_lifecycle {"acquire_attempts":1,"acquired":1,"active":0,"configuration_generation":1,"configure_attempts":1,"configured_extent":[960,720],"discarded":0,"frame_submission_receipts_issued":32,"frame_submissions":1,"gpu_completed_through_receipt":32,"host":5,"last_frame_submission_receipt":32,"last_present_receipt":32,"presented":1,"queue_epoch":1,"reason":"owner_drop","wgpu_submission":"Some(SubmissionIndex { index: 32 })","window":"WindowId(31457356)"}
[SystemTime { tv_sec: 1790344793, tv_nsec: 565971935 }] native attachment ledger {"attachments":{"allocations":[{"allocation":1,"host":1,"last_submission":31,"owner":8,"payload_bytes":32768000,"release_reason":null}],"completed_retirements":4,"current_payload_bytes":32768000,"device_loss_confirmed":false,"device_loss_retirements":0,"observed_allocations":5,"peak_payload_bytes":54886400,"retiring_payload_bytes":0,"unknown_payload_allocations":0},"queue_epoch":1}
[SystemTime { tv_sec: 1790344793, tv_nsec: 566667138 }] native frame round hosts=[WindowId(31457284)]
[SystemTime { tv_sec: 1790344793, tv_nsec: 566697781 }] redraw handler begin
[SystemTime { tv_sec: 1790344793, tv_nsec: 566739513 }] render scene prepare begin retained_cached=true
[SystemTime { tv_sec: 1790344793, tv_nsec: 566782986 }] prepared scene build begin
[SystemTime { tv_sec: 1790344793, tv_nsec: 567305333 }] native control_meshes window=WindowId(31457284) builds=1
[SystemTime { tv_sec: 1790344793, tv_nsec: 567330225 }] prepared scene build end 0ms
[SystemTime { tv_sec: 1790344793, tv_nsec: 567354169 }] renderer render begin
[SystemTime { tv_sec: 1790344793, tv_nsec: 568373852 }] native_surface_lifecycle {"acquire_attempts":25,"acquired":25,"active":1,"configuration_generation":1,"configure_attempts":1,"configured_extent":[1280,800],"discarded":0,"frame_submission_receipts_issued":33,"frame_submissions":25,"gpu_completed_through_receipt":32,"host":1,"last_frame_submission_receipt":33,"last_present_receipt":31,"presented":24,"queue_epoch":1,"reason":"submit","wgpu_submission":"Some(SubmissionIndex { index: 33 })","window":"WindowId(31457284)"}
[SystemTime { tv_sec: 1790344793, tv_nsec: 568486581 }] native upload frame window=WindowId(31457284) host=1 renderer=1 queue_epoch=1 surface_generation=1 acquisition=25 submission=33 receipt=Some(UploadFrame { consumers: {"MAIN", "BOARD", "LAYERS", "NAV", "INSPECTOR", "MENU", "TERMINAL"}, owner: 7, attempt: 26, rendered: Some(true), totals: UploadTotals { batches: 1, buffer_payload_bytes: 12676, texture_source_bytes: 0, texture_padding_bytes: 0, scatter_index_bytes: 12604, staging_capacity_bytes: 50488, buffer_copy_bytes: 25280, buffer_copies: 19, texture_copies: 0, scatter_dispatches: 1 } })
[SystemTime { tv_sec: 1790344793, tv_nsec: 568537522 }] native font ownership window=WindowId(31457284) usage=Usage { allocation: Usage { allocator_installed: true, owner_id: 3, label: "renderer-fonts-and-shapes", payload_bytes: 925390, tracking_bytes: 88544, allocations: 11066, peak_payload_bytes: 925507, owner_metadata_bytes: 96 }, returned_shape_bytes: 179160, private_bytes: Some(834774), fixed_font_bytes: Some(772070), cache_reserved_bytes: 62704, last_call: Some(Report { call_id: 3234, owner_id: 3, allocator_installed: true, host_initial_bytes: 339856, host_final_bytes: 339856, process_initial_bytes: 339856, process_final_bytes: 339856, initial_bytes: 62704, final_bytes: 63816, peak_bytes: 63959, host_peak_bytes: 339856, process_peak_bytes: 339856, exceeded: false }) } measurement=Some(Usage { allocation: Usage { allocator_installed: true, owner_id: 13, label: "text-measurement", payload_bytes: 734742, tracking_bytes: 84216, allocations: 10525, peak_payload_bytes: 748214, owner_metadata_bytes: 96 }, returned_shape_bytes: 0, private_bytes: Some(818958), fixed_font_bytes: Some(772070), cache_reserved_bytes: 46888, last_call: Some(Report { call_id: 1173, owner_id: 13, allocator_installed: true, host_initial_bytes: 367656, host_final_bytes: 367656, process_initial_bytes: 367656, process_final_bytes: 367656, initial_bytes: 46888, final_bytes: 46888, peak_bytes: 54192, host_peak_bytes: 367656, process_peak_bytes: 367656, exceeded: false }) }) process_registry_bytes=RegistryUsage { registry_heap_bytes: 136, scope_owner_bytes: 1248, call_slots_static_bytes: 9752 }
[SystemTime { tv_sec: 1790344793, tv_nsec: 568573208 }] native attachment ledger {"attachments":{"allocations":[{"allocation":1,"host":1,"last_submission":33,"owner":8,"payload_bytes":32768000,"release_reason":null}],"completed_retirements":4,"current_payload_bytes":32768000,"device_loss_confirmed":false,"device_loss_retirements":0,"observed_allocations":5,"peak_payload_bytes":54886400,"retiring_payload_bytes":0,"unknown_payload_allocations":0},"queue_epoch":1}
[SystemTime { tv_sec: 1790344793, tv_nsec: 568602449 }] native surface attachment {"allocation":1,"allocations_created":1,"extent":[1280,800],"format":"Bgra8UnormSrgb","gpu_retirement_qualified":false,"host":1,"owner":8,"payload_bytes":32768000,"queue_epoch":1,"samples":8,"state":"current_renderer_reference","window":"WindowId(31457284)"}
[SystemTime { tv_sec: 1790344793, tv_nsec: 568624446 }] renderer render end 1ms
[SystemTime { tv_sec: 1790344793, tv_nsec: 568645132 }] frame present begin
[SystemTime { tv_sec: 1790344793, tv_nsec: 568713989 }] native_surface_lifecycle {"acquire_attempts":25,"acquired":25,"active":0,"configuration_generation":1,"configure_attempts":1,"configured_extent":[1280,800],"discarded":0,"frame_submission_receipts_issued":33,"frame_submissions":25,"gpu_completed_through_receipt":32,"host":1,"last_frame_submission_receipt":33,"last_present_receipt":33,"presented":25,"queue_epoch":1,"reason":"present","wgpu_submission":"Some(SubmissionIndex { index: 33 })","window":"WindowId(31457284)"}
[SystemTime { tv_sec: 1790344793, tv_nsec: 568820785 }] frame present end 0ms total=2ms
[SystemTime { tv_sec: 1790344793, tv_nsec: 568885031 }] native redraw ledger {"attempts":40,"counts":{"coalesced":2,"duplicate_tokens":0,"presentations":25,"received":40,"requested":40,"suppressed":27},"damage":34,"device_generation":1,"host_generation":1,"pending":false,"presented_damage":34,"ready":false,"reason":"presented","rendering":null,"window":"WindowId(31457284)"}
[SystemTime { tv_sec: 1790344793, tv_nsec: 568935438 }] redraw handler end
[SystemTime { tv_sec: 1790344793, tv_nsec: 569544512 }] window event WindowId(31457284) focused true
[SystemTime { tv_sec: 1790344793, tv_nsec: 569935489 }] window event WindowId(31457284) modifiers changed ModifiersState(0x0)
[SystemTime { tv_sec: 1790344793, tv_nsec: 569970426 }] window event WindowId(31457284) cursor moved 148.00,16.00
[SystemTime { tv_sec: 1790344793, tv_nsec: 570130627 }] window event WindowId(31457284) modifiers changed ModifiersState(0x0)
[SystemTime { tv_sec: 1790344793, tv_nsec: 570337805 }] window event WindowId(31457284) focused false
[SystemTime { tv_sec: 1790344793, tv_nsec: 570561040 }] window event WindowId(31457284) focused true
[SystemTime { tv_sec: 1790344793, tv_nsec: 570879492 }] window event WindowId(31457284) modifiers changed ModifiersState(0x0)
[SystemTime { tv_sec: 1790344793, tv_nsec: 570916589 }] window event WindowId(31457284) cursor moved 148.00,16.00
[SystemTime { tv_sec: 1790344793, tv_nsec: 571422738 }] window event WindowId(31457356) destroyed
[SystemTime { tv_sec: 1790344793, tv_nsec: 571479399 }] window event WindowId(31457284) keyboard physical=Code(Escape) logical=Named(Escape) state=Released repeat=false text=Some("\u{1b}") synthetic=false
[SystemTime { tv_sec: 1790344793, tv_nsec: 571513611 }] pan key physical=Code(Escape) logical=Named(Escape) state=Released repeat=false pointer_in_scene=false held=false consumed=false
[SystemTime { tv_sec: 1790344793, tv_nsec: 584272029 }] window event WindowId(31457284) modifiers changed ModifiersState(0x0)
[SystemTime { tv_sec: 1790344793, tv_nsec: 584373244 }] window event WindowId(31457284) mouse input Left Pressed
[SystemTime { tv_sec: 1790344793, tv_nsec: 584408969 }] pan primary pressed cursor=Some((148.0, 16.0)) pointer_in_scene=false held=false active=false
[SystemTime { tv_sec: 1790344793, tv_nsec: 584441342 }] window event WindowId(31457284) modifiers changed ModifiersState(0x0)
[SystemTime { tv_sec: 1790344793, tv_nsec: 584473825 }] window event WindowId(31457284) modifiers changed ModifiersState(0x0)
[SystemTime { tv_sec: 1790344793, tv_nsec: 584534307 }] window event WindowId(31457284) mouse input Left Released
[SystemTime { tv_sec: 1790344793, tv_nsec: 584565747 }] pan primary released cursor=Some((148.0, 16.0)) suppress_click=false
[SystemTime { tv_sec: 1790344793, tv_nsec: 584719342 }] window event WindowId(31457284) modifiers changed ModifiersState(0x0)
[SystemTime { tv_sec: 1790344793, tv_nsec: 584752296 }] window event WindowId(31457284) redraw requested
[SystemTime { tv_sec: 1790344793, tv_nsec: 584782696 }] native frame round hosts=[WindowId(31457284)]
[SystemTime { tv_sec: 1790344793, tv_nsec: 584837844 }] redraw handler begin
[SystemTime { tv_sec: 1790344793, tv_nsec: 584896366 }] native_surface_lifecycle {"acquire_attempts":25,"acquired":25,"active":0,"configuration_generation":1,"configure_attempts":1,"configured_extent":[1280,800],"discarded":0,"frame_submission_receipts_issued":33,"frame_submissions":25,"gpu_completed_through_receipt":32,"host":1,"last_frame_submission_receipt":33,"last_present_receipt":33,"presented":25,"queue_epoch":1,"reason":"wait_queue","wgpu_submission":"Some(SubmissionIndex { index: 33 })","window":"WindowId(31457284)"}
[SystemTime { tv_sec: 1790344793, tv_nsec: 584938990 }] native redraw ledger {"attempts":41,"counts":{"coalesced":2,"duplicate_tokens":0,"presentations":25,"received":41,"requested":41,"suppressed":27},"damage":35,"device_generation":1,"host_generation":1,"pending":false,"presented_damage":34,"ready":false,"reason":"not_presented","rendering":null,"window":"WindowId(31457284)"}
[SystemTime { tv_sec: 1790344793, tv_nsec: 592117980 }] native queue progress epoch=1 submitted=33 completed=33
[SystemTime { tv_sec: 1790344793, tv_nsec: 592168450 }] native attachment ledger {"attachments":{"allocations":[{"allocation":1,"host":1,"last_submission":33,"owner":8,"payload_bytes":32768000,"release_reason":null}],"completed_retirements":4,"current_payload_bytes":32768000,"device_loss_confirmed":false,"device_loss_retirements":0,"observed_allocations":5,"peak_payload_bytes":54886400,"retiring_payload_bytes":0,"unknown_payload_allocations":0},"queue_epoch":1}
[SystemTime { tv_sec: 1790344793, tv_nsec: 593169610 }] window event WindowId(31457284) redraw requested
[SystemTime { tv_sec: 1790344793, tv_nsec: 593205326 }] native frame round hosts=[WindowId(31457284)]
[SystemTime { tv_sec: 1790344793, tv_nsec: 593229266 }] redraw handler begin
[SystemTime { tv_sec: 1790344793, tv_nsec: 593268432 }] render scene prepare begin retained_cached=true
[SystemTime { tv_sec: 1790344793, tv_nsec: 593290962 }] prepared scene build begin
[SystemTime { tv_sec: 1790344793, tv_nsec: 593556382 }] native control_meshes window=WindowId(31457284) builds=1
[SystemTime { tv_sec: 1790344793, tv_nsec: 593582381 }] prepared scene build end 0ms
[SystemTime { tv_sec: 1790344793, tv_nsec: 593607346 }] renderer render begin
[SystemTime { tv_sec: 1790344793, tv_nsec: 595271181 }] native_surface_lifecycle {"acquire_attempts":26,"acquired":26,"active":1,"configuration_generation":1,"configure_attempts":1,"configured_extent":[1280,800],"discarded":0,"frame_submission_receipts_issued":34,"frame_submissions":26,"gpu_completed_through_receipt":33,"host":1,"last_frame_submission_receipt":34,"last_present_receipt":33,"presented":25,"queue_epoch":1,"reason":"submit","wgpu_submission":"Some(SubmissionIndex { index: 34 })","window":"WindowId(31457284)"}
[SystemTime { tv_sec: 1790344793, tv_nsec: 595354335 }] native upload frame window=WindowId(31457284) host=1 renderer=1 queue_epoch=1 surface_generation=1 acquisition=26 submission=34 receipt=Some(UploadFrame { consumers: {"MAIN", "BOARD", "LAYERS", "NAV", "INSPECTOR", "MENU", "TERMINAL"}, owner: 7, attempt: 27, rendered: Some(true), totals: UploadTotals { batches: 1, buffer_payload_bytes: 19660, texture_source_bytes: 0, texture_padding_bytes: 0, scatter_index_bytes: 17740, staging_capacity_bytes: 72880, buffer_copy_bytes: 37400, buffer_copies: 3, texture_copies: 0, scatter_dispatches: 2 } })
[SystemTime { tv_sec: 1790344793, tv_nsec: 595389708 }] native font ownership window=WindowId(31457284) usage=Usage { allocation: Usage { allocator_installed: true, owner_id: 3, label: "renderer-fonts-and-shapes", payload_bytes: 925390, tracking_bytes: 88544, allocations: 11066, peak_payload_bytes: 925507, owner_metadata_bytes: 96 }, returned_shape_bytes: 179160, private_bytes: Some(834774), fixed_font_bytes: Some(772070), cache_reserved_bytes: 62704, last_call: Some(Report { call_id: 3235, owner_id: 3, allocator_installed: true, host_initial_bytes: 342664, host_final_bytes: 342664, process_initial_bytes: 342664, process_final_bytes: 342664, initial_bytes: 62704, final_bytes: 63880, peak_bytes: 64029, host_peak_bytes: 342664, process_peak_bytes: 342664, exceeded: false }) } measurement=Some(Usage { allocation: Usage { allocator_installed: true, owner_id: 13, label: "text-measurement", payload_bytes: 734742, tracking_bytes: 84216, allocations: 10525, peak_payload_bytes: 748214, owner_metadata_bytes: 96 }, returned_shape_bytes: 0, private_bytes: Some(818958), fixed_font_bytes: Some(772070), cache_reserved_bytes: 46888, last_call: Some(Report { call_id: 1173, owner_id: 13, allocator_installed: true, host_initial_bytes: 367656, host_final_bytes: 367656, process_initial_bytes: 367656, process_final_bytes: 367656, initial_bytes: 46888, final_bytes: 46888, peak_bytes: 54192, host_peak_bytes: 367656, process_peak_bytes: 367656, exceeded: false }) }) process_registry_bytes=RegistryUsage { registry_heap_bytes: 136, scope_owner_bytes: 1248, call_slots_static_bytes: 9752 }
[SystemTime { tv_sec: 1790344793, tv_nsec: 595426327 }] native attachment ledger {"attachments":{"allocations":[{"allocation":1,"host":1,"last_submission":34,"owner":8,"payload_bytes":32768000,"release_reason":null}],"completed_retirements":4,"current_payload_bytes":32768000,"device_loss_confirmed":false,"device_loss_retirements":0,"observed_allocations":5,"peak_payload_bytes":54886400,"retiring_payload_bytes":0,"unknown_payload_allocations":0},"queue_epoch":1}
[SystemTime { tv_sec: 1790344793, tv_nsec: 595465114 }] native surface attachment {"allocation":1,"allocations_created":1,"extent":[1280,800],"format":"Bgra8UnormSrgb","gpu_retirement_qualified":false,"host":1,"owner":8,"payload_bytes":32768000,"queue_epoch":1,"samples":8,"state":"current_renderer_reference","window":"WindowId(31457284)"}
[SystemTime { tv_sec: 1790344793, tv_nsec: 595488379 }] renderer render end 1ms
[SystemTime { tv_sec: 1790344793, tv_nsec: 595510407 }] frame present begin
[SystemTime { tv_sec: 1790344793, tv_nsec: 595583633 }] native_surface_lifecycle {"acquire_attempts":26,"acquired":26,"active":0,"configuration_generation":1,"configure_attempts":1,"configured_extent":[1280,800],"discarded":0,"frame_submission_receipts_issued":34,"frame_submissions":26,"gpu_completed_through_receipt":33,"host":1,"last_frame_submission_receipt":34,"last_present_receipt":34,"presented":26,"queue_epoch":1,"reason":"present","wgpu_submission":"Some(SubmissionIndex { index: 34 })","window":"WindowId(31457284)"}
[SystemTime { tv_sec: 1790344793, tv_nsec: 595620257 }] frame present end 0ms total=2ms
[SystemTime { tv_sec: 1790344793, tv_nsec: 595655452 }] native redraw ledger {"attempts":42,"counts":{"coalesced":2,"duplicate_tokens":0,"presentations":26,"received":42,"requested":42,"suppressed":28},"damage":35,"device_generation":1,"host_generation":1,"pending":false,"presented_damage":35,"ready":false,"reason":"presented","rendering":null,"window":"WindowId(31457284)"}
[SystemTime { tv_sec: 1790344793, tv_nsec: 595677947 }] redraw handler end
[SystemTime { tv_sec: 1790344793, tv_nsec: 612941523 }] native queue progress epoch=1 submitted=34 completed=34
[SystemTime { tv_sec: 1790344793, tv_nsec: 613012036 }] native attachment ledger {"attachments":{"allocations":[{"allocation":1,"host":1,"last_submission":34,"owner":8,"payload_bytes":32768000,"release_reason":null}],"completed_retirements":4,"current_payload_bytes":32768000,"device_loss_confirmed":false,"device_loss_retirements":0,"observed_allocations":5,"peak_payload_bytes":54886400,"retiring_payload_bytes":0,"unknown_payload_allocations":0},"queue_epoch":1}
[SystemTime { tv_sec: 1790344793, tv_nsec: 692168689 }] window event WindowId(31457284) keyboard physical=Code(ArrowUp) logical=Named(ArrowUp) state=Pressed repeat=false text=None synthetic=false
[SystemTime { tv_sec: 1790344793, tv_nsec: 692404613 }] window event WindowId(31457284) redraw requested
[SystemTime { tv_sec: 1790344793, tv_nsec: 692462277 }] native frame round hosts=[WindowId(31457284)]
[SystemTime { tv_sec: 1790344793, tv_nsec: 692510364 }] redraw handler begin
[SystemTime { tv_sec: 1790344793, tv_nsec: 692585884 }] render scene prepare begin retained_cached=true
[SystemTime { tv_sec: 1790344793, tv_nsec: 692633760 }] prepared scene build begin
[SystemTime { tv_sec: 1790344793, tv_nsec: 693055400 }] native control_meshes window=WindowId(31457284) builds=1
[SystemTime { tv_sec: 1790344793, tv_nsec: 693111644 }] prepared scene build end 0ms
[SystemTime { tv_sec: 1790344793, tv_nsec: 693164086 }] renderer render begin
[SystemTime { tv_sec: 1790344793, tv_nsec: 695048787 }] native_surface_lifecycle {"acquire_attempts":27,"acquired":27,"active":1,"configuration_generation":1,"configure_attempts":1,"configured_extent":[1280,800],"discarded":0,"frame_submission_receipts_issued":35,"frame_submissions":27,"gpu_completed_through_receipt":34,"host":1,"last_frame_submission_receipt":35,"last_present_receipt":34,"presented":26,"queue_epoch":1,"reason":"submit","wgpu_submission":"Some(SubmissionIndex { index: 35 })","window":"WindowId(31457284)"}
[SystemTime { tv_sec: 1790344793, tv_nsec: 695173083 }] native upload frame window=WindowId(31457284) host=1 renderer=1 queue_epoch=1 surface_generation=1 acquisition=27 submission=35 receipt=Some(UploadFrame { consumers: {"MAIN", "BOARD", "LAYERS", "NAV", "INSPECTOR", "MENU", "TERMINAL"}, owner: 7, attempt: 28, rendered: Some(true), totals: UploadTotals { batches: 1, buffer_payload_bytes: 984, texture_source_bytes: 0, texture_padding_bytes: 0, scatter_index_bytes: 0, staging_capacity_bytes: 984, buffer_copy_bytes: 984, buffer_copies: 57, texture_copies: 0, scatter_dispatches: 0 } })
[SystemTime { tv_sec: 1790344793, tv_nsec: 695265776 }] native font ownership window=WindowId(31457284) usage=Usage { allocation: Usage { allocator_installed: true, owner_id: 3, label: "renderer-fonts-and-shapes", payload_bytes: 924302, tracking_bytes: 88520, allocations: 11063, peak_payload_bytes: 925507, owner_metadata_bytes: 96 }, returned_shape_bytes: 178048, private_bytes: Some(834774), fixed_font_bytes: Some(772070), cache_reserved_bytes: 62704, last_call: Some(Report { call_id: 3235, owner_id: 3, allocator_installed: true, host_initial_bytes: 342664, host_final_bytes: 342664, process_initial_bytes: 342664, process_final_bytes: 342664, initial_bytes: 62704, final_bytes: 63880, peak_bytes: 64029, host_peak_bytes: 342664, process_peak_bytes: 342664, exceeded: false }) } measurement=Some(Usage { allocation: Usage { allocator_installed: true, owner_id: 13, label: "text-measurement", payload_bytes: 734742, tracking_bytes: 84216, allocations: 10525, peak_payload_bytes: 748214, owner_metadata_bytes: 96 }, returned_shape_bytes: 0, private_bytes: Some(818958), fixed_font_bytes: Some(772070), cache_reserved_bytes: 46888, last_call: Some(Report { call_id: 1173, owner_id: 13, allocator_installed: true, host_initial_bytes: 367656, host_final_bytes: 367656, process_initial_bytes: 367656, process_final_bytes: 367656, initial_bytes: 46888, final_bytes: 46888, peak_bytes: 54192, host_peak_bytes: 367656, process_peak_bytes: 367656, exceeded: false }) }) process_registry_bytes=RegistryUsage { registry_heap_bytes: 136, scope_owner_bytes: 1248, call_slots_static_bytes: 9752 }
[SystemTime { tv_sec: 1790344793, tv_nsec: 695341516 }] native attachment ledger {"attachments":{"allocations":[{"allocation":1,"host":1,"last_submission":35,"owner":8,"payload_bytes":32768000,"release_reason":null}],"completed_retirements":4,"current_payload_bytes":32768000,"device_loss_confirmed":false,"device_loss_retirements":0,"observed_allocations":5,"peak_payload_bytes":54886400,"retiring_payload_bytes":0,"unknown_payload_allocations":0},"queue_epoch":1}
[SystemTime { tv_sec: 1790344793, tv_nsec: 695405662 }] native surface attachment {"allocation":1,"allocations_created":1,"extent":[1280,800],"format":"Bgra8UnormSrgb","gpu_retirement_qualified":false,"host":1,"owner":8,"payload_bytes":32768000,"queue_epoch":1,"samples":8,"state":"current_renderer_reference","window":"WindowId(31457284)"}
[SystemTime { tv_sec: 1790344793, tv_nsec: 695454773 }] renderer render end 2ms
[SystemTime { tv_sec: 1790344793, tv_nsec: 695502379 }] frame present begin
[SystemTime { tv_sec: 1790344793, tv_nsec: 695673771 }] native_surface_lifecycle {"acquire_attempts":27,"acquired":27,"active":0,"configuration_generation":1,"configure_attempts":1,"configured_extent":[1280,800],"discarded":0,"frame_submission_receipts_issued":35,"frame_submissions":27,"gpu_completed_through_receipt":34,"host":1,"last_frame_submission_receipt":35,"last_present_receipt":35,"presented":27,"queue_epoch":1,"reason":"present","wgpu_submission":"Some(SubmissionIndex { index: 35 })","window":"WindowId(31457284)"}
[SystemTime { tv_sec: 1790344793, tv_nsec: 695747477 }] frame present end 0ms total=3ms
[SystemTime { tv_sec: 1790344793, tv_nsec: 695849516 }] native redraw ledger {"attempts":43,"counts":{"coalesced":2,"duplicate_tokens":0,"presentations":27,"received":43,"requested":43,"suppressed":29},"damage":36,"device_generation":1,"host_generation":1,"pending":false,"presented_damage":36,"ready":false,"reason":"presented","rendering":null,"window":"WindowId(31457284)"}
[SystemTime { tv_sec: 1790344793, tv_nsec: 695926388 }] redraw handler end
[SystemTime { tv_sec: 1790344793, tv_nsec: 702906948 }] window event WindowId(31457284) keyboard physical=Code(ArrowUp) logical=Named(ArrowUp) state=Released repeat=false text=None synthetic=false
[SystemTime { tv_sec: 1790344793, tv_nsec: 703000664 }] window event WindowId(31457284) redraw requested
[SystemTime { tv_sec: 1790344793, tv_nsec: 703052092 }] native frame round hosts=[WindowId(31457284)]
[SystemTime { tv_sec: 1790344793, tv_nsec: 703096461 }] redraw handler begin
[SystemTime { tv_sec: 1790344793, tv_nsec: 703192477 }] native_surface_lifecycle {"acquire_attempts":27,"acquired":27,"active":0,"configuration_generation":1,"configure_attempts":1,"configured_extent":[1280,800],"discarded":0,"frame_submission_receipts_issued":35,"frame_submissions":27,"gpu_completed_through_receipt":34,"host":1,"last_frame_submission_receipt":35,"last_present_receipt":35,"presented":27,"queue_epoch":1,"reason":"wait_queue","wgpu_submission":"Some(SubmissionIndex { index: 35 })","window":"WindowId(31457284)"}
[SystemTime { tv_sec: 1790344793, tv_nsec: 703258995 }] native redraw ledger {"attempts":44,"counts":{"coalesced":2,"duplicate_tokens":0,"presentations":27,"received":44,"requested":44,"suppressed":29},"damage":37,"device_generation":1,"host_generation":1,"pending":false,"presented_damage":36,"ready":false,"reason":"not_presented","rendering":null,"window":"WindowId(31457284)"}
[SystemTime { tv_sec: 1790344793, tv_nsec: 713654868 }] window event WindowId(31457284) keyboard physical=Code(ArrowRight) logical=Named(ArrowRight) state=Pressed repeat=false text=None synthetic=false
[SystemTime { tv_sec: 1790344793, tv_nsec: 713881187 }] window event WindowId(31457284) redraw requested
[SystemTime { tv_sec: 1790344793, tv_nsec: 713938206 }] native frame round hosts=[WindowId(31457284)]
[SystemTime { tv_sec: 1790344793, tv_nsec: 713986528 }] redraw handler begin
[SystemTime { tv_sec: 1790344793, tv_nsec: 714096140 }] native_surface_lifecycle {"acquire_attempts":27,"acquired":27,"active":0,"configuration_generation":1,"configure_attempts":1,"configured_extent":[1280,800],"discarded":0,"frame_submission_receipts_issued":35,"frame_submissions":27,"gpu_completed_through_receipt":34,"host":1,"last_frame_submission_receipt":35,"last_present_receipt":35,"presented":27,"queue_epoch":1,"reason":"wait_queue","wgpu_submission":"Some(SubmissionIndex { index: 35 })","window":"WindowId(31457284)"}
[SystemTime { tv_sec: 1790344793, tv_nsec: 714193624 }] native redraw ledger {"attempts":45,"counts":{"coalesced":2,"duplicate_tokens":0,"presentations":27,"received":45,"requested":45,"suppressed":29},"damage":38,"device_generation":1,"host_generation":1,"pending":false,"presented_damage":36,"ready":false,"reason":"not_presented","rendering":null,"window":"WindowId(31457284)"}
[SystemTime { tv_sec: 1790344793, tv_nsec: 715427659 }] native queue progress epoch=1 submitted=35 completed=35
[SystemTime { tv_sec: 1790344793, tv_nsec: 715524758 }] native attachment ledger {"attachments":{"allocations":[{"allocation":1,"host":1,"last_submission":35,"owner":8,"payload_bytes":32768000,"release_reason":null}],"completed_retirements":4,"current_payload_bytes":32768000,"device_loss_confirmed":false,"device_loss_retirements":0,"observed_allocations":5,"peak_payload_bytes":54886400,"retiring_payload_bytes":0,"unknown_payload_allocations":0},"queue_epoch":1}
[SystemTime { tv_sec: 1790344793, tv_nsec: 716245359 }] window event WindowId(31457284) redraw requested
[SystemTime { tv_sec: 1790344793, tv_nsec: 716314648 }] native frame round hosts=[WindowId(31457284)]
[SystemTime { tv_sec: 1790344793, tv_nsec: 716363912 }] redraw handler begin
[SystemTime { tv_sec: 1790344793, tv_nsec: 716442850 }] render scene prepare begin retained_cached=true
[SystemTime { tv_sec: 1790344793, tv_nsec: 716491579 }] prepared scene build begin
[SystemTime { tv_sec: 1790344793, tv_nsec: 716995755 }] native control_meshes window=WindowId(31457284) builds=1
[SystemTime { tv_sec: 1790344793, tv_nsec: 717054371 }] prepared scene build end 0ms
[SystemTime { tv_sec: 1790344793, tv_nsec: 717107614 }] renderer render begin
[SystemTime { tv_sec: 1790344793, tv_nsec: 718521774 }] native_surface_lifecycle {"acquire_attempts":28,"acquired":28,"active":1,"configuration_generation":1,"configure_attempts":1,"configured_extent":[1280,800],"discarded":0,"frame_submission_receipts_issued":36,"frame_submissions":28,"gpu_completed_through_receipt":35,"host":1,"last_frame_submission_receipt":36,"last_present_receipt":35,"presented":27,"queue_epoch":1,"reason":"submit","wgpu_submission":"Some(SubmissionIndex { index: 36 })","window":"WindowId(31457284)"}
[SystemTime { tv_sec: 1790344793, tv_nsec: 718625999 }] native upload frame window=WindowId(31457284) host=1 renderer=1 queue_epoch=1 surface_generation=1 acquisition=28 submission=36 receipt=Some(UploadFrame { consumers: {"MAIN", "BOARD", "LAYERS", "NAV", "INSPECTOR", "MENU", "TERMINAL"}, owner: 7, attempt: 29, rendered: Some(true), totals: UploadTotals { batches: 1, buffer_payload_bytes: 4320, texture_source_bytes: 0, texture_padding_bytes: 0, scatter_index_bytes: 0, staging_capacity_bytes: 4320, buffer_copy_bytes: 4320, buffer_copies: 2, texture_copies: 0, scatter_dispatches: 0 } })
[SystemTime { tv_sec: 1790344793, tv_nsec: 718699628 }] native font ownership window=WindowId(31457284) usage=Usage { allocation: Usage { allocator_installed: true, owner_id: 3, label: "renderer-fonts-and-shapes", payload_bytes: 924302, tracking_bytes: 88520, allocations: 11063, peak_payload_bytes: 925507, owner_metadata_bytes: 96 }, returned_shape_bytes: 178048, private_bytes: Some(834774), fixed_font_bytes: Some(772070), cache_reserved_bytes: 62704, last_call: Some(Report { call_id: 3235, owner_id: 3, allocator_installed: true, host_initial_bytes: 342664, host_final_bytes: 342664, process_initial_bytes: 342664, process_final_bytes: 342664, initial_bytes: 62704, final_bytes: 63880, peak_bytes: 64029, host_peak_bytes: 342664, process_peak_bytes: 342664, exceeded: false }) } measurement=Some(Usage { allocation: Usage { allocator_installed: true, owner_id: 13, label: "text-measurement", payload_bytes: 734742, tracking_bytes: 84216, allocations: 10525, peak_payload_bytes: 748214, owner_metadata_bytes: 96 }, returned_shape_bytes: 0, private_bytes: Some(818958), fixed_font_bytes: Some(772070), cache_reserved_bytes: 46888, last_call: Some(Report { call_id: 1173, owner_id: 13, allocator_installed: true, host_initial_bytes: 367656, host_final_bytes: 367656, process_initial_bytes: 367656, process_final_bytes: 367656, initial_bytes: 46888, final_bytes: 46888, peak_bytes: 54192, host_peak_bytes: 367656, process_peak_bytes: 367656, exceeded: false }) }) process_registry_bytes=RegistryUsage { registry_heap_bytes: 136, scope_owner_bytes: 1248, call_slots_static_bytes: 9752 }
[SystemTime { tv_sec: 1790344793, tv_nsec: 718777256 }] native attachment ledger {"attachments":{"allocations":[{"allocation":1,"host":1,"last_submission":36,"owner":8,"payload_bytes":32768000,"release_reason":null}],"completed_retirements":4,"current_payload_bytes":32768000,"device_loss_confirmed":false,"device_loss_retirements":0,"observed_allocations":5,"peak_payload_bytes":54886400,"retiring_payload_bytes":0,"unknown_payload_allocations":0},"queue_epoch":1}
[SystemTime { tv_sec: 1790344793, tv_nsec: 718842931 }] native surface attachment {"allocation":1,"allocations_created":1,"extent":[1280,800],"format":"Bgra8UnormSrgb","gpu_retirement_qualified":false,"host":1,"owner":8,"payload_bytes":32768000,"queue_epoch":1,"samples":8,"state":"current_renderer_reference","window":"WindowId(31457284)"}
[SystemTime { tv_sec: 1790344793, tv_nsec: 718905658 }] renderer render end 1ms
[SystemTime { tv_sec: 1790344793, tv_nsec: 718954976 }] frame present begin
[SystemTime { tv_sec: 1790344793, tv_nsec: 719112303 }] native_surface_lifecycle {"acquire_attempts":28,"acquired":28,"active":0,"configuration_generation":1,"configure_attempts":1,"configured_extent":[1280,800],"discarded":0,"frame_submission_receipts_issued":36,"frame_submissions":28,"gpu_completed_through_receipt":35,"host":1,"last_frame_submission_receipt":36,"last_present_receipt":36,"presented":28,"queue_epoch":1,"reason":"present","wgpu_submission":"Some(SubmissionIndex { index: 36 })","window":"WindowId(31457284)"}
[SystemTime { tv_sec: 1790344793, tv_nsec: 719192406 }] frame present end 0ms total=2ms
[SystemTime { tv_sec: 1790344793, tv_nsec: 719264603 }] native redraw ledger {"attempts":46,"counts":{"coalesced":2,"duplicate_tokens":0,"presentations":28,"received":46,"requested":46,"suppressed":30},"damage":38,"device_generation":1,"host_generation":1,"pending":false,"presented_damage":38,"ready":false,"reason":"presented","rendering":null,"window":"WindowId(31457284)"}
[SystemTime { tv_sec: 1790344793, tv_nsec: 719312394 }] redraw handler end
[SystemTime { tv_sec: 1790344793, tv_nsec: 724489981 }] window event WindowId(31457284) keyboard physical=Code(ArrowRight) logical=Named(ArrowRight) state=Released repeat=false text=None synthetic=false
[SystemTime { tv_sec: 1790344793, tv_nsec: 724583011 }] window event WindowId(31457284) redraw requested
[SystemTime { tv_sec: 1790344793, tv_nsec: 724641186 }] native frame round hosts=[WindowId(31457284)]
[SystemTime { tv_sec: 1790344793, tv_nsec: 724689922 }] redraw handler begin
[SystemTime { tv_sec: 1790344793, tv_nsec: 724848627 }] native_surface_lifecycle {"acquire_attempts":28,"acquired":28,"active":0,"configuration_generation":1,"configure_attempts":1,"configured_extent":[1280,800],"discarded":0,"frame_submission_receipts_issued":36,"frame_submissions":28,"gpu_completed_through_receipt":35,"host":1,"last_frame_submission_receipt":36,"last_present_receipt":36,"presented":28,"queue_epoch":1,"reason":"wait_queue","wgpu_submission":"Some(SubmissionIndex { index: 36 })","window":"WindowId(31457284)"}
[SystemTime { tv_sec: 1790344793, tv_nsec: 724948711 }] native redraw ledger {"attempts":47,"counts":{"coalesced":2,"duplicate_tokens":0,"presentations":28,"received":47,"requested":47,"suppressed":30},"damage":39,"device_generation":1,"host_generation":1,"pending":false,"presented_damage":38,"ready":false,"reason":"not_presented","rendering":null,"window":"WindowId(31457284)"}
[SystemTime { tv_sec: 1790344793, tv_nsec: 735370098 }] window event WindowId(31457284) keyboard physical=Code(ArrowDown) logical=Named(ArrowDown) state=Pressed repeat=false text=None synthetic=false
[SystemTime { tv_sec: 1790344793, tv_nsec: 738727949 }] native queue progress epoch=1 submitted=36 completed=36
[SystemTime { tv_sec: 1790344793, tv_nsec: 738823425 }] native attachment ledger {"attachments":{"allocations":[{"allocation":1,"host":1,"last_submission":36,"owner":8,"payload_bytes":32768000,"release_reason":null}],"completed_retirements":4,"current_payload_bytes":32768000,"device_loss_confirmed":false,"device_loss_retirements":0,"observed_allocations":5,"peak_payload_bytes":54886400,"retiring_payload_bytes":0,"unknown_payload_allocations":0},"queue_epoch":1}
[SystemTime { tv_sec: 1790344793, tv_nsec: 739596819 }] window event WindowId(31457284) redraw requested
[SystemTime { tv_sec: 1790344793, tv_nsec: 739663687 }] native frame round hosts=[WindowId(31457284)]
[SystemTime { tv_sec: 1790344793, tv_nsec: 739713025 }] redraw handler begin
[SystemTime { tv_sec: 1790344793, tv_nsec: 739784684 }] render scene prepare begin retained_cached=true
[SystemTime { tv_sec: 1790344793, tv_nsec: 739832299 }] prepared scene build begin
[SystemTime { tv_sec: 1790344793, tv_nsec: 740338924 }] native control_meshes window=WindowId(31457284) builds=1
[SystemTime { tv_sec: 1790344793, tv_nsec: 740402616 }] prepared scene build end 0ms
[SystemTime { tv_sec: 1790344793, tv_nsec: 740456934 }] renderer render begin
[SystemTime { tv_sec: 1790344793, tv_nsec: 741947870 }] native_surface_lifecycle {"acquire_attempts":29,"acquired":29,"active":1,"configuration_generation":1,"configure_attempts":1,"configured_extent":[1280,800],"discarded":0,"frame_submission_receipts_issued":37,"frame_submissions":29,"gpu_completed_through_receipt":36,"host":1,"last_frame_submission_receipt":37,"last_present_receipt":36,"presented":28,"queue_epoch":1,"reason":"submit","wgpu_submission":"Some(SubmissionIndex { index: 37 })","window":"WindowId(31457284)"}
[SystemTime { tv_sec: 1790344793, tv_nsec: 742027521 }] native upload frame window=WindowId(31457284) host=1 renderer=1 queue_epoch=1 surface_generation=1 acquisition=29 submission=37 receipt=Some(UploadFrame { consumers: {"MAIN", "BOARD", "LAYERS", "NAV", "INSPECTOR", "MENU", "TERMINAL"}, owner: 7, attempt: 30, rendered: Some(true), totals: UploadTotals { batches: 1, buffer_payload_bytes: 360, texture_source_bytes: 0, texture_padding_bytes: 0, scatter_index_bytes: 0, staging_capacity_bytes: 360, buffer_copy_bytes: 360, buffer_copies: 37, texture_copies: 0, scatter_dispatches: 0 } })
[SystemTime { tv_sec: 1790344793, tv_nsec: 742111810 }] native font ownership window=WindowId(31457284) usage=Usage { allocation: Usage { allocator_installed: true, owner_id: 3, label: "renderer-fonts-and-shapes", payload_bytes: 924302, tracking_bytes: 88520, allocations: 11063, peak_payload_bytes: 925507, owner_metadata_bytes: 96 }, returned_shape_bytes: 178048, private_bytes: Some(834774), fixed_font_bytes: Some(772070), cache_reserved_bytes: 62704, last_call: Some(Report { call_id: 3235, owner_id: 3, allocator_installed: true, host_initial_bytes: 342664, host_final_bytes: 342664, process_initial_bytes: 342664, process_final_bytes: 342664, initial_bytes: 62704, final_bytes: 63880, peak_bytes: 64029, host_peak_bytes: 342664, process_peak_bytes: 342664, exceeded: false }) } measurement=Some(Usage { allocation: Usage { allocator_installed: true, owner_id: 13, label: "text-measurement", payload_bytes: 734742, tracking_bytes: 84216, allocations: 10525, peak_payload_bytes: 748214, owner_metadata_bytes: 96 }, returned_shape_bytes: 0, private_bytes: Some(818958), fixed_font_bytes: Some(772070), cache_reserved_bytes: 46888, last_call: Some(Report { call_id: 1173, owner_id: 13, allocator_installed: true, host_initial_bytes: 367656, host_final_bytes: 367656, process_initial_bytes: 367656, process_final_bytes: 367656, initial_bytes: 46888, final_bytes: 46888, peak_bytes: 54192, host_peak_bytes: 367656, process_peak_bytes: 367656, exceeded: false }) }) process_registry_bytes=RegistryUsage { registry_heap_bytes: 136, scope_owner_bytes: 1248, call_slots_static_bytes: 9752 }
[SystemTime { tv_sec: 1790344793, tv_nsec: 742186432 }] native attachment ledger {"attachments":{"allocations":[{"allocation":1,"host":1,"last_submission":37,"owner":8,"payload_bytes":32768000,"release_reason":null}],"completed_retirements":4,"current_payload_bytes":32768000,"device_loss_confirmed":false,"device_loss_retirements":0,"observed_allocations":5,"peak_payload_bytes":54886400,"retiring_payload_bytes":0,"unknown_payload_allocations":0},"queue_epoch":1}
[SystemTime { tv_sec: 1790344793, tv_nsec: 742251658 }] native surface attachment {"allocation":1,"allocations_created":1,"extent":[1280,800],"format":"Bgra8UnormSrgb","gpu_retirement_qualified":false,"host":1,"owner":8,"payload_bytes":32768000,"queue_epoch":1,"samples":8,"state":"current_renderer_reference","window":"WindowId(31457284)"}
[SystemTime { tv_sec: 1790344793, tv_nsec: 742303821 }] renderer render end 1ms
[SystemTime { tv_sec: 1790344793, tv_nsec: 742355828 }] frame present begin
[SystemTime { tv_sec: 1790344793, tv_nsec: 742556501 }] native_surface_lifecycle {"acquire_attempts":29,"acquired":29,"active":0,"configuration_generation":1,"configure_attempts":1,"configured_extent":[1280,800],"discarded":0,"frame_submission_receipts_issued":37,"frame_submissions":29,"gpu_completed_through_receipt":36,"host":1,"last_frame_submission_receipt":37,"last_present_receipt":37,"presented":29,"queue_epoch":1,"reason":"present","wgpu_submission":"Some(SubmissionIndex { index: 37 })","window":"WindowId(31457284)"}
[SystemTime { tv_sec: 1790344793, tv_nsec: 742633803 }] frame present end 0ms total=2ms
[SystemTime { tv_sec: 1790344793, tv_nsec: 742714189 }] native redraw ledger {"attempts":48,"counts":{"coalesced":2,"duplicate_tokens":0,"presentations":29,"received":48,"requested":48,"suppressed":32},"damage":40,"device_generation":1,"host_generation":1,"pending":false,"presented_damage":40,"ready":false,"reason":"presented","rendering":null,"window":"WindowId(31457284)"}
[SystemTime { tv_sec: 1790344793, tv_nsec: 742766463 }] redraw handler end
[SystemTime { tv_sec: 1790344793, tv_nsec: 746095818 }] window event WindowId(31457284) keyboard physical=Code(ArrowDown) logical=Named(ArrowDown) state=Released repeat=false text=None synthetic=false
[SystemTime { tv_sec: 1790344793, tv_nsec: 746211860 }] window event WindowId(31457284) redraw requested
[SystemTime { tv_sec: 1790344793, tv_nsec: 746291644 }] native frame round hosts=[WindowId(31457284)]
[SystemTime { tv_sec: 1790344793, tv_nsec: 746366772 }] redraw handler begin
[SystemTime { tv_sec: 1790344793, tv_nsec: 746532741 }] native_surface_lifecycle {"acquire_attempts":29,"acquired":29,"active":0,"configuration_generation":1,"configure_attempts":1,"configured_extent":[1280,800],"discarded":0,"frame_submission_receipts_issued":37,"frame_submissions":29,"gpu_completed_through_receipt":36,"host":1,"last_frame_submission_receipt":37,"last_present_receipt":37,"presented":29,"queue_epoch":1,"reason":"wait_queue","wgpu_submission":"Some(SubmissionIndex { index: 37 })","window":"WindowId(31457284)"}
[SystemTime { tv_sec: 1790344793, tv_nsec: 746655966 }] native redraw ledger {"attempts":49,"counts":{"coalesced":2,"duplicate_tokens":0,"presentations":29,"received":49,"requested":49,"suppressed":32},"damage":41,"device_generation":1,"host_generation":1,"pending":false,"presented_damage":40,"ready":false,"reason":"not_presented","rendering":null,"window":"WindowId(31457284)"}
[SystemTime { tv_sec: 1790344793, tv_nsec: 751426739 }] native queue progress epoch=1 submitted=37 completed=37
[SystemTime { tv_sec: 1790344793, tv_nsec: 751519907 }] native attachment ledger {"attachments":{"allocations":[{"allocation":1,"host":1,"last_submission":37,"owner":8,"payload_bytes":32768000,"release_reason":null}],"completed_retirements":4,"current_payload_bytes":32768000,"device_loss_confirmed":false,"device_loss_retirements":0,"observed_allocations":5,"peak_payload_bytes":54886400,"retiring_payload_bytes":0,"unknown_payload_allocations":0},"queue_epoch":1}
[SystemTime { tv_sec: 1790344793, tv_nsec: 752782648 }] window event WindowId(31457284) redraw requested
[SystemTime { tv_sec: 1790344793, tv_nsec: 752859716 }] native frame round hosts=[WindowId(31457284)]
[SystemTime { tv_sec: 1790344793, tv_nsec: 752908435 }] redraw handler begin
[SystemTime { tv_sec: 1790344793, tv_nsec: 752979960 }] renderer render begin
[SystemTime { tv_sec: 1790344793, tv_nsec: 754295288 }] native_surface_lifecycle {"acquire_attempts":30,"acquired":30,"active":1,"configuration_generation":1,"configure_attempts":1,"configured_extent":[1280,800],"discarded":0,"frame_submission_receipts_issued":38,"frame_submissions":30,"gpu_completed_through_receipt":37,"host":1,"last_frame_submission_receipt":38,"last_present_receipt":37,"presented":29,"queue_epoch":1,"reason":"submit","wgpu_submission":"Some(SubmissionIndex { index: 38 })","window":"WindowId(31457284)"}
[SystemTime { tv_sec: 1790344793, tv_nsec: 754398694 }] native upload frame window=WindowId(31457284) host=1 renderer=1 queue_epoch=1 surface_generation=1 acquisition=30 submission=38 receipt=Some(UploadFrame { consumers: {"MAIN", "BOARD", "LAYERS", "NAV", "INSPECTOR", "MENU", "TERMINAL"}, owner: 7, attempt: 31, rendered: Some(true), totals: UploadTotals { batches: 0, buffer_payload_bytes: 0, texture_source_bytes: 0, texture_padding_bytes: 0, scatter_index_bytes: 0, staging_capacity_bytes: 0, buffer_copy_bytes: 0, buffer_copies: 0, texture_copies: 0, scatter_dispatches: 0 } })
[SystemTime { tv_sec: 1790344793, tv_nsec: 754489717 }] native font ownership window=WindowId(31457284) usage=Usage { allocation: Usage { allocator_installed: true, owner_id: 3, label: "renderer-fonts-and-shapes", payload_bytes: 924302, tracking_bytes: 88520, allocations: 11063, peak_payload_bytes: 925507, owner_metadata_bytes: 96 }, returned_shape_bytes: 178048, private_bytes: Some(834774), fixed_font_bytes: Some(772070), cache_reserved_bytes: 62704, last_call: Some(Report { call_id: 3235, owner_id: 3, allocator_installed: true, host_initial_bytes: 342664, host_final_bytes: 342664, process_initial_bytes: 342664, process_final_bytes: 342664, initial_bytes: 62704, final_bytes: 63880, peak_bytes: 64029, host_peak_bytes: 342664, process_peak_bytes: 342664, exceeded: false }) } measurement=Some(Usage { allocation: Usage { allocator_installed: true, owner_id: 13, label: "text-measurement", payload_bytes: 734742, tracking_bytes: 84216, allocations: 10525, peak_payload_bytes: 748214, owner_metadata_bytes: 96 }, returned_shape_bytes: 0, private_bytes: Some(818958), fixed_font_bytes: Some(772070), cache_reserved_bytes: 46888, last_call: Some(Report { call_id: 1173, owner_id: 13, allocator_installed: true, host_initial_bytes: 367656, host_final_bytes: 367656, process_initial_bytes: 367656, process_final_bytes: 367656, initial_bytes: 46888, final_bytes: 46888, peak_bytes: 54192, host_peak_bytes: 367656, process_peak_bytes: 367656, exceeded: false }) }) process_registry_bytes=RegistryUsage { registry_heap_bytes: 136, scope_owner_bytes: 1248, call_slots_static_bytes: 9752 }
[SystemTime { tv_sec: 1790344793, tv_nsec: 754609915 }] native attachment ledger {"attachments":{"allocations":[{"allocation":1,"host":1,"last_submission":38,"owner":8,"payload_bytes":32768000,"release_reason":null}],"completed_retirements":4,"current_payload_bytes":32768000,"device_loss_confirmed":false,"device_loss_retirements":0,"observed_allocations":5,"peak_payload_bytes":54886400,"retiring_payload_bytes":0,"unknown_payload_allocations":0},"queue_epoch":1}
[SystemTime { tv_sec: 1790344793, tv_nsec: 754691630 }] native surface attachment {"allocation":1,"allocations_created":1,"extent":[1280,800],"format":"Bgra8UnormSrgb","gpu_retirement_qualified":false,"host":1,"owner":8,"payload_bytes":32768000,"queue_epoch":1,"samples":8,"state":"current_renderer_reference","window":"WindowId(31457284)"}
[SystemTime { tv_sec: 1790344793, tv_nsec: 754766697 }] renderer render end 1ms
[SystemTime { tv_sec: 1790344793, tv_nsec: 754816898 }] frame present begin
[SystemTime { tv_sec: 1790344793, tv_nsec: 754999986 }] native_surface_lifecycle {"acquire_attempts":30,"acquired":30,"active":0,"configuration_generation":1,"configure_attempts":1,"configured_extent":[1280,800],"discarded":0,"frame_submission_receipts_issued":38,"frame_submissions":30,"gpu_completed_through_receipt":37,"host":1,"last_frame_submission_receipt":38,"last_present_receipt":38,"presented":30,"queue_epoch":1,"reason":"present","wgpu_submission":"Some(SubmissionIndex { index: 38 })","window":"WindowId(31457284)"}
[SystemTime { tv_sec: 1790344793, tv_nsec: 755055078 }] frame present end 0ms total=2ms
[SystemTime { tv_sec: 1790344793, tv_nsec: 755131957 }] native redraw ledger {"attempts":50,"counts":{"coalesced":2,"duplicate_tokens":0,"presentations":30,"received":50,"requested":50,"suppressed":33},"damage":41,"device_generation":1,"host_generation":1,"pending":false,"presented_damage":41,"ready":false,"reason":"presented","rendering":null,"window":"WindowId(31457284)"}
[SystemTime { tv_sec: 1790344793, tv_nsec: 755186157 }] redraw handler end
[SystemTime { tv_sec: 1790344793, tv_nsec: 756930116 }] window event WindowId(31457284) keyboard physical=Code(Enter) logical=Named(Enter) state=Pressed repeat=false text=Some("\r") synthetic=false
[SystemTime { tv_sec: 1790344793, tv_nsec: 765203897 }] window event WindowId(31457284) redraw requested
[SystemTime { tv_sec: 1790344793, tv_nsec: 772954208 }] surface identity window=WindowId(31457374) window_backend=x11 gpu_backend=Vulkan adapter="Intel(R) HD Graphics P630 (KBL GT2)" device_type=IntegratedGpu driver="Intel open-source Mesa driver" driver_info="Mesa 25.0.7-2+deb13u1"
[SystemTime { tv_sec: 1790344793, tv_nsec: 786673125 }] native frame round hosts=[WindowId(31457284)]
[SystemTime { tv_sec: 1790344793, tv_nsec: 786774578 }] redraw handler begin
[SystemTime { tv_sec: 1790344793, tv_nsec: 787104670 }] render scene prepare begin retained_cached=true
[SystemTime { tv_sec: 1790344793, tv_nsec: 787196042 }] prepared scene build begin
[SystemTime { tv_sec: 1790344793, tv_nsec: 787844726 }] native control_meshes window=WindowId(31457284) builds=1
[SystemTime { tv_sec: 1790344793, tv_nsec: 787906893 }] prepared scene build end 0ms
[SystemTime { tv_sec: 1790344793, tv_nsec: 787977710 }] renderer render begin
[SystemTime { tv_sec: 1790344793, tv_nsec: 789974876 }] native_surface_lifecycle {"acquire_attempts":31,"acquired":31,"active":1,"configuration_generation":1,"configure_attempts":1,"configured_extent":[1280,800],"discarded":0,"frame_submission_receipts_issued":39,"frame_submissions":31,"gpu_completed_through_receipt":38,"host":1,"last_frame_submission_receipt":39,"last_present_receipt":38,"presented":30,"queue_epoch":1,"reason":"submit","wgpu_submission":"Some(SubmissionIndex { index: 39 })","window":"WindowId(31457284)"}
[SystemTime { tv_sec: 1790344793, tv_nsec: 790062515 }] native upload frame window=WindowId(31457284) host=1 renderer=1 queue_epoch=1 surface_generation=1 acquisition=31 submission=39 receipt=Some(UploadFrame { consumers: {"MAIN", "BOARD", "LAYERS", "NAV", "INSPECTOR", "MENU", "TERMINAL"}, owner: 7, attempt: 32, rendered: Some(true), totals: UploadTotals { batches: 1, buffer_payload_bytes: 4384, texture_source_bytes: 0, texture_padding_bytes: 0, scatter_index_bytes: 4368, staging_capacity_bytes: 17488, buffer_copy_bytes: 8752, buffer_copies: 5, texture_copies: 0, scatter_dispatches: 1 } })
[SystemTime { tv_sec: 1790344793, tv_nsec: 790155161 }] native font ownership window=WindowId(31457284) usage=Usage { allocation: Usage { allocator_installed: true, owner_id: 3, label: "renderer-fonts-and-shapes", payload_bytes: 924302, tracking_bytes: 88520, allocations: 11063, peak_payload_bytes: 925507, owner_metadata_bytes: 96 }, returned_shape_bytes: 178048, private_bytes: Some(834774), fixed_font_bytes: Some(772070), cache_reserved_bytes: 62704, last_call: Some(Report { call_id: 3235, owner_id: 3, allocator_installed: true, host_initial_bytes: 342664, host_final_bytes: 342664, process_initial_bytes: 342664, process_final_bytes: 342664, initial_bytes: 62704, final_bytes: 63880, peak_bytes: 64029, host_peak_bytes: 342664, process_peak_bytes: 342664, exceeded: false }) } measurement=Some(Usage { allocation: Usage { allocator_installed: true, owner_id: 13, label: "text-measurement", payload_bytes: 734742, tracking_bytes: 84216, allocations: 10525, peak_payload_bytes: 748214, owner_metadata_bytes: 96 }, returned_shape_bytes: 0, private_bytes: Some(818958), fixed_font_bytes: Some(772070), cache_reserved_bytes: 46888, last_call: Some(Report { call_id: 1173, owner_id: 13, allocator_installed: true, host_initial_bytes: 367656, host_final_bytes: 367656, process_initial_bytes: 367656, process_final_bytes: 367656, initial_bytes: 46888, final_bytes: 46888, peak_bytes: 54192, host_peak_bytes: 367656, process_peak_bytes: 367656, exceeded: false }) }) process_registry_bytes=RegistryUsage { registry_heap_bytes: 136, scope_owner_bytes: 1152, call_slots_static_bytes: 9752 }
[SystemTime { tv_sec: 1790344793, tv_nsec: 790244359 }] native attachment ledger {"attachments":{"allocations":[{"allocation":1,"host":1,"last_submission":39,"owner":8,"payload_bytes":32768000,"release_reason":null}],"completed_retirements":4,"current_payload_bytes":32768000,"device_loss_confirmed":false,"device_loss_retirements":0,"observed_allocations":5,"peak_payload_bytes":54886400,"retiring_payload_bytes":0,"unknown_payload_allocations":0},"queue_epoch":1}
[SystemTime { tv_sec: 1790344793, tv_nsec: 790323357 }] native surface attachment {"allocation":1,"allocations_created":1,"extent":[1280,800],"format":"Bgra8UnormSrgb","gpu_retirement_qualified":false,"host":1,"owner":8,"payload_bytes":32768000,"queue_epoch":1,"samples":8,"state":"current_renderer_reference","window":"WindowId(31457284)"}
[SystemTime { tv_sec: 1790344793, tv_nsec: 790377991 }] renderer render end 2ms
[SystemTime { tv_sec: 1790344793, tv_nsec: 790430621 }] frame present begin
[SystemTime { tv_sec: 1790344793, tv_nsec: 790622015 }] native_surface_lifecycle {"acquire_attempts":31,"acquired":31,"active":0,"configuration_generation":1,"configure_attempts":1,"configured_extent":[1280,800],"discarded":0,"frame_submission_receipts_issued":39,"frame_submissions":31,"gpu_completed_through_receipt":38,"host":1,"last_frame_submission_receipt":39,"last_present_receipt":39,"presented":31,"queue_epoch":1,"reason":"present","wgpu_submission":"Some(SubmissionIndex { index: 39 })","window":"WindowId(31457284)"}
[SystemTime { tv_sec: 1790344793, tv_nsec: 790746298 }] frame present end 0ms total=3ms
[SystemTime { tv_sec: 1790344793, tv_nsec: 790826603 }] native redraw ledger {"attempts":51,"counts":{"coalesced":2,"duplicate_tokens":0,"presentations":31,"received":51,"requested":51,"suppressed":34},"damage":42,"device_generation":1,"host_generation":1,"pending":false,"presented_damage":42,"ready":false,"reason":"presented","rendering":null,"window":"WindowId(31457284)"}
[SystemTime { tv_sec: 1790344793, tv_nsec: 790888096 }] redraw handler end
[SystemTime { tv_sec: 1790344793, tv_nsec: 791140138 }] native queue progress epoch=1 submitted=39 completed=38
[SystemTime { tv_sec: 1790344793, tv_nsec: 791202567 }] native attachment ledger {"attachments":{"allocations":[{"allocation":1,"host":1,"last_submission":39,"owner":8,"payload_bytes":32768000,"release_reason":null}],"completed_retirements":4,"current_payload_bytes":32768000,"device_loss_confirmed":false,"device_loss_retirements":0,"observed_allocations":5,"peak_payload_bytes":54886400,"retiring_payload_bytes":0,"unknown_payload_allocations":0},"queue_epoch":1}
[SystemTime { tv_sec: 1790344793, tv_nsec: 791300243 }] window event WindowId(31457374) ime Disabled
[SystemTime { tv_sec: 1790344793, tv_nsec: 791368170 }] window event WindowId(31457284) keyboard physical=Code(Enter) logical=Named(Enter) state=Released repeat=false text=Some("\r") synthetic=false
[SystemTime { tv_sec: 1790344793, tv_nsec: 792143103 }] window event WindowId(31457374) redraw requested
[SystemTime { tv_sec: 1790344793, tv_nsec: 792382226 }] native frame round hosts=[WindowId(31457374)]
[SystemTime { tv_sec: 1790344793, tv_nsec: 792460658 }] native_surface_lifecycle {"acquire_attempts":0,"acquired":0,"active":0,"configuration_generation":0,"configure_attempts":0,"configured_extent":null,"discarded":0,"frame_submission_receipts_issued":39,"frame_submissions":0,"gpu_completed_through_receipt":38,"host":6,"last_frame_submission_receipt":0,"last_present_receipt":0,"presented":0,"queue_epoch":1,"reason":"wait_queue","wgpu_submission":"None","window":"WindowId(31457374)"}
[SystemTime { tv_sec: 1790344793, tv_nsec: 792511977 }] native redraw ledger {"attempts":1,"counts":{"coalesced":1,"duplicate_tokens":0,"presentations":0,"received":1,"requested":1,"suppressed":0},"damage":3,"device_generation":1,"host_generation":6,"pending":false,"presented_damage":0,"ready":false,"reason":"not_presented","rendering":null,"window":"WindowId(31457374)"}
[SystemTime { tv_sec: 1790344793, tv_nsec: 795188389 }] window event WindowId(31457374) focused false
[SystemTime { tv_sec: 1790344793, tv_nsec: 795671522 }] window event WindowId(31457374) occluded false
[SystemTime { tv_sec: 1790344793, tv_nsec: 795962355 }] window event WindowId(31457374) redraw requested
[SystemTime { tv_sec: 1790344793, tv_nsec: 796524559 }] native queue progress epoch=1 submitted=39 completed=39
[SystemTime { tv_sec: 1790344793, tv_nsec: 796604319 }] native attachment ledger {"attachments":{"allocations":[{"allocation":1,"host":1,"last_submission":39,"owner":8,"payload_bytes":32768000,"release_reason":null}],"completed_retirements":4,"current_payload_bytes":32768000,"device_loss_confirmed":false,"device_loss_retirements":0,"observed_allocations":5,"peak_payload_bytes":54886400,"retiring_payload_bytes":0,"unknown_payload_allocations":0},"queue_epoch":1}
[SystemTime { tv_sec: 1790344793, tv_nsec: 799660821 }] window event WindowId(31457284) modifiers changed ModifiersState(0x0)
[SystemTime { tv_sec: 1790344793, tv_nsec: 800052016 }] window event WindowId(31457284) focused false
[SystemTime { tv_sec: 1790344793, tv_nsec: 800441371 }] window event WindowId(31457374) focused true
[SystemTime { tv_sec: 1790344793, tv_nsec: 801082708 }] window event WindowId(31457374) modifiers changed ModifiersState(0x0)
[SystemTime { tv_sec: 1790344793, tv_nsec: 801140314 }] window event WindowId(31457374) cursor moved 467.00,170.00
[SystemTime { tv_sec: 1790344793, tv_nsec: 801198091 }] window event WindowId(31457374) occluded false
[SystemTime { tv_sec: 1790344793, tv_nsec: 801804697 }] window event WindowId(31457374) resized 960x720
[SystemTime { tv_sec: 1790344793, tv_nsec: 801866778 }] window event WindowId(31457374) redraw requested
[SystemTime { tv_sec: 1790344793, tv_nsec: 801913933 }] native frame round hosts=[WindowId(31457374)]
[SystemTime { tv_sec: 1790344793, tv_nsec: 801972024 }] surface configure begin
[SystemTime { tv_sec: 1790344793, tv_nsec: 806341009 }] surface configure end
[SystemTime { tv_sec: 1790344793, tv_nsec: 806382269 }] native queue configured host=6 configurations=6 submitted=39 completed=39
[SystemTime { tv_sec: 1790344793, tv_nsec: 806555830 }] native control_meshes window=WindowId(31457374) builds=18
[SystemTime { tv_sec: 1790344793, tv_nsec: 816958346 }] native_surface_lifecycle {"acquire_attempts":1,"acquired":1,"active":1,"configuration_generation":1,"configure_attempts":1,"configured_extent":[960,720],"discarded":0,"frame_submission_receipts_issued":40,"frame_submissions":1,"gpu_completed_through_receipt":39,"host":6,"last_frame_submission_receipt":40,"last_present_receipt":0,"presented":0,"queue_epoch":1,"reason":"submit","wgpu_submission":"Some(SubmissionIndex { index: 40 })","window":"WindowId(31457374)"}
[SystemTime { tv_sec: 1790344793, tv_nsec: 817024877 }] native upload frame window=WindowId(31457374) host=6 renderer=6 queue_epoch=1 surface_generation=1 acquisition=1 submission=40 receipt=Some(UploadFrame { consumers: {"PROJECT"}, owner: 144, attempt: 1, rendered: Some(true), totals: UploadTotals { batches: 1, buffer_payload_bytes: 81208, texture_source_bytes: 10748, texture_padding_bytes: 482308, scatter_index_bytes: 0, staging_capacity_bytes: 574264, buffer_copy_bytes: 81208, buffer_copies: 3, texture_copies: 267, scatter_dispatches: 0 } })
[SystemTime { tv_sec: 1790344793, tv_nsec: 817063340 }] native font ownership window=WindowId(31457374) usage=Usage { allocation: Usage { allocator_installed: true, owner_id: 35, label: "renderer-fonts-and-shapes", payload_bytes: 933174, tracking_bytes: 86800, allocations: 10848, peak_payload_bytes: 933285, owner_metadata_bytes: 96 }, returned_shape_bytes: 201016, private_bytes: Some(818958), fixed_font_bytes: Some(772070), cache_reserved_bytes: 46888, last_call: Some(Report { call_id: 3825, owner_id: 35, allocator_installed: true, host_initial_bytes: 313014, host_final_bytes: 313052, process_initial_bytes: 616710, process_final_bytes: 616748, initial_bytes: 46888, final_bytes: 46888, peak_bytes: 46888, host_peak_bytes: 313052, process_peak_bytes: 616748, exceeded: false }) } measurement=None process_registry_bytes=RegistryUsage { registry_heap_bytes: 136, scope_owner_bytes: 1152, call_slots_static_bytes: 9752 }
[SystemTime { tv_sec: 1790344793, tv_nsec: 817111003 }] native attachment ledger {"attachments":{"allocations":[{"allocation":1,"host":1,"last_submission":39,"owner":8,"payload_bytes":32768000,"release_reason":null},{"allocation":1,"host":6,"last_submission":40,"owner":145,"payload_bytes":22118400,"release_reason":null}],"completed_retirements":4,"current_payload_bytes":54886400,"device_loss_confirmed":false,"device_loss_retirements":0,"observed_allocations":6,"peak_payload_bytes":54886400,"retiring_payload_bytes":0,"unknown_payload_allocations":0},"queue_epoch":1}
[SystemTime { tv_sec: 1790344793, tv_nsec: 817147142 }] native surface attachment {"allocation":1,"allocations_created":1,"extent":[960,720],"format":"Bgra8UnormSrgb","gpu_retirement_qualified":false,"host":6,"owner":145,"payload_bytes":22118400,"queue_epoch":1,"samples":8,"state":"current_renderer_reference","window":"WindowId(31457374)"}
[SystemTime { tv_sec: 1790344793, tv_nsec: 817239997 }] native_surface_lifecycle {"acquire_attempts":1,"acquired":1,"active":0,"configuration_generation":1,"configure_attempts":1,"configured_extent":[960,720],"discarded":0,"frame_submission_receipts_issued":40,"frame_submissions":1,"gpu_completed_through_receipt":39,"host":6,"last_frame_submission_receipt":40,"last_present_receipt":40,"presented":1,"queue_epoch":1,"reason":"present","wgpu_submission":"Some(SubmissionIndex { index: 40 })","window":"WindowId(31457374)"}
[SystemTime { tv_sec: 1790344793, tv_nsec: 817287197 }] native redraw ledger {"attempts":2,"counts":{"coalesced":1,"duplicate_tokens":0,"presentations":1,"received":3,"requested":1,"suppressed":1},"damage":3,"device_generation":1,"host_generation":6,"pending":false,"presented_damage":3,"ready":false,"reason":"presented","rendering":null,"window":"WindowId(31457374)"}
[SystemTime { tv_sec: 1790344793, tv_nsec: 839588900 }] native queue progress epoch=1 submitted=40 completed=40
[SystemTime { tv_sec: 1790344793, tv_nsec: 839664296 }] native attachment ledger {"attachments":{"allocations":[{"allocation":1,"host":1,"last_submission":39,"owner":8,"payload_bytes":32768000,"release_reason":null},{"allocation":1,"host":6,"last_submission":40,"owner":145,"payload_bytes":22118400,"release_reason":null}],"completed_retirements":4,"current_payload_bytes":54886400,"device_loss_confirmed":false,"device_loss_retirements":0,"observed_allocations":6,"peak_payload_bytes":54886400,"retiring_payload_bytes":0,"unknown_payload_allocations":0},"queue_epoch":1}
[SystemTime { tv_sec: 1790344793, tv_nsec: 848164058 }] window event WindowId(31457374) keyboard physical=Code(Escape) logical=Named(Escape) state=Pressed repeat=false text=Some("\u{1b}") synthetic=false
[SystemTime { tv_sec: 1790344793, tv_nsec: 848248091 }] window event WindowId(31457374) redraw requested
[SystemTime { tv_sec: 1790344793, tv_nsec: 848270532 }] window event WindowId(31457284) redraw requested
[SystemTime { tv_sec: 1790344793, tv_nsec: 848352482 }] native redraw ledger {"attempts":2,"counts":{"coalesced":1,"duplicate_tokens":0,"presentations":1,"received":4,"requested":2,"suppressed":1},"damage":4,"device_generation":1,"host_generation":6,"pending":true,"presented_damage":3,"ready":true,"reason":"closed","rendering":null,"window":"WindowId(31457374)"}
[SystemTime { tv_sec: 1790344793, tv_nsec: 860468911 }] native_surface_lifecycle {"acquire_attempts":1,"acquired":1,"active":0,"configuration_generation":1,"configure_attempts":1,"configured_extent":[960,720],"discarded":0,"frame_submission_receipts_issued":40,"frame_submissions":1,"gpu_completed_through_receipt":40,"host":6,"last_frame_submission_receipt":40,"last_present_receipt":40,"presented":1,"queue_epoch":1,"reason":"owner_drop","wgpu_submission":"Some(SubmissionIndex { index: 40 })","window":"WindowId(31457374)"}
[SystemTime { tv_sec: 1790344793, tv_nsec: 860515854 }] native attachment ledger {"attachments":{"allocations":[{"allocation":1,"host":1,"last_submission":39,"owner":8,"payload_bytes":32768000,"release_reason":null}],"completed_retirements":5,"current_payload_bytes":32768000,"device_loss_confirmed":false,"device_loss_retirements":0,"observed_allocations":6,"peak_payload_bytes":54886400,"retiring_payload_bytes":0,"unknown_payload_allocations":0},"queue_epoch":1}
[SystemTime { tv_sec: 1790344793, tv_nsec: 861012461 }] native frame round hosts=[WindowId(31457284)]
[SystemTime { tv_sec: 1790344793, tv_nsec: 861064011 }] redraw handler begin
[SystemTime { tv_sec: 1790344793, tv_nsec: 861136036 }] render scene prepare begin retained_cached=true
[SystemTime { tv_sec: 1790344793, tv_nsec: 861165904 }] prepared scene build begin
[SystemTime { tv_sec: 1790344793, tv_nsec: 861480233 }] native control_meshes window=WindowId(31457284) builds=1
[SystemTime { tv_sec: 1790344793, tv_nsec: 861508560 }] prepared scene build end 0ms
[SystemTime { tv_sec: 1790344793, tv_nsec: 861536315 }] renderer render begin
[SystemTime { tv_sec: 1790344793, tv_nsec: 862861634 }] native_surface_lifecycle {"acquire_attempts":32,"acquired":32,"active":1,"configuration_generation":1,"configure_attempts":1,"configured_extent":[1280,800],"discarded":0,"frame_submission_receipts_issued":41,"frame_submissions":32,"gpu_completed_through_receipt":40,"host":1,"last_frame_submission_receipt":41,"last_present_receipt":39,"presented":31,"queue_epoch":1,"reason":"submit","wgpu_submission":"Some(SubmissionIndex { index: 41 })","window":"WindowId(31457284)"}
[SystemTime { tv_sec: 1790344793, tv_nsec: 862974966 }] native upload frame window=WindowId(31457284) host=1 renderer=1 queue_epoch=1 surface_generation=1 acquisition=32 submission=41 receipt=Some(UploadFrame { consumers: {"MAIN", "BOARD", "LAYERS", "NAV", "INSPECTOR", "MENU", "TERMINAL"}, owner: 7, attempt: 33, rendered: Some(true), totals: UploadTotals { batches: 1, buffer_payload_bytes: 12676, texture_source_bytes: 0, texture_padding_bytes: 0, scatter_index_bytes: 12604, staging_capacity_bytes: 50488, buffer_copy_bytes: 25280, buffer_copies: 19, texture_copies: 0, scatter_dispatches: 1 } })
[SystemTime { tv_sec: 1790344793, tv_nsec: 863016612 }] native font ownership window=WindowId(31457284) usage=Usage { allocation: Usage { allocator_installed: true, owner_id: 3, label: "renderer-fonts-and-shapes", payload_bytes: 925390, tracking_bytes: 88544, allocations: 11066, peak_payload_bytes: 925507, owner_metadata_bytes: 96 }, returned_shape_bytes: 179160, private_bytes: Some(834774), fixed_font_bytes: Some(772070), cache_reserved_bytes: 62704, last_call: Some(Report { call_id: 3826, owner_id: 3, allocator_installed: true, host_initial_bytes: 339856, host_final_bytes: 339856, process_initial_bytes: 339856, process_final_bytes: 339856, initial_bytes: 62704, final_bytes: 63816, peak_bytes: 63959, host_peak_bytes: 339856, process_peak_bytes: 339856, exceeded: false }) } measurement=Some(Usage { allocation: Usage { allocator_installed: true, owner_id: 13, label: "text-measurement", payload_bytes: 734742, tracking_bytes: 84216, allocations: 10525, peak_payload_bytes: 748214, owner_metadata_bytes: 96 }, returned_shape_bytes: 0, private_bytes: Some(818958), fixed_font_bytes: Some(772070), cache_reserved_bytes: 46888, last_call: Some(Report { call_id: 1173, owner_id: 13, allocator_installed: true, host_initial_bytes: 367656, host_final_bytes: 367656, process_initial_bytes: 367656, process_final_bytes: 367656, initial_bytes: 46888, final_bytes: 46888, peak_bytes: 54192, host_peak_bytes: 367656, process_peak_bytes: 367656, exceeded: false }) }) process_registry_bytes=RegistryUsage { registry_heap_bytes: 136, scope_owner_bytes: 1152, call_slots_static_bytes: 9752 }
[SystemTime { tv_sec: 1790344793, tv_nsec: 863058936 }] native attachment ledger {"attachments":{"allocations":[{"allocation":1,"host":1,"last_submission":41,"owner":8,"payload_bytes":32768000,"release_reason":null}],"completed_retirements":5,"current_payload_bytes":32768000,"device_loss_confirmed":false,"device_loss_retirements":0,"observed_allocations":6,"peak_payload_bytes":54886400,"retiring_payload_bytes":0,"unknown_payload_allocations":0},"queue_epoch":1}
[SystemTime { tv_sec: 1790344793, tv_nsec: 863092947 }] native surface attachment {"allocation":1,"allocations_created":1,"extent":[1280,800],"format":"Bgra8UnormSrgb","gpu_retirement_qualified":false,"host":1,"owner":8,"payload_bytes":32768000,"queue_epoch":1,"samples":8,"state":"current_renderer_reference","window":"WindowId(31457284)"}
[SystemTime { tv_sec: 1790344793, tv_nsec: 863119150 }] renderer render end 1ms
[SystemTime { tv_sec: 1790344793, tv_nsec: 863144202 }] frame present begin
[SystemTime { tv_sec: 1790344793, tv_nsec: 863271514 }] native_surface_lifecycle {"acquire_attempts":32,"acquired":32,"active":0,"configuration_generation":1,"configure_attempts":1,"configured_extent":[1280,800],"discarded":0,"frame_submission_receipts_issued":41,"frame_submissions":32,"gpu_completed_through_receipt":40,"host":1,"last_frame_submission_receipt":41,"last_present_receipt":41,"presented":32,"queue_epoch":1,"reason":"present","wgpu_submission":"Some(SubmissionIndex { index: 41 })","window":"WindowId(31457284)"}
[SystemTime { tv_sec: 1790344793, tv_nsec: 863320428 }] frame present end 0ms total=2ms
[SystemTime { tv_sec: 1790344793, tv_nsec: 863381706 }] native redraw ledger {"attempts":52,"counts":{"coalesced":2,"duplicate_tokens":0,"presentations":32,"received":52,"requested":52,"suppressed":35},"damage":43,"device_generation":1,"host_generation":1,"pending":false,"presented_damage":43,"ready":false,"reason":"presented","rendering":null,"window":"WindowId(31457284)"}
[SystemTime { tv_sec: 1790344793, tv_nsec: 863416936 }] redraw handler end
[SystemTime { tv_sec: 1790344793, tv_nsec: 863948097 }] window event WindowId(31457284) focused true
[SystemTime { tv_sec: 1790344793, tv_nsec: 864367069 }] window event WindowId(31457284) modifiers changed ModifiersState(0x0)
[SystemTime { tv_sec: 1790344793, tv_nsec: 864413822 }] window event WindowId(31457284) cursor moved 148.00,16.00
[SystemTime { tv_sec: 1790344793, tv_nsec: 864690826 }] window event WindowId(31457284) modifiers changed ModifiersState(0x0)
[SystemTime { tv_sec: 1790344793, tv_nsec: 865256324 }] window event WindowId(31457284) focused false
[SystemTime { tv_sec: 1790344793, tv_nsec: 865567568 }] window event WindowId(31457284) focused true
[SystemTime { tv_sec: 1790344793, tv_nsec: 865970823 }] window event WindowId(31457284) modifiers changed ModifiersState(0x0)
[SystemTime { tv_sec: 1790344793, tv_nsec: 866007383 }] window event WindowId(31457284) cursor moved 148.00,16.00
[SystemTime { tv_sec: 1790344793, tv_nsec: 866261974 }] window event WindowId(31457284) keyboard physical=Code(Escape) logical=Named(Escape) state=Released repeat=false text=Some("\u{1b}") synthetic=false
[SystemTime { tv_sec: 1790344793, tv_nsec: 866295321 }] pan key physical=Code(Escape) logical=Named(Escape) state=Released repeat=false pointer_in_scene=false held=false consumed=false
[SystemTime { tv_sec: 1790344793, tv_nsec: 866684397 }] window event WindowId(31457374) destroyed
[SystemTime { tv_sec: 1790344793, tv_nsec: 872704303 }] window event WindowId(31457284) modifiers changed ModifiersState(0x0)
[SystemTime { tv_sec: 1790344793, tv_nsec: 872751172 }] window event WindowId(31457284) mouse input Left Pressed
[SystemTime { tv_sec: 1790344793, tv_nsec: 872790686 }] pan primary pressed cursor=Some((148.0, 16.0)) pointer_in_scene=false held=false active=false
[SystemTime { tv_sec: 1790344793, tv_nsec: 872885089 }] window event WindowId(31457284) modifiers changed ModifiersState(0x0)
[SystemTime { tv_sec: 1790344793, tv_nsec: 872944910 }] window event WindowId(31457284) modifiers changed ModifiersState(0x0)
[SystemTime { tv_sec: 1790344793, tv_nsec: 872980190 }] window event WindowId(31457284) mouse input Left Released
[SystemTime { tv_sec: 1790344793, tv_nsec: 873008888 }] pan primary released cursor=Some((148.0, 16.0)) suppress_click=false
[SystemTime { tv_sec: 1790344793, tv_nsec: 873126946 }] window event WindowId(31457284) modifiers changed ModifiersState(0x0)
[SystemTime { tv_sec: 1790344793, tv_nsec: 873155493 }] window event WindowId(31457284) redraw requested
[SystemTime { tv_sec: 1790344793, tv_nsec: 873181709 }] native frame round hosts=[WindowId(31457284)]
[SystemTime { tv_sec: 1790344793, tv_nsec: 873203985 }] redraw handler begin
[SystemTime { tv_sec: 1790344793, tv_nsec: 873269574 }] native_surface_lifecycle {"acquire_attempts":32,"acquired":32,"active":0,"configuration_generation":1,"configure_attempts":1,"configured_extent":[1280,800],"discarded":0,"frame_submission_receipts_issued":41,"frame_submissions":32,"gpu_completed_through_receipt":40,"host":1,"last_frame_submission_receipt":41,"last_present_receipt":41,"presented":32,"queue_epoch":1,"reason":"wait_queue","wgpu_submission":"Some(SubmissionIndex { index: 41 })","window":"WindowId(31457284)"}
[SystemTime { tv_sec: 1790344793, tv_nsec: 873308721 }] native redraw ledger {"attempts":53,"counts":{"coalesced":2,"duplicate_tokens":0,"presentations":32,"received":53,"requested":53,"suppressed":35},"damage":44,"device_generation":1,"host_generation":1,"pending":false,"presented_damage":43,"ready":false,"reason":"not_presented","rendering":null,"window":"WindowId(31457284)"}
[SystemTime { tv_sec: 1790344793, tv_nsec: 877551218 }] native queue progress epoch=1 submitted=41 completed=41
[SystemTime { tv_sec: 1790344793, tv_nsec: 877593892 }] native attachment ledger {"attachments":{"allocations":[{"allocation":1,"host":1,"last_submission":41,"owner":8,"payload_bytes":32768000,"release_reason":null}],"completed_retirements":5,"current_payload_bytes":32768000,"device_loss_confirmed":false,"device_loss_retirements":0,"observed_allocations":6,"peak_payload_bytes":54886400,"retiring_payload_bytes":0,"unknown_payload_allocations":0},"queue_epoch":1}
[SystemTime { tv_sec: 1790344793, tv_nsec: 879426107 }] window event WindowId(31457284) redraw requested
[SystemTime { tv_sec: 1790344793, tv_nsec: 879460318 }] native frame round hosts=[WindowId(31457284)]
[SystemTime { tv_sec: 1790344793, tv_nsec: 879484854 }] redraw handler begin
[SystemTime { tv_sec: 1790344793, tv_nsec: 879521792 }] render scene prepare begin retained_cached=true
[SystemTime { tv_sec: 1790344793, tv_nsec: 879544570 }] prepared scene build begin
[SystemTime { tv_sec: 1790344793, tv_nsec: 879833377 }] native control_meshes window=WindowId(31457284) builds=1
[SystemTime { tv_sec: 1790344793, tv_nsec: 879877767 }] prepared scene build end 0ms
[SystemTime { tv_sec: 1790344793, tv_nsec: 879926970 }] renderer render begin
[SystemTime { tv_sec: 1790344793, tv_nsec: 881235477 }] native_surface_lifecycle {"acquire_attempts":33,"acquired":33,"active":1,"configuration_generation":1,"configure_attempts":1,"configured_extent":[1280,800],"discarded":0,"frame_submission_receipts_issued":42,"frame_submissions":33,"gpu_completed_through_receipt":41,"host":1,"last_frame_submission_receipt":42,"last_present_receipt":41,"presented":32,"queue_epoch":1,"reason":"submit","wgpu_submission":"Some(SubmissionIndex { index: 42 })","window":"WindowId(31457284)"}
[SystemTime { tv_sec: 1790344793, tv_nsec: 881289043 }] native upload frame window=WindowId(31457284) host=1 renderer=1 queue_epoch=1 surface_generation=1 acquisition=33 submission=42 receipt=Some(UploadFrame { consumers: {"MAIN", "BOARD", "LAYERS", "NAV", "INSPECTOR", "MENU", "TERMINAL"}, owner: 7, attempt: 34, rendered: Some(true), totals: UploadTotals { batches: 1, buffer_payload_bytes: 19660, texture_source_bytes: 0, texture_padding_bytes: 0, scatter_index_bytes: 17740, staging_capacity_bytes: 72880, buffer_copy_bytes: 37400, buffer_copies: 3, texture_copies: 0, scatter_dispatches: 2 } })
[SystemTime { tv_sec: 1790344793, tv_nsec: 881316789 }] native font ownership window=WindowId(31457284) usage=Usage { allocation: Usage { allocator_installed: true, owner_id: 3, label: "renderer-fonts-and-shapes", payload_bytes: 925390, tracking_bytes: 88544, allocations: 11066, peak_payload_bytes: 925507, owner_metadata_bytes: 96 }, returned_shape_bytes: 179160, private_bytes: Some(834774), fixed_font_bytes: Some(772070), cache_reserved_bytes: 62704, last_call: Some(Report { call_id: 3827, owner_id: 3, allocator_installed: true, host_initial_bytes: 342664, host_final_bytes: 342664, process_initial_bytes: 342664, process_final_bytes: 342664, initial_bytes: 62704, final_bytes: 63880, peak_bytes: 64029, host_peak_bytes: 342664, process_peak_bytes: 342664, exceeded: false }) } measurement=Some(Usage { allocation: Usage { allocator_installed: true, owner_id: 13, label: "text-measurement", payload_bytes: 734742, tracking_bytes: 84216, allocations: 10525, peak_payload_bytes: 748214, owner_metadata_bytes: 96 }, returned_shape_bytes: 0, private_bytes: Some(818958), fixed_font_bytes: Some(772070), cache_reserved_bytes: 46888, last_call: Some(Report { call_id: 1173, owner_id: 13, allocator_installed: true, host_initial_bytes: 367656, host_final_bytes: 367656, process_initial_bytes: 367656, process_final_bytes: 367656, initial_bytes: 46888, final_bytes: 46888, peak_bytes: 54192, host_peak_bytes: 367656, process_peak_bytes: 367656, exceeded: false }) }) process_registry_bytes=RegistryUsage { registry_heap_bytes: 136, scope_owner_bytes: 1152, call_slots_static_bytes: 9752 }
[SystemTime { tv_sec: 1790344793, tv_nsec: 881347041 }] native attachment ledger {"attachments":{"allocations":[{"allocation":1,"host":1,"last_submission":42,"owner":8,"payload_bytes":32768000,"release_reason":null}],"completed_retirements":5,"current_payload_bytes":32768000,"device_loss_confirmed":false,"device_loss_retirements":0,"observed_allocations":6,"peak_payload_bytes":54886400,"retiring_payload_bytes":0,"unknown_payload_allocations":0},"queue_epoch":1}
[SystemTime { tv_sec: 1790344793, tv_nsec: 881377806 }] native surface attachment {"allocation":1,"allocations_created":1,"extent":[1280,800],"format":"Bgra8UnormSrgb","gpu_retirement_qualified":false,"host":1,"owner":8,"payload_bytes":32768000,"queue_epoch":1,"samples":8,"state":"current_renderer_reference","window":"WindowId(31457284)"}
[SystemTime { tv_sec: 1790344793, tv_nsec: 881417543 }] renderer render end 1ms
[SystemTime { tv_sec: 1790344793, tv_nsec: 881437411 }] frame present begin
[SystemTime { tv_sec: 1790344793, tv_nsec: 881539398 }] native_surface_lifecycle {"acquire_attempts":33,"acquired":33,"active":0,"configuration_generation":1,"configure_attempts":1,"configured_extent":[1280,800],"discarded":0,"frame_submission_receipts_issued":42,"frame_submissions":33,"gpu_completed_through_receipt":41,"host":1,"last_frame_submission_receipt":42,"last_present_receipt":42,"presented":33,"queue_epoch":1,"reason":"present","wgpu_submission":"Some(SubmissionIndex { index: 42 })","window":"WindowId(31457284)"}
[SystemTime { tv_sec: 1790344793, tv_nsec: 881571128 }] frame present end 0ms total=2ms
[SystemTime { tv_sec: 1790344793, tv_nsec: 881617173 }] native redraw ledger {"attempts":54,"counts":{"coalesced":2,"duplicate_tokens":0,"presentations":33,"received":54,"requested":54,"suppressed":36},"damage":44,"device_generation":1,"host_generation":1,"pending":false,"presented_damage":44,"ready":false,"reason":"presented","rendering":null,"window":"WindowId(31457284)"}
[SystemTime { tv_sec: 1790344793, tv_nsec: 881656667 }] redraw handler end
[SystemTime { tv_sec: 1790344793, tv_nsec: 907322361 }] native queue progress epoch=1 submitted=42 completed=42
[SystemTime { tv_sec: 1790344793, tv_nsec: 907376517 }] native attachment ledger {"attachments":{"allocations":[{"allocation":1,"host":1,"last_submission":42,"owner":8,"payload_bytes":32768000,"release_reason":null}],"completed_retirements":5,"current_payload_bytes":32768000,"device_loss_confirmed":false,"device_loss_retirements":0,"observed_allocations":6,"peak_payload_bytes":54886400,"retiring_payload_bytes":0,"unknown_payload_allocations":0},"queue_epoch":1}
[SystemTime { tv_sec: 1790344793, tv_nsec: 980770601 }] window event WindowId(31457284) keyboard physical=Code(ArrowUp) logical=Named(ArrowUp) state=Pressed repeat=false text=None synthetic=false
[SystemTime { tv_sec: 1790344793, tv_nsec: 981033875 }] window event WindowId(31457284) redraw requested
[SystemTime { tv_sec: 1790344793, tv_nsec: 981087869 }] native frame round hosts=[WindowId(31457284)]
[SystemTime { tv_sec: 1790344793, tv_nsec: 981132312 }] redraw handler begin
[SystemTime { tv_sec: 1790344793, tv_nsec: 981203010 }] render scene prepare begin retained_cached=true
[SystemTime { tv_sec: 1790344793, tv_nsec: 981247132 }] prepared scene build begin
[SystemTime { tv_sec: 1790344793, tv_nsec: 981582558 }] native control_meshes window=WindowId(31457284) builds=1
[SystemTime { tv_sec: 1790344793, tv_nsec: 981632813 }] prepared scene build end 0ms
[SystemTime { tv_sec: 1790344793, tv_nsec: 981681366 }] renderer render begin
[SystemTime { tv_sec: 1790344793, tv_nsec: 983663269 }] native_surface_lifecycle {"acquire_attempts":34,"acquired":34,"active":1,"configuration_generation":1,"configure_attempts":1,"configured_extent":[1280,800],"discarded":0,"frame_submission_receipts_issued":43,"frame_submissions":34,"gpu_completed_through_receipt":42,"host":1,"last_frame_submission_receipt":43,"last_present_receipt":42,"presented":33,"queue_epoch":1,"reason":"submit","wgpu_submission":"Some(SubmissionIndex { index: 43 })","window":"WindowId(31457284)"}
[SystemTime { tv_sec: 1790344793, tv_nsec: 983804212 }] native upload frame window=WindowId(31457284) host=1 renderer=1 queue_epoch=1 surface_generation=1 acquisition=34 submission=43 receipt=Some(UploadFrame { consumers: {"MAIN", "BOARD", "LAYERS", "NAV", "INSPECTOR", "MENU", "TERMINAL"}, owner: 7, attempt: 35, rendered: Some(true), totals: UploadTotals { batches: 1, buffer_payload_bytes: 984, texture_source_bytes: 0, texture_padding_bytes: 0, scatter_index_bytes: 0, staging_capacity_bytes: 984, buffer_copy_bytes: 984, buffer_copies: 57, texture_copies: 0, scatter_dispatches: 0 } })
[SystemTime { tv_sec: 1790344793, tv_nsec: 983888755 }] native font ownership window=WindowId(31457284) usage=Usage { allocation: Usage { allocator_installed: true, owner_id: 3, label: "renderer-fonts-and-shapes", payload_bytes: 924302, tracking_bytes: 88520, allocations: 11063, peak_payload_bytes: 925507, owner_metadata_bytes: 96 }, returned_shape_bytes: 178048, private_bytes: Some(834774), fixed_font_bytes: Some(772070), cache_reserved_bytes: 62704, last_call: Some(Report { call_id: 3827, owner_id: 3, allocator_installed: true, host_initial_bytes: 342664, host_final_bytes: 342664, process_initial_bytes: 342664, process_final_bytes: 342664, initial_bytes: 62704, final_bytes: 63880, peak_bytes: 64029, host_peak_bytes: 342664, process_peak_bytes: 342664, exceeded: false }) } measurement=Some(Usage { allocation: Usage { allocator_installed: true, owner_id: 13, label: "text-measurement", payload_bytes: 734742, tracking_bytes: 84216, allocations: 10525, peak_payload_bytes: 748214, owner_metadata_bytes: 96 }, returned_shape_bytes: 0, private_bytes: Some(818958), fixed_font_bytes: Some(772070), cache_reserved_bytes: 46888, last_call: Some(Report { call_id: 1173, owner_id: 13, allocator_installed: true, host_initial_bytes: 367656, host_final_bytes: 367656, process_initial_bytes: 367656, process_final_bytes: 367656, initial_bytes: 46888, final_bytes: 46888, peak_bytes: 54192, host_peak_bytes: 367656, process_peak_bytes: 367656, exceeded: false }) }) process_registry_bytes=RegistryUsage { registry_heap_bytes: 136, scope_owner_bytes: 1152, call_slots_static_bytes: 9752 }
[SystemTime { tv_sec: 1790344793, tv_nsec: 983961740 }] native attachment ledger {"attachments":{"allocations":[{"allocation":1,"host":1,"last_submission":43,"owner":8,"payload_bytes":32768000,"release_reason":null}],"completed_retirements":5,"current_payload_bytes":32768000,"device_loss_confirmed":false,"device_loss_retirements":0,"observed_allocations":6,"peak_payload_bytes":54886400,"retiring_payload_bytes":0,"unknown_payload_allocations":0},"queue_epoch":1}
[SystemTime { tv_sec: 1790344793, tv_nsec: 984022066 }] native surface attachment {"allocation":1,"allocations_created":1,"extent":[1280,800],"format":"Bgra8UnormSrgb","gpu_retirement_qualified":false,"host":1,"owner":8,"payload_bytes":32768000,"queue_epoch":1,"samples":8,"state":"current_renderer_reference","window":"WindowId(31457284)"}
[SystemTime { tv_sec: 1790344793, tv_nsec: 984068254 }] renderer render end 2ms
[SystemTime { tv_sec: 1790344793, tv_nsec: 984114067 }] frame present begin
[SystemTime { tv_sec: 1790344793, tv_nsec: 984278696 }] native_surface_lifecycle {"acquire_attempts":34,"acquired":34,"active":0,"configuration_generation":1,"configure_attempts":1,"configured_extent":[1280,800],"discarded":0,"frame_submission_receipts_issued":43,"frame_submissions":34,"gpu_completed_through_receipt":42,"host":1,"last_frame_submission_receipt":43,"last_present_receipt":43,"presented":34,"queue_epoch":1,"reason":"present","wgpu_submission":"Some(SubmissionIndex { index: 43 })","window":"WindowId(31457284)"}
[SystemTime { tv_sec: 1790344793, tv_nsec: 984348804 }] frame present end 0ms total=3ms
[SystemTime { tv_sec: 1790344793, tv_nsec: 984444004 }] native redraw ledger {"attempts":55,"counts":{"coalesced":2,"duplicate_tokens":0,"presentations":34,"received":55,"requested":55,"suppressed":37},"damage":45,"device_generation":1,"host_generation":1,"pending":false,"presented_damage":45,"ready":false,"reason":"presented","rendering":null,"window":"WindowId(31457284)"}
[SystemTime { tv_sec: 1790344793, tv_nsec: 984507618 }] redraw handler end
[SystemTime { tv_sec: 1790344793, tv_nsec: 991649278 }] window event WindowId(31457284) keyboard physical=Code(ArrowUp) logical=Named(ArrowUp) state=Released repeat=false text=None synthetic=false
[SystemTime { tv_sec: 1790344793, tv_nsec: 991748916 }] window event WindowId(31457284) redraw requested
[SystemTime { tv_sec: 1790344793, tv_nsec: 991803296 }] native frame round hosts=[WindowId(31457284)]
[SystemTime { tv_sec: 1790344793, tv_nsec: 991851220 }] redraw handler begin
[SystemTime { tv_sec: 1790344793, tv_nsec: 991954422 }] native_surface_lifecycle {"acquire_attempts":34,"acquired":34,"active":0,"configuration_generation":1,"configure_attempts":1,"configured_extent":[1280,800],"discarded":0,"frame_submission_receipts_issued":43,"frame_submissions":34,"gpu_completed_through_receipt":42,"host":1,"last_frame_submission_receipt":43,"last_present_receipt":43,"presented":34,"queue_epoch":1,"reason":"wait_queue","wgpu_submission":"Some(SubmissionIndex { index: 43 })","window":"WindowId(31457284)"}
[SystemTime { tv_sec: 1790344793, tv_nsec: 992025993 }] native redraw ledger {"attempts":56,"counts":{"coalesced":2,"duplicate_tokens":0,"presentations":34,"received":56,"requested":56,"suppressed":37},"damage":46,"device_generation":1,"host_generation":1,"pending":false,"presented_damage":45,"ready":false,"reason":"not_presented","rendering":null,"window":"WindowId(31457284)"}
[SystemTime { tv_sec: 1790344794, tv_nsec: 2424260 }] window event WindowId(31457284) keyboard physical=Code(ArrowRight) logical=Named(ArrowRight) state=Pressed repeat=false text=None synthetic=false
[SystemTime { tv_sec: 1790344794, tv_nsec: 2668582 }] window event WindowId(31457284) redraw requested
[SystemTime { tv_sec: 1790344794, tv_nsec: 2727117 }] native frame round hosts=[WindowId(31457284)]
[SystemTime { tv_sec: 1790344794, tv_nsec: 2776496 }] redraw handler begin
[SystemTime { tv_sec: 1790344794, tv_nsec: 2887352 }] native_surface_lifecycle {"acquire_attempts":34,"acquired":34,"active":0,"configuration_generation":1,"configure_attempts":1,"configured_extent":[1280,800],"discarded":0,"frame_submission_receipts_issued":43,"frame_submissions":34,"gpu_completed_through_receipt":42,"host":1,"last_frame_submission_receipt":43,"last_present_receipt":43,"presented":34,"queue_epoch":1,"reason":"wait_queue","wgpu_submission":"Some(SubmissionIndex { index: 43 })","window":"WindowId(31457284)"}
[SystemTime { tv_sec: 1790344794, tv_nsec: 2960442 }] native redraw ledger {"attempts":57,"counts":{"coalesced":2,"duplicate_tokens":0,"presentations":34,"received":57,"requested":57,"suppressed":37},"damage":47,"device_generation":1,"host_generation":1,"pending":false,"presented_damage":45,"ready":false,"reason":"not_presented","rendering":null,"window":"WindowId(31457284)"}
[SystemTime { tv_sec: 1790344794, tv_nsec: 12315641 }] native queue progress epoch=1 submitted=43 completed=43
[SystemTime { tv_sec: 1790344794, tv_nsec: 12426607 }] native attachment ledger {"attachments":{"allocations":[{"allocation":1,"host":1,"last_submission":43,"owner":8,"payload_bytes":32768000,"release_reason":null}],"completed_retirements":5,"current_payload_bytes":32768000,"device_loss_confirmed":false,"device_loss_retirements":0,"observed_allocations":6,"peak_payload_bytes":54886400,"retiring_payload_bytes":0,"unknown_payload_allocations":0},"queue_epoch":1}
[SystemTime { tv_sec: 1790344794, tv_nsec: 13494161 }] window event WindowId(31457284) keyboard physical=Code(ArrowRight) logical=Named(ArrowRight) state=Released repeat=false text=None synthetic=false
[SystemTime { tv_sec: 1790344794, tv_nsec: 13583969 }] window event WindowId(31457284) redraw requested
[SystemTime { tv_sec: 1790344794, tv_nsec: 13639643 }] native frame round hosts=[WindowId(31457284)]
[SystemTime { tv_sec: 1790344794, tv_nsec: 13687862 }] redraw handler begin
[SystemTime { tv_sec: 1790344794, tv_nsec: 13763627 }] render scene prepare begin retained_cached=true
[SystemTime { tv_sec: 1790344794, tv_nsec: 13811336 }] prepared scene build begin
[SystemTime { tv_sec: 1790344794, tv_nsec: 14212041 }] native control_meshes window=WindowId(31457284) builds=1
[SystemTime { tv_sec: 1790344794, tv_nsec: 14265922 }] prepared scene build end 0ms
[SystemTime { tv_sec: 1790344794, tv_nsec: 14318452 }] renderer render begin
[SystemTime { tv_sec: 1790344794, tv_nsec: 15644392 }] native_surface_lifecycle {"acquire_attempts":35,"acquired":35,"active":1,"configuration_generation":1,"configure_attempts":1,"configured_extent":[1280,800],"discarded":0,"frame_submission_receipts_issued":44,"frame_submissions":35,"gpu_completed_through_receipt":43,"host":1,"last_frame_submission_receipt":44,"last_present_receipt":43,"presented":34,"queue_epoch":1,"reason":"submit","wgpu_submission":"Some(SubmissionIndex { index: 44 })","window":"WindowId(31457284)"}
[SystemTime { tv_sec: 1790344794, tv_nsec: 15727063 }] native upload frame window=WindowId(31457284) host=1 renderer=1 queue_epoch=1 surface_generation=1 acquisition=35 submission=44 receipt=Some(UploadFrame { consumers: {"MAIN", "BOARD", "LAYERS", "NAV", "INSPECTOR", "MENU", "TERMINAL"}, owner: 7, attempt: 36, rendered: Some(true), totals: UploadTotals { batches: 1, buffer_payload_bytes: 4320, texture_source_bytes: 0, texture_padding_bytes: 0, scatter_index_bytes: 0, staging_capacity_bytes: 4320, buffer_copy_bytes: 4320, buffer_copies: 2, texture_copies: 0, scatter_dispatches: 0 } })
[SystemTime { tv_sec: 1790344794, tv_nsec: 15799819 }] native font ownership window=WindowId(31457284) usage=Usage { allocation: Usage { allocator_installed: true, owner_id: 3, label: "renderer-fonts-and-shapes", payload_bytes: 924302, tracking_bytes: 88520, allocations: 11063, peak_payload_bytes: 925507, owner_metadata_bytes: 96 }, returned_shape_bytes: 178048, private_bytes: Some(834774), fixed_font_bytes: Some(772070), cache_reserved_bytes: 62704, last_call: Some(Report { call_id: 3827, owner_id: 3, allocator_installed: true, host_initial_bytes: 342664, host_final_bytes: 342664, process_initial_bytes: 342664, process_final_bytes: 342664, initial_bytes: 62704, final_bytes: 63880, peak_bytes: 64029, host_peak_bytes: 342664, process_peak_bytes: 342664, exceeded: false }) } measurement=Some(Usage { allocation: Usage { allocator_installed: true, owner_id: 13, label: "text-measurement", payload_bytes: 734742, tracking_bytes: 84216, allocations: 10525, peak_payload_bytes: 748214, owner_metadata_bytes: 96 }, returned_shape_bytes: 0, private_bytes: Some(818958), fixed_font_bytes: Some(772070), cache_reserved_bytes: 46888, last_call: Some(Report { call_id: 1173, owner_id: 13, allocator_installed: true, host_initial_bytes: 367656, host_final_bytes: 367656, process_initial_bytes: 367656, process_final_bytes: 367656, initial_bytes: 46888, final_bytes: 46888, peak_bytes: 54192, host_peak_bytes: 367656, process_peak_bytes: 367656, exceeded: false }) }) process_registry_bytes=RegistryUsage { registry_heap_bytes: 136, scope_owner_bytes: 1152, call_slots_static_bytes: 9752 }
[SystemTime { tv_sec: 1790344794, tv_nsec: 15876910 }] native attachment ledger {"attachments":{"allocations":[{"allocation":1,"host":1,"last_submission":44,"owner":8,"payload_bytes":32768000,"release_reason":null}],"completed_retirements":5,"current_payload_bytes":32768000,"device_loss_confirmed":false,"device_loss_retirements":0,"observed_allocations":6,"peak_payload_bytes":54886400,"retiring_payload_bytes":0,"unknown_payload_allocations":0},"queue_epoch":1}
[SystemTime { tv_sec: 1790344794, tv_nsec: 15941549 }] native surface attachment {"allocation":1,"allocations_created":1,"extent":[1280,800],"format":"Bgra8UnormSrgb","gpu_retirement_qualified":false,"host":1,"owner":8,"payload_bytes":32768000,"queue_epoch":1,"samples":8,"state":"current_renderer_reference","window":"WindowId(31457284)"}
[SystemTime { tv_sec: 1790344794, tv_nsec: 15991141 }] renderer render end 1ms
[SystemTime { tv_sec: 1790344794, tv_nsec: 16039741 }] frame present begin
[SystemTime { tv_sec: 1790344794, tv_nsec: 16187457 }] native_surface_lifecycle {"acquire_attempts":35,"acquired":35,"active":0,"configuration_generation":1,"configure_attempts":1,"configured_extent":[1280,800],"discarded":0,"frame_submission_receipts_issued":44,"frame_submissions":35,"gpu_completed_through_receipt":43,"host":1,"last_frame_submission_receipt":44,"last_present_receipt":44,"presented":35,"queue_epoch":1,"reason":"present","wgpu_submission":"Some(SubmissionIndex { index: 44 })","window":"WindowId(31457284)"}
[SystemTime { tv_sec: 1790344794, tv_nsec: 16290774 }] frame present end 0ms total=2ms
[SystemTime { tv_sec: 1790344794, tv_nsec: 16402643 }] native redraw ledger {"attempts":58,"counts":{"coalesced":2,"duplicate_tokens":0,"presentations":35,"received":58,"requested":58,"suppressed":38},"damage":48,"device_generation":1,"host_generation":1,"pending":false,"presented_damage":48,"ready":false,"reason":"presented","rendering":null,"window":"WindowId(31457284)"}
[SystemTime { tv_sec: 1790344794, tv_nsec: 16460118 }] redraw handler end
[SystemTime { tv_sec: 1790344794, tv_nsec: 24308608 }] window event WindowId(31457284) keyboard physical=Code(ArrowDown) logical=Named(ArrowDown) state=Pressed repeat=false text=None synthetic=false
[SystemTime { tv_sec: 1790344794, tv_nsec: 24586738 }] window event WindowId(31457284) redraw requested
[SystemTime { tv_sec: 1790344794, tv_nsec: 24652565 }] native frame round hosts=[WindowId(31457284)]
[SystemTime { tv_sec: 1790344794, tv_nsec: 24710215 }] redraw handler begin
[SystemTime { tv_sec: 1790344794, tv_nsec: 24886156 }] native_surface_lifecycle {"acquire_attempts":35,"acquired":35,"active":0,"configuration_generation":1,"configure_attempts":1,"configured_extent":[1280,800],"discarded":0,"frame_submission_receipts_issued":44,"frame_submissions":35,"gpu_completed_through_receipt":43,"host":1,"last_frame_submission_receipt":44,"last_present_receipt":44,"presented":35,"queue_epoch":1,"reason":"wait_queue","wgpu_submission":"Some(SubmissionIndex { index: 44 })","window":"WindowId(31457284)"}
[SystemTime { tv_sec: 1790344794, tv_nsec: 24968885 }] native redraw ledger {"attempts":59,"counts":{"coalesced":2,"duplicate_tokens":0,"presentations":35,"received":59,"requested":59,"suppressed":38},"damage":49,"device_generation":1,"host_generation":1,"pending":false,"presented_damage":48,"ready":false,"reason":"not_presented","rendering":null,"window":"WindowId(31457284)"}
[SystemTime { tv_sec: 1790344794, tv_nsec: 27420003 }] native queue progress epoch=1 submitted=44 completed=44
[SystemTime { tv_sec: 1790344794, tv_nsec: 27517428 }] native attachment ledger {"attachments":{"allocations":[{"allocation":1,"host":1,"last_submission":44,"owner":8,"payload_bytes":32768000,"release_reason":null}],"completed_retirements":5,"current_payload_bytes":32768000,"device_loss_confirmed":false,"device_loss_retirements":0,"observed_allocations":6,"peak_payload_bytes":54886400,"retiring_payload_bytes":0,"unknown_payload_allocations":0},"queue_epoch":1}
[SystemTime { tv_sec: 1790344794, tv_nsec: 29052383 }] window event WindowId(31457284) redraw requested
[SystemTime { tv_sec: 1790344794, tv_nsec: 29126572 }] native frame round hosts=[WindowId(31457284)]
[SystemTime { tv_sec: 1790344794, tv_nsec: 29203698 }] redraw handler begin
[SystemTime { tv_sec: 1790344794, tv_nsec: 29294785 }] render scene prepare begin retained_cached=true
[SystemTime { tv_sec: 1790344794, tv_nsec: 29347760 }] prepared scene build begin
[SystemTime { tv_sec: 1790344794, tv_nsec: 29780980 }] native control_meshes window=WindowId(31457284) builds=1
[SystemTime { tv_sec: 1790344794, tv_nsec: 29838827 }] prepared scene build end 0ms
[SystemTime { tv_sec: 1790344794, tv_nsec: 29894820 }] renderer render begin
[SystemTime { tv_sec: 1790344794, tv_nsec: 31561875 }] native_surface_lifecycle {"acquire_attempts":36,"acquired":36,"active":1,"configuration_generation":1,"configure_attempts":1,"configured_extent":[1280,800],"discarded":0,"frame_submission_receipts_issued":45,"frame_submissions":36,"gpu_completed_through_receipt":44,"host":1,"last_frame_submission_receipt":45,"last_present_receipt":44,"presented":35,"queue_epoch":1,"reason":"submit","wgpu_submission":"Some(SubmissionIndex { index: 45 })","window":"WindowId(31457284)"}
[SystemTime { tv_sec: 1790344794, tv_nsec: 31647024 }] native upload frame window=WindowId(31457284) host=1 renderer=1 queue_epoch=1 surface_generation=1 acquisition=36 submission=45 receipt=Some(UploadFrame { consumers: {"MAIN", "BOARD", "LAYERS", "NAV", "INSPECTOR", "MENU", "TERMINAL"}, owner: 7, attempt: 37, rendered: Some(true), totals: UploadTotals { batches: 1, buffer_payload_bytes: 360, texture_source_bytes: 0, texture_padding_bytes: 0, scatter_index_bytes: 0, staging_capacity_bytes: 360, buffer_copy_bytes: 360, buffer_copies: 37, texture_copies: 0, scatter_dispatches: 0 } })
[SystemTime { tv_sec: 1790344794, tv_nsec: 31735980 }] native font ownership window=WindowId(31457284) usage=Usage { allocation: Usage { allocator_installed: true, owner_id: 3, label: "renderer-fonts-and-shapes", payload_bytes: 924302, tracking_bytes: 88520, allocations: 11063, peak_payload_bytes: 925507, owner_metadata_bytes: 96 }, returned_shape_bytes: 178048, private_bytes: Some(834774), fixed_font_bytes: Some(772070), cache_reserved_bytes: 62704, last_call: Some(Report { call_id: 3827, owner_id: 3, allocator_installed: true, host_initial_bytes: 342664, host_final_bytes: 342664, process_initial_bytes: 342664, process_final_bytes: 342664, initial_bytes: 62704, final_bytes: 63880, peak_bytes: 64029, host_peak_bytes: 342664, process_peak_bytes: 342664, exceeded: false }) } measurement=Some(Usage { allocation: Usage { allocator_installed: true, owner_id: 13, label: "text-measurement", payload_bytes: 734742, tracking_bytes: 84216, allocations: 10525, peak_payload_bytes: 748214, owner_metadata_bytes: 96 }, returned_shape_bytes: 0, private_bytes: Some(818958), fixed_font_bytes: Some(772070), cache_reserved_bytes: 46888, last_call: Some(Report { call_id: 1173, owner_id: 13, allocator_installed: true, host_initial_bytes: 367656, host_final_bytes: 367656, process_initial_bytes: 367656, process_final_bytes: 367656, initial_bytes: 46888, final_bytes: 46888, peak_bytes: 54192, host_peak_bytes: 367656, process_peak_bytes: 367656, exceeded: false }) }) process_registry_bytes=RegistryUsage { registry_heap_bytes: 136, scope_owner_bytes: 1152, call_slots_static_bytes: 9752 }
[SystemTime { tv_sec: 1790344794, tv_nsec: 31816760 }] native attachment ledger {"attachments":{"allocations":[{"allocation":1,"host":1,"last_submission":45,"owner":8,"payload_bytes":32768000,"release_reason":null}],"completed_retirements":5,"current_payload_bytes":32768000,"device_loss_confirmed":false,"device_loss_retirements":0,"observed_allocations":6,"peak_payload_bytes":54886400,"retiring_payload_bytes":0,"unknown_payload_allocations":0},"queue_epoch":1}
[SystemTime { tv_sec: 1790344794, tv_nsec: 31886301 }] native surface attachment {"allocation":1,"allocations_created":1,"extent":[1280,800],"format":"Bgra8UnormSrgb","gpu_retirement_qualified":false,"host":1,"owner":8,"payload_bytes":32768000,"queue_epoch":1,"samples":8,"state":"current_renderer_reference","window":"WindowId(31457284)"}
[SystemTime { tv_sec: 1790344794, tv_nsec: 31939560 }] renderer render end 2ms
[SystemTime { tv_sec: 1790344794, tv_nsec: 31992190 }] frame present begin
[SystemTime { tv_sec: 1790344794, tv_nsec: 32162201 }] native_surface_lifecycle {"acquire_attempts":36,"acquired":36,"active":0,"configuration_generation":1,"configure_attempts":1,"configured_extent":[1280,800],"discarded":0,"frame_submission_receipts_issued":45,"frame_submissions":36,"gpu_completed_through_receipt":44,"host":1,"last_frame_submission_receipt":45,"last_present_receipt":45,"presented":36,"queue_epoch":1,"reason":"present","wgpu_submission":"Some(SubmissionIndex { index: 45 })","window":"WindowId(31457284)"}
[SystemTime { tv_sec: 1790344794, tv_nsec: 32273763 }] frame present end 0ms total=2ms
[SystemTime { tv_sec: 1790344794, tv_nsec: 32403794 }] native redraw ledger {"attempts":60,"counts":{"coalesced":2,"duplicate_tokens":0,"presentations":36,"received":60,"requested":60,"suppressed":39},"damage":49,"device_generation":1,"host_generation":1,"pending":false,"presented_damage":49,"ready":false,"reason":"presented","rendering":null,"window":"WindowId(31457284)"}
[SystemTime { tv_sec: 1790344794, tv_nsec: 32462454 }] redraw handler end
[SystemTime { tv_sec: 1790344794, tv_nsec: 34894349 }] window event WindowId(31457284) keyboard physical=Code(ArrowDown) logical=Named(ArrowDown) state=Released repeat=false text=None synthetic=false
[SystemTime { tv_sec: 1790344794, tv_nsec: 34997588 }] window event WindowId(31457284) redraw requested
[SystemTime { tv_sec: 1790344794, tv_nsec: 35052434 }] native frame round hosts=[WindowId(31457284)]
[SystemTime { tv_sec: 1790344794, tv_nsec: 35100258 }] redraw handler begin
[SystemTime { tv_sec: 1790344794, tv_nsec: 35207699 }] native_surface_lifecycle {"acquire_attempts":36,"acquired":36,"active":0,"configuration_generation":1,"configure_attempts":1,"configured_extent":[1280,800],"discarded":0,"frame_submission_receipts_issued":45,"frame_submissions":36,"gpu_completed_through_receipt":44,"host":1,"last_frame_submission_receipt":45,"last_present_receipt":45,"presented":36,"queue_epoch":1,"reason":"wait_queue","wgpu_submission":"Some(SubmissionIndex { index: 45 })","window":"WindowId(31457284)"}
[SystemTime { tv_sec: 1790344794, tv_nsec: 35278868 }] native redraw ledger {"attempts":61,"counts":{"coalesced":2,"duplicate_tokens":0,"presentations":36,"received":61,"requested":61,"suppressed":39},"damage":50,"device_generation":1,"host_generation":1,"pending":false,"presented_damage":49,"ready":false,"reason":"not_presented","rendering":null,"window":"WindowId(31457284)"}
[SystemTime { tv_sec: 1790344794, tv_nsec: 45652424 }] window event WindowId(31457284) keyboard physical=Code(Enter) logical=Named(Enter) state=Pressed repeat=false text=Some("\r") synthetic=false
[SystemTime { tv_sec: 1790344794, tv_nsec: 54047391 }] window event WindowId(31457284) redraw requested
[SystemTime { tv_sec: 1790344794, tv_nsec: 61919952 }] surface identity window=WindowId(31457392) window_backend=x11 gpu_backend=Vulkan adapter="Intel(R) HD Graphics P630 (KBL GT2)" device_type=IntegratedGpu driver="Intel open-source Mesa driver" driver_info="Mesa 25.0.7-2+deb13u1"
[SystemTime { tv_sec: 1790344794, tv_nsec: 75174054 }] native frame round hosts=[WindowId(31457284)]
[SystemTime { tv_sec: 1790344794, tv_nsec: 75241213 }] redraw handler begin
[SystemTime { tv_sec: 1790344794, tv_nsec: 75449757 }] render scene prepare begin retained_cached=true
[SystemTime { tv_sec: 1790344794, tv_nsec: 75510415 }] prepared scene build begin
[SystemTime { tv_sec: 1790344794, tv_nsec: 75907217 }] native control_meshes window=WindowId(31457284) builds=1
[SystemTime { tv_sec: 1790344794, tv_nsec: 75949895 }] prepared scene build end 0ms
[SystemTime { tv_sec: 1790344794, tv_nsec: 76000888 }] renderer render begin
[SystemTime { tv_sec: 1790344794, tv_nsec: 77361501 }] native_surface_lifecycle {"acquire_attempts":37,"acquired":37,"active":1,"configuration_generation":1,"configure_attempts":1,"configured_extent":[1280,800],"discarded":0,"frame_submission_receipts_issued":46,"frame_submissions":37,"gpu_completed_through_receipt":45,"host":1,"last_frame_submission_receipt":46,"last_present_receipt":45,"presented":36,"queue_epoch":1,"reason":"submit","wgpu_submission":"Some(SubmissionIndex { index: 46 })","window":"WindowId(31457284)"}
[SystemTime { tv_sec: 1790344794, tv_nsec: 77420886 }] native upload frame window=WindowId(31457284) host=1 renderer=1 queue_epoch=1 surface_generation=1 acquisition=37 submission=46 receipt=Some(UploadFrame { consumers: {"MAIN", "BOARD", "LAYERS", "NAV", "INSPECTOR", "MENU", "TERMINAL"}, owner: 7, attempt: 38, rendered: Some(true), totals: UploadTotals { batches: 1, buffer_payload_bytes: 4384, texture_source_bytes: 0, texture_padding_bytes: 0, scatter_index_bytes: 4368, staging_capacity_bytes: 17488, buffer_copy_bytes: 8752, buffer_copies: 5, texture_copies: 0, scatter_dispatches: 1 } })
[SystemTime { tv_sec: 1790344794, tv_nsec: 77472858 }] native font ownership window=WindowId(31457284) usage=Usage { allocation: Usage { allocator_installed: true, owner_id: 3, label: "renderer-fonts-and-shapes", payload_bytes: 924302, tracking_bytes: 88520, allocations: 11063, peak_payload_bytes: 925507, owner_metadata_bytes: 96 }, returned_shape_bytes: 178048, private_bytes: Some(834774), fixed_font_bytes: Some(772070), cache_reserved_bytes: 62704, last_call: Some(Report { call_id: 3827, owner_id: 3, allocator_installed: true, host_initial_bytes: 342664, host_final_bytes: 342664, process_initial_bytes: 342664, process_final_bytes: 342664, initial_bytes: 62704, final_bytes: 63880, peak_bytes: 64029, host_peak_bytes: 342664, process_peak_bytes: 342664, exceeded: false }) } measurement=Some(Usage { allocation: Usage { allocator_installed: true, owner_id: 13, label: "text-measurement", payload_bytes: 734742, tracking_bytes: 84216, allocations: 10525, peak_payload_bytes: 748214, owner_metadata_bytes: 96 }, returned_shape_bytes: 0, private_bytes: Some(818958), fixed_font_bytes: Some(772070), cache_reserved_bytes: 46888, last_call: Some(Report { call_id: 1173, owner_id: 13, allocator_installed: true, host_initial_bytes: 367656, host_final_bytes: 367656, process_initial_bytes: 367656, process_final_bytes: 367656, initial_bytes: 46888, final_bytes: 46888, peak_bytes: 54192, host_peak_bytes: 367656, process_peak_bytes: 367656, exceeded: false }) }) process_registry_bytes=RegistryUsage { registry_heap_bytes: 136, scope_owner_bytes: 1152, call_slots_static_bytes: 9752 }
[SystemTime { tv_sec: 1790344794, tv_nsec: 77537274 }] native attachment ledger {"attachments":{"allocations":[{"allocation":1,"host":1,"last_submission":46,"owner":8,"payload_bytes":32768000,"release_reason":null}],"completed_retirements":5,"current_payload_bytes":32768000,"device_loss_confirmed":false,"device_loss_retirements":0,"observed_allocations":6,"peak_payload_bytes":54886400,"retiring_payload_bytes":0,"unknown_payload_allocations":0},"queue_epoch":1}
[SystemTime { tv_sec: 1790344794, tv_nsec: 77584843 }] native surface attachment {"allocation":1,"allocations_created":1,"extent":[1280,800],"format":"Bgra8UnormSrgb","gpu_retirement_qualified":false,"host":1,"owner":8,"payload_bytes":32768000,"queue_epoch":1,"samples":8,"state":"current_renderer_reference","window":"WindowId(31457284)"}
[SystemTime { tv_sec: 1790344794, tv_nsec: 77621490 }] renderer render end 1ms
[SystemTime { tv_sec: 1790344794, tv_nsec: 77657146 }] frame present begin
[SystemTime { tv_sec: 1790344794, tv_nsec: 77777187 }] native_surface_lifecycle {"acquire_attempts":37,"acquired":37,"active":0,"configuration_generation":1,"configure_attempts":1,"configured_extent":[1280,800],"discarded":0,"frame_submission_receipts_issued":46,"frame_submissions":37,"gpu_completed_through_receipt":45,"host":1,"last_frame_submission_receipt":46,"last_present_receipt":46,"presented":37,"queue_epoch":1,"reason":"present","wgpu_submission":"Some(SubmissionIndex { index: 46 })","window":"WindowId(31457284)"}
[SystemTime { tv_sec: 1790344794, tv_nsec: 77839562 }] frame present end 0ms total=2ms
[SystemTime { tv_sec: 1790344794, tv_nsec: 77923388 }] native redraw ledger {"attempts":62,"counts":{"coalesced":2,"duplicate_tokens":0,"presentations":37,"received":62,"requested":62,"suppressed":40},"damage":51,"device_generation":1,"host_generation":1,"pending":false,"presented_damage":51,"ready":false,"reason":"presented","rendering":null,"window":"WindowId(31457284)"}
[SystemTime { tv_sec: 1790344794, tv_nsec: 77975379 }] redraw handler end
[SystemTime { tv_sec: 1790344794, tv_nsec: 78148420 }] native queue progress epoch=1 submitted=46 completed=45
[SystemTime { tv_sec: 1790344794, tv_nsec: 78206215 }] native attachment ledger {"attachments":{"allocations":[{"allocation":1,"host":1,"last_submission":46,"owner":8,"payload_bytes":32768000,"release_reason":null}],"completed_retirements":5,"current_payload_bytes":32768000,"device_loss_confirmed":false,"device_loss_retirements":0,"observed_allocations":6,"peak_payload_bytes":54886400,"retiring_payload_bytes":0,"unknown_payload_allocations":0},"queue_epoch":1}
[SystemTime { tv_sec: 1790344794, tv_nsec: 78307676 }] window event WindowId(31457392) ime Disabled
[SystemTime { tv_sec: 1790344794, tv_nsec: 78377242 }] window event WindowId(31457284) keyboard physical=Code(Enter) logical=Named(Enter) state=Released repeat=false text=Some("\r") synthetic=false
[SystemTime { tv_sec: 1790344794, tv_nsec: 78840924 }] window event WindowId(31457392) redraw requested
[SystemTime { tv_sec: 1790344794, tv_nsec: 79007872 }] native frame round hosts=[WindowId(31457392)]
[SystemTime { tv_sec: 1790344794, tv_nsec: 79103307 }] native_surface_lifecycle {"acquire_attempts":0,"acquired":0,"active":0,"configuration_generation":0,"configure_attempts":0,"configured_extent":null,"discarded":0,"frame_submission_receipts_issued":46,"frame_submissions":0,"gpu_completed_through_receipt":45,"host":7,"last_frame_submission_receipt":0,"last_present_receipt":0,"presented":0,"queue_epoch":1,"reason":"wait_queue","wgpu_submission":"None","window":"WindowId(31457392)"}
[SystemTime { tv_sec: 1790344794, tv_nsec: 79169179 }] native redraw ledger {"attempts":1,"counts":{"coalesced":1,"duplicate_tokens":0,"presentations":0,"received":1,"requested":1,"suppressed":0},"damage":3,"device_generation":1,"host_generation":7,"pending":false,"presented_damage":0,"ready":false,"reason":"not_presented","rendering":null,"window":"WindowId(31457392)"}
[SystemTime { tv_sec: 1790344794, tv_nsec: 81870207 }] window event WindowId(31457392) focused false
[SystemTime { tv_sec: 1790344794, tv_nsec: 82033001 }] window event WindowId(31457392) occluded false
[SystemTime { tv_sec: 1790344794, tv_nsec: 82156924 }] window event WindowId(31457392) redraw requested
[SystemTime { tv_sec: 1790344794, tv_nsec: 85650865 }] window event WindowId(31457284) modifiers changed ModifiersState(0x0)
[SystemTime { tv_sec: 1790344794, tv_nsec: 85968581 }] window event WindowId(31457284) focused false
[SystemTime { tv_sec: 1790344794, tv_nsec: 86221687 }] window event WindowId(31457392) focused true
[SystemTime { tv_sec: 1790344794, tv_nsec: 86751550 }] window event WindowId(31457392) modifiers changed ModifiersState(0x0)
[SystemTime { tv_sec: 1790344794, tv_nsec: 86800821 }] window event WindowId(31457392) cursor moved 467.00,170.00
[SystemTime { tv_sec: 1790344794, tv_nsec: 86843259 }] window event WindowId(31457392) occluded false
[SystemTime { tv_sec: 1790344794, tv_nsec: 87226682 }] window event WindowId(31457392) resized 960x720
[SystemTime { tv_sec: 1790344794, tv_nsec: 87278559 }] window event WindowId(31457392) redraw requested
[SystemTime { tv_sec: 1790344794, tv_nsec: 87318253 }] native frame round hosts=[WindowId(31457392)]
[SystemTime { tv_sec: 1790344794, tv_nsec: 87477373 }] surface configure begin
[SystemTime { tv_sec: 1790344794, tv_nsec: 92739349 }] surface configure end
[SystemTime { tv_sec: 1790344794, tv_nsec: 92777975 }] native queue configured host=7 configurations=7 submitted=46 completed=46
[SystemTime { tv_sec: 1790344794, tv_nsec: 92958323 }] native control_meshes window=WindowId(31457392) builds=18
[SystemTime { tv_sec: 1790344794, tv_nsec: 102101128 }] native_surface_lifecycle {"acquire_attempts":1,"acquired":1,"active":1,"configuration_generation":1,"configure_attempts":1,"configured_extent":[960,720],"discarded":0,"frame_submission_receipts_issued":47,"frame_submissions":1,"gpu_completed_through_receipt":46,"host":7,"last_frame_submission_receipt":47,"last_present_receipt":0,"presented":0,"queue_epoch":1,"reason":"submit","wgpu_submission":"Some(SubmissionIndex { index: 47 })","window":"WindowId(31457392)"}
[SystemTime { tv_sec: 1790344794, tv_nsec: 102150069 }] native upload frame window=WindowId(31457392) host=7 renderer=7 queue_epoch=1 surface_generation=1 acquisition=1 submission=47 receipt=Some(UploadFrame { consumers: {"PROJECT"}, owner: 170, attempt: 1, rendered: Some(true), totals: UploadTotals { batches: 1, buffer_payload_bytes: 81208, texture_source_bytes: 10748, texture_padding_bytes: 482308, scatter_index_bytes: 0, staging_capacity_bytes: 574264, buffer_copy_bytes: 81208, buffer_copies: 3, texture_copies: 267, scatter_dispatches: 0 } })
[SystemTime { tv_sec: 1790344794, tv_nsec: 102178896 }] native font ownership window=WindowId(31457392) usage=Usage { allocation: Usage { allocator_installed: true, owner_id: 39, label: "renderer-fonts-and-shapes", payload_bytes: 933174, tracking_bytes: 86800, allocations: 10848, peak_payload_bytes: 933285, owner_metadata_bytes: 96 }, returned_shape_bytes: 201016, private_bytes: Some(818958), fixed_font_bytes: Some(772070), cache_reserved_bytes: 46888, last_call: Some(Report { call_id: 4417, owner_id: 39, allocator_installed: true, host_initial_bytes: 313014, host_final_bytes: 313052, process_initial_bytes: 616710, process_final_bytes: 616748, initial_bytes: 46888, final_bytes: 46888, peak_bytes: 46888, host_peak_bytes: 313052, process_peak_bytes: 616748, exceeded: false }) } measurement=None process_registry_bytes=RegistryUsage { registry_heap_bytes: 136, scope_owner_bytes: 1152, call_slots_static_bytes: 9752 }
[SystemTime { tv_sec: 1790344794, tv_nsec: 102220638 }] native attachment ledger {"attachments":{"allocations":[{"allocation":1,"host":1,"last_submission":46,"owner":8,"payload_bytes":32768000,"release_reason":null},{"allocation":1,"host":7,"last_submission":47,"owner":171,"payload_bytes":22118400,"release_reason":null}],"completed_retirements":5,"current_payload_bytes":54886400,"device_loss_confirmed":false,"device_loss_retirements":0,"observed_allocations":7,"peak_payload_bytes":54886400,"retiring_payload_bytes":0,"unknown_payload_allocations":0},"queue_epoch":1}
[SystemTime { tv_sec: 1790344794, tv_nsec: 102249397 }] native surface attachment {"allocation":1,"allocations_created":1,"extent":[960,720],"format":"Bgra8UnormSrgb","gpu_retirement_qualified":false,"host":7,"owner":171,"payload_bytes":22118400,"queue_epoch":1,"samples":8,"state":"current_renderer_reference","window":"WindowId(31457392)"}
[SystemTime { tv_sec: 1790344794, tv_nsec: 102342270 }] native_surface_lifecycle {"acquire_attempts":1,"acquired":1,"active":0,"configuration_generation":1,"configure_attempts":1,"configured_extent":[960,720],"discarded":0,"frame_submission_receipts_issued":47,"frame_submissions":1,"gpu_completed_through_receipt":46,"host":7,"last_frame_submission_receipt":47,"last_present_receipt":47,"presented":1,"queue_epoch":1,"reason":"present","wgpu_submission":"Some(SubmissionIndex { index: 47 })","window":"WindowId(31457392)"}
[SystemTime { tv_sec: 1790344794, tv_nsec: 102385136 }] native redraw ledger {"attempts":2,"counts":{"coalesced":1,"duplicate_tokens":0,"presentations":1,"received":3,"requested":1,"suppressed":1},"damage":3,"device_generation":1,"host_generation":7,"pending":false,"presented_damage":3,"ready":false,"reason":"presented","rendering":null,"window":"WindowId(31457392)"}
[SystemTime { tv_sec: 1790344794, tv_nsec: 102542910 }] native queue progress epoch=1 submitted=47 completed=46
[SystemTime { tv_sec: 1790344794, tv_nsec: 102585605 }] native attachment ledger {"attachments":{"allocations":[{"allocation":1,"host":1,"last_submission":46,"owner":8,"payload_bytes":32768000,"release_reason":null},{"allocation":1,"host":7,"last_submission":47,"owner":171,"payload_bytes":22118400,"release_reason":null}],"completed_retirements":5,"current_payload_bytes":54886400,"device_loss_confirmed":false,"device_loss_retirements":0,"observed_allocations":7,"peak_payload_bytes":54886400,"retiring_payload_bytes":0,"unknown_payload_allocations":0},"queue_epoch":1}
[SystemTime { tv_sec: 1790344794, tv_nsec: 124940572 }] native queue progress epoch=1 submitted=47 completed=47
[SystemTime { tv_sec: 1790344794, tv_nsec: 125017191 }] native attachment ledger {"attachments":{"allocations":[{"allocation":1,"host":1,"last_submission":46,"owner":8,"payload_bytes":32768000,"release_reason":null},{"allocation":1,"host":7,"last_submission":47,"owner":171,"payload_bytes":22118400,"release_reason":null}],"completed_retirements":5,"current_payload_bytes":54886400,"device_loss_confirmed":false,"device_loss_retirements":0,"observed_allocations":7,"peak_payload_bytes":54886400,"retiring_payload_bytes":0,"unknown_payload_allocations":0},"queue_epoch":1}
[SystemTime { tv_sec: 1790344794, tv_nsec: 136280480 }] window event WindowId(31457392) keyboard physical=Code(Escape) logical=Named(Escape) state=Pressed repeat=false text=Some("\u{1b}") synthetic=false
[SystemTime { tv_sec: 1790344794, tv_nsec: 136384825 }] window event WindowId(31457392) redraw requested
[SystemTime { tv_sec: 1790344794, tv_nsec: 136416179 }] window event WindowId(31457284) redraw requested
[SystemTime { tv_sec: 1790344794, tv_nsec: 136567757 }] native redraw ledger {"attempts":2,"counts":{"coalesced":1,"duplicate_tokens":0,"presentations":1,"received":4,"requested":2,"suppressed":1},"damage":4,"device_generation":1,"host_generation":7,"pending":true,"presented_damage":3,"ready":true,"reason":"closed","rendering":null,"window":"WindowId(31457392)"}
[SystemTime { tv_sec: 1790344794, tv_nsec: 143164255 }] native_surface_lifecycle {"acquire_attempts":1,"acquired":1,"active":0,"configuration_generation":1,"configure_attempts":1,"configured_extent":[960,720],"discarded":0,"frame_submission_receipts_issued":47,"frame_submissions":1,"gpu_completed_through_receipt":47,"host":7,"last_frame_submission_receipt":47,"last_present_receipt":47,"presented":1,"queue_epoch":1,"reason":"owner_drop","wgpu_submission":"Some(SubmissionIndex { index: 47 })","window":"WindowId(31457392)"}
[SystemTime { tv_sec: 1790344794, tv_nsec: 143214580 }] native attachment ledger {"attachments":{"allocations":[{"allocation":1,"host":1,"last_submission":46,"owner":8,"payload_bytes":32768000,"release_reason":null}],"completed_retirements":6,"current_payload_bytes":32768000,"device_loss_confirmed":false,"device_loss_retirements":0,"observed_allocations":7,"peak_payload_bytes":54886400,"retiring_payload_bytes":0,"unknown_payload_allocations":0},"queue_epoch":1}
[SystemTime { tv_sec: 1790344794, tv_nsec: 143555090 }] native frame round hosts=[WindowId(31457284)]
[SystemTime { tv_sec: 1790344794, tv_nsec: 143578937 }] redraw handler begin
[SystemTime { tv_sec: 1790344794, tv_nsec: 143612722 }] render scene prepare begin retained_cached=true
[SystemTime { tv_sec: 1790344794, tv_nsec: 143634030 }] prepared scene build begin
[SystemTime { tv_sec: 1790344794, tv_nsec: 143938382 }] native control_meshes window=WindowId(31457284) builds=1
[SystemTime { tv_sec: 1790344794, tv_nsec: 143959636 }] prepared scene build end 0ms
[SystemTime { tv_sec: 1790344794, tv_nsec: 144002431 }] renderer render begin
[SystemTime { tv_sec: 1790344794, tv_nsec: 145045778 }] native_surface_lifecycle {"acquire_attempts":38,"acquired":38,"active":1,"configuration_generation":1,"configure_attempts":1,"configured_extent":[1280,800],"discarded":0,"frame_submission_receipts_issued":48,"frame_submissions":38,"gpu_completed_through_receipt":47,"host":1,"last_frame_submission_receipt":48,"last_present_receipt":46,"presented":37,"queue_epoch":1,"reason":"submit","wgpu_submission":"Some(SubmissionIndex { index: 48 })","window":"WindowId(31457284)"}
[SystemTime { tv_sec: 1790344794, tv_nsec: 145114241 }] native upload frame window=WindowId(31457284) host=1 renderer=1 queue_epoch=1 surface_generation=1 acquisition=38 submission=48 receipt=Some(UploadFrame { consumers: {"MAIN", "BOARD", "LAYERS", "NAV", "INSPECTOR", "MENU", "TERMINAL"}, owner: 7, attempt: 39, rendered: Some(true), totals: UploadTotals { batches: 1, buffer_payload_bytes: 12676, texture_source_bytes: 0, texture_padding_bytes: 0, scatter_index_bytes: 12604, staging_capacity_bytes: 50488, buffer_copy_bytes: 25280, buffer_copies: 19, texture_copies: 0, scatter_dispatches: 1 } })
[SystemTime { tv_sec: 1790344794, tv_nsec: 145155667 }] native font ownership window=WindowId(31457284) usage=Usage { allocation: Usage { allocator_installed: true, owner_id: 3, label: "renderer-fonts-and-shapes", payload_bytes: 925390, tracking_bytes: 88544, allocations: 11066, peak_payload_bytes: 925507, owner_metadata_bytes: 96 }, returned_shape_bytes: 179160, private_bytes: Some(834774), fixed_font_bytes: Some(772070), cache_reserved_bytes: 62704, last_call: Some(Report { call_id: 4418, owner_id: 3, allocator_installed: true, host_initial_bytes: 339856, host_final_bytes: 339856, process_initial_bytes: 339856, process_final_bytes: 339856, initial_bytes: 62704, final_bytes: 63816, peak_bytes: 63959, host_peak_bytes: 339856, process_peak_bytes: 339856, exceeded: false }) } measurement=Some(Usage { allocation: Usage { allocator_installed: true, owner_id: 13, label: "text-measurement", payload_bytes: 734742, tracking_bytes: 84216, allocations: 10525, peak_payload_bytes: 748214, owner_metadata_bytes: 96 }, returned_shape_bytes: 0, private_bytes: Some(818958), fixed_font_bytes: Some(772070), cache_reserved_bytes: 46888, last_call: Some(Report { call_id: 1173, owner_id: 13, allocator_installed: true, host_initial_bytes: 367656, host_final_bytes: 367656, process_initial_bytes: 367656, process_final_bytes: 367656, initial_bytes: 46888, final_bytes: 46888, peak_bytes: 54192, host_peak_bytes: 367656, process_peak_bytes: 367656, exceeded: false }) }) process_registry_bytes=RegistryUsage { registry_heap_bytes: 136, scope_owner_bytes: 1152, call_slots_static_bytes: 9752 }
[SystemTime { tv_sec: 1790344794, tv_nsec: 145201445 }] native attachment ledger {"attachments":{"allocations":[{"allocation":1,"host":1,"last_submission":48,"owner":8,"payload_bytes":32768000,"release_reason":null}],"completed_retirements":6,"current_payload_bytes":32768000,"device_loss_confirmed":false,"device_loss_retirements":0,"observed_allocations":7,"peak_payload_bytes":54886400,"retiring_payload_bytes":0,"unknown_payload_allocations":0},"queue_epoch":1}
[SystemTime { tv_sec: 1790344794, tv_nsec: 145235530 }] native surface attachment {"allocation":1,"allocations_created":1,"extent":[1280,800],"format":"Bgra8UnormSrgb","gpu_retirement_qualified":false,"host":1,"owner":8,"payload_bytes":32768000,"queue_epoch":1,"samples":8,"state":"current_renderer_reference","window":"WindowId(31457284)"}
[SystemTime { tv_sec: 1790344794, tv_nsec: 145258306 }] renderer render end 1ms
[SystemTime { tv_sec: 1790344794, tv_nsec: 145280328 }] frame present begin
[SystemTime { tv_sec: 1790344794, tv_nsec: 145378196 }] native_surface_lifecycle {"acquire_attempts":38,"acquired":38,"active":0,"configuration_generation":1,"configure_attempts":1,"configured_extent":[1280,800],"discarded":0,"frame_submission_receipts_issued":48,"frame_submissions":38,"gpu_completed_through_receipt":47,"host":1,"last_frame_submission_receipt":48,"last_present_receipt":48,"presented":38,"queue_epoch":1,"reason":"present","wgpu_submission":"Some(SubmissionIndex { index: 48 })","window":"WindowId(31457284)"}
[SystemTime { tv_sec: 1790344794, tv_nsec: 145420668 }] frame present end 0ms total=1ms
[SystemTime { tv_sec: 1790344794, tv_nsec: 145472215 }] native redraw ledger {"attempts":63,"counts":{"coalesced":2,"duplicate_tokens":0,"presentations":38,"received":63,"requested":63,"suppressed":41},"damage":52,"device_generation":1,"host_generation":1,"pending":false,"presented_damage":52,"ready":false,"reason":"presented","rendering":null,"window":"WindowId(31457284)"}
[SystemTime { tv_sec: 1790344794, tv_nsec: 145498619 }] redraw handler end
[SystemTime { tv_sec: 1790344794, tv_nsec: 145902747 }] window event WindowId(31457284) focused true
[SystemTime { tv_sec: 1790344794, tv_nsec: 146272916 }] window event WindowId(31457284) modifiers changed ModifiersState(0x0)
[SystemTime { tv_sec: 1790344794, tv_nsec: 146315636 }] window event WindowId(31457284) cursor moved 148.00,16.00
[SystemTime { tv_sec: 1790344794, tv_nsec: 146545591 }] window event WindowId(31457284) modifiers changed ModifiersState(0x0)
[SystemTime { tv_sec: 1790344794, tv_nsec: 146785945 }] window event WindowId(31457284) focused false
[SystemTime { tv_sec: 1790344794, tv_nsec: 146988438 }] window event WindowId(31457284) focused true
[SystemTime { tv_sec: 1790344794, tv_nsec: 147354551 }] window event WindowId(31457284) modifiers changed ModifiersState(0x0)
[SystemTime { tv_sec: 1790344794, tv_nsec: 147392488 }] window event WindowId(31457284) cursor moved 148.00,16.00
[SystemTime { tv_sec: 1790344794, tv_nsec: 147632147 }] window event WindowId(31457284) keyboard physical=Code(Escape) logical=Named(Escape) state=Released repeat=false text=Some("\u{1b}") synthetic=false
[SystemTime { tv_sec: 1790344794, tv_nsec: 147667957 }] pan key physical=Code(Escape) logical=Named(Escape) state=Released repeat=false pointer_in_scene=false held=false consumed=false
[SystemTime { tv_sec: 1790344794, tv_nsec: 148131306 }] window event WindowId(31457392) destroyed
[SystemTime { tv_sec: 1790344794, tv_nsec: 158512349 }] native queue progress epoch=1 submitted=48 completed=48
[SystemTime { tv_sec: 1790344794, tv_nsec: 158564995 }] native attachment ledger {"attachments":{"allocations":[{"allocation":1,"host":1,"last_submission":48,"owner":8,"payload_bytes":32768000,"release_reason":null}],"completed_retirements":6,"current_payload_bytes":32768000,"device_loss_confirmed":false,"device_loss_retirements":0,"observed_allocations":7,"peak_payload_bytes":54886400,"retiring_payload_bytes":0,"unknown_payload_allocations":0},"queue_epoch":1}
[SystemTime { tv_sec: 1790344794, tv_nsec: 160245938 }] window event WindowId(31457284) cursor moved 110.00,16.00
[SystemTime { tv_sec: 1790344794, tv_nsec: 160302683 }] window event WindowId(31457284) modifiers changed ModifiersState(0x0)
[SystemTime { tv_sec: 1790344794, tv_nsec: 160336672 }] window event WindowId(31457284) mouse input Left Pressed
[SystemTime { tv_sec: 1790344794, tv_nsec: 160367884 }] pan primary pressed cursor=Some((110.0, 16.0)) pointer_in_scene=false held=false active=false
[SystemTime { tv_sec: 1790344794, tv_nsec: 160397972 }] window event WindowId(31457284) modifiers changed ModifiersState(0x0)
[SystemTime { tv_sec: 1790344794, tv_nsec: 160429584 }] window event WindowId(31457284) modifiers changed ModifiersState(0x0)
[SystemTime { tv_sec: 1790344794, tv_nsec: 160461940 }] window event WindowId(31457284) mouse input Left Released
[SystemTime { tv_sec: 1790344794, tv_nsec: 160492030 }] pan primary released cursor=Some((110.0, 16.0)) suppress_click=false
[SystemTime { tv_sec: 1790344794, tv_nsec: 160628823 }] window event WindowId(31457284) modifiers changed ModifiersState(0x0)
[SystemTime { tv_sec: 1790344794, tv_nsec: 160661114 }] window event WindowId(31457284) redraw requested
[SystemTime { tv_sec: 1790344794, tv_nsec: 160691115 }] native frame round hosts=[WindowId(31457284)]
[SystemTime { tv_sec: 1790344794, tv_nsec: 160717025 }] redraw handler begin
[SystemTime { tv_sec: 1790344794, tv_nsec: 160758387 }] render scene prepare begin retained_cached=true
[SystemTime { tv_sec: 1790344794, tv_nsec: 160784274 }] prepared scene build begin
[SystemTime { tv_sec: 1790344794, tv_nsec: 161231014 }] native control_meshes window=WindowId(31457284) builds=1
[SystemTime { tv_sec: 1790344794, tv_nsec: 161261391 }] prepared scene build end 0ms
[SystemTime { tv_sec: 1790344794, tv_nsec: 161290548 }] renderer render begin
[SystemTime { tv_sec: 1790344794, tv_nsec: 164187707 }] native_surface_lifecycle {"acquire_attempts":39,"acquired":39,"active":1,"configuration_generation":1,"configure_attempts":1,"configured_extent":[1280,800],"discarded":0,"frame_submission_receipts_issued":49,"frame_submissions":39,"gpu_completed_through_receipt":48,"host":1,"last_frame_submission_receipt":49,"last_present_receipt":48,"presented":38,"queue_epoch":1,"reason":"submit","wgpu_submission":"Some(SubmissionIndex { index: 49 })","window":"WindowId(31457284)"}
[SystemTime { tv_sec: 1790344794, tv_nsec: 164329482 }] native upload frame window=WindowId(31457284) host=1 renderer=1 queue_epoch=1 surface_generation=1 acquisition=39 submission=49 receipt=Some(UploadFrame { consumers: {"MAIN", "BOARD", "LAYERS", "NAV", "INSPECTOR", "MENU", "TERMINAL"}, owner: 7, attempt: 40, rendered: Some(true), totals: UploadTotals { batches: 1, buffer_payload_bytes: 22708, texture_source_bytes: 1520, texture_padding_bytes: 62224, scatter_index_bytes: 20788, staging_capacity_bytes: 148816, buffer_copy_bytes: 43496, buffer_copies: 4, texture_copies: 31, scatter_dispatches: 3 } })
[SystemTime { tv_sec: 1790344794, tv_nsec: 164376027 }] native font ownership window=WindowId(31457284) usage=Usage { allocation: Usage { allocator_installed: true, owner_id: 3, label: "renderer-fonts-and-shapes", payload_bytes: 947982, tracking_bytes: 89000, allocations: 11123, peak_payload_bytes: 948096, owner_metadata_bytes: 96 }, returned_shape_bytes: 202208, private_bytes: Some(834774), fixed_font_bytes: Some(772070), cache_reserved_bytes: 62704, last_call: Some(Report { call_id: 4516, owner_id: 3, allocator_installed: true, host_initial_bytes: 432796, host_final_bytes: 432864, process_initial_bytes: 432796, process_final_bytes: 432864, initial_bytes: 62704, final_bytes: 62704, peak_bytes: 62704, host_peak_bytes: 432864, process_peak_bytes: 432864, exceeded: false }) } measurement=Some(Usage { allocation: Usage { allocator_installed: true, owner_id: 13, label: "text-measurement", payload_bytes: 734742, tracking_bytes: 84216, allocations: 10525, peak_payload_bytes: 748214, owner_metadata_bytes: 96 }, returned_shape_bytes: 0, private_bytes: Some(818958), fixed_font_bytes: Some(772070), cache_reserved_bytes: 46888, last_call: Some(Report { call_id: 4432, owner_id: 13, allocator_installed: true, host_initial_bytes: 336632, host_final_bytes: 336632, process_initial_bytes: 336632, process_final_bytes: 336632, initial_bytes: 46888, final_bytes: 46888, peak_bytes: 49248, host_peak_bytes: 336632, process_peak_bytes: 336632, exceeded: false }) }) process_registry_bytes=RegistryUsage { registry_heap_bytes: 136, scope_owner_bytes: 1152, call_slots_static_bytes: 9752 }
[SystemTime { tv_sec: 1790344794, tv_nsec: 164446871 }] native attachment ledger {"attachments":{"allocations":[{"allocation":1,"host":1,"last_submission":49,"owner":8,"payload_bytes":32768000,"release_reason":null}],"completed_retirements":6,"current_payload_bytes":32768000,"device_loss_confirmed":false,"device_loss_retirements":0,"observed_allocations":7,"peak_payload_bytes":54886400,"retiring_payload_bytes":0,"unknown_payload_allocations":0},"queue_epoch":1}
[SystemTime { tv_sec: 1790344794, tv_nsec: 164483911 }] native surface attachment {"allocation":1,"allocations_created":1,"extent":[1280,800],"format":"Bgra8UnormSrgb","gpu_retirement_qualified":false,"host":1,"owner":8,"payload_bytes":32768000,"queue_epoch":1,"samples":8,"state":"current_renderer_reference","window":"WindowId(31457284)"}
[SystemTime { tv_sec: 1790344794, tv_nsec: 164511064 }] renderer render end 3ms
[SystemTime { tv_sec: 1790344794, tv_nsec: 164537725 }] frame present begin
[SystemTime { tv_sec: 1790344794, tv_nsec: 164634338 }] native_surface_lifecycle {"acquire_attempts":39,"acquired":39,"active":0,"configuration_generation":1,"configure_attempts":1,"configured_extent":[1280,800],"discarded":0,"frame_submission_receipts_issued":49,"frame_submissions":39,"gpu_completed_through_receipt":48,"host":1,"last_frame_submission_receipt":49,"last_present_receipt":49,"presented":39,"queue_epoch":1,"reason":"present","wgpu_submission":"Some(SubmissionIndex { index: 49 })","window":"WindowId(31457284)"}
[SystemTime { tv_sec: 1790344794, tv_nsec: 164678245 }] frame present end 0ms total=3ms
[SystemTime { tv_sec: 1790344794, tv_nsec: 164720388 }] native redraw ledger {"attempts":64,"counts":{"coalesced":2,"duplicate_tokens":0,"presentations":39,"received":64,"requested":64,"suppressed":42},"damage":53,"device_generation":1,"host_generation":1,"pending":false,"presented_damage":53,"ready":false,"reason":"presented","rendering":null,"window":"WindowId(31457284)"}
[SystemTime { tv_sec: 1790344794, tv_nsec: 164747920 }] redraw handler end
[SystemTime { tv_sec: 1790344794, tv_nsec: 185857475 }] native queue progress epoch=1 submitted=49 completed=49
[SystemTime { tv_sec: 1790344794, tv_nsec: 185909787 }] native attachment ledger {"attachments":{"allocations":[{"allocation":1,"host":1,"last_submission":49,"owner":8,"payload_bytes":32768000,"release_reason":null}],"completed_retirements":6,"current_payload_bytes":32768000,"device_loss_confirmed":false,"device_loss_retirements":0,"observed_allocations":7,"peak_payload_bytes":54886400,"retiring_payload_bytes":0,"unknown_payload_allocations":0},"queue_epoch":1}
[SystemTime { tv_sec: 1790344794, tv_nsec: 268271330 }] window event WindowId(31457284) keyboard physical=Code(Enter) logical=Named(Enter) state=Pressed repeat=false text=Some("\r") synthetic=false
[SystemTime { tv_sec: 1790344794, tv_nsec: 269064086 }] window event WindowId(31457284) redraw requested
[SystemTime { tv_sec: 1790344794, tv_nsec: 275741248 }] surface identity window=WindowId(31457410) window_backend=x11 gpu_backend=Vulkan adapter="Intel(R) HD Graphics P630 (KBL GT2)" device_type=IntegratedGpu driver="Intel open-source Mesa driver" driver_info="Mesa 25.0.7-2+deb13u1"
[SystemTime { tv_sec: 1790344794, tv_nsec: 287365286 }] native frame round hosts=[WindowId(31457284)]
[SystemTime { tv_sec: 1790344794, tv_nsec: 287428090 }] redraw handler begin
[SystemTime { tv_sec: 1790344794, tv_nsec: 287505068 }] render scene prepare begin retained_cached=true
[SystemTime { tv_sec: 1790344794, tv_nsec: 287560013 }] prepared scene build begin
[SystemTime { tv_sec: 1790344794, tv_nsec: 288049759 }] native control_meshes window=WindowId(31457284) builds=1
[SystemTime { tv_sec: 1790344794, tv_nsec: 288127692 }] prepared scene build end 0ms
[SystemTime { tv_sec: 1790344794, tv_nsec: 288197192 }] renderer render begin
[SystemTime { tv_sec: 1790344794, tv_nsec: 290234814 }] native_surface_lifecycle {"acquire_attempts":40,"acquired":40,"active":1,"configuration_generation":1,"configure_attempts":1,"configured_extent":[1280,800],"discarded":0,"frame_submission_receipts_issued":50,"frame_submissions":40,"gpu_completed_through_receipt":49,"host":1,"last_frame_submission_receipt":50,"last_present_receipt":49,"presented":39,"queue_epoch":1,"reason":"submit","wgpu_submission":"Some(SubmissionIndex { index: 50 })","window":"WindowId(31457284)"}
[SystemTime { tv_sec: 1790344794, tv_nsec: 290380054 }] native upload frame window=WindowId(31457284) host=1 renderer=1 queue_epoch=1 surface_generation=1 acquisition=40 submission=50 receipt=Some(UploadFrame { consumers: {"MAIN", "BOARD", "LAYERS", "NAV", "INSPECTOR", "MENU", "TERMINAL"}, owner: 7, attempt: 41, rendered: Some(true), totals: UploadTotals { batches: 1, buffer_payload_bytes: 4384, texture_source_bytes: 0, texture_padding_bytes: 0, scatter_index_bytes: 4368, staging_capacity_bytes: 17488, buffer_copy_bytes: 8752, buffer_copies: 5, texture_copies: 0, scatter_dispatches: 1 } })
[SystemTime { tv_sec: 1790344794, tv_nsec: 290460778 }] native font ownership window=WindowId(31457284) usage=Usage { allocation: Usage { allocator_installed: true, owner_id: 3, label: "renderer-fonts-and-shapes", payload_bytes: 946894, tracking_bytes: 88976, allocations: 11120, peak_payload_bytes: 948096, owner_metadata_bytes: 96 }, returned_shape_bytes: 201096, private_bytes: Some(834774), fixed_font_bytes: Some(772070), cache_reserved_bytes: 62704, last_call: Some(Report { call_id: 4516, owner_id: 3, allocator_installed: true, host_initial_bytes: 432796, host_final_bytes: 432864, process_initial_bytes: 432796, process_final_bytes: 432864, initial_bytes: 62704, final_bytes: 62704, peak_bytes: 62704, host_peak_bytes: 432864, process_peak_bytes: 432864, exceeded: false }) } measurement=Some(Usage { allocation: Usage { allocator_installed: true, owner_id: 13, label: "text-measurement", payload_bytes: 734742, tracking_bytes: 84216, allocations: 10525, peak_payload_bytes: 748214, owner_metadata_bytes: 96 }, returned_shape_bytes: 0, private_bytes: Some(818958), fixed_font_bytes: Some(772070), cache_reserved_bytes: 46888, last_call: Some(Report { call_id: 4432, owner_id: 13, allocator_installed: true, host_initial_bytes: 336632, host_final_bytes: 336632, process_initial_bytes: 336632, process_final_bytes: 336632, initial_bytes: 46888, final_bytes: 46888, peak_bytes: 49248, host_peak_bytes: 336632, process_peak_bytes: 336632, exceeded: false }) }) process_registry_bytes=RegistryUsage { registry_heap_bytes: 136, scope_owner_bytes: 1152, call_slots_static_bytes: 9752 }
[SystemTime { tv_sec: 1790344794, tv_nsec: 290562618 }] native attachment ledger {"attachments":{"allocations":[{"allocation":1,"host":1,"last_submission":50,"owner":8,"payload_bytes":32768000,"release_reason":null}],"completed_retirements":6,"current_payload_bytes":32768000,"device_loss_confirmed":false,"device_loss_retirements":0,"observed_allocations":7,"peak_payload_bytes":54886400,"retiring_payload_bytes":0,"unknown_payload_allocations":0},"queue_epoch":1}
[SystemTime { tv_sec: 1790344794, tv_nsec: 290624071 }] native surface attachment {"allocation":1,"allocations_created":1,"extent":[1280,800],"format":"Bgra8UnormSrgb","gpu_retirement_qualified":false,"host":1,"owner":8,"payload_bytes":32768000,"queue_epoch":1,"samples":8,"state":"current_renderer_reference","window":"WindowId(31457284)"}
[SystemTime { tv_sec: 1790344794, tv_nsec: 290681466 }] renderer render end 2ms
[SystemTime { tv_sec: 1790344794, tv_nsec: 290726405 }] frame present begin
[SystemTime { tv_sec: 1790344794, tv_nsec: 290893503 }] native_surface_lifecycle {"acquire_attempts":40,"acquired":40,"active":0,"configuration_generation":1,"configure_attempts":1,"configured_extent":[1280,800],"discarded":0,"frame_submission_receipts_issued":50,"frame_submissions":40,"gpu_completed_through_receipt":49,"host":1,"last_frame_submission_receipt":50,"last_present_receipt":50,"presented":40,"queue_epoch":1,"reason":"present","wgpu_submission":"Some(SubmissionIndex { index: 50 })","window":"WindowId(31457284)"}
[SystemTime { tv_sec: 1790344794, tv_nsec: 290984065 }] frame present end 0ms total=3ms
[SystemTime { tv_sec: 1790344794, tv_nsec: 291050637 }] native redraw ledger {"attempts":65,"counts":{"coalesced":2,"duplicate_tokens":0,"presentations":40,"received":65,"requested":65,"suppressed":43},"damage":54,"device_generation":1,"host_generation":1,"pending":false,"presented_damage":54,"ready":false,"reason":"presented","rendering":null,"window":"WindowId(31457284)"}
[SystemTime { tv_sec: 1790344794, tv_nsec: 291094428 }] redraw handler end
[SystemTime { tv_sec: 1790344794, tv_nsec: 291411928 }] window event WindowId(31457410) ime Disabled
[SystemTime { tv_sec: 1790344794, tv_nsec: 291528633 }] window event WindowId(31457284) keyboard physical=Code(Enter) logical=Named(Enter) state=Released repeat=false text=Some("\r") synthetic=false
[SystemTime { tv_sec: 1790344794, tv_nsec: 292264397 }] window event WindowId(31457410) redraw requested
[SystemTime { tv_sec: 1790344794, tv_nsec: 292447082 }] native frame round hosts=[WindowId(31457410)]
[SystemTime { tv_sec: 1790344794, tv_nsec: 292573574 }] native_surface_lifecycle {"acquire_attempts":0,"acquired":0,"active":0,"configuration_generation":0,"configure_attempts":0,"configured_extent":null,"discarded":0,"frame_submission_receipts_issued":50,"frame_submissions":0,"gpu_completed_through_receipt":49,"host":8,"last_frame_submission_receipt":0,"last_present_receipt":0,"presented":0,"queue_epoch":1,"reason":"wait_queue","wgpu_submission":"None","window":"WindowId(31457410)"}
[SystemTime { tv_sec: 1790344794, tv_nsec: 292722910 }] native redraw ledger {"attempts":1,"counts":{"coalesced":0,"duplicate_tokens":0,"presentations":0,"received":1,"requested":1,"suppressed":0},"damage":2,"device_generation":1,"host_generation":8,"pending":false,"presented_damage":0,"ready":false,"reason":"not_presented","rendering":null,"window":"WindowId(31457410)"}
[SystemTime { tv_sec: 1790344794, tv_nsec: 300238728 }] window event WindowId(31457410) focused false
[SystemTime { tv_sec: 1790344794, tv_nsec: 300567649 }] window event WindowId(31457410) occluded false
[SystemTime { tv_sec: 1790344794, tv_nsec: 300769750 }] window event WindowId(31457410) redraw requested
[SystemTime { tv_sec: 1790344794, tv_nsec: 306687794 }] window event WindowId(31457284) modifiers changed ModifiersState(0x0)
[SystemTime { tv_sec: 1790344794, tv_nsec: 307371575 }] window event WindowId(31457284) focused false
[SystemTime { tv_sec: 1790344794, tv_nsec: 307881010 }] window event WindowId(31457410) focused true
[SystemTime { tv_sec: 1790344794, tv_nsec: 308770120 }] window event WindowId(31457410) modifiers changed ModifiersState(0x0)
[SystemTime { tv_sec: 1790344794, tv_nsec: 308884859 }] window event WindowId(31457410) cursor moved 429.00,170.00
[SystemTime { tv_sec: 1790344794, tv_nsec: 308956621 }] window event WindowId(31457410) occluded false
[SystemTime { tv_sec: 1790344794, tv_nsec: 310003780 }] window event WindowId(31457410) resized 760x720
[SystemTime { tv_sec: 1790344794, tv_nsec: 310094489 }] window event WindowId(31457410) redraw requested
[SystemTime { tv_sec: 1790344794, tv_nsec: 310160539 }] native frame round hosts=[WindowId(31457410)]
[SystemTime { tv_sec: 1790344794, tv_nsec: 310421866 }] surface configure begin
[SystemTime { tv_sec: 1790344794, tv_nsec: 318714859 }] surface configure end
[SystemTime { tv_sec: 1790344794, tv_nsec: 318779930 }] native queue configured host=8 configurations=8 submitted=50 completed=50
[SystemTime { tv_sec: 1790344794, tv_nsec: 323012211 }] native control_meshes window=WindowId(31457410) builds=8
[SystemTime { tv_sec: 1790344794, tv_nsec: 332893924 }] native_surface_lifecycle {"acquire_attempts":1,"acquired":1,"active":1,"configuration_generation":1,"configure_attempts":1,"configured_extent":[760,720],"discarded":0,"frame_submission_receipts_issued":51,"frame_submissions":1,"gpu_completed_through_receipt":50,"host":8,"last_frame_submission_receipt":51,"last_present_receipt":0,"presented":0,"queue_epoch":1,"reason":"submit","wgpu_submission":"Some(SubmissionIndex { index: 51 })","window":"WindowId(31457410)"}
[SystemTime { tv_sec: 1790344794, tv_nsec: 332960174 }] native upload frame window=WindowId(31457410) host=8 renderer=8 queue_epoch=1 surface_generation=1 acquisition=1 submission=51 receipt=Some(UploadFrame { consumers: {"NEW"}, owner: 193, attempt: 1, rendered: Some(true), totals: UploadTotals { batches: 1, buffer_payload_bytes: 38248, texture_source_bytes: 10266, texture_padding_bytes: 475622, scatter_index_bytes: 0, staging_capacity_bytes: 524136, buffer_copy_bytes: 38248, buffer_copies: 3, texture_copies: 266, scatter_dispatches: 0 } })
[SystemTime { tv_sec: 1790344794, tv_nsec: 333014340 }] native font ownership window=WindowId(31457410) usage=Usage { allocation: Usage { allocator_installed: true, owner_id: 43, label: "renderer-fonts-and-shapes", payload_bytes: 845046, tracking_bytes: 85808, allocations: 10724, peak_payload_bytes: 845160, owner_metadata_bytes: 96 }, returned_shape_bytes: 111896, private_bytes: Some(818958), fixed_font_bytes: Some(772070), cache_reserved_bytes: 46888, last_call: Some(Report { call_id: 5125, owner_id: 43, allocator_installed: true, host_initial_bytes: 250978, host_final_bytes: 251016, process_initial_bytes: 628402, process_final_bytes: 628440, initial_bytes: 46888, final_bytes: 46888, peak_bytes: 46888, host_peak_bytes: 251016, process_peak_bytes: 628440, exceeded: false }) } measurement=Some(Usage { allocation: Usage { allocator_installed: true, owner_id: 45, label: "text-measurement", payload_bytes: 703734, tracking_bytes: 84120, allocations: 10513, peak_payload_bytes: 712752, owner_metadata_bytes: 96 }, returned_shape_bytes: 0, private_bytes: Some(787854), fixed_font_bytes: Some(772070), cache_reserved_bytes: 15784, last_call: Some(Report { call_id: 4524, owner_id: 45, allocator_installed: true, host_initial_bytes: 58792, host_final_bytes: 58792, process_initial_bytes: 436216, process_final_bytes: 436216, initial_bytes: 15784, final_bytes: 15784, peak_bytes: 17376, host_peak_bytes: 58792, process_peak_bytes: 436216, exceeded: false }) }) process_registry_bytes=RegistryUsage { registry_heap_bytes: 136, scope_owner_bytes: 1248, call_slots_static_bytes: 9752 }
[SystemTime { tv_sec: 1790344794, tv_nsec: 333072993 }] native attachment ledger {"attachments":{"allocations":[{"allocation":1,"host":1,"last_submission":50,"owner":8,"payload_bytes":32768000,"release_reason":null},{"allocation":1,"host":8,"last_submission":51,"owner":194,"payload_bytes":17510400,"release_reason":null}],"completed_retirements":6,"current_payload_bytes":50278400,"device_loss_confirmed":false,"device_loss_retirements":0,"observed_allocations":8,"peak_payload_bytes":54886400,"retiring_payload_bytes":0,"unknown_payload_allocations":0},"queue_epoch":1}
[SystemTime { tv_sec: 1790344794, tv_nsec: 333118251 }] native surface attachment {"allocation":1,"allocations_created":1,"extent":[760,720],"format":"Bgra8UnormSrgb","gpu_retirement_qualified":false,"host":8,"owner":194,"payload_bytes":17510400,"queue_epoch":1,"samples":8,"state":"current_renderer_reference","window":"WindowId(31457410)"}
[SystemTime { tv_sec: 1790344794, tv_nsec: 333227474 }] native_surface_lifecycle {"acquire_attempts":1,"acquired":1,"active":0,"configuration_generation":1,"configure_attempts":1,"configured_extent":[760,720],"discarded":0,"frame_submission_receipts_issued":51,"frame_submissions":1,"gpu_completed_through_receipt":50,"host":8,"last_frame_submission_receipt":51,"last_present_receipt":51,"presented":1,"queue_epoch":1,"reason":"present","wgpu_submission":"Some(SubmissionIndex { index: 51 })","window":"WindowId(31457410)"}
[SystemTime { tv_sec: 1790344794, tv_nsec: 333288234 }] native redraw ledger {"attempts":2,"counts":{"coalesced":0,"duplicate_tokens":0,"presentations":1,"received":3,"requested":1,"suppressed":1},"damage":2,"device_generation":1,"host_generation":8,"pending":false,"presented_damage":2,"ready":false,"reason":"presented","rendering":null,"window":"WindowId(31457410)"}
[SystemTime { tv_sec: 1790344794, tv_nsec: 333460589 }] native queue progress epoch=1 submitted=51 completed=50
[SystemTime { tv_sec: 1790344794, tv_nsec: 333517732 }] native attachment ledger {"attachments":{"allocations":[{"allocation":1,"host":1,"last_submission":50,"owner":8,"payload_bytes":32768000,"release_reason":null},{"allocation":1,"host":8,"last_submission":51,"owner":194,"payload_bytes":17510400,"release_reason":null}],"completed_retirements":6,"current_payload_bytes":50278400,"device_loss_confirmed":false,"device_loss_retirements":0,"observed_allocations":8,"peak_payload_bytes":54886400,"retiring_payload_bytes":0,"unknown_payload_allocations":0},"queue_epoch":1}
[SystemTime { tv_sec: 1790344794, tv_nsec: 355572006 }] native queue progress epoch=1 submitted=51 completed=51
[SystemTime { tv_sec: 1790344794, tv_nsec: 355618367 }] native attachment ledger {"attachments":{"allocations":[{"allocation":1,"host":1,"last_submission":50,"owner":8,"payload_bytes":32768000,"release_reason":null},{"allocation":1,"host":8,"last_submission":51,"owner":194,"payload_bytes":17510400,"release_reason":null}],"completed_retirements":6,"current_payload_bytes":50278400,"device_loss_confirmed":false,"device_loss_retirements":0,"observed_allocations":8,"peak_payload_bytes":54886400,"retiring_payload_bytes":0,"unknown_payload_allocations":0},"queue_epoch":1}
[SystemTime { tv_sec: 1790344794, tv_nsec: 467692278 }] window event WindowId(31457410) keyboard physical=Code(Escape) logical=Named(Escape) state=Pressed repeat=false text=Some("\u{1b}") synthetic=false
[SystemTime { tv_sec: 1790344794, tv_nsec: 467791710 }] window event WindowId(31457284) redraw requested
[SystemTime { tv_sec: 1790344794, tv_nsec: 467835916 }] window event WindowId(31457410) redraw requested
[SystemTime { tv_sec: 1790344794, tv_nsec: 467883315 }] native redraw ledger {"attempts":2,"counts":{"coalesced":0,"duplicate_tokens":0,"presentations":1,"received":4,"requested":2,"suppressed":1},"damage":3,"device_generation":1,"host_generation":8,"pending":true,"presented_damage":2,"ready":true,"reason":"closed","rendering":null,"window":"WindowId(31457410)"}
[SystemTime { tv_sec: 1790344794, tv_nsec: 470579150 }] native_surface_lifecycle {"acquire_attempts":1,"acquired":1,"active":0,"configuration_generation":1,"configure_attempts":1,"configured_extent":[760,720],"discarded":0,"frame_submission_receipts_issued":51,"frame_submissions":1,"gpu_completed_through_receipt":51,"host":8,"last_frame_submission_receipt":51,"last_present_receipt":51,"presented":1,"queue_epoch":1,"reason":"owner_drop","wgpu_submission":"Some(SubmissionIndex { index: 51 })","window":"WindowId(31457410)"}
[SystemTime { tv_sec: 1790344794, tv_nsec: 470650742 }] native attachment ledger {"attachments":{"allocations":[{"allocation":1,"host":1,"last_submission":50,"owner":8,"payload_bytes":32768000,"release_reason":null}],"completed_retirements":7,"current_payload_bytes":32768000,"device_loss_confirmed":false,"device_loss_retirements":0,"observed_allocations":8,"peak_payload_bytes":54886400,"retiring_payload_bytes":0,"unknown_payload_allocations":0},"queue_epoch":1}
[SystemTime { tv_sec: 1790344794, tv_nsec: 471077370 }] native frame round hosts=[WindowId(31457284)]
[SystemTime { tv_sec: 1790344794, tv_nsec: 471132089 }] redraw handler begin
[SystemTime { tv_sec: 1790344794, tv_nsec: 471185295 }] render scene prepare begin retained_cached=true
[SystemTime { tv_sec: 1790344794, tv_nsec: 471228215 }] prepared scene build begin
[SystemTime { tv_sec: 1790344794, tv_nsec: 471727097 }] native control_meshes window=WindowId(31457284) builds=1
[SystemTime { tv_sec: 1790344794, tv_nsec: 471758569 }] prepared scene build end 0ms
[SystemTime { tv_sec: 1790344794, tv_nsec: 471791393 }] renderer render begin
[SystemTime { tv_sec: 1790344794, tv_nsec: 472728751 }] native_surface_lifecycle {"acquire_attempts":41,"acquired":41,"active":1,"configuration_generation":1,"configure_attempts":1,"configured_extent":[1280,800],"discarded":0,"frame_submission_receipts_issued":52,"frame_submissions":41,"gpu_completed_through_receipt":51,"host":1,"last_frame_submission_receipt":52,"last_present_receipt":50,"presented":40,"queue_epoch":1,"reason":"submit","wgpu_submission":"Some(SubmissionIndex { index: 52 })","window":"WindowId(31457284)"}
[SystemTime { tv_sec: 1790344794, tv_nsec: 472824751 }] native upload frame window=WindowId(31457284) host=1 renderer=1 queue_epoch=1 surface_generation=1 acquisition=41 submission=52 receipt=Some(UploadFrame { consumers: {"MAIN", "BOARD", "LAYERS", "NAV", "INSPECTOR", "MENU", "TERMINAL"}, owner: 7, attempt: 42, rendered: Some(true), totals: UploadTotals { batches: 1, buffer_payload_bytes: 12676, texture_source_bytes: 0, texture_padding_bytes: 0, scatter_index_bytes: 12604, staging_capacity_bytes: 50488, buffer_copy_bytes: 25280, buffer_copies: 19, texture_copies: 0, scatter_dispatches: 1 } })
[SystemTime { tv_sec: 1790344794, tv_nsec: 472854775 }] native font ownership window=WindowId(31457284) usage=Usage { allocation: Usage { allocator_installed: true, owner_id: 3, label: "renderer-fonts-and-shapes", payload_bytes: 947982, tracking_bytes: 89000, allocations: 11123, peak_payload_bytes: 948096, owner_metadata_bytes: 96 }, returned_shape_bytes: 202208, private_bytes: Some(834774), fixed_font_bytes: Some(772070), cache_reserved_bytes: 62704, last_call: Some(Report { call_id: 5126, owner_id: 3, allocator_installed: true, host_initial_bytes: 413584, host_final_bytes: 413584, process_initial_bytes: 413584, process_final_bytes: 413584, initial_bytes: 62704, final_bytes: 63816, peak_bytes: 63959, host_peak_bytes: 413584, process_peak_bytes: 413584, exceeded: false }) } measurement=Some(Usage { allocation: Usage { allocator_installed: true, owner_id: 13, label: "text-measurement", payload_bytes: 734742, tracking_bytes: 84216, allocations: 10525, peak_payload_bytes: 748214, owner_metadata_bytes: 96 }, returned_shape_bytes: 0, private_bytes: Some(818958), fixed_font_bytes: Some(772070), cache_reserved_bytes: 46888, last_call: Some(Report { call_id: 4432, owner_id: 13, allocator_installed: true, host_initial_bytes: 336632, host_final_bytes: 336632, process_initial_bytes: 336632, process_final_bytes: 336632, initial_bytes: 46888, final_bytes: 46888, peak_bytes: 49248, host_peak_bytes: 336632, process_peak_bytes: 336632, exceeded: false }) }) process_registry_bytes=RegistryUsage { registry_heap_bytes: 136, scope_owner_bytes: 1248, call_slots_static_bytes: 9752 }
[SystemTime { tv_sec: 1790344794, tv_nsec: 472885778 }] native attachment ledger {"attachments":{"allocations":[{"allocation":1,"host":1,"last_submission":52,"owner":8,"payload_bytes":32768000,"release_reason":null}],"completed_retirements":7,"current_payload_bytes":32768000,"device_loss_confirmed":false,"device_loss_retirements":0,"observed_allocations":8,"peak_payload_bytes":54886400,"retiring_payload_bytes":0,"unknown_payload_allocations":0},"queue_epoch":1}
[SystemTime { tv_sec: 1790344794, tv_nsec: 472911186 }] native surface attachment {"allocation":1,"allocations_created":1,"extent":[1280,800],"format":"Bgra8UnormSrgb","gpu_retirement_qualified":false,"host":1,"owner":8,"payload_bytes":32768000,"queue_epoch":1,"samples":8,"state":"current_renderer_reference","window":"WindowId(31457284)"}
[SystemTime { tv_sec: 1790344794, tv_nsec: 472931044 }] renderer render end 1ms
[SystemTime { tv_sec: 1790344794, tv_nsec: 472955096 }] frame present begin
[SystemTime { tv_sec: 1790344794, tv_nsec: 473038398 }] native_surface_lifecycle {"acquire_attempts":41,"acquired":41,"active":0,"configuration_generation":1,"configure_attempts":1,"configured_extent":[1280,800],"discarded":0,"frame_submission_receipts_issued":52,"frame_submissions":41,"gpu_completed_through_receipt":51,"host":1,"last_frame_submission_receipt":52,"last_present_receipt":52,"presented":41,"queue_epoch":1,"reason":"present","wgpu_submission":"Some(SubmissionIndex { index: 52 })","window":"WindowId(31457284)"}
[SystemTime { tv_sec: 1790344794, tv_nsec: 473070823 }] frame present end 0ms total=1ms
[SystemTime { tv_sec: 1790344794, tv_nsec: 473119304 }] native redraw ledger {"attempts":66,"counts":{"coalesced":2,"duplicate_tokens":0,"presentations":41,"received":66,"requested":66,"suppressed":44},"damage":55,"device_generation":1,"host_generation":1,"pending":false,"presented_damage":55,"ready":false,"reason":"presented","rendering":null,"window":"WindowId(31457284)"}
[SystemTime { tv_sec: 1790344794, tv_nsec: 473139723 }] redraw handler end
[SystemTime { tv_sec: 1790344794, tv_nsec: 473658228 }] window event WindowId(31457284) focused true
[SystemTime { tv_sec: 1790344794, tv_nsec: 474085680 }] window event WindowId(31457284) keyboard physical=Code(Escape) logical=Named(Escape) state=Pressed repeat=false text=Some("\u{1b}") synthetic=true
[SystemTime { tv_sec: 1790344794, tv_nsec: 474248038 }] window event WindowId(31457284) modifiers changed ModifiersState(0x0)
[SystemTime { tv_sec: 1790344794, tv_nsec: 474277912 }] window event WindowId(31457284) cursor moved 110.00,16.00
[SystemTime { tv_sec: 1790344794, tv_nsec: 474557934 }] window event WindowId(31457284) modifiers changed ModifiersState(0x0)
[SystemTime { tv_sec: 1790344794, tv_nsec: 474940625 }] window event WindowId(31457284) focused false
[SystemTime { tv_sec: 1790344794, tv_nsec: 475188559 }] window event WindowId(31457284) focused true
[SystemTime { tv_sec: 1790344794, tv_nsec: 475484308 }] window event WindowId(31457284) modifiers changed ModifiersState(0x0)
[SystemTime { tv_sec: 1790344794, tv_nsec: 475529229 }] window event WindowId(31457284) cursor moved 110.00,16.00
[SystemTime { tv_sec: 1790344794, tv_nsec: 475967545 }] window event WindowId(31457410) destroyed
[SystemTime { tv_sec: 1790344794, tv_nsec: 476023728 }] window event WindowId(31457284) keyboard physical=Code(Escape) logical=Named(Escape) state=Released repeat=false text=Some("\u{1b}") synthetic=false
[SystemTime { tv_sec: 1790344794, tv_nsec: 476057290 }] pan key physical=Code(Escape) logical=Named(Escape) state=Released repeat=false pointer_in_scene=false held=false consumed=false
[SystemTime { tv_sec: 1790344794, tv_nsec: 486459847 }] native queue progress epoch=1 submitted=52 completed=52
[SystemTime { tv_sec: 1790344794, tv_nsec: 486516354 }] native attachment ledger {"attachments":{"allocations":[{"allocation":1,"host":1,"last_submission":52,"owner":8,"payload_bytes":32768000,"release_reason":null}],"completed_retirements":7,"current_payload_bytes":32768000,"device_loss_confirmed":false,"device_loss_retirements":0,"observed_allocations":8,"peak_payload_bytes":54886400,"retiring_payload_bytes":0,"unknown_payload_allocations":0},"queue_epoch":1}
[SystemTime { tv_sec: 1790344794, tv_nsec: 490463799 }] window event WindowId(31457284) modifiers changed ModifiersState(0x0)
[SystemTime { tv_sec: 1790344794, tv_nsec: 490592883 }] window event WindowId(31457284) mouse input Left Pressed
[SystemTime { tv_sec: 1790344794, tv_nsec: 490627136 }] pan primary pressed cursor=Some((110.0, 16.0)) pointer_in_scene=false held=false active=false
[SystemTime { tv_sec: 1790344794, tv_nsec: 490664436 }] window event WindowId(31457284) modifiers changed ModifiersState(0x0)
[SystemTime { tv_sec: 1790344794, tv_nsec: 490701998 }] window event WindowId(31457284) modifiers changed ModifiersState(0x0)
[SystemTime { tv_sec: 1790344794, tv_nsec: 490724570 }] window event WindowId(31457284) mouse input Left Released
[SystemTime { tv_sec: 1790344794, tv_nsec: 490751325 }] pan primary released cursor=Some((110.0, 16.0)) suppress_click=false
[SystemTime { tv_sec: 1790344794, tv_nsec: 490850171 }] window event WindowId(31457284) modifiers changed ModifiersState(0x0)
[SystemTime { tv_sec: 1790344794, tv_nsec: 490873557 }] window event WindowId(31457284) redraw requested
[SystemTime { tv_sec: 1790344794, tv_nsec: 490895592 }] native frame round hosts=[WindowId(31457284)]
[SystemTime { tv_sec: 1790344794, tv_nsec: 490915391 }] redraw handler begin
[SystemTime { tv_sec: 1790344794, tv_nsec: 490949916 }] render scene prepare begin retained_cached=true
[SystemTime { tv_sec: 1790344794, tv_nsec: 490969634 }] prepared scene build begin
[SystemTime { tv_sec: 1790344794, tv_nsec: 491168577 }] native control_meshes window=WindowId(31457284) builds=1
[SystemTime { tv_sec: 1790344794, tv_nsec: 491190677 }] prepared scene build end 0ms
[SystemTime { tv_sec: 1790344794, tv_nsec: 491213157 }] renderer render begin
[SystemTime { tv_sec: 1790344794, tv_nsec: 492539644 }] native_surface_lifecycle {"acquire_attempts":42,"acquired":42,"active":1,"configuration_generation":1,"configure_attempts":1,"configured_extent":[1280,800],"discarded":0,"frame_submission_receipts_issued":53,"frame_submissions":42,"gpu_completed_through_receipt":52,"host":1,"last_frame_submission_receipt":53,"last_present_receipt":52,"presented":41,"queue_epoch":1,"reason":"submit","wgpu_submission":"Some(SubmissionIndex { index: 53 })","window":"WindowId(31457284)"}
[SystemTime { tv_sec: 1790344794, tv_nsec: 492668218 }] native upload frame window=WindowId(31457284) host=1 renderer=1 queue_epoch=1 surface_generation=1 acquisition=42 submission=53 receipt=Some(UploadFrame { consumers: {"MAIN", "BOARD", "LAYERS", "NAV", "INSPECTOR", "MENU", "TERMINAL"}, owner: 7, attempt: 43, rendered: Some(true), totals: UploadTotals { batches: 1, buffer_payload_bytes: 19660, texture_source_bytes: 0, texture_padding_bytes: 0, scatter_index_bytes: 17740, staging_capacity_bytes: 72880, buffer_copy_bytes: 37400, buffer_copies: 3, texture_copies: 0, scatter_dispatches: 2 } })
[SystemTime { tv_sec: 1790344794, tv_nsec: 492705873 }] native font ownership window=WindowId(31457284) usage=Usage { allocation: Usage { allocator_installed: true, owner_id: 3, label: "renderer-fonts-and-shapes", payload_bytes: 947982, tracking_bytes: 89000, allocations: 11123, peak_payload_bytes: 948099, owner_metadata_bytes: 96 }, returned_shape_bytes: 202208, private_bytes: Some(834774), fixed_font_bytes: Some(772070), cache_reserved_bytes: 62704, last_call: Some(Report { call_id: 5127, owner_id: 3, allocator_installed: true, host_initial_bytes: 416392, host_final_bytes: 416392, process_initial_bytes: 416392, process_final_bytes: 416392, initial_bytes: 62704, final_bytes: 63880, peak_bytes: 64029, host_peak_bytes: 416392, process_peak_bytes: 416392, exceeded: false }) } measurement=Some(Usage { allocation: Usage { allocator_installed: true, owner_id: 13, label: "text-measurement", payload_bytes: 734742, tracking_bytes: 84216, allocations: 10525, peak_payload_bytes: 748214, owner_metadata_bytes: 96 }, returned_shape_bytes: 0, private_bytes: Some(818958), fixed_font_bytes: Some(772070), cache_reserved_bytes: 46888, last_call: Some(Report { call_id: 4432, owner_id: 13, allocator_installed: true, host_initial_bytes: 336632, host_final_bytes: 336632, process_initial_bytes: 336632, process_final_bytes: 336632, initial_bytes: 46888, final_bytes: 46888, peak_bytes: 49248, host_peak_bytes: 336632, process_peak_bytes: 336632, exceeded: false }) }) process_registry_bytes=RegistryUsage { registry_heap_bytes: 136, scope_owner_bytes: 1248, call_slots_static_bytes: 9752 }
[SystemTime { tv_sec: 1790344794, tv_nsec: 492745973 }] native attachment ledger {"attachments":{"allocations":[{"allocation":1,"host":1,"last_submission":53,"owner":8,"payload_bytes":32768000,"release_reason":null}],"completed_retirements":7,"current_payload_bytes":32768000,"device_loss_confirmed":false,"device_loss_retirements":0,"observed_allocations":8,"peak_payload_bytes":54886400,"retiring_payload_bytes":0,"unknown_payload_allocations":0},"queue_epoch":1}
[SystemTime { tv_sec: 1790344794, tv_nsec: 492784723 }] native surface attachment {"allocation":1,"allocations_created":1,"extent":[1280,800],"format":"Bgra8UnormSrgb","gpu_retirement_qualified":false,"host":1,"owner":8,"payload_bytes":32768000,"queue_epoch":1,"samples":8,"state":"current_renderer_reference","window":"WindowId(31457284)"}
[SystemTime { tv_sec: 1790344794, tv_nsec: 492936317 }] renderer render end 1ms
[SystemTime { tv_sec: 1790344794, tv_nsec: 492966430 }] frame present begin
[SystemTime { tv_sec: 1790344794, tv_nsec: 493130563 }] native_surface_lifecycle {"acquire_attempts":42,"acquired":42,"active":0,"configuration_generation":1,"configure_attempts":1,"configured_extent":[1280,800],"discarded":0,"frame_submission_receipts_issued":53,"frame_submissions":42,"gpu_completed_through_receipt":52,"host":1,"last_frame_submission_receipt":53,"last_present_receipt":53,"presented":42,"queue_epoch":1,"reason":"present","wgpu_submission":"Some(SubmissionIndex { index: 53 })","window":"WindowId(31457284)"}
[SystemTime { tv_sec: 1790344794, tv_nsec: 493174351 }] frame present end 0ms total=2ms
[SystemTime { tv_sec: 1790344794, tv_nsec: 493221556 }] native redraw ledger {"attempts":67,"counts":{"coalesced":2,"duplicate_tokens":0,"presentations":42,"received":67,"requested":67,"suppressed":45},"damage":56,"device_generation":1,"host_generation":1,"pending":false,"presented_damage":56,"ready":false,"reason":"presented","rendering":null,"window":"WindowId(31457284)"}
[SystemTime { tv_sec: 1790344794, tv_nsec: 493249877 }] redraw handler end
[SystemTime { tv_sec: 1790344794, tv_nsec: 507991947 }] native queue progress epoch=1 submitted=53 completed=53
[SystemTime { tv_sec: 1790344794, tv_nsec: 508042799 }] native attachment ledger {"attachments":{"allocations":[{"allocation":1,"host":1,"last_submission":53,"owner":8,"payload_bytes":32768000,"release_reason":null}],"completed_retirements":7,"current_payload_bytes":32768000,"device_loss_confirmed":false,"device_loss_retirements":0,"observed_allocations":8,"peak_payload_bytes":54886400,"retiring_payload_bytes":0,"unknown_payload_allocations":0},"queue_epoch":1}
[SystemTime { tv_sec: 1790344794, tv_nsec: 598030325 }] window event WindowId(31457284) keyboard physical=Code(Enter) logical=Named(Enter) state=Pressed repeat=false text=Some("\r") synthetic=false
[SystemTime { tv_sec: 1790344794, tv_nsec: 598792387 }] window event WindowId(31457284) redraw requested
[SystemTime { tv_sec: 1790344794, tv_nsec: 604489029 }] surface identity window=WindowId(31457428) window_backend=x11 gpu_backend=Vulkan adapter="Intel(R) HD Graphics P630 (KBL GT2)" device_type=IntegratedGpu driver="Intel open-source Mesa driver" driver_info="Mesa 25.0.7-2+deb13u1"
[SystemTime { tv_sec: 1790344794, tv_nsec: 612589752 }] native frame round hosts=[WindowId(31457284)]
[SystemTime { tv_sec: 1790344794, tv_nsec: 612623833 }] redraw handler begin
[SystemTime { tv_sec: 1790344794, tv_nsec: 612661821 }] render scene prepare begin retained_cached=true
[SystemTime { tv_sec: 1790344794, tv_nsec: 612684669 }] prepared scene build begin
[SystemTime { tv_sec: 1790344794, tv_nsec: 612870155 }] native control_meshes window=WindowId(31457284) builds=1
[SystemTime { tv_sec: 1790344794, tv_nsec: 612897004 }] prepared scene build end 0ms
[SystemTime { tv_sec: 1790344794, tv_nsec: 612922916 }] renderer render begin
[SystemTime { tv_sec: 1790344794, tv_nsec: 613788161 }] native_surface_lifecycle {"acquire_attempts":43,"acquired":43,"active":1,"configuration_generation":1,"configure_attempts":1,"configured_extent":[1280,800],"discarded":0,"frame_submission_receipts_issued":54,"frame_submissions":43,"gpu_completed_through_receipt":53,"host":1,"last_frame_submission_receipt":54,"last_present_receipt":53,"presented":42,"queue_epoch":1,"reason":"submit","wgpu_submission":"Some(SubmissionIndex { index: 54 })","window":"WindowId(31457284)"}
[SystemTime { tv_sec: 1790344794, tv_nsec: 613852770 }] native upload frame window=WindowId(31457284) host=1 renderer=1 queue_epoch=1 surface_generation=1 acquisition=43 submission=54 receipt=Some(UploadFrame { consumers: {"MAIN", "BOARD", "LAYERS", "NAV", "INSPECTOR", "MENU", "TERMINAL"}, owner: 7, attempt: 44, rendered: Some(true), totals: UploadTotals { batches: 1, buffer_payload_bytes: 4384, texture_source_bytes: 0, texture_padding_bytes: 0, scatter_index_bytes: 4368, staging_capacity_bytes: 17488, buffer_copy_bytes: 8752, buffer_copies: 5, texture_copies: 0, scatter_dispatches: 1 } })
[SystemTime { tv_sec: 1790344794, tv_nsec: 613893488 }] native font ownership window=WindowId(31457284) usage=Usage { allocation: Usage { allocator_installed: true, owner_id: 3, label: "renderer-fonts-and-shapes", payload_bytes: 946894, tracking_bytes: 88976, allocations: 11120, peak_payload_bytes: 948099, owner_metadata_bytes: 96 }, returned_shape_bytes: 201096, private_bytes: Some(834774), fixed_font_bytes: Some(772070), cache_reserved_bytes: 62704, last_call: Some(Report { call_id: 5127, owner_id: 3, allocator_installed: true, host_initial_bytes: 416392, host_final_bytes: 416392, process_initial_bytes: 416392, process_final_bytes: 416392, initial_bytes: 62704, final_bytes: 63880, peak_bytes: 64029, host_peak_bytes: 416392, process_peak_bytes: 416392, exceeded: false }) } measurement=Some(Usage { allocation: Usage { allocator_installed: true, owner_id: 13, label: "text-measurement", payload_bytes: 734742, tracking_bytes: 84216, allocations: 10525, peak_payload_bytes: 748214, owner_metadata_bytes: 96 }, returned_shape_bytes: 0, private_bytes: Some(818958), fixed_font_bytes: Some(772070), cache_reserved_bytes: 46888, last_call: Some(Report { call_id: 4432, owner_id: 13, allocator_installed: true, host_initial_bytes: 336632, host_final_bytes: 336632, process_initial_bytes: 336632, process_final_bytes: 336632, initial_bytes: 46888, final_bytes: 46888, peak_bytes: 49248, host_peak_bytes: 336632, process_peak_bytes: 336632, exceeded: false }) }) process_registry_bytes=RegistryUsage { registry_heap_bytes: 136, scope_owner_bytes: 1152, call_slots_static_bytes: 9752 }
[SystemTime { tv_sec: 1790344794, tv_nsec: 613929185 }] native attachment ledger {"attachments":{"allocations":[{"allocation":1,"host":1,"last_submission":54,"owner":8,"payload_bytes":32768000,"release_reason":null}],"completed_retirements":7,"current_payload_bytes":32768000,"device_loss_confirmed":false,"device_loss_retirements":0,"observed_allocations":8,"peak_payload_bytes":54886400,"retiring_payload_bytes":0,"unknown_payload_allocations":0},"queue_epoch":1}
[SystemTime { tv_sec: 1790344794, tv_nsec: 613959048 }] native surface attachment {"allocation":1,"allocations_created":1,"extent":[1280,800],"format":"Bgra8UnormSrgb","gpu_retirement_qualified":false,"host":1,"owner":8,"payload_bytes":32768000,"queue_epoch":1,"samples":8,"state":"current_renderer_reference","window":"WindowId(31457284)"}
[SystemTime { tv_sec: 1790344794, tv_nsec: 613982229 }] renderer render end 1ms
[SystemTime { tv_sec: 1790344794, tv_nsec: 614005053 }] frame present begin
[SystemTime { tv_sec: 1790344794, tv_nsec: 614086533 }] native_surface_lifecycle {"acquire_attempts":43,"acquired":43,"active":0,"configuration_generation":1,"configure_attempts":1,"configured_extent":[1280,800],"discarded":0,"frame_submission_receipts_issued":54,"frame_submissions":43,"gpu_completed_through_receipt":53,"host":1,"last_frame_submission_receipt":54,"last_present_receipt":54,"presented":43,"queue_epoch":1,"reason":"present","wgpu_submission":"Some(SubmissionIndex { index: 54 })","window":"WindowId(31457284)"}
[SystemTime { tv_sec: 1790344794, tv_nsec: 614135030 }] frame present end 0ms total=1ms
[SystemTime { tv_sec: 1790344794, tv_nsec: 614169378 }] native redraw ledger {"attempts":68,"counts":{"coalesced":2,"duplicate_tokens":0,"presentations":43,"received":68,"requested":68,"suppressed":46},"damage":57,"device_generation":1,"host_generation":1,"pending":false,"presented_damage":57,"ready":false,"reason":"presented","rendering":null,"window":"WindowId(31457284)"}
[SystemTime { tv_sec: 1790344794, tv_nsec: 614192161 }] redraw handler end
[SystemTime { tv_sec: 1790344794, tv_nsec: 614340363 }] window event WindowId(31457428) ime Disabled
[SystemTime { tv_sec: 1790344794, tv_nsec: 614388520 }] window event WindowId(31457284) keyboard physical=Code(Enter) logical=Named(Enter) state=Released repeat=false text=Some("\r") synthetic=false
[SystemTime { tv_sec: 1790344794, tv_nsec: 614827269 }] window event WindowId(31457428) redraw requested
[SystemTime { tv_sec: 1790344794, tv_nsec: 614970207 }] native frame round hosts=[WindowId(31457428)]
[SystemTime { tv_sec: 1790344794, tv_nsec: 615036722 }] native_surface_lifecycle {"acquire_attempts":0,"acquired":0,"active":0,"configuration_generation":0,"configure_attempts":0,"configured_extent":null,"discarded":0,"frame_submission_receipts_issued":54,"frame_submissions":0,"gpu_completed_through_receipt":53,"host":9,"last_frame_submission_receipt":0,"last_present_receipt":0,"presented":0,"queue_epoch":1,"reason":"wait_queue","wgpu_submission":"None","window":"WindowId(31457428)"}
[SystemTime { tv_sec: 1790344794, tv_nsec: 615083047 }] native redraw ledger {"attempts":1,"counts":{"coalesced":0,"duplicate_tokens":0,"presentations":0,"received":1,"requested":1,"suppressed":0},"damage":2,"device_generation":1,"host_generation":9,"pending":false,"presented_damage":0,"ready":false,"reason":"not_presented","rendering":null,"window":"WindowId(31457428)"}
[SystemTime { tv_sec: 1790344794, tv_nsec: 617549773 }] window event WindowId(31457428) focused false
[SystemTime { tv_sec: 1790344794, tv_nsec: 617721733 }] window event WindowId(31457428) occluded false
[SystemTime { tv_sec: 1790344794, tv_nsec: 617898211 }] window event WindowId(31457428) redraw requested
[SystemTime { tv_sec: 1790344794, tv_nsec: 620495637 }] window event WindowId(31457284) modifiers changed ModifiersState(0x0)
[SystemTime { tv_sec: 1790344794, tv_nsec: 620744687 }] window event WindowId(31457284) focused false
[SystemTime { tv_sec: 1790344794, tv_nsec: 621033347 }] window event WindowId(31457428) focused true
[SystemTime { tv_sec: 1790344794, tv_nsec: 621337758 }] window event WindowId(31457428) modifiers changed ModifiersState(0x0)
[SystemTime { tv_sec: 1790344794, tv_nsec: 621379088 }] window event WindowId(31457428) cursor moved 429.00,170.00
[SystemTime { tv_sec: 1790344794, tv_nsec: 621413572 }] window event WindowId(31457428) occluded false
[SystemTime { tv_sec: 1790344794, tv_nsec: 621890413 }] window event WindowId(31457428) resized 760x720
[SystemTime { tv_sec: 1790344794, tv_nsec: 621942992 }] window event WindowId(31457428) redraw requested
[SystemTime { tv_sec: 1790344794, tv_nsec: 621977957 }] native frame round hosts=[WindowId(31457428)]
[SystemTime { tv_sec: 1790344794, tv_nsec: 622049590 }] native_surface_lifecycle {"acquire_attempts":0,"acquired":0,"active":0,"configuration_generation":0,"configure_attempts":0,"configured_extent":null,"discarded":0,"frame_submission_receipts_issued":54,"frame_submissions":0,"gpu_completed_through_receipt":53,"host":9,"last_frame_submission_receipt":0,"last_present_receipt":0,"presented":0,"queue_epoch":1,"reason":"wait_queue","wgpu_submission":"None","window":"WindowId(31457428)"}
[SystemTime { tv_sec: 1790344794, tv_nsec: 622093679 }] native redraw ledger {"attempts":2,"counts":{"coalesced":0,"duplicate_tokens":0,"presentations":0,"received":3,"requested":1,"suppressed":0},"damage":2,"device_generation":1,"host_generation":9,"pending":false,"presented_damage":0,"ready":false,"reason":"not_presented","rendering":null,"window":"WindowId(31457428)"}
[SystemTime { tv_sec: 1790344794, tv_nsec: 626485295 }] native queue progress epoch=1 submitted=54 completed=54
[SystemTime { tv_sec: 1790344794, tv_nsec: 626538084 }] native attachment ledger {"attachments":{"allocations":[{"allocation":1,"host":1,"last_submission":54,"owner":8,"payload_bytes":32768000,"release_reason":null}],"completed_retirements":7,"current_payload_bytes":32768000,"device_loss_confirmed":false,"device_loss_retirements":0,"observed_allocations":8,"peak_payload_bytes":54886400,"retiring_payload_bytes":0,"unknown_payload_allocations":0},"queue_epoch":1}
[SystemTime { tv_sec: 1790344794, tv_nsec: 626582821 }] window event WindowId(31457428) redraw requested
[SystemTime { tv_sec: 1790344794, tv_nsec: 626638148 }] native frame round hosts=[WindowId(31457428)]
[SystemTime { tv_sec: 1790344794, tv_nsec: 626669165 }] surface configure begin
[SystemTime { tv_sec: 1790344794, tv_nsec: 631861436 }] surface configure end
[SystemTime { tv_sec: 1790344794, tv_nsec: 631897334 }] native queue configured host=9 configurations=9 submitted=54 completed=54
[SystemTime { tv_sec: 1790344794, tv_nsec: 632017129 }] native control_meshes window=WindowId(31457428) builds=8
[SystemTime { tv_sec: 1790344794, tv_nsec: 638173561 }] native_surface_lifecycle {"acquire_attempts":1,"acquired":1,"active":1,"configuration_generation":1,"configure_attempts":1,"configured_extent":[760,720],"discarded":0,"frame_submission_receipts_issued":55,"frame_submissions":1,"gpu_completed_through_receipt":54,"host":9,"last_frame_submission_receipt":55,"last_present_receipt":0,"presented":0,"queue_epoch":1,"reason":"submit","wgpu_submission":"Some(SubmissionIndex { index: 55 })","window":"WindowId(31457428)"}
[SystemTime { tv_sec: 1790344794, tv_nsec: 638216300 }] native upload frame window=WindowId(31457428) host=9 renderer=9 queue_epoch=1 surface_generation=1 acquisition=1 submission=55 receipt=Some(UploadFrame { consumers: {"NEW"}, owner: 215, attempt: 1, rendered: Some(true), totals: UploadTotals { batches: 1, buffer_payload_bytes: 38248, texture_source_bytes: 10266, texture_padding_bytes: 475622, scatter_index_bytes: 0, staging_capacity_bytes: 524136, buffer_copy_bytes: 38248, buffer_copies: 3, texture_copies: 266, scatter_dispatches: 0 } })
[SystemTime { tv_sec: 1790344794, tv_nsec: 638238619 }] native font ownership window=WindowId(31457428) usage=Usage { allocation: Usage { allocator_installed: true, owner_id: 48, label: "renderer-fonts-and-shapes", payload_bytes: 845046, tracking_bytes: 85808, allocations: 10724, peak_payload_bytes: 845160, owner_metadata_bytes: 96 }, returned_shape_bytes: 111896, private_bytes: Some(818958), fixed_font_bytes: Some(772070), cache_reserved_bytes: 46888, last_call: Some(Report { call_id: 5729, owner_id: 48, allocator_installed: true, host_initial_bytes: 235194, host_final_bytes: 235232, process_initial_bytes: 612618, process_final_bytes: 612656, initial_bytes: 46888, final_bytes: 46888, peak_bytes: 46888, host_peak_bytes: 235232, process_peak_bytes: 612656, exceeded: false }) } measurement=None process_registry_bytes=RegistryUsage { registry_heap_bytes: 136, scope_owner_bytes: 1152, call_slots_static_bytes: 9752 }
[SystemTime { tv_sec: 1790344794, tv_nsec: 638267186 }] native attachment ledger {"attachments":{"allocations":[{"allocation":1,"host":1,"last_submission":54,"owner":8,"payload_bytes":32768000,"release_reason":null},{"allocation":1,"host":9,"last_submission":55,"owner":216,"payload_bytes":17510400,"release_reason":null}],"completed_retirements":7,"current_payload_bytes":50278400,"device_loss_confirmed":false,"device_loss_retirements":0,"observed_allocations":9,"peak_payload_bytes":54886400,"retiring_payload_bytes":0,"unknown_payload_allocations":0},"queue_epoch":1}
[SystemTime { tv_sec: 1790344794, tv_nsec: 638288926 }] native surface attachment {"allocation":1,"allocations_created":1,"extent":[760,720],"format":"Bgra8UnormSrgb","gpu_retirement_qualified":false,"host":9,"owner":216,"payload_bytes":17510400,"queue_epoch":1,"samples":8,"state":"current_renderer_reference","window":"WindowId(31457428)"}
[SystemTime { tv_sec: 1790344794, tv_nsec: 638371570 }] native_surface_lifecycle {"acquire_attempts":1,"acquired":1,"active":0,"configuration_generation":1,"configure_attempts":1,"configured_extent":[760,720],"discarded":0,"frame_submission_receipts_issued":55,"frame_submissions":1,"gpu_completed_through_receipt":54,"host":9,"last_frame_submission_receipt":55,"last_present_receipt":55,"presented":1,"queue_epoch":1,"reason":"present","wgpu_submission":"Some(SubmissionIndex { index: 55 })","window":"WindowId(31457428)"}
[SystemTime { tv_sec: 1790344794, tv_nsec: 638399462 }] native redraw ledger {"attempts":3,"counts":{"coalesced":0,"duplicate_tokens":0,"presentations":1,"received":4,"requested":2,"suppressed":1},"damage":2,"device_generation":1,"host_generation":9,"pending":false,"presented_damage":2,"ready":false,"reason":"presented","rendering":null,"window":"WindowId(31457428)"}
[SystemTime { tv_sec: 1790344794, tv_nsec: 647675750 }] native queue progress epoch=1 submitted=55 completed=55
[SystemTime { tv_sec: 1790344794, tv_nsec: 647721198 }] native attachment ledger {"attachments":{"allocations":[{"allocation":1,"host":1,"last_submission":54,"owner":8,"payload_bytes":32768000,"release_reason":null},{"allocation":1,"host":9,"last_submission":55,"owner":216,"payload_bytes":17510400,"release_reason":null}],"completed_retirements":7,"current_payload_bytes":50278400,"device_loss_confirmed":false,"device_loss_retirements":0,"observed_allocations":9,"peak_payload_bytes":54886400,"retiring_payload_bytes":0,"unknown_payload_allocations":0},"queue_epoch":1}
[SystemTime { tv_sec: 1790344794, tv_nsec: 661346475 }] window event WindowId(31457428) keyboard physical=Code(Escape) logical=Named(Escape) state=Pressed repeat=false text=Some("\u{1b}") synthetic=false
[SystemTime { tv_sec: 1790344794, tv_nsec: 661469219 }] window event WindowId(31457284) redraw requested
[SystemTime { tv_sec: 1790344794, tv_nsec: 661552234 }] window event WindowId(31457428) redraw requested
[SystemTime { tv_sec: 1790344794, tv_nsec: 661606661 }] native redraw ledger {"attempts":3,"counts":{"coalesced":0,"duplicate_tokens":0,"presentations":1,"received":5,"requested":3,"suppressed":1},"damage":3,"device_generation":1,"host_generation":9,"pending":true,"presented_damage":2,"ready":true,"reason":"closed","rendering":null,"window":"WindowId(31457428)"}
[SystemTime { tv_sec: 1790344794, tv_nsec: 670262826 }] native_surface_lifecycle {"acquire_attempts":1,"acquired":1,"active":0,"configuration_generation":1,"configure_attempts":1,"configured_extent":[760,720],"discarded":0,"frame_submission_receipts_issued":55,"frame_submissions":1,"gpu_completed_through_receipt":55,"host":9,"last_frame_submission_receipt":55,"last_present_receipt":55,"presented":1,"queue_epoch":1,"reason":"owner_drop","wgpu_submission":"Some(SubmissionIndex { index: 55 })","window":"WindowId(31457428)"}
[SystemTime { tv_sec: 1790344794, tv_nsec: 670304395 }] native attachment ledger {"attachments":{"allocations":[{"allocation":1,"host":1,"last_submission":54,"owner":8,"payload_bytes":32768000,"release_reason":null}],"completed_retirements":8,"current_payload_bytes":32768000,"device_loss_confirmed":false,"device_loss_retirements":0,"observed_allocations":9,"peak_payload_bytes":54886400,"retiring_payload_bytes":0,"unknown_payload_allocations":0},"queue_epoch":1}
[SystemTime { tv_sec: 1790344794, tv_nsec: 670810171 }] native frame round hosts=[WindowId(31457284)]
[SystemTime { tv_sec: 1790344794, tv_nsec: 670833010 }] redraw handler begin
[SystemTime { tv_sec: 1790344794, tv_nsec: 670864975 }] render scene prepare begin retained_cached=true
[SystemTime { tv_sec: 1790344794, tv_nsec: 670882855 }] prepared scene build begin
[SystemTime { tv_sec: 1790344794, tv_nsec: 671194336 }] native control_meshes window=WindowId(31457284) builds=1
[SystemTime { tv_sec: 1790344794, tv_nsec: 671214881 }] prepared scene build end 0ms
[SystemTime { tv_sec: 1790344794, tv_nsec: 671234793 }] renderer render begin
[SystemTime { tv_sec: 1790344794, tv_nsec: 672036243 }] native_surface_lifecycle {"acquire_attempts":44,"acquired":44,"active":1,"configuration_generation":1,"configure_attempts":1,"configured_extent":[1280,800],"discarded":0,"frame_submission_receipts_issued":56,"frame_submissions":44,"gpu_completed_through_receipt":55,"host":1,"last_frame_submission_receipt":56,"last_present_receipt":54,"presented":43,"queue_epoch":1,"reason":"submit","wgpu_submission":"Some(SubmissionIndex { index: 56 })","window":"WindowId(31457284)"}
[SystemTime { tv_sec: 1790344794, tv_nsec: 672133787 }] native upload frame window=WindowId(31457284) host=1 renderer=1 queue_epoch=1 surface_generation=1 acquisition=44 submission=56 receipt=Some(UploadFrame { consumers: {"MAIN", "BOARD", "LAYERS", "NAV", "INSPECTOR", "MENU", "TERMINAL"}, owner: 7, attempt: 45, rendered: Some(true), totals: UploadTotals { batches: 1, buffer_payload_bytes: 12676, texture_source_bytes: 0, texture_padding_bytes: 0, scatter_index_bytes: 12604, staging_capacity_bytes: 50488, buffer_copy_bytes: 25280, buffer_copies: 19, texture_copies: 0, scatter_dispatches: 1 } })
[SystemTime { tv_sec: 1790344794, tv_nsec: 672185092 }] native font ownership window=WindowId(31457284) usage=Usage { allocation: Usage { allocator_installed: true, owner_id: 3, label: "renderer-fonts-and-shapes", payload_bytes: 947982, tracking_bytes: 89000, allocations: 11123, peak_payload_bytes: 948099, owner_metadata_bytes: 96 }, returned_shape_bytes: 202208, private_bytes: Some(834774), fixed_font_bytes: Some(772070), cache_reserved_bytes: 62704, last_call: Some(Report { call_id: 5730, owner_id: 3, allocator_installed: true, host_initial_bytes: 413584, host_final_bytes: 413584, process_initial_bytes: 413584, process_final_bytes: 413584, initial_bytes: 62704, final_bytes: 63816, peak_bytes: 63959, host_peak_bytes: 413584, process_peak_bytes: 413584, exceeded: false }) } measurement=Some(Usage { allocation: Usage { allocator_installed: true, owner_id: 13, label: "text-measurement", payload_bytes: 734742, tracking_bytes: 84216, allocations: 10525, peak_payload_bytes: 748214, owner_metadata_bytes: 96 }, returned_shape_bytes: 0, private_bytes: Some(818958), fixed_font_bytes: Some(772070), cache_reserved_bytes: 46888, last_call: Some(Report { call_id: 4432, owner_id: 13, allocator_installed: true, host_initial_bytes: 336632, host_final_bytes: 336632, process_initial_bytes: 336632, process_final_bytes: 336632, initial_bytes: 46888, final_bytes: 46888, peak_bytes: 49248, host_peak_bytes: 336632, process_peak_bytes: 336632, exceeded: false }) }) process_registry_bytes=RegistryUsage { registry_heap_bytes: 136, scope_owner_bytes: 1152, call_slots_static_bytes: 9752 }
[SystemTime { tv_sec: 1790344794, tv_nsec: 672233306 }] native attachment ledger {"attachments":{"allocations":[{"allocation":1,"host":1,"last_submission":56,"owner":8,"payload_bytes":32768000,"release_reason":null}],"completed_retirements":8,"current_payload_bytes":32768000,"device_loss_confirmed":false,"device_loss_retirements":0,"observed_allocations":9,"peak_payload_bytes":54886400,"retiring_payload_bytes":0,"unknown_payload_allocations":0},"queue_epoch":1}
[SystemTime { tv_sec: 1790344794, tv_nsec: 672257081 }] native surface attachment {"allocation":1,"allocations_created":1,"extent":[1280,800],"format":"Bgra8UnormSrgb","gpu_retirement_qualified":false,"host":1,"owner":8,"payload_bytes":32768000,"queue_epoch":1,"samples":8,"state":"current_renderer_reference","window":"WindowId(31457284)"}
[SystemTime { tv_sec: 1790344794, tv_nsec: 672275497 }] renderer render end 1ms
[SystemTime { tv_sec: 1790344794, tv_nsec: 672293384 }] frame present begin
[SystemTime { tv_sec: 1790344794, tv_nsec: 672376039 }] native_surface_lifecycle {"acquire_attempts":44,"acquired":44,"active":0,"configuration_generation":1,"configure_attempts":1,"configured_extent":[1280,800],"discarded":0,"frame_submission_receipts_issued":56,"frame_submissions":44,"gpu_completed_through_receipt":55,"host":1,"last_frame_submission_receipt":56,"last_present_receipt":56,"presented":44,"queue_epoch":1,"reason":"present","wgpu_submission":"Some(SubmissionIndex { index: 56 })","window":"WindowId(31457284)"}
[SystemTime { tv_sec: 1790344794, tv_nsec: 672403048 }] frame present end 0ms total=1ms
[SystemTime { tv_sec: 1790344794, tv_nsec: 672450057 }] native redraw ledger {"attempts":69,"counts":{"coalesced":2,"duplicate_tokens":0,"presentations":44,"received":69,"requested":69,"suppressed":47},"damage":58,"device_generation":1,"host_generation":1,"pending":false,"presented_damage":58,"ready":false,"reason":"presented","rendering":null,"window":"WindowId(31457284)"}
[SystemTime { tv_sec: 1790344794, tv_nsec: 672504197 }] redraw handler end
[SystemTime { tv_sec: 1790344794, tv_nsec: 672751123 }] window event WindowId(31457284) focused true
[SystemTime { tv_sec: 1790344794, tv_nsec: 673105798 }] window event WindowId(31457284) modifiers changed ModifiersState(0x0)
[SystemTime { tv_sec: 1790344794, tv_nsec: 673140033 }] window event WindowId(31457284) cursor moved 110.00,16.00
[SystemTime { tv_sec: 1790344794, tv_nsec: 673284784 }] window event WindowId(31457284) modifiers changed ModifiersState(0x0)
[SystemTime { tv_sec: 1790344794, tv_nsec: 673460008 }] window event WindowId(31457284) focused false
[SystemTime { tv_sec: 1790344794, tv_nsec: 673782456 }] window event WindowId(31457284) focused true
[SystemTime { tv_sec: 1790344794, tv_nsec: 674163264 }] window event WindowId(31457284) modifiers changed ModifiersState(0x0)
[SystemTime { tv_sec: 1790344794, tv_nsec: 674201937 }] window event WindowId(31457284) cursor moved 110.00,16.00
[SystemTime { tv_sec: 1790344794, tv_nsec: 674482112 }] window event WindowId(31457284) keyboard physical=Code(Escape) logical=Named(Escape) state=Released repeat=false text=Some("\u{1b}") synthetic=false
[SystemTime { tv_sec: 1790344794, tv_nsec: 674521421 }] pan key physical=Code(Escape) logical=Named(Escape) state=Released repeat=false pointer_in_scene=false held=false consumed=false
[SystemTime { tv_sec: 1790344794, tv_nsec: 674810231 }] window event WindowId(31457428) destroyed
[SystemTime { tv_sec: 1790344794, tv_nsec: 685179858 }] native queue progress epoch=1 submitted=56 completed=56
[SystemTime { tv_sec: 1790344794, tv_nsec: 685226076 }] native attachment ledger {"attachments":{"allocations":[{"allocation":1,"host":1,"last_submission":56,"owner":8,"payload_bytes":32768000,"release_reason":null}],"completed_retirements":8,"current_payload_bytes":32768000,"device_loss_confirmed":false,"device_loss_retirements":0,"observed_allocations":9,"peak_payload_bytes":54886400,"retiring_payload_bytes":0,"unknown_payload_allocations":0},"queue_epoch":1}
[SystemTime { tv_sec: 1790344794, tv_nsec: 686609212 }] window event WindowId(31457284) modifiers changed ModifiersState(0x0)
[SystemTime { tv_sec: 1790344794, tv_nsec: 686721965 }] window event WindowId(31457284) mouse input Left Pressed
[SystemTime { tv_sec: 1790344794, tv_nsec: 686754114 }] pan primary pressed cursor=Some((110.0, 16.0)) pointer_in_scene=false held=false active=false
[SystemTime { tv_sec: 1790344794, tv_nsec: 686782843 }] window event WindowId(31457284) modifiers changed ModifiersState(0x0)
[SystemTime { tv_sec: 1790344794, tv_nsec: 686812720 }] window event WindowId(31457284) modifiers changed ModifiersState(0x0)
[SystemTime { tv_sec: 1790344794, tv_nsec: 686839459 }] window event WindowId(31457284) mouse input Left Released
[SystemTime { tv_sec: 1790344794, tv_nsec: 686865913 }] pan primary released cursor=Some((110.0, 16.0)) suppress_click=false
[SystemTime { tv_sec: 1790344794, tv_nsec: 686978587 }] window event WindowId(31457284) modifiers changed ModifiersState(0x0)
[SystemTime { tv_sec: 1790344794, tv_nsec: 687007427 }] window event WindowId(31457284) redraw requested
[SystemTime { tv_sec: 1790344794, tv_nsec: 687036055 }] native frame round hosts=[WindowId(31457284)]
[SystemTime { tv_sec: 1790344794, tv_nsec: 687061320 }] redraw handler begin
[SystemTime { tv_sec: 1790344794, tv_nsec: 687100142 }] render scene prepare begin retained_cached=true
[SystemTime { tv_sec: 1790344794, tv_nsec: 687125088 }] prepared scene build begin
[SystemTime { tv_sec: 1790344794, tv_nsec: 687358820 }] native control_meshes window=WindowId(31457284) builds=1
[SystemTime { tv_sec: 1790344794, tv_nsec: 687386074 }] prepared scene build end 0ms
[SystemTime { tv_sec: 1790344794, tv_nsec: 687413169 }] renderer render begin
[SystemTime { tv_sec: 1790344794, tv_nsec: 688921397 }] native_surface_lifecycle {"acquire_attempts":45,"acquired":45,"active":1,"configuration_generation":1,"configure_attempts":1,"configured_extent":[1280,800],"discarded":0,"frame_submission_receipts_issued":57,"frame_submissions":45,"gpu_completed_through_receipt":56,"host":1,"last_frame_submission_receipt":57,"last_present_receipt":56,"presented":44,"queue_epoch":1,"reason":"submit","wgpu_submission":"Some(SubmissionIndex { index: 57 })","window":"WindowId(31457284)"}
[SystemTime { tv_sec: 1790344794, tv_nsec: 689028725 }] native upload frame window=WindowId(31457284) host=1 renderer=1 queue_epoch=1 surface_generation=1 acquisition=45 submission=57 receipt=Some(UploadFrame { consumers: {"MAIN", "BOARD", "LAYERS", "NAV", "INSPECTOR", "MENU", "TERMINAL"}, owner: 7, attempt: 46, rendered: Some(true), totals: UploadTotals { batches: 1, buffer_payload_bytes: 19660, texture_source_bytes: 0, texture_padding_bytes: 0, scatter_index_bytes: 17740, staging_capacity_bytes: 72880, buffer_copy_bytes: 37400, buffer_copies: 3, texture_copies: 0, scatter_dispatches: 2 } })
[SystemTime { tv_sec: 1790344794, tv_nsec: 689072216 }] native font ownership window=WindowId(31457284) usage=Usage { allocation: Usage { allocator_installed: true, owner_id: 3, label: "renderer-fonts-and-shapes", payload_bytes: 947982, tracking_bytes: 89000, allocations: 11123, peak_payload_bytes: 948099, owner_metadata_bytes: 96 }, returned_shape_bytes: 202208, private_bytes: Some(834774), fixed_font_bytes: Some(772070), cache_reserved_bytes: 62704, last_call: Some(Report { call_id: 5731, owner_id: 3, allocator_installed: true, host_initial_bytes: 416392, host_final_bytes: 416392, process_initial_bytes: 416392, process_final_bytes: 416392, initial_bytes: 62704, final_bytes: 63880, peak_bytes: 64029, host_peak_bytes: 416392, process_peak_bytes: 416392, exceeded: false }) } measurement=Some(Usage { allocation: Usage { allocator_installed: true, owner_id: 13, label: "text-measurement", payload_bytes: 734742, tracking_bytes: 84216, allocations: 10525, peak_payload_bytes: 748214, owner_metadata_bytes: 96 }, returned_shape_bytes: 0, private_bytes: Some(818958), fixed_font_bytes: Some(772070), cache_reserved_bytes: 46888, last_call: Some(Report { call_id: 4432, owner_id: 13, allocator_installed: true, host_initial_bytes: 336632, host_final_bytes: 336632, process_initial_bytes: 336632, process_final_bytes: 336632, initial_bytes: 46888, final_bytes: 46888, peak_bytes: 49248, host_peak_bytes: 336632, process_peak_bytes: 336632, exceeded: false }) }) process_registry_bytes=RegistryUsage { registry_heap_bytes: 136, scope_owner_bytes: 1152, call_slots_static_bytes: 9752 }
[SystemTime { tv_sec: 1790344794, tv_nsec: 689117270 }] native attachment ledger {"attachments":{"allocations":[{"allocation":1,"host":1,"last_submission":57,"owner":8,"payload_bytes":32768000,"release_reason":null}],"completed_retirements":8,"current_payload_bytes":32768000,"device_loss_confirmed":false,"device_loss_retirements":0,"observed_allocations":9,"peak_payload_bytes":54886400,"retiring_payload_bytes":0,"unknown_payload_allocations":0},"queue_epoch":1}
[SystemTime { tv_sec: 1790344794, tv_nsec: 689154218 }] native surface attachment {"allocation":1,"allocations_created":1,"extent":[1280,800],"format":"Bgra8UnormSrgb","gpu_retirement_qualified":false,"host":1,"owner":8,"payload_bytes":32768000,"queue_epoch":1,"samples":8,"state":"current_renderer_reference","window":"WindowId(31457284)"}
[SystemTime { tv_sec: 1790344794, tv_nsec: 689181063 }] renderer render end 1ms
[SystemTime { tv_sec: 1790344794, tv_nsec: 689208188 }] frame present begin
[SystemTime { tv_sec: 1790344794, tv_nsec: 689307445 }] native_surface_lifecycle {"acquire_attempts":45,"acquired":45,"active":0,"configuration_generation":1,"configure_attempts":1,"configured_extent":[1280,800],"discarded":0,"frame_submission_receipts_issued":57,"frame_submissions":45,"gpu_completed_through_receipt":56,"host":1,"last_frame_submission_receipt":57,"last_present_receipt":57,"presented":45,"queue_epoch":1,"reason":"present","wgpu_submission":"Some(SubmissionIndex { index: 57 })","window":"WindowId(31457284)"}
[SystemTime { tv_sec: 1790344794, tv_nsec: 689349016 }] frame present end 0ms total=2ms
[SystemTime { tv_sec: 1790344794, tv_nsec: 689390472 }] native redraw ledger {"attempts":70,"counts":{"coalesced":2,"duplicate_tokens":0,"presentations":45,"received":70,"requested":70,"suppressed":48},"damage":59,"device_generation":1,"host_generation":1,"pending":false,"presented_damage":59,"ready":false,"reason":"presented","rendering":null,"window":"WindowId(31457284)"}
[SystemTime { tv_sec: 1790344794, tv_nsec: 689427193 }] redraw handler end
[SystemTime { tv_sec: 1790344794, tv_nsec: 706091423 }] native queue progress epoch=1 submitted=57 completed=57
[SystemTime { tv_sec: 1790344794, tv_nsec: 706134345 }] native attachment ledger {"attachments":{"allocations":[{"allocation":1,"host":1,"last_submission":57,"owner":8,"payload_bytes":32768000,"release_reason":null}],"completed_retirements":8,"current_payload_bytes":32768000,"device_loss_confirmed":false,"device_loss_retirements":0,"observed_allocations":9,"peak_payload_bytes":54886400,"retiring_payload_bytes":0,"unknown_payload_allocations":0},"queue_epoch":1}
[SystemTime { tv_sec: 1790344794, tv_nsec: 793963681 }] window event WindowId(31457284) keyboard physical=Code(Enter) logical=Named(Enter) state=Pressed repeat=false text=Some("\r") synthetic=false
[SystemTime { tv_sec: 1790344794, tv_nsec: 795010825 }] window event WindowId(31457284) redraw requested
[SystemTime { tv_sec: 1790344794, tv_nsec: 801632274 }] surface identity window=WindowId(31457446) window_backend=x11 gpu_backend=Vulkan adapter="Intel(R) HD Graphics P630 (KBL GT2)" device_type=IntegratedGpu driver="Intel open-source Mesa driver" driver_info="Mesa 25.0.7-2+deb13u1"
[SystemTime { tv_sec: 1790344794, tv_nsec: 813143516 }] native frame round hosts=[WindowId(31457284)]
[SystemTime { tv_sec: 1790344794, tv_nsec: 813204257 }] redraw handler begin
[SystemTime { tv_sec: 1790344794, tv_nsec: 813273948 }] render scene prepare begin retained_cached=true
[SystemTime { tv_sec: 1790344794, tv_nsec: 813318179 }] prepared scene build begin
[SystemTime { tv_sec: 1790344794, tv_nsec: 813605323 }] native control_meshes window=WindowId(31457284) builds=1
[SystemTime { tv_sec: 1790344794, tv_nsec: 813655531 }] prepared scene build end 0ms
[SystemTime { tv_sec: 1790344794, tv_nsec: 813704111 }] renderer render begin
[SystemTime { tv_sec: 1790344794, tv_nsec: 815532688 }] native_surface_lifecycle {"acquire_attempts":46,"acquired":46,"active":1,"configuration_generation":1,"configure_attempts":1,"configured_extent":[1280,800],"discarded":0,"frame_submission_receipts_issued":58,"frame_submissions":46,"gpu_completed_through_receipt":57,"host":1,"last_frame_submission_receipt":58,"last_present_receipt":57,"presented":45,"queue_epoch":1,"reason":"submit","wgpu_submission":"Some(SubmissionIndex { index: 58 })","window":"WindowId(31457284)"}
[SystemTime { tv_sec: 1790344794, tv_nsec: 815656085 }] native upload frame window=WindowId(31457284) host=1 renderer=1 queue_epoch=1 surface_generation=1 acquisition=46 submission=58 receipt=Some(UploadFrame { consumers: {"MAIN", "BOARD", "LAYERS", "NAV", "INSPECTOR", "MENU", "TERMINAL"}, owner: 7, attempt: 47, rendered: Some(true), totals: UploadTotals { batches: 1, buffer_payload_bytes: 4384, texture_source_bytes: 0, texture_padding_bytes: 0, scatter_index_bytes: 4368, staging_capacity_bytes: 17488, buffer_copy_bytes: 8752, buffer_copies: 5, texture_copies: 0, scatter_dispatches: 1 } })
[SystemTime { tv_sec: 1790344794, tv_nsec: 815722092 }] native font ownership window=WindowId(31457284) usage=Usage { allocation: Usage { allocator_installed: true, owner_id: 3, label: "renderer-fonts-and-shapes", payload_bytes: 946894, tracking_bytes: 88976, allocations: 11120, peak_payload_bytes: 948099, owner_metadata_bytes: 96 }, returned_shape_bytes: 201096, private_bytes: Some(834774), fixed_font_bytes: Some(772070), cache_reserved_bytes: 62704, last_call: Some(Report { call_id: 5731, owner_id: 3, allocator_installed: true, host_initial_bytes: 416392, host_final_bytes: 416392, process_initial_bytes: 416392, process_final_bytes: 416392, initial_bytes: 62704, final_bytes: 63880, peak_bytes: 64029, host_peak_bytes: 416392, process_peak_bytes: 416392, exceeded: false }) } measurement=Some(Usage { allocation: Usage { allocator_installed: true, owner_id: 13, label: "text-measurement", payload_bytes: 734742, tracking_bytes: 84216, allocations: 10525, peak_payload_bytes: 748214, owner_metadata_bytes: 96 }, returned_shape_bytes: 0, private_bytes: Some(818958), fixed_font_bytes: Some(772070), cache_reserved_bytes: 46888, last_call: Some(Report { call_id: 4432, owner_id: 13, allocator_installed: true, host_initial_bytes: 336632, host_final_bytes: 336632, process_initial_bytes: 336632, process_final_bytes: 336632, initial_bytes: 46888, final_bytes: 46888, peak_bytes: 49248, host_peak_bytes: 336632, process_peak_bytes: 336632, exceeded: false }) }) process_registry_bytes=RegistryUsage { registry_heap_bytes: 136, scope_owner_bytes: 1152, call_slots_static_bytes: 9752 }
[SystemTime { tv_sec: 1790344794, tv_nsec: 815801648 }] native attachment ledger {"attachments":{"allocations":[{"allocation":1,"host":1,"last_submission":58,"owner":8,"payload_bytes":32768000,"release_reason":null}],"completed_retirements":8,"current_payload_bytes":32768000,"device_loss_confirmed":false,"device_loss_retirements":0,"observed_allocations":9,"peak_payload_bytes":54886400,"retiring_payload_bytes":0,"unknown_payload_allocations":0},"queue_epoch":1}
[SystemTime { tv_sec: 1790344794, tv_nsec: 815860969 }] native surface attachment {"allocation":1,"allocations_created":1,"extent":[1280,800],"format":"Bgra8UnormSrgb","gpu_retirement_qualified":false,"host":1,"owner":8,"payload_bytes":32768000,"queue_epoch":1,"samples":8,"state":"current_renderer_reference","window":"WindowId(31457284)"}
[SystemTime { tv_sec: 1790344794, tv_nsec: 815906192 }] renderer render end 2ms
[SystemTime { tv_sec: 1790344794, tv_nsec: 815950708 }] frame present begin
[SystemTime { tv_sec: 1790344794, tv_nsec: 816101704 }] native_surface_lifecycle {"acquire_attempts":46,"acquired":46,"active":0,"configuration_generation":1,"configure_attempts":1,"configured_extent":[1280,800],"discarded":0,"frame_submission_receipts_issued":58,"frame_submissions":46,"gpu_completed_through_receipt":57,"host":1,"last_frame_submission_receipt":58,"last_present_receipt":58,"presented":46,"queue_epoch":1,"reason":"present","wgpu_submission":"Some(SubmissionIndex { index: 58 })","window":"WindowId(31457284)"}
[SystemTime { tv_sec: 1790344794, tv_nsec: 816173246 }] frame present end 0ms total=2ms
[SystemTime { tv_sec: 1790344794, tv_nsec: 816240476 }] native redraw ledger {"attempts":71,"counts":{"coalesced":2,"duplicate_tokens":0,"presentations":46,"received":71,"requested":71,"suppressed":49},"damage":60,"device_generation":1,"host_generation":1,"pending":false,"presented_damage":60,"ready":false,"reason":"presented","rendering":null,"window":"WindowId(31457284)"}
[SystemTime { tv_sec: 1790344794, tv_nsec: 816285544 }] redraw handler end
[SystemTime { tv_sec: 1790344794, tv_nsec: 816619067 }] window event WindowId(31457446) ime Disabled
[SystemTime { tv_sec: 1790344794, tv_nsec: 816723149 }] window event WindowId(31457284) keyboard physical=Code(Enter) logical=Named(Enter) state=Released repeat=false text=Some("\r") synthetic=false
[SystemTime { tv_sec: 1790344794, tv_nsec: 817723885 }] window event WindowId(31457446) redraw requested
[SystemTime { tv_sec: 1790344794, tv_nsec: 818013850 }] native frame round hosts=[WindowId(31457446)]
[SystemTime { tv_sec: 1790344794, tv_nsec: 818130929 }] native_surface_lifecycle {"acquire_attempts":0,"acquired":0,"active":0,"configuration_generation":0,"configure_attempts":0,"configured_extent":null,"discarded":0,"frame_submission_receipts_issued":58,"frame_submissions":0,"gpu_completed_through_receipt":57,"host":10,"last_frame_submission_receipt":0,"last_present_receipt":0,"presented":0,"queue_epoch":1,"reason":"wait_queue","wgpu_submission":"None","window":"WindowId(31457446)"}
[SystemTime { tv_sec: 1790344794, tv_nsec: 818199185 }] native redraw ledger {"attempts":1,"counts":{"coalesced":0,"duplicate_tokens":0,"presentations":0,"received":1,"requested":1,"suppressed":0},"damage":2,"device_generation":1,"host_generation":10,"pending":false,"presented_damage":0,"ready":false,"reason":"not_presented","rendering":null,"window":"WindowId(31457446)"}
[SystemTime { tv_sec: 1790344794, tv_nsec: 822226687 }] window event WindowId(31457446) focused false
[SystemTime { tv_sec: 1790344794, tv_nsec: 822415075 }] window event WindowId(31457446) occluded false
[SystemTime { tv_sec: 1790344794, tv_nsec: 822577867 }] window event WindowId(31457446) redraw requested
[SystemTime { tv_sec: 1790344794, tv_nsec: 822776722 }] native frame round hosts=[WindowId(31457446)]
[SystemTime { tv_sec: 1790344794, tv_nsec: 822860458 }] native_surface_lifecycle {"acquire_attempts":0,"acquired":0,"active":0,"configuration_generation":0,"configure_attempts":0,"configured_extent":null,"discarded":0,"frame_submission_receipts_issued":58,"frame_submissions":0,"gpu_completed_through_receipt":57,"host":10,"last_frame_submission_receipt":0,"last_present_receipt":0,"presented":0,"queue_epoch":1,"reason":"wait_queue","wgpu_submission":"None","window":"WindowId(31457446)"}
[SystemTime { tv_sec: 1790344794, tv_nsec: 822911811 }] native redraw ledger {"attempts":2,"counts":{"coalesced":0,"duplicate_tokens":0,"presentations":0,"received":2,"requested":1,"suppressed":0},"damage":2,"device_generation":1,"host_generation":10,"pending":false,"presented_damage":0,"ready":false,"reason":"not_presented","rendering":null,"window":"WindowId(31457446)"}
[SystemTime { tv_sec: 1790344794, tv_nsec: 826549552 }] window event WindowId(31457284) modifiers changed ModifiersState(0x0)
[SystemTime { tv_sec: 1790344794, tv_nsec: 827070700 }] window event WindowId(31457284) focused false
[SystemTime { tv_sec: 1790344794, tv_nsec: 827540968 }] window event WindowId(31457446) focused true
[SystemTime { tv_sec: 1790344794, tv_nsec: 828271406 }] window event WindowId(31457446) modifiers changed ModifiersState(0x0)
[SystemTime { tv_sec: 1790344794, tv_nsec: 828340526 }] window event WindowId(31457446) cursor moved 429.00,170.00
[SystemTime { tv_sec: 1790344794, tv_nsec: 828398093 }] window event WindowId(31457446) occluded false
[SystemTime { tv_sec: 1790344794, tv_nsec: 829075237 }] window event WindowId(31457446) resized 760x720
[SystemTime { tv_sec: 1790344794, tv_nsec: 829132998 }] window event WindowId(31457446) redraw requested
[SystemTime { tv_sec: 1790344794, tv_nsec: 829175421 }] native frame round hosts=[WindowId(31457446)]
[SystemTime { tv_sec: 1790344794, tv_nsec: 829384520 }] surface configure begin
[SystemTime { tv_sec: 1790344794, tv_nsec: 837996507 }] surface configure end
[SystemTime { tv_sec: 1790344794, tv_nsec: 838034434 }] native queue configured host=10 configurations=10 submitted=58 completed=58
[SystemTime { tv_sec: 1790344794, tv_nsec: 838176522 }] native control_meshes window=WindowId(31457446) builds=8
[SystemTime { tv_sec: 1790344794, tv_nsec: 847611330 }] native_surface_lifecycle {"acquire_attempts":1,"acquired":1,"active":1,"configuration_generation":1,"configure_attempts":1,"configured_extent":[760,720],"discarded":0,"frame_submission_receipts_issued":59,"frame_submissions":1,"gpu_completed_through_receipt":58,"host":10,"last_frame_submission_receipt":59,"last_present_receipt":0,"presented":0,"queue_epoch":1,"reason":"submit","wgpu_submission":"Some(SubmissionIndex { index: 59 })","window":"WindowId(31457446)"}
[SystemTime { tv_sec: 1790344794, tv_nsec: 847662736 }] native upload frame window=WindowId(31457446) host=10 renderer=10 queue_epoch=1 surface_generation=1 acquisition=1 submission=59 receipt=Some(UploadFrame { consumers: {"NEW"}, owner: 237, attempt: 1, rendered: Some(true), totals: UploadTotals { batches: 1, buffer_payload_bytes: 38248, texture_source_bytes: 10266, texture_padding_bytes: 475622, scatter_index_bytes: 0, staging_capacity_bytes: 524136, buffer_copy_bytes: 38248, buffer_copies: 3, texture_copies: 266, scatter_dispatches: 0 } })
[SystemTime { tv_sec: 1790344794, tv_nsec: 847690805 }] native font ownership window=WindowId(31457446) usage=Usage { allocation: Usage { allocator_installed: true, owner_id: 52, label: "renderer-fonts-and-shapes", payload_bytes: 845046, tracking_bytes: 85808, allocations: 10724, peak_payload_bytes: 845160, owner_metadata_bytes: 96 }, returned_shape_bytes: 111896, private_bytes: Some(818958), fixed_font_bytes: Some(772070), cache_reserved_bytes: 46888, last_call: Some(Report { call_id: 6333, owner_id: 52, allocator_installed: true, host_initial_bytes: 235194, host_final_bytes: 235232, process_initial_bytes: 612618, process_final_bytes: 612656, initial_bytes: 46888, final_bytes: 46888, peak_bytes: 46888, host_peak_bytes: 235232, process_peak_bytes: 612656, exceeded: false }) } measurement=None process_registry_bytes=RegistryUsage { registry_heap_bytes: 136, scope_owner_bytes: 1152, call_slots_static_bytes: 9752 }
[SystemTime { tv_sec: 1790344794, tv_nsec: 847731491 }] native attachment ledger {"attachments":{"allocations":[{"allocation":1,"host":1,"last_submission":58,"owner":8,"payload_bytes":32768000,"release_reason":null},{"allocation":1,"host":10,"last_submission":59,"owner":238,"payload_bytes":17510400,"release_reason":null}],"completed_retirements":8,"current_payload_bytes":50278400,"device_loss_confirmed":false,"device_loss_retirements":0,"observed_allocations":10,"peak_payload_bytes":54886400,"retiring_payload_bytes":0,"unknown_payload_allocations":0},"queue_epoch":1}
[SystemTime { tv_sec: 1790344794, tv_nsec: 847758127 }] native surface attachment {"allocation":1,"allocations_created":1,"extent":[760,720],"format":"Bgra8UnormSrgb","gpu_retirement_qualified":false,"host":10,"owner":238,"payload_bytes":17510400,"queue_epoch":1,"samples":8,"state":"current_renderer_reference","window":"WindowId(31457446)"}
[SystemTime { tv_sec: 1790344794, tv_nsec: 847833952 }] native_surface_lifecycle {"acquire_attempts":1,"acquired":1,"active":0,"configuration_generation":1,"configure_attempts":1,"configured_extent":[760,720],"discarded":0,"frame_submission_receipts_issued":59,"frame_submissions":1,"gpu_completed_through_receipt":58,"host":10,"last_frame_submission_receipt":59,"last_present_receipt":59,"presented":1,"queue_epoch":1,"reason":"present","wgpu_submission":"Some(SubmissionIndex { index: 59 })","window":"WindowId(31457446)"}
[SystemTime { tv_sec: 1790344794, tv_nsec: 847864737 }] native redraw ledger {"attempts":3,"counts":{"coalesced":0,"duplicate_tokens":0,"presentations":1,"received":3,"requested":1,"suppressed":1},"damage":2,"device_generation":1,"host_generation":10,"pending":false,"presented_damage":2,"ready":false,"reason":"presented","rendering":null,"window":"WindowId(31457446)"}
[SystemTime { tv_sec: 1790344794, tv_nsec: 848129683 }] native queue progress epoch=1 submitted=59 completed=58
[SystemTime { tv_sec: 1790344794, tv_nsec: 848166143 }] native attachment ledger {"attachments":{"allocations":[{"allocation":1,"host":1,"last_submission":58,"owner":8,"payload_bytes":32768000,"release_reason":null},{"allocation":1,"host":10,"last_submission":59,"owner":238,"payload_bytes":17510400,"release_reason":null}],"completed_retirements":8,"current_payload_bytes":50278400,"device_loss_confirmed":false,"device_loss_retirements":0,"observed_allocations":10,"peak_payload_bytes":54886400,"retiring_payload_bytes":0,"unknown_payload_allocations":0},"queue_epoch":1}
[SystemTime { tv_sec: 1790344794, tv_nsec: 863422107 }] native queue progress epoch=1 submitted=59 completed=59
[SystemTime { tv_sec: 1790344794, tv_nsec: 863467740 }] native attachment ledger {"attachments":{"allocations":[{"allocation":1,"host":1,"last_submission":58,"owner":8,"payload_bytes":32768000,"release_reason":null},{"allocation":1,"host":10,"last_submission":59,"owner":238,"payload_bytes":17510400,"release_reason":null}],"completed_retirements":8,"current_payload_bytes":50278400,"device_loss_confirmed":false,"device_loss_retirements":0,"observed_allocations":10,"peak_payload_bytes":54886400,"retiring_payload_bytes":0,"unknown_payload_allocations":0},"queue_epoch":1}
[SystemTime { tv_sec: 1790344794, tv_nsec: 884119232 }] window event WindowId(31457446) keyboard physical=Code(Escape) logical=Named(Escape) state=Pressed repeat=false text=Some("\u{1b}") synthetic=false
[SystemTime { tv_sec: 1790344794, tv_nsec: 884256365 }] window event WindowId(31457284) redraw requested
[SystemTime { tv_sec: 1790344794, tv_nsec: 884363926 }] window event WindowId(31457446) redraw requested
[SystemTime { tv_sec: 1790344794, tv_nsec: 884439171 }] native redraw ledger {"attempts":3,"counts":{"coalesced":0,"duplicate_tokens":0,"presentations":1,"received":4,"requested":2,"suppressed":1},"damage":3,"device_generation":1,"host_generation":10,"pending":true,"presented_damage":2,"ready":true,"reason":"closed","rendering":null,"window":"WindowId(31457446)"}
[SystemTime { tv_sec: 1790344794, tv_nsec: 888595556 }] native_surface_lifecycle {"acquire_attempts":1,"acquired":1,"active":0,"configuration_generation":1,"configure_attempts":1,"configured_extent":[760,720],"discarded":0,"frame_submission_receipts_issued":59,"frame_submissions":1,"gpu_completed_through_receipt":59,"host":10,"last_frame_submission_receipt":59,"last_present_receipt":59,"presented":1,"queue_epoch":1,"reason":"owner_drop","wgpu_submission":"Some(SubmissionIndex { index: 59 })","window":"WindowId(31457446)"}
[SystemTime { tv_sec: 1790344794, tv_nsec: 888651180 }] native attachment ledger {"attachments":{"allocations":[{"allocation":1,"host":1,"last_submission":58,"owner":8,"payload_bytes":32768000,"release_reason":null}],"completed_retirements":9,"current_payload_bytes":32768000,"device_loss_confirmed":false,"device_loss_retirements":0,"observed_allocations":10,"peak_payload_bytes":54886400,"retiring_payload_bytes":0,"unknown_payload_allocations":0},"queue_epoch":1}
[SystemTime { tv_sec: 1790344794, tv_nsec: 889163089 }] native frame round hosts=[WindowId(31457284)]
[SystemTime { tv_sec: 1790344794, tv_nsec: 889199282 }] redraw handler begin
[SystemTime { tv_sec: 1790344794, tv_nsec: 889289586 }] render scene prepare begin retained_cached=true
[SystemTime { tv_sec: 1790344794, tv_nsec: 889322588 }] prepared scene build begin
[SystemTime { tv_sec: 1790344794, tv_nsec: 889659432 }] native control_meshes window=WindowId(31457284) builds=1
[SystemTime { tv_sec: 1790344794, tv_nsec: 889688223 }] prepared scene build end 0ms
[SystemTime { tv_sec: 1790344794, tv_nsec: 889713012 }] renderer render begin
[SystemTime { tv_sec: 1790344794, tv_nsec: 890780033 }] native_surface_lifecycle {"acquire_attempts":47,"acquired":47,"active":1,"configuration_generation":1,"configure_attempts":1,"configured_extent":[1280,800],"discarded":0,"frame_submission_receipts_issued":60,"frame_submissions":47,"gpu_completed_through_receipt":59,"host":1,"last_frame_submission_receipt":60,"last_present_receipt":58,"presented":46,"queue_epoch":1,"reason":"submit","wgpu_submission":"Some(SubmissionIndex { index: 60 })","window":"WindowId(31457284)"}
[SystemTime { tv_sec: 1790344794, tv_nsec: 890868119 }] native upload frame window=WindowId(31457284) host=1 renderer=1 queue_epoch=1 surface_generation=1 acquisition=47 submission=60 receipt=Some(UploadFrame { consumers: {"MAIN", "BOARD", "LAYERS", "NAV", "INSPECTOR", "MENU", "TERMINAL"}, owner: 7, attempt: 48, rendered: Some(true), totals: UploadTotals { batches: 1, buffer_payload_bytes: 12676, texture_source_bytes: 0, texture_padding_bytes: 0, scatter_index_bytes: 12604, staging_capacity_bytes: 50488, buffer_copy_bytes: 25280, buffer_copies: 19, texture_copies: 0, scatter_dispatches: 1 } })
[SystemTime { tv_sec: 1790344794, tv_nsec: 890927155 }] native font ownership window=WindowId(31457284) usage=Usage { allocation: Usage { allocator_installed: true, owner_id: 3, label: "renderer-fonts-and-shapes", payload_bytes: 947982, tracking_bytes: 89000, allocations: 11123, peak_payload_bytes: 948099, owner_metadata_bytes: 96 }, returned_shape_bytes: 202208, private_bytes: Some(834774), fixed_font_bytes: Some(772070), cache_reserved_bytes: 62704, last_call: Some(Report { call_id: 6334, owner_id: 3, allocator_installed: true, host_initial_bytes: 413584, host_final_bytes: 413584, process_initial_bytes: 413584, process_final_bytes: 413584, initial_bytes: 62704, final_bytes: 63816, peak_bytes: 63959, host_peak_bytes: 413584, process_peak_bytes: 413584, exceeded: false }) } measurement=Some(Usage { allocation: Usage { allocator_installed: true, owner_id: 13, label: "text-measurement", payload_bytes: 734742, tracking_bytes: 84216, allocations: 10525, peak_payload_bytes: 748214, owner_metadata_bytes: 96 }, returned_shape_bytes: 0, private_bytes: Some(818958), fixed_font_bytes: Some(772070), cache_reserved_bytes: 46888, last_call: Some(Report { call_id: 4432, owner_id: 13, allocator_installed: true, host_initial_bytes: 336632, host_final_bytes: 336632, process_initial_bytes: 336632, process_final_bytes: 336632, initial_bytes: 46888, final_bytes: 46888, peak_bytes: 49248, host_peak_bytes: 336632, process_peak_bytes: 336632, exceeded: false }) }) process_registry_bytes=RegistryUsage { registry_heap_bytes: 136, scope_owner_bytes: 1152, call_slots_static_bytes: 9752 }
[SystemTime { tv_sec: 1790344794, tv_nsec: 890967773 }] native attachment ledger {"attachments":{"allocations":[{"allocation":1,"host":1,"last_submission":60,"owner":8,"payload_bytes":32768000,"release_reason":null}],"completed_retirements":9,"current_payload_bytes":32768000,"device_loss_confirmed":false,"device_loss_retirements":0,"observed_allocations":10,"peak_payload_bytes":54886400,"retiring_payload_bytes":0,"unknown_payload_allocations":0},"queue_epoch":1}
[SystemTime { tv_sec: 1790344794, tv_nsec: 890998635 }] native surface attachment {"allocation":1,"allocations_created":1,"extent":[1280,800],"format":"Bgra8UnormSrgb","gpu_retirement_qualified":false,"host":1,"owner":8,"payload_bytes":32768000,"queue_epoch":1,"samples":8,"state":"current_renderer_reference","window":"WindowId(31457284)"}
[SystemTime { tv_sec: 1790344794, tv_nsec: 891019307 }] renderer render end 1ms
[SystemTime { tv_sec: 1790344794, tv_nsec: 891039358 }] frame present begin
[SystemTime { tv_sec: 1790344794, tv_nsec: 891145747 }] native_surface_lifecycle {"acquire_attempts":47,"acquired":47,"active":0,"configuration_generation":1,"configure_attempts":1,"configured_extent":[1280,800],"discarded":0,"frame_submission_receipts_issued":60,"frame_submissions":47,"gpu_completed_through_receipt":59,"host":1,"last_frame_submission_receipt":60,"last_present_receipt":60,"presented":47,"queue_epoch":1,"reason":"present","wgpu_submission":"Some(SubmissionIndex { index: 60 })","window":"WindowId(31457284)"}
[SystemTime { tv_sec: 1790344794, tv_nsec: 891194819 }] frame present end 0ms total=1ms
[SystemTime { tv_sec: 1790344794, tv_nsec: 891249907 }] native redraw ledger {"attempts":72,"counts":{"coalesced":2,"duplicate_tokens":0,"presentations":47,"received":72,"requested":72,"suppressed":50},"damage":61,"device_generation":1,"host_generation":1,"pending":false,"presented_damage":61,"ready":false,"reason":"presented","rendering":null,"window":"WindowId(31457284)"}
[SystemTime { tv_sec: 1790344794, tv_nsec: 891270171 }] redraw handler end
[SystemTime { tv_sec: 1790344794, tv_nsec: 891757317 }] window event WindowId(31457284) focused true
[SystemTime { tv_sec: 1790344794, tv_nsec: 892153883 }] window event WindowId(31457284) modifiers changed ModifiersState(0x0)
[SystemTime { tv_sec: 1790344794, tv_nsec: 892196919 }] window event WindowId(31457284) cursor moved 110.00,16.00
[SystemTime { tv_sec: 1790344794, tv_nsec: 892400579 }] window event WindowId(31457284) modifiers changed ModifiersState(0x0)
[SystemTime { tv_sec: 1790344794, tv_nsec: 892745501 }] window event WindowId(31457284) focused false
[SystemTime { tv_sec: 1790344794, tv_nsec: 893135098 }] window event WindowId(31457284) focused true
[SystemTime { tv_sec: 1790344794, tv_nsec: 893664755 }] window event WindowId(31457284) modifiers changed ModifiersState(0x0)
[SystemTime { tv_sec: 1790344794, tv_nsec: 893707042 }] window event WindowId(31457284) cursor moved 110.00,16.00
[SystemTime { tv_sec: 1790344794, tv_nsec: 894607238 }] window event WindowId(31457446) destroyed
[SystemTime { tv_sec: 1790344794, tv_nsec: 894655002 }] window event WindowId(31457284) keyboard physical=Code(Escape) logical=Named(Escape) state=Released repeat=false text=Some("\u{1b}") synthetic=false
[SystemTime { tv_sec: 1790344794, tv_nsec: 894685155 }] pan key physical=Code(Escape) logical=Named(Escape) state=Released repeat=false pointer_in_scene=false held=false consumed=false
[SystemTime { tv_sec: 1790344794, tv_nsec: 905189408 }] native queue progress epoch=1 submitted=60 completed=60
[SystemTime { tv_sec: 1790344794, tv_nsec: 905236205 }] native attachment ledger {"attachments":{"allocations":[{"allocation":1,"host":1,"last_submission":60,"owner":8,"payload_bytes":32768000,"release_reason":null}],"completed_retirements":9,"current_payload_bytes":32768000,"device_loss_confirmed":false,"device_loss_retirements":0,"observed_allocations":10,"peak_payload_bytes":54886400,"retiring_payload_bytes":0,"unknown_payload_allocations":0},"queue_epoch":1}
