signal time=1788729190.120945 sender=org.freedesktop.DBus -> destination=:1.0 serial=2 path=/org/freedesktop/DBus; interface=org.freedesktop.DBus; member=NameAcquired
   string ":1.0"
signal time=1788729190.120976 sender=org.freedesktop.DBus -> destination=:1.0 serial=4 path=/org/freedesktop/DBus; interface=org.freedesktop.DBus; member=NameLost
   string ":1.0"
signal time=1788729197.271226 sender=org.freedesktop.DBus -> destination=(null destination) serial=5 path=/org/freedesktop/DBus; interface=org.freedesktop.DBus; member=NameOwnerChanged
   string ":1.1"
   string ""
   string ":1.1"
signal time=1788729197.271269 sender=org.freedesktop.DBus -> destination=:1.1 serial=2 path=/org/freedesktop/DBus; interface=org.freedesktop.DBus; member=NameAcquired
   string ":1.1"
signal time=1788729197.277510 sender=org.freedesktop.DBus -> destination=(null destination) serial=6 path=/org/freedesktop/DBus; interface=org.freedesktop.DBus; member=NameOwnerChanged
   string ":1.2"
   string ""
   string ":1.2"
signal time=1788729197.277561 sender=org.freedesktop.DBus -> destination=:1.2 serial=2 path=/org/freedesktop/DBus; interface=org.freedesktop.DBus; member=NameAcquired
   string ":1.2"
signal time=1788729197.277860 sender=org.freedesktop.DBus -> destination=(null destination) serial=7 path=/org/freedesktop/DBus; interface=org.freedesktop.DBus; member=NameOwnerChanged
   string "org.a11y.atspi.Registry"
   string ""
   string ":1.2"
signal time=1788729197.277896 sender=org.freedesktop.DBus -> destination=:1.2 serial=3 path=/org/freedesktop/DBus; interface=org.freedesktop.DBus; member=NameAcquired
   string "org.a11y.atspi.Registry"
signal time=1788729197.278288 sender=:1.2 -> destination=(null destination) serial=4 path=/org/a11y/atspi/accessible/root; interface=org.a11y.atspi.Socket; member=Available
   struct {
      string "org.a11y.atspi.Registry"
      object path "/org/a11y/atspi/accessible/root"
   }
signal time=1788729197.281333 sender=:1.2 -> destination=(null destination) serial=5 path=/org/a11y/atspi/accessible/root; interface=org.a11y.atspi.Event.Object; member=ChildrenChanged
   string "add"
   int32 0
   int32 0
   variant       struct {
         string ":1.1"
         object path "/org/a11y/atspi/accessible/root"
      }
   array [
   ]
signal time=1788729197.281619 sender=:1.1 -> destination=(null destination) serial=4 path=/org/a11y/atspi/accessible/terminal; interface=org.a11y.atspi.Event.Object; member=TextChanged
   string "insert"
   int32 0
   int32 1403
   variant       string "bfadmin@debian3520:/tmp/datum-wdq-native-g5ybkh3c/project$                                                                                                 
                                                                                                                                                           
                                                                                                                                                           
                                                                                                                                                           
                                                                                                                                                           
                                                                                                                                                           
                                                                                                                                                           
                                                                                                                                                           
                                                                                                                                                           "
   array [
   ]
signal time=1788729197.281701 sender=:1.1 -> destination=(null destination) serial=5 path=/org/a11y/atspi/accessible/terminal; interface=org.a11y.atspi.Event.Object; member=TextCaretMoved
   string ""
   int32 59
   int32 0
   variant       string ""
   array [
   ]
signal time=1788729197.281740 sender=:1.1 -> destination=(null destination) serial=6 path=/org/a11y/atspi/accessible/terminal; interface=org.a11y.atspi.Event.Object; member=StateChanged
   string "focused"
   int32 0
   int32 0
   variant       boolean false
   array [
   ]
signal time=1788729197.281782 sender=:1.1 -> destination=(null destination) serial=7 path=/org/a11y/atspi/accessible/terminal; interface=org.a11y.atspi.Event.Object; member=BoundsChanged
   string ""
   int32 0
   int32 0
   variant       struct {
         int32 24
         int32 574
         int32 1225
         int32 144
      }
   array [
   ]
signal time=1788729199.342549 sender=:1.1 -> destination=(null destination) serial=8 path=/org/a11y/atspi/accessible/root; interface=org.a11y.atspi.Event.Object; member=Announcement
   string "Action. Information: Object selected"
   int32 1
   int32 0
   variant       string "Action. Information: Object selected"
   array [
   ]
signal time=1788729200.733624 sender=org.freedesktop.DBus -> destination=(null destination) serial=5 path=/org/freedesktop/DBus; interface=org.freedesktop.DBus; member=NameOwnerChanged
   string ":1.3"
   string ""
   string ":1.3"
signal time=1788729200.733688 sender=org.freedesktop.DBus -> destination=:1.3 serial=2 path=/org/freedesktop/DBus; interface=org.freedesktop.DBus; member=NameAcquired
   string ":1.3"
signal time=1788729200.737856 sender=org.freedesktop.DBus -> destination=:1.3 serial=3 path=/org/freedesktop/DBus; interface=org.freedesktop.DBus; member=NameLost
   string ":1.3"
signal time=1788729200.737922 sender=org.freedesktop.DBus -> destination=(null destination) serial=6 path=/org/freedesktop/DBus; interface=org.freedesktop.DBus; member=NameOwnerChanged
   string ":1.3"
   string ":1.3"
   string ""
signal time=1788729200.738096 sender=:1.2 -> destination=(null destination) serial=10 path=/org/a11y/atspi/registry; interface=org.a11y.atspi.Registry; member=EventListenerDeregistered
   string ":1.3"
   string ""
signal time=1788729200.747285 sender=org.freedesktop.DBus -> destination=(null destination) serial=7 path=/org/freedesktop/DBus; interface=org.freedesktop.DBus; member=NameOwnerChanged
   string ":1.4"
   string ""
   string ":1.4"
signal time=1788729200.747350 sender=org.freedesktop.DBus -> destination=:1.4 serial=2 path=/org/freedesktop/DBus; interface=org.freedesktop.DBus; member=NameAcquired
   string ":1.4"
signal time=1788729200.750394 sender=org.freedesktop.DBus -> destination=:1.4 serial=5 path=/org/freedesktop/DBus; interface=org.freedesktop.DBus; member=NameLost
   string ":1.4"
signal time=1788729200.750448 sender=org.freedesktop.DBus -> destination=(null destination) serial=8 path=/org/freedesktop/DBus; interface=org.freedesktop.DBus; member=NameOwnerChanged
   string ":1.4"
   string ":1.4"
   string ""
signal time=1788729200.750633 sender=:1.2 -> destination=(null destination) serial=11 path=/org/a11y/atspi/registry; interface=org.a11y.atspi.Registry; member=EventListenerDeregistered
   string ":1.4"
   string ""
signal time=1788729200.760599 sender=org.freedesktop.DBus -> destination=(null destination) serial=9 path=/org/freedesktop/DBus; interface=org.freedesktop.DBus; member=NameOwnerChanged
   string ":1.5"
   string ""
   string ":1.5"
signal time=1788729200.760664 sender=org.freedesktop.DBus -> destination=:1.5 serial=2 path=/org/freedesktop/DBus; interface=org.freedesktop.DBus; member=NameAcquired
   string ":1.5"
signal time=1788729200.763777 sender=org.freedesktop.DBus -> destination=:1.5 serial=3 path=/org/freedesktop/DBus; interface=org.freedesktop.DBus; member=NameLost
   string ":1.5"
signal time=1788729200.763823 sender=org.freedesktop.DBus -> destination=(null destination) serial=10 path=/org/freedesktop/DBus; interface=org.freedesktop.DBus; member=NameOwnerChanged
   string ":1.5"
   string ":1.5"
   string ""
signal time=1788729200.764044 sender=:1.2 -> destination=(null destination) serial=12 path=/org/a11y/atspi/registry; interface=org.a11y.atspi.Registry; member=EventListenerDeregistered
   string ":1.5"
   string ""
signal time=1788729200.773420 sender=org.freedesktop.DBus -> destination=(null destination) serial=11 path=/org/freedesktop/DBus; interface=org.freedesktop.DBus; member=NameOwnerChanged
   string ":1.6"
   string ""
   string ":1.6"
signal time=1788729200.773500 sender=org.freedesktop.DBus -> destination=:1.6 serial=2 path=/org/freedesktop/DBus; interface=org.freedesktop.DBus; member=NameAcquired
   string ":1.6"
signal time=1788729200.776501 sender=org.freedesktop.DBus -> destination=:1.6 serial=3 path=/org/freedesktop/DBus; interface=org.freedesktop.DBus; member=NameLost
   string ":1.6"
signal time=1788729200.776555 sender=org.freedesktop.DBus -> destination=(null destination) serial=12 path=/org/freedesktop/DBus; interface=org.freedesktop.DBus; member=NameOwnerChanged
   string ":1.6"
   string ":1.6"
   string ""
signal time=1788729200.776772 sender=:1.2 -> destination=(null destination) serial=13 path=/org/a11y/atspi/registry; interface=org.a11y.atspi.Registry; member=EventListenerDeregistered
   string ":1.6"
   string ""
signal time=1788729200.786344 sender=org.freedesktop.DBus -> destination=(null destination) serial=13 path=/org/freedesktop/DBus; interface=org.freedesktop.DBus; member=NameOwnerChanged
   string ":1.7"
   string ""
   string ":1.7"
signal time=1788729200.786450 sender=org.freedesktop.DBus -> destination=:1.7 serial=2 path=/org/freedesktop/DBus; interface=org.freedesktop.DBus; member=NameAcquired
   string ":1.7"
signal time=1788729200.789002 sender=org.freedesktop.DBus -> destination=:1.7 serial=3 path=/org/freedesktop/DBus; interface=org.freedesktop.DBus; member=NameLost
   string ":1.7"
signal time=1788729200.789055 sender=org.freedesktop.DBus -> destination=(null destination) serial=14 path=/org/freedesktop/DBus; interface=org.freedesktop.DBus; member=NameOwnerChanged
   string ":1.7"
   string ":1.7"
   string ""
signal time=1788729200.789364 sender=:1.2 -> destination=(null destination) serial=14 path=/org/a11y/atspi/registry; interface=org.a11y.atspi.Registry; member=EventListenerDeregistered
   string ":1.7"
   string ""
signal time=1788729200.799186 sender=org.freedesktop.DBus -> destination=(null destination) serial=15 path=/org/freedesktop/DBus; interface=org.freedesktop.DBus; member=NameOwnerChanged
   string ":1.8"
   string ""
   string ":1.8"
signal time=1788729200.799243 sender=org.freedesktop.DBus -> destination=:1.8 serial=2 path=/org/freedesktop/DBus; interface=org.freedesktop.DBus; member=NameAcquired
   string ":1.8"
signal time=1788729200.802540 sender=org.freedesktop.DBus -> destination=:1.8 serial=3 path=/org/freedesktop/DBus; interface=org.freedesktop.DBus; member=NameLost
   string ":1.8"
signal time=1788729200.802595 sender=org.freedesktop.DBus -> destination=(null destination) serial=16 path=/org/freedesktop/DBus; interface=org.freedesktop.DBus; member=NameOwnerChanged
   string ":1.8"
   string ":1.8"
   string ""
signal time=1788729200.802843 sender=:1.2 -> destination=(null destination) serial=15 path=/org/a11y/atspi/registry; interface=org.a11y.atspi.Registry; member=EventListenerDeregistered
   string ":1.8"
   string ""
signal time=1788729200.812005 sender=org.freedesktop.DBus -> destination=(null destination) serial=17 path=/org/freedesktop/DBus; interface=org.freedesktop.DBus; member=NameOwnerChanged
   string ":1.9"
   string ""
   string ":1.9"
signal time=1788729200.812070 sender=org.freedesktop.DBus -> destination=:1.9 serial=2 path=/org/freedesktop/DBus; interface=org.freedesktop.DBus; member=NameAcquired
   string ":1.9"
signal time=1788729200.814252 sender=org.freedesktop.DBus -> destination=:1.9 serial=3 path=/org/freedesktop/DBus; interface=org.freedesktop.DBus; member=NameLost
   string ":1.9"
signal time=1788729200.814305 sender=org.freedesktop.DBus -> destination=(null destination) serial=18 path=/org/freedesktop/DBus; interface=org.freedesktop.DBus; member=NameOwnerChanged
   string ":1.9"
   string ":1.9"
   string ""
signal time=1788729200.814565 sender=:1.2 -> destination=(null destination) serial=16 path=/org/a11y/atspi/registry; interface=org.a11y.atspi.Registry; member=EventListenerDeregistered
   string ":1.9"
   string ""
signal time=1788729200.825816 sender=org.freedesktop.DBus -> destination=(null destination) serial=19 path=/org/freedesktop/DBus; interface=org.freedesktop.DBus; member=NameOwnerChanged
   string ":1.10"
   string ""
   string ":1.10"
signal time=1788729200.825887 sender=org.freedesktop.DBus -> destination=:1.10 serial=2 path=/org/freedesktop/DBus; interface=org.freedesktop.DBus; member=NameAcquired
   string ":1.10"
signal time=1788729200.828775 sender=org.freedesktop.DBus -> destination=:1.10 serial=3 path=/org/freedesktop/DBus; interface=org.freedesktop.DBus; member=NameLost
   string ":1.10"
signal time=1788729200.828812 sender=org.freedesktop.DBus -> destination=(null destination) serial=20 path=/org/freedesktop/DBus; interface=org.freedesktop.DBus; member=NameOwnerChanged
   string ":1.10"
   string ":1.10"
   string ""
signal time=1788729200.829078 sender=:1.2 -> destination=(null destination) serial=17 path=/org/a11y/atspi/registry; interface=org.a11y.atspi.Registry; member=EventListenerDeregistered
   string ":1.10"
   string ""
signal time=1788729201.236142 sender=org.freedesktop.DBus -> destination=(null destination) serial=21 path=/org/freedesktop/DBus; interface=org.freedesktop.DBus; member=NameOwnerChanged
   string ":1.11"
   string ""
   string ":1.11"
signal time=1788729201.236188 sender=org.freedesktop.DBus -> destination=:1.11 serial=2 path=/org/freedesktop/DBus; interface=org.freedesktop.DBus; member=NameAcquired
   string ":1.11"
signal time=1788729201.237876 sender=org.freedesktop.DBus -> destination=:1.11 serial=3 path=/org/freedesktop/DBus; interface=org.freedesktop.DBus; member=NameLost
   string ":1.11"
signal time=1788729201.237928 sender=org.freedesktop.DBus -> destination=(null destination) serial=22 path=/org/freedesktop/DBus; interface=org.freedesktop.DBus; member=NameOwnerChanged
   string ":1.11"
   string ":1.11"
   string ""
signal time=1788729201.238101 sender=:1.2 -> destination=(null destination) serial=20 path=/org/a11y/atspi/registry; interface=org.a11y.atspi.Registry; member=EventListenerDeregistered
   string ":1.11"
   string ""
signal time=1788729201.242472 sender=org.freedesktop.DBus -> destination=(null destination) serial=23 path=/org/freedesktop/DBus; interface=org.freedesktop.DBus; member=NameOwnerChanged
   string ":1.12"
   string ""
   string ":1.12"
signal time=1788729201.242504 sender=org.freedesktop.DBus -> destination=:1.12 serial=2 path=/org/freedesktop/DBus; interface=org.freedesktop.DBus; member=NameAcquired
   string ":1.12"
signal time=1788729201.243964 sender=org.freedesktop.DBus -> destination=:1.12 serial=5 path=/org/freedesktop/DBus; interface=org.freedesktop.DBus; member=NameLost
   string ":1.12"
signal time=1788729201.243981 sender=org.freedesktop.DBus -> destination=(null destination) serial=24 path=/org/freedesktop/DBus; interface=org.freedesktop.DBus; member=NameOwnerChanged
   string ":1.12"
   string ":1.12"
   string ""
signal time=1788729201.244112 sender=:1.2 -> destination=(null destination) serial=21 path=/org/a11y/atspi/registry; interface=org.a11y.atspi.Registry; member=EventListenerDeregistered
   string ":1.12"
   string ""
signal time=1788729201.248141 sender=org.freedesktop.DBus -> destination=(null destination) serial=25 path=/org/freedesktop/DBus; interface=org.freedesktop.DBus; member=NameOwnerChanged
   string ":1.13"
   string ""
   string ":1.13"
signal time=1788729201.248192 sender=org.freedesktop.DBus -> destination=:1.13 serial=2 path=/org/freedesktop/DBus; interface=org.freedesktop.DBus; member=NameAcquired
   string ":1.13"
signal time=1788729201.249476 sender=org.freedesktop.DBus -> destination=:1.13 serial=3 path=/org/freedesktop/DBus; interface=org.freedesktop.DBus; member=NameLost
   string ":1.13"
signal time=1788729201.249494 sender=org.freedesktop.DBus -> destination=(null destination) serial=26 path=/org/freedesktop/DBus; interface=org.freedesktop.DBus; member=NameOwnerChanged
   string ":1.13"
   string ":1.13"
   string ""
signal time=1788729201.249593 sender=:1.2 -> destination=(null destination) serial=22 path=/org/a11y/atspi/registry; interface=org.a11y.atspi.Registry; member=EventListenerDeregistered
   string ":1.13"
   string ""
signal time=1788729201.254694 sender=org.freedesktop.DBus -> destination=(null destination) serial=27 path=/org/freedesktop/DBus; interface=org.freedesktop.DBus; member=NameOwnerChanged
   string ":1.14"
   string ""
   string ":1.14"
signal time=1788729201.254781 sender=org.freedesktop.DBus -> destination=:1.14 serial=2 path=/org/freedesktop/DBus; interface=org.freedesktop.DBus; member=NameAcquired
   string ":1.14"
signal time=1788729201.255876 sender=org.freedesktop.DBus -> destination=:1.14 serial=3 path=/org/freedesktop/DBus; interface=org.freedesktop.DBus; member=NameLost
   string ":1.14"
signal time=1788729201.255901 sender=org.freedesktop.DBus -> destination=(null destination) serial=28 path=/org/freedesktop/DBus; interface=org.freedesktop.DBus; member=NameOwnerChanged
   string ":1.14"
   string ":1.14"
   string ""
signal time=1788729201.255951 sender=:1.2 -> destination=(null destination) serial=23 path=/org/a11y/atspi/registry; interface=org.a11y.atspi.Registry; member=EventListenerDeregistered
   string ":1.14"
   string ""
signal time=1788729201.261077 sender=org.freedesktop.DBus -> destination=(null destination) serial=29 path=/org/freedesktop/DBus; interface=org.freedesktop.DBus; member=NameOwnerChanged
   string ":1.15"
   string ""
   string ":1.15"
signal time=1788729201.261103 sender=org.freedesktop.DBus -> destination=:1.15 serial=2 path=/org/freedesktop/DBus; interface=org.freedesktop.DBus; member=NameAcquired
   string ":1.15"
signal time=1788729201.262291 sender=org.freedesktop.DBus -> destination=:1.15 serial=3 path=/org/freedesktop/DBus; interface=org.freedesktop.DBus; member=NameLost
   string ":1.15"
signal time=1788729201.262326 sender=org.freedesktop.DBus -> destination=(null destination) serial=30 path=/org/freedesktop/DBus; interface=org.freedesktop.DBus; member=NameOwnerChanged
   string ":1.15"
   string ":1.15"
   string ""
signal time=1788729201.262478 sender=:1.2 -> destination=(null destination) serial=24 path=/org/a11y/atspi/registry; interface=org.a11y.atspi.Registry; member=EventListenerDeregistered
   string ":1.15"
   string ""
signal time=1788729201.266418 sender=org.freedesktop.DBus -> destination=(null destination) serial=31 path=/org/freedesktop/DBus; interface=org.freedesktop.DBus; member=NameOwnerChanged
   string ":1.16"
   string ""
   string ":1.16"
signal time=1788729201.266441 sender=org.freedesktop.DBus -> destination=:1.16 serial=2 path=/org/freedesktop/DBus; interface=org.freedesktop.DBus; member=NameAcquired
   string ":1.16"
signal time=1788729201.267756 sender=org.freedesktop.DBus -> destination=:1.16 serial=3 path=/org/freedesktop/DBus; interface=org.freedesktop.DBus; member=NameLost
   string ":1.16"
signal time=1788729201.267770 sender=org.freedesktop.DBus -> destination=(null destination) serial=32 path=/org/freedesktop/DBus; interface=org.freedesktop.DBus; member=NameOwnerChanged
   string ":1.16"
   string ":1.16"
   string ""
signal time=1788729201.267875 sender=:1.2 -> destination=(null destination) serial=25 path=/org/a11y/atspi/registry; interface=org.a11y.atspi.Registry; member=EventListenerDeregistered
   string ":1.16"
   string ""
signal time=1788729201.271791 sender=org.freedesktop.DBus -> destination=(null destination) serial=33 path=/org/freedesktop/DBus; interface=org.freedesktop.DBus; member=NameOwnerChanged
   string ":1.17"
   string ""
   string ":1.17"
signal time=1788729201.271849 sender=org.freedesktop.DBus -> destination=:1.17 serial=2 path=/org/freedesktop/DBus; interface=org.freedesktop.DBus; member=NameAcquired
   string ":1.17"
signal time=1788729201.273341 sender=org.freedesktop.DBus -> destination=:1.17 serial=3 path=/org/freedesktop/DBus; interface=org.freedesktop.DBus; member=NameLost
   string ":1.17"
signal time=1788729201.273364 sender=org.freedesktop.DBus -> destination=(null destination) serial=34 path=/org/freedesktop/DBus; interface=org.freedesktop.DBus; member=NameOwnerChanged
   string ":1.17"
   string ":1.17"
   string ""
signal time=1788729201.273484 sender=:1.2 -> destination=(null destination) serial=26 path=/org/a11y/atspi/registry; interface=org.a11y.atspi.Registry; member=EventListenerDeregistered
   string ":1.17"
   string ""
signal time=1788729201.277609 sender=org.freedesktop.DBus -> destination=(null destination) serial=35 path=/org/freedesktop/DBus; interface=org.freedesktop.DBus; member=NameOwnerChanged
   string ":1.18"
   string ""
   string ":1.18"
signal time=1788729201.277657 sender=org.freedesktop.DBus -> destination=:1.18 serial=2 path=/org/freedesktop/DBus; interface=org.freedesktop.DBus; member=NameAcquired
   string ":1.18"
signal time=1788729201.278492 sender=org.freedesktop.DBus -> destination=:1.18 serial=3 path=/org/freedesktop/DBus; interface=org.freedesktop.DBus; member=NameLost
   string ":1.18"
signal time=1788729201.278506 sender=org.freedesktop.DBus -> destination=(null destination) serial=36 path=/org/freedesktop/DBus; interface=org.freedesktop.DBus; member=NameOwnerChanged
   string ":1.18"
   string ":1.18"
   string ""
signal time=1788729201.278689 sender=:1.2 -> destination=(null destination) serial=27 path=/org/a11y/atspi/registry; interface=org.a11y.atspi.Registry; member=EventListenerDeregistered
   string ":1.18"
   string ""
signal time=1788729203.443068 sender=org.freedesktop.DBus -> destination=(null destination) serial=37 path=/org/freedesktop/DBus; interface=org.freedesktop.DBus; member=NameOwnerChanged
   string ":1.19"
   string ""
   string ":1.19"
signal time=1788729203.443113 sender=org.freedesktop.DBus -> destination=:1.19 serial=2 path=/org/freedesktop/DBus; interface=org.freedesktop.DBus; member=NameAcquired
   string ":1.19"
signal time=1788729203.444389 sender=org.freedesktop.DBus -> destination=:1.19 serial=3 path=/org/freedesktop/DBus; interface=org.freedesktop.DBus; member=NameLost
   string ":1.19"
signal time=1788729203.444432 sender=org.freedesktop.DBus -> destination=(null destination) serial=38 path=/org/freedesktop/DBus; interface=org.freedesktop.DBus; member=NameOwnerChanged
   string ":1.19"
   string ":1.19"
   string ""
signal time=1788729203.444476 sender=:1.2 -> destination=(null destination) serial=30 path=/org/a11y/atspi/registry; interface=org.a11y.atspi.Registry; member=EventListenerDeregistered
   string ":1.19"
   string ""
signal time=1788729203.449014 sender=org.freedesktop.DBus -> destination=(null destination) serial=39 path=/org/freedesktop/DBus; interface=org.freedesktop.DBus; member=NameOwnerChanged
   string ":1.20"
   string ""
   string ":1.20"
signal time=1788729203.449049 sender=org.freedesktop.DBus -> destination=:1.20 serial=2 path=/org/freedesktop/DBus; interface=org.freedesktop.DBus; member=NameAcquired
   string ":1.20"
signal time=1788729203.451105 sender=org.freedesktop.DBus -> destination=:1.20 serial=5 path=/org/freedesktop/DBus; interface=org.freedesktop.DBus; member=NameLost
   string ":1.20"
signal time=1788729203.451157 sender=org.freedesktop.DBus -> destination=(null destination) serial=40 path=/org/freedesktop/DBus; interface=org.freedesktop.DBus; member=NameOwnerChanged
   string ":1.20"
   string ":1.20"
   string ""
signal time=1788729203.451195 sender=:1.2 -> destination=(null destination) serial=31 path=/org/a11y/atspi/registry; interface=org.a11y.atspi.Registry; member=EventListenerDeregistered
   string ":1.20"
   string ""
signal time=1788729203.455683 sender=org.freedesktop.DBus -> destination=(null destination) serial=41 path=/org/freedesktop/DBus; interface=org.freedesktop.DBus; member=NameOwnerChanged
   string ":1.21"
   string ""
   string ":1.21"
signal time=1788729203.455724 sender=org.freedesktop.DBus -> destination=:1.21 serial=2 path=/org/freedesktop/DBus; interface=org.freedesktop.DBus; member=NameAcquired
   string ":1.21"
signal time=1788729203.457245 sender=org.freedesktop.DBus -> destination=:1.21 serial=3 path=/org/freedesktop/DBus; interface=org.freedesktop.DBus; member=NameLost
   string ":1.21"
signal time=1788729203.457273 sender=org.freedesktop.DBus -> destination=(null destination) serial=42 path=/org/freedesktop/DBus; interface=org.freedesktop.DBus; member=NameOwnerChanged
   string ":1.21"
   string ":1.21"
   string ""
signal time=1788729203.457348 sender=:1.2 -> destination=(null destination) serial=32 path=/org/a11y/atspi/registry; interface=org.a11y.atspi.Registry; member=EventListenerDeregistered
   string ":1.21"
   string ""
signal time=1788729203.460954 sender=org.freedesktop.DBus -> destination=(null destination) serial=43 path=/org/freedesktop/DBus; interface=org.freedesktop.DBus; member=NameOwnerChanged
   string ":1.22"
   string ""
   string ":1.22"
signal time=1788729203.461005 sender=org.freedesktop.DBus -> destination=:1.22 serial=2 path=/org/freedesktop/DBus; interface=org.freedesktop.DBus; member=NameAcquired
   string ":1.22"
signal time=1788729203.461883 sender=org.freedesktop.DBus -> destination=:1.22 serial=3 path=/org/freedesktop/DBus; interface=org.freedesktop.DBus; member=NameLost
   string ":1.22"
signal time=1788729203.461925 sender=org.freedesktop.DBus -> destination=(null destination) serial=44 path=/org/freedesktop/DBus; interface=org.freedesktop.DBus; member=NameOwnerChanged
   string ":1.22"
   string ":1.22"
   string ""
signal time=1788729203.461995 sender=:1.2 -> destination=(null destination) serial=33 path=/org/a11y/atspi/registry; interface=org.a11y.atspi.Registry; member=EventListenerDeregistered
   string ":1.22"
   string ""
signal time=1788729203.465844 sender=org.freedesktop.DBus -> destination=(null destination) serial=45 path=/org/freedesktop/DBus; interface=org.freedesktop.DBus; member=NameOwnerChanged
   string ":1.23"
   string ""
   string ":1.23"
signal time=1788729203.465875 sender=org.freedesktop.DBus -> destination=:1.23 serial=2 path=/org/freedesktop/DBus; interface=org.freedesktop.DBus; member=NameAcquired
   string ":1.23"
signal time=1788729203.466976 sender=org.freedesktop.DBus -> destination=:1.23 serial=3 path=/org/freedesktop/DBus; interface=org.freedesktop.DBus; member=NameLost
   string ":1.23"
signal time=1788729203.466997 sender=org.freedesktop.DBus -> destination=(null destination) serial=46 path=/org/freedesktop/DBus; interface=org.freedesktop.DBus; member=NameOwnerChanged
   string ":1.23"
   string ":1.23"
   string ""
signal time=1788729203.467070 sender=:1.2 -> destination=(null destination) serial=34 path=/org/a11y/atspi/registry; interface=org.a11y.atspi.Registry; member=EventListenerDeregistered
   string ":1.23"
   string ""
signal time=1788729203.471786 sender=org.freedesktop.DBus -> destination=(null destination) serial=47 path=/org/freedesktop/DBus; interface=org.freedesktop.DBus; member=NameOwnerChanged
   string ":1.24"
   string ""
   string ":1.24"
signal time=1788729203.471824 sender=org.freedesktop.DBus -> destination=:1.24 serial=2 path=/org/freedesktop/DBus; interface=org.freedesktop.DBus; member=NameAcquired
   string ":1.24"
signal time=1788729203.473343 sender=org.freedesktop.DBus -> destination=:1.24 serial=3 path=/org/freedesktop/DBus; interface=org.freedesktop.DBus; member=NameLost
   string ":1.24"
signal time=1788729203.473364 sender=org.freedesktop.DBus -> destination=(null destination) serial=48 path=/org/freedesktop/DBus; interface=org.freedesktop.DBus; member=NameOwnerChanged
   string ":1.24"
   string ":1.24"
   string ""
signal time=1788729203.473499 sender=:1.2 -> destination=(null destination) serial=35 path=/org/a11y/atspi/registry; interface=org.a11y.atspi.Registry; member=EventListenerDeregistered
   string ":1.24"
   string ""
signal time=1788729203.477752 sender=org.freedesktop.DBus -> destination=(null destination) serial=49 path=/org/freedesktop/DBus; interface=org.freedesktop.DBus; member=NameOwnerChanged
   string ":1.25"
   string ""
   string ":1.25"
signal time=1788729203.477791 sender=org.freedesktop.DBus -> destination=:1.25 serial=2 path=/org/freedesktop/DBus; interface=org.freedesktop.DBus; member=NameAcquired
   string ":1.25"
signal time=1788729203.479165 sender=org.freedesktop.DBus -> destination=:1.25 serial=3 path=/org/freedesktop/DBus; interface=org.freedesktop.DBus; member=NameLost
   string ":1.25"
signal time=1788729203.479184 sender=org.freedesktop.DBus -> destination=(null destination) serial=50 path=/org/freedesktop/DBus; interface=org.freedesktop.DBus; member=NameOwnerChanged
   string ":1.25"
   string ":1.25"
   string ""
signal time=1788729203.479366 sender=:1.2 -> destination=(null destination) serial=36 path=/org/a11y/atspi/registry; interface=org.a11y.atspi.Registry; member=EventListenerDeregistered
   string ":1.25"
   string ""
signal time=1788729203.484921 sender=org.freedesktop.DBus -> destination=(null destination) serial=51 path=/org/freedesktop/DBus; interface=org.freedesktop.DBus; member=NameOwnerChanged
   string ":1.26"
   string ""
   string ":1.26"
signal time=1788729203.484959 sender=org.freedesktop.DBus -> destination=:1.26 serial=2 path=/org/freedesktop/DBus; interface=org.freedesktop.DBus; member=NameAcquired
   string ":1.26"
signal time=1788729203.486298 sender=org.freedesktop.DBus -> destination=:1.26 serial=3 path=/org/freedesktop/DBus; interface=org.freedesktop.DBus; member=NameLost
   string ":1.26"
signal time=1788729203.486322 sender=org.freedesktop.DBus -> destination=(null destination) serial=52 path=/org/freedesktop/DBus; interface=org.freedesktop.DBus; member=NameOwnerChanged
   string ":1.26"
   string ":1.26"
   string ""
signal time=1788729203.486509 sender=:1.2 -> destination=(null destination) serial=37 path=/org/a11y/atspi/registry; interface=org.a11y.atspi.Registry; member=EventListenerDeregistered
   string ":1.26"
   string ""
signal time=1788729203.899694 sender=org.freedesktop.DBus -> destination=(null destination) serial=53 path=/org/freedesktop/DBus; interface=org.freedesktop.DBus; member=NameOwnerChanged
   string ":1.27"
   string ""
   string ":1.27"
signal time=1788729203.899725 sender=org.freedesktop.DBus -> destination=:1.27 serial=2 path=/org/freedesktop/DBus; interface=org.freedesktop.DBus; member=NameAcquired
   string ":1.27"
signal time=1788729203.901462 sender=org.freedesktop.DBus -> destination=:1.27 serial=3 path=/org/freedesktop/DBus; interface=org.freedesktop.DBus; member=NameLost
   string ":1.27"
signal time=1788729203.901507 sender=org.freedesktop.DBus -> destination=(null destination) serial=54 path=/org/freedesktop/DBus; interface=org.freedesktop.DBus; member=NameOwnerChanged
   string ":1.27"
   string ":1.27"
   string ""
signal time=1788729203.901550 sender=:1.2 -> destination=(null destination) serial=40 path=/org/a11y/atspi/registry; interface=org.a11y.atspi.Registry; member=EventListenerDeregistered
   string ":1.27"
   string ""
signal time=1788729203.905880 sender=org.freedesktop.DBus -> destination=(null destination) serial=55 path=/org/freedesktop/DBus; interface=org.freedesktop.DBus; member=NameOwnerChanged
   string ":1.28"
   string ""
   string ":1.28"
signal time=1788729203.905913 sender=org.freedesktop.DBus -> destination=:1.28 serial=2 path=/org/freedesktop/DBus; interface=org.freedesktop.DBus; member=NameAcquired
   string ":1.28"
signal time=1788729203.907184 sender=org.freedesktop.DBus -> destination=:1.28 serial=5 path=/org/freedesktop/DBus; interface=org.freedesktop.DBus; member=NameLost
   string ":1.28"
signal time=1788729203.907205 sender=org.freedesktop.DBus -> destination=(null destination) serial=56 path=/org/freedesktop/DBus; interface=org.freedesktop.DBus; member=NameOwnerChanged
   string ":1.28"
   string ":1.28"
   string ""
signal time=1788729203.907247 sender=:1.2 -> destination=(null destination) serial=41 path=/org/a11y/atspi/registry; interface=org.a11y.atspi.Registry; member=EventListenerDeregistered
   string ":1.28"
   string ""
signal time=1788729203.912088 sender=org.freedesktop.DBus -> destination=(null destination) serial=57 path=/org/freedesktop/DBus; interface=org.freedesktop.DBus; member=NameOwnerChanged
   string ":1.29"
   string ""
   string ":1.29"
signal time=1788729203.912115 sender=org.freedesktop.DBus -> destination=:1.29 serial=2 path=/org/freedesktop/DBus; interface=org.freedesktop.DBus; member=NameAcquired
   string ":1.29"
signal time=1788729203.913420 sender=org.freedesktop.DBus -> destination=:1.29 serial=3 path=/org/freedesktop/DBus; interface=org.freedesktop.DBus; member=NameLost
   string ":1.29"
signal time=1788729203.913439 sender=org.freedesktop.DBus -> destination=(null destination) serial=58 path=/org/freedesktop/DBus; interface=org.freedesktop.DBus; member=NameOwnerChanged
   string ":1.29"
   string ":1.29"
   string ""
signal time=1788729203.913521 sender=:1.2 -> destination=(null destination) serial=42 path=/org/a11y/atspi/registry; interface=org.a11y.atspi.Registry; member=EventListenerDeregistered
   string ":1.29"
   string ""
signal time=1788729203.917806 sender=org.freedesktop.DBus -> destination=(null destination) serial=59 path=/org/freedesktop/DBus; interface=org.freedesktop.DBus; member=NameOwnerChanged
   string ":1.30"
   string ""
   string ":1.30"
signal time=1788729203.917859 sender=org.freedesktop.DBus -> destination=:1.30 serial=2 path=/org/freedesktop/DBus; interface=org.freedesktop.DBus; member=NameAcquired
   string ":1.30"
signal time=1788729203.919587 sender=org.freedesktop.DBus -> destination=:1.30 serial=3 path=/org/freedesktop/DBus; interface=org.freedesktop.DBus; member=NameLost
   string ":1.30"
signal time=1788729203.919611 sender=org.freedesktop.DBus -> destination=(null destination) serial=60 path=/org/freedesktop/DBus; interface=org.freedesktop.DBus; member=NameOwnerChanged
   string ":1.30"
   string ":1.30"
   string ""
signal time=1788729203.919711 sender=:1.2 -> destination=(null destination) serial=43 path=/org/a11y/atspi/registry; interface=org.a11y.atspi.Registry; member=EventListenerDeregistered
   string ":1.30"
   string ""
signal time=1788729203.924323 sender=org.freedesktop.DBus -> destination=(null destination) serial=61 path=/org/freedesktop/DBus; interface=org.freedesktop.DBus; member=NameOwnerChanged
   string ":1.31"
   string ""
   string ":1.31"
signal time=1788729203.924373 sender=org.freedesktop.DBus -> destination=:1.31 serial=2 path=/org/freedesktop/DBus; interface=org.freedesktop.DBus; member=NameAcquired
   string ":1.31"
signal time=1788729203.925758 sender=org.freedesktop.DBus -> destination=:1.31 serial=3 path=/org/freedesktop/DBus; interface=org.freedesktop.DBus; member=NameLost
   string ":1.31"
signal time=1788729203.925777 sender=org.freedesktop.DBus -> destination=(null destination) serial=62 path=/org/freedesktop/DBus; interface=org.freedesktop.DBus; member=NameOwnerChanged
   string ":1.31"
   string ":1.31"
   string ""
signal time=1788729203.925973 sender=:1.2 -> destination=(null destination) serial=44 path=/org/a11y/atspi/registry; interface=org.a11y.atspi.Registry; member=EventListenerDeregistered
   string ":1.31"
   string ""
signal time=1788729203.929577 sender=org.freedesktop.DBus -> destination=(null destination) serial=63 path=/org/freedesktop/DBus; interface=org.freedesktop.DBus; member=NameOwnerChanged
   string ":1.32"
   string ""
   string ":1.32"
signal time=1788729203.929630 sender=org.freedesktop.DBus -> destination=:1.32 serial=2 path=/org/freedesktop/DBus; interface=org.freedesktop.DBus; member=NameAcquired
   string ":1.32"
signal time=1788729203.931085 sender=org.freedesktop.DBus -> destination=:1.32 serial=3 path=/org/freedesktop/DBus; interface=org.freedesktop.DBus; member=NameLost
   string ":1.32"
signal time=1788729203.931103 sender=org.freedesktop.DBus -> destination=(null destination) serial=64 path=/org/freedesktop/DBus; interface=org.freedesktop.DBus; member=NameOwnerChanged
   string ":1.32"
   string ":1.32"
   string ""
signal time=1788729203.931168 sender=:1.2 -> destination=(null destination) serial=45 path=/org/a11y/atspi/registry; interface=org.a11y.atspi.Registry; member=EventListenerDeregistered
   string ":1.32"
   string ""
signal time=1788729203.935077 sender=org.freedesktop.DBus -> destination=(null destination) serial=65 path=/org/freedesktop/DBus; interface=org.freedesktop.DBus; member=NameOwnerChanged
   string ":1.33"
   string ""
   string ":1.33"
signal time=1788729203.935142 sender=org.freedesktop.DBus -> destination=:1.33 serial=2 path=/org/freedesktop/DBus; interface=org.freedesktop.DBus; member=NameAcquired
   string ":1.33"
signal time=1788729203.936740 sender=org.freedesktop.DBus -> destination=:1.33 serial=3 path=/org/freedesktop/DBus; interface=org.freedesktop.DBus; member=NameLost
   string ":1.33"
signal time=1788729203.936779 sender=org.freedesktop.DBus -> destination=(null destination) serial=66 path=/org/freedesktop/DBus; interface=org.freedesktop.DBus; member=NameOwnerChanged
   string ":1.33"
   string ":1.33"
   string ""
signal time=1788729203.936893 sender=:1.2 -> destination=(null destination) serial=46 path=/org/a11y/atspi/registry; interface=org.a11y.atspi.Registry; member=EventListenerDeregistered
   string ":1.33"
   string ""
signal time=1788729203.941295 sender=org.freedesktop.DBus -> destination=(null destination) serial=67 path=/org/freedesktop/DBus; interface=org.freedesktop.DBus; member=NameOwnerChanged
   string ":1.34"
   string ""
   string ":1.34"
signal time=1788729203.941332 sender=org.freedesktop.DBus -> destination=:1.34 serial=2 path=/org/freedesktop/DBus; interface=org.freedesktop.DBus; member=NameAcquired
   string ":1.34"
signal time=1788729203.943009 sender=org.freedesktop.DBus -> destination=:1.34 serial=3 path=/org/freedesktop/DBus; interface=org.freedesktop.DBus; member=NameLost
   string ":1.34"
signal time=1788729203.943049 sender=org.freedesktop.DBus -> destination=(null destination) serial=68 path=/org/freedesktop/DBus; interface=org.freedesktop.DBus; member=NameOwnerChanged
   string ":1.34"
   string ":1.34"
   string ""
signal time=1788729203.943245 sender=:1.2 -> destination=(null destination) serial=47 path=/org/a11y/atspi/registry; interface=org.a11y.atspi.Registry; member=EventListenerDeregistered
   string ":1.34"
   string ""
signal time=1788729204.265930 sender=:1.1 -> destination=(null destination) serial=57 path=/org/a11y/atspi/accessible/root; interface=org.a11y.atspi.Event.Object; member=ChildrenChanged
   string "add"
   int32 1
   int32 0
   variant       struct {
         string ":1.1"
         object path "/org/a11y/atspi/accessible/menus/n6d656e753a56696577"
      }
   array [
   ]
signal time=1788729204.266062 sender=:1.1 -> destination=(null destination) serial=58 path=/org/a11y/atspi/accessible/menus/n6d656e753a56696577; interface=org.a11y.atspi.Event.Object; member=StateChanged
   string "focused"
   int32 0
   int32 0
   variant       boolean false
   array [
   ]
signal time=1788729204.266123 sender=:1.1 -> destination=(null destination) serial=59 path=/org/a11y/atspi/accessible/menus/n6d656e753a56696577; interface=org.a11y.atspi.Event.Object; member=StateChanged
   string "enabled"
   int32 1
   int32 0
   variant       boolean true
   array [
   ]
signal time=1788729204.266187 sender=:1.1 -> destination=(null destination) serial=60 path=/org/a11y/atspi/accessible/menus/n6d656e753a56696577; interface=org.a11y.atspi.Event.Object; member=StateChanged
   string "sensitive"
   int32 1
   int32 0
   variant       boolean true
   array [
   ]
signal time=1788729204.266245 sender=:1.1 -> destination=(null destination) serial=61 path=/org/a11y/atspi/accessible/menus/n6d656e753a56696577; interface=org.a11y.atspi.Event.Object; member=ChildrenChanged
   string "add"
   int32 0
   int32 0
   variant       struct {
         string ":1.1"
         object path "/org/a11y/atspi/accessible/menus/n6d656e753a566965772f766965772e666974"
      }
   array [
   ]
signal time=1788729204.266322 sender=:1.1 -> destination=(null destination) serial=62 path=/org/a11y/atspi/accessible/menus/n6d656e753a566965772f766965772e666974; interface=org.a11y.atspi.Event.Object; member=StateChanged
   string "focused"
   int32 1
   int32 0
   variant       boolean true
   array [
   ]
signal time=1788729204.266378 sender=:1.1 -> destination=(null destination) serial=63 path=/org/a11y/atspi/accessible/menus/n6d656e753a566965772f766965772e666974; interface=org.a11y.atspi.Event.Object; member=StateChanged
   string "enabled"
   int32 1
   int32 0
   variant       boolean true
   array [
   ]
signal time=1788729204.266461 sender=:1.1 -> destination=(null destination) serial=64 path=/org/a11y/atspi/accessible/menus/n6d656e753a566965772f766965772e666974; interface=org.a11y.atspi.Event.Object; member=StateChanged
   string "sensitive"
   int32 1
   int32 0
   variant       boolean true
   array [
   ]
signal time=1788729204.266516 sender=:1.1 -> destination=(null destination) serial=65 path=/org/a11y/atspi/accessible/menus/n6d656e753a56696577; interface=org.a11y.atspi.Event.Object; member=ChildrenChanged
   string "add"
   int32 1
   int32 0
   variant       struct {
         string ":1.1"
         object path "/org/a11y/atspi/accessible/menus/n6d656e753a566965772f766965772e7a6f6f6d5f696e"
      }
   array [
   ]
signal time=1788729204.267001 sender=:1.1 -> destination=(null destination) serial=66 path=/org/a11y/atspi/accessible/menus/n6d656e753a566965772f766965772e7a6f6f6d5f696e; interface=org.a11y.atspi.Event.Object; member=StateChanged
   string "focused"
   int32 0
   int32 0
   variant       boolean false
   array [
   ]
signal time=1788729204.267073 sender=:1.1 -> destination=(null destination) serial=67 path=/org/a11y/atspi/accessible/menus/n6d656e753a566965772f766965772e7a6f6f6d5f696e; interface=org.a11y.atspi.Event.Object; member=StateChanged
   string "enabled"
   int32 1
   int32 0
   variant       boolean true
   array [
   ]
signal time=1788729204.267132 sender=:1.1 -> destination=(null destination) serial=68 path=/org/a11y/atspi/accessible/menus/n6d656e753a566965772f766965772e7a6f6f6d5f696e; interface=org.a11y.atspi.Event.Object; member=StateChanged
   string "sensitive"
   int32 1
   int32 0
   variant       boolean true
   array [
   ]
signal time=1788729204.267188 sender=:1.1 -> destination=(null destination) serial=69 path=/org/a11y/atspi/accessible/menus/n6d656e753a56696577; interface=org.a11y.atspi.Event.Object; member=ChildrenChanged
   string "add"
   int32 2
   int32 0
   variant       struct {
         string ":1.1"
         object path "/org/a11y/atspi/accessible/menus/n6d656e753a566965772f766965772e7a6f6f6d5f6f7574"
      }
   array [
   ]
signal time=1788729204.267272 sender=:1.1 -> destination=(null destination) serial=70 path=/org/a11y/atspi/accessible/menus/n6d656e753a566965772f766965772e7a6f6f6d5f6f7574; interface=org.a11y.atspi.Event.Object; member=StateChanged
   string "focused"
   int32 0
   int32 0
   variant       boolean false
   array [
   ]
signal time=1788729204.267325 sender=:1.1 -> destination=(null destination) serial=71 path=/org/a11y/atspi/accessible/menus/n6d656e753a566965772f766965772e7a6f6f6d5f6f7574; interface=org.a11y.atspi.Event.Object; member=StateChanged
   string "enabled"
   int32 1
   int32 0
   variant       boolean true
   array [
   ]
signal time=1788729204.267379 sender=:1.1 -> destination=(null destination) serial=72 path=/org/a11y/atspi/accessible/menus/n6d656e753a566965772f766965772e7a6f6f6d5f6f7574; interface=org.a11y.atspi.Event.Object; member=StateChanged
   string "sensitive"
   int32 1
   int32 0
   variant       boolean true
   array [
   ]
signal time=1788729204.267432 sender=:1.1 -> destination=(null destination) serial=73 path=/org/a11y/atspi/accessible/menus/n6d656e753a56696577; interface=org.a11y.atspi.Event.Object; member=ChildrenChanged
   string "add"
   int32 3
   int32 0
   variant       struct {
         string ":1.1"
         object path "/org/a11y/atspi/accessible/menus/n6d656e753a566965772f766965772e70616e655f7a6f6f6d"
      }
   array [
   ]
signal time=1788729204.267513 sender=:1.1 -> destination=(null destination) serial=74 path=/org/a11y/atspi/accessible/menus/n6d656e753a566965772f766965772e70616e655f7a6f6f6d; interface=org.a11y.atspi.Event.Object; member=StateChanged
   string "focused"
   int32 0
   int32 0
   variant       boolean false
   array [
   ]
signal time=1788729204.267567 sender=:1.1 -> destination=(null destination) serial=75 path=/org/a11y/atspi/accessible/menus/n6d656e753a566965772f766965772e70616e655f7a6f6f6d; interface=org.a11y.atspi.Event.Object; member=StateChanged
   string "enabled"
   int32 1
   int32 0
   variant       boolean true
   array [
   ]
signal time=1788729204.267641 sender=:1.1 -> destination=(null destination) serial=76 path=/org/a11y/atspi/accessible/menus/n6d656e753a566965772f766965772e70616e655f7a6f6f6d; interface=org.a11y.atspi.Event.Object; member=StateChanged
   string "sensitive"
   int32 1
   int32 0
   variant       boolean true
   array [
   ]
signal time=1788729204.267695 sender=:1.1 -> destination=(null destination) serial=77 path=/org/a11y/atspi/accessible/menus/n6d656e753a56696577; interface=org.a11y.atspi.Event.Object; member=ChildrenChanged
   string "add"
   int32 4
   int32 0
   variant       struct {
         string ":1.1"
         object path "/org/a11y/atspi/accessible/menus/n6d656e753a566965772f766965772e66756c6c73637265656e5f7374616765"
      }
   array [
   ]
signal time=1788729204.267770 sender=:1.1 -> destination=(null destination) serial=78 path=/org/a11y/atspi/accessible/menus/n6d656e753a566965772f766965772e66756c6c73637265656e5f7374616765; interface=org.a11y.atspi.Event.Object; member=StateChanged
   string "focused"
   int32 0
   int32 0
   variant       boolean false
   array [
   ]
signal time=1788729204.267827 sender=:1.1 -> destination=(null destination) serial=79 path=/org/a11y/atspi/accessible/menus/n6d656e753a566965772f766965772e66756c6c73637265656e5f7374616765; interface=org.a11y.atspi.Event.Object; member=StateChanged
   string "enabled"
   int32 1
   int32 0
   variant       boolean true
   array [
   ]
signal time=1788729204.268364 sender=:1.1 -> destination=(null destination) serial=80 path=/org/a11y/atspi/accessible/menus/n6d656e753a566965772f766965772e66756c6c73637265656e5f7374616765; interface=org.a11y.atspi.Event.Object; member=StateChanged
   string "sensitive"
   int32 1
   int32 0
   variant       boolean true
   array [
   ]
signal time=1788729204.268433 sender=:1.1 -> destination=(null destination) serial=81 path=/org/a11y/atspi/accessible/menus/n6d656e753a56696577; interface=org.a11y.atspi.Event.Object; member=ChildrenChanged
   string "add"
   int32 5
   int32 0
   variant       struct {
         string ":1.1"
         object path "/org/a11y/atspi/accessible/menus/n6d656e753a566965772f766965772e6c6179657273"
      }
   array [
   ]
signal time=1788729204.268509 sender=:1.1 -> destination=(null destination) serial=82 path=/org/a11y/atspi/accessible/menus/n6d656e753a566965772f766965772e6c6179657273; interface=org.a11y.atspi.Event.Object; member=StateChanged
   string "focused"
   int32 0
   int32 0
   variant       boolean false
   array [
   ]
signal time=1788729204.268566 sender=:1.1 -> destination=(null destination) serial=83 path=/org/a11y/atspi/accessible/menus/n6d656e753a566965772f766965772e6c6179657273; interface=org.a11y.atspi.Event.Object; member=StateChanged
   string "enabled"
   int32 0
   int32 0
   variant       boolean false
   array [
   ]
signal time=1788729204.268620 sender=:1.1 -> destination=(null destination) serial=84 path=/org/a11y/atspi/accessible/menus/n6d656e753a566965772f766965772e6c6179657273; interface=org.a11y.atspi.Event.Object; member=StateChanged
   string "sensitive"
   int32 0
   int32 0
   variant       boolean false
   array [
   ]
signal time=1788729204.268672 sender=:1.1 -> destination=(null destination) serial=85 path=/org/a11y/atspi/accessible/menus/n6d656e753a56696577; interface=org.a11y.atspi.Event.Object; member=ChildrenChanged
   string "add"
   int32 6
   int32 0
   variant       struct {
         string ":1.1"
         object path "/org/a11y/atspi/accessible/menus/n6d656e753a566965772f766965772e70616e656c73"
      }
   array [
   ]
signal time=1788729204.268748 sender=:1.1 -> destination=(null destination) serial=86 path=/org/a11y/atspi/accessible/menus/n6d656e753a566965772f766965772e70616e656c73; interface=org.a11y.atspi.Event.Object; member=StateChanged
   string "focused"
   int32 0
   int32 0
   variant       boolean false
   array [
   ]
signal time=1788729204.268804 sender=:1.1 -> destination=(null destination) serial=87 path=/org/a11y/atspi/accessible/menus/n6d656e753a566965772f766965772e70616e656c73; interface=org.a11y.atspi.Event.Object; member=StateChanged
   string "enabled"
   int32 1
   int32 0
   variant       boolean true
   array [
   ]
signal time=1788729204.268883 sender=:1.1 -> destination=(null destination) serial=88 path=/org/a11y/atspi/accessible/menus/n6d656e753a566965772f766965772e70616e656c73; interface=org.a11y.atspi.Event.Object; member=StateChanged
   string "sensitive"
   int32 1
   int32 0
   variant       boolean true
   array [
   ]
signal time=1788729204.268943 sender=:1.1 -> destination=(null destination) serial=89 path=/org/a11y/atspi/accessible/menus/n6d656e753a56696577; interface=org.a11y.atspi.Event.Object; member=ChildrenChanged
   string "add"
   int32 7
   int32 0
   variant       struct {
         string ":1.1"
         object path "/org/a11y/atspi/accessible/menus/n6d656e753a566965772f766965772e7265736574"
      }
   array [
   ]
signal time=1788729204.269024 sender=:1.1 -> destination=(null destination) serial=90 path=/org/a11y/atspi/accessible/menus/n6d656e753a566965772f766965772e7265736574; interface=org.a11y.atspi.Event.Object; member=StateChanged
   string "focused"
   int32 0
   int32 0
   variant       boolean false
   array [
   ]
signal time=1788729204.269084 sender=:1.1 -> destination=(null destination) serial=91 path=/org/a11y/atspi/accessible/menus/n6d656e753a566965772f766965772e7265736574; interface=org.a11y.atspi.Event.Object; member=StateChanged
   string "enabled"
   int32 1
   int32 0
   variant       boolean true
   array [
   ]
signal time=1788729204.269142 sender=:1.1 -> destination=(null destination) serial=92 path=/org/a11y/atspi/accessible/menus/n6d656e753a566965772f766965772e7265736574; interface=org.a11y.atspi.Event.Object; member=StateChanged
   string "sensitive"
   int32 1
   int32 0
   variant       boolean true
   array [
   ]
signal time=1788729204.269202 sender=:1.1 -> destination=(null destination) serial=93 path=/org/a11y/atspi/accessible/menus/n6d656e753a56696577; interface=org.a11y.atspi.Event.Object; member=ChildrenChanged
   string "add"
   int32 8
   int32 0
   variant       struct {
         string ":1.1"
         object path "/org/a11y/atspi/accessible/menus/n6d656e753a566965772f766965772e73706c69745f766572746963616c"
      }
   array [
   ]
signal time=1788729204.269288 sender=:1.1 -> destination=(null destination) serial=94 path=/org/a11y/atspi/accessible/menus/n6d656e753a566965772f766965772e73706c69745f766572746963616c; interface=org.a11y.atspi.Event.Object; member=StateChanged
   string "focused"
   int32 0
   int32 0
   variant       boolean false
   array [
   ]
signal time=1788729204.269347 sender=:1.1 -> destination=(null destination) serial=95 path=/org/a11y/atspi/accessible/menus/n6d656e753a566965772f766965772e73706c69745f766572746963616c; interface=org.a11y.atspi.Event.Object; member=StateChanged
   string "enabled"
   int32 1
   int32 0
   variant       boolean true
   array [
   ]
signal time=1788729204.269918 sender=:1.1 -> destination=(null destination) serial=96 path=/org/a11y/atspi/accessible/menus/n6d656e753a566965772f766965772e73706c69745f766572746963616c; interface=org.a11y.atspi.Event.Object; member=StateChanged
   string "sensitive"
   int32 1
   int32 0
   variant       boolean true
   array [
   ]
signal time=1788729204.270014 sender=:1.1 -> destination=(null destination) serial=97 path=/org/a11y/atspi/accessible/menus/n6d656e753a56696577; interface=org.a11y.atspi.Event.Object; member=ChildrenChanged
   string "add"
   int32 9
   int32 0
   variant       struct {
         string ":1.1"
         object path "/org/a11y/atspi/accessible/menus/n6d656e753a566965772f766965772e73706c69745f686f72697a6f6e74616c"
      }
   array [
   ]
signal time=1788729204.270098 sender=:1.1 -> destination=(null destination) serial=98 path=/org/a11y/atspi/accessible/menus/n6d656e753a566965772f766965772e73706c69745f686f72697a6f6e74616c; interface=org.a11y.atspi.Event.Object; member=StateChanged
   string "focused"
   int32 0
   int32 0
   variant       boolean false
   array [
   ]
signal time=1788729204.270183 sender=:1.1 -> destination=(null destination) serial=99 path=/org/a11y/atspi/accessible/menus/n6d656e753a566965772f766965772e73706c69745f686f72697a6f6e74616c; interface=org.a11y.atspi.Event.Object; member=StateChanged
   string "enabled"
   int32 1
   int32 0
   variant       boolean true
   array [
   ]
signal time=1788729204.270240 sender=:1.1 -> destination=(null destination) serial=100 path=/org/a11y/atspi/accessible/menus/n6d656e753a566965772f766965772e73706c69745f686f72697a6f6e74616c; interface=org.a11y.atspi.Event.Object; member=StateChanged
   string "sensitive"
   int32 1
   int32 0
   variant       boolean true
   array [
   ]
signal time=1788729204.270297 sender=:1.1 -> destination=(null destination) serial=101 path=/org/a11y/atspi/accessible/menus/n6d656e753a56696577; interface=org.a11y.atspi.Event.Object; member=ChildrenChanged
   string "add"
   int32 10
   int32 0
   variant       struct {
         string ":1.1"
         object path "/org/a11y/atspi/accessible/menus/n6d656e753a566965772f766965772e636c6f73655f70616e65"
      }
   array [
   ]
signal time=1788729204.270379 sender=:1.1 -> destination=(null destination) serial=102 path=/org/a11y/atspi/accessible/menus/n6d656e753a566965772f766965772e636c6f73655f70616e65; interface=org.a11y.atspi.Event.Object; member=StateChanged
   string "focused"
   int32 0
   int32 0
   variant       boolean false
   array [
   ]
signal time=1788729204.270437 sender=:1.1 -> destination=(null destination) serial=103 path=/org/a11y/atspi/accessible/menus/n6d656e753a566965772f766965772e636c6f73655f70616e65; interface=org.a11y.atspi.Event.Object; member=StateChanged
   string "enabled"
   int32 1
   int32 0
   variant       boolean true
   array [
   ]
signal time=1788729204.270495 sender=:1.1 -> destination=(null destination) serial=104 path=/org/a11y/atspi/accessible/menus/n6d656e753a566965772f766965772e636c6f73655f70616e65; interface=org.a11y.atspi.Event.Object; member=StateChanged
   string "sensitive"
   int32 1
   int32 0
   variant       boolean true
   array [
   ]
signal time=1788729204.270553 sender=:1.1 -> destination=(null destination) serial=105 path=/org/a11y/atspi/accessible/menus/n6d656e753a56696577; interface=org.a11y.atspi.Event.Object; member=ChildrenChanged
   string "add"
   int32 11
   int32 0
   variant       struct {
         string ":1.1"
         object path "/org/a11y/atspi/accessible/menus/n6d656e753a566965772f766965772e6d6178696d697a655f70616e65"
      }
   array [
   ]
signal time=1788729204.270640 sender=:1.1 -> destination=(null destination) serial=106 path=/org/a11y/atspi/accessible/menus/n6d656e753a566965772f766965772e6d6178696d697a655f70616e65; interface=org.a11y.atspi.Event.Object; member=StateChanged
   string "focused"
   int32 0
   int32 0
   variant       boolean false
   array [
   ]
signal time=1788729204.270696 sender=:1.1 -> destination=(null destination) serial=107 path=/org/a11y/atspi/accessible/menus/n6d656e753a566965772f766965772e6d6178696d697a655f70616e65; interface=org.a11y.atspi.Event.Object; member=StateChanged
   string "enabled"
   int32 1
   int32 0
   variant       boolean true
   array [
   ]
signal time=1788729204.270751 sender=:1.1 -> destination=(null destination) serial=108 path=/org/a11y/atspi/accessible/menus/n6d656e753a566965772f766965772e6d6178696d697a655f70616e65; interface=org.a11y.atspi.Event.Object; member=StateChanged
   string "sensitive"
   int32 1
   int32 0
   variant       boolean true
   array [
   ]
signal time=1788729204.270810 sender=:1.1 -> destination=(null destination) serial=109 path=/org/a11y/atspi/accessible/menus/n6d656e753a56696577; interface=org.a11y.atspi.Event.Object; member=ChildrenChanged
   string "add"
   int32 12
   int32 0
   variant       struct {
         string ":1.1"
         object path "/org/a11y/atspi/accessible/menus/n6d656e753a566965772f766965772e666f6375735f6e657874"
      }
   array [
   ]
signal time=1788729204.270893 sender=:1.1 -> destination=(null destination) serial=110 path=/org/a11y/atspi/accessible/menus/n6d656e753a566965772f766965772e666f6375735f6e657874; interface=org.a11y.atspi.Event.Object; member=StateChanged
   string "focused"
   int32 0
   int32 0
   variant       boolean false
   array [
   ]
signal time=1788729204.271351 sender=:1.1 -> destination=(null destination) serial=111 path=/org/a11y/atspi/accessible/menus/n6d656e753a566965772f766965772e666f6375735f6e657874; interface=org.a11y.atspi.Event.Object; member=StateChanged
   string "enabled"
   int32 1
   int32 0
   variant       boolean true
   array [
   ]
signal time=1788729204.271411 sender=:1.1 -> destination=(null destination) serial=112 path=/org/a11y/atspi/accessible/menus/n6d656e753a566965772f766965772e666f6375735f6e657874; interface=org.a11y.atspi.Event.Object; member=StateChanged
   string "sensitive"
   int32 1
   int32 0
   variant       boolean true
   array [
   ]
signal time=1788729204.271448 sender=:1.1 -> destination=(null destination) serial=113 path=/org/a11y/atspi/accessible/menus/n6d656e753a56696577; interface=org.a11y.atspi.Event.Object; member=ChildrenChanged
   string "add"
   int32 13
   int32 0
   variant       struct {
         string ":1.1"
         object path "/org/a11y/atspi/accessible/menus/n6d656e753a566965772f766965772e666f6375735f70726576"
      }
   array [
   ]
signal time=1788729204.271500 sender=:1.1 -> destination=(null destination) serial=114 path=/org/a11y/atspi/accessible/menus/n6d656e753a566965772f766965772e666f6375735f70726576; interface=org.a11y.atspi.Event.Object; member=StateChanged
   string "focused"
   int32 0
   int32 0
   variant       boolean false
   array [
   ]
signal time=1788729204.271538 sender=:1.1 -> destination=(null destination) serial=115 path=/org/a11y/atspi/accessible/menus/n6d656e753a566965772f766965772e666f6375735f70726576; interface=org.a11y.atspi.Event.Object; member=StateChanged
   string "enabled"
   int32 1
   int32 0
   variant       boolean true
   array [
   ]
signal time=1788729204.271574 sender=:1.1 -> destination=(null destination) serial=116 path=/org/a11y/atspi/accessible/menus/n6d656e753a566965772f766965772e666f6375735f70726576; interface=org.a11y.atspi.Event.Object; member=StateChanged
   string "sensitive"
   int32 1
   int32 0
   variant       boolean true
   array [
   ]
signal time=1788729204.271612 sender=:1.1 -> destination=(null destination) serial=117 path=/org/a11y/atspi/accessible/menus/n6d656e753a56696577; interface=org.a11y.atspi.Event.Object; member=ChildrenChanged
   string "add"
   int32 14
   int32 0
   variant       struct {
         string ":1.1"
         object path "/org/a11y/atspi/accessible/menus/n6d656e753a566965772f766965772e66696c6c5f626f617264"
      }
   array [
   ]
signal time=1788729204.271664 sender=:1.1 -> destination=(null destination) serial=118 path=/org/a11y/atspi/accessible/menus/n6d656e753a566965772f766965772e66696c6c5f626f617264; interface=org.a11y.atspi.Event.Object; member=StateChanged
   string "focused"
   int32 0
   int32 0
   variant       boolean false
   array [
   ]
signal time=1788729204.271701 sender=:1.1 -> destination=(null destination) serial=119 path=/org/a11y/atspi/accessible/menus/n6d656e753a566965772f766965772e66696c6c5f626f617264; interface=org.a11y.atspi.Event.Object; member=StateChanged
   string "enabled"
   int32 1
   int32 0
   variant       boolean true
   array [
   ]
signal time=1788729204.271738 sender=:1.1 -> destination=(null destination) serial=120 path=/org/a11y/atspi/accessible/menus/n6d656e753a566965772f766965772e66696c6c5f626f617264; interface=org.a11y.atspi.Event.Object; member=StateChanged
   string "sensitive"
   int32 1
   int32 0
   variant       boolean true
   array [
   ]
signal time=1788729204.271775 sender=:1.1 -> destination=(null destination) serial=121 path=/org/a11y/atspi/accessible/menus/n6d656e753a56696577; interface=org.a11y.atspi.Event.Object; member=ChildrenChanged
   string "add"
   int32 15
   int32 0
   variant       struct {
         string ":1.1"
         object path "/org/a11y/atspi/accessible/menus/n6d656e753a566965772f766965772e66696c6c5f736368656d61746963"
      }
   array [
   ]
signal time=1788729204.271846 sender=:1.1 -> destination=(null destination) serial=122 path=/org/a11y/atspi/accessible/menus/n6d656e753a566965772f766965772e66696c6c5f736368656d61746963; interface=org.a11y.atspi.Event.Object; member=StateChanged
   string "focused"
   int32 0
   int32 0
   variant       boolean false
   array [
   ]
signal time=1788729204.271884 sender=:1.1 -> destination=(null destination) serial=123 path=/org/a11y/atspi/accessible/menus/n6d656e753a566965772f766965772e66696c6c5f736368656d61746963; interface=org.a11y.atspi.Event.Object; member=StateChanged
   string "enabled"
   int32 1
   int32 0
   variant       boolean true
   array [
   ]
signal time=1788729204.271925 sender=:1.1 -> destination=(null destination) serial=124 path=/org/a11y/atspi/accessible/menus/n6d656e753a566965772f766965772e66696c6c5f736368656d61746963; interface=org.a11y.atspi.Event.Object; member=StateChanged
   string "sensitive"
   int32 1
   int32 0
   variant       boolean true
   array [
   ]
signal time=1788729204.271962 sender=:1.1 -> destination=(null destination) serial=125 path=/org/a11y/atspi/accessible/menus/n6d656e753a56696577; interface=org.a11y.atspi.Event.Object; member=ChildrenChanged
   string "add"
   int32 16
   int32 0
   variant       struct {
         string ":1.1"
         object path "/org/a11y/atspi/accessible/menus/n6d656e753a566965772f766965772e7072657365745f73696e676c65"
      }
   array [
   ]
signal time=1788729204.272264 sender=:1.1 -> destination=(null destination) serial=126 path=/org/a11y/atspi/accessible/menus/n6d656e753a566965772f766965772e7072657365745f73696e676c65; interface=org.a11y.atspi.Event.Object; member=StateChanged
   string "focused"
   int32 0
   int32 0
   variant       boolean false
   array [
   ]
signal time=1788729204.272346 sender=:1.1 -> destination=(null destination) serial=127 path=/org/a11y/atspi/accessible/menus/n6d656e753a566965772f766965772e7072657365745f73696e676c65; interface=org.a11y.atspi.Event.Object; member=StateChanged
   string "enabled"
   int32 1
   int32 0
   variant       boolean true
   array [
   ]
signal time=1788729204.272412 sender=:1.1 -> destination=(null destination) serial=128 path=/org/a11y/atspi/accessible/menus/n6d656e753a566965772f766965772e7072657365745f73696e676c65; interface=org.a11y.atspi.Event.Object; member=StateChanged
   string "sensitive"
   int32 1
   int32 0
   variant       boolean true
   array [
   ]
signal time=1788729204.272483 sender=:1.1 -> destination=(null destination) serial=129 path=/org/a11y/atspi/accessible/menus/n6d656e753a56696577; interface=org.a11y.atspi.Event.Object; member=ChildrenChanged
   string "add"
   int32 17
   int32 0
   variant       struct {
         string ":1.1"
         object path "/org/a11y/atspi/accessible/menus/n6d656e753a566965772f766965772e7072657365745f626f6172645f736368656d61746963"
      }
   array [
   ]
signal time=1788729204.272539 sender=:1.1 -> destination=(null destination) serial=130 path=/org/a11y/atspi/accessible/menus/n6d656e753a566965772f766965772e7072657365745f626f6172645f736368656d61746963; interface=org.a11y.atspi.Event.Object; member=StateChanged
   string "focused"
   int32 0
   int32 0
   variant       boolean false
   array [
   ]
signal time=1788729204.272576 sender=:1.1 -> destination=(null destination) serial=131 path=/org/a11y/atspi/accessible/menus/n6d656e753a566965772f766965772e7072657365745f626f6172645f736368656d61746963; interface=org.a11y.atspi.Event.Object; member=StateChanged
   string "enabled"
   int32 1
   int32 0
   variant       boolean true
   array [
   ]
signal time=1788729204.272615 sender=:1.1 -> destination=(null destination) serial=132 path=/org/a11y/atspi/accessible/menus/n6d656e753a566965772f766965772e7072657365745f626f6172645f736368656d61746963; interface=org.a11y.atspi.Event.Object; member=StateChanged
   string "sensitive"
   int32 1
   int32 0
   variant       boolean true
   array [
   ]
signal time=1788729204.272651 sender=:1.1 -> destination=(null destination) serial=133 path=/org/a11y/atspi/accessible/menus/n6d656e753a56696577; interface=org.a11y.atspi.Event.Object; member=ChildrenChanged
   string "add"
   int32 18
   int32 0
   variant       struct {
         string ":1.1"
         object path "/org/a11y/atspi/accessible/menus/n6d656e753a566965772f766965772e637572736f722e66756c6c"
      }
   array [
   ]
signal time=1788729204.272724 sender=:1.1 -> destination=(null destination) serial=134 path=/org/a11y/atspi/accessible/menus/n6d656e753a566965772f766965772e637572736f722e66756c6c; interface=org.a11y.atspi.Event.Object; member=StateChanged
   string "focused"
   int32 0
   int32 0
   variant       boolean false
   array [
   ]
signal time=1788729204.272761 sender=:1.1 -> destination=(null destination) serial=135 path=/org/a11y/atspi/accessible/menus/n6d656e753a566965772f766965772e637572736f722e66756c6c; interface=org.a11y.atspi.Event.Object; member=StateChanged
   string "enabled"
   int32 1
   int32 0
   variant       boolean true
   array [
   ]
signal time=1788729204.272798 sender=:1.1 -> destination=(null destination) serial=136 path=/org/a11y/atspi/accessible/menus/n6d656e753a566965772f766965772e637572736f722e66756c6c; interface=org.a11y.atspi.Event.Object; member=StateChanged
   string "sensitive"
   int32 1
   int32 0
   variant       boolean true
   array [
   ]
signal time=1788729204.272835 sender=:1.1 -> destination=(null destination) serial=137 path=/org/a11y/atspi/accessible/menus/n6d656e753a56696577; interface=org.a11y.atspi.Event.Object; member=ChildrenChanged
   string "add"
   int32 19
   int32 0
   variant       struct {
         string ":1.1"
         object path "/org/a11y/atspi/accessible/menus/n6d656e753a566965772f766965772e637572736f722e736d616c6c"
      }
   array [
   ]
signal time=1788729204.272888 sender=:1.1 -> destination=(null destination) serial=138 path=/org/a11y/atspi/accessible/menus/n6d656e753a566965772f766965772e637572736f722e736d616c6c; interface=org.a11y.atspi.Event.Object; member=StateChanged
   string "focused"
   int32 0
   int32 0
   variant       boolean false
   array [
   ]
signal time=1788729204.272925 sender=:1.1 -> destination=(null destination) serial=139 path=/org/a11y/atspi/accessible/menus/n6d656e753a566965772f766965772e637572736f722e736d616c6c; interface=org.a11y.atspi.Event.Object; member=StateChanged
   string "enabled"
   int32 1
   int32 0
   variant       boolean true
   array [
   ]
signal time=1788729204.272963 sender=:1.1 -> destination=(null destination) serial=140 path=/org/a11y/atspi/accessible/menus/n6d656e753a566965772f766965772e637572736f722e736d616c6c; interface=org.a11y.atspi.Event.Object; member=StateChanged
   string "sensitive"
   int32 1
   int32 0
   variant       boolean true
   array [
   ]
signal time=1788729204.272999 sender=:1.1 -> destination=(null destination) serial=141 path=/org/a11y/atspi/accessible/menus/n6d656e753a56696577; interface=org.a11y.atspi.Event.Object; member=ChildrenChanged
   string "add"
   int32 20
   int32 0
   variant       struct {
         string ":1.1"
         object path "/org/a11y/atspi/accessible/menus/n6d656e753a566965772f766965772e637572736f722e6e6f6e65"
      }
   array [
   ]
signal time=1788729204.273174 sender=:1.1 -> destination=(null destination) serial=142 path=/org/a11y/atspi/accessible/menus/n6d656e753a566965772f766965772e637572736f722e6e6f6e65; interface=org.a11y.atspi.Event.Object; member=StateChanged
   string "focused"
   int32 0
   int32 0
   variant       boolean false
   array [
   ]
signal time=1788729204.273218 sender=:1.1 -> destination=(null destination) serial=143 path=/org/a11y/atspi/accessible/menus/n6d656e753a566965772f766965772e637572736f722e6e6f6e65; interface=org.a11y.atspi.Event.Object; member=StateChanged
   string "enabled"
   int32 1
   int32 0
   variant       boolean true
   array [
   ]
signal time=1788729204.273255 sender=:1.1 -> destination=(null destination) serial=144 path=/org/a11y/atspi/accessible/menus/n6d656e753a566965772f766965772e637572736f722e6e6f6e65; interface=org.a11y.atspi.Event.Object; member=StateChanged
   string "sensitive"
   int32 1
   int32 0
   variant       boolean true
   array [
   ]
signal time=1788729204.273302 sender=:1.1 -> destination=(null destination) serial=145 path=/org/a11y/atspi/accessible/menus/n6d656e753a56696577; interface=org.a11y.atspi.Event.Object; member=ChildrenChanged
   string "add"
   int32 21
   int32 0
   variant       struct {
         string ":1.1"
         object path "/org/a11y/atspi/accessible/menus/n6d656e753a566965772f766965772e636f6e736f6c655f686973746f7279"
      }
   array [
   ]
signal time=1788729204.273354 sender=:1.1 -> destination=(null destination) serial=146 path=/org/a11y/atspi/accessible/menus/n6d656e753a566965772f766965772e636f6e736f6c655f686973746f7279; interface=org.a11y.atspi.Event.Object; member=StateChanged
   string "focused"
   int32 0
   int32 0
   variant       boolean false
   array [
   ]
signal time=1788729204.273389 sender=:1.1 -> destination=(null destination) serial=147 path=/org/a11y/atspi/accessible/menus/n6d656e753a566965772f766965772e636f6e736f6c655f686973746f7279; interface=org.a11y.atspi.Event.Object; member=StateChanged
   string "enabled"
   int32 1
   int32 0
   variant       boolean true
   array [
   ]
signal time=1788729204.273427 sender=:1.1 -> destination=(null destination) serial=148 path=/org/a11y/atspi/accessible/menus/n6d656e753a566965772f766965772e636f6e736f6c655f686973746f7279; interface=org.a11y.atspi.Event.Object; member=StateChanged
   string "sensitive"
   int32 1
   int32 0
   variant       boolean true
   array [
   ]
signal time=1788729204.681249 sender=:1.1 -> destination=(null destination) serial=149 path=/org/a11y/atspi/accessible/menus/n6d656e753a56696577; interface=org.a11y.atspi.Event.Object; member=ChildrenChanged
   string "remove"
   int32 21
   int32 0
   variant       struct {
         string ":1.1"
         object path "/org/a11y/atspi/accessible/menus/n6d656e753a566965772f766965772e636f6e736f6c655f686973746f7279"
      }
   array [
   ]
signal time=1788729204.681386 sender=:1.1 -> destination=(null destination) serial=150 path=/org/a11y/atspi/accessible/menus/n6d656e753a56696577; interface=org.a11y.atspi.Event.Object; member=ChildrenChanged
   string "remove"
   int32 20
   int32 0
   variant       struct {
         string ":1.1"
         object path "/org/a11y/atspi/accessible/menus/n6d656e753a566965772f766965772e637572736f722e6e6f6e65"
      }
   array [
   ]
signal time=1788729204.681466 sender=:1.1 -> destination=(null destination) serial=151 path=/org/a11y/atspi/accessible/menus/n6d656e753a56696577; interface=org.a11y.atspi.Event.Object; member=ChildrenChanged
   string "remove"
   int32 19
   int32 0
   variant       struct {
         string ":1.1"
         object path "/org/a11y/atspi/accessible/menus/n6d656e753a566965772f766965772e637572736f722e736d616c6c"
      }
   array [
   ]
signal time=1788729204.681548 sender=:1.1 -> destination=(null destination) serial=152 path=/org/a11y/atspi/accessible/menus/n6d656e753a56696577; interface=org.a11y.atspi.Event.Object; member=ChildrenChanged
   string "remove"
   int32 18
   int32 0
   variant       struct {
         string ":1.1"
         object path "/org/a11y/atspi/accessible/menus/n6d656e753a566965772f766965772e637572736f722e66756c6c"
      }
   array [
   ]
signal time=1788729204.681704 sender=:1.1 -> destination=(null destination) serial=153 path=/org/a11y/atspi/accessible/menus/n6d656e753a56696577; interface=org.a11y.atspi.Event.Object; member=ChildrenChanged
   string "remove"
   int32 17
   int32 0
   variant       struct {
         string ":1.1"
         object path "/org/a11y/atspi/accessible/menus/n6d656e753a566965772f766965772e7072657365745f626f6172645f736368656d61746963"
      }
   array [
   ]
signal time=1788729204.681784 sender=:1.1 -> destination=(null destination) serial=154 path=/org/a11y/atspi/accessible/menus/n6d656e753a56696577; interface=org.a11y.atspi.Event.Object; member=ChildrenChanged
   string "remove"
   int32 16
   int32 0
   variant       struct {
         string ":1.1"
         object path "/org/a11y/atspi/accessible/menus/n6d656e753a566965772f766965772e7072657365745f73696e676c65"
      }
   array [
   ]
signal time=1788729204.681911 sender=:1.1 -> destination=(null destination) serial=155 path=/org/a11y/atspi/accessible/menus/n6d656e753a56696577; interface=org.a11y.atspi.Event.Object; member=ChildrenChanged
   string "remove"
   int32 15
   int32 0
   variant       struct {
         string ":1.1"
         object path "/org/a11y/atspi/accessible/menus/n6d656e753a566965772f766965772e66696c6c5f736368656d61746963"
      }
   array [
   ]
signal time=1788729204.682355 sender=:1.1 -> destination=(null destination) serial=156 path=/org/a11y/atspi/accessible/menus/n6d656e753a56696577; interface=org.a11y.atspi.Event.Object; member=ChildrenChanged
   string "remove"
   int32 14
   int32 0
   variant       struct {
         string ":1.1"
         object path "/org/a11y/atspi/accessible/menus/n6d656e753a566965772f766965772e66696c6c5f626f617264"
      }
   array [
   ]
signal time=1788729204.682436 sender=:1.1 -> destination=(null destination) serial=157 path=/org/a11y/atspi/accessible/menus/n6d656e753a56696577; interface=org.a11y.atspi.Event.Object; member=ChildrenChanged
   string "remove"
   int32 13
   int32 0
   variant       struct {
         string ":1.1"
         object path "/org/a11y/atspi/accessible/menus/n6d656e753a566965772f766965772e666f6375735f70726576"
      }
   array [
   ]
signal time=1788729204.682493 sender=:1.1 -> destination=(null destination) serial=158 path=/org/a11y/atspi/accessible/menus/n6d656e753a56696577; interface=org.a11y.atspi.Event.Object; member=ChildrenChanged
   string "remove"
   int32 12
   int32 0
   variant       struct {
         string ":1.1"
         object path "/org/a11y/atspi/accessible/menus/n6d656e753a566965772f766965772e666f6375735f6e657874"
      }
   array [
   ]
signal time=1788729204.682550 sender=:1.1 -> destination=(null destination) serial=159 path=/org/a11y/atspi/accessible/menus/n6d656e753a56696577; interface=org.a11y.atspi.Event.Object; member=ChildrenChanged
   string "remove"
   int32 11
   int32 0
   variant       struct {
         string ":1.1"
         object path "/org/a11y/atspi/accessible/menus/n6d656e753a566965772f766965772e6d6178696d697a655f70616e65"
      }
   array [
   ]
signal time=1788729204.682636 sender=:1.1 -> destination=(null destination) serial=160 path=/org/a11y/atspi/accessible/menus/n6d656e753a56696577; interface=org.a11y.atspi.Event.Object; member=ChildrenChanged
   string "remove"
   int32 10
   int32 0
   variant       struct {
         string ":1.1"
         object path "/org/a11y/atspi/accessible/menus/n6d656e753a566965772f766965772e636c6f73655f70616e65"
      }
   array [
   ]
signal time=1788729204.682728 sender=:1.1 -> destination=(null destination) serial=161 path=/org/a11y/atspi/accessible/menus/n6d656e753a56696577; interface=org.a11y.atspi.Event.Object; member=ChildrenChanged
   string "remove"
   int32 9
   int32 0
   variant       struct {
         string ":1.1"
         object path "/org/a11y/atspi/accessible/menus/n6d656e753a566965772f766965772e73706c69745f686f72697a6f6e74616c"
      }
   array [
   ]
signal time=1788729204.682817 sender=:1.1 -> destination=(null destination) serial=162 path=/org/a11y/atspi/accessible/menus/n6d656e753a56696577; interface=org.a11y.atspi.Event.Object; member=ChildrenChanged
   string "remove"
   int32 8
   int32 0
   variant       struct {
         string ":1.1"
         object path "/org/a11y/atspi/accessible/menus/n6d656e753a566965772f766965772e73706c69745f766572746963616c"
      }
   array [
   ]
signal time=1788729204.682881 sender=:1.1 -> destination=(null destination) serial=163 path=/org/a11y/atspi/accessible/menus/n6d656e753a56696577; interface=org.a11y.atspi.Event.Object; member=ChildrenChanged
   string "remove"
   int32 7
   int32 0
   variant       struct {
         string ":1.1"
         object path "/org/a11y/atspi/accessible/menus/n6d656e753a566965772f766965772e7265736574"
      }
   array [
   ]
signal time=1788729204.682948 sender=:1.1 -> destination=(null destination) serial=164 path=/org/a11y/atspi/accessible/menus/n6d656e753a56696577; interface=org.a11y.atspi.Event.Object; member=ChildrenChanged
   string "remove"
   int32 6
   int32 0
   variant       struct {
         string ":1.1"
         object path "/org/a11y/atspi/accessible/menus/n6d656e753a566965772f766965772e70616e656c73"
      }
   array [
   ]
signal time=1788729204.683039 sender=:1.1 -> destination=(null destination) serial=165 path=/org/a11y/atspi/accessible/menus/n6d656e753a56696577; interface=org.a11y.atspi.Event.Object; member=ChildrenChanged
   string "remove"
   int32 5
   int32 0
   variant       struct {
         string ":1.1"
         object path "/org/a11y/atspi/accessible/menus/n6d656e753a566965772f766965772e6c6179657273"
      }
   array [
   ]
signal time=1788729204.683101 sender=:1.1 -> destination=(null destination) serial=166 path=/org/a11y/atspi/accessible/menus/n6d656e753a56696577; interface=org.a11y.atspi.Event.Object; member=ChildrenChanged
   string "remove"
   int32 4
   int32 0
   variant       struct {
         string ":1.1"
         object path "/org/a11y/atspi/accessible/menus/n6d656e753a566965772f766965772e66756c6c73637265656e5f7374616765"
      }
   array [
   ]
signal time=1788729204.683163 sender=:1.1 -> destination=(null destination) serial=167 path=/org/a11y/atspi/accessible/menus/n6d656e753a56696577; interface=org.a11y.atspi.Event.Object; member=ChildrenChanged
   string "remove"
   int32 3
   int32 0
   variant       struct {
         string ":1.1"
         object path "/org/a11y/atspi/accessible/menus/n6d656e753a566965772f766965772e70616e655f7a6f6f6d"
      }
   array [
   ]
signal time=1788729204.683437 sender=:1.1 -> destination=(null destination) serial=168 path=/org/a11y/atspi/accessible/menus/n6d656e753a56696577; interface=org.a11y.atspi.Event.Object; member=ChildrenChanged
   string "remove"
   int32 2
   int32 0
   variant       struct {
         string ":1.1"
         object path "/org/a11y/atspi/accessible/menus/n6d656e753a566965772f766965772e7a6f6f6d5f6f7574"
      }
   array [
   ]
signal time=1788729204.683541 sender=:1.1 -> destination=(null destination) serial=169 path=/org/a11y/atspi/accessible/menus/n6d656e753a56696577; interface=org.a11y.atspi.Event.Object; member=ChildrenChanged
   string "remove"
   int32 1
   int32 0
   variant       struct {
         string ":1.1"
         object path "/org/a11y/atspi/accessible/menus/n6d656e753a566965772f766965772e7a6f6f6d5f696e"
      }
   array [
   ]
signal time=1788729204.683597 sender=:1.1 -> destination=(null destination) serial=170 path=/org/a11y/atspi/accessible/menus/n6d656e753a56696577; interface=org.a11y.atspi.Event.Object; member=ChildrenChanged
   string "remove"
   int32 0
   int32 0
   variant       struct {
         string ":1.1"
         object path "/org/a11y/atspi/accessible/menus/n6d656e753a566965772f766965772e666974"
      }
   array [
   ]
signal time=1788729204.683649 sender=:1.1 -> destination=(null destination) serial=171 path=/org/a11y/atspi/accessible/root; interface=org.a11y.atspi.Event.Object; member=ChildrenChanged
   string "remove"
   int32 1
   int32 0
   variant       struct {
         string ":1.1"
         object path "/org/a11y/atspi/accessible/menus/n6d656e753a56696577"
      }
   array [
   ]
signal time=1788729204.686727 sender=:1.1 -> destination=(null destination) serial=172 path=/org/a11y/atspi/accessible/root; interface=org.a11y.atspi.Event.Object; member=Announcement
   string "Action. Information: view fit"
   int32 1
   int32 0
   variant       string "Action. Information: view fit"
   array [
   ]
signal time=1788729206.075820 sender=org.freedesktop.DBus -> destination=(null destination) serial=69 path=/org/freedesktop/DBus; interface=org.freedesktop.DBus; member=NameOwnerChanged
   string ":1.35"
   string ""
   string ":1.35"
signal time=1788729206.075924 sender=org.freedesktop.DBus -> destination=:1.35 serial=2 path=/org/freedesktop/DBus; interface=org.freedesktop.DBus; member=NameAcquired
   string ":1.35"
signal time=1788729206.080209 sender=org.freedesktop.DBus -> destination=:1.35 serial=3 path=/org/freedesktop/DBus; interface=org.freedesktop.DBus; member=NameLost
   string ":1.35"
signal time=1788729206.080313 sender=org.freedesktop.DBus -> destination=(null destination) serial=70 path=/org/freedesktop/DBus; interface=org.freedesktop.DBus; member=NameOwnerChanged
   string ":1.35"
   string ":1.35"
   string ""
signal time=1788729206.080470 sender=:1.2 -> destination=(null destination) serial=50 path=/org/a11y/atspi/registry; interface=org.a11y.atspi.Registry; member=EventListenerDeregistered
   string ":1.35"
   string ""
signal time=1788729206.093375 sender=org.freedesktop.DBus -> destination=(null destination) serial=71 path=/org/freedesktop/DBus; interface=org.freedesktop.DBus; member=NameOwnerChanged
   string ":1.36"
   string ""
   string ":1.36"
signal time=1788729206.093451 sender=org.freedesktop.DBus -> destination=:1.36 serial=2 path=/org/freedesktop/DBus; interface=org.freedesktop.DBus; member=NameAcquired
   string ":1.36"
signal time=1788729206.096217 sender=org.freedesktop.DBus -> destination=:1.36 serial=5 path=/org/freedesktop/DBus; interface=org.freedesktop.DBus; member=NameLost
   string ":1.36"
signal time=1788729206.096274 sender=org.freedesktop.DBus -> destination=(null destination) serial=72 path=/org/freedesktop/DBus; interface=org.freedesktop.DBus; member=NameOwnerChanged
   string ":1.36"
   string ":1.36"
   string ""
signal time=1788729206.096547 sender=:1.2 -> destination=(null destination) serial=51 path=/org/a11y/atspi/registry; interface=org.a11y.atspi.Registry; member=EventListenerDeregistered
   string ":1.36"
   string ""
signal time=1788729206.107600 sender=org.freedesktop.DBus -> destination=(null destination) serial=73 path=/org/freedesktop/DBus; interface=org.freedesktop.DBus; member=NameOwnerChanged
   string ":1.37"
   string ""
   string ":1.37"
signal time=1788729206.107669 sender=org.freedesktop.DBus -> destination=:1.37 serial=2 path=/org/freedesktop/DBus; interface=org.freedesktop.DBus; member=NameAcquired
   string ":1.37"
signal time=1788729206.110422 sender=org.freedesktop.DBus -> destination=:1.37 serial=3 path=/org/freedesktop/DBus; interface=org.freedesktop.DBus; member=NameLost
   string ":1.37"
signal time=1788729206.110497 sender=org.freedesktop.DBus -> destination=(null destination) serial=74 path=/org/freedesktop/DBus; interface=org.freedesktop.DBus; member=NameOwnerChanged
   string ":1.37"
   string ":1.37"
   string ""
signal time=1788729206.110650 sender=:1.2 -> destination=(null destination) serial=52 path=/org/a11y/atspi/registry; interface=org.a11y.atspi.Registry; member=EventListenerDeregistered
   string ":1.37"
   string ""
signal time=1788729206.122181 sender=org.freedesktop.DBus -> destination=(null destination) serial=75 path=/org/freedesktop/DBus; interface=org.freedesktop.DBus; member=NameOwnerChanged
   string ":1.38"
   string ""
   string ":1.38"
signal time=1788729206.122247 sender=org.freedesktop.DBus -> destination=:1.38 serial=2 path=/org/freedesktop/DBus; interface=org.freedesktop.DBus; member=NameAcquired
   string ":1.38"
signal time=1788729206.125066 sender=org.freedesktop.DBus -> destination=:1.38 serial=3 path=/org/freedesktop/DBus; interface=org.freedesktop.DBus; member=NameLost
   string ":1.38"
signal time=1788729206.125091 sender=org.freedesktop.DBus -> destination=(null destination) serial=76 path=/org/freedesktop/DBus; interface=org.freedesktop.DBus; member=NameOwnerChanged
   string ":1.38"
   string ":1.38"
   string ""
signal time=1788729206.125105 sender=:1.2 -> destination=(null destination) serial=53 path=/org/a11y/atspi/registry; interface=org.a11y.atspi.Registry; member=EventListenerDeregistered
   string ":1.38"
   string ""
signal time=1788729206.131127 sender=org.freedesktop.DBus -> destination=(null destination) serial=77 path=/org/freedesktop/DBus; interface=org.freedesktop.DBus; member=NameOwnerChanged
   string ":1.39"
   string ""
   string ":1.39"
signal time=1788729206.131165 sender=org.freedesktop.DBus -> destination=:1.39 serial=2 path=/org/freedesktop/DBus; interface=org.freedesktop.DBus; member=NameAcquired
   string ":1.39"
signal time=1788729206.132423 sender=org.freedesktop.DBus -> destination=:1.39 serial=3 path=/org/freedesktop/DBus; interface=org.freedesktop.DBus; member=NameLost
   string ":1.39"
signal time=1788729206.132461 sender=org.freedesktop.DBus -> destination=(null destination) serial=78 path=/org/freedesktop/DBus; interface=org.freedesktop.DBus; member=NameOwnerChanged
   string ":1.39"
   string ":1.39"
   string ""
signal time=1788729206.132548 sender=:1.2 -> destination=(null destination) serial=54 path=/org/a11y/atspi/registry; interface=org.a11y.atspi.Registry; member=EventListenerDeregistered
   string ":1.39"
   string ""
signal time=1788729206.137776 sender=org.freedesktop.DBus -> destination=(null destination) serial=79 path=/org/freedesktop/DBus; interface=org.freedesktop.DBus; member=NameOwnerChanged
   string ":1.40"
   string ""
   string ":1.40"
signal time=1788729206.137821 sender=org.freedesktop.DBus -> destination=:1.40 serial=2 path=/org/freedesktop/DBus; interface=org.freedesktop.DBus; member=NameAcquired
   string ":1.40"
signal time=1788729206.139261 sender=org.freedesktop.DBus -> destination=:1.40 serial=3 path=/org/freedesktop/DBus; interface=org.freedesktop.DBus; member=NameLost
   string ":1.40"
signal time=1788729206.139281 sender=org.freedesktop.DBus -> destination=(null destination) serial=80 path=/org/freedesktop/DBus; interface=org.freedesktop.DBus; member=NameOwnerChanged
   string ":1.40"
   string ":1.40"
   string ""
signal time=1788729206.139405 sender=:1.2 -> destination=(null destination) serial=55 path=/org/a11y/atspi/registry; interface=org.a11y.atspi.Registry; member=EventListenerDeregistered
   string ":1.40"
   string ""
signal time=1788729206.143884 sender=org.freedesktop.DBus -> destination=(null destination) serial=81 path=/org/freedesktop/DBus; interface=org.freedesktop.DBus; member=NameOwnerChanged
   string ":1.41"
   string ""
   string ":1.41"
signal time=1788729206.143924 sender=org.freedesktop.DBus -> destination=:1.41 serial=2 path=/org/freedesktop/DBus; interface=org.freedesktop.DBus; member=NameAcquired
   string ":1.41"
signal time=1788729206.145057 sender=org.freedesktop.DBus -> destination=:1.41 serial=3 path=/org/freedesktop/DBus; interface=org.freedesktop.DBus; member=NameLost
   string ":1.41"
signal time=1788729206.145075 sender=org.freedesktop.DBus -> destination=(null destination) serial=82 path=/org/freedesktop/DBus; interface=org.freedesktop.DBus; member=NameOwnerChanged
   string ":1.41"
   string ":1.41"
   string ""
signal time=1788729206.145172 sender=:1.2 -> destination=(null destination) serial=56 path=/org/a11y/atspi/registry; interface=org.a11y.atspi.Registry; member=EventListenerDeregistered
   string ":1.41"
   string ""
signal time=1788729206.150652 sender=org.freedesktop.DBus -> destination=(null destination) serial=83 path=/org/freedesktop/DBus; interface=org.freedesktop.DBus; member=NameOwnerChanged
   string ":1.42"
   string ""
   string ":1.42"
signal time=1788729206.150698 sender=org.freedesktop.DBus -> destination=:1.42 serial=2 path=/org/freedesktop/DBus; interface=org.freedesktop.DBus; member=NameAcquired
   string ":1.42"
signal time=1788729206.152205 sender=org.freedesktop.DBus -> destination=:1.42 serial=3 path=/org/freedesktop/DBus; interface=org.freedesktop.DBus; member=NameLost
   string ":1.42"
signal time=1788729206.152222 sender=org.freedesktop.DBus -> destination=(null destination) serial=84 path=/org/freedesktop/DBus; interface=org.freedesktop.DBus; member=NameOwnerChanged
   string ":1.42"
   string ":1.42"
   string ""
signal time=1788729206.152344 sender=:1.2 -> destination=(null destination) serial=57 path=/org/a11y/atspi/registry; interface=org.a11y.atspi.Registry; member=EventListenerDeregistered
   string ":1.42"
   string ""
signal time=1788729206.559828 sender=org.freedesktop.DBus -> destination=(null destination) serial=85 path=/org/freedesktop/DBus; interface=org.freedesktop.DBus; member=NameOwnerChanged
   string ":1.43"
   string ""
   string ":1.43"
signal time=1788729206.559856 sender=org.freedesktop.DBus -> destination=:1.43 serial=2 path=/org/freedesktop/DBus; interface=org.freedesktop.DBus; member=NameAcquired
   string ":1.43"
signal time=1788729206.561564 sender=org.freedesktop.DBus -> destination=:1.43 serial=3 path=/org/freedesktop/DBus; interface=org.freedesktop.DBus; member=NameLost
   string ":1.43"
signal time=1788729206.561578 sender=org.freedesktop.DBus -> destination=(null destination) serial=86 path=/org/freedesktop/DBus; interface=org.freedesktop.DBus; member=NameOwnerChanged
   string ":1.43"
   string ":1.43"
   string ""
signal time=1788729206.561746 sender=:1.2 -> destination=(null destination) serial=60 path=/org/a11y/atspi/registry; interface=org.a11y.atspi.Registry; member=EventListenerDeregistered
   string ":1.43"
   string ""
signal time=1788729206.565781 sender=org.freedesktop.DBus -> destination=(null destination) serial=87 path=/org/freedesktop/DBus; interface=org.freedesktop.DBus; member=NameOwnerChanged
   string ":1.44"
   string ""
   string ":1.44"
signal time=1788729206.565835 sender=org.freedesktop.DBus -> destination=:1.44 serial=2 path=/org/freedesktop/DBus; interface=org.freedesktop.DBus; member=NameAcquired
   string ":1.44"
signal time=1788729206.566876 sender=org.freedesktop.DBus -> destination=:1.44 serial=5 path=/org/freedesktop/DBus; interface=org.freedesktop.DBus; member=NameLost
   string ":1.44"
signal time=1788729206.566900 sender=org.freedesktop.DBus -> destination=(null destination) serial=88 path=/org/freedesktop/DBus; interface=org.freedesktop.DBus; member=NameOwnerChanged
   string ":1.44"
   string ":1.44"
   string ""
signal time=1788729206.567033 sender=:1.2 -> destination=(null destination) serial=61 path=/org/a11y/atspi/registry; interface=org.a11y.atspi.Registry; member=EventListenerDeregistered
   string ":1.44"
   string ""
signal time=1788729206.571514 sender=org.freedesktop.DBus -> destination=(null destination) serial=89 path=/org/freedesktop/DBus; interface=org.freedesktop.DBus; member=NameOwnerChanged
   string ":1.45"
   string ""
   string ":1.45"
signal time=1788729206.571544 sender=org.freedesktop.DBus -> destination=:1.45 serial=2 path=/org/freedesktop/DBus; interface=org.freedesktop.DBus; member=NameAcquired
   string ":1.45"
signal time=1788729206.573073 sender=org.freedesktop.DBus -> destination=:1.45 serial=3 path=/org/freedesktop/DBus; interface=org.freedesktop.DBus; member=NameLost
   string ":1.45"
signal time=1788729206.573092 sender=org.freedesktop.DBus -> destination=(null destination) serial=90 path=/org/freedesktop/DBus; interface=org.freedesktop.DBus; member=NameOwnerChanged
   string ":1.45"
   string ":1.45"
   string ""
signal time=1788729206.573163 sender=:1.2 -> destination=(null destination) serial=62 path=/org/a11y/atspi/registry; interface=org.a11y.atspi.Registry; member=EventListenerDeregistered
   string ":1.45"
   string ""
signal time=1788729206.577193 sender=org.freedesktop.DBus -> destination=(null destination) serial=91 path=/org/freedesktop/DBus; interface=org.freedesktop.DBus; member=NameOwnerChanged
   string ":1.46"
   string ""
   string ":1.46"
signal time=1788729206.577225 sender=org.freedesktop.DBus -> destination=:1.46 serial=2 path=/org/freedesktop/DBus; interface=org.freedesktop.DBus; member=NameAcquired
   string ":1.46"
signal time=1788729206.578898 sender=org.freedesktop.DBus -> destination=:1.46 serial=3 path=/org/freedesktop/DBus; interface=org.freedesktop.DBus; member=NameLost
   string ":1.46"
signal time=1788729206.578919 sender=org.freedesktop.DBus -> destination=(null destination) serial=92 path=/org/freedesktop/DBus; interface=org.freedesktop.DBus; member=NameOwnerChanged
   string ":1.46"
   string ":1.46"
   string ""
signal time=1788729206.578952 sender=:1.2 -> destination=(null destination) serial=63 path=/org/a11y/atspi/registry; interface=org.a11y.atspi.Registry; member=EventListenerDeregistered
   string ":1.46"
   string ""
signal time=1788729206.583601 sender=org.freedesktop.DBus -> destination=(null destination) serial=93 path=/org/freedesktop/DBus; interface=org.freedesktop.DBus; member=NameOwnerChanged
   string ":1.47"
   string ""
   string ":1.47"
signal time=1788729206.583657 sender=org.freedesktop.DBus -> destination=:1.47 serial=2 path=/org/freedesktop/DBus; interface=org.freedesktop.DBus; member=NameAcquired
   string ":1.47"
signal time=1788729206.584571 sender=org.freedesktop.DBus -> destination=:1.47 serial=3 path=/org/freedesktop/DBus; interface=org.freedesktop.DBus; member=NameLost
   string ":1.47"
signal time=1788729206.584607 sender=org.freedesktop.DBus -> destination=(null destination) serial=94 path=/org/freedesktop/DBus; interface=org.freedesktop.DBus; member=NameOwnerChanged
   string ":1.47"
   string ":1.47"
   string ""
signal time=1788729206.584734 sender=:1.2 -> destination=(null destination) serial=64 path=/org/a11y/atspi/registry; interface=org.a11y.atspi.Registry; member=EventListenerDeregistered
   string ":1.47"
   string ""
signal time=1788729206.589072 sender=org.freedesktop.DBus -> destination=(null destination) serial=95 path=/org/freedesktop/DBus; interface=org.freedesktop.DBus; member=NameOwnerChanged
   string ":1.48"
   string ""
   string ":1.48"
signal time=1788729206.589098 sender=org.freedesktop.DBus -> destination=:1.48 serial=2 path=/org/freedesktop/DBus; interface=org.freedesktop.DBus; member=NameAcquired
   string ":1.48"
signal time=1788729206.590322 sender=org.freedesktop.DBus -> destination=:1.48 serial=3 path=/org/freedesktop/DBus; interface=org.freedesktop.DBus; member=NameLost
   string ":1.48"
signal time=1788729206.590341 sender=org.freedesktop.DBus -> destination=(null destination) serial=96 path=/org/freedesktop/DBus; interface=org.freedesktop.DBus; member=NameOwnerChanged
   string ":1.48"
   string ":1.48"
   string ""
signal time=1788729206.590446 sender=:1.2 -> destination=(null destination) serial=65 path=/org/a11y/atspi/registry; interface=org.a11y.atspi.Registry; member=EventListenerDeregistered
   string ":1.48"
   string ""
signal time=1788729206.594041 sender=org.freedesktop.DBus -> destination=(null destination) serial=97 path=/org/freedesktop/DBus; interface=org.freedesktop.DBus; member=NameOwnerChanged
   string ":1.49"
   string ""
   string ":1.49"
signal time=1788729206.594071 sender=org.freedesktop.DBus -> destination=:1.49 serial=2 path=/org/freedesktop/DBus; interface=org.freedesktop.DBus; member=NameAcquired
   string ":1.49"
signal time=1788729206.595262 sender=org.freedesktop.DBus -> destination=:1.49 serial=3 path=/org/freedesktop/DBus; interface=org.freedesktop.DBus; member=NameLost
   string ":1.49"
signal time=1788729206.595278 sender=org.freedesktop.DBus -> destination=(null destination) serial=98 path=/org/freedesktop/DBus; interface=org.freedesktop.DBus; member=NameOwnerChanged
   string ":1.49"
   string ":1.49"
   string ""
signal time=1788729206.595354 sender=:1.2 -> destination=(null destination) serial=66 path=/org/a11y/atspi/registry; interface=org.a11y.atspi.Registry; member=EventListenerDeregistered
   string ":1.49"
   string ""
signal time=1788729206.599431 sender=org.freedesktop.DBus -> destination=(null destination) serial=99 path=/org/freedesktop/DBus; interface=org.freedesktop.DBus; member=NameOwnerChanged
   string ":1.50"
   string ""
   string ":1.50"
signal time=1788729206.599483 sender=org.freedesktop.DBus -> destination=:1.50 serial=2 path=/org/freedesktop/DBus; interface=org.freedesktop.DBus; member=NameAcquired
   string ":1.50"
signal time=1788729206.601256 sender=org.freedesktop.DBus -> destination=:1.50 serial=3 path=/org/freedesktop/DBus; interface=org.freedesktop.DBus; member=NameLost
   string ":1.50"
signal time=1788729206.601284 sender=org.freedesktop.DBus -> destination=(null destination) serial=100 path=/org/freedesktop/DBus; interface=org.freedesktop.DBus; member=NameOwnerChanged
   string ":1.50"
   string ":1.50"
   string ""
signal time=1788729206.601321 sender=:1.2 -> destination=(null destination) serial=67 path=/org/a11y/atspi/registry; interface=org.a11y.atspi.Registry; member=EventListenerDeregistered
   string ":1.50"
   string ""
signal time=1788729208.773868 sender=org.freedesktop.DBus -> destination=(null destination) serial=101 path=/org/freedesktop/DBus; interface=org.freedesktop.DBus; member=NameOwnerChanged
   string ":1.51"
   string ""
   string ":1.51"
signal time=1788729208.773985 sender=org.freedesktop.DBus -> destination=:1.51 serial=2 path=/org/freedesktop/DBus; interface=org.freedesktop.DBus; member=NameAcquired
   string ":1.51"
signal time=1788729208.777421 sender=org.freedesktop.DBus -> destination=:1.51 serial=3 path=/org/freedesktop/DBus; interface=org.freedesktop.DBus; member=NameLost
   string ":1.51"
signal time=1788729208.777491 sender=org.freedesktop.DBus -> destination=(null destination) serial=102 path=/org/freedesktop/DBus; interface=org.freedesktop.DBus; member=NameOwnerChanged
   string ":1.51"
   string ":1.51"
   string ""
signal time=1788729208.777714 sender=:1.2 -> destination=(null destination) serial=70 path=/org/a11y/atspi/registry; interface=org.a11y.atspi.Registry; member=EventListenerDeregistered
   string ":1.51"
   string ""
signal time=1788729208.790787 sender=org.freedesktop.DBus -> destination=(null destination) serial=103 path=/org/freedesktop/DBus; interface=org.freedesktop.DBus; member=NameOwnerChanged
   string ":1.52"
   string ""
   string ":1.52"
signal time=1788729208.790881 sender=org.freedesktop.DBus -> destination=:1.52 serial=2 path=/org/freedesktop/DBus; interface=org.freedesktop.DBus; member=NameAcquired
   string ":1.52"
signal time=1788729208.793952 sender=org.freedesktop.DBus -> destination=:1.52 serial=5 path=/org/freedesktop/DBus; interface=org.freedesktop.DBus; member=NameLost
   string ":1.52"
signal time=1788729208.794003 sender=org.freedesktop.DBus -> destination=(null destination) serial=104 path=/org/freedesktop/DBus; interface=org.freedesktop.DBus; member=NameOwnerChanged
   string ":1.52"
   string ":1.52"
   string ""
signal time=1788729208.794238 sender=:1.2 -> destination=(null destination) serial=71 path=/org/a11y/atspi/registry; interface=org.a11y.atspi.Registry; member=EventListenerDeregistered
   string ":1.52"
   string ""
signal time=1788729208.805392 sender=org.freedesktop.DBus -> destination=(null destination) serial=105 path=/org/freedesktop/DBus; interface=org.freedesktop.DBus; member=NameOwnerChanged
   string ":1.53"
   string ""
   string ":1.53"
signal time=1788729208.805478 sender=org.freedesktop.DBus -> destination=:1.53 serial=2 path=/org/freedesktop/DBus; interface=org.freedesktop.DBus; member=NameAcquired
   string ":1.53"
signal time=1788729208.808570 sender=org.freedesktop.DBus -> destination=:1.53 serial=3 path=/org/freedesktop/DBus; interface=org.freedesktop.DBus; member=NameLost
   string ":1.53"
signal time=1788729208.808625 sender=org.freedesktop.DBus -> destination=(null destination) serial=106 path=/org/freedesktop/DBus; interface=org.freedesktop.DBus; member=NameOwnerChanged
   string ":1.53"
   string ":1.53"
   string ""
signal time=1788729208.808844 sender=:1.2 -> destination=(null destination) serial=72 path=/org/a11y/atspi/registry; interface=org.a11y.atspi.Registry; member=EventListenerDeregistered
   string ":1.53"
   string ""
signal time=1788729208.819651 sender=org.freedesktop.DBus -> destination=(null destination) serial=107 path=/org/freedesktop/DBus; interface=org.freedesktop.DBus; member=NameOwnerChanged
   string ":1.54"
   string ""
   string ":1.54"
signal time=1788729208.819717 sender=org.freedesktop.DBus -> destination=:1.54 serial=2 path=/org/freedesktop/DBus; interface=org.freedesktop.DBus; member=NameAcquired
   string ":1.54"
signal time=1788729208.822948 sender=org.freedesktop.DBus -> destination=:1.54 serial=3 path=/org/freedesktop/DBus; interface=org.freedesktop.DBus; member=NameLost
   string ":1.54"
signal time=1788729208.822997 sender=org.freedesktop.DBus -> destination=(null destination) serial=108 path=/org/freedesktop/DBus; interface=org.freedesktop.DBus; member=NameOwnerChanged
   string ":1.54"
   string ":1.54"
   string ""
signal time=1788729208.823198 sender=:1.2 -> destination=(null destination) serial=73 path=/org/a11y/atspi/registry; interface=org.a11y.atspi.Registry; member=EventListenerDeregistered
   string ":1.54"
   string ""
signal time=1788729208.832996 sender=org.freedesktop.DBus -> destination=(null destination) serial=109 path=/org/freedesktop/DBus; interface=org.freedesktop.DBus; member=NameOwnerChanged
   string ":1.55"
   string ""
   string ":1.55"
signal time=1788729208.833069 sender=org.freedesktop.DBus -> destination=:1.55 serial=2 path=/org/freedesktop/DBus; interface=org.freedesktop.DBus; member=NameAcquired
   string ":1.55"
signal time=1788729208.836770 sender=org.freedesktop.DBus -> destination=:1.55 serial=3 path=/org/freedesktop/DBus; interface=org.freedesktop.DBus; member=NameLost
   string ":1.55"
signal time=1788729208.837074 sender=org.freedesktop.DBus -> destination=(null destination) serial=110 path=/org/freedesktop/DBus; interface=org.freedesktop.DBus; member=NameOwnerChanged
   string ":1.55"
   string ":1.55"
   string ""
signal time=1788729208.837177 sender=:1.2 -> destination=(null destination) serial=74 path=/org/a11y/atspi/registry; interface=org.a11y.atspi.Registry; member=EventListenerDeregistered
   string ":1.55"
   string ""
signal time=1788729208.848698 sender=org.freedesktop.DBus -> destination=(null destination) serial=111 path=/org/freedesktop/DBus; interface=org.freedesktop.DBus; member=NameOwnerChanged
   string ":1.56"
   string ""
   string ":1.56"
signal time=1788729208.848805 sender=org.freedesktop.DBus -> destination=:1.56 serial=2 path=/org/freedesktop/DBus; interface=org.freedesktop.DBus; member=NameAcquired
   string ":1.56"
signal time=1788729208.851615 sender=org.freedesktop.DBus -> destination=:1.56 serial=3 path=/org/freedesktop/DBus; interface=org.freedesktop.DBus; member=NameLost
   string ":1.56"
signal time=1788729208.851680 sender=org.freedesktop.DBus -> destination=(null destination) serial=112 path=/org/freedesktop/DBus; interface=org.freedesktop.DBus; member=NameOwnerChanged
   string ":1.56"
   string ":1.56"
   string ""
signal time=1788729208.851909 sender=:1.2 -> destination=(null destination) serial=75 path=/org/a11y/atspi/registry; interface=org.a11y.atspi.Registry; member=EventListenerDeregistered
   string ":1.56"
   string ""
signal time=1788729208.860806 sender=org.freedesktop.DBus -> destination=(null destination) serial=113 path=/org/freedesktop/DBus; interface=org.freedesktop.DBus; member=NameOwnerChanged
   string ":1.57"
   string ""
   string ":1.57"
signal time=1788729208.860865 sender=org.freedesktop.DBus -> destination=:1.57 serial=2 path=/org/freedesktop/DBus; interface=org.freedesktop.DBus; member=NameAcquired
   string ":1.57"
signal time=1788729208.862789 sender=org.freedesktop.DBus -> destination=:1.57 serial=3 path=/org/freedesktop/DBus; interface=org.freedesktop.DBus; member=NameLost
   string ":1.57"
signal time=1788729208.862841 sender=org.freedesktop.DBus -> destination=(null destination) serial=114 path=/org/freedesktop/DBus; interface=org.freedesktop.DBus; member=NameOwnerChanged
   string ":1.57"
   string ":1.57"
   string ""
signal time=1788729208.863007 sender=:1.2 -> destination=(null destination) serial=76 path=/org/a11y/atspi/registry; interface=org.a11y.atspi.Registry; member=EventListenerDeregistered
   string ":1.57"
   string ""
signal time=1788729208.869618 sender=org.freedesktop.DBus -> destination=(null destination) serial=115 path=/org/freedesktop/DBus; interface=org.freedesktop.DBus; member=NameOwnerChanged
   string ":1.58"
   string ""
   string ":1.58"
signal time=1788729208.869670 sender=org.freedesktop.DBus -> destination=:1.58 serial=2 path=/org/freedesktop/DBus; interface=org.freedesktop.DBus; member=NameAcquired
   string ":1.58"
signal time=1788729208.871811 sender=org.freedesktop.DBus -> destination=:1.58 serial=3 path=/org/freedesktop/DBus; interface=org.freedesktop.DBus; member=NameLost
   string ":1.58"
signal time=1788729208.871845 sender=org.freedesktop.DBus -> destination=(null destination) serial=116 path=/org/freedesktop/DBus; interface=org.freedesktop.DBus; member=NameOwnerChanged
   string ":1.58"
   string ":1.58"
   string ""
signal time=1788729208.872032 sender=:1.2 -> destination=(null destination) serial=77 path=/org/a11y/atspi/registry; interface=org.a11y.atspi.Registry; member=EventListenerDeregistered
   string ":1.58"
   string ""
signal time=1788729209.289201 sender=org.freedesktop.DBus -> destination=(null destination) serial=117 path=/org/freedesktop/DBus; interface=org.freedesktop.DBus; member=NameOwnerChanged
   string ":1.59"
   string ""
   string ":1.59"
signal time=1788729209.289258 sender=org.freedesktop.DBus -> destination=:1.59 serial=2 path=/org/freedesktop/DBus; interface=org.freedesktop.DBus; member=NameAcquired
   string ":1.59"
signal time=1788729209.290955 sender=org.freedesktop.DBus -> destination=:1.59 serial=3 path=/org/freedesktop/DBus; interface=org.freedesktop.DBus; member=NameLost
   string ":1.59"
signal time=1788729209.290979 sender=org.freedesktop.DBus -> destination=(null destination) serial=118 path=/org/freedesktop/DBus; interface=org.freedesktop.DBus; member=NameOwnerChanged
   string ":1.59"
   string ":1.59"
   string ""
signal time=1788729209.291051 sender=:1.2 -> destination=(null destination) serial=80 path=/org/a11y/atspi/registry; interface=org.a11y.atspi.Registry; member=EventListenerDeregistered
   string ":1.59"
   string ""
signal time=1788729209.295092 sender=org.freedesktop.DBus -> destination=(null destination) serial=119 path=/org/freedesktop/DBus; interface=org.freedesktop.DBus; member=NameOwnerChanged
   string ":1.60"
   string ""
   string ":1.60"
signal time=1788729209.295127 sender=org.freedesktop.DBus -> destination=:1.60 serial=2 path=/org/freedesktop/DBus; interface=org.freedesktop.DBus; member=NameAcquired
   string ":1.60"
signal time=1788729209.296394 sender=org.freedesktop.DBus -> destination=:1.60 serial=5 path=/org/freedesktop/DBus; interface=org.freedesktop.DBus; member=NameLost
   string ":1.60"
signal time=1788729209.296414 sender=org.freedesktop.DBus -> destination=(null destination) serial=120 path=/org/freedesktop/DBus; interface=org.freedesktop.DBus; member=NameOwnerChanged
   string ":1.60"
   string ":1.60"
   string ""
signal time=1788729209.296462 sender=:1.2 -> destination=(null destination) serial=81 path=/org/a11y/atspi/registry; interface=org.a11y.atspi.Registry; member=EventListenerDeregistered
   string ":1.60"
   string ""
signal time=1788729209.300785 sender=org.freedesktop.DBus -> destination=(null destination) serial=121 path=/org/freedesktop/DBus; interface=org.freedesktop.DBus; member=NameOwnerChanged
   string ":1.61"
   string ""
   string ":1.61"
signal time=1788729209.300823 sender=org.freedesktop.DBus -> destination=:1.61 serial=2 path=/org/freedesktop/DBus; interface=org.freedesktop.DBus; member=NameAcquired
   string ":1.61"
signal time=1788729209.302002 sender=org.freedesktop.DBus -> destination=:1.61 serial=3 path=/org/freedesktop/DBus; interface=org.freedesktop.DBus; member=NameLost
   string ":1.61"
signal time=1788729209.302027 sender=org.freedesktop.DBus -> destination=(null destination) serial=122 path=/org/freedesktop/DBus; interface=org.freedesktop.DBus; member=NameOwnerChanged
   string ":1.61"
   string ":1.61"
   string ""
signal time=1788729209.302214 sender=:1.2 -> destination=(null destination) serial=82 path=/org/a11y/atspi/registry; interface=org.a11y.atspi.Registry; member=EventListenerDeregistered
   string ":1.61"
   string ""
signal time=1788729209.306433 sender=org.freedesktop.DBus -> destination=(null destination) serial=123 path=/org/freedesktop/DBus; interface=org.freedesktop.DBus; member=NameOwnerChanged
   string ":1.62"
   string ""
   string ":1.62"
signal time=1788729209.306466 sender=org.freedesktop.DBus -> destination=:1.62 serial=2 path=/org/freedesktop/DBus; interface=org.freedesktop.DBus; member=NameAcquired
   string ":1.62"
signal time=1788729209.307810 sender=org.freedesktop.DBus -> destination=:1.62 serial=3 path=/org/freedesktop/DBus; interface=org.freedesktop.DBus; member=NameLost
   string ":1.62"
signal time=1788729209.307827 sender=org.freedesktop.DBus -> destination=(null destination) serial=124 path=/org/freedesktop/DBus; interface=org.freedesktop.DBus; member=NameOwnerChanged
   string ":1.62"
   string ":1.62"
   string ""
signal time=1788729209.307924 sender=:1.2 -> destination=(null destination) serial=83 path=/org/a11y/atspi/registry; interface=org.a11y.atspi.Registry; member=EventListenerDeregistered
   string ":1.62"
   string ""
signal time=1788729209.312045 sender=org.freedesktop.DBus -> destination=(null destination) serial=125 path=/org/freedesktop/DBus; interface=org.freedesktop.DBus; member=NameOwnerChanged
   string ":1.63"
   string ""
   string ":1.63"
signal time=1788729209.312082 sender=org.freedesktop.DBus -> destination=:1.63 serial=2 path=/org/freedesktop/DBus; interface=org.freedesktop.DBus; member=NameAcquired
   string ":1.63"
signal time=1788729209.314059 sender=org.freedesktop.DBus -> destination=:1.63 serial=3 path=/org/freedesktop/DBus; interface=org.freedesktop.DBus; member=NameLost
   string ":1.63"
signal time=1788729209.314092 sender=org.freedesktop.DBus -> destination=(null destination) serial=126 path=/org/freedesktop/DBus; interface=org.freedesktop.DBus; member=NameOwnerChanged
   string ":1.63"
   string ":1.63"
   string ""
signal time=1788729209.314173 sender=:1.2 -> destination=(null destination) serial=84 path=/org/a11y/atspi/registry; interface=org.a11y.atspi.Registry; member=EventListenerDeregistered
   string ":1.63"
   string ""
signal time=1788729209.318554 sender=org.freedesktop.DBus -> destination=(null destination) serial=127 path=/org/freedesktop/DBus; interface=org.freedesktop.DBus; member=NameOwnerChanged
   string ":1.64"
   string ""
   string ":1.64"
signal time=1788729209.318593 sender=org.freedesktop.DBus -> destination=:1.64 serial=2 path=/org/freedesktop/DBus; interface=org.freedesktop.DBus; member=NameAcquired
   string ":1.64"
signal time=1788729209.320140 sender=org.freedesktop.DBus -> destination=:1.64 serial=3 path=/org/freedesktop/DBus; interface=org.freedesktop.DBus; member=NameLost
   string ":1.64"
signal time=1788729209.320157 sender=org.freedesktop.DBus -> destination=(null destination) serial=128 path=/org/freedesktop/DBus; interface=org.freedesktop.DBus; member=NameOwnerChanged
   string ":1.64"
   string ":1.64"
   string ""
signal time=1788729209.320308 sender=:1.2 -> destination=(null destination) serial=85 path=/org/a11y/atspi/registry; interface=org.a11y.atspi.Registry; member=EventListenerDeregistered
   string ":1.64"
   string ""
signal time=1788729209.324395 sender=org.freedesktop.DBus -> destination=(null destination) serial=129 path=/org/freedesktop/DBus; interface=org.freedesktop.DBus; member=NameOwnerChanged
   string ":1.65"
   string ""
   string ":1.65"
signal time=1788729209.324420 sender=org.freedesktop.DBus -> destination=:1.65 serial=2 path=/org/freedesktop/DBus; interface=org.freedesktop.DBus; member=NameAcquired
   string ":1.65"
signal time=1788729209.325924 sender=org.freedesktop.DBus -> destination=:1.65 serial=3 path=/org/freedesktop/DBus; interface=org.freedesktop.DBus; member=NameLost
   string ":1.65"
signal time=1788729209.325944 sender=org.freedesktop.DBus -> destination=(null destination) serial=130 path=/org/freedesktop/DBus; interface=org.freedesktop.DBus; member=NameOwnerChanged
   string ":1.65"
   string ":1.65"
   string ""
signal time=1788729209.326053 sender=:1.2 -> destination=(null destination) serial=86 path=/org/a11y/atspi/registry; interface=org.a11y.atspi.Registry; member=EventListenerDeregistered
   string ":1.65"
   string ""
signal time=1788729209.330397 sender=org.freedesktop.DBus -> destination=(null destination) serial=131 path=/org/freedesktop/DBus; interface=org.freedesktop.DBus; member=NameOwnerChanged
   string ":1.66"
   string ""
   string ":1.66"
signal time=1788729209.330434 sender=org.freedesktop.DBus -> destination=:1.66 serial=2 path=/org/freedesktop/DBus; interface=org.freedesktop.DBus; member=NameAcquired
   string ":1.66"
signal time=1788729209.332060 sender=org.freedesktop.DBus -> destination=:1.66 serial=3 path=/org/freedesktop/DBus; interface=org.freedesktop.DBus; member=NameLost
   string ":1.66"
signal time=1788729209.332086 sender=org.freedesktop.DBus -> destination=(null destination) serial=132 path=/org/freedesktop/DBus; interface=org.freedesktop.DBus; member=NameOwnerChanged
   string ":1.66"
   string ":1.66"
   string ""
signal time=1788729209.332188 sender=:1.2 -> destination=(null destination) serial=87 path=/org/a11y/atspi/registry; interface=org.a11y.atspi.Registry; member=EventListenerDeregistered
   string ":1.66"
   string ""
signal time=1788729209.642101 sender=:1.1 -> destination=(null destination) serial=221 path=/org/a11y/atspi/accessible/root; interface=org.a11y.atspi.Event.Object; member=Announcement
   string "Action. Information: view fit"
   int32 1
   int32 0
   variant       string "Action. Information: view fit"
   array [
   ]
signal time=1788729210.962190 sender=org.freedesktop.DBus -> destination=(null destination) serial=133 path=/org/freedesktop/DBus; interface=org.freedesktop.DBus; member=NameOwnerChanged
   string ":1.67"
   string ""
   string ":1.67"
signal time=1788729210.962288 sender=org.freedesktop.DBus -> destination=:1.67 serial=2 path=/org/freedesktop/DBus; interface=org.freedesktop.DBus; member=NameAcquired
   string ":1.67"
signal time=1788729210.965945 sender=org.freedesktop.DBus -> destination=:1.67 serial=3 path=/org/freedesktop/DBus; interface=org.freedesktop.DBus; member=NameLost
   string ":1.67"
signal time=1788729210.966018 sender=org.freedesktop.DBus -> destination=(null destination) serial=134 path=/org/freedesktop/DBus; interface=org.freedesktop.DBus; member=NameOwnerChanged
   string ":1.67"
   string ":1.67"
   string ""
signal time=1788729210.966260 sender=:1.2 -> destination=(null destination) serial=90 path=/org/a11y/atspi/registry; interface=org.a11y.atspi.Registry; member=EventListenerDeregistered
   string ":1.67"
   string ""
signal time=1788729210.978808 sender=org.freedesktop.DBus -> destination=(null destination) serial=135 path=/org/freedesktop/DBus; interface=org.freedesktop.DBus; member=NameOwnerChanged
   string ":1.68"
   string ""
   string ":1.68"
signal time=1788729210.978918 sender=org.freedesktop.DBus -> destination=:1.68 serial=2 path=/org/freedesktop/DBus; interface=org.freedesktop.DBus; member=NameAcquired
   string ":1.68"
signal time=1788729210.982282 sender=org.freedesktop.DBus -> destination=:1.68 serial=5 path=/org/freedesktop/DBus; interface=org.freedesktop.DBus; member=NameLost
   string ":1.68"
signal time=1788729210.982381 sender=org.freedesktop.DBus -> destination=(null destination) serial=136 path=/org/freedesktop/DBus; interface=org.freedesktop.DBus; member=NameOwnerChanged
   string ":1.68"
   string ":1.68"
   string ""
signal time=1788729210.982613 sender=:1.2 -> destination=(null destination) serial=91 path=/org/a11y/atspi/registry; interface=org.a11y.atspi.Registry; member=EventListenerDeregistered
   string ":1.68"
   string ""
signal time=1788729210.992601 sender=org.freedesktop.DBus -> destination=(null destination) serial=137 path=/org/freedesktop/DBus; interface=org.freedesktop.DBus; member=NameOwnerChanged
   string ":1.69"
   string ""
   string ":1.69"
signal time=1788729210.992649 sender=org.freedesktop.DBus -> destination=:1.69 serial=2 path=/org/freedesktop/DBus; interface=org.freedesktop.DBus; member=NameAcquired
   string ":1.69"
signal time=1788729210.994283 sender=org.freedesktop.DBus -> destination=:1.69 serial=3 path=/org/freedesktop/DBus; interface=org.freedesktop.DBus; member=NameLost
   string ":1.69"
signal time=1788729210.994326 sender=org.freedesktop.DBus -> destination=(null destination) serial=138 path=/org/freedesktop/DBus; interface=org.freedesktop.DBus; member=NameOwnerChanged
   string ":1.69"
   string ":1.69"
   string ""
signal time=1788729210.994461 sender=:1.2 -> destination=(null destination) serial=92 path=/org/a11y/atspi/registry; interface=org.a11y.atspi.Registry; member=EventListenerDeregistered
   string ":1.69"
   string ""
signal time=1788729211.000736 sender=org.freedesktop.DBus -> destination=(null destination) serial=139 path=/org/freedesktop/DBus; interface=org.freedesktop.DBus; member=NameOwnerChanged
   string ":1.70"
   string ""
   string ":1.70"
signal time=1788729211.000790 sender=org.freedesktop.DBus -> destination=:1.70 serial=2 path=/org/freedesktop/DBus; interface=org.freedesktop.DBus; member=NameAcquired
   string ":1.70"
signal time=1788729211.002075 sender=org.freedesktop.DBus -> destination=:1.70 serial=3 path=/org/freedesktop/DBus; interface=org.freedesktop.DBus; member=NameLost
   string ":1.70"
signal time=1788729211.002103 sender=org.freedesktop.DBus -> destination=(null destination) serial=140 path=/org/freedesktop/DBus; interface=org.freedesktop.DBus; member=NameOwnerChanged
   string ":1.70"
   string ":1.70"
   string ""
signal time=1788729211.002238 sender=:1.2 -> destination=(null destination) serial=93 path=/org/a11y/atspi/registry; interface=org.a11y.atspi.Registry; member=EventListenerDeregistered
   string ":1.70"
   string ""
signal time=1788729211.007088 sender=org.freedesktop.DBus -> destination=(null destination) serial=141 path=/org/freedesktop/DBus; interface=org.freedesktop.DBus; member=NameOwnerChanged
   string ":1.71"
   string ""
   string ":1.71"
signal time=1788729211.007124 sender=org.freedesktop.DBus -> destination=:1.71 serial=2 path=/org/freedesktop/DBus; interface=org.freedesktop.DBus; member=NameAcquired
   string ":1.71"
signal time=1788729211.008326 sender=org.freedesktop.DBus -> destination=:1.71 serial=3 path=/org/freedesktop/DBus; interface=org.freedesktop.DBus; member=NameLost
   string ":1.71"
signal time=1788729211.008353 sender=org.freedesktop.DBus -> destination=(null destination) serial=142 path=/org/freedesktop/DBus; interface=org.freedesktop.DBus; member=NameOwnerChanged
   string ":1.71"
   string ":1.71"
   string ""
signal time=1788729211.008451 sender=:1.2 -> destination=(null destination) serial=94 path=/org/a11y/atspi/registry; interface=org.a11y.atspi.Registry; member=EventListenerDeregistered
   string ":1.71"
   string ""
signal time=1788729211.013958 sender=org.freedesktop.DBus -> destination=(null destination) serial=143 path=/org/freedesktop/DBus; interface=org.freedesktop.DBus; member=NameOwnerChanged
   string ":1.72"
   string ""
   string ":1.72"
signal time=1788729211.014007 sender=org.freedesktop.DBus -> destination=:1.72 serial=2 path=/org/freedesktop/DBus; interface=org.freedesktop.DBus; member=NameAcquired
   string ":1.72"
signal time=1788729211.015220 sender=org.freedesktop.DBus -> destination=:1.72 serial=3 path=/org/freedesktop/DBus; interface=org.freedesktop.DBus; member=NameLost
   string ":1.72"
signal time=1788729211.015239 sender=org.freedesktop.DBus -> destination=(null destination) serial=144 path=/org/freedesktop/DBus; interface=org.freedesktop.DBus; member=NameOwnerChanged
   string ":1.72"
   string ":1.72"
   string ""
signal time=1788729211.015329 sender=:1.2 -> destination=(null destination) serial=95 path=/org/a11y/atspi/registry; interface=org.a11y.atspi.Registry; member=EventListenerDeregistered
   string ":1.72"
   string ""
signal time=1788729211.019523 sender=org.freedesktop.DBus -> destination=(null destination) serial=145 path=/org/freedesktop/DBus; interface=org.freedesktop.DBus; member=NameOwnerChanged
   string ":1.73"
   string ""
   string ":1.73"
signal time=1788729211.019553 sender=org.freedesktop.DBus -> destination=:1.73 serial=2 path=/org/freedesktop/DBus; interface=org.freedesktop.DBus; member=NameAcquired
   string ":1.73"
signal time=1788729211.021005 sender=org.freedesktop.DBus -> destination=:1.73 serial=3 path=/org/freedesktop/DBus; interface=org.freedesktop.DBus; member=NameLost
   string ":1.73"
signal time=1788729211.021027 sender=org.freedesktop.DBus -> destination=(null destination) serial=146 path=/org/freedesktop/DBus; interface=org.freedesktop.DBus; member=NameOwnerChanged
   string ":1.73"
   string ":1.73"
   string ""
signal time=1788729211.021137 sender=:1.2 -> destination=(null destination) serial=96 path=/org/a11y/atspi/registry; interface=org.a11y.atspi.Registry; member=EventListenerDeregistered
   string ":1.73"
   string ""
signal time=1788729211.025262 sender=org.freedesktop.DBus -> destination=(null destination) serial=147 path=/org/freedesktop/DBus; interface=org.freedesktop.DBus; member=NameOwnerChanged
   string ":1.74"
   string ""
   string ":1.74"
signal time=1788729211.025302 sender=org.freedesktop.DBus -> destination=:1.74 serial=2 path=/org/freedesktop/DBus; interface=org.freedesktop.DBus; member=NameAcquired
   string ":1.74"
signal time=1788729211.026730 sender=org.freedesktop.DBus -> destination=:1.74 serial=3 path=/org/freedesktop/DBus; interface=org.freedesktop.DBus; member=NameLost
   string ":1.74"
signal time=1788729211.026753 sender=org.freedesktop.DBus -> destination=(null destination) serial=148 path=/org/freedesktop/DBus; interface=org.freedesktop.DBus; member=NameOwnerChanged
   string ":1.74"
   string ":1.74"
   string ""
signal time=1788729211.026838 sender=:1.2 -> destination=(null destination) serial=97 path=/org/a11y/atspi/registry; interface=org.a11y.atspi.Registry; member=EventListenerDeregistered
   string ":1.74"
   string ""
signal time=1788729211.418716 sender=org.freedesktop.DBus -> destination=(null destination) serial=149 path=/org/freedesktop/DBus; interface=org.freedesktop.DBus; member=NameOwnerChanged
   string ":1.75"
   string ""
   string ":1.75"
signal time=1788729211.418742 sender=org.freedesktop.DBus -> destination=:1.75 serial=2 path=/org/freedesktop/DBus; interface=org.freedesktop.DBus; member=NameAcquired
   string ":1.75"
signal time=1788729211.420293 sender=org.freedesktop.DBus -> destination=:1.75 serial=3 path=/org/freedesktop/DBus; interface=org.freedesktop.DBus; member=NameLost
   string ":1.75"
signal time=1788729211.420309 sender=org.freedesktop.DBus -> destination=(null destination) serial=150 path=/org/freedesktop/DBus; interface=org.freedesktop.DBus; member=NameOwnerChanged
   string ":1.75"
   string ":1.75"
   string ""
signal time=1788729211.420404 sender=:1.2 -> destination=(null destination) serial=100 path=/org/a11y/atspi/registry; interface=org.a11y.atspi.Registry; member=EventListenerDeregistered
   string ":1.75"
   string ""
signal time=1788729211.424668 sender=org.freedesktop.DBus -> destination=(null destination) serial=151 path=/org/freedesktop/DBus; interface=org.freedesktop.DBus; member=NameOwnerChanged
   string ":1.76"
   string ""
   string ":1.76"
signal time=1788729211.424720 sender=org.freedesktop.DBus -> destination=:1.76 serial=2 path=/org/freedesktop/DBus; interface=org.freedesktop.DBus; member=NameAcquired
   string ":1.76"
signal time=1788729211.425789 sender=org.freedesktop.DBus -> destination=:1.76 serial=5 path=/org/freedesktop/DBus; interface=org.freedesktop.DBus; member=NameLost
   string ":1.76"
signal time=1788729211.425806 sender=org.freedesktop.DBus -> destination=(null destination) serial=152 path=/org/freedesktop/DBus; interface=org.freedesktop.DBus; member=NameOwnerChanged
   string ":1.76"
   string ":1.76"
   string ""
signal time=1788729211.425941 sender=:1.2 -> destination=(null destination) serial=101 path=/org/a11y/atspi/registry; interface=org.a11y.atspi.Registry; member=EventListenerDeregistered
   string ":1.76"
   string ""
signal time=1788729211.430342 sender=org.freedesktop.DBus -> destination=(null destination) serial=153 path=/org/freedesktop/DBus; interface=org.freedesktop.DBus; member=NameOwnerChanged
   string ":1.77"
   string ""
   string ":1.77"
signal time=1788729211.430378 sender=org.freedesktop.DBus -> destination=:1.77 serial=2 path=/org/freedesktop/DBus; interface=org.freedesktop.DBus; member=NameAcquired
   string ":1.77"
signal time=1788729211.432205 sender=org.freedesktop.DBus -> destination=:1.77 serial=3 path=/org/freedesktop/DBus; interface=org.freedesktop.DBus; member=NameLost
   string ":1.77"
signal time=1788729211.432230 sender=org.freedesktop.DBus -> destination=(null destination) serial=154 path=/org/freedesktop/DBus; interface=org.freedesktop.DBus; member=NameOwnerChanged
   string ":1.77"
   string ":1.77"
   string ""
signal time=1788729211.432357 sender=:1.2 -> destination=(null destination) serial=102 path=/org/a11y/atspi/registry; interface=org.a11y.atspi.Registry; member=EventListenerDeregistered
   string ":1.77"
   string ""
signal time=1788729211.436389 sender=org.freedesktop.DBus -> destination=(null destination) serial=155 path=/org/freedesktop/DBus; interface=org.freedesktop.DBus; member=NameOwnerChanged
   string ":1.78"
   string ""
   string ":1.78"
signal time=1788729211.436417 sender=org.freedesktop.DBus -> destination=:1.78 serial=2 path=/org/freedesktop/DBus; interface=org.freedesktop.DBus; member=NameAcquired
   string ":1.78"
signal time=1788729211.437609 sender=org.freedesktop.DBus -> destination=:1.78 serial=3 path=/org/freedesktop/DBus; interface=org.freedesktop.DBus; member=NameLost
   string ":1.78"
signal time=1788729211.437633 sender=org.freedesktop.DBus -> destination=(null destination) serial=156 path=/org/freedesktop/DBus; interface=org.freedesktop.DBus; member=NameOwnerChanged
   string ":1.78"
   string ":1.78"
   string ""
signal time=1788729211.437810 sender=:1.2 -> destination=(null destination) serial=103 path=/org/a11y/atspi/registry; interface=org.a11y.atspi.Registry; member=EventListenerDeregistered
   string ":1.78"
   string ""
signal time=1788729211.441660 sender=org.freedesktop.DBus -> destination=(null destination) serial=157 path=/org/freedesktop/DBus; interface=org.freedesktop.DBus; member=NameOwnerChanged
   string ":1.79"
   string ""
   string ":1.79"
signal time=1788729211.441704 sender=org.freedesktop.DBus -> destination=:1.79 serial=2 path=/org/freedesktop/DBus; interface=org.freedesktop.DBus; member=NameAcquired
   string ":1.79"
signal time=1788729211.443257 sender=org.freedesktop.DBus -> destination=:1.79 serial=3 path=/org/freedesktop/DBus; interface=org.freedesktop.DBus; member=NameLost
   string ":1.79"
signal time=1788729211.443279 sender=org.freedesktop.DBus -> destination=(null destination) serial=158 path=/org/freedesktop/DBus; interface=org.freedesktop.DBus; member=NameOwnerChanged
   string ":1.79"
   string ":1.79"
   string ""
signal time=1788729211.443476 sender=:1.2 -> destination=(null destination) serial=104 path=/org/a11y/atspi/registry; interface=org.a11y.atspi.Registry; member=EventListenerDeregistered
   string ":1.79"
   string ""
signal time=1788729211.448484 sender=org.freedesktop.DBus -> destination=(null destination) serial=159 path=/org/freedesktop/DBus; interface=org.freedesktop.DBus; member=NameOwnerChanged
   string ":1.80"
   string ""
   string ":1.80"
signal time=1788729211.448521 sender=org.freedesktop.DBus -> destination=:1.80 serial=2 path=/org/freedesktop/DBus; interface=org.freedesktop.DBus; member=NameAcquired
   string ":1.80"
signal time=1788729211.450028 sender=org.freedesktop.DBus -> destination=:1.80 serial=3 path=/org/freedesktop/DBus; interface=org.freedesktop.DBus; member=NameLost
   string ":1.80"
signal time=1788729211.450048 sender=org.freedesktop.DBus -> destination=(null destination) serial=160 path=/org/freedesktop/DBus; interface=org.freedesktop.DBus; member=NameOwnerChanged
   string ":1.80"
   string ":1.80"
   string ""
signal time=1788729211.450161 sender=:1.2 -> destination=(null destination) serial=105 path=/org/a11y/atspi/registry; interface=org.a11y.atspi.Registry; member=EventListenerDeregistered
   string ":1.80"
   string ""
signal time=1788729211.453806 sender=org.freedesktop.DBus -> destination=(null destination) serial=161 path=/org/freedesktop/DBus; interface=org.freedesktop.DBus; member=NameOwnerChanged
   string ":1.81"
   string ""
   string ":1.81"
signal time=1788729211.453833 sender=org.freedesktop.DBus -> destination=:1.81 serial=2 path=/org/freedesktop/DBus; interface=org.freedesktop.DBus; member=NameAcquired
   string ":1.81"
signal time=1788729211.454959 sender=org.freedesktop.DBus -> destination=:1.81 serial=3 path=/org/freedesktop/DBus; interface=org.freedesktop.DBus; member=NameLost
   string ":1.81"
signal time=1788729211.454974 sender=org.freedesktop.DBus -> destination=(null destination) serial=162 path=/org/freedesktop/DBus; interface=org.freedesktop.DBus; member=NameOwnerChanged
   string ":1.81"
   string ":1.81"
   string ""
signal time=1788729211.455016 sender=:1.2 -> destination=(null destination) serial=106 path=/org/a11y/atspi/registry; interface=org.a11y.atspi.Registry; member=EventListenerDeregistered
   string ":1.81"
   string ""
signal time=1788729211.458597 sender=org.freedesktop.DBus -> destination=(null destination) serial=163 path=/org/freedesktop/DBus; interface=org.freedesktop.DBus; member=NameOwnerChanged
   string ":1.82"
   string ""
   string ":1.82"
signal time=1788729211.458620 sender=org.freedesktop.DBus -> destination=:1.82 serial=2 path=/org/freedesktop/DBus; interface=org.freedesktop.DBus; member=NameAcquired
   string ":1.82"
signal time=1788729211.459783 sender=org.freedesktop.DBus -> destination=:1.82 serial=3 path=/org/freedesktop/DBus; interface=org.freedesktop.DBus; member=NameLost
   string ":1.82"
signal time=1788729211.459804 sender=org.freedesktop.DBus -> destination=(null destination) serial=164 path=/org/freedesktop/DBus; interface=org.freedesktop.DBus; member=NameOwnerChanged
   string ":1.82"
   string ":1.82"
   string ""
signal time=1788729211.459900 sender=:1.2 -> destination=(null destination) serial=107 path=/org/a11y/atspi/registry; interface=org.a11y.atspi.Registry; member=EventListenerDeregistered
   string ":1.82"
   string ""
signal time=1788729213.630299 sender=org.freedesktop.DBus -> destination=(null destination) serial=165 path=/org/freedesktop/DBus; interface=org.freedesktop.DBus; member=NameOwnerChanged
   string ":1.83"
   string ""
   string ":1.83"
signal time=1788729213.630355 sender=org.freedesktop.DBus -> destination=:1.83 serial=2 path=/org/freedesktop/DBus; interface=org.freedesktop.DBus; member=NameAcquired
   string ":1.83"
signal time=1788729213.633426 sender=org.freedesktop.DBus -> destination=:1.83 serial=3 path=/org/freedesktop/DBus; interface=org.freedesktop.DBus; member=NameLost
   string ":1.83"
signal time=1788729213.633464 sender=org.freedesktop.DBus -> destination=(null destination) serial=166 path=/org/freedesktop/DBus; interface=org.freedesktop.DBus; member=NameOwnerChanged
   string ":1.83"
   string ":1.83"
   string ""
signal time=1788729213.633628 sender=:1.2 -> destination=(null destination) serial=110 path=/org/a11y/atspi/registry; interface=org.a11y.atspi.Registry; member=EventListenerDeregistered
   string ":1.83"
   string ""
signal time=1788729213.641190 sender=org.freedesktop.DBus -> destination=(null destination) serial=167 path=/org/freedesktop/DBus; interface=org.freedesktop.DBus; member=NameOwnerChanged
   string ":1.84"
   string ""
   string ":1.84"
signal time=1788729213.641264 sender=org.freedesktop.DBus -> destination=:1.84 serial=2 path=/org/freedesktop/DBus; interface=org.freedesktop.DBus; member=NameAcquired
   string ":1.84"
signal time=1788729213.643696 sender=org.freedesktop.DBus -> destination=:1.84 serial=5 path=/org/freedesktop/DBus; interface=org.freedesktop.DBus; member=NameLost
   string ":1.84"
signal time=1788729213.643737 sender=org.freedesktop.DBus -> destination=(null destination) serial=168 path=/org/freedesktop/DBus; interface=org.freedesktop.DBus; member=NameOwnerChanged
   string ":1.84"
   string ":1.84"
   string ""
signal time=1788729213.643864 sender=:1.2 -> destination=(null destination) serial=111 path=/org/a11y/atspi/registry; interface=org.a11y.atspi.Registry; member=EventListenerDeregistered
   string ":1.84"
   string ""
signal time=1788729213.649950 sender=org.freedesktop.DBus -> destination=(null destination) serial=169 path=/org/freedesktop/DBus; interface=org.freedesktop.DBus; member=NameOwnerChanged
   string ":1.85"
   string ""
   string ":1.85"
signal time=1788729213.650002 sender=org.freedesktop.DBus -> destination=:1.85 serial=2 path=/org/freedesktop/DBus; interface=org.freedesktop.DBus; member=NameAcquired
   string ":1.85"
signal time=1788729213.652172 sender=org.freedesktop.DBus -> destination=:1.85 serial=3 path=/org/freedesktop/DBus; interface=org.freedesktop.DBus; member=NameLost
   string ":1.85"
signal time=1788729213.652195 sender=org.freedesktop.DBus -> destination=(null destination) serial=170 path=/org/freedesktop/DBus; interface=org.freedesktop.DBus; member=NameOwnerChanged
   string ":1.85"
   string ":1.85"
   string ""
signal time=1788729213.652331 sender=:1.2 -> destination=(null destination) serial=112 path=/org/a11y/atspi/registry; interface=org.a11y.atspi.Registry; member=EventListenerDeregistered
   string ":1.85"
   string ""
signal time=1788729213.658325 sender=org.freedesktop.DBus -> destination=(null destination) serial=171 path=/org/freedesktop/DBus; interface=org.freedesktop.DBus; member=NameOwnerChanged
   string ":1.86"
   string ""
   string ":1.86"
signal time=1788729213.658376 sender=org.freedesktop.DBus -> destination=:1.86 serial=2 path=/org/freedesktop/DBus; interface=org.freedesktop.DBus; member=NameAcquired
   string ":1.86"
signal time=1788729213.660081 sender=org.freedesktop.DBus -> destination=:1.86 serial=3 path=/org/freedesktop/DBus; interface=org.freedesktop.DBus; member=NameLost
   string ":1.86"
signal time=1788729213.660115 sender=org.freedesktop.DBus -> destination=(null destination) serial=172 path=/org/freedesktop/DBus; interface=org.freedesktop.DBus; member=NameOwnerChanged
   string ":1.86"
   string ":1.86"
   string ""
signal time=1788729213.660227 sender=:1.2 -> destination=(null destination) serial=113 path=/org/a11y/atspi/registry; interface=org.a11y.atspi.Registry; member=EventListenerDeregistered
   string ":1.86"
   string ""
signal time=1788729213.666727 sender=org.freedesktop.DBus -> destination=(null destination) serial=173 path=/org/freedesktop/DBus; interface=org.freedesktop.DBus; member=NameOwnerChanged
   string ":1.87"
   string ""
   string ":1.87"
signal time=1788729213.666776 sender=org.freedesktop.DBus -> destination=:1.87 serial=2 path=/org/freedesktop/DBus; interface=org.freedesktop.DBus; member=NameAcquired
   string ":1.87"
signal time=1788729213.668874 sender=org.freedesktop.DBus -> destination=:1.87 serial=3 path=/org/freedesktop/DBus; interface=org.freedesktop.DBus; member=NameLost
   string ":1.87"
signal time=1788729213.668900 sender=org.freedesktop.DBus -> destination=(null destination) serial=174 path=/org/freedesktop/DBus; interface=org.freedesktop.DBus; member=NameOwnerChanged
   string ":1.87"
   string ":1.87"
   string ""
signal time=1788729213.669091 sender=:1.2 -> destination=(null destination) serial=114 path=/org/a11y/atspi/registry; interface=org.a11y.atspi.Registry; member=EventListenerDeregistered
   string ":1.87"
   string ""
signal time=1788729213.675266 sender=org.freedesktop.DBus -> destination=(null destination) serial=175 path=/org/freedesktop/DBus; interface=org.freedesktop.DBus; member=NameOwnerChanged
   string ":1.88"
   string ""
   string ":1.88"
signal time=1788729213.675332 sender=org.freedesktop.DBus -> destination=:1.88 serial=2 path=/org/freedesktop/DBus; interface=org.freedesktop.DBus; member=NameAcquired
   string ":1.88"
signal time=1788729213.677573 sender=org.freedesktop.DBus -> destination=:1.88 serial=3 path=/org/freedesktop/DBus; interface=org.freedesktop.DBus; member=NameLost
   string ":1.88"
signal time=1788729213.677636 sender=org.freedesktop.DBus -> destination=(null destination) serial=176 path=/org/freedesktop/DBus; interface=org.freedesktop.DBus; member=NameOwnerChanged
   string ":1.88"
   string ":1.88"
   string ""
signal time=1788729213.677759 sender=:1.2 -> destination=(null destination) serial=115 path=/org/a11y/atspi/registry; interface=org.a11y.atspi.Registry; member=EventListenerDeregistered
   string ":1.88"
   string ""
signal time=1788729213.682868 sender=org.freedesktop.DBus -> destination=(null destination) serial=177 path=/org/freedesktop/DBus; interface=org.freedesktop.DBus; member=NameOwnerChanged
   string ":1.89"
   string ""
   string ":1.89"
signal time=1788729213.682901 sender=org.freedesktop.DBus -> destination=:1.89 serial=2 path=/org/freedesktop/DBus; interface=org.freedesktop.DBus; member=NameAcquired
   string ":1.89"
signal time=1788729213.684538 sender=org.freedesktop.DBus -> destination=:1.89 serial=3 path=/org/freedesktop/DBus; interface=org.freedesktop.DBus; member=NameLost
   string ":1.89"
signal time=1788729213.684567 sender=org.freedesktop.DBus -> destination=(null destination) serial=178 path=/org/freedesktop/DBus; interface=org.freedesktop.DBus; member=NameOwnerChanged
   string ":1.89"
   string ":1.89"
   string ""
signal time=1788729213.684650 sender=:1.2 -> destination=(null destination) serial=116 path=/org/a11y/atspi/registry; interface=org.a11y.atspi.Registry; member=EventListenerDeregistered
   string ":1.89"
   string ""
signal time=1788729213.689519 sender=org.freedesktop.DBus -> destination=(null destination) serial=179 path=/org/freedesktop/DBus; interface=org.freedesktop.DBus; member=NameOwnerChanged
   string ":1.90"
   string ""
   string ":1.90"
signal time=1788729213.689556 sender=org.freedesktop.DBus -> destination=:1.90 serial=2 path=/org/freedesktop/DBus; interface=org.freedesktop.DBus; member=NameAcquired
   string ":1.90"
signal time=1788729213.690956 sender=org.freedesktop.DBus -> destination=:1.90 serial=3 path=/org/freedesktop/DBus; interface=org.freedesktop.DBus; member=NameLost
   string ":1.90"
signal time=1788729213.690984 sender=org.freedesktop.DBus -> destination=(null destination) serial=180 path=/org/freedesktop/DBus; interface=org.freedesktop.DBus; member=NameOwnerChanged
   string ":1.90"
   string ":1.90"
   string ""
signal time=1788729213.691082 sender=:1.2 -> destination=(null destination) serial=117 path=/org/a11y/atspi/registry; interface=org.a11y.atspi.Registry; member=EventListenerDeregistered
   string ":1.90"
   string ""
signal time=1788729214.109807 sender=org.freedesktop.DBus -> destination=(null destination) serial=181 path=/org/freedesktop/DBus; interface=org.freedesktop.DBus; member=NameOwnerChanged
   string ":1.91"
   string ""
   string ":1.91"
signal time=1788729214.109855 sender=org.freedesktop.DBus -> destination=:1.91 serial=2 path=/org/freedesktop/DBus; interface=org.freedesktop.DBus; member=NameAcquired
   string ":1.91"
signal time=1788729214.111550 sender=org.freedesktop.DBus -> destination=:1.91 serial=3 path=/org/freedesktop/DBus; interface=org.freedesktop.DBus; member=NameLost
   string ":1.91"
signal time=1788729214.111631 sender=org.freedesktop.DBus -> destination=(null destination) serial=182 path=/org/freedesktop/DBus; interface=org.freedesktop.DBus; member=NameOwnerChanged
   string ":1.91"
   string ":1.91"
   string ""
signal time=1788729214.111705 sender=:1.2 -> destination=(null destination) serial=120 path=/org/a11y/atspi/registry; interface=org.a11y.atspi.Registry; member=EventListenerDeregistered
   string ":1.91"
   string ""
signal time=1788729214.116576 sender=org.freedesktop.DBus -> destination=(null destination) serial=183 path=/org/freedesktop/DBus; interface=org.freedesktop.DBus; member=NameOwnerChanged
   string ":1.92"
   string ""
   string ":1.92"
signal time=1788729214.116601 sender=org.freedesktop.DBus -> destination=:1.92 serial=2 path=/org/freedesktop/DBus; interface=org.freedesktop.DBus; member=NameAcquired
   string ":1.92"
signal time=1788729214.117629 sender=org.freedesktop.DBus -> destination=:1.92 serial=5 path=/org/freedesktop/DBus; interface=org.freedesktop.DBus; member=NameLost
   string ":1.92"
signal time=1788729214.117653 sender=org.freedesktop.DBus -> destination=(null destination) serial=184 path=/org/freedesktop/DBus; interface=org.freedesktop.DBus; member=NameOwnerChanged
   string ":1.92"
   string ":1.92"
   string ""
signal time=1788729214.117739 sender=:1.2 -> destination=(null destination) serial=121 path=/org/a11y/atspi/registry; interface=org.a11y.atspi.Registry; member=EventListenerDeregistered
   string ":1.92"
   string ""
signal time=1788729214.121732 sender=org.freedesktop.DBus -> destination=(null destination) serial=185 path=/org/freedesktop/DBus; interface=org.freedesktop.DBus; member=NameOwnerChanged
   string ":1.93"
   string ""
   string ":1.93"
signal time=1788729214.121758 sender=org.freedesktop.DBus -> destination=:1.93 serial=2 path=/org/freedesktop/DBus; interface=org.freedesktop.DBus; member=NameAcquired
   string ":1.93"
signal time=1788729214.123092 sender=org.freedesktop.DBus -> destination=:1.93 serial=3 path=/org/freedesktop/DBus; interface=org.freedesktop.DBus; member=NameLost
   string ":1.93"
signal time=1788729214.123147 sender=org.freedesktop.DBus -> destination=(null destination) serial=186 path=/org/freedesktop/DBus; interface=org.freedesktop.DBus; member=NameOwnerChanged
   string ":1.93"
   string ":1.93"
   string ""
signal time=1788729214.123191 sender=:1.2 -> destination=(null destination) serial=122 path=/org/a11y/atspi/registry; interface=org.a11y.atspi.Registry; member=EventListenerDeregistered
   string ":1.93"
   string ""
signal time=1788729214.127164 sender=org.freedesktop.DBus -> destination=(null destination) serial=187 path=/org/freedesktop/DBus; interface=org.freedesktop.DBus; member=NameOwnerChanged
   string ":1.94"
   string ""
   string ":1.94"
signal time=1788729214.127200 sender=org.freedesktop.DBus -> destination=:1.94 serial=2 path=/org/freedesktop/DBus; interface=org.freedesktop.DBus; member=NameAcquired
   string ":1.94"
signal time=1788729214.128549 sender=org.freedesktop.DBus -> destination=:1.94 serial=3 path=/org/freedesktop/DBus; interface=org.freedesktop.DBus; member=NameLost
   string ":1.94"
signal time=1788729214.128601 sender=org.freedesktop.DBus -> destination=(null destination) serial=188 path=/org/freedesktop/DBus; interface=org.freedesktop.DBus; member=NameOwnerChanged
   string ":1.94"
   string ":1.94"
   string ""
signal time=1788729214.128647 sender=:1.2 -> destination=(null destination) serial=123 path=/org/a11y/atspi/registry; interface=org.a11y.atspi.Registry; member=EventListenerDeregistered
   string ":1.94"
   string ""
signal time=1788729214.133039 sender=org.freedesktop.DBus -> destination=(null destination) serial=189 path=/org/freedesktop/DBus; interface=org.freedesktop.DBus; member=NameOwnerChanged
   string ":1.95"
   string ""
   string ":1.95"
signal time=1788729214.133106 sender=org.freedesktop.DBus -> destination=:1.95 serial=2 path=/org/freedesktop/DBus; interface=org.freedesktop.DBus; member=NameAcquired
   string ":1.95"
signal time=1788729214.134280 sender=org.freedesktop.DBus -> destination=:1.95 serial=3 path=/org/freedesktop/DBus; interface=org.freedesktop.DBus; member=NameLost
   string ":1.95"
signal time=1788729214.134303 sender=org.freedesktop.DBus -> destination=(null destination) serial=190 path=/org/freedesktop/DBus; interface=org.freedesktop.DBus; member=NameOwnerChanged
   string ":1.95"
   string ":1.95"
   string ""
signal time=1788729214.134396 sender=:1.2 -> destination=(null destination) serial=124 path=/org/a11y/atspi/registry; interface=org.a11y.atspi.Registry; member=EventListenerDeregistered
   string ":1.95"
   string ""
signal time=1788729214.138752 sender=org.freedesktop.DBus -> destination=(null destination) serial=191 path=/org/freedesktop/DBus; interface=org.freedesktop.DBus; member=NameOwnerChanged
   string ":1.96"
   string ""
   string ":1.96"
signal time=1788729214.138784 sender=org.freedesktop.DBus -> destination=:1.96 serial=2 path=/org/freedesktop/DBus; interface=org.freedesktop.DBus; member=NameAcquired
   string ":1.96"
signal time=1788729214.140701 sender=org.freedesktop.DBus -> destination=:1.96 serial=3 path=/org/freedesktop/DBus; interface=org.freedesktop.DBus; member=NameLost
   string ":1.96"
signal time=1788729214.140729 sender=org.freedesktop.DBus -> destination=(null destination) serial=192 path=/org/freedesktop/DBus; interface=org.freedesktop.DBus; member=NameOwnerChanged
   string ":1.96"
   string ":1.96"
   string ""
signal time=1788729214.140795 sender=:1.2 -> destination=(null destination) serial=125 path=/org/a11y/atspi/registry; interface=org.a11y.atspi.Registry; member=EventListenerDeregistered
   string ":1.96"
   string ""
signal time=1788729214.145567 sender=org.freedesktop.DBus -> destination=(null destination) serial=193 path=/org/freedesktop/DBus; interface=org.freedesktop.DBus; member=NameOwnerChanged
   string ":1.97"
   string ""
   string ":1.97"
signal time=1788729214.145630 sender=org.freedesktop.DBus -> destination=:1.97 serial=2 path=/org/freedesktop/DBus; interface=org.freedesktop.DBus; member=NameAcquired
   string ":1.97"
signal time=1788729214.146998 sender=org.freedesktop.DBus -> destination=:1.97 serial=3 path=/org/freedesktop/DBus; interface=org.freedesktop.DBus; member=NameLost
   string ":1.97"
signal time=1788729214.147038 sender=org.freedesktop.DBus -> destination=(null destination) serial=194 path=/org/freedesktop/DBus; interface=org.freedesktop.DBus; member=NameOwnerChanged
   string ":1.97"
   string ":1.97"
   string ""
signal time=1788729214.147123 sender=:1.2 -> destination=(null destination) serial=126 path=/org/a11y/atspi/registry; interface=org.a11y.atspi.Registry; member=EventListenerDeregistered
   string ":1.97"
   string ""
signal time=1788729214.151239 sender=org.freedesktop.DBus -> destination=(null destination) serial=195 path=/org/freedesktop/DBus; interface=org.freedesktop.DBus; member=NameOwnerChanged
   string ":1.98"
   string ""
   string ":1.98"
signal time=1788729214.151271 sender=org.freedesktop.DBus -> destination=:1.98 serial=2 path=/org/freedesktop/DBus; interface=org.freedesktop.DBus; member=NameAcquired
   string ":1.98"
signal time=1788729214.152013 sender=org.freedesktop.DBus -> destination=:1.98 serial=3 path=/org/freedesktop/DBus; interface=org.freedesktop.DBus; member=NameLost
   string ":1.98"
signal time=1788729214.152034 sender=org.freedesktop.DBus -> destination=(null destination) serial=196 path=/org/freedesktop/DBus; interface=org.freedesktop.DBus; member=NameOwnerChanged
   string ":1.98"
   string ":1.98"
   string ""
signal time=1788729214.152077 sender=:1.2 -> destination=(null destination) serial=127 path=/org/a11y/atspi/registry; interface=org.a11y.atspi.Registry; member=EventListenerDeregistered
   string ":1.98"
   string ""
signal time=1788729214.478107 sender=:1.1 -> destination=(null destination) serial=270 path=/org/a11y/atspi/accessible/root; interface=org.a11y.atspi.Event.Object; member=ChildrenChanged
   string "add"
   int32 1
   int32 0
   variant       struct {
         string ":1.1"
         object path "/org/a11y/atspi/accessible/menus/n6d656e753a56696577"
      }
   array [
   ]
signal time=1788729214.478229 sender=:1.1 -> destination=(null destination) serial=271 path=/org/a11y/atspi/accessible/menus/n6d656e753a56696577; interface=org.a11y.atspi.Event.Object; member=StateChanged
   string "focused"
   int32 0
   int32 0
   variant       boolean false
   array [
   ]
signal time=1788729214.478271 sender=:1.1 -> destination=(null destination) serial=272 path=/org/a11y/atspi/accessible/menus/n6d656e753a56696577; interface=org.a11y.atspi.Event.Object; member=StateChanged
   string "enabled"
   int32 1
   int32 0
   variant       boolean true
   array [
   ]
signal time=1788729214.478308 sender=:1.1 -> destination=(null destination) serial=273 path=/org/a11y/atspi/accessible/menus/n6d656e753a56696577; interface=org.a11y.atspi.Event.Object; member=StateChanged
   string "sensitive"
   int32 1
   int32 0
   variant       boolean true
   array [
   ]
signal time=1788729214.478345 sender=:1.1 -> destination=(null destination) serial=274 path=/org/a11y/atspi/accessible/menus/n6d656e753a56696577; interface=org.a11y.atspi.Event.Object; member=ChildrenChanged
   string "add"
   int32 0
   int32 0
   variant       struct {
         string ":1.1"
         object path "/org/a11y/atspi/accessible/menus/n6d656e753a566965772f766965772e666974"
      }
   array [
   ]
signal time=1788729214.478397 sender=:1.1 -> destination=(null destination) serial=275 path=/org/a11y/atspi/accessible/menus/n6d656e753a566965772f766965772e666974; interface=org.a11y.atspi.Event.Object; member=StateChanged
   string "focused"
   int32 1
   int32 0
   variant       boolean true
   array [
   ]
signal time=1788729214.478435 sender=:1.1 -> destination=(null destination) serial=276 path=/org/a11y/atspi/accessible/menus/n6d656e753a566965772f766965772e666974; interface=org.a11y.atspi.Event.Object; member=StateChanged
   string "enabled"
   int32 1
   int32 0
   variant       boolean true
   array [
   ]
signal time=1788729214.478471 sender=:1.1 -> destination=(null destination) serial=277 path=/org/a11y/atspi/accessible/menus/n6d656e753a566965772f766965772e666974; interface=org.a11y.atspi.Event.Object; member=StateChanged
   string "sensitive"
   int32 1
   int32 0
   variant       boolean true
   array [
   ]
signal time=1788729214.478534 sender=:1.1 -> destination=(null destination) serial=278 path=/org/a11y/atspi/accessible/menus/n6d656e753a56696577; interface=org.a11y.atspi.Event.Object; member=ChildrenChanged
   string "add"
   int32 1
   int32 0
   variant       struct {
         string ":1.1"
         object path "/org/a11y/atspi/accessible/menus/n6d656e753a566965772f766965772e7a6f6f6d5f696e"
      }
   array [
   ]
signal time=1788729214.478587 sender=:1.1 -> destination=(null destination) serial=279 path=/org/a11y/atspi/accessible/menus/n6d656e753a566965772f766965772e7a6f6f6d5f696e; interface=org.a11y.atspi.Event.Object; member=StateChanged
   string "focused"
   int32 0
   int32 0
   variant       boolean false
   array [
   ]
signal time=1788729214.478623 sender=:1.1 -> destination=(null destination) serial=280 path=/org/a11y/atspi/accessible/menus/n6d656e753a566965772f766965772e7a6f6f6d5f696e; interface=org.a11y.atspi.Event.Object; member=StateChanged
   string "enabled"
   int32 1
   int32 0
   variant       boolean true
   array [
   ]
signal time=1788729214.478659 sender=:1.1 -> destination=(null destination) serial=281 path=/org/a11y/atspi/accessible/menus/n6d656e753a566965772f766965772e7a6f6f6d5f696e; interface=org.a11y.atspi.Event.Object; member=StateChanged
   string "sensitive"
   int32 1
   int32 0
   variant       boolean true
   array [
   ]
signal time=1788729214.478696 sender=:1.1 -> destination=(null destination) serial=282 path=/org/a11y/atspi/accessible/menus/n6d656e753a56696577; interface=org.a11y.atspi.Event.Object; member=ChildrenChanged
   string "add"
   int32 2
   int32 0
   variant       struct {
         string ":1.1"
         object path "/org/a11y/atspi/accessible/menus/n6d656e753a566965772f766965772e7a6f6f6d5f6f7574"
      }
   array [
   ]
signal time=1788729214.478747 sender=:1.1 -> destination=(null destination) serial=283 path=/org/a11y/atspi/accessible/menus/n6d656e753a566965772f766965772e7a6f6f6d5f6f7574; interface=org.a11y.atspi.Event.Object; member=StateChanged
   string "focused"
   int32 0
   int32 0
   variant       boolean false
   array [
   ]
signal time=1788729214.478784 sender=:1.1 -> destination=(null destination) serial=284 path=/org/a11y/atspi/accessible/menus/n6d656e753a566965772f766965772e7a6f6f6d5f6f7574; interface=org.a11y.atspi.Event.Object; member=StateChanged
   string "enabled"
   int32 1
   int32 0
   variant       boolean true
   array [
   ]
signal time=1788729214.478820 sender=:1.1 -> destination=(null destination) serial=285 path=/org/a11y/atspi/accessible/menus/n6d656e753a566965772f766965772e7a6f6f6d5f6f7574; interface=org.a11y.atspi.Event.Object; member=StateChanged
   string "sensitive"
   int32 1
   int32 0
   variant       boolean true
   array [
   ]
signal time=1788729214.479089 sender=:1.1 -> destination=(null destination) serial=286 path=/org/a11y/atspi/accessible/menus/n6d656e753a56696577; interface=org.a11y.atspi.Event.Object; member=ChildrenChanged
   string "add"
   int32 3
   int32 0
   variant       struct {
         string ":1.1"
         object path "/org/a11y/atspi/accessible/menus/n6d656e753a566965772f766965772e70616e655f7a6f6f6d"
      }
   array [
   ]
signal time=1788729214.479151 sender=:1.1 -> destination=(null destination) serial=287 path=/org/a11y/atspi/accessible/menus/n6d656e753a566965772f766965772e70616e655f7a6f6f6d; interface=org.a11y.atspi.Event.Object; member=StateChanged
   string "focused"
   int32 0
   int32 0
   variant       boolean false
   array [
   ]
signal time=1788729214.479187 sender=:1.1 -> destination=(null destination) serial=288 path=/org/a11y/atspi/accessible/menus/n6d656e753a566965772f766965772e70616e655f7a6f6f6d; interface=org.a11y.atspi.Event.Object; member=StateChanged
   string "enabled"
   int32 1
   int32 0
   variant       boolean true
   array [
   ]
signal time=1788729214.479236 sender=:1.1 -> destination=(null destination) serial=289 path=/org/a11y/atspi/accessible/menus/n6d656e753a566965772f766965772e70616e655f7a6f6f6d; interface=org.a11y.atspi.Event.Object; member=StateChanged
   string "sensitive"
   int32 1
   int32 0
   variant       boolean true
   array [
   ]
signal time=1788729214.479273 sender=:1.1 -> destination=(null destination) serial=290 path=/org/a11y/atspi/accessible/menus/n6d656e753a56696577; interface=org.a11y.atspi.Event.Object; member=ChildrenChanged
   string "add"
   int32 4
   int32 0
   variant       struct {
         string ":1.1"
         object path "/org/a11y/atspi/accessible/menus/n6d656e753a566965772f766965772e66756c6c73637265656e5f7374616765"
      }
   array [
   ]
signal time=1788729214.479324 sender=:1.1 -> destination=(null destination) serial=291 path=/org/a11y/atspi/accessible/menus/n6d656e753a566965772f766965772e66756c6c73637265656e5f7374616765; interface=org.a11y.atspi.Event.Object; member=StateChanged
   string "focused"
   int32 0
   int32 0
   variant       boolean false
   array [
   ]
signal time=1788729214.479360 sender=:1.1 -> destination=(null destination) serial=292 path=/org/a11y/atspi/accessible/menus/n6d656e753a566965772f766965772e66756c6c73637265656e5f7374616765; interface=org.a11y.atspi.Event.Object; member=StateChanged
   string "enabled"
   int32 1
   int32 0
   variant       boolean true
   array [
   ]
signal time=1788729214.479396 sender=:1.1 -> destination=(null destination) serial=293 path=/org/a11y/atspi/accessible/menus/n6d656e753a566965772f766965772e66756c6c73637265656e5f7374616765; interface=org.a11y.atspi.Event.Object; member=StateChanged
   string "sensitive"
   int32 1
   int32 0
   variant       boolean true
   array [
   ]
signal time=1788729214.479432 sender=:1.1 -> destination=(null destination) serial=294 path=/org/a11y/atspi/accessible/menus/n6d656e753a56696577; interface=org.a11y.atspi.Event.Object; member=ChildrenChanged
   string "add"
   int32 5
   int32 0
   variant       struct {
         string ":1.1"
         object path "/org/a11y/atspi/accessible/menus/n6d656e753a566965772f766965772e6c6179657273"
      }
   array [
   ]
signal time=1788729214.479484 sender=:1.1 -> destination=(null destination) serial=295 path=/org/a11y/atspi/accessible/menus/n6d656e753a566965772f766965772e6c6179657273; interface=org.a11y.atspi.Event.Object; member=StateChanged
   string "focused"
   int32 0
   int32 0
   variant       boolean false
   array [
   ]
signal time=1788729214.479520 sender=:1.1 -> destination=(null destination) serial=296 path=/org/a11y/atspi/accessible/menus/n6d656e753a566965772f766965772e6c6179657273; interface=org.a11y.atspi.Event.Object; member=StateChanged
   string "enabled"
   int32 0
   int32 0
   variant       boolean false
   array [
   ]
signal time=1788729214.479556 sender=:1.1 -> destination=(null destination) serial=297 path=/org/a11y/atspi/accessible/menus/n6d656e753a566965772f766965772e6c6179657273; interface=org.a11y.atspi.Event.Object; member=StateChanged
   string "sensitive"
   int32 0
   int32 0
   variant       boolean false
   array [
   ]
signal time=1788729214.479592 sender=:1.1 -> destination=(null destination) serial=298 path=/org/a11y/atspi/accessible/menus/n6d656e753a56696577; interface=org.a11y.atspi.Event.Object; member=ChildrenChanged
   string "add"
   int32 6
   int32 0
   variant       struct {
         string ":1.1"
         object path "/org/a11y/atspi/accessible/menus/n6d656e753a566965772f766965772e70616e656c73"
      }
   array [
   ]
signal time=1788729214.479644 sender=:1.1 -> destination=(null destination) serial=299 path=/org/a11y/atspi/accessible/menus/n6d656e753a566965772f766965772e70616e656c73; interface=org.a11y.atspi.Event.Object; member=StateChanged
   string "focused"
   int32 0
   int32 0
   variant       boolean false
   array [
   ]
signal time=1788729214.479680 sender=:1.1 -> destination=(null destination) serial=300 path=/org/a11y/atspi/accessible/menus/n6d656e753a566965772f766965772e70616e656c73; interface=org.a11y.atspi.Event.Object; member=StateChanged
   string "enabled"
   int32 1
   int32 0
   variant       boolean true
   array [
   ]
signal time=1788729214.479727 sender=:1.1 -> destination=(null destination) serial=301 path=/org/a11y/atspi/accessible/menus/n6d656e753a566965772f766965772e70616e656c73; interface=org.a11y.atspi.Event.Object; member=StateChanged
   string "sensitive"
   int32 1
   int32 0
   variant       boolean true
   array [
   ]
signal time=1788729214.479987 sender=:1.1 -> destination=(null destination) serial=302 path=/org/a11y/atspi/accessible/menus/n6d656e753a56696577; interface=org.a11y.atspi.Event.Object; member=ChildrenChanged
   string "add"
   int32 7
   int32 0
   variant       struct {
         string ":1.1"
         object path "/org/a11y/atspi/accessible/menus/n6d656e753a566965772f766965772e7265736574"
      }
   array [
   ]
signal time=1788729214.480055 sender=:1.1 -> destination=(null destination) serial=303 path=/org/a11y/atspi/accessible/menus/n6d656e753a566965772f766965772e7265736574; interface=org.a11y.atspi.Event.Object; member=StateChanged
   string "focused"
   int32 0
   int32 0
   variant       boolean false
   array [
   ]
signal time=1788729214.480096 sender=:1.1 -> destination=(null destination) serial=304 path=/org/a11y/atspi/accessible/menus/n6d656e753a566965772f766965772e7265736574; interface=org.a11y.atspi.Event.Object; member=StateChanged
   string "enabled"
   int32 1
   int32 0
   variant       boolean true
   array [
   ]
signal time=1788729214.480135 sender=:1.1 -> destination=(null destination) serial=305 path=/org/a11y/atspi/accessible/menus/n6d656e753a566965772f766965772e7265736574; interface=org.a11y.atspi.Event.Object; member=StateChanged
   string "sensitive"
   int32 1
   int32 0
   variant       boolean true
   array [
   ]
signal time=1788729214.480171 sender=:1.1 -> destination=(null destination) serial=306 path=/org/a11y/atspi/accessible/menus/n6d656e753a56696577; interface=org.a11y.atspi.Event.Object; member=ChildrenChanged
   string "add"
   int32 8
   int32 0
   variant       struct {
         string ":1.1"
         object path "/org/a11y/atspi/accessible/menus/n6d656e753a566965772f766965772e73706c69745f766572746963616c"
      }
   array [
   ]
signal time=1788729214.480222 sender=:1.1 -> destination=(null destination) serial=307 path=/org/a11y/atspi/accessible/menus/n6d656e753a566965772f766965772e73706c69745f766572746963616c; interface=org.a11y.atspi.Event.Object; member=StateChanged
   string "focused"
   int32 0
   int32 0
   variant       boolean false
   array [
   ]
signal time=1788729214.480258 sender=:1.1 -> destination=(null destination) serial=308 path=/org/a11y/atspi/accessible/menus/n6d656e753a566965772f766965772e73706c69745f766572746963616c; interface=org.a11y.atspi.Event.Object; member=StateChanged
   string "enabled"
   int32 1
   int32 0
   variant       boolean true
   array [
   ]
signal time=1788729214.480293 sender=:1.1 -> destination=(null destination) serial=309 path=/org/a11y/atspi/accessible/menus/n6d656e753a566965772f766965772e73706c69745f766572746963616c; interface=org.a11y.atspi.Event.Object; member=StateChanged
   string "sensitive"
   int32 1
   int32 0
   variant       boolean true
   array [
   ]
signal time=1788729214.480329 sender=:1.1 -> destination=(null destination) serial=310 path=/org/a11y/atspi/accessible/menus/n6d656e753a56696577; interface=org.a11y.atspi.Event.Object; member=ChildrenChanged
   string "add"
   int32 9
   int32 0
   variant       struct {
         string ":1.1"
         object path "/org/a11y/atspi/accessible/menus/n6d656e753a566965772f766965772e73706c69745f686f72697a6f6e74616c"
      }
   array [
   ]
signal time=1788729214.480380 sender=:1.1 -> destination=(null destination) serial=311 path=/org/a11y/atspi/accessible/menus/n6d656e753a566965772f766965772e73706c69745f686f72697a6f6e74616c; interface=org.a11y.atspi.Event.Object; member=StateChanged
   string "focused"
   int32 0
   int32 0
   variant       boolean false
   array [
   ]
signal time=1788729214.480415 sender=:1.1 -> destination=(null destination) serial=312 path=/org/a11y/atspi/accessible/menus/n6d656e753a566965772f766965772e73706c69745f686f72697a6f6e74616c; interface=org.a11y.atspi.Event.Object; member=StateChanged
   string "enabled"
   int32 1
   int32 0
   variant       boolean true
   array [
   ]
signal time=1788729214.480462 sender=:1.1 -> destination=(null destination) serial=313 path=/org/a11y/atspi/accessible/menus/n6d656e753a566965772f766965772e73706c69745f686f72697a6f6e74616c; interface=org.a11y.atspi.Event.Object; member=StateChanged
   string "sensitive"
   int32 1
   int32 0
   variant       boolean true
   array [
   ]
signal time=1788729214.480498 sender=:1.1 -> destination=(null destination) serial=314 path=/org/a11y/atspi/accessible/menus/n6d656e753a56696577; interface=org.a11y.atspi.Event.Object; member=ChildrenChanged
   string "add"
   int32 10
   int32 0
   variant       struct {
         string ":1.1"
         object path "/org/a11y/atspi/accessible/menus/n6d656e753a566965772f766965772e636c6f73655f70616e65"
      }
   array [
   ]
signal time=1788729214.480549 sender=:1.1 -> destination=(null destination) serial=315 path=/org/a11y/atspi/accessible/menus/n6d656e753a566965772f766965772e636c6f73655f70616e65; interface=org.a11y.atspi.Event.Object; member=StateChanged
   string "focused"
   int32 0
   int32 0
   variant       boolean false
   array [
   ]
signal time=1788729214.480584 sender=:1.1 -> destination=(null destination) serial=316 path=/org/a11y/atspi/accessible/menus/n6d656e753a566965772f766965772e636c6f73655f70616e65; interface=org.a11y.atspi.Event.Object; member=StateChanged
   string "enabled"
   int32 1
   int32 0
   variant       boolean true
   array [
   ]
signal time=1788729214.480620 sender=:1.1 -> destination=(null destination) serial=317 path=/org/a11y/atspi/accessible/menus/n6d656e753a566965772f766965772e636c6f73655f70616e65; interface=org.a11y.atspi.Event.Object; member=StateChanged
   string "sensitive"
   int32 1
   int32 0
   variant       boolean true
   array [
   ]
signal time=1788729214.480866 sender=:1.1 -> destination=(null destination) serial=318 path=/org/a11y/atspi/accessible/menus/n6d656e753a56696577; interface=org.a11y.atspi.Event.Object; member=ChildrenChanged
   string "add"
   int32 11
   int32 0
   variant       struct {
         string ":1.1"
         object path "/org/a11y/atspi/accessible/menus/n6d656e753a566965772f766965772e6d6178696d697a655f70616e65"
      }
   array [
   ]
signal time=1788729214.480924 sender=:1.1 -> destination=(null destination) serial=319 path=/org/a11y/atspi/accessible/menus/n6d656e753a566965772f766965772e6d6178696d697a655f70616e65; interface=org.a11y.atspi.Event.Object; member=StateChanged
   string "focused"
   int32 0
   int32 0
   variant       boolean false
   array [
   ]
signal time=1788729214.480960 sender=:1.1 -> destination=(null destination) serial=320 path=/org/a11y/atspi/accessible/menus/n6d656e753a566965772f766965772e6d6178696d697a655f70616e65; interface=org.a11y.atspi.Event.Object; member=StateChanged
   string "enabled"
   int32 1
   int32 0
   variant       boolean true
   array [
   ]
signal time=1788729214.480995 sender=:1.1 -> destination=(null destination) serial=321 path=/org/a11y/atspi/accessible/menus/n6d656e753a566965772f766965772e6d6178696d697a655f70616e65; interface=org.a11y.atspi.Event.Object; member=StateChanged
   string "sensitive"
   int32 1
   int32 0
   variant       boolean true
   array [
   ]
signal time=1788729214.481030 sender=:1.1 -> destination=(null destination) serial=322 path=/org/a11y/atspi/accessible/menus/n6d656e753a56696577; interface=org.a11y.atspi.Event.Object; member=ChildrenChanged
   string "add"
   int32 12
   int32 0
   variant       struct {
         string ":1.1"
         object path "/org/a11y/atspi/accessible/menus/n6d656e753a566965772f766965772e666f6375735f6e657874"
      }
   array [
   ]
signal time=1788729214.481080 sender=:1.1 -> destination=(null destination) serial=323 path=/org/a11y/atspi/accessible/menus/n6d656e753a566965772f766965772e666f6375735f6e657874; interface=org.a11y.atspi.Event.Object; member=StateChanged
   string "focused"
   int32 0
   int32 0
   variant       boolean false
   array [
   ]
signal time=1788729214.481127 sender=:1.1 -> destination=(null destination) serial=324 path=/org/a11y/atspi/accessible/menus/n6d656e753a566965772f766965772e666f6375735f6e657874; interface=org.a11y.atspi.Event.Object; member=StateChanged
   string "enabled"
   int32 1
   int32 0
   variant       boolean true
   array [
   ]
signal time=1788729214.481163 sender=:1.1 -> destination=(null destination) serial=325 path=/org/a11y/atspi/accessible/menus/n6d656e753a566965772f766965772e666f6375735f6e657874; interface=org.a11y.atspi.Event.Object; member=StateChanged
   string "sensitive"
   int32 1
   int32 0
   variant       boolean true
   array [
   ]
signal time=1788729214.481198 sender=:1.1 -> destination=(null destination) serial=326 path=/org/a11y/atspi/accessible/menus/n6d656e753a56696577; interface=org.a11y.atspi.Event.Object; member=ChildrenChanged
   string "add"
   int32 13
   int32 0
   variant       struct {
         string ":1.1"
         object path "/org/a11y/atspi/accessible/menus/n6d656e753a566965772f766965772e666f6375735f70726576"
      }
   array [
   ]
signal time=1788729214.481248 sender=:1.1 -> destination=(null destination) serial=327 path=/org/a11y/atspi/accessible/menus/n6d656e753a566965772f766965772e666f6375735f70726576; interface=org.a11y.atspi.Event.Object; member=StateChanged
   string "focused"
   int32 0
   int32 0
   variant       boolean false
   array [
   ]
signal time=1788729214.481284 sender=:1.1 -> destination=(null destination) serial=328 path=/org/a11y/atspi/accessible/menus/n6d656e753a566965772f766965772e666f6375735f70726576; interface=org.a11y.atspi.Event.Object; member=StateChanged
   string "enabled"
   int32 1
   int32 0
   variant       boolean true
   array [
   ]
signal time=1788729214.481319 sender=:1.1 -> destination=(null destination) serial=329 path=/org/a11y/atspi/accessible/menus/n6d656e753a566965772f766965772e666f6375735f70726576; interface=org.a11y.atspi.Event.Object; member=StateChanged
   string "sensitive"
   int32 1
   int32 0
   variant       boolean true
   array [
   ]
signal time=1788729214.481355 sender=:1.1 -> destination=(null destination) serial=330 path=/org/a11y/atspi/accessible/menus/n6d656e753a56696577; interface=org.a11y.atspi.Event.Object; member=ChildrenChanged
   string "add"
   int32 14
   int32 0
   variant       struct {
         string ":1.1"
         object path "/org/a11y/atspi/accessible/menus/n6d656e753a566965772f766965772e66696c6c5f626f617264"
      }
   array [
   ]
signal time=1788729214.481405 sender=:1.1 -> destination=(null destination) serial=331 path=/org/a11y/atspi/accessible/menus/n6d656e753a566965772f766965772e66696c6c5f626f617264; interface=org.a11y.atspi.Event.Object; member=StateChanged
   string "focused"
   int32 0
   int32 0
   variant       boolean false
   array [
   ]
signal time=1788729214.481441 sender=:1.1 -> destination=(null destination) serial=332 path=/org/a11y/atspi/accessible/menus/n6d656e753a566965772f766965772e66696c6c5f626f617264; interface=org.a11y.atspi.Event.Object; member=StateChanged
   string "enabled"
   int32 1
   int32 0
   variant       boolean true
   array [
   ]
signal time=1788729214.481734 sender=:1.1 -> destination=(null destination) serial=333 path=/org/a11y/atspi/accessible/menus/n6d656e753a566965772f766965772e66696c6c5f626f617264; interface=org.a11y.atspi.Event.Object; member=StateChanged
   string "sensitive"
   int32 1
   int32 0
   variant       boolean true
   array [
   ]
signal time=1788729214.481792 sender=:1.1 -> destination=(null destination) serial=334 path=/org/a11y/atspi/accessible/menus/n6d656e753a56696577; interface=org.a11y.atspi.Event.Object; member=ChildrenChanged
   string "add"
   int32 15
   int32 0
   variant       struct {
         string ":1.1"
         object path "/org/a11y/atspi/accessible/menus/n6d656e753a566965772f766965772e66696c6c5f736368656d61746963"
      }
   array [
   ]
signal time=1788729214.481843 sender=:1.1 -> destination=(null destination) serial=335 path=/org/a11y/atspi/accessible/menus/n6d656e753a566965772f766965772e66696c6c5f736368656d61746963; interface=org.a11y.atspi.Event.Object; member=StateChanged
   string "focused"
   int32 0
   int32 0
   variant       boolean false
   array [
   ]
signal time=1788729214.481892 sender=:1.1 -> destination=(null destination) serial=336 path=/org/a11y/atspi/accessible/menus/n6d656e753a566965772f766965772e66696c6c5f736368656d61746963; interface=org.a11y.atspi.Event.Object; member=StateChanged
   string "enabled"
   int32 1
   int32 0
   variant       boolean true
   array [
   ]
signal time=1788729214.481928 sender=:1.1 -> destination=(null destination) serial=337 path=/org/a11y/atspi/accessible/menus/n6d656e753a566965772f766965772e66696c6c5f736368656d61746963; interface=org.a11y.atspi.Event.Object; member=StateChanged
   string "sensitive"
   int32 1
   int32 0
   variant       boolean true
   array [
   ]
signal time=1788729214.481964 sender=:1.1 -> destination=(null destination) serial=338 path=/org/a11y/atspi/accessible/menus/n6d656e753a56696577; interface=org.a11y.atspi.Event.Object; member=ChildrenChanged
   string "add"
   int32 16
   int32 0
   variant       struct {
         string ":1.1"
         object path "/org/a11y/atspi/accessible/menus/n6d656e753a566965772f766965772e7072657365745f73696e676c65"
      }
   array [
   ]
signal time=1788729214.482015 sender=:1.1 -> destination=(null destination) serial=339 path=/org/a11y/atspi/accessible/menus/n6d656e753a566965772f766965772e7072657365745f73696e676c65; interface=org.a11y.atspi.Event.Object; member=StateChanged
   string "focused"
   int32 0
   int32 0
   variant       boolean false
   array [
   ]
signal time=1788729214.482050 sender=:1.1 -> destination=(null destination) serial=340 path=/org/a11y/atspi/accessible/menus/n6d656e753a566965772f766965772e7072657365745f73696e676c65; interface=org.a11y.atspi.Event.Object; member=StateChanged
   string "enabled"
   int32 1
   int32 0
   variant       boolean true
   array [
   ]
signal time=1788729214.482086 sender=:1.1 -> destination=(null destination) serial=341 path=/org/a11y/atspi/accessible/menus/n6d656e753a566965772f766965772e7072657365745f73696e676c65; interface=org.a11y.atspi.Event.Object; member=StateChanged
   string "sensitive"
   int32 1
   int32 0
   variant       boolean true
   array [
   ]
signal time=1788729214.482123 sender=:1.1 -> destination=(null destination) serial=342 path=/org/a11y/atspi/accessible/menus/n6d656e753a56696577; interface=org.a11y.atspi.Event.Object; member=ChildrenChanged
   string "add"
   int32 17
   int32 0
   variant       struct {
         string ":1.1"
         object path "/org/a11y/atspi/accessible/menus/n6d656e753a566965772f766965772e7072657365745f626f6172645f736368656d61746963"
      }
   array [
   ]
signal time=1788729214.482174 sender=:1.1 -> destination=(null destination) serial=343 path=/org/a11y/atspi/accessible/menus/n6d656e753a566965772f766965772e7072657365745f626f6172645f736368656d61746963; interface=org.a11y.atspi.Event.Object; member=StateChanged
   string "focused"
   int32 0
   int32 0
   variant       boolean false
   array [
   ]
signal time=1788729214.482210 sender=:1.1 -> destination=(null destination) serial=344 path=/org/a11y/atspi/accessible/menus/n6d656e753a566965772f766965772e7072657365745f626f6172645f736368656d61746963; interface=org.a11y.atspi.Event.Object; member=StateChanged
   string "enabled"
   int32 1
   int32 0
   variant       boolean true
   array [
   ]
signal time=1788729214.482245 sender=:1.1 -> destination=(null destination) serial=345 path=/org/a11y/atspi/accessible/menus/n6d656e753a566965772f766965772e7072657365745f626f6172645f736368656d61746963; interface=org.a11y.atspi.Event.Object; member=StateChanged
   string "sensitive"
   int32 1
   int32 0
   variant       boolean true
   array [
   ]
signal time=1788729214.482290 sender=:1.1 -> destination=(null destination) serial=346 path=/org/a11y/atspi/accessible/menus/n6d656e753a56696577; interface=org.a11y.atspi.Event.Object; member=ChildrenChanged
   string "add"
   int32 18
   int32 0
   variant       struct {
         string ":1.1"
         object path "/org/a11y/atspi/accessible/menus/n6d656e753a566965772f766965772e637572736f722e66756c6c"
      }
   array [
   ]
signal time=1788729214.482405 sender=:1.1 -> destination=(null destination) serial=347 path=/org/a11y/atspi/accessible/menus/n6d656e753a566965772f766965772e637572736f722e66756c6c; interface=org.a11y.atspi.Event.Object; member=StateChanged
   string "focused"
   int32 0
   int32 0
   variant       boolean false
   array [
   ]
signal time=1788729214.482662 sender=:1.1 -> destination=(null destination) serial=348 path=/org/a11y/atspi/accessible/menus/n6d656e753a566965772f766965772e637572736f722e66756c6c; interface=org.a11y.atspi.Event.Object; member=StateChanged
   string "enabled"
   int32 1
   int32 0
   variant       boolean true
   array [
   ]
signal time=1788729214.482706 sender=:1.1 -> destination=(null destination) serial=349 path=/org/a11y/atspi/accessible/menus/n6d656e753a566965772f766965772e637572736f722e66756c6c; interface=org.a11y.atspi.Event.Object; member=StateChanged
   string "sensitive"
   int32 1
   int32 0
   variant       boolean true
   array [
   ]
signal time=1788729214.482742 sender=:1.1 -> destination=(null destination) serial=350 path=/org/a11y/atspi/accessible/menus/n6d656e753a56696577; interface=org.a11y.atspi.Event.Object; member=ChildrenChanged
   string "add"
   int32 19
   int32 0
   variant       struct {
         string ":1.1"
         object path "/org/a11y/atspi/accessible/menus/n6d656e753a566965772f766965772e637572736f722e736d616c6c"
      }
   array [
   ]
signal time=1788729214.482793 sender=:1.1 -> destination=(null destination) serial=351 path=/org/a11y/atspi/accessible/menus/n6d656e753a566965772f766965772e637572736f722e736d616c6c; interface=org.a11y.atspi.Event.Object; member=StateChanged
   string "focused"
   int32 0
   int32 0
   variant       boolean false
   array [
   ]
signal time=1788729214.482829 sender=:1.1 -> destination=(null destination) serial=352 path=/org/a11y/atspi/accessible/menus/n6d656e753a566965772f766965772e637572736f722e736d616c6c; interface=org.a11y.atspi.Event.Object; member=StateChanged
   string "enabled"
   int32 1
   int32 0
   variant       boolean true
   array [
   ]
signal time=1788729214.482864 sender=:1.1 -> destination=(null destination) serial=353 path=/org/a11y/atspi/accessible/menus/n6d656e753a566965772f766965772e637572736f722e736d616c6c; interface=org.a11y.atspi.Event.Object; member=StateChanged
   string "sensitive"
   int32 1
   int32 0
   variant       boolean true
   array [
   ]
signal time=1788729214.482927 sender=:1.1 -> destination=(null destination) serial=354 path=/org/a11y/atspi/accessible/menus/n6d656e753a56696577; interface=org.a11y.atspi.Event.Object; member=ChildrenChanged
   string "add"
   int32 20
   int32 0
   variant       struct {
         string ":1.1"
         object path "/org/a11y/atspi/accessible/menus/n6d656e753a566965772f766965772e637572736f722e6e6f6e65"
      }
   array [
   ]
signal time=1788729214.482992 sender=:1.1 -> destination=(null destination) serial=355 path=/org/a11y/atspi/accessible/menus/n6d656e753a566965772f766965772e637572736f722e6e6f6e65; interface=org.a11y.atspi.Event.Object; member=StateChanged
   string "focused"
   int32 0
   int32 0
   variant       boolean false
   array [
   ]
signal time=1788729214.483028 sender=:1.1 -> destination=(null destination) serial=356 path=/org/a11y/atspi/accessible/menus/n6d656e753a566965772f766965772e637572736f722e6e6f6e65; interface=org.a11y.atspi.Event.Object; member=StateChanged
   string "enabled"
   int32 1
   int32 0
   variant       boolean true
   array [
   ]
signal time=1788729214.483077 sender=:1.1 -> destination=(null destination) serial=357 path=/org/a11y/atspi/accessible/menus/n6d656e753a566965772f766965772e637572736f722e6e6f6e65; interface=org.a11y.atspi.Event.Object; member=StateChanged
   string "sensitive"
   int32 1
   int32 0
   variant       boolean true
   array [
   ]
signal time=1788729214.483142 sender=:1.1 -> destination=(null destination) serial=358 path=/org/a11y/atspi/accessible/menus/n6d656e753a56696577; interface=org.a11y.atspi.Event.Object; member=ChildrenChanged
   string "add"
   int32 21
   int32 0
   variant       struct {
         string ":1.1"
         object path "/org/a11y/atspi/accessible/menus/n6d656e753a566965772f766965772e636f6e736f6c655f686973746f7279"
      }
   array [
   ]
signal time=1788729214.483245 sender=:1.1 -> destination=(null destination) serial=359 path=/org/a11y/atspi/accessible/menus/n6d656e753a566965772f766965772e636f6e736f6c655f686973746f7279; interface=org.a11y.atspi.Event.Object; member=StateChanged
   string "focused"
   int32 0
   int32 0
   variant       boolean false
   array [
   ]
signal time=1788729214.483297 sender=:1.1 -> destination=(null destination) serial=360 path=/org/a11y/atspi/accessible/menus/n6d656e753a566965772f766965772e636f6e736f6c655f686973746f7279; interface=org.a11y.atspi.Event.Object; member=StateChanged
   string "enabled"
   int32 1
   int32 0
   variant       boolean true
   array [
   ]
signal time=1788729214.483347 sender=:1.1 -> destination=(null destination) serial=361 path=/org/a11y/atspi/accessible/menus/n6d656e753a566965772f766965772e636f6e736f6c655f686973746f7279; interface=org.a11y.atspi.Event.Object; member=StateChanged
   string "sensitive"
   int32 1
   int32 0
   variant       boolean true
   array [
   ]
signal time=1788729214.882422 sender=:1.1 -> destination=(null destination) serial=362 path=/org/a11y/atspi/accessible/menus/n6d656e753a566965772f766965772e666974; interface=org.a11y.atspi.Event.Object; member=StateChanged
   string "focused"
   int32 0
   int32 0
   variant       boolean false
   array [
   ]
signal time=1788729214.882548 sender=:1.1 -> destination=(null destination) serial=363 path=/org/a11y/atspi/accessible/menus/n6d656e753a566965772f766965772e7a6f6f6d5f696e; interface=org.a11y.atspi.Event.Object; member=StateChanged
   string "focused"
   int32 1
   int32 0
   variant       boolean true
   array [
   ]
signal time=1788729215.203030 sender=:1.1 -> destination=(null destination) serial=364 path=/org/a11y/atspi/accessible/menus/n6d656e753a566965772f766965772e666974; interface=org.a11y.atspi.Event.Object; member=StateChanged
   string "focused"
   int32 1
   int32 0
   variant       boolean true
   array [
   ]
signal time=1788729215.203151 sender=:1.1 -> destination=(null destination) serial=365 path=/org/a11y/atspi/accessible/menus/n6d656e753a566965772f766965772e7a6f6f6d5f696e; interface=org.a11y.atspi.Event.Object; member=StateChanged
   string "focused"
   int32 0
   int32 0
   variant       boolean false
   array [
   ]
signal time=1788729216.516416 sender=org.freedesktop.DBus -> destination=(null destination) serial=197 path=/org/freedesktop/DBus; interface=org.freedesktop.DBus; member=NameOwnerChanged
   string ":1.99"
   string ""
   string ":1.99"
signal time=1788729216.516451 sender=org.freedesktop.DBus -> destination=:1.99 serial=2 path=/org/freedesktop/DBus; interface=org.freedesktop.DBus; member=NameAcquired
   string ":1.99"
signal time=1788729216.517731 sender=org.freedesktop.DBus -> destination=:1.99 serial=3 path=/org/freedesktop/DBus; interface=org.freedesktop.DBus; member=NameLost
   string ":1.99"
signal time=1788729216.517757 sender=org.freedesktop.DBus -> destination=(null destination) serial=198 path=/org/freedesktop/DBus; interface=org.freedesktop.DBus; member=NameOwnerChanged
   string ":1.99"
   string ":1.99"
   string ""
signal time=1788729216.517866 sender=:1.2 -> destination=(null destination) serial=130 path=/org/a11y/atspi/registry; interface=org.a11y.atspi.Registry; member=EventListenerDeregistered
   string ":1.99"
   string ""
signal time=1788729216.522600 sender=org.freedesktop.DBus -> destination=(null destination) serial=199 path=/org/freedesktop/DBus; interface=org.freedesktop.DBus; member=NameOwnerChanged
   string ":1.100"
   string ""
   string ":1.100"
signal time=1788729216.522638 sender=org.freedesktop.DBus -> destination=:1.100 serial=2 path=/org/freedesktop/DBus; interface=org.freedesktop.DBus; member=NameAcquired
   string ":1.100"
signal time=1788729216.523693 sender=org.freedesktop.DBus -> destination=:1.100 serial=5 path=/org/freedesktop/DBus; interface=org.freedesktop.DBus; member=NameLost
   string ":1.100"
signal time=1788729216.523710 sender=org.freedesktop.DBus -> destination=(null destination) serial=200 path=/org/freedesktop/DBus; interface=org.freedesktop.DBus; member=NameOwnerChanged
   string ":1.100"
   string ":1.100"
   string ""
signal time=1788729216.523799 sender=:1.2 -> destination=(null destination) serial=131 path=/org/a11y/atspi/registry; interface=org.a11y.atspi.Registry; member=EventListenerDeregistered
   string ":1.100"
   string ""
signal time=1788729216.528940 sender=org.freedesktop.DBus -> destination=(null destination) serial=201 path=/org/freedesktop/DBus; interface=org.freedesktop.DBus; member=NameOwnerChanged
   string ":1.101"
   string ""
   string ":1.101"
signal time=1788729216.528975 sender=org.freedesktop.DBus -> destination=:1.101 serial=2 path=/org/freedesktop/DBus; interface=org.freedesktop.DBus; member=NameAcquired
   string ":1.101"
signal time=1788729216.530279 sender=org.freedesktop.DBus -> destination=:1.101 serial=3 path=/org/freedesktop/DBus; interface=org.freedesktop.DBus; member=NameLost
   string ":1.101"
signal time=1788729216.530307 sender=org.freedesktop.DBus -> destination=(null destination) serial=202 path=/org/freedesktop/DBus; interface=org.freedesktop.DBus; member=NameOwnerChanged
   string ":1.101"
   string ":1.101"
   string ""
signal time=1788729216.530666 sender=:1.2 -> destination=(null destination) serial=132 path=/org/a11y/atspi/registry; interface=org.a11y.atspi.Registry; member=EventListenerDeregistered
   string ":1.101"
   string ""
signal time=1788729216.535074 sender=org.freedesktop.DBus -> destination=(null destination) serial=203 path=/org/freedesktop/DBus; interface=org.freedesktop.DBus; member=NameOwnerChanged
   string ":1.102"
   string ""
   string ":1.102"
signal time=1788729216.535110 sender=org.freedesktop.DBus -> destination=:1.102 serial=2 path=/org/freedesktop/DBus; interface=org.freedesktop.DBus; member=NameAcquired
   string ":1.102"
signal time=1788729216.536545 sender=org.freedesktop.DBus -> destination=:1.102 serial=3 path=/org/freedesktop/DBus; interface=org.freedesktop.DBus; member=NameLost
   string ":1.102"
signal time=1788729216.536571 sender=org.freedesktop.DBus -> destination=(null destination) serial=204 path=/org/freedesktop/DBus; interface=org.freedesktop.DBus; member=NameOwnerChanged
   string ":1.102"
   string ":1.102"
   string ""
signal time=1788729216.536651 sender=:1.2 -> destination=(null destination) serial=133 path=/org/a11y/atspi/registry; interface=org.a11y.atspi.Registry; member=EventListenerDeregistered
   string ":1.102"
   string ""
signal time=1788729216.542028 sender=org.freedesktop.DBus -> destination=(null destination) serial=205 path=/org/freedesktop/DBus; interface=org.freedesktop.DBus; member=NameOwnerChanged
   string ":1.103"
   string ""
   string ":1.103"
signal time=1788729216.542063 sender=org.freedesktop.DBus -> destination=:1.103 serial=2 path=/org/freedesktop/DBus; interface=org.freedesktop.DBus; member=NameAcquired
   string ":1.103"
signal time=1788729216.543232 sender=org.freedesktop.DBus -> destination=:1.103 serial=3 path=/org/freedesktop/DBus; interface=org.freedesktop.DBus; member=NameLost
   string ":1.103"
signal time=1788729216.543255 sender=org.freedesktop.DBus -> destination=(null destination) serial=206 path=/org/freedesktop/DBus; interface=org.freedesktop.DBus; member=NameOwnerChanged
   string ":1.103"
   string ":1.103"
   string ""
signal time=1788729216.543655 sender=:1.2 -> destination=(null destination) serial=134 path=/org/a11y/atspi/registry; interface=org.a11y.atspi.Registry; member=EventListenerDeregistered
   string ":1.103"
   string ""
signal time=1788729216.548448 sender=org.freedesktop.DBus -> destination=(null destination) serial=207 path=/org/freedesktop/DBus; interface=org.freedesktop.DBus; member=NameOwnerChanged
   string ":1.104"
   string ""
   string ":1.104"
signal time=1788729216.548497 sender=org.freedesktop.DBus -> destination=:1.104 serial=2 path=/org/freedesktop/DBus; interface=org.freedesktop.DBus; member=NameAcquired
   string ":1.104"
signal time=1788729216.549804 sender=org.freedesktop.DBus -> destination=:1.104 serial=3 path=/org/freedesktop/DBus; interface=org.freedesktop.DBus; member=NameLost
   string ":1.104"
signal time=1788729216.549829 sender=org.freedesktop.DBus -> destination=(null destination) serial=208 path=/org/freedesktop/DBus; interface=org.freedesktop.DBus; member=NameOwnerChanged
   string ":1.104"
   string ":1.104"
   string ""
signal time=1788729216.549888 sender=:1.2 -> destination=(null destination) serial=135 path=/org/a11y/atspi/registry; interface=org.a11y.atspi.Registry; member=EventListenerDeregistered
   string ":1.104"
   string ""
signal time=1788729216.554037 sender=org.freedesktop.DBus -> destination=(null destination) serial=209 path=/org/freedesktop/DBus; interface=org.freedesktop.DBus; member=NameOwnerChanged
   string ":1.105"
   string ""
   string ":1.105"
signal time=1788729216.554088 sender=org.freedesktop.DBus -> destination=:1.105 serial=2 path=/org/freedesktop/DBus; interface=org.freedesktop.DBus; member=NameAcquired
   string ":1.105"
signal time=1788729216.555078 sender=org.freedesktop.DBus -> destination=:1.105 serial=3 path=/org/freedesktop/DBus; interface=org.freedesktop.DBus; member=NameLost
   string ":1.105"
signal time=1788729216.555098 sender=org.freedesktop.DBus -> destination=(null destination) serial=210 path=/org/freedesktop/DBus; interface=org.freedesktop.DBus; member=NameOwnerChanged
   string ":1.105"
   string ":1.105"
   string ""
signal time=1788729216.555165 sender=:1.2 -> destination=(null destination) serial=136 path=/org/a11y/atspi/registry; interface=org.a11y.atspi.Registry; member=EventListenerDeregistered
   string ":1.105"
   string ""
signal time=1788729216.560110 sender=org.freedesktop.DBus -> destination=(null destination) serial=211 path=/org/freedesktop/DBus; interface=org.freedesktop.DBus; member=NameOwnerChanged
   string ":1.106"
   string ""
   string ":1.106"
signal time=1788729216.560156 sender=org.freedesktop.DBus -> destination=:1.106 serial=2 path=/org/freedesktop/DBus; interface=org.freedesktop.DBus; member=NameAcquired
   string ":1.106"
signal time=1788729216.561298 sender=org.freedesktop.DBus -> destination=:1.106 serial=3 path=/org/freedesktop/DBus; interface=org.freedesktop.DBus; member=NameLost
   string ":1.106"
signal time=1788729216.561324 sender=org.freedesktop.DBus -> destination=(null destination) serial=212 path=/org/freedesktop/DBus; interface=org.freedesktop.DBus; member=NameOwnerChanged
   string ":1.106"
   string ":1.106"
   string ""
signal time=1788729216.561415 sender=:1.2 -> destination=(null destination) serial=137 path=/org/a11y/atspi/registry; interface=org.a11y.atspi.Registry; member=EventListenerDeregistered
   string ":1.106"
   string ""
signal time=1788729216.566277 sender=org.freedesktop.DBus -> destination=(null destination) serial=213 path=/org/freedesktop/DBus; interface=org.freedesktop.DBus; member=NameOwnerChanged
   string ":1.107"
   string ""
   string ":1.107"
signal time=1788729216.566302 sender=org.freedesktop.DBus -> destination=:1.107 serial=2 path=/org/freedesktop/DBus; interface=org.freedesktop.DBus; member=NameAcquired
   string ":1.107"
signal time=1788729216.567849 sender=org.freedesktop.DBus -> destination=:1.107 serial=3 path=/org/freedesktop/DBus; interface=org.freedesktop.DBus; member=NameLost
   string ":1.107"
signal time=1788729216.567870 sender=org.freedesktop.DBus -> destination=(null destination) serial=214 path=/org/freedesktop/DBus; interface=org.freedesktop.DBus; member=NameOwnerChanged
   string ":1.107"
   string ":1.107"
   string ""
signal time=1788729216.567984 sender=:1.2 -> destination=(null destination) serial=138 path=/org/a11y/atspi/registry; interface=org.a11y.atspi.Registry; member=EventListenerDeregistered
   string ":1.107"
   string ""
signal time=1788729216.573144 sender=org.freedesktop.DBus -> destination=(null destination) serial=215 path=/org/freedesktop/DBus; interface=org.freedesktop.DBus; member=NameOwnerChanged
   string ":1.108"
   string ""
   string ":1.108"
signal time=1788729216.573182 sender=org.freedesktop.DBus -> destination=:1.108 serial=2 path=/org/freedesktop/DBus; interface=org.freedesktop.DBus; member=NameAcquired
   string ":1.108"
signal time=1788729216.574544 sender=org.freedesktop.DBus -> destination=:1.108 serial=3 path=/org/freedesktop/DBus; interface=org.freedesktop.DBus; member=NameLost
   string ":1.108"
signal time=1788729216.574574 sender=org.freedesktop.DBus -> destination=(null destination) serial=216 path=/org/freedesktop/DBus; interface=org.freedesktop.DBus; member=NameOwnerChanged
   string ":1.108"
   string ":1.108"
   string ""
signal time=1788729216.574622 sender=:1.2 -> destination=(null destination) serial=139 path=/org/a11y/atspi/registry; interface=org.a11y.atspi.Registry; member=EventListenerDeregistered
   string ":1.108"
   string ""
signal time=1788729216.579164 sender=org.freedesktop.DBus -> destination=(null destination) serial=217 path=/org/freedesktop/DBus; interface=org.freedesktop.DBus; member=NameOwnerChanged
   string ":1.109"
   string ""
   string ":1.109"
signal time=1788729216.579195 sender=org.freedesktop.DBus -> destination=:1.109 serial=2 path=/org/freedesktop/DBus; interface=org.freedesktop.DBus; member=NameAcquired
   string ":1.109"
signal time=1788729216.580206 sender=org.freedesktop.DBus -> destination=:1.109 serial=3 path=/org/freedesktop/DBus; interface=org.freedesktop.DBus; member=NameLost
   string ":1.109"
signal time=1788729216.580220 sender=org.freedesktop.DBus -> destination=(null destination) serial=218 path=/org/freedesktop/DBus; interface=org.freedesktop.DBus; member=NameOwnerChanged
   string ":1.109"
   string ":1.109"
   string ""
signal time=1788729216.580311 sender=:1.2 -> destination=(null destination) serial=140 path=/org/a11y/atspi/registry; interface=org.a11y.atspi.Registry; member=EventListenerDeregistered
   string ":1.109"
   string ""
signal time=1788729216.584140 sender=org.freedesktop.DBus -> destination=(null destination) serial=219 path=/org/freedesktop/DBus; interface=org.freedesktop.DBus; member=NameOwnerChanged
   string ":1.110"
   string ""
   string ":1.110"
signal time=1788729216.584174 sender=org.freedesktop.DBus -> destination=:1.110 serial=2 path=/org/freedesktop/DBus; interface=org.freedesktop.DBus; member=NameAcquired
   string ":1.110"
signal time=1788729216.585195 sender=org.freedesktop.DBus -> destination=:1.110 serial=3 path=/org/freedesktop/DBus; interface=org.freedesktop.DBus; member=NameLost
   string ":1.110"
signal time=1788729216.585215 sender=org.freedesktop.DBus -> destination=(null destination) serial=220 path=/org/freedesktop/DBus; interface=org.freedesktop.DBus; member=NameOwnerChanged
   string ":1.110"
   string ":1.110"
   string ""
signal time=1788729216.585302 sender=:1.2 -> destination=(null destination) serial=141 path=/org/a11y/atspi/registry; interface=org.a11y.atspi.Registry; member=EventListenerDeregistered
   string ":1.110"
   string ""
signal time=1788729216.589337 sender=org.freedesktop.DBus -> destination=(null destination) serial=221 path=/org/freedesktop/DBus; interface=org.freedesktop.DBus; member=NameOwnerChanged
   string ":1.111"
   string ""
   string ":1.111"
signal time=1788729216.589369 sender=org.freedesktop.DBus -> destination=:1.111 serial=2 path=/org/freedesktop/DBus; interface=org.freedesktop.DBus; member=NameAcquired
   string ":1.111"
signal time=1788729216.590786 sender=org.freedesktop.DBus -> destination=:1.111 serial=3 path=/org/freedesktop/DBus; interface=org.freedesktop.DBus; member=NameLost
   string ":1.111"
signal time=1788729216.590837 sender=org.freedesktop.DBus -> destination=(null destination) serial=222 path=/org/freedesktop/DBus; interface=org.freedesktop.DBus; member=NameOwnerChanged
   string ":1.111"
   string ":1.111"
   string ""
signal time=1788729216.590915 sender=:1.2 -> destination=(null destination) serial=142 path=/org/a11y/atspi/registry; interface=org.a11y.atspi.Registry; member=EventListenerDeregistered
   string ":1.111"
   string ""
signal time=1788729216.595126 sender=org.freedesktop.DBus -> destination=(null destination) serial=223 path=/org/freedesktop/DBus; interface=org.freedesktop.DBus; member=NameOwnerChanged
   string ":1.112"
   string ""
   string ":1.112"
signal time=1788729216.595166 sender=org.freedesktop.DBus -> destination=:1.112 serial=2 path=/org/freedesktop/DBus; interface=org.freedesktop.DBus; member=NameAcquired
   string ":1.112"
signal time=1788729216.596766 sender=org.freedesktop.DBus -> destination=:1.112 serial=3 path=/org/freedesktop/DBus; interface=org.freedesktop.DBus; member=NameLost
   string ":1.112"
signal time=1788729216.596787 sender=org.freedesktop.DBus -> destination=(null destination) serial=224 path=/org/freedesktop/DBus; interface=org.freedesktop.DBus; member=NameOwnerChanged
   string ":1.112"
   string ":1.112"
   string ""
signal time=1788729216.596895 sender=:1.2 -> destination=(null destination) serial=143 path=/org/a11y/atspi/registry; interface=org.a11y.atspi.Registry; member=EventListenerDeregistered
   string ":1.112"
   string ""
signal time=1788729216.600779 sender=org.freedesktop.DBus -> destination=(null destination) serial=225 path=/org/freedesktop/DBus; interface=org.freedesktop.DBus; member=NameOwnerChanged
   string ":1.113"
   string ""
   string ":1.113"
signal time=1788729216.600817 sender=org.freedesktop.DBus -> destination=:1.113 serial=2 path=/org/freedesktop/DBus; interface=org.freedesktop.DBus; member=NameAcquired
   string ":1.113"
signal time=1788729216.602000 sender=org.freedesktop.DBus -> destination=:1.113 serial=3 path=/org/freedesktop/DBus; interface=org.freedesktop.DBus; member=NameLost
   string ":1.113"
signal time=1788729216.602038 sender=org.freedesktop.DBus -> destination=(null destination) serial=226 path=/org/freedesktop/DBus; interface=org.freedesktop.DBus; member=NameOwnerChanged
   string ":1.113"
   string ":1.113"
   string ""
signal time=1788729216.602144 sender=:1.2 -> destination=(null destination) serial=144 path=/org/a11y/atspi/registry; interface=org.a11y.atspi.Registry; member=EventListenerDeregistered
   string ":1.113"
   string ""
signal time=1788729216.606979 sender=org.freedesktop.DBus -> destination=(null destination) serial=227 path=/org/freedesktop/DBus; interface=org.freedesktop.DBus; member=NameOwnerChanged
   string ":1.114"
   string ""
   string ":1.114"
signal time=1788729216.607055 sender=org.freedesktop.DBus -> destination=:1.114 serial=2 path=/org/freedesktop/DBus; interface=org.freedesktop.DBus; member=NameAcquired
   string ":1.114"
signal time=1788729216.608636 sender=org.freedesktop.DBus -> destination=:1.114 serial=3 path=/org/freedesktop/DBus; interface=org.freedesktop.DBus; member=NameLost
   string ":1.114"
signal time=1788729216.608664 sender=org.freedesktop.DBus -> destination=(null destination) serial=228 path=/org/freedesktop/DBus; interface=org.freedesktop.DBus; member=NameOwnerChanged
   string ":1.114"
   string ":1.114"
   string ""
signal time=1788729216.608718 sender=:1.2 -> destination=(null destination) serial=145 path=/org/a11y/atspi/registry; interface=org.a11y.atspi.Registry; member=EventListenerDeregistered
   string ":1.114"
   string ""
signal time=1788729216.612820 sender=org.freedesktop.DBus -> destination=(null destination) serial=229 path=/org/freedesktop/DBus; interface=org.freedesktop.DBus; member=NameOwnerChanged
   string ":1.115"
   string ""
   string ":1.115"
signal time=1788729216.612845 sender=org.freedesktop.DBus -> destination=:1.115 serial=2 path=/org/freedesktop/DBus; interface=org.freedesktop.DBus; member=NameAcquired
   string ":1.115"
signal time=1788729216.614227 sender=org.freedesktop.DBus -> destination=:1.115 serial=3 path=/org/freedesktop/DBus; interface=org.freedesktop.DBus; member=NameLost
   string ":1.115"
signal time=1788729216.614269 sender=org.freedesktop.DBus -> destination=(null destination) serial=230 path=/org/freedesktop/DBus; interface=org.freedesktop.DBus; member=NameOwnerChanged
   string ":1.115"
   string ":1.115"
   string ""
signal time=1788729216.614387 sender=:1.2 -> destination=(null destination) serial=146 path=/org/a11y/atspi/registry; interface=org.a11y.atspi.Registry; member=EventListenerDeregistered
   string ":1.115"
   string ""
signal time=1788729216.617985 sender=org.freedesktop.DBus -> destination=(null destination) serial=231 path=/org/freedesktop/DBus; interface=org.freedesktop.DBus; member=NameOwnerChanged
   string ":1.116"
   string ""
   string ":1.116"
signal time=1788729216.618016 sender=org.freedesktop.DBus -> destination=:1.116 serial=2 path=/org/freedesktop/DBus; interface=org.freedesktop.DBus; member=NameAcquired
   string ":1.116"
signal time=1788729216.619577 sender=org.freedesktop.DBus -> destination=:1.116 serial=3 path=/org/freedesktop/DBus; interface=org.freedesktop.DBus; member=NameLost
   string ":1.116"
signal time=1788729216.619595 sender=org.freedesktop.DBus -> destination=(null destination) serial=232 path=/org/freedesktop/DBus; interface=org.freedesktop.DBus; member=NameOwnerChanged
   string ":1.116"
   string ":1.116"
   string ""
signal time=1788729216.619692 sender=:1.2 -> destination=(null destination) serial=147 path=/org/a11y/atspi/registry; interface=org.a11y.atspi.Registry; member=EventListenerDeregistered
   string ":1.116"
   string ""
signal time=1788729216.623708 sender=org.freedesktop.DBus -> destination=(null destination) serial=233 path=/org/freedesktop/DBus; interface=org.freedesktop.DBus; member=NameOwnerChanged
   string ":1.117"
   string ""
   string ":1.117"
signal time=1788729216.623739 sender=org.freedesktop.DBus -> destination=:1.117 serial=2 path=/org/freedesktop/DBus; interface=org.freedesktop.DBus; member=NameAcquired
   string ":1.117"
signal time=1788729216.625188 sender=org.freedesktop.DBus -> destination=:1.117 serial=3 path=/org/freedesktop/DBus; interface=org.freedesktop.DBus; member=NameLost
   string ":1.117"
signal time=1788729216.625234 sender=org.freedesktop.DBus -> destination=(null destination) serial=234 path=/org/freedesktop/DBus; interface=org.freedesktop.DBus; member=NameOwnerChanged
   string ":1.117"
   string ":1.117"
   string ""
signal time=1788729216.625273 sender=:1.2 -> destination=(null destination) serial=148 path=/org/a11y/atspi/registry; interface=org.a11y.atspi.Registry; member=EventListenerDeregistered
   string ":1.117"
   string ""
signal time=1788729216.629482 sender=org.freedesktop.DBus -> destination=(null destination) serial=235 path=/org/freedesktop/DBus; interface=org.freedesktop.DBus; member=NameOwnerChanged
   string ":1.118"
   string ""
   string ":1.118"
signal time=1788729216.629523 sender=org.freedesktop.DBus -> destination=:1.118 serial=2 path=/org/freedesktop/DBus; interface=org.freedesktop.DBus; member=NameAcquired
   string ":1.118"
signal time=1788729216.631160 sender=org.freedesktop.DBus -> destination=:1.118 serial=3 path=/org/freedesktop/DBus; interface=org.freedesktop.DBus; member=NameLost
   string ":1.118"
signal time=1788729216.631181 sender=org.freedesktop.DBus -> destination=(null destination) serial=236 path=/org/freedesktop/DBus; interface=org.freedesktop.DBus; member=NameOwnerChanged
   string ":1.118"
   string ":1.118"
   string ""
signal time=1788729216.631346 sender=:1.2 -> destination=(null destination) serial=149 path=/org/a11y/atspi/registry; interface=org.a11y.atspi.Registry; member=EventListenerDeregistered
   string ":1.118"
   string ""
signal time=1788729216.635225 sender=org.freedesktop.DBus -> destination=(null destination) serial=237 path=/org/freedesktop/DBus; interface=org.freedesktop.DBus; member=NameOwnerChanged
   string ":1.119"
   string ""
   string ":1.119"
signal time=1788729216.635253 sender=org.freedesktop.DBus -> destination=:1.119 serial=2 path=/org/freedesktop/DBus; interface=org.freedesktop.DBus; member=NameAcquired
   string ":1.119"
signal time=1788729216.636571 sender=org.freedesktop.DBus -> destination=:1.119 serial=3 path=/org/freedesktop/DBus; interface=org.freedesktop.DBus; member=NameLost
   string ":1.119"
signal time=1788729216.636589 sender=org.freedesktop.DBus -> destination=(null destination) serial=238 path=/org/freedesktop/DBus; interface=org.freedesktop.DBus; member=NameOwnerChanged
   string ":1.119"
   string ":1.119"
   string ""
signal time=1788729216.636692 sender=:1.2 -> destination=(null destination) serial=150 path=/org/a11y/atspi/registry; interface=org.a11y.atspi.Registry; member=EventListenerDeregistered
   string ":1.119"
   string ""
signal time=1788729216.641761 sender=org.freedesktop.DBus -> destination=(null destination) serial=239 path=/org/freedesktop/DBus; interface=org.freedesktop.DBus; member=NameOwnerChanged
   string ":1.120"
   string ""
   string ":1.120"
signal time=1788729216.641803 sender=org.freedesktop.DBus -> destination=:1.120 serial=2 path=/org/freedesktop/DBus; interface=org.freedesktop.DBus; member=NameAcquired
   string ":1.120"
signal time=1788729216.643395 sender=org.freedesktop.DBus -> destination=:1.120 serial=3 path=/org/freedesktop/DBus; interface=org.freedesktop.DBus; member=NameLost
   string ":1.120"
signal time=1788729216.643410 sender=org.freedesktop.DBus -> destination=(null destination) serial=240 path=/org/freedesktop/DBus; interface=org.freedesktop.DBus; member=NameOwnerChanged
   string ":1.120"
   string ":1.120"
   string ""
signal time=1788729216.643504 sender=:1.2 -> destination=(null destination) serial=151 path=/org/a11y/atspi/registry; interface=org.a11y.atspi.Registry; member=EventListenerDeregistered
   string ":1.120"
   string ""
signal time=1788729216.647264 sender=org.freedesktop.DBus -> destination=(null destination) serial=241 path=/org/freedesktop/DBus; interface=org.freedesktop.DBus; member=NameOwnerChanged
   string ":1.121"
   string ""
   string ":1.121"
signal time=1788729216.647290 sender=org.freedesktop.DBus -> destination=:1.121 serial=2 path=/org/freedesktop/DBus; interface=org.freedesktop.DBus; member=NameAcquired
   string ":1.121"
signal time=1788729216.648624 sender=org.freedesktop.DBus -> destination=:1.121 serial=3 path=/org/freedesktop/DBus; interface=org.freedesktop.DBus; member=NameLost
   string ":1.121"
signal time=1788729216.648667 sender=org.freedesktop.DBus -> destination=(null destination) serial=242 path=/org/freedesktop/DBus; interface=org.freedesktop.DBus; member=NameOwnerChanged
   string ":1.121"
   string ":1.121"
   string ""
signal time=1788729216.648721 sender=:1.2 -> destination=(null destination) serial=152 path=/org/a11y/atspi/registry; interface=org.a11y.atspi.Registry; member=EventListenerDeregistered
   string ":1.121"
   string ""
signal time=1788729216.652386 sender=org.freedesktop.DBus -> destination=(null destination) serial=243 path=/org/freedesktop/DBus; interface=org.freedesktop.DBus; member=NameOwnerChanged
   string ":1.122"
   string ""
   string ":1.122"
signal time=1788729216.652418 sender=org.freedesktop.DBus -> destination=:1.122 serial=2 path=/org/freedesktop/DBus; interface=org.freedesktop.DBus; member=NameAcquired
   string ":1.122"
signal time=1788729216.653575 sender=org.freedesktop.DBus -> destination=:1.122 serial=3 path=/org/freedesktop/DBus; interface=org.freedesktop.DBus; member=NameLost
   string ":1.122"
signal time=1788729216.653610 sender=org.freedesktop.DBus -> destination=(null destination) serial=244 path=/org/freedesktop/DBus; interface=org.freedesktop.DBus; member=NameOwnerChanged
   string ":1.122"
   string ":1.122"
   string ""
signal time=1788729216.653706 sender=:1.2 -> destination=(null destination) serial=153 path=/org/a11y/atspi/registry; interface=org.a11y.atspi.Registry; member=EventListenerDeregistered
   string ":1.122"
   string ""
signal time=1788729216.657892 sender=org.freedesktop.DBus -> destination=(null destination) serial=245 path=/org/freedesktop/DBus; interface=org.freedesktop.DBus; member=NameOwnerChanged
   string ":1.123"
   string ""
   string ":1.123"
signal time=1788729216.657954 sender=org.freedesktop.DBus -> destination=:1.123 serial=2 path=/org/freedesktop/DBus; interface=org.freedesktop.DBus; member=NameAcquired
   string ":1.123"
signal time=1788729216.659126 sender=org.freedesktop.DBus -> destination=:1.123 serial=3 path=/org/freedesktop/DBus; interface=org.freedesktop.DBus; member=NameLost
   string ":1.123"
signal time=1788729216.659156 sender=org.freedesktop.DBus -> destination=(null destination) serial=246 path=/org/freedesktop/DBus; interface=org.freedesktop.DBus; member=NameOwnerChanged
   string ":1.123"
   string ":1.123"
   string ""
signal time=1788729216.659235 sender=:1.2 -> destination=(null destination) serial=154 path=/org/a11y/atspi/registry; interface=org.a11y.atspi.Registry; member=EventListenerDeregistered
   string ":1.123"
   string ""
signal time=1788729216.663463 sender=org.freedesktop.DBus -> destination=(null destination) serial=247 path=/org/freedesktop/DBus; interface=org.freedesktop.DBus; member=NameOwnerChanged
   string ":1.124"
   string ""
   string ":1.124"
signal time=1788729216.663515 sender=org.freedesktop.DBus -> destination=:1.124 serial=2 path=/org/freedesktop/DBus; interface=org.freedesktop.DBus; member=NameAcquired
   string ":1.124"
signal time=1788729216.665080 sender=org.freedesktop.DBus -> destination=:1.124 serial=3 path=/org/freedesktop/DBus; interface=org.freedesktop.DBus; member=NameLost
   string ":1.124"
signal time=1788729216.665118 sender=org.freedesktop.DBus -> destination=(null destination) serial=248 path=/org/freedesktop/DBus; interface=org.freedesktop.DBus; member=NameOwnerChanged
   string ":1.124"
   string ":1.124"
   string ""
signal time=1788729216.665187 sender=:1.2 -> destination=(null destination) serial=155 path=/org/a11y/atspi/registry; interface=org.a11y.atspi.Registry; member=EventListenerDeregistered
   string ":1.124"
   string ""
signal time=1788729216.669337 sender=org.freedesktop.DBus -> destination=(null destination) serial=249 path=/org/freedesktop/DBus; interface=org.freedesktop.DBus; member=NameOwnerChanged
   string ":1.125"
   string ""
   string ":1.125"
signal time=1788729216.669390 sender=org.freedesktop.DBus -> destination=:1.125 serial=2 path=/org/freedesktop/DBus; interface=org.freedesktop.DBus; member=NameAcquired
   string ":1.125"
signal time=1788729216.671078 sender=org.freedesktop.DBus -> destination=:1.125 serial=3 path=/org/freedesktop/DBus; interface=org.freedesktop.DBus; member=NameLost
   string ":1.125"
signal time=1788729216.671127 sender=org.freedesktop.DBus -> destination=(null destination) serial=250 path=/org/freedesktop/DBus; interface=org.freedesktop.DBus; member=NameOwnerChanged
   string ":1.125"
   string ":1.125"
   string ""
signal time=1788729216.671244 sender=:1.2 -> destination=(null destination) serial=156 path=/org/a11y/atspi/registry; interface=org.a11y.atspi.Registry; member=EventListenerDeregistered
   string ":1.125"
   string ""
signal time=1788729216.676291 sender=org.freedesktop.DBus -> destination=(null destination) serial=251 path=/org/freedesktop/DBus; interface=org.freedesktop.DBus; member=NameOwnerChanged
   string ":1.126"
   string ""
   string ":1.126"
signal time=1788729216.676323 sender=org.freedesktop.DBus -> destination=:1.126 serial=2 path=/org/freedesktop/DBus; interface=org.freedesktop.DBus; member=NameAcquired
   string ":1.126"
signal time=1788729216.677677 sender=org.freedesktop.DBus -> destination=:1.126 serial=3 path=/org/freedesktop/DBus; interface=org.freedesktop.DBus; member=NameLost
   string ":1.126"
signal time=1788729216.677696 sender=org.freedesktop.DBus -> destination=(null destination) serial=252 path=/org/freedesktop/DBus; interface=org.freedesktop.DBus; member=NameOwnerChanged
   string ":1.126"
   string ":1.126"
   string ""
signal time=1788729216.677837 sender=:1.2 -> destination=(null destination) serial=157 path=/org/a11y/atspi/registry; interface=org.a11y.atspi.Registry; member=EventListenerDeregistered
   string ":1.126"
   string ""
signal time=1788729216.682285 sender=org.freedesktop.DBus -> destination=(null destination) serial=253 path=/org/freedesktop/DBus; interface=org.freedesktop.DBus; member=NameOwnerChanged
   string ":1.127"
   string ""
   string ":1.127"
signal time=1788729216.682311 sender=org.freedesktop.DBus -> destination=:1.127 serial=2 path=/org/freedesktop/DBus; interface=org.freedesktop.DBus; member=NameAcquired
   string ":1.127"
signal time=1788729216.684019 sender=org.freedesktop.DBus -> destination=:1.127 serial=3 path=/org/freedesktop/DBus; interface=org.freedesktop.DBus; member=NameLost
   string ":1.127"
signal time=1788729216.684038 sender=org.freedesktop.DBus -> destination=(null destination) serial=254 path=/org/freedesktop/DBus; interface=org.freedesktop.DBus; member=NameOwnerChanged
   string ":1.127"
   string ":1.127"
   string ""
signal time=1788729216.684145 sender=:1.2 -> destination=(null destination) serial=158 path=/org/a11y/atspi/registry; interface=org.a11y.atspi.Registry; member=EventListenerDeregistered
   string ":1.127"
   string ""
signal time=1788729216.688362 sender=org.freedesktop.DBus -> destination=(null destination) serial=255 path=/org/freedesktop/DBus; interface=org.freedesktop.DBus; member=NameOwnerChanged
   string ":1.128"
   string ""
   string ":1.128"
signal time=1788729216.688402 sender=org.freedesktop.DBus -> destination=:1.128 serial=2 path=/org/freedesktop/DBus; interface=org.freedesktop.DBus; member=NameAcquired
   string ":1.128"
signal time=1788729216.689855 sender=org.freedesktop.DBus -> destination=:1.128 serial=3 path=/org/freedesktop/DBus; interface=org.freedesktop.DBus; member=NameLost
   string ":1.128"
signal time=1788729216.689880 sender=org.freedesktop.DBus -> destination=(null destination) serial=256 path=/org/freedesktop/DBus; interface=org.freedesktop.DBus; member=NameOwnerChanged
   string ":1.128"
   string ":1.128"
   string ""
signal time=1788729216.690029 sender=:1.2 -> destination=(null destination) serial=159 path=/org/a11y/atspi/registry; interface=org.a11y.atspi.Registry; member=EventListenerDeregistered
   string ":1.128"
   string ""
signal time=1788729216.694300 sender=org.freedesktop.DBus -> destination=(null destination) serial=257 path=/org/freedesktop/DBus; interface=org.freedesktop.DBus; member=NameOwnerChanged
   string ":1.129"
   string ""
   string ":1.129"
signal time=1788729216.694334 sender=org.freedesktop.DBus -> destination=:1.129 serial=2 path=/org/freedesktop/DBus; interface=org.freedesktop.DBus; member=NameAcquired
   string ":1.129"
signal time=1788729216.696087 sender=org.freedesktop.DBus -> destination=:1.129 serial=3 path=/org/freedesktop/DBus; interface=org.freedesktop.DBus; member=NameLost
   string ":1.129"
signal time=1788729216.696112 sender=org.freedesktop.DBus -> destination=(null destination) serial=258 path=/org/freedesktop/DBus; interface=org.freedesktop.DBus; member=NameOwnerChanged
   string ":1.129"
   string ":1.129"
   string ""
signal time=1788729216.696217 sender=:1.2 -> destination=(null destination) serial=160 path=/org/a11y/atspi/registry; interface=org.a11y.atspi.Registry; member=EventListenerDeregistered
   string ":1.129"
   string ""
signal time=1788729216.700318 sender=org.freedesktop.DBus -> destination=(null destination) serial=259 path=/org/freedesktop/DBus; interface=org.freedesktop.DBus; member=NameOwnerChanged
   string ":1.130"
   string ""
   string ":1.130"
signal time=1788729216.700350 sender=org.freedesktop.DBus -> destination=:1.130 serial=2 path=/org/freedesktop/DBus; interface=org.freedesktop.DBus; member=NameAcquired
   string ":1.130"
signal time=1788729216.701520 sender=org.freedesktop.DBus -> destination=:1.130 serial=3 path=/org/freedesktop/DBus; interface=org.freedesktop.DBus; member=NameLost
   string ":1.130"
signal time=1788729216.701541 sender=org.freedesktop.DBus -> destination=(null destination) serial=260 path=/org/freedesktop/DBus; interface=org.freedesktop.DBus; member=NameOwnerChanged
   string ":1.130"
   string ":1.130"
   string ""
signal time=1788729216.701706 sender=:1.2 -> destination=(null destination) serial=161 path=/org/a11y/atspi/registry; interface=org.a11y.atspi.Registry; member=EventListenerDeregistered
   string ":1.130"
   string ""
signal time=1788729216.707253 sender=org.freedesktop.DBus -> destination=(null destination) serial=261 path=/org/freedesktop/DBus; interface=org.freedesktop.DBus; member=NameOwnerChanged
   string ":1.131"
   string ""
   string ":1.131"
signal time=1788729216.707311 sender=org.freedesktop.DBus -> destination=:1.131 serial=2 path=/org/freedesktop/DBus; interface=org.freedesktop.DBus; member=NameAcquired
   string ":1.131"
signal time=1788729216.708671 sender=org.freedesktop.DBus -> destination=:1.131 serial=3 path=/org/freedesktop/DBus; interface=org.freedesktop.DBus; member=NameLost
   string ":1.131"
signal time=1788729216.708688 sender=org.freedesktop.DBus -> destination=(null destination) serial=262 path=/org/freedesktop/DBus; interface=org.freedesktop.DBus; member=NameOwnerChanged
   string ":1.131"
   string ":1.131"
   string ""
signal time=1788729216.708837 sender=:1.2 -> destination=(null destination) serial=162 path=/org/a11y/atspi/registry; interface=org.a11y.atspi.Registry; member=EventListenerDeregistered
   string ":1.131"
   string ""
signal time=1788729216.713340 sender=org.freedesktop.DBus -> destination=(null destination) serial=263 path=/org/freedesktop/DBus; interface=org.freedesktop.DBus; member=NameOwnerChanged
   string ":1.132"
   string ""
   string ":1.132"
signal time=1788729216.713367 sender=org.freedesktop.DBus -> destination=:1.132 serial=2 path=/org/freedesktop/DBus; interface=org.freedesktop.DBus; member=NameAcquired
   string ":1.132"
signal time=1788729216.714952 sender=org.freedesktop.DBus -> destination=:1.132 serial=3 path=/org/freedesktop/DBus; interface=org.freedesktop.DBus; member=NameLost
   string ":1.132"
signal time=1788729216.714978 sender=org.freedesktop.DBus -> destination=(null destination) serial=264 path=/org/freedesktop/DBus; interface=org.freedesktop.DBus; member=NameOwnerChanged
   string ":1.132"
   string ":1.132"
   string ""
signal time=1788729216.715046 sender=:1.2 -> destination=(null destination) serial=163 path=/org/a11y/atspi/registry; interface=org.a11y.atspi.Registry; member=EventListenerDeregistered
   string ":1.132"
   string ""
signal time=1788729216.719216 sender=org.freedesktop.DBus -> destination=(null destination) serial=265 path=/org/freedesktop/DBus; interface=org.freedesktop.DBus; member=NameOwnerChanged
   string ":1.133"
   string ""
   string ":1.133"
signal time=1788729216.719248 sender=org.freedesktop.DBus -> destination=:1.133 serial=2 path=/org/freedesktop/DBus; interface=org.freedesktop.DBus; member=NameAcquired
   string ":1.133"
signal time=1788729216.720292 sender=org.freedesktop.DBus -> destination=:1.133 serial=3 path=/org/freedesktop/DBus; interface=org.freedesktop.DBus; member=NameLost
   string ":1.133"
signal time=1788729216.720314 sender=org.freedesktop.DBus -> destination=(null destination) serial=266 path=/org/freedesktop/DBus; interface=org.freedesktop.DBus; member=NameOwnerChanged
   string ":1.133"
   string ":1.133"
   string ""
signal time=1788729216.720361 sender=:1.2 -> destination=(null destination) serial=164 path=/org/a11y/atspi/registry; interface=org.a11y.atspi.Registry; member=EventListenerDeregistered
   string ":1.133"
   string ""
signal time=1788729216.725026 sender=org.freedesktop.DBus -> destination=(null destination) serial=267 path=/org/freedesktop/DBus; interface=org.freedesktop.DBus; member=NameOwnerChanged
   string ":1.134"
   string ""
   string ":1.134"
signal time=1788729216.725067 sender=org.freedesktop.DBus -> destination=:1.134 serial=2 path=/org/freedesktop/DBus; interface=org.freedesktop.DBus; member=NameAcquired
   string ":1.134"
signal time=1788729216.726814 sender=org.freedesktop.DBus -> destination=:1.134 serial=3 path=/org/freedesktop/DBus; interface=org.freedesktop.DBus; member=NameLost
   string ":1.134"
signal time=1788729216.726849 sender=org.freedesktop.DBus -> destination=(null destination) serial=268 path=/org/freedesktop/DBus; interface=org.freedesktop.DBus; member=NameOwnerChanged
   string ":1.134"
   string ":1.134"
   string ""
signal time=1788729216.726894 sender=:1.2 -> destination=(null destination) serial=165 path=/org/a11y/atspi/registry; interface=org.a11y.atspi.Registry; member=EventListenerDeregistered
   string ":1.134"
   string ""
signal time=1788729216.731206 sender=org.freedesktop.DBus -> destination=(null destination) serial=269 path=/org/freedesktop/DBus; interface=org.freedesktop.DBus; member=NameOwnerChanged
   string ":1.135"
   string ""
   string ":1.135"
signal time=1788729216.731245 sender=org.freedesktop.DBus -> destination=:1.135 serial=2 path=/org/freedesktop/DBus; interface=org.freedesktop.DBus; member=NameAcquired
   string ":1.135"
signal time=1788729216.732983 sender=org.freedesktop.DBus -> destination=:1.135 serial=3 path=/org/freedesktop/DBus; interface=org.freedesktop.DBus; member=NameLost
   string ":1.135"
signal time=1788729216.733006 sender=org.freedesktop.DBus -> destination=(null destination) serial=270 path=/org/freedesktop/DBus; interface=org.freedesktop.DBus; member=NameOwnerChanged
   string ":1.135"
   string ":1.135"
   string ""
signal time=1788729216.733084 sender=:1.2 -> destination=(null destination) serial=166 path=/org/a11y/atspi/registry; interface=org.a11y.atspi.Registry; member=EventListenerDeregistered
   string ":1.135"
   string ""
signal time=1788729216.737420 sender=org.freedesktop.DBus -> destination=(null destination) serial=271 path=/org/freedesktop/DBus; interface=org.freedesktop.DBus; member=NameOwnerChanged
   string ":1.136"
   string ""
   string ":1.136"
signal time=1788729216.737466 sender=org.freedesktop.DBus -> destination=:1.136 serial=2 path=/org/freedesktop/DBus; interface=org.freedesktop.DBus; member=NameAcquired
   string ":1.136"
signal time=1788729216.739206 sender=org.freedesktop.DBus -> destination=:1.136 serial=3 path=/org/freedesktop/DBus; interface=org.freedesktop.DBus; member=NameLost
   string ":1.136"
signal time=1788729216.739243 sender=org.freedesktop.DBus -> destination=(null destination) serial=272 path=/org/freedesktop/DBus; interface=org.freedesktop.DBus; member=NameOwnerChanged
   string ":1.136"
   string ":1.136"
   string ""
signal time=1788729216.739348 sender=:1.2 -> destination=(null destination) serial=167 path=/org/a11y/atspi/registry; interface=org.a11y.atspi.Registry; member=EventListenerDeregistered
   string ":1.136"
   string ""
signal time=1788729216.743665 sender=org.freedesktop.DBus -> destination=(null destination) serial=273 path=/org/freedesktop/DBus; interface=org.freedesktop.DBus; member=NameOwnerChanged
   string ":1.137"
   string ""
   string ":1.137"
signal time=1788729216.743695 sender=org.freedesktop.DBus -> destination=:1.137 serial=2 path=/org/freedesktop/DBus; interface=org.freedesktop.DBus; member=NameAcquired
   string ":1.137"
signal time=1788729216.745461 sender=org.freedesktop.DBus -> destination=:1.137 serial=3 path=/org/freedesktop/DBus; interface=org.freedesktop.DBus; member=NameLost
   string ":1.137"
signal time=1788729216.745478 sender=org.freedesktop.DBus -> destination=(null destination) serial=274 path=/org/freedesktop/DBus; interface=org.freedesktop.DBus; member=NameOwnerChanged
   string ":1.137"
   string ":1.137"
   string ""
signal time=1788729216.745534 sender=:1.2 -> destination=(null destination) serial=168 path=/org/a11y/atspi/registry; interface=org.a11y.atspi.Registry; member=EventListenerDeregistered
   string ":1.137"
   string ""
signal time=1788729216.749479 sender=org.freedesktop.DBus -> destination=(null destination) serial=275 path=/org/freedesktop/DBus; interface=org.freedesktop.DBus; member=NameOwnerChanged
   string ":1.138"
   string ""
   string ":1.138"
signal time=1788729216.749505 sender=org.freedesktop.DBus -> destination=:1.138 serial=2 path=/org/freedesktop/DBus; interface=org.freedesktop.DBus; member=NameAcquired
   string ":1.138"
signal time=1788729216.751108 sender=org.freedesktop.DBus -> destination=:1.138 serial=3 path=/org/freedesktop/DBus; interface=org.freedesktop.DBus; member=NameLost
   string ":1.138"
signal time=1788729216.751136 sender=org.freedesktop.DBus -> destination=(null destination) serial=276 path=/org/freedesktop/DBus; interface=org.freedesktop.DBus; member=NameOwnerChanged
   string ":1.138"
   string ":1.138"
   string ""
signal time=1788729216.751212 sender=:1.2 -> destination=(null destination) serial=169 path=/org/a11y/atspi/registry; interface=org.a11y.atspi.Registry; member=EventListenerDeregistered
   string ":1.138"
   string ""
signal time=1788729216.755423 sender=org.freedesktop.DBus -> destination=(null destination) serial=277 path=/org/freedesktop/DBus; interface=org.freedesktop.DBus; member=NameOwnerChanged
   string ":1.139"
   string ""
   string ":1.139"
signal time=1788729216.755460 sender=org.freedesktop.DBus -> destination=:1.139 serial=2 path=/org/freedesktop/DBus; interface=org.freedesktop.DBus; member=NameAcquired
   string ":1.139"
signal time=1788729216.757176 sender=org.freedesktop.DBus -> destination=:1.139 serial=3 path=/org/freedesktop/DBus; interface=org.freedesktop.DBus; member=NameLost
   string ":1.139"
signal time=1788729216.757201 sender=org.freedesktop.DBus -> destination=(null destination) serial=278 path=/org/freedesktop/DBus; interface=org.freedesktop.DBus; member=NameOwnerChanged
   string ":1.139"
   string ":1.139"
   string ""
signal time=1788729216.757317 sender=:1.2 -> destination=(null destination) serial=170 path=/org/a11y/atspi/registry; interface=org.a11y.atspi.Registry; member=EventListenerDeregistered
   string ":1.139"
   string ""
signal time=1788729216.761564 sender=org.freedesktop.DBus -> destination=(null destination) serial=279 path=/org/freedesktop/DBus; interface=org.freedesktop.DBus; member=NameOwnerChanged
   string ":1.140"
   string ""
   string ":1.140"
signal time=1788729216.761624 sender=org.freedesktop.DBus -> destination=:1.140 serial=2 path=/org/freedesktop/DBus; interface=org.freedesktop.DBus; member=NameAcquired
   string ":1.140"
signal time=1788729216.763294 sender=org.freedesktop.DBus -> destination=:1.140 serial=3 path=/org/freedesktop/DBus; interface=org.freedesktop.DBus; member=NameLost
   string ":1.140"
signal time=1788729216.763318 sender=org.freedesktop.DBus -> destination=(null destination) serial=280 path=/org/freedesktop/DBus; interface=org.freedesktop.DBus; member=NameOwnerChanged
   string ":1.140"
   string ":1.140"
   string ""
signal time=1788729216.763462 sender=:1.2 -> destination=(null destination) serial=171 path=/org/a11y/atspi/registry; interface=org.a11y.atspi.Registry; member=EventListenerDeregistered
   string ":1.140"
   string ""
signal time=1788729216.767864 sender=org.freedesktop.DBus -> destination=(null destination) serial=281 path=/org/freedesktop/DBus; interface=org.freedesktop.DBus; member=NameOwnerChanged
   string ":1.141"
   string ""
   string ":1.141"
signal time=1788729216.767903 sender=org.freedesktop.DBus -> destination=:1.141 serial=2 path=/org/freedesktop/DBus; interface=org.freedesktop.DBus; member=NameAcquired
   string ":1.141"
signal time=1788729216.769641 sender=org.freedesktop.DBus -> destination=:1.141 serial=3 path=/org/freedesktop/DBus; interface=org.freedesktop.DBus; member=NameLost
   string ":1.141"
signal time=1788729216.769673 sender=org.freedesktop.DBus -> destination=(null destination) serial=282 path=/org/freedesktop/DBus; interface=org.freedesktop.DBus; member=NameOwnerChanged
   string ":1.141"
   string ":1.141"
   string ""
signal time=1788729216.769739 sender=:1.2 -> destination=(null destination) serial=172 path=/org/a11y/atspi/registry; interface=org.a11y.atspi.Registry; member=EventListenerDeregistered
   string ":1.141"
   string ""
signal time=1788729216.775242 sender=org.freedesktop.DBus -> destination=(null destination) serial=283 path=/org/freedesktop/DBus; interface=org.freedesktop.DBus; member=NameOwnerChanged
   string ":1.142"
   string ""
   string ":1.142"
signal time=1788729216.775275 sender=org.freedesktop.DBus -> destination=:1.142 serial=2 path=/org/freedesktop/DBus; interface=org.freedesktop.DBus; member=NameAcquired
   string ":1.142"
signal time=1788729216.776641 sender=org.freedesktop.DBus -> destination=:1.142 serial=3 path=/org/freedesktop/DBus; interface=org.freedesktop.DBus; member=NameLost
   string ":1.142"
signal time=1788729216.776660 sender=org.freedesktop.DBus -> destination=(null destination) serial=284 path=/org/freedesktop/DBus; interface=org.freedesktop.DBus; member=NameOwnerChanged
   string ":1.142"
   string ":1.142"
   string ""
signal time=1788729216.776807 sender=:1.2 -> destination=(null destination) serial=173 path=/org/a11y/atspi/registry; interface=org.a11y.atspi.Registry; member=EventListenerDeregistered
   string ":1.142"
   string ""
signal time=1788729216.781102 sender=org.freedesktop.DBus -> destination=(null destination) serial=285 path=/org/freedesktop/DBus; interface=org.freedesktop.DBus; member=NameOwnerChanged
   string ":1.143"
   string ""
   string ":1.143"
signal time=1788729216.781133 sender=org.freedesktop.DBus -> destination=:1.143 serial=2 path=/org/freedesktop/DBus; interface=org.freedesktop.DBus; member=NameAcquired
   string ":1.143"
signal time=1788729216.782897 sender=org.freedesktop.DBus -> destination=:1.143 serial=3 path=/org/freedesktop/DBus; interface=org.freedesktop.DBus; member=NameLost
   string ":1.143"
signal time=1788729216.782920 sender=org.freedesktop.DBus -> destination=(null destination) serial=286 path=/org/freedesktop/DBus; interface=org.freedesktop.DBus; member=NameOwnerChanged
   string ":1.143"
   string ":1.143"
   string ""
signal time=1788729216.783044 sender=:1.2 -> destination=(null destination) serial=174 path=/org/a11y/atspi/registry; interface=org.a11y.atspi.Registry; member=EventListenerDeregistered
   string ":1.143"
   string ""
signal time=1788729216.787332 sender=org.freedesktop.DBus -> destination=(null destination) serial=287 path=/org/freedesktop/DBus; interface=org.freedesktop.DBus; member=NameOwnerChanged
   string ":1.144"
   string ""
   string ":1.144"
signal time=1788729216.787360 sender=org.freedesktop.DBus -> destination=:1.144 serial=2 path=/org/freedesktop/DBus; interface=org.freedesktop.DBus; member=NameAcquired
   string ":1.144"
signal time=1788729216.788801 sender=org.freedesktop.DBus -> destination=:1.144 serial=3 path=/org/freedesktop/DBus; interface=org.freedesktop.DBus; member=NameLost
   string ":1.144"
signal time=1788729216.788824 sender=org.freedesktop.DBus -> destination=(null destination) serial=288 path=/org/freedesktop/DBus; interface=org.freedesktop.DBus; member=NameOwnerChanged
   string ":1.144"
   string ":1.144"
   string ""
signal time=1788729216.788948 sender=:1.2 -> destination=(null destination) serial=175 path=/org/a11y/atspi/registry; interface=org.a11y.atspi.Registry; member=EventListenerDeregistered
   string ":1.144"
   string ""
signal time=1788729216.793203 sender=org.freedesktop.DBus -> destination=(null destination) serial=289 path=/org/freedesktop/DBus; interface=org.freedesktop.DBus; member=NameOwnerChanged
   string ":1.145"
   string ""
   string ":1.145"
signal time=1788729216.793243 sender=org.freedesktop.DBus -> destination=:1.145 serial=2 path=/org/freedesktop/DBus; interface=org.freedesktop.DBus; member=NameAcquired
   string ":1.145"
signal time=1788729216.794943 sender=org.freedesktop.DBus -> destination=:1.145 serial=3 path=/org/freedesktop/DBus; interface=org.freedesktop.DBus; member=NameLost
   string ":1.145"
signal time=1788729216.794978 sender=org.freedesktop.DBus -> destination=(null destination) serial=290 path=/org/freedesktop/DBus; interface=org.freedesktop.DBus; member=NameOwnerChanged
   string ":1.145"
   string ":1.145"
   string ""
signal time=1788729216.795063 sender=:1.2 -> destination=(null destination) serial=176 path=/org/a11y/atspi/registry; interface=org.a11y.atspi.Registry; member=EventListenerDeregistered
   string ":1.145"
   string ""
signal time=1788729216.799362 sender=org.freedesktop.DBus -> destination=(null destination) serial=291 path=/org/freedesktop/DBus; interface=org.freedesktop.DBus; member=NameOwnerChanged
   string ":1.146"
   string ""
   string ":1.146"
signal time=1788729216.799396 sender=org.freedesktop.DBus -> destination=:1.146 serial=2 path=/org/freedesktop/DBus; interface=org.freedesktop.DBus; member=NameAcquired
   string ":1.146"
signal time=1788729216.801290 sender=org.freedesktop.DBus -> destination=:1.146 serial=3 path=/org/freedesktop/DBus; interface=org.freedesktop.DBus; member=NameLost
   string ":1.146"
signal time=1788729216.801315 sender=org.freedesktop.DBus -> destination=(null destination) serial=292 path=/org/freedesktop/DBus; interface=org.freedesktop.DBus; member=NameOwnerChanged
   string ":1.146"
   string ":1.146"
   string ""
signal time=1788729216.801421 sender=:1.2 -> destination=(null destination) serial=177 path=/org/a11y/atspi/registry; interface=org.a11y.atspi.Registry; member=EventListenerDeregistered
   string ":1.146"
   string ""
signal time=1788729216.805922 sender=org.freedesktop.DBus -> destination=(null destination) serial=293 path=/org/freedesktop/DBus; interface=org.freedesktop.DBus; member=NameOwnerChanged
   string ":1.147"
   string ""
   string ":1.147"
signal time=1788729216.805967 sender=org.freedesktop.DBus -> destination=:1.147 serial=2 path=/org/freedesktop/DBus; interface=org.freedesktop.DBus; member=NameAcquired
   string ":1.147"
signal time=1788729216.807830 sender=org.freedesktop.DBus -> destination=:1.147 serial=3 path=/org/freedesktop/DBus; interface=org.freedesktop.DBus; member=NameLost
   string ":1.147"
signal time=1788729216.807860 sender=org.freedesktop.DBus -> destination=(null destination) serial=294 path=/org/freedesktop/DBus; interface=org.freedesktop.DBus; member=NameOwnerChanged
   string ":1.147"
   string ":1.147"
   string ""
signal time=1788729216.808014 sender=:1.2 -> destination=(null destination) serial=178 path=/org/a11y/atspi/registry; interface=org.a11y.atspi.Registry; member=EventListenerDeregistered
   string ":1.147"
   string ""
signal time=1788729216.812286 sender=org.freedesktop.DBus -> destination=(null destination) serial=295 path=/org/freedesktop/DBus; interface=org.freedesktop.DBus; member=NameOwnerChanged
   string ":1.148"
   string ""
   string ":1.148"
signal time=1788729216.812321 sender=org.freedesktop.DBus -> destination=:1.148 serial=2 path=/org/freedesktop/DBus; interface=org.freedesktop.DBus; member=NameAcquired
   string ":1.148"
signal time=1788729216.813759 sender=org.freedesktop.DBus -> destination=:1.148 serial=3 path=/org/freedesktop/DBus; interface=org.freedesktop.DBus; member=NameLost
   string ":1.148"
signal time=1788729216.813784 sender=org.freedesktop.DBus -> destination=(null destination) serial=296 path=/org/freedesktop/DBus; interface=org.freedesktop.DBus; member=NameOwnerChanged
   string ":1.148"
   string ":1.148"
   string ""
signal time=1788729216.813910 sender=:1.2 -> destination=(null destination) serial=179 path=/org/a11y/atspi/registry; interface=org.a11y.atspi.Registry; member=EventListenerDeregistered
   string ":1.148"
   string ""
signal time=1788729216.817879 sender=org.freedesktop.DBus -> destination=(null destination) serial=297 path=/org/freedesktop/DBus; interface=org.freedesktop.DBus; member=NameOwnerChanged
   string ":1.149"
   string ""
   string ":1.149"
signal time=1788729216.817912 sender=org.freedesktop.DBus -> destination=:1.149 serial=2 path=/org/freedesktop/DBus; interface=org.freedesktop.DBus; member=NameAcquired
   string ":1.149"
signal time=1788729216.819659 sender=org.freedesktop.DBus -> destination=:1.149 serial=3 path=/org/freedesktop/DBus; interface=org.freedesktop.DBus; member=NameLost
   string ":1.149"
signal time=1788729216.819678 sender=org.freedesktop.DBus -> destination=(null destination) serial=298 path=/org/freedesktop/DBus; interface=org.freedesktop.DBus; member=NameOwnerChanged
   string ":1.149"
   string ":1.149"
   string ""
signal time=1788729216.819799 sender=:1.2 -> destination=(null destination) serial=180 path=/org/a11y/atspi/registry; interface=org.a11y.atspi.Registry; member=EventListenerDeregistered
   string ":1.149"
   string ""
signal time=1788729216.823845 sender=org.freedesktop.DBus -> destination=(null destination) serial=299 path=/org/freedesktop/DBus; interface=org.freedesktop.DBus; member=NameOwnerChanged
   string ":1.150"
   string ""
   string ":1.150"
signal time=1788729216.823889 sender=org.freedesktop.DBus -> destination=:1.150 serial=2 path=/org/freedesktop/DBus; interface=org.freedesktop.DBus; member=NameAcquired
   string ":1.150"
signal time=1788729216.825770 sender=org.freedesktop.DBus -> destination=:1.150 serial=3 path=/org/freedesktop/DBus; interface=org.freedesktop.DBus; member=NameLost
   string ":1.150"
signal time=1788729216.825816 sender=org.freedesktop.DBus -> destination=(null destination) serial=300 path=/org/freedesktop/DBus; interface=org.freedesktop.DBus; member=NameOwnerChanged
   string ":1.150"
   string ":1.150"
   string ""
signal time=1788729216.826103 sender=:1.2 -> destination=(null destination) serial=181 path=/org/a11y/atspi/registry; interface=org.a11y.atspi.Registry; member=EventListenerDeregistered
   string ":1.150"
   string ""
signal time=1788729216.830240 sender=org.freedesktop.DBus -> destination=(null destination) serial=301 path=/org/freedesktop/DBus; interface=org.freedesktop.DBus; member=NameOwnerChanged
   string ":1.151"
   string ""
   string ":1.151"
signal time=1788729216.830275 sender=org.freedesktop.DBus -> destination=:1.151 serial=2 path=/org/freedesktop/DBus; interface=org.freedesktop.DBus; member=NameAcquired
   string ":1.151"
signal time=1788729216.831687 sender=org.freedesktop.DBus -> destination=:1.151 serial=3 path=/org/freedesktop/DBus; interface=org.freedesktop.DBus; member=NameLost
   string ":1.151"
signal time=1788729216.831715 sender=org.freedesktop.DBus -> destination=(null destination) serial=302 path=/org/freedesktop/DBus; interface=org.freedesktop.DBus; member=NameOwnerChanged
   string ":1.151"
   string ":1.151"
   string ""
signal time=1788729216.831809 sender=:1.2 -> destination=(null destination) serial=182 path=/org/a11y/atspi/registry; interface=org.a11y.atspi.Registry; member=EventListenerDeregistered
   string ":1.151"
   string ""
signal time=1788729216.836331 sender=org.freedesktop.DBus -> destination=(null destination) serial=303 path=/org/freedesktop/DBus; interface=org.freedesktop.DBus; member=NameOwnerChanged
   string ":1.152"
   string ""
   string ":1.152"
signal time=1788729216.836373 sender=org.freedesktop.DBus -> destination=:1.152 serial=2 path=/org/freedesktop/DBus; interface=org.freedesktop.DBus; member=NameAcquired
   string ":1.152"
signal time=1788729216.838508 sender=org.freedesktop.DBus -> destination=:1.152 serial=3 path=/org/freedesktop/DBus; interface=org.freedesktop.DBus; member=NameLost
   string ":1.152"
signal time=1788729216.838558 sender=org.freedesktop.DBus -> destination=(null destination) serial=304 path=/org/freedesktop/DBus; interface=org.freedesktop.DBus; member=NameOwnerChanged
   string ":1.152"
   string ":1.152"
   string ""
signal time=1788729216.838651 sender=:1.2 -> destination=(null destination) serial=183 path=/org/a11y/atspi/registry; interface=org.a11y.atspi.Registry; member=EventListenerDeregistered
   string ":1.152"
   string ""
signal time=1788729216.844095 sender=org.freedesktop.DBus -> destination=(null destination) serial=305 path=/org/freedesktop/DBus; interface=org.freedesktop.DBus; member=NameOwnerChanged
   string ":1.153"
   string ""
   string ":1.153"
signal time=1788729216.844144 sender=org.freedesktop.DBus -> destination=:1.153 serial=2 path=/org/freedesktop/DBus; interface=org.freedesktop.DBus; member=NameAcquired
   string ":1.153"
signal time=1788729216.845567 sender=org.freedesktop.DBus -> destination=:1.153 serial=3 path=/org/freedesktop/DBus; interface=org.freedesktop.DBus; member=NameLost
   string ":1.153"
signal time=1788729216.845601 sender=org.freedesktop.DBus -> destination=(null destination) serial=306 path=/org/freedesktop/DBus; interface=org.freedesktop.DBus; member=NameOwnerChanged
   string ":1.153"
   string ":1.153"
   string ""
signal time=1788729216.845717 sender=:1.2 -> destination=(null destination) serial=184 path=/org/a11y/atspi/registry; interface=org.a11y.atspi.Registry; member=EventListenerDeregistered
   string ":1.153"
   string ""
signal time=1788729216.849706 sender=org.freedesktop.DBus -> destination=(null destination) serial=307 path=/org/freedesktop/DBus; interface=org.freedesktop.DBus; member=NameOwnerChanged
   string ":1.154"
   string ""
   string ":1.154"
signal time=1788729216.849736 sender=org.freedesktop.DBus -> destination=:1.154 serial=2 path=/org/freedesktop/DBus; interface=org.freedesktop.DBus; member=NameAcquired
   string ":1.154"
signal time=1788729216.851114 sender=org.freedesktop.DBus -> destination=:1.154 serial=3 path=/org/freedesktop/DBus; interface=org.freedesktop.DBus; member=NameLost
   string ":1.154"
signal time=1788729216.851151 sender=org.freedesktop.DBus -> destination=(null destination) serial=308 path=/org/freedesktop/DBus; interface=org.freedesktop.DBus; member=NameOwnerChanged
   string ":1.154"
   string ":1.154"
   string ""
signal time=1788729216.851251 sender=:1.2 -> destination=(null destination) serial=185 path=/org/a11y/atspi/registry; interface=org.a11y.atspi.Registry; member=EventListenerDeregistered
   string ":1.154"
   string ""
signal time=1788729216.855350 sender=org.freedesktop.DBus -> destination=(null destination) serial=309 path=/org/freedesktop/DBus; interface=org.freedesktop.DBus; member=NameOwnerChanged
   string ":1.155"
   string ""
   string ":1.155"
signal time=1788729216.855386 sender=org.freedesktop.DBus -> destination=:1.155 serial=2 path=/org/freedesktop/DBus; interface=org.freedesktop.DBus; member=NameAcquired
   string ":1.155"
signal time=1788729216.857058 sender=org.freedesktop.DBus -> destination=:1.155 serial=3 path=/org/freedesktop/DBus; interface=org.freedesktop.DBus; member=NameLost
   string ":1.155"
signal time=1788729216.857075 sender=org.freedesktop.DBus -> destination=(null destination) serial=310 path=/org/freedesktop/DBus; interface=org.freedesktop.DBus; member=NameOwnerChanged
   string ":1.155"
   string ":1.155"
   string ""
signal time=1788729216.857226 sender=:1.2 -> destination=(null destination) serial=186 path=/org/a11y/atspi/registry; interface=org.a11y.atspi.Registry; member=EventListenerDeregistered
   string ":1.155"
   string ""
signal time=1788729216.861959 sender=org.freedesktop.DBus -> destination=(null destination) serial=311 path=/org/freedesktop/DBus; interface=org.freedesktop.DBus; member=NameOwnerChanged
   string ":1.156"
   string ""
   string ":1.156"
signal time=1788729216.861995 sender=org.freedesktop.DBus -> destination=:1.156 serial=2 path=/org/freedesktop/DBus; interface=org.freedesktop.DBus; member=NameAcquired
   string ":1.156"
signal time=1788729216.863606 sender=org.freedesktop.DBus -> destination=:1.156 serial=3 path=/org/freedesktop/DBus; interface=org.freedesktop.DBus; member=NameLost
   string ":1.156"
signal time=1788729216.863623 sender=org.freedesktop.DBus -> destination=(null destination) serial=312 path=/org/freedesktop/DBus; interface=org.freedesktop.DBus; member=NameOwnerChanged
   string ":1.156"
   string ":1.156"
   string ""
signal time=1788729216.863790 sender=:1.2 -> destination=(null destination) serial=187 path=/org/a11y/atspi/registry; interface=org.a11y.atspi.Registry; member=EventListenerDeregistered
   string ":1.156"
   string ""
signal time=1788729216.868324 sender=org.freedesktop.DBus -> destination=(null destination) serial=313 path=/org/freedesktop/DBus; interface=org.freedesktop.DBus; member=NameOwnerChanged
   string ":1.157"
   string ""
   string ":1.157"
signal time=1788729216.868353 sender=org.freedesktop.DBus -> destination=:1.157 serial=2 path=/org/freedesktop/DBus; interface=org.freedesktop.DBus; member=NameAcquired
   string ":1.157"
signal time=1788729216.869770 sender=org.freedesktop.DBus -> destination=:1.157 serial=3 path=/org/freedesktop/DBus; interface=org.freedesktop.DBus; member=NameLost
   string ":1.157"
signal time=1788729216.869825 sender=org.freedesktop.DBus -> destination=(null destination) serial=314 path=/org/freedesktop/DBus; interface=org.freedesktop.DBus; member=NameOwnerChanged
   string ":1.157"
   string ":1.157"
   string ""
signal time=1788729216.869954 sender=:1.2 -> destination=(null destination) serial=188 path=/org/a11y/atspi/registry; interface=org.a11y.atspi.Registry; member=EventListenerDeregistered
   string ":1.157"
   string ""
signal time=1788729216.875379 sender=org.freedesktop.DBus -> destination=(null destination) serial=315 path=/org/freedesktop/DBus; interface=org.freedesktop.DBus; member=NameOwnerChanged
   string ":1.158"
   string ""
   string ":1.158"
signal time=1788729216.875422 sender=org.freedesktop.DBus -> destination=:1.158 serial=2 path=/org/freedesktop/DBus; interface=org.freedesktop.DBus; member=NameAcquired
   string ":1.158"
signal time=1788729216.877033 sender=org.freedesktop.DBus -> destination=:1.158 serial=3 path=/org/freedesktop/DBus; interface=org.freedesktop.DBus; member=NameLost
   string ":1.158"
signal time=1788729216.877075 sender=org.freedesktop.DBus -> destination=(null destination) serial=316 path=/org/freedesktop/DBus; interface=org.freedesktop.DBus; member=NameOwnerChanged
   string ":1.158"
   string ":1.158"
   string ""
signal time=1788729216.877217 sender=:1.2 -> destination=(null destination) serial=189 path=/org/a11y/atspi/registry; interface=org.a11y.atspi.Registry; member=EventListenerDeregistered
   string ":1.158"
   string ""
signal time=1788729216.881898 sender=org.freedesktop.DBus -> destination=(null destination) serial=317 path=/org/freedesktop/DBus; interface=org.freedesktop.DBus; member=NameOwnerChanged
   string ":1.159"
   string ""
   string ":1.159"
signal time=1788729216.881939 sender=org.freedesktop.DBus -> destination=:1.159 serial=2 path=/org/freedesktop/DBus; interface=org.freedesktop.DBus; member=NameAcquired
   string ":1.159"
signal time=1788729216.883426 sender=org.freedesktop.DBus -> destination=:1.159 serial=3 path=/org/freedesktop/DBus; interface=org.freedesktop.DBus; member=NameLost
   string ":1.159"
signal time=1788729216.883447 sender=org.freedesktop.DBus -> destination=(null destination) serial=318 path=/org/freedesktop/DBus; interface=org.freedesktop.DBus; member=NameOwnerChanged
   string ":1.159"
   string ":1.159"
   string ""
signal time=1788729216.883578 sender=:1.2 -> destination=(null destination) serial=190 path=/org/a11y/atspi/registry; interface=org.a11y.atspi.Registry; member=EventListenerDeregistered
   string ":1.159"
   string ""
signal time=1788729216.887998 sender=org.freedesktop.DBus -> destination=(null destination) serial=319 path=/org/freedesktop/DBus; interface=org.freedesktop.DBus; member=NameOwnerChanged
   string ":1.160"
   string ""
   string ":1.160"
signal time=1788729216.888026 sender=org.freedesktop.DBus -> destination=:1.160 serial=2 path=/org/freedesktop/DBus; interface=org.freedesktop.DBus; member=NameAcquired
   string ":1.160"
signal time=1788729216.891437 sender=org.freedesktop.DBus -> destination=:1.160 serial=3 path=/org/freedesktop/DBus; interface=org.freedesktop.DBus; member=NameLost
   string ":1.160"
signal time=1788729216.891487 sender=org.freedesktop.DBus -> destination=(null destination) serial=320 path=/org/freedesktop/DBus; interface=org.freedesktop.DBus; member=NameOwnerChanged
   string ":1.160"
   string ":1.160"
   string ""
signal time=1788729216.891504 sender=:1.2 -> destination=(null destination) serial=191 path=/org/a11y/atspi/registry; interface=org.a11y.atspi.Registry; member=EventListenerDeregistered
   string ":1.160"
   string ""
signal time=1788729216.895840 sender=org.freedesktop.DBus -> destination=(null destination) serial=321 path=/org/freedesktop/DBus; interface=org.freedesktop.DBus; member=NameOwnerChanged
   string ":1.161"
   string ""
   string ":1.161"
signal time=1788729216.895922 sender=org.freedesktop.DBus -> destination=:1.161 serial=2 path=/org/freedesktop/DBus; interface=org.freedesktop.DBus; member=NameAcquired
   string ":1.161"
signal time=1788729216.897945 sender=org.freedesktop.DBus -> destination=:1.161 serial=3 path=/org/freedesktop/DBus; interface=org.freedesktop.DBus; member=NameLost
   string ":1.161"
signal time=1788729216.898099 sender=org.freedesktop.DBus -> destination=(null destination) serial=322 path=/org/freedesktop/DBus; interface=org.freedesktop.DBus; member=NameOwnerChanged
   string ":1.161"
   string ":1.161"
   string ""
signal time=1788729216.898204 sender=:1.2 -> destination=(null destination) serial=192 path=/org/a11y/atspi/registry; interface=org.a11y.atspi.Registry; member=EventListenerDeregistered
   string ":1.161"
   string ""
signal time=1788729216.902429 sender=org.freedesktop.DBus -> destination=(null destination) serial=323 path=/org/freedesktop/DBus; interface=org.freedesktop.DBus; member=NameOwnerChanged
   string ":1.162"
   string ""
   string ":1.162"
signal time=1788729216.902476 sender=org.freedesktop.DBus -> destination=:1.162 serial=2 path=/org/freedesktop/DBus; interface=org.freedesktop.DBus; member=NameAcquired
   string ":1.162"
signal time=1788729216.905713 sender=org.freedesktop.DBus -> destination=:1.162 serial=3 path=/org/freedesktop/DBus; interface=org.freedesktop.DBus; member=NameLost
   string ":1.162"
signal time=1788729216.905752 sender=org.freedesktop.DBus -> destination=(null destination) serial=324 path=/org/freedesktop/DBus; interface=org.freedesktop.DBus; member=NameOwnerChanged
   string ":1.162"
   string ":1.162"
   string ""
signal time=1788729216.905841 sender=:1.2 -> destination=(null destination) serial=193 path=/org/a11y/atspi/registry; interface=org.a11y.atspi.Registry; member=EventListenerDeregistered
   string ":1.162"
   string ""
signal time=1788729216.910485 sender=org.freedesktop.DBus -> destination=(null destination) serial=325 path=/org/freedesktop/DBus; interface=org.freedesktop.DBus; member=NameOwnerChanged
   string ":1.163"
   string ""
   string ":1.163"
signal time=1788729216.910520 sender=org.freedesktop.DBus -> destination=:1.163 serial=2 path=/org/freedesktop/DBus; interface=org.freedesktop.DBus; member=NameAcquired
   string ":1.163"
signal time=1788729216.912279 sender=org.freedesktop.DBus -> destination=:1.163 serial=3 path=/org/freedesktop/DBus; interface=org.freedesktop.DBus; member=NameLost
   string ":1.163"
signal time=1788729216.912296 sender=org.freedesktop.DBus -> destination=(null destination) serial=326 path=/org/freedesktop/DBus; interface=org.freedesktop.DBus; member=NameOwnerChanged
   string ":1.163"
   string ":1.163"
   string ""
signal time=1788729216.912392 sender=:1.2 -> destination=(null destination) serial=194 path=/org/a11y/atspi/registry; interface=org.a11y.atspi.Registry; member=EventListenerDeregistered
   string ":1.163"
   string ""
signal time=1788729216.916520 sender=org.freedesktop.DBus -> destination=(null destination) serial=327 path=/org/freedesktop/DBus; interface=org.freedesktop.DBus; member=NameOwnerChanged
   string ":1.164"
   string ""
   string ":1.164"
signal time=1788729216.916553 sender=org.freedesktop.DBus -> destination=:1.164 serial=2 path=/org/freedesktop/DBus; interface=org.freedesktop.DBus; member=NameAcquired
   string ":1.164"
signal time=1788729216.918279 sender=org.freedesktop.DBus -> destination=:1.164 serial=3 path=/org/freedesktop/DBus; interface=org.freedesktop.DBus; member=NameLost
   string ":1.164"
signal time=1788729216.918300 sender=org.freedesktop.DBus -> destination=(null destination) serial=328 path=/org/freedesktop/DBus; interface=org.freedesktop.DBus; member=NameOwnerChanged
   string ":1.164"
   string ":1.164"
   string ""
signal time=1788729216.918393 sender=:1.2 -> destination=(null destination) serial=195 path=/org/a11y/atspi/registry; interface=org.a11y.atspi.Registry; member=EventListenerDeregistered
   string ":1.164"
   string ""
signal time=1788729216.922255 sender=org.freedesktop.DBus -> destination=(null destination) serial=329 path=/org/freedesktop/DBus; interface=org.freedesktop.DBus; member=NameOwnerChanged
   string ":1.165"
   string ""
   string ":1.165"
signal time=1788729216.922287 sender=org.freedesktop.DBus -> destination=:1.165 serial=2 path=/org/freedesktop/DBus; interface=org.freedesktop.DBus; member=NameAcquired
   string ":1.165"
signal time=1788729216.924223 sender=org.freedesktop.DBus -> destination=:1.165 serial=3 path=/org/freedesktop/DBus; interface=org.freedesktop.DBus; member=NameLost
   string ":1.165"
signal time=1788729216.924249 sender=org.freedesktop.DBus -> destination=(null destination) serial=330 path=/org/freedesktop/DBus; interface=org.freedesktop.DBus; member=NameOwnerChanged
   string ":1.165"
   string ":1.165"
   string ""
signal time=1788729216.924308 sender=:1.2 -> destination=(null destination) serial=196 path=/org/a11y/atspi/registry; interface=org.a11y.atspi.Registry; member=EventListenerDeregistered
   string ":1.165"
   string ""
signal time=1788729216.929147 sender=org.freedesktop.DBus -> destination=(null destination) serial=331 path=/org/freedesktop/DBus; interface=org.freedesktop.DBus; member=NameOwnerChanged
   string ":1.166"
   string ""
   string ":1.166"
signal time=1788729216.929186 sender=org.freedesktop.DBus -> destination=:1.166 serial=2 path=/org/freedesktop/DBus; interface=org.freedesktop.DBus; member=NameAcquired
   string ":1.166"
signal time=1788729216.931037 sender=org.freedesktop.DBus -> destination=:1.166 serial=3 path=/org/freedesktop/DBus; interface=org.freedesktop.DBus; member=NameLost
   string ":1.166"
signal time=1788729216.931062 sender=org.freedesktop.DBus -> destination=(null destination) serial=332 path=/org/freedesktop/DBus; interface=org.freedesktop.DBus; member=NameOwnerChanged
   string ":1.166"
   string ":1.166"
   string ""
signal time=1788729216.931218 sender=:1.2 -> destination=(null destination) serial=197 path=/org/a11y/atspi/registry; interface=org.a11y.atspi.Registry; member=EventListenerDeregistered
   string ":1.166"
   string ""
signal time=1788729216.935604 sender=org.freedesktop.DBus -> destination=(null destination) serial=333 path=/org/freedesktop/DBus; interface=org.freedesktop.DBus; member=NameOwnerChanged
   string ":1.167"
   string ""
   string ":1.167"
signal time=1788729216.935676 sender=org.freedesktop.DBus -> destination=:1.167 serial=2 path=/org/freedesktop/DBus; interface=org.freedesktop.DBus; member=NameAcquired
   string ":1.167"
signal time=1788729216.937339 sender=org.freedesktop.DBus -> destination=:1.167 serial=3 path=/org/freedesktop/DBus; interface=org.freedesktop.DBus; member=NameLost
   string ":1.167"
signal time=1788729216.937359 sender=org.freedesktop.DBus -> destination=(null destination) serial=334 path=/org/freedesktop/DBus; interface=org.freedesktop.DBus; member=NameOwnerChanged
   string ":1.167"
   string ":1.167"
   string ""
signal time=1788729216.937397 sender=:1.2 -> destination=(null destination) serial=198 path=/org/a11y/atspi/registry; interface=org.a11y.atspi.Registry; member=EventListenerDeregistered
   string ":1.167"
   string ""
signal time=1788729216.942686 sender=org.freedesktop.DBus -> destination=(null destination) serial=335 path=/org/freedesktop/DBus; interface=org.freedesktop.DBus; member=NameOwnerChanged
   string ":1.168"
   string ""
   string ":1.168"
signal time=1788729216.942744 sender=org.freedesktop.DBus -> destination=:1.168 serial=2 path=/org/freedesktop/DBus; interface=org.freedesktop.DBus; member=NameAcquired
   string ":1.168"
signal time=1788729216.944379 sender=org.freedesktop.DBus -> destination=:1.168 serial=3 path=/org/freedesktop/DBus; interface=org.freedesktop.DBus; member=NameLost
   string ":1.168"
signal time=1788729216.944399 sender=org.freedesktop.DBus -> destination=(null destination) serial=336 path=/org/freedesktop/DBus; interface=org.freedesktop.DBus; member=NameOwnerChanged
   string ":1.168"
   string ":1.168"
   string ""
signal time=1788729216.944550 sender=:1.2 -> destination=(null destination) serial=199 path=/org/a11y/atspi/registry; interface=org.a11y.atspi.Registry; member=EventListenerDeregistered
   string ":1.168"
   string ""
signal time=1788729216.948840 sender=org.freedesktop.DBus -> destination=(null destination) serial=337 path=/org/freedesktop/DBus; interface=org.freedesktop.DBus; member=NameOwnerChanged
   string ":1.169"
   string ""
   string ":1.169"
signal time=1788729216.948872 sender=org.freedesktop.DBus -> destination=:1.169 serial=2 path=/org/freedesktop/DBus; interface=org.freedesktop.DBus; member=NameAcquired
   string ":1.169"
signal time=1788729216.950658 sender=org.freedesktop.DBus -> destination=:1.169 serial=3 path=/org/freedesktop/DBus; interface=org.freedesktop.DBus; member=NameLost
   string ":1.169"
signal time=1788729216.950690 sender=org.freedesktop.DBus -> destination=(null destination) serial=338 path=/org/freedesktop/DBus; interface=org.freedesktop.DBus; member=NameOwnerChanged
   string ":1.169"
   string ":1.169"
   string ""
signal time=1788729216.950775 sender=:1.2 -> destination=(null destination) serial=200 path=/org/a11y/atspi/registry; interface=org.a11y.atspi.Registry; member=EventListenerDeregistered
   string ":1.169"
   string ""
signal time=1788729216.955228 sender=org.freedesktop.DBus -> destination=(null destination) serial=339 path=/org/freedesktop/DBus; interface=org.freedesktop.DBus; member=NameOwnerChanged
   string ":1.170"
   string ""
   string ":1.170"
signal time=1788729216.955262 sender=org.freedesktop.DBus -> destination=:1.170 serial=2 path=/org/freedesktop/DBus; interface=org.freedesktop.DBus; member=NameAcquired
   string ":1.170"
signal time=1788729216.956769 sender=org.freedesktop.DBus -> destination=:1.170 serial=3 path=/org/freedesktop/DBus; interface=org.freedesktop.DBus; member=NameLost
   string ":1.170"
signal time=1788729216.956790 sender=org.freedesktop.DBus -> destination=(null destination) serial=340 path=/org/freedesktop/DBus; interface=org.freedesktop.DBus; member=NameOwnerChanged
   string ":1.170"
   string ":1.170"
   string ""
signal time=1788729216.956971 sender=:1.2 -> destination=(null destination) serial=201 path=/org/a11y/atspi/registry; interface=org.a11y.atspi.Registry; member=EventListenerDeregistered
   string ":1.170"
   string ""
signal time=1788729216.961834 sender=org.freedesktop.DBus -> destination=(null destination) serial=341 path=/org/freedesktop/DBus; interface=org.freedesktop.DBus; member=NameOwnerChanged
   string ":1.171"
   string ""
   string ":1.171"
signal time=1788729216.961890 sender=org.freedesktop.DBus -> destination=:1.171 serial=2 path=/org/freedesktop/DBus; interface=org.freedesktop.DBus; member=NameAcquired
   string ":1.171"
signal time=1788729216.963473 sender=org.freedesktop.DBus -> destination=:1.171 serial=3 path=/org/freedesktop/DBus; interface=org.freedesktop.DBus; member=NameLost
   string ":1.171"
signal time=1788729216.963493 sender=org.freedesktop.DBus -> destination=(null destination) serial=342 path=/org/freedesktop/DBus; interface=org.freedesktop.DBus; member=NameOwnerChanged
   string ":1.171"
   string ":1.171"
   string ""
signal time=1788729216.963562 sender=:1.2 -> destination=(null destination) serial=202 path=/org/a11y/atspi/registry; interface=org.a11y.atspi.Registry; member=EventListenerDeregistered
   string ":1.171"
   string ""
signal time=1788729216.967658 sender=org.freedesktop.DBus -> destination=(null destination) serial=343 path=/org/freedesktop/DBus; interface=org.freedesktop.DBus; member=NameOwnerChanged
   string ":1.172"
   string ""
   string ":1.172"
signal time=1788729216.967713 sender=org.freedesktop.DBus -> destination=:1.172 serial=2 path=/org/freedesktop/DBus; interface=org.freedesktop.DBus; member=NameAcquired
   string ":1.172"
signal time=1788729216.969289 sender=org.freedesktop.DBus -> destination=:1.172 serial=3 path=/org/freedesktop/DBus; interface=org.freedesktop.DBus; member=NameLost
   string ":1.172"
signal time=1788729216.969304 sender=org.freedesktop.DBus -> destination=(null destination) serial=344 path=/org/freedesktop/DBus; interface=org.freedesktop.DBus; member=NameOwnerChanged
   string ":1.172"
   string ":1.172"
   string ""
signal time=1788729216.969440 sender=:1.2 -> destination=(null destination) serial=203 path=/org/a11y/atspi/registry; interface=org.a11y.atspi.Registry; member=EventListenerDeregistered
   string ":1.172"
   string ""
signal time=1788729216.975669 sender=org.freedesktop.DBus -> destination=(null destination) serial=345 path=/org/freedesktop/DBus; interface=org.freedesktop.DBus; member=NameOwnerChanged
   string ":1.173"
   string ""
   string ":1.173"
signal time=1788729216.975708 sender=org.freedesktop.DBus -> destination=:1.173 serial=2 path=/org/freedesktop/DBus; interface=org.freedesktop.DBus; member=NameAcquired
   string ":1.173"
signal time=1788729216.977307 sender=org.freedesktop.DBus -> destination=:1.173 serial=3 path=/org/freedesktop/DBus; interface=org.freedesktop.DBus; member=NameLost
   string ":1.173"
signal time=1788729216.977333 sender=org.freedesktop.DBus -> destination=(null destination) serial=346 path=/org/freedesktop/DBus; interface=org.freedesktop.DBus; member=NameOwnerChanged
   string ":1.173"
   string ":1.173"
   string ""
signal time=1788729216.977422 sender=:1.2 -> destination=(null destination) serial=204 path=/org/a11y/atspi/registry; interface=org.a11y.atspi.Registry; member=EventListenerDeregistered
   string ":1.173"
   string ""
signal time=1788729216.982558 sender=org.freedesktop.DBus -> destination=(null destination) serial=347 path=/org/freedesktop/DBus; interface=org.freedesktop.DBus; member=NameOwnerChanged
   string ":1.174"
   string ""
   string ":1.174"
signal time=1788729216.982595 sender=org.freedesktop.DBus -> destination=:1.174 serial=2 path=/org/freedesktop/DBus; interface=org.freedesktop.DBus; member=NameAcquired
   string ":1.174"
signal time=1788729216.984347 sender=org.freedesktop.DBus -> destination=:1.174 serial=3 path=/org/freedesktop/DBus; interface=org.freedesktop.DBus; member=NameLost
   string ":1.174"
signal time=1788729216.984367 sender=org.freedesktop.DBus -> destination=(null destination) serial=348 path=/org/freedesktop/DBus; interface=org.freedesktop.DBus; member=NameOwnerChanged
   string ":1.174"
   string ":1.174"
   string ""
signal time=1788729216.984485 sender=:1.2 -> destination=(null destination) serial=205 path=/org/a11y/atspi/registry; interface=org.a11y.atspi.Registry; member=EventListenerDeregistered
   string ":1.174"
   string ""
signal time=1788729216.989226 sender=org.freedesktop.DBus -> destination=(null destination) serial=349 path=/org/freedesktop/DBus; interface=org.freedesktop.DBus; member=NameOwnerChanged
   string ":1.175"
   string ""
   string ":1.175"
signal time=1788729216.989275 sender=org.freedesktop.DBus -> destination=:1.175 serial=2 path=/org/freedesktop/DBus; interface=org.freedesktop.DBus; member=NameAcquired
   string ":1.175"
signal time=1788729216.990936 sender=org.freedesktop.DBus -> destination=:1.175 serial=3 path=/org/freedesktop/DBus; interface=org.freedesktop.DBus; member=NameLost
   string ":1.175"
signal time=1788729216.990969 sender=org.freedesktop.DBus -> destination=(null destination) serial=350 path=/org/freedesktop/DBus; interface=org.freedesktop.DBus; member=NameOwnerChanged
   string ":1.175"
   string ":1.175"
   string ""
signal time=1788729216.991017 sender=:1.2 -> destination=(null destination) serial=206 path=/org/a11y/atspi/registry; interface=org.a11y.atspi.Registry; member=EventListenerDeregistered
   string ":1.175"
   string ""
signal time=1788729217.402692 sender=org.freedesktop.DBus -> destination=(null destination) serial=351 path=/org/freedesktop/DBus; interface=org.freedesktop.DBus; member=NameOwnerChanged
   string ":1.176"
   string ""
   string ":1.176"
signal time=1788729217.402758 sender=org.freedesktop.DBus -> destination=:1.176 serial=2 path=/org/freedesktop/DBus; interface=org.freedesktop.DBus; member=NameAcquired
   string ":1.176"
signal time=1788729217.404438 sender=org.freedesktop.DBus -> destination=:1.176 serial=3 path=/org/freedesktop/DBus; interface=org.freedesktop.DBus; member=NameLost
   string ":1.176"
signal time=1788729217.404475 sender=org.freedesktop.DBus -> destination=(null destination) serial=352 path=/org/freedesktop/DBus; interface=org.freedesktop.DBus; member=NameOwnerChanged
   string ":1.176"
   string ":1.176"
   string ""
signal time=1788729217.404565 sender=:1.2 -> destination=(null destination) serial=209 path=/org/a11y/atspi/registry; interface=org.a11y.atspi.Registry; member=EventListenerDeregistered
   string ":1.176"
   string ""
signal time=1788729217.410159 sender=org.freedesktop.DBus -> destination=(null destination) serial=353 path=/org/freedesktop/DBus; interface=org.freedesktop.DBus; member=NameOwnerChanged
   string ":1.177"
   string ""
   string ":1.177"
signal time=1788729217.410194 sender=org.freedesktop.DBus -> destination=:1.177 serial=2 path=/org/freedesktop/DBus; interface=org.freedesktop.DBus; member=NameAcquired
   string ":1.177"
signal time=1788729217.411336 sender=org.freedesktop.DBus -> destination=:1.177 serial=5 path=/org/freedesktop/DBus; interface=org.freedesktop.DBus; member=NameLost
   string ":1.177"
signal time=1788729217.411357 sender=org.freedesktop.DBus -> destination=(null destination) serial=354 path=/org/freedesktop/DBus; interface=org.freedesktop.DBus; member=NameOwnerChanged
   string ":1.177"
   string ":1.177"
   string ""
signal time=1788729217.411443 sender=:1.2 -> destination=(null destination) serial=210 path=/org/a11y/atspi/registry; interface=org.a11y.atspi.Registry; member=EventListenerDeregistered
   string ":1.177"
   string ""
signal time=1788729217.416294 sender=org.freedesktop.DBus -> destination=(null destination) serial=355 path=/org/freedesktop/DBus; interface=org.freedesktop.DBus; member=NameOwnerChanged
   string ":1.178"
   string ""
   string ":1.178"
signal time=1788729217.416327 sender=org.freedesktop.DBus -> destination=:1.178 serial=2 path=/org/freedesktop/DBus; interface=org.freedesktop.DBus; member=NameAcquired
   string ":1.178"
signal time=1788729217.417389 sender=org.freedesktop.DBus -> destination=:1.178 serial=3 path=/org/freedesktop/DBus; interface=org.freedesktop.DBus; member=NameLost
   string ":1.178"
signal time=1788729217.417408 sender=org.freedesktop.DBus -> destination=(null destination) serial=356 path=/org/freedesktop/DBus; interface=org.freedesktop.DBus; member=NameOwnerChanged
   string ":1.178"
   string ":1.178"
   string ""
signal time=1788729217.417508 sender=:1.2 -> destination=(null destination) serial=211 path=/org/a11y/atspi/registry; interface=org.a11y.atspi.Registry; member=EventListenerDeregistered
   string ":1.178"
   string ""
signal time=1788729217.422593 sender=org.freedesktop.DBus -> destination=(null destination) serial=357 path=/org/freedesktop/DBus; interface=org.freedesktop.DBus; member=NameOwnerChanged
   string ":1.179"
   string ""
   string ":1.179"
signal time=1788729217.422627 sender=org.freedesktop.DBus -> destination=:1.179 serial=2 path=/org/freedesktop/DBus; interface=org.freedesktop.DBus; member=NameAcquired
   string ":1.179"
signal time=1788729217.424846 sender=org.freedesktop.DBus -> destination=:1.179 serial=3 path=/org/freedesktop/DBus; interface=org.freedesktop.DBus; member=NameLost
   string ":1.179"
signal time=1788729217.424874 sender=org.freedesktop.DBus -> destination=(null destination) serial=358 path=/org/freedesktop/DBus; interface=org.freedesktop.DBus; member=NameOwnerChanged
   string ":1.179"
   string ":1.179"
   string ""
signal time=1788729217.424912 sender=:1.2 -> destination=(null destination) serial=212 path=/org/a11y/atspi/registry; interface=org.a11y.atspi.Registry; member=EventListenerDeregistered
   string ":1.179"
   string ""
signal time=1788729217.429450 sender=org.freedesktop.DBus -> destination=(null destination) serial=359 path=/org/freedesktop/DBus; interface=org.freedesktop.DBus; member=NameOwnerChanged
   string ":1.180"
   string ""
   string ":1.180"
signal time=1788729217.429493 sender=org.freedesktop.DBus -> destination=:1.180 serial=2 path=/org/freedesktop/DBus; interface=org.freedesktop.DBus; member=NameAcquired
   string ":1.180"
signal time=1788729217.431002 sender=org.freedesktop.DBus -> destination=:1.180 serial=3 path=/org/freedesktop/DBus; interface=org.freedesktop.DBus; member=NameLost
   string ":1.180"
signal time=1788729217.431024 sender=org.freedesktop.DBus -> destination=(null destination) serial=360 path=/org/freedesktop/DBus; interface=org.freedesktop.DBus; member=NameOwnerChanged
   string ":1.180"
   string ":1.180"
   string ""
signal time=1788729217.431162 sender=:1.2 -> destination=(null destination) serial=213 path=/org/a11y/atspi/registry; interface=org.a11y.atspi.Registry; member=EventListenerDeregistered
   string ":1.180"
   string ""
signal time=1788729217.436154 sender=org.freedesktop.DBus -> destination=(null destination) serial=361 path=/org/freedesktop/DBus; interface=org.freedesktop.DBus; member=NameOwnerChanged
   string ":1.181"
   string ""
   string ":1.181"
signal time=1788729217.436206 sender=org.freedesktop.DBus -> destination=:1.181 serial=2 path=/org/freedesktop/DBus; interface=org.freedesktop.DBus; member=NameAcquired
   string ":1.181"
signal time=1788729217.437866 sender=org.freedesktop.DBus -> destination=:1.181 serial=3 path=/org/freedesktop/DBus; interface=org.freedesktop.DBus; member=NameLost
   string ":1.181"
signal time=1788729217.437914 sender=org.freedesktop.DBus -> destination=(null destination) serial=362 path=/org/freedesktop/DBus; interface=org.freedesktop.DBus; member=NameOwnerChanged
   string ":1.181"
   string ":1.181"
   string ""
signal time=1788729217.438492 sender=:1.2 -> destination=(null destination) serial=214 path=/org/a11y/atspi/registry; interface=org.a11y.atspi.Registry; member=EventListenerDeregistered
   string ":1.181"
   string ""
signal time=1788729217.443483 sender=org.freedesktop.DBus -> destination=(null destination) serial=363 path=/org/freedesktop/DBus; interface=org.freedesktop.DBus; member=NameOwnerChanged
   string ":1.182"
   string ""
   string ":1.182"
signal time=1788729217.443525 sender=org.freedesktop.DBus -> destination=:1.182 serial=2 path=/org/freedesktop/DBus; interface=org.freedesktop.DBus; member=NameAcquired
   string ":1.182"
signal time=1788729217.444752 sender=org.freedesktop.DBus -> destination=:1.182 serial=3 path=/org/freedesktop/DBus; interface=org.freedesktop.DBus; member=NameLost
   string ":1.182"
signal time=1788729217.444773 sender=org.freedesktop.DBus -> destination=(null destination) serial=364 path=/org/freedesktop/DBus; interface=org.freedesktop.DBus; member=NameOwnerChanged
   string ":1.182"
   string ":1.182"
   string ""
signal time=1788729217.444873 sender=:1.2 -> destination=(null destination) serial=215 path=/org/a11y/atspi/registry; interface=org.a11y.atspi.Registry; member=EventListenerDeregistered
   string ":1.182"
   string ""
signal time=1788729217.450224 sender=org.freedesktop.DBus -> destination=(null destination) serial=365 path=/org/freedesktop/DBus; interface=org.freedesktop.DBus; member=NameOwnerChanged
   string ":1.183"
   string ""
   string ":1.183"
signal time=1788729217.450265 sender=org.freedesktop.DBus -> destination=:1.183 serial=2 path=/org/freedesktop/DBus; interface=org.freedesktop.DBus; member=NameAcquired
   string ":1.183"
signal time=1788729217.451490 sender=org.freedesktop.DBus -> destination=:1.183 serial=3 path=/org/freedesktop/DBus; interface=org.freedesktop.DBus; member=NameLost
   string ":1.183"
signal time=1788729217.451508 sender=org.freedesktop.DBus -> destination=(null destination) serial=366 path=/org/freedesktop/DBus; interface=org.freedesktop.DBus; member=NameOwnerChanged
   string ":1.183"
   string ":1.183"
   string ""
signal time=1788729217.451607 sender=:1.2 -> destination=(null destination) serial=216 path=/org/a11y/atspi/registry; interface=org.a11y.atspi.Registry; member=EventListenerDeregistered
   string ":1.183"
   string ""
signal time=1788729217.456659 sender=org.freedesktop.DBus -> destination=(null destination) serial=367 path=/org/freedesktop/DBus; interface=org.freedesktop.DBus; member=NameOwnerChanged
   string ":1.184"
   string ""
   string ":1.184"
signal time=1788729217.456713 sender=org.freedesktop.DBus -> destination=:1.184 serial=2 path=/org/freedesktop/DBus; interface=org.freedesktop.DBus; member=NameAcquired
   string ":1.184"
signal time=1788729217.458696 sender=org.freedesktop.DBus -> destination=:1.184 serial=3 path=/org/freedesktop/DBus; interface=org.freedesktop.DBus; member=NameLost
   string ":1.184"
signal time=1788729217.458731 sender=org.freedesktop.DBus -> destination=(null destination) serial=368 path=/org/freedesktop/DBus; interface=org.freedesktop.DBus; member=NameOwnerChanged
   string ":1.184"
   string ":1.184"
   string ""
signal time=1788729217.458840 sender=:1.2 -> destination=(null destination) serial=217 path=/org/a11y/atspi/registry; interface=org.a11y.atspi.Registry; member=EventListenerDeregistered
   string ":1.184"
   string ""
signal time=1788729217.463317 sender=org.freedesktop.DBus -> destination=(null destination) serial=369 path=/org/freedesktop/DBus; interface=org.freedesktop.DBus; member=NameOwnerChanged
   string ":1.185"
   string ""
   string ":1.185"
signal time=1788729217.463376 sender=org.freedesktop.DBus -> destination=:1.185 serial=2 path=/org/freedesktop/DBus; interface=org.freedesktop.DBus; member=NameAcquired
   string ":1.185"
signal time=1788729217.464852 sender=org.freedesktop.DBus -> destination=:1.185 serial=3 path=/org/freedesktop/DBus; interface=org.freedesktop.DBus; member=NameLost
   string ":1.185"
signal time=1788729217.464875 sender=org.freedesktop.DBus -> destination=(null destination) serial=370 path=/org/freedesktop/DBus; interface=org.freedesktop.DBus; member=NameOwnerChanged
   string ":1.185"
   string ":1.185"
   string ""
signal time=1788729217.465005 sender=:1.2 -> destination=(null destination) serial=218 path=/org/a11y/atspi/registry; interface=org.a11y.atspi.Registry; member=EventListenerDeregistered
   string ":1.185"
   string ""
signal time=1788729217.469222 sender=org.freedesktop.DBus -> destination=(null destination) serial=371 path=/org/freedesktop/DBus; interface=org.freedesktop.DBus; member=NameOwnerChanged
   string ":1.186"
   string ""
   string ":1.186"
signal time=1788729217.469253 sender=org.freedesktop.DBus -> destination=:1.186 serial=2 path=/org/freedesktop/DBus; interface=org.freedesktop.DBus; member=NameAcquired
   string ":1.186"
signal time=1788729217.471244 sender=org.freedesktop.DBus -> destination=:1.186 serial=3 path=/org/freedesktop/DBus; interface=org.freedesktop.DBus; member=NameLost
   string ":1.186"
signal time=1788729217.471282 sender=org.freedesktop.DBus -> destination=(null destination) serial=372 path=/org/freedesktop/DBus; interface=org.freedesktop.DBus; member=NameOwnerChanged
   string ":1.186"
   string ":1.186"
   string ""
signal time=1788729217.471364 sender=:1.2 -> destination=(null destination) serial=219 path=/org/a11y/atspi/registry; interface=org.a11y.atspi.Registry; member=EventListenerDeregistered
   string ":1.186"
   string ""
signal time=1788729217.476568 sender=org.freedesktop.DBus -> destination=(null destination) serial=373 path=/org/freedesktop/DBus; interface=org.freedesktop.DBus; member=NameOwnerChanged
   string ":1.187"
   string ""
   string ":1.187"
signal time=1788729217.476623 sender=org.freedesktop.DBus -> destination=:1.187 serial=2 path=/org/freedesktop/DBus; interface=org.freedesktop.DBus; member=NameAcquired
   string ":1.187"
signal time=1788729217.478317 sender=org.freedesktop.DBus -> destination=:1.187 serial=3 path=/org/freedesktop/DBus; interface=org.freedesktop.DBus; member=NameLost
   string ":1.187"
signal time=1788729217.478337 sender=org.freedesktop.DBus -> destination=(null destination) serial=374 path=/org/freedesktop/DBus; interface=org.freedesktop.DBus; member=NameOwnerChanged
   string ":1.187"
   string ":1.187"
   string ""
signal time=1788729217.478441 sender=:1.2 -> destination=(null destination) serial=220 path=/org/a11y/atspi/registry; interface=org.a11y.atspi.Registry; member=EventListenerDeregistered
   string ":1.187"
   string ""
signal time=1788729217.482768 sender=org.freedesktop.DBus -> destination=(null destination) serial=375 path=/org/freedesktop/DBus; interface=org.freedesktop.DBus; member=NameOwnerChanged
   string ":1.188"
   string ""
   string ":1.188"
signal time=1788729217.482817 sender=org.freedesktop.DBus -> destination=:1.188 serial=2 path=/org/freedesktop/DBus; interface=org.freedesktop.DBus; member=NameAcquired
   string ":1.188"
signal time=1788729217.484370 sender=org.freedesktop.DBus -> destination=:1.188 serial=3 path=/org/freedesktop/DBus; interface=org.freedesktop.DBus; member=NameLost
   string ":1.188"
signal time=1788729217.484386 sender=org.freedesktop.DBus -> destination=(null destination) serial=376 path=/org/freedesktop/DBus; interface=org.freedesktop.DBus; member=NameOwnerChanged
   string ":1.188"
   string ":1.188"
   string ""
signal time=1788729217.484517 sender=:1.2 -> destination=(null destination) serial=221 path=/org/a11y/atspi/registry; interface=org.a11y.atspi.Registry; member=EventListenerDeregistered
   string ":1.188"
   string ""
signal time=1788729217.488265 sender=org.freedesktop.DBus -> destination=(null destination) serial=377 path=/org/freedesktop/DBus; interface=org.freedesktop.DBus; member=NameOwnerChanged
   string ":1.189"
   string ""
   string ":1.189"
signal time=1788729217.488331 sender=org.freedesktop.DBus -> destination=:1.189 serial=2 path=/org/freedesktop/DBus; interface=org.freedesktop.DBus; member=NameAcquired
   string ":1.189"
signal time=1788729217.489827 sender=org.freedesktop.DBus -> destination=:1.189 serial=3 path=/org/freedesktop/DBus; interface=org.freedesktop.DBus; member=NameLost
   string ":1.189"
signal time=1788729217.489891 sender=org.freedesktop.DBus -> destination=(null destination) serial=378 path=/org/freedesktop/DBus; interface=org.freedesktop.DBus; member=NameOwnerChanged
   string ":1.189"
   string ":1.189"
   string ""
signal time=1788729217.490019 sender=:1.2 -> destination=(null destination) serial=222 path=/org/a11y/atspi/registry; interface=org.a11y.atspi.Registry; member=EventListenerDeregistered
   string ":1.189"
   string ""
signal time=1788729217.493859 sender=org.freedesktop.DBus -> destination=(null destination) serial=379 path=/org/freedesktop/DBus; interface=org.freedesktop.DBus; member=NameOwnerChanged
   string ":1.190"
   string ""
   string ":1.190"
signal time=1788729217.493894 sender=org.freedesktop.DBus -> destination=:1.190 serial=2 path=/org/freedesktop/DBus; interface=org.freedesktop.DBus; member=NameAcquired
   string ":1.190"
signal time=1788729217.495198 sender=org.freedesktop.DBus -> destination=:1.190 serial=3 path=/org/freedesktop/DBus; interface=org.freedesktop.DBus; member=NameLost
   string ":1.190"
signal time=1788729217.495215 sender=org.freedesktop.DBus -> destination=(null destination) serial=380 path=/org/freedesktop/DBus; interface=org.freedesktop.DBus; member=NameOwnerChanged
   string ":1.190"
   string ":1.190"
   string ""
signal time=1788729217.495351 sender=:1.2 -> destination=(null destination) serial=223 path=/org/a11y/atspi/registry; interface=org.a11y.atspi.Registry; member=EventListenerDeregistered
   string ":1.190"
   string ""
signal time=1788729217.499558 sender=org.freedesktop.DBus -> destination=(null destination) serial=381 path=/org/freedesktop/DBus; interface=org.freedesktop.DBus; member=NameOwnerChanged
   string ":1.191"
   string ""
   string ":1.191"
signal time=1788729217.499604 sender=org.freedesktop.DBus -> destination=:1.191 serial=2 path=/org/freedesktop/DBus; interface=org.freedesktop.DBus; member=NameAcquired
   string ":1.191"
signal time=1788729217.500945 sender=org.freedesktop.DBus -> destination=:1.191 serial=3 path=/org/freedesktop/DBus; interface=org.freedesktop.DBus; member=NameLost
   string ":1.191"
signal time=1788729217.500959 sender=org.freedesktop.DBus -> destination=(null destination) serial=382 path=/org/freedesktop/DBus; interface=org.freedesktop.DBus; member=NameOwnerChanged
   string ":1.191"
   string ":1.191"
   string ""
signal time=1788729217.501110 sender=:1.2 -> destination=(null destination) serial=224 path=/org/a11y/atspi/registry; interface=org.a11y.atspi.Registry; member=EventListenerDeregistered
   string ":1.191"
   string ""
signal time=1788729217.505781 sender=org.freedesktop.DBus -> destination=(null destination) serial=383 path=/org/freedesktop/DBus; interface=org.freedesktop.DBus; member=NameOwnerChanged
   string ":1.192"
   string ""
   string ":1.192"
signal time=1788729217.505833 sender=org.freedesktop.DBus -> destination=:1.192 serial=2 path=/org/freedesktop/DBus; interface=org.freedesktop.DBus; member=NameAcquired
   string ":1.192"
signal time=1788729217.507459 sender=org.freedesktop.DBus -> destination=:1.192 serial=3 path=/org/freedesktop/DBus; interface=org.freedesktop.DBus; member=NameLost
   string ":1.192"
signal time=1788729217.507483 sender=org.freedesktop.DBus -> destination=(null destination) serial=384 path=/org/freedesktop/DBus; interface=org.freedesktop.DBus; member=NameOwnerChanged
   string ":1.192"
   string ":1.192"
   string ""
signal time=1788729217.507544 sender=:1.2 -> destination=(null destination) serial=225 path=/org/a11y/atspi/registry; interface=org.a11y.atspi.Registry; member=EventListenerDeregistered
   string ":1.192"
   string ""
signal time=1788729217.511753 sender=org.freedesktop.DBus -> destination=(null destination) serial=385 path=/org/freedesktop/DBus; interface=org.freedesktop.DBus; member=NameOwnerChanged
   string ":1.193"
   string ""
   string ":1.193"
signal time=1788729217.511779 sender=org.freedesktop.DBus -> destination=:1.193 serial=2 path=/org/freedesktop/DBus; interface=org.freedesktop.DBus; member=NameAcquired
   string ":1.193"
signal time=1788729217.513179 sender=org.freedesktop.DBus -> destination=:1.193 serial=3 path=/org/freedesktop/DBus; interface=org.freedesktop.DBus; member=NameLost
   string ":1.193"
signal time=1788729217.513194 sender=org.freedesktop.DBus -> destination=(null destination) serial=386 path=/org/freedesktop/DBus; interface=org.freedesktop.DBus; member=NameOwnerChanged
   string ":1.193"
   string ":1.193"
   string ""
signal time=1788729217.513284 sender=:1.2 -> destination=(null destination) serial=226 path=/org/a11y/atspi/registry; interface=org.a11y.atspi.Registry; member=EventListenerDeregistered
   string ":1.193"
   string ""
signal time=1788729217.517323 sender=org.freedesktop.DBus -> destination=(null destination) serial=387 path=/org/freedesktop/DBus; interface=org.freedesktop.DBus; member=NameOwnerChanged
   string ":1.194"
   string ""
   string ":1.194"
signal time=1788729217.517347 sender=org.freedesktop.DBus -> destination=:1.194 serial=2 path=/org/freedesktop/DBus; interface=org.freedesktop.DBus; member=NameAcquired
   string ":1.194"
signal time=1788729217.518775 sender=org.freedesktop.DBus -> destination=:1.194 serial=3 path=/org/freedesktop/DBus; interface=org.freedesktop.DBus; member=NameLost
   string ":1.194"
signal time=1788729217.518795 sender=org.freedesktop.DBus -> destination=(null destination) serial=388 path=/org/freedesktop/DBus; interface=org.freedesktop.DBus; member=NameOwnerChanged
   string ":1.194"
   string ":1.194"
   string ""
signal time=1788729217.518887 sender=:1.2 -> destination=(null destination) serial=227 path=/org/a11y/atspi/registry; interface=org.a11y.atspi.Registry; member=EventListenerDeregistered
   string ":1.194"
   string ""
signal time=1788729217.522750 sender=org.freedesktop.DBus -> destination=(null destination) serial=389 path=/org/freedesktop/DBus; interface=org.freedesktop.DBus; member=NameOwnerChanged
   string ":1.195"
   string ""
   string ":1.195"
signal time=1788729217.522803 sender=org.freedesktop.DBus -> destination=:1.195 serial=2 path=/org/freedesktop/DBus; interface=org.freedesktop.DBus; member=NameAcquired
   string ":1.195"
signal time=1788729217.523807 sender=org.freedesktop.DBus -> destination=:1.195 serial=3 path=/org/freedesktop/DBus; interface=org.freedesktop.DBus; member=NameLost
   string ":1.195"
signal time=1788729217.523828 sender=org.freedesktop.DBus -> destination=(null destination) serial=390 path=/org/freedesktop/DBus; interface=org.freedesktop.DBus; member=NameOwnerChanged
   string ":1.195"
   string ":1.195"
   string ""
signal time=1788729217.523994 sender=:1.2 -> destination=(null destination) serial=228 path=/org/a11y/atspi/registry; interface=org.a11y.atspi.Registry; member=EventListenerDeregistered
   string ":1.195"
   string ""
signal time=1788729217.528548 sender=org.freedesktop.DBus -> destination=(null destination) serial=391 path=/org/freedesktop/DBus; interface=org.freedesktop.DBus; member=NameOwnerChanged
   string ":1.196"
   string ""
   string ":1.196"
signal time=1788729217.528576 sender=org.freedesktop.DBus -> destination=:1.196 serial=2 path=/org/freedesktop/DBus; interface=org.freedesktop.DBus; member=NameAcquired
   string ":1.196"
signal time=1788729217.530096 sender=org.freedesktop.DBus -> destination=:1.196 serial=3 path=/org/freedesktop/DBus; interface=org.freedesktop.DBus; member=NameLost
   string ":1.196"
signal time=1788729217.530125 sender=org.freedesktop.DBus -> destination=(null destination) serial=392 path=/org/freedesktop/DBus; interface=org.freedesktop.DBus; member=NameOwnerChanged
   string ":1.196"
   string ":1.196"
   string ""
signal time=1788729217.530271 sender=:1.2 -> destination=(null destination) serial=229 path=/org/a11y/atspi/registry; interface=org.a11y.atspi.Registry; member=EventListenerDeregistered
   string ":1.196"
   string ""
signal time=1788729217.534047 sender=org.freedesktop.DBus -> destination=(null destination) serial=393 path=/org/freedesktop/DBus; interface=org.freedesktop.DBus; member=NameOwnerChanged
   string ":1.197"
   string ""
   string ":1.197"
signal time=1788729217.534083 sender=org.freedesktop.DBus -> destination=:1.197 serial=2 path=/org/freedesktop/DBus; interface=org.freedesktop.DBus; member=NameAcquired
   string ":1.197"
signal time=1788729217.535863 sender=org.freedesktop.DBus -> destination=:1.197 serial=3 path=/org/freedesktop/DBus; interface=org.freedesktop.DBus; member=NameLost
   string ":1.197"
signal time=1788729217.535893 sender=org.freedesktop.DBus -> destination=(null destination) serial=394 path=/org/freedesktop/DBus; interface=org.freedesktop.DBus; member=NameOwnerChanged
   string ":1.197"
   string ":1.197"
   string ""
signal time=1788729217.535992 sender=:1.2 -> destination=(null destination) serial=230 path=/org/a11y/atspi/registry; interface=org.a11y.atspi.Registry; member=EventListenerDeregistered
   string ":1.197"
   string ""
signal time=1788729217.540819 sender=org.freedesktop.DBus -> destination=(null destination) serial=395 path=/org/freedesktop/DBus; interface=org.freedesktop.DBus; member=NameOwnerChanged
   string ":1.198"
   string ""
   string ":1.198"
signal time=1788729217.540866 sender=org.freedesktop.DBus -> destination=:1.198 serial=2 path=/org/freedesktop/DBus; interface=org.freedesktop.DBus; member=NameAcquired
   string ":1.198"
signal time=1788729217.542367 sender=org.freedesktop.DBus -> destination=:1.198 serial=3 path=/org/freedesktop/DBus; interface=org.freedesktop.DBus; member=NameLost
   string ":1.198"
signal time=1788729217.542387 sender=org.freedesktop.DBus -> destination=(null destination) serial=396 path=/org/freedesktop/DBus; interface=org.freedesktop.DBus; member=NameOwnerChanged
   string ":1.198"
   string ":1.198"
   string ""
signal time=1788729217.542484 sender=:1.2 -> destination=(null destination) serial=231 path=/org/a11y/atspi/registry; interface=org.a11y.atspi.Registry; member=EventListenerDeregistered
   string ":1.198"
   string ""
signal time=1788729217.545911 sender=org.freedesktop.DBus -> destination=(null destination) serial=397 path=/org/freedesktop/DBus; interface=org.freedesktop.DBus; member=NameOwnerChanged
   string ":1.199"
   string ""
   string ":1.199"
signal time=1788729217.545936 sender=org.freedesktop.DBus -> destination=:1.199 serial=2 path=/org/freedesktop/DBus; interface=org.freedesktop.DBus; member=NameAcquired
   string ":1.199"
signal time=1788729217.547033 sender=org.freedesktop.DBus -> destination=:1.199 serial=3 path=/org/freedesktop/DBus; interface=org.freedesktop.DBus; member=NameLost
   string ":1.199"
signal time=1788729217.547052 sender=org.freedesktop.DBus -> destination=(null destination) serial=398 path=/org/freedesktop/DBus; interface=org.freedesktop.DBus; member=NameOwnerChanged
   string ":1.199"
   string ":1.199"
   string ""
signal time=1788729217.547234 sender=:1.2 -> destination=(null destination) serial=232 path=/org/a11y/atspi/registry; interface=org.a11y.atspi.Registry; member=EventListenerDeregistered
   string ":1.199"
   string ""
signal time=1788729217.551335 sender=org.freedesktop.DBus -> destination=(null destination) serial=399 path=/org/freedesktop/DBus; interface=org.freedesktop.DBus; member=NameOwnerChanged
   string ":1.200"
   string ""
   string ":1.200"
signal time=1788729217.551362 sender=org.freedesktop.DBus -> destination=:1.200 serial=2 path=/org/freedesktop/DBus; interface=org.freedesktop.DBus; member=NameAcquired
   string ":1.200"
signal time=1788729217.552414 sender=org.freedesktop.DBus -> destination=:1.200 serial=3 path=/org/freedesktop/DBus; interface=org.freedesktop.DBus; member=NameLost
   string ":1.200"
signal time=1788729217.552428 sender=org.freedesktop.DBus -> destination=(null destination) serial=400 path=/org/freedesktop/DBus; interface=org.freedesktop.DBus; member=NameOwnerChanged
   string ":1.200"
   string ":1.200"
   string ""
signal time=1788729217.552513 sender=:1.2 -> destination=(null destination) serial=233 path=/org/a11y/atspi/registry; interface=org.a11y.atspi.Registry; member=EventListenerDeregistered
   string ":1.200"
   string ""
signal time=1788729217.556654 sender=org.freedesktop.DBus -> destination=(null destination) serial=401 path=/org/freedesktop/DBus; interface=org.freedesktop.DBus; member=NameOwnerChanged
   string ":1.201"
   string ""
   string ":1.201"
signal time=1788729217.556719 sender=org.freedesktop.DBus -> destination=:1.201 serial=2 path=/org/freedesktop/DBus; interface=org.freedesktop.DBus; member=NameAcquired
   string ":1.201"
signal time=1788729217.558438 sender=org.freedesktop.DBus -> destination=:1.201 serial=3 path=/org/freedesktop/DBus; interface=org.freedesktop.DBus; member=NameLost
   string ":1.201"
signal time=1788729217.558471 sender=org.freedesktop.DBus -> destination=(null destination) serial=402 path=/org/freedesktop/DBus; interface=org.freedesktop.DBus; member=NameOwnerChanged
   string ":1.201"
   string ":1.201"
   string ""
signal time=1788729217.558515 sender=:1.2 -> destination=(null destination) serial=234 path=/org/a11y/atspi/registry; interface=org.a11y.atspi.Registry; member=EventListenerDeregistered
   string ":1.201"
   string ""
signal time=1788729217.562721 sender=org.freedesktop.DBus -> destination=(null destination) serial=403 path=/org/freedesktop/DBus; interface=org.freedesktop.DBus; member=NameOwnerChanged
   string ":1.202"
   string ""
   string ":1.202"
signal time=1788729217.562752 sender=org.freedesktop.DBus -> destination=:1.202 serial=2 path=/org/freedesktop/DBus; interface=org.freedesktop.DBus; member=NameAcquired
   string ":1.202"
signal time=1788729217.563928 sender=org.freedesktop.DBus -> destination=:1.202 serial=3 path=/org/freedesktop/DBus; interface=org.freedesktop.DBus; member=NameLost
   string ":1.202"
signal time=1788729217.563961 sender=org.freedesktop.DBus -> destination=(null destination) serial=404 path=/org/freedesktop/DBus; interface=org.freedesktop.DBus; member=NameOwnerChanged
   string ":1.202"
   string ":1.202"
   string ""
signal time=1788729217.564074 sender=:1.2 -> destination=(null destination) serial=235 path=/org/a11y/atspi/registry; interface=org.a11y.atspi.Registry; member=EventListenerDeregistered
   string ":1.202"
   string ""
signal time=1788729217.568411 sender=org.freedesktop.DBus -> destination=(null destination) serial=405 path=/org/freedesktop/DBus; interface=org.freedesktop.DBus; member=NameOwnerChanged
   string ":1.203"
   string ""
   string ":1.203"
signal time=1788729217.568440 sender=org.freedesktop.DBus -> destination=:1.203 serial=2 path=/org/freedesktop/DBus; interface=org.freedesktop.DBus; member=NameAcquired
   string ":1.203"
signal time=1788729217.569975 sender=org.freedesktop.DBus -> destination=:1.203 serial=3 path=/org/freedesktop/DBus; interface=org.freedesktop.DBus; member=NameLost
   string ":1.203"
signal time=1788729217.570001 sender=org.freedesktop.DBus -> destination=(null destination) serial=406 path=/org/freedesktop/DBus; interface=org.freedesktop.DBus; member=NameOwnerChanged
   string ":1.203"
   string ":1.203"
   string ""
signal time=1788729217.570207 sender=:1.2 -> destination=(null destination) serial=236 path=/org/a11y/atspi/registry; interface=org.a11y.atspi.Registry; member=EventListenerDeregistered
   string ":1.203"
   string ""
signal time=1788729217.575771 sender=org.freedesktop.DBus -> destination=(null destination) serial=407 path=/org/freedesktop/DBus; interface=org.freedesktop.DBus; member=NameOwnerChanged
   string ":1.204"
   string ""
   string ":1.204"
signal time=1788729217.575834 sender=org.freedesktop.DBus -> destination=:1.204 serial=2 path=/org/freedesktop/DBus; interface=org.freedesktop.DBus; member=NameAcquired
   string ":1.204"
signal time=1788729217.577037 sender=org.freedesktop.DBus -> destination=:1.204 serial=3 path=/org/freedesktop/DBus; interface=org.freedesktop.DBus; member=NameLost
   string ":1.204"
signal time=1788729217.577061 sender=org.freedesktop.DBus -> destination=(null destination) serial=408 path=/org/freedesktop/DBus; interface=org.freedesktop.DBus; member=NameOwnerChanged
   string ":1.204"
   string ":1.204"
   string ""
signal time=1788729217.577143 sender=:1.2 -> destination=(null destination) serial=237 path=/org/a11y/atspi/registry; interface=org.a11y.atspi.Registry; member=EventListenerDeregistered
   string ":1.204"
   string ""
signal time=1788729217.586785 sender=org.freedesktop.DBus -> destination=(null destination) serial=409 path=/org/freedesktop/DBus; interface=org.freedesktop.DBus; member=NameOwnerChanged
   string ":1.205"
   string ""
   string ":1.205"
signal time=1788729217.586827 sender=org.freedesktop.DBus -> destination=:1.205 serial=2 path=/org/freedesktop/DBus; interface=org.freedesktop.DBus; member=NameAcquired
   string ":1.205"
signal time=1788729217.588384 sender=org.freedesktop.DBus -> destination=:1.205 serial=3 path=/org/freedesktop/DBus; interface=org.freedesktop.DBus; member=NameLost
   string ":1.205"
signal time=1788729217.588414 sender=org.freedesktop.DBus -> destination=(null destination) serial=410 path=/org/freedesktop/DBus; interface=org.freedesktop.DBus; member=NameOwnerChanged
   string ":1.205"
   string ":1.205"
   string ""
signal time=1788729217.588496 sender=:1.2 -> destination=(null destination) serial=238 path=/org/a11y/atspi/registry; interface=org.a11y.atspi.Registry; member=EventListenerDeregistered
   string ":1.205"
   string ""
signal time=1788729217.593029 sender=org.freedesktop.DBus -> destination=(null destination) serial=411 path=/org/freedesktop/DBus; interface=org.freedesktop.DBus; member=NameOwnerChanged
   string ":1.206"
   string ""
   string ":1.206"
signal time=1788729217.593071 sender=org.freedesktop.DBus -> destination=:1.206 serial=2 path=/org/freedesktop/DBus; interface=org.freedesktop.DBus; member=NameAcquired
   string ":1.206"
signal time=1788729217.594191 sender=org.freedesktop.DBus -> destination=:1.206 serial=3 path=/org/freedesktop/DBus; interface=org.freedesktop.DBus; member=NameLost
   string ":1.206"
signal time=1788729217.594226 sender=org.freedesktop.DBus -> destination=(null destination) serial=412 path=/org/freedesktop/DBus; interface=org.freedesktop.DBus; member=NameOwnerChanged
   string ":1.206"
   string ":1.206"
   string ""
signal time=1788729217.594304 sender=:1.2 -> destination=(null destination) serial=239 path=/org/a11y/atspi/registry; interface=org.a11y.atspi.Registry; member=EventListenerDeregistered
   string ":1.206"
   string ""
signal time=1788729217.598869 sender=org.freedesktop.DBus -> destination=(null destination) serial=413 path=/org/freedesktop/DBus; interface=org.freedesktop.DBus; member=NameOwnerChanged
   string ":1.207"
   string ""
   string ":1.207"
signal time=1788729217.598910 sender=org.freedesktop.DBus -> destination=:1.207 serial=2 path=/org/freedesktop/DBus; interface=org.freedesktop.DBus; member=NameAcquired
   string ":1.207"
signal time=1788729217.600371 sender=org.freedesktop.DBus -> destination=:1.207 serial=3 path=/org/freedesktop/DBus; interface=org.freedesktop.DBus; member=NameLost
   string ":1.207"
signal time=1788729217.600390 sender=org.freedesktop.DBus -> destination=(null destination) serial=414 path=/org/freedesktop/DBus; interface=org.freedesktop.DBus; member=NameOwnerChanged
   string ":1.207"
   string ":1.207"
   string ""
signal time=1788729217.600427 sender=:1.2 -> destination=(null destination) serial=240 path=/org/a11y/atspi/registry; interface=org.a11y.atspi.Registry; member=EventListenerDeregistered
   string ":1.207"
   string ""
signal time=1788729217.604775 sender=org.freedesktop.DBus -> destination=(null destination) serial=415 path=/org/freedesktop/DBus; interface=org.freedesktop.DBus; member=NameOwnerChanged
   string ":1.208"
   string ""
   string ":1.208"
signal time=1788729217.604830 sender=org.freedesktop.DBus -> destination=:1.208 serial=2 path=/org/freedesktop/DBus; interface=org.freedesktop.DBus; member=NameAcquired
   string ":1.208"
signal time=1788729217.606579 sender=org.freedesktop.DBus -> destination=:1.208 serial=3 path=/org/freedesktop/DBus; interface=org.freedesktop.DBus; member=NameLost
   string ":1.208"
signal time=1788729217.606616 sender=org.freedesktop.DBus -> destination=(null destination) serial=416 path=/org/freedesktop/DBus; interface=org.freedesktop.DBus; member=NameOwnerChanged
   string ":1.208"
   string ":1.208"
   string ""
signal time=1788729217.606712 sender=:1.2 -> destination=(null destination) serial=241 path=/org/a11y/atspi/registry; interface=org.a11y.atspi.Registry; member=EventListenerDeregistered
   string ":1.208"
   string ""
signal time=1788729217.611138 sender=org.freedesktop.DBus -> destination=(null destination) serial=417 path=/org/freedesktop/DBus; interface=org.freedesktop.DBus; member=NameOwnerChanged
   string ":1.209"
   string ""
   string ":1.209"
signal time=1788729217.611176 sender=org.freedesktop.DBus -> destination=:1.209 serial=2 path=/org/freedesktop/DBus; interface=org.freedesktop.DBus; member=NameAcquired
   string ":1.209"
signal time=1788729217.612701 sender=org.freedesktop.DBus -> destination=:1.209 serial=3 path=/org/freedesktop/DBus; interface=org.freedesktop.DBus; member=NameLost
   string ":1.209"
signal time=1788729217.612720 sender=org.freedesktop.DBus -> destination=(null destination) serial=418 path=/org/freedesktop/DBus; interface=org.freedesktop.DBus; member=NameOwnerChanged
   string ":1.209"
   string ":1.209"
   string ""
signal time=1788729217.612767 sender=:1.2 -> destination=(null destination) serial=242 path=/org/a11y/atspi/registry; interface=org.a11y.atspi.Registry; member=EventListenerDeregistered
   string ":1.209"
   string ""
signal time=1788729217.616881 sender=org.freedesktop.DBus -> destination=(null destination) serial=419 path=/org/freedesktop/DBus; interface=org.freedesktop.DBus; member=NameOwnerChanged
   string ":1.210"
   string ""
   string ":1.210"
signal time=1788729217.616908 sender=org.freedesktop.DBus -> destination=:1.210 serial=2 path=/org/freedesktop/DBus; interface=org.freedesktop.DBus; member=NameAcquired
   string ":1.210"
signal time=1788729217.618008 sender=org.freedesktop.DBus -> destination=:1.210 serial=3 path=/org/freedesktop/DBus; interface=org.freedesktop.DBus; member=NameLost
   string ":1.210"
signal time=1788729217.618027 sender=org.freedesktop.DBus -> destination=(null destination) serial=420 path=/org/freedesktop/DBus; interface=org.freedesktop.DBus; member=NameOwnerChanged
   string ":1.210"
   string ":1.210"
   string ""
signal time=1788729217.618171 sender=:1.2 -> destination=(null destination) serial=243 path=/org/a11y/atspi/registry; interface=org.a11y.atspi.Registry; member=EventListenerDeregistered
   string ":1.210"
   string ""
signal time=1788729217.622288 sender=org.freedesktop.DBus -> destination=(null destination) serial=421 path=/org/freedesktop/DBus; interface=org.freedesktop.DBus; member=NameOwnerChanged
   string ":1.211"
   string ""
   string ":1.211"
signal time=1788729217.622318 sender=org.freedesktop.DBus -> destination=:1.211 serial=2 path=/org/freedesktop/DBus; interface=org.freedesktop.DBus; member=NameAcquired
   string ":1.211"
signal time=1788729217.624227 sender=org.freedesktop.DBus -> destination=:1.211 serial=3 path=/org/freedesktop/DBus; interface=org.freedesktop.DBus; member=NameLost
   string ":1.211"
signal time=1788729217.624253 sender=org.freedesktop.DBus -> destination=(null destination) serial=422 path=/org/freedesktop/DBus; interface=org.freedesktop.DBus; member=NameOwnerChanged
   string ":1.211"
   string ":1.211"
   string ""
signal time=1788729217.624359 sender=:1.2 -> destination=(null destination) serial=244 path=/org/a11y/atspi/registry; interface=org.a11y.atspi.Registry; member=EventListenerDeregistered
   string ":1.211"
   string ""
signal time=1788729217.628744 sender=org.freedesktop.DBus -> destination=(null destination) serial=423 path=/org/freedesktop/DBus; interface=org.freedesktop.DBus; member=NameOwnerChanged
   string ":1.212"
   string ""
   string ":1.212"
signal time=1788729217.628783 sender=org.freedesktop.DBus -> destination=:1.212 serial=2 path=/org/freedesktop/DBus; interface=org.freedesktop.DBus; member=NameAcquired
   string ":1.212"
signal time=1788729217.630455 sender=org.freedesktop.DBus -> destination=:1.212 serial=3 path=/org/freedesktop/DBus; interface=org.freedesktop.DBus; member=NameLost
   string ":1.212"
signal time=1788729217.630476 sender=org.freedesktop.DBus -> destination=(null destination) serial=424 path=/org/freedesktop/DBus; interface=org.freedesktop.DBus; member=NameOwnerChanged
   string ":1.212"
   string ":1.212"
   string ""
signal time=1788729217.630613 sender=:1.2 -> destination=(null destination) serial=245 path=/org/a11y/atspi/registry; interface=org.a11y.atspi.Registry; member=EventListenerDeregistered
   string ":1.212"
   string ""
signal time=1788729217.634785 sender=org.freedesktop.DBus -> destination=(null destination) serial=425 path=/org/freedesktop/DBus; interface=org.freedesktop.DBus; member=NameOwnerChanged
   string ":1.213"
   string ""
   string ":1.213"
signal time=1788729217.634817 sender=org.freedesktop.DBus -> destination=:1.213 serial=2 path=/org/freedesktop/DBus; interface=org.freedesktop.DBus; member=NameAcquired
   string ":1.213"
signal time=1788729217.636267 sender=org.freedesktop.DBus -> destination=:1.213 serial=3 path=/org/freedesktop/DBus; interface=org.freedesktop.DBus; member=NameLost
   string ":1.213"
signal time=1788729217.636303 sender=org.freedesktop.DBus -> destination=(null destination) serial=426 path=/org/freedesktop/DBus; interface=org.freedesktop.DBus; member=NameOwnerChanged
   string ":1.213"
   string ":1.213"
   string ""
signal time=1788729217.636386 sender=:1.2 -> destination=(null destination) serial=246 path=/org/a11y/atspi/registry; interface=org.a11y.atspi.Registry; member=EventListenerDeregistered
   string ":1.213"
   string ""
signal time=1788729217.641554 sender=org.freedesktop.DBus -> destination=(null destination) serial=427 path=/org/freedesktop/DBus; interface=org.freedesktop.DBus; member=NameOwnerChanged
   string ":1.214"
   string ""
   string ":1.214"
signal time=1788729217.641616 sender=org.freedesktop.DBus -> destination=:1.214 serial=2 path=/org/freedesktop/DBus; interface=org.freedesktop.DBus; member=NameAcquired
   string ":1.214"
signal time=1788729217.642469 sender=org.freedesktop.DBus -> destination=:1.214 serial=3 path=/org/freedesktop/DBus; interface=org.freedesktop.DBus; member=NameLost
   string ":1.214"
signal time=1788729217.642485 sender=org.freedesktop.DBus -> destination=(null destination) serial=428 path=/org/freedesktop/DBus; interface=org.freedesktop.DBus; member=NameOwnerChanged
   string ":1.214"
   string ":1.214"
   string ""
signal time=1788729217.642615 sender=:1.2 -> destination=(null destination) serial=247 path=/org/a11y/atspi/registry; interface=org.a11y.atspi.Registry; member=EventListenerDeregistered
   string ":1.214"
   string ""
signal time=1788729217.647320 sender=org.freedesktop.DBus -> destination=(null destination) serial=429 path=/org/freedesktop/DBus; interface=org.freedesktop.DBus; member=NameOwnerChanged
   string ":1.215"
   string ""
   string ":1.215"
signal time=1788729217.647350 sender=org.freedesktop.DBus -> destination=:1.215 serial=2 path=/org/freedesktop/DBus; interface=org.freedesktop.DBus; member=NameAcquired
   string ":1.215"
signal time=1788729217.648592 sender=org.freedesktop.DBus -> destination=:1.215 serial=3 path=/org/freedesktop/DBus; interface=org.freedesktop.DBus; member=NameLost
   string ":1.215"
signal time=1788729217.648610 sender=org.freedesktop.DBus -> destination=(null destination) serial=430 path=/org/freedesktop/DBus; interface=org.freedesktop.DBus; member=NameOwnerChanged
   string ":1.215"
   string ":1.215"
   string ""
signal time=1788729217.648695 sender=:1.2 -> destination=(null destination) serial=248 path=/org/a11y/atspi/registry; interface=org.a11y.atspi.Registry; member=EventListenerDeregistered
   string ":1.215"
   string ""
signal time=1788729217.652986 sender=org.freedesktop.DBus -> destination=(null destination) serial=431 path=/org/freedesktop/DBus; interface=org.freedesktop.DBus; member=NameOwnerChanged
   string ":1.216"
   string ""
   string ":1.216"
signal time=1788729217.653013 sender=org.freedesktop.DBus -> destination=:1.216 serial=2 path=/org/freedesktop/DBus; interface=org.freedesktop.DBus; member=NameAcquired
   string ":1.216"
signal time=1788729217.654703 sender=org.freedesktop.DBus -> destination=:1.216 serial=3 path=/org/freedesktop/DBus; interface=org.freedesktop.DBus; member=NameLost
   string ":1.216"
signal time=1788729217.654727 sender=org.freedesktop.DBus -> destination=(null destination) serial=432 path=/org/freedesktop/DBus; interface=org.freedesktop.DBus; member=NameOwnerChanged
   string ":1.216"
   string ":1.216"
   string ""
signal time=1788729217.654875 sender=:1.2 -> destination=(null destination) serial=249 path=/org/a11y/atspi/registry; interface=org.a11y.atspi.Registry; member=EventListenerDeregistered
   string ":1.216"
   string ""
signal time=1788729217.659333 sender=org.freedesktop.DBus -> destination=(null destination) serial=433 path=/org/freedesktop/DBus; interface=org.freedesktop.DBus; member=NameOwnerChanged
   string ":1.217"
   string ""
   string ":1.217"
signal time=1788729217.659369 sender=org.freedesktop.DBus -> destination=:1.217 serial=2 path=/org/freedesktop/DBus; interface=org.freedesktop.DBus; member=NameAcquired
   string ":1.217"
signal time=1788729217.661088 sender=org.freedesktop.DBus -> destination=:1.217 serial=3 path=/org/freedesktop/DBus; interface=org.freedesktop.DBus; member=NameLost
   string ":1.217"
signal time=1788729217.661113 sender=org.freedesktop.DBus -> destination=(null destination) serial=434 path=/org/freedesktop/DBus; interface=org.freedesktop.DBus; member=NameOwnerChanged
   string ":1.217"
   string ":1.217"
   string ""
signal time=1788729217.661212 sender=:1.2 -> destination=(null destination) serial=250 path=/org/a11y/atspi/registry; interface=org.a11y.atspi.Registry; member=EventListenerDeregistered
   string ":1.217"
   string ""
signal time=1788729217.665354 sender=org.freedesktop.DBus -> destination=(null destination) serial=435 path=/org/freedesktop/DBus; interface=org.freedesktop.DBus; member=NameOwnerChanged
   string ":1.218"
   string ""
   string ":1.218"
signal time=1788729217.665389 sender=org.freedesktop.DBus -> destination=:1.218 serial=2 path=/org/freedesktop/DBus; interface=org.freedesktop.DBus; member=NameAcquired
   string ":1.218"
signal time=1788729217.666963 sender=org.freedesktop.DBus -> destination=:1.218 serial=3 path=/org/freedesktop/DBus; interface=org.freedesktop.DBus; member=NameLost
   string ":1.218"
signal time=1788729217.666983 sender=org.freedesktop.DBus -> destination=(null destination) serial=436 path=/org/freedesktop/DBus; interface=org.freedesktop.DBus; member=NameOwnerChanged
   string ":1.218"
   string ":1.218"
   string ""
signal time=1788729217.667114 sender=:1.2 -> destination=(null destination) serial=251 path=/org/a11y/atspi/registry; interface=org.a11y.atspi.Registry; member=EventListenerDeregistered
   string ":1.218"
   string ""
signal time=1788729217.671326 sender=org.freedesktop.DBus -> destination=(null destination) serial=437 path=/org/freedesktop/DBus; interface=org.freedesktop.DBus; member=NameOwnerChanged
   string ":1.219"
   string ""
   string ":1.219"
signal time=1788729217.671366 sender=org.freedesktop.DBus -> destination=:1.219 serial=2 path=/org/freedesktop/DBus; interface=org.freedesktop.DBus; member=NameAcquired
   string ":1.219"
signal time=1788729217.673157 sender=org.freedesktop.DBus -> destination=:1.219 serial=3 path=/org/freedesktop/DBus; interface=org.freedesktop.DBus; member=NameLost
   string ":1.219"
signal time=1788729217.673194 sender=org.freedesktop.DBus -> destination=(null destination) serial=438 path=/org/freedesktop/DBus; interface=org.freedesktop.DBus; member=NameOwnerChanged
   string ":1.219"
   string ":1.219"
   string ""
signal time=1788729217.673282 sender=:1.2 -> destination=(null destination) serial=252 path=/org/a11y/atspi/registry; interface=org.a11y.atspi.Registry; member=EventListenerDeregistered
   string ":1.219"
   string ""
signal time=1788729217.677791 sender=org.freedesktop.DBus -> destination=(null destination) serial=439 path=/org/freedesktop/DBus; interface=org.freedesktop.DBus; member=NameOwnerChanged
   string ":1.220"
   string ""
   string ":1.220"
signal time=1788729217.677828 sender=org.freedesktop.DBus -> destination=:1.220 serial=2 path=/org/freedesktop/DBus; interface=org.freedesktop.DBus; member=NameAcquired
   string ":1.220"
signal time=1788729217.679510 sender=org.freedesktop.DBus -> destination=:1.220 serial=3 path=/org/freedesktop/DBus; interface=org.freedesktop.DBus; member=NameLost
   string ":1.220"
signal time=1788729217.679529 sender=org.freedesktop.DBus -> destination=(null destination) serial=440 path=/org/freedesktop/DBus; interface=org.freedesktop.DBus; member=NameOwnerChanged
   string ":1.220"
   string ":1.220"
   string ""
signal time=1788729217.679607 sender=:1.2 -> destination=(null destination) serial=253 path=/org/a11y/atspi/registry; interface=org.a11y.atspi.Registry; member=EventListenerDeregistered
   string ":1.220"
   string ""
signal time=1788729217.684073 sender=org.freedesktop.DBus -> destination=(null destination) serial=441 path=/org/freedesktop/DBus; interface=org.freedesktop.DBus; member=NameOwnerChanged
   string ":1.221"
   string ""
   string ":1.221"
signal time=1788729217.684107 sender=org.freedesktop.DBus -> destination=:1.221 serial=2 path=/org/freedesktop/DBus; interface=org.freedesktop.DBus; member=NameAcquired
   string ":1.221"
signal time=1788729217.685158 sender=org.freedesktop.DBus -> destination=:1.221 serial=3 path=/org/freedesktop/DBus; interface=org.freedesktop.DBus; member=NameLost
   string ":1.221"
signal time=1788729217.685175 sender=org.freedesktop.DBus -> destination=(null destination) serial=442 path=/org/freedesktop/DBus; interface=org.freedesktop.DBus; member=NameOwnerChanged
   string ":1.221"
   string ":1.221"
   string ""
signal time=1788729217.685269 sender=:1.2 -> destination=(null destination) serial=254 path=/org/a11y/atspi/registry; interface=org.a11y.atspi.Registry; member=EventListenerDeregistered
   string ":1.221"
   string ""
signal time=1788729217.689672 sender=org.freedesktop.DBus -> destination=(null destination) serial=443 path=/org/freedesktop/DBus; interface=org.freedesktop.DBus; member=NameOwnerChanged
   string ":1.222"
   string ""
   string ":1.222"
signal time=1788729217.689704 sender=org.freedesktop.DBus -> destination=:1.222 serial=2 path=/org/freedesktop/DBus; interface=org.freedesktop.DBus; member=NameAcquired
   string ":1.222"
signal time=1788729217.691638 sender=org.freedesktop.DBus -> destination=:1.222 serial=3 path=/org/freedesktop/DBus; interface=org.freedesktop.DBus; member=NameLost
   string ":1.222"
signal time=1788729217.691664 sender=org.freedesktop.DBus -> destination=(null destination) serial=444 path=/org/freedesktop/DBus; interface=org.freedesktop.DBus; member=NameOwnerChanged
   string ":1.222"
   string ":1.222"
   string ""
signal time=1788729217.691762 sender=:1.2 -> destination=(null destination) serial=255 path=/org/a11y/atspi/registry; interface=org.a11y.atspi.Registry; member=EventListenerDeregistered
   string ":1.222"
   string ""
signal time=1788729217.696207 sender=org.freedesktop.DBus -> destination=(null destination) serial=445 path=/org/freedesktop/DBus; interface=org.freedesktop.DBus; member=NameOwnerChanged
   string ":1.223"
   string ""
   string ":1.223"
signal time=1788729217.696240 sender=org.freedesktop.DBus -> destination=:1.223 serial=2 path=/org/freedesktop/DBus; interface=org.freedesktop.DBus; member=NameAcquired
   string ":1.223"
signal time=1788729217.697562 sender=org.freedesktop.DBus -> destination=:1.223 serial=3 path=/org/freedesktop/DBus; interface=org.freedesktop.DBus; member=NameLost
   string ":1.223"
signal time=1788729217.697741 sender=org.freedesktop.DBus -> destination=(null destination) serial=446 path=/org/freedesktop/DBus; interface=org.freedesktop.DBus; member=NameOwnerChanged
   string ":1.223"
   string ":1.223"
   string ""
signal time=1788729217.697776 sender=:1.2 -> destination=(null destination) serial=256 path=/org/a11y/atspi/registry; interface=org.a11y.atspi.Registry; member=EventListenerDeregistered
   string ":1.223"
   string ""
signal time=1788729217.701977 sender=org.freedesktop.DBus -> destination=(null destination) serial=447 path=/org/freedesktop/DBus; interface=org.freedesktop.DBus; member=NameOwnerChanged
   string ":1.224"
   string ""
   string ":1.224"
signal time=1788729217.702009 sender=org.freedesktop.DBus -> destination=:1.224 serial=2 path=/org/freedesktop/DBus; interface=org.freedesktop.DBus; member=NameAcquired
   string ":1.224"
signal time=1788729217.703482 sender=org.freedesktop.DBus -> destination=:1.224 serial=3 path=/org/freedesktop/DBus; interface=org.freedesktop.DBus; member=NameLost
   string ":1.224"
signal time=1788729217.703506 sender=org.freedesktop.DBus -> destination=(null destination) serial=448 path=/org/freedesktop/DBus; interface=org.freedesktop.DBus; member=NameOwnerChanged
   string ":1.224"
   string ":1.224"
   string ""
signal time=1788729217.703660 sender=:1.2 -> destination=(null destination) serial=257 path=/org/a11y/atspi/registry; interface=org.a11y.atspi.Registry; member=EventListenerDeregistered
   string ":1.224"
   string ""
signal time=1788729217.708943 sender=org.freedesktop.DBus -> destination=(null destination) serial=449 path=/org/freedesktop/DBus; interface=org.freedesktop.DBus; member=NameOwnerChanged
   string ":1.225"
   string ""
   string ":1.225"
signal time=1788729217.708984 sender=org.freedesktop.DBus -> destination=:1.225 serial=2 path=/org/freedesktop/DBus; interface=org.freedesktop.DBus; member=NameAcquired
   string ":1.225"
signal time=1788729217.710170 sender=org.freedesktop.DBus -> destination=:1.225 serial=3 path=/org/freedesktop/DBus; interface=org.freedesktop.DBus; member=NameLost
   string ":1.225"
signal time=1788729217.710190 sender=org.freedesktop.DBus -> destination=(null destination) serial=450 path=/org/freedesktop/DBus; interface=org.freedesktop.DBus; member=NameOwnerChanged
   string ":1.225"
   string ":1.225"
   string ""
signal time=1788729217.710273 sender=:1.2 -> destination=(null destination) serial=258 path=/org/a11y/atspi/registry; interface=org.a11y.atspi.Registry; member=EventListenerDeregistered
   string ":1.225"
   string ""
signal time=1788729217.714736 sender=org.freedesktop.DBus -> destination=(null destination) serial=451 path=/org/freedesktop/DBus; interface=org.freedesktop.DBus; member=NameOwnerChanged
   string ":1.226"
   string ""
   string ":1.226"
signal time=1788729217.714767 sender=org.freedesktop.DBus -> destination=:1.226 serial=2 path=/org/freedesktop/DBus; interface=org.freedesktop.DBus; member=NameAcquired
   string ":1.226"
signal time=1788729217.716452 sender=org.freedesktop.DBus -> destination=:1.226 serial=3 path=/org/freedesktop/DBus; interface=org.freedesktop.DBus; member=NameLost
   string ":1.226"
signal time=1788729217.716472 sender=org.freedesktop.DBus -> destination=(null destination) serial=452 path=/org/freedesktop/DBus; interface=org.freedesktop.DBus; member=NameOwnerChanged
   string ":1.226"
   string ":1.226"
   string ""
signal time=1788729217.716509 sender=:1.2 -> destination=(null destination) serial=259 path=/org/a11y/atspi/registry; interface=org.a11y.atspi.Registry; member=EventListenerDeregistered
   string ":1.226"
   string ""
signal time=1788729217.720564 sender=org.freedesktop.DBus -> destination=(null destination) serial=453 path=/org/freedesktop/DBus; interface=org.freedesktop.DBus; member=NameOwnerChanged
   string ":1.227"
   string ""
   string ":1.227"
signal time=1788729217.720605 sender=org.freedesktop.DBus -> destination=:1.227 serial=2 path=/org/freedesktop/DBus; interface=org.freedesktop.DBus; member=NameAcquired
   string ":1.227"
signal time=1788729217.721878 sender=org.freedesktop.DBus -> destination=:1.227 serial=3 path=/org/freedesktop/DBus; interface=org.freedesktop.DBus; member=NameLost
   string ":1.227"
signal time=1788729217.721903 sender=org.freedesktop.DBus -> destination=(null destination) serial=454 path=/org/freedesktop/DBus; interface=org.freedesktop.DBus; member=NameOwnerChanged
   string ":1.227"
   string ":1.227"
   string ""
signal time=1788729217.722013 sender=:1.2 -> destination=(null destination) serial=260 path=/org/a11y/atspi/registry; interface=org.a11y.atspi.Registry; member=EventListenerDeregistered
   string ":1.227"
   string ""
signal time=1788729217.726808 sender=org.freedesktop.DBus -> destination=(null destination) serial=455 path=/org/freedesktop/DBus; interface=org.freedesktop.DBus; member=NameOwnerChanged
   string ":1.228"
   string ""
   string ":1.228"
signal time=1788729217.726844 sender=org.freedesktop.DBus -> destination=:1.228 serial=2 path=/org/freedesktop/DBus; interface=org.freedesktop.DBus; member=NameAcquired
   string ":1.228"
signal time=1788729217.728677 sender=org.freedesktop.DBus -> destination=:1.228 serial=3 path=/org/freedesktop/DBus; interface=org.freedesktop.DBus; member=NameLost
   string ":1.228"
signal time=1788729217.728703 sender=org.freedesktop.DBus -> destination=(null destination) serial=456 path=/org/freedesktop/DBus; interface=org.freedesktop.DBus; member=NameOwnerChanged
   string ":1.228"
   string ":1.228"
   string ""
signal time=1788729217.728727 sender=:1.2 -> destination=(null destination) serial=261 path=/org/a11y/atspi/registry; interface=org.a11y.atspi.Registry; member=EventListenerDeregistered
   string ":1.228"
   string ""
signal time=1788729217.733736 sender=org.freedesktop.DBus -> destination=(null destination) serial=457 path=/org/freedesktop/DBus; interface=org.freedesktop.DBus; member=NameOwnerChanged
   string ":1.229"
   string ""
   string ":1.229"
signal time=1788729217.733769 sender=org.freedesktop.DBus -> destination=:1.229 serial=2 path=/org/freedesktop/DBus; interface=org.freedesktop.DBus; member=NameAcquired
   string ":1.229"
signal time=1788729217.735336 sender=org.freedesktop.DBus -> destination=:1.229 serial=3 path=/org/freedesktop/DBus; interface=org.freedesktop.DBus; member=NameLost
   string ":1.229"
signal time=1788729217.735361 sender=org.freedesktop.DBus -> destination=(null destination) serial=458 path=/org/freedesktop/DBus; interface=org.freedesktop.DBus; member=NameOwnerChanged
   string ":1.229"
   string ":1.229"
   string ""
signal time=1788729217.735507 sender=:1.2 -> destination=(null destination) serial=262 path=/org/a11y/atspi/registry; interface=org.a11y.atspi.Registry; member=EventListenerDeregistered
   string ":1.229"
   string ""
signal time=1788729217.740943 sender=org.freedesktop.DBus -> destination=(null destination) serial=459 path=/org/freedesktop/DBus; interface=org.freedesktop.DBus; member=NameOwnerChanged
   string ":1.230"
   string ""
   string ":1.230"
signal time=1788729217.740977 sender=org.freedesktop.DBus -> destination=:1.230 serial=2 path=/org/freedesktop/DBus; interface=org.freedesktop.DBus; member=NameAcquired
   string ":1.230"
signal time=1788729217.742658 sender=org.freedesktop.DBus -> destination=:1.230 serial=3 path=/org/freedesktop/DBus; interface=org.freedesktop.DBus; member=NameLost
   string ":1.230"
signal time=1788729217.742681 sender=org.freedesktop.DBus -> destination=(null destination) serial=460 path=/org/freedesktop/DBus; interface=org.freedesktop.DBus; member=NameOwnerChanged
   string ":1.230"
   string ":1.230"
   string ""
signal time=1788729217.742778 sender=:1.2 -> destination=(null destination) serial=263 path=/org/a11y/atspi/registry; interface=org.a11y.atspi.Registry; member=EventListenerDeregistered
   string ":1.230"
   string ""
signal time=1788729217.747014 sender=org.freedesktop.DBus -> destination=(null destination) serial=461 path=/org/freedesktop/DBus; interface=org.freedesktop.DBus; member=NameOwnerChanged
   string ":1.231"
   string ""
   string ":1.231"
signal time=1788729217.747048 sender=org.freedesktop.DBus -> destination=:1.231 serial=2 path=/org/freedesktop/DBus; interface=org.freedesktop.DBus; member=NameAcquired
   string ":1.231"
signal time=1788729217.748357 sender=org.freedesktop.DBus -> destination=:1.231 serial=3 path=/org/freedesktop/DBus; interface=org.freedesktop.DBus; member=NameLost
   string ":1.231"
signal time=1788729217.748377 sender=org.freedesktop.DBus -> destination=(null destination) serial=462 path=/org/freedesktop/DBus; interface=org.freedesktop.DBus; member=NameOwnerChanged
   string ":1.231"
   string ":1.231"
   string ""
signal time=1788729217.748499 sender=:1.2 -> destination=(null destination) serial=264 path=/org/a11y/atspi/registry; interface=org.a11y.atspi.Registry; member=EventListenerDeregistered
   string ":1.231"
   string ""
signal time=1788729217.752797 sender=org.freedesktop.DBus -> destination=(null destination) serial=463 path=/org/freedesktop/DBus; interface=org.freedesktop.DBus; member=NameOwnerChanged
   string ":1.232"
   string ""
   string ":1.232"
signal time=1788729217.752825 sender=org.freedesktop.DBus -> destination=:1.232 serial=2 path=/org/freedesktop/DBus; interface=org.freedesktop.DBus; member=NameAcquired
   string ":1.232"
signal time=1788729217.754421 sender=org.freedesktop.DBus -> destination=:1.232 serial=3 path=/org/freedesktop/DBus; interface=org.freedesktop.DBus; member=NameLost
   string ":1.232"
signal time=1788729217.754445 sender=org.freedesktop.DBus -> destination=(null destination) serial=464 path=/org/freedesktop/DBus; interface=org.freedesktop.DBus; member=NameOwnerChanged
   string ":1.232"
   string ":1.232"
   string ""
signal time=1788729217.754467 sender=:1.2 -> destination=(null destination) serial=265 path=/org/a11y/atspi/registry; interface=org.a11y.atspi.Registry; member=EventListenerDeregistered
   string ":1.232"
   string ""
signal time=1788729217.758972 sender=org.freedesktop.DBus -> destination=(null destination) serial=465 path=/org/freedesktop/DBus; interface=org.freedesktop.DBus; member=NameOwnerChanged
   string ":1.233"
   string ""
   string ":1.233"
signal time=1788729217.759015 sender=org.freedesktop.DBus -> destination=:1.233 serial=2 path=/org/freedesktop/DBus; interface=org.freedesktop.DBus; member=NameAcquired
   string ":1.233"
signal time=1788729217.760634 sender=org.freedesktop.DBus -> destination=:1.233 serial=3 path=/org/freedesktop/DBus; interface=org.freedesktop.DBus; member=NameLost
   string ":1.233"
signal time=1788729217.760656 sender=org.freedesktop.DBus -> destination=(null destination) serial=466 path=/org/freedesktop/DBus; interface=org.freedesktop.DBus; member=NameOwnerChanged
   string ":1.233"
   string ":1.233"
   string ""
signal time=1788729217.760677 sender=:1.2 -> destination=(null destination) serial=266 path=/org/a11y/atspi/registry; interface=org.a11y.atspi.Registry; member=EventListenerDeregistered
   string ":1.233"
   string ""
signal time=1788729217.764944 sender=org.freedesktop.DBus -> destination=(null destination) serial=467 path=/org/freedesktop/DBus; interface=org.freedesktop.DBus; member=NameOwnerChanged
   string ":1.234"
   string ""
   string ":1.234"
signal time=1788729217.764976 sender=org.freedesktop.DBus -> destination=:1.234 serial=2 path=/org/freedesktop/DBus; interface=org.freedesktop.DBus; member=NameAcquired
   string ":1.234"
signal time=1788729217.766421 sender=org.freedesktop.DBus -> destination=:1.234 serial=3 path=/org/freedesktop/DBus; interface=org.freedesktop.DBus; member=NameLost
   string ":1.234"
signal time=1788729217.766445 sender=org.freedesktop.DBus -> destination=(null destination) serial=468 path=/org/freedesktop/DBus; interface=org.freedesktop.DBus; member=NameOwnerChanged
   string ":1.234"
   string ":1.234"
   string ""
signal time=1788729217.766573 sender=:1.2 -> destination=(null destination) serial=267 path=/org/a11y/atspi/registry; interface=org.a11y.atspi.Registry; member=EventListenerDeregistered
   string ":1.234"
   string ""
signal time=1788729217.771137 sender=org.freedesktop.DBus -> destination=(null destination) serial=469 path=/org/freedesktop/DBus; interface=org.freedesktop.DBus; member=NameOwnerChanged
   string ":1.235"
   string ""
   string ":1.235"
signal time=1788729217.771185 sender=org.freedesktop.DBus -> destination=:1.235 serial=2 path=/org/freedesktop/DBus; interface=org.freedesktop.DBus; member=NameAcquired
   string ":1.235"
signal time=1788729217.772807 sender=org.freedesktop.DBus -> destination=:1.235 serial=3 path=/org/freedesktop/DBus; interface=org.freedesktop.DBus; member=NameLost
   string ":1.235"
signal time=1788729217.772837 sender=org.freedesktop.DBus -> destination=(null destination) serial=470 path=/org/freedesktop/DBus; interface=org.freedesktop.DBus; member=NameOwnerChanged
   string ":1.235"
   string ":1.235"
   string ""
signal time=1788729217.772883 sender=:1.2 -> destination=(null destination) serial=268 path=/org/a11y/atspi/registry; interface=org.a11y.atspi.Registry; member=EventListenerDeregistered
   string ":1.235"
   string ""
signal time=1788729217.777563 sender=org.freedesktop.DBus -> destination=(null destination) serial=471 path=/org/freedesktop/DBus; interface=org.freedesktop.DBus; member=NameOwnerChanged
   string ":1.236"
   string ""
   string ":1.236"
signal time=1788729217.777609 sender=org.freedesktop.DBus -> destination=:1.236 serial=2 path=/org/freedesktop/DBus; interface=org.freedesktop.DBus; member=NameAcquired
   string ":1.236"
signal time=1788729217.779267 sender=org.freedesktop.DBus -> destination=:1.236 serial=3 path=/org/freedesktop/DBus; interface=org.freedesktop.DBus; member=NameLost
   string ":1.236"
signal time=1788729217.779301 sender=org.freedesktop.DBus -> destination=(null destination) serial=472 path=/org/freedesktop/DBus; interface=org.freedesktop.DBus; member=NameOwnerChanged
   string ":1.236"
   string ":1.236"
   string ""
signal time=1788729217.779361 sender=:1.2 -> destination=(null destination) serial=269 path=/org/a11y/atspi/registry; interface=org.a11y.atspi.Registry; member=EventListenerDeregistered
   string ":1.236"
   string ""
signal time=1788729217.783680 sender=org.freedesktop.DBus -> destination=(null destination) serial=473 path=/org/freedesktop/DBus; interface=org.freedesktop.DBus; member=NameOwnerChanged
   string ":1.237"
   string ""
   string ":1.237"
signal time=1788729217.783707 sender=org.freedesktop.DBus -> destination=:1.237 serial=2 path=/org/freedesktop/DBus; interface=org.freedesktop.DBus; member=NameAcquired
   string ":1.237"
signal time=1788729217.785260 sender=org.freedesktop.DBus -> destination=:1.237 serial=3 path=/org/freedesktop/DBus; interface=org.freedesktop.DBus; member=NameLost
   string ":1.237"
signal time=1788729217.785280 sender=org.freedesktop.DBus -> destination=(null destination) serial=474 path=/org/freedesktop/DBus; interface=org.freedesktop.DBus; member=NameOwnerChanged
   string ":1.237"
   string ":1.237"
   string ""
signal time=1788729217.785376 sender=:1.2 -> destination=(null destination) serial=270 path=/org/a11y/atspi/registry; interface=org.a11y.atspi.Registry; member=EventListenerDeregistered
   string ":1.237"
   string ""
signal time=1788729217.789633 sender=org.freedesktop.DBus -> destination=(null destination) serial=475 path=/org/freedesktop/DBus; interface=org.freedesktop.DBus; member=NameOwnerChanged
   string ":1.238"
   string ""
   string ":1.238"
signal time=1788729217.789667 sender=org.freedesktop.DBus -> destination=:1.238 serial=2 path=/org/freedesktop/DBus; interface=org.freedesktop.DBus; member=NameAcquired
   string ":1.238"
signal time=1788729217.791554 sender=org.freedesktop.DBus -> destination=:1.238 serial=3 path=/org/freedesktop/DBus; interface=org.freedesktop.DBus; member=NameLost
   string ":1.238"
signal time=1788729217.791587 sender=org.freedesktop.DBus -> destination=(null destination) serial=476 path=/org/freedesktop/DBus; interface=org.freedesktop.DBus; member=NameOwnerChanged
   string ":1.238"
   string ":1.238"
   string ""
signal time=1788729217.791675 sender=:1.2 -> destination=(null destination) serial=271 path=/org/a11y/atspi/registry; interface=org.a11y.atspi.Registry; member=EventListenerDeregistered
   string ":1.238"
   string ""
signal time=1788729217.798426 sender=org.freedesktop.DBus -> destination=(null destination) serial=477 path=/org/freedesktop/DBus; interface=org.freedesktop.DBus; member=NameOwnerChanged
   string ":1.239"
   string ""
   string ":1.239"
signal time=1788729217.798464 sender=org.freedesktop.DBus -> destination=:1.239 serial=2 path=/org/freedesktop/DBus; interface=org.freedesktop.DBus; member=NameAcquired
   string ":1.239"
signal time=1788729217.800012 sender=org.freedesktop.DBus -> destination=:1.239 serial=3 path=/org/freedesktop/DBus; interface=org.freedesktop.DBus; member=NameLost
   string ":1.239"
signal time=1788729217.800029 sender=org.freedesktop.DBus -> destination=(null destination) serial=478 path=/org/freedesktop/DBus; interface=org.freedesktop.DBus; member=NameOwnerChanged
   string ":1.239"
   string ":1.239"
   string ""
signal time=1788729217.800175 sender=:1.2 -> destination=(null destination) serial=272 path=/org/a11y/atspi/registry; interface=org.a11y.atspi.Registry; member=EventListenerDeregistered
   string ":1.239"
   string ""
signal time=1788729217.805083 sender=org.freedesktop.DBus -> destination=(null destination) serial=479 path=/org/freedesktop/DBus; interface=org.freedesktop.DBus; member=NameOwnerChanged
   string ":1.240"
   string ""
   string ":1.240"
signal time=1788729217.805131 sender=org.freedesktop.DBus -> destination=:1.240 serial=2 path=/org/freedesktop/DBus; interface=org.freedesktop.DBus; member=NameAcquired
   string ":1.240"
signal time=1788729217.806988 sender=org.freedesktop.DBus -> destination=:1.240 serial=3 path=/org/freedesktop/DBus; interface=org.freedesktop.DBus; member=NameLost
   string ":1.240"
signal time=1788729217.807023 sender=org.freedesktop.DBus -> destination=(null destination) serial=480 path=/org/freedesktop/DBus; interface=org.freedesktop.DBus; member=NameOwnerChanged
   string ":1.240"
   string ":1.240"
   string ""
signal time=1788729217.807145 sender=:1.2 -> destination=(null destination) serial=273 path=/org/a11y/atspi/registry; interface=org.a11y.atspi.Registry; member=EventListenerDeregistered
   string ":1.240"
   string ""
signal time=1788729217.811403 sender=org.freedesktop.DBus -> destination=(null destination) serial=481 path=/org/freedesktop/DBus; interface=org.freedesktop.DBus; member=NameOwnerChanged
   string ":1.241"
   string ""
   string ":1.241"
signal time=1788729217.811435 sender=org.freedesktop.DBus -> destination=:1.241 serial=2 path=/org/freedesktop/DBus; interface=org.freedesktop.DBus; member=NameAcquired
   string ":1.241"
signal time=1788729217.812944 sender=org.freedesktop.DBus -> destination=:1.241 serial=3 path=/org/freedesktop/DBus; interface=org.freedesktop.DBus; member=NameLost
   string ":1.241"
signal time=1788729217.812964 sender=org.freedesktop.DBus -> destination=(null destination) serial=482 path=/org/freedesktop/DBus; interface=org.freedesktop.DBus; member=NameOwnerChanged
   string ":1.241"
   string ":1.241"
   string ""
signal time=1788729217.813133 sender=:1.2 -> destination=(null destination) serial=274 path=/org/a11y/atspi/registry; interface=org.a11y.atspi.Registry; member=EventListenerDeregistered
   string ":1.241"
   string ""
signal time=1788729217.817471 sender=org.freedesktop.DBus -> destination=(null destination) serial=483 path=/org/freedesktop/DBus; interface=org.freedesktop.DBus; member=NameOwnerChanged
   string ":1.242"
   string ""
   string ":1.242"
signal time=1788729217.817504 sender=org.freedesktop.DBus -> destination=:1.242 serial=2 path=/org/freedesktop/DBus; interface=org.freedesktop.DBus; member=NameAcquired
   string ":1.242"
signal time=1788729217.818824 sender=org.freedesktop.DBus -> destination=:1.242 serial=3 path=/org/freedesktop/DBus; interface=org.freedesktop.DBus; member=NameLost
   string ":1.242"
signal time=1788729217.818858 sender=org.freedesktop.DBus -> destination=(null destination) serial=484 path=/org/freedesktop/DBus; interface=org.freedesktop.DBus; member=NameOwnerChanged
   string ":1.242"
   string ":1.242"
   string ""
signal time=1788729217.818965 sender=:1.2 -> destination=(null destination) serial=275 path=/org/a11y/atspi/registry; interface=org.a11y.atspi.Registry; member=EventListenerDeregistered
   string ":1.242"
   string ""
signal time=1788729217.823896 sender=org.freedesktop.DBus -> destination=(null destination) serial=485 path=/org/freedesktop/DBus; interface=org.freedesktop.DBus; member=NameOwnerChanged
   string ":1.243"
   string ""
   string ":1.243"
signal time=1788729217.823931 sender=org.freedesktop.DBus -> destination=:1.243 serial=2 path=/org/freedesktop/DBus; interface=org.freedesktop.DBus; member=NameAcquired
   string ":1.243"
signal time=1788729217.825524 sender=org.freedesktop.DBus -> destination=:1.243 serial=3 path=/org/freedesktop/DBus; interface=org.freedesktop.DBus; member=NameLost
   string ":1.243"
signal time=1788729217.825557 sender=org.freedesktop.DBus -> destination=(null destination) serial=486 path=/org/freedesktop/DBus; interface=org.freedesktop.DBus; member=NameOwnerChanged
   string ":1.243"
   string ":1.243"
   string ""
signal time=1788729217.825706 sender=:1.2 -> destination=(null destination) serial=276 path=/org/a11y/atspi/registry; interface=org.a11y.atspi.Registry; member=EventListenerDeregistered
   string ":1.243"
   string ""
signal time=1788729217.829858 sender=org.freedesktop.DBus -> destination=(null destination) serial=487 path=/org/freedesktop/DBus; interface=org.freedesktop.DBus; member=NameOwnerChanged
   string ":1.244"
   string ""
   string ":1.244"
signal time=1788729217.829889 sender=org.freedesktop.DBus -> destination=:1.244 serial=2 path=/org/freedesktop/DBus; interface=org.freedesktop.DBus; member=NameAcquired
   string ":1.244"
signal time=1788729217.831498 sender=org.freedesktop.DBus -> destination=:1.244 serial=3 path=/org/freedesktop/DBus; interface=org.freedesktop.DBus; member=NameLost
   string ":1.244"
signal time=1788729217.831517 sender=org.freedesktop.DBus -> destination=(null destination) serial=488 path=/org/freedesktop/DBus; interface=org.freedesktop.DBus; member=NameOwnerChanged
   string ":1.244"
   string ":1.244"
   string ""
signal time=1788729217.831586 sender=:1.2 -> destination=(null destination) serial=277 path=/org/a11y/atspi/registry; interface=org.a11y.atspi.Registry; member=EventListenerDeregistered
   string ":1.244"
   string ""
signal time=1788729217.835843 sender=org.freedesktop.DBus -> destination=(null destination) serial=489 path=/org/freedesktop/DBus; interface=org.freedesktop.DBus; member=NameOwnerChanged
   string ":1.245"
   string ""
   string ":1.245"
signal time=1788729217.835904 sender=org.freedesktop.DBus -> destination=:1.245 serial=2 path=/org/freedesktop/DBus; interface=org.freedesktop.DBus; member=NameAcquired
   string ":1.245"
signal time=1788729217.838734 sender=org.freedesktop.DBus -> destination=:1.245 serial=3 path=/org/freedesktop/DBus; interface=org.freedesktop.DBus; member=NameLost
   string ":1.245"
signal time=1788729217.838788 sender=org.freedesktop.DBus -> destination=(null destination) serial=490 path=/org/freedesktop/DBus; interface=org.freedesktop.DBus; member=NameOwnerChanged
   string ":1.245"
   string ":1.245"
   string ""
signal time=1788729217.839039 sender=:1.2 -> destination=(null destination) serial=278 path=/org/a11y/atspi/registry; interface=org.a11y.atspi.Registry; member=EventListenerDeregistered
   string ":1.245"
   string ""
signal time=1788729217.843284 sender=org.freedesktop.DBus -> destination=(null destination) serial=491 path=/org/freedesktop/DBus; interface=org.freedesktop.DBus; member=NameOwnerChanged
   string ":1.246"
   string ""
   string ":1.246"
signal time=1788729217.843319 sender=org.freedesktop.DBus -> destination=:1.246 serial=2 path=/org/freedesktop/DBus; interface=org.freedesktop.DBus; member=NameAcquired
   string ":1.246"
signal time=1788729217.844962 sender=org.freedesktop.DBus -> destination=:1.246 serial=3 path=/org/freedesktop/DBus; interface=org.freedesktop.DBus; member=NameLost
   string ":1.246"
signal time=1788729217.844979 sender=org.freedesktop.DBus -> destination=(null destination) serial=492 path=/org/freedesktop/DBus; interface=org.freedesktop.DBus; member=NameOwnerChanged
   string ":1.246"
   string ":1.246"
   string ""
signal time=1788729217.845102 sender=:1.2 -> destination=(null destination) serial=279 path=/org/a11y/atspi/registry; interface=org.a11y.atspi.Registry; member=EventListenerDeregistered
   string ":1.246"
   string ""
signal time=1788729217.849235 sender=org.freedesktop.DBus -> destination=(null destination) serial=493 path=/org/freedesktop/DBus; interface=org.freedesktop.DBus; member=NameOwnerChanged
   string ":1.247"
   string ""
   string ":1.247"
signal time=1788729217.849265 sender=org.freedesktop.DBus -> destination=:1.247 serial=2 path=/org/freedesktop/DBus; interface=org.freedesktop.DBus; member=NameAcquired
   string ":1.247"
signal time=1788729217.850760 sender=org.freedesktop.DBus -> destination=:1.247 serial=3 path=/org/freedesktop/DBus; interface=org.freedesktop.DBus; member=NameLost
   string ":1.247"
signal time=1788729217.850776 sender=org.freedesktop.DBus -> destination=(null destination) serial=494 path=/org/freedesktop/DBus; interface=org.freedesktop.DBus; member=NameOwnerChanged
   string ":1.247"
   string ":1.247"
   string ""
signal time=1788729217.850879 sender=:1.2 -> destination=(null destination) serial=280 path=/org/a11y/atspi/registry; interface=org.a11y.atspi.Registry; member=EventListenerDeregistered
   string ":1.247"
   string ""
signal time=1788729217.854511 sender=org.freedesktop.DBus -> destination=(null destination) serial=495 path=/org/freedesktop/DBus; interface=org.freedesktop.DBus; member=NameOwnerChanged
   string ":1.248"
   string ""
   string ":1.248"
signal time=1788729217.854547 sender=org.freedesktop.DBus -> destination=:1.248 serial=2 path=/org/freedesktop/DBus; interface=org.freedesktop.DBus; member=NameAcquired
   string ":1.248"
signal time=1788729217.855963 sender=org.freedesktop.DBus -> destination=:1.248 serial=3 path=/org/freedesktop/DBus; interface=org.freedesktop.DBus; member=NameLost
   string ":1.248"
signal time=1788729217.855981 sender=org.freedesktop.DBus -> destination=(null destination) serial=496 path=/org/freedesktop/DBus; interface=org.freedesktop.DBus; member=NameOwnerChanged
   string ":1.248"
   string ":1.248"
   string ""
signal time=1788729217.856126 sender=:1.2 -> destination=(null destination) serial=281 path=/org/a11y/atspi/registry; interface=org.a11y.atspi.Registry; member=EventListenerDeregistered
   string ":1.248"
   string ""
signal time=1788729217.860826 sender=org.freedesktop.DBus -> destination=(null destination) serial=497 path=/org/freedesktop/DBus; interface=org.freedesktop.DBus; member=NameOwnerChanged
   string ":1.249"
   string ""
   string ":1.249"
signal time=1788729217.860863 sender=org.freedesktop.DBus -> destination=:1.249 serial=2 path=/org/freedesktop/DBus; interface=org.freedesktop.DBus; member=NameAcquired
   string ":1.249"
signal time=1788729217.862691 sender=org.freedesktop.DBus -> destination=:1.249 serial=3 path=/org/freedesktop/DBus; interface=org.freedesktop.DBus; member=NameLost
   string ":1.249"
signal time=1788729217.862733 sender=org.freedesktop.DBus -> destination=(null destination) serial=498 path=/org/freedesktop/DBus; interface=org.freedesktop.DBus; member=NameOwnerChanged
   string ":1.249"
   string ":1.249"
   string ""
signal time=1788729217.862845 sender=:1.2 -> destination=(null destination) serial=282 path=/org/a11y/atspi/registry; interface=org.a11y.atspi.Registry; member=EventListenerDeregistered
   string ":1.249"
   string ""
signal time=1788729217.866871 sender=org.freedesktop.DBus -> destination=(null destination) serial=499 path=/org/freedesktop/DBus; interface=org.freedesktop.DBus; member=NameOwnerChanged
   string ":1.250"
   string ""
   string ":1.250"
signal time=1788729217.866904 sender=org.freedesktop.DBus -> destination=:1.250 serial=2 path=/org/freedesktop/DBus; interface=org.freedesktop.DBus; member=NameAcquired
   string ":1.250"
signal time=1788729217.868709 sender=org.freedesktop.DBus -> destination=:1.250 serial=3 path=/org/freedesktop/DBus; interface=org.freedesktop.DBus; member=NameLost
   string ":1.250"
signal time=1788729217.868726 sender=org.freedesktop.DBus -> destination=(null destination) serial=500 path=/org/freedesktop/DBus; interface=org.freedesktop.DBus; member=NameOwnerChanged
   string ":1.250"
   string ":1.250"
   string ""
signal time=1788729217.868777 sender=:1.2 -> destination=(null destination) serial=283 path=/org/a11y/atspi/registry; interface=org.a11y.atspi.Registry; member=EventListenerDeregistered
   string ":1.250"
   string ""
signal time=1788729217.873472 sender=org.freedesktop.DBus -> destination=(null destination) serial=501 path=/org/freedesktop/DBus; interface=org.freedesktop.DBus; member=NameOwnerChanged
   string ":1.251"
   string ""
   string ":1.251"
signal time=1788729217.873540 sender=org.freedesktop.DBus -> destination=:1.251 serial=2 path=/org/freedesktop/DBus; interface=org.freedesktop.DBus; member=NameAcquired
   string ":1.251"
signal time=1788729217.875340 sender=org.freedesktop.DBus -> destination=:1.251 serial=3 path=/org/freedesktop/DBus; interface=org.freedesktop.DBus; member=NameLost
   string ":1.251"
signal time=1788729217.875383 sender=org.freedesktop.DBus -> destination=(null destination) serial=502 path=/org/freedesktop/DBus; interface=org.freedesktop.DBus; member=NameOwnerChanged
   string ":1.251"
   string ":1.251"
   string ""
signal time=1788729217.875570 sender=:1.2 -> destination=(null destination) serial=284 path=/org/a11y/atspi/registry; interface=org.a11y.atspi.Registry; member=EventListenerDeregistered
   string ":1.251"
   string ""
signal time=1788729217.879941 sender=org.freedesktop.DBus -> destination=(null destination) serial=503 path=/org/freedesktop/DBus; interface=org.freedesktop.DBus; member=NameOwnerChanged
   string ":1.252"
   string ""
   string ":1.252"
signal time=1788729217.879975 sender=org.freedesktop.DBus -> destination=:1.252 serial=2 path=/org/freedesktop/DBus; interface=org.freedesktop.DBus; member=NameAcquired
   string ":1.252"
signal time=1788729217.881579 sender=org.freedesktop.DBus -> destination=:1.252 serial=3 path=/org/freedesktop/DBus; interface=org.freedesktop.DBus; member=NameLost
   string ":1.252"
signal time=1788729217.881624 sender=org.freedesktop.DBus -> destination=(null destination) serial=504 path=/org/freedesktop/DBus; interface=org.freedesktop.DBus; member=NameOwnerChanged
   string ":1.252"
   string ":1.252"
   string ""
signal time=1788729217.881733 sender=:1.2 -> destination=(null destination) serial=285 path=/org/a11y/atspi/registry; interface=org.a11y.atspi.Registry; member=EventListenerDeregistered
   string ":1.252"
   string ""
signal time=1788729218.203085 sender=:1.1 -> destination=(null destination) serial=666 path=/org/a11y/atspi/accessible/menus/n6d656e753a56696577; interface=org.a11y.atspi.Event.Object; member=ChildrenChanged
   string "remove"
   int32 21
   int32 0
   variant       struct {
         string ":1.1"
         object path "/org/a11y/atspi/accessible/menus/n6d656e753a566965772f766965772e636f6e736f6c655f686973746f7279"
      }
   array [
   ]
signal time=1788729218.203183 sender=:1.1 -> destination=(null destination) serial=667 path=/org/a11y/atspi/accessible/menus/n6d656e753a56696577; interface=org.a11y.atspi.Event.Object; member=ChildrenChanged
   string "remove"
   int32 20
   int32 0
   variant       struct {
         string ":1.1"
         object path "/org/a11y/atspi/accessible/menus/n6d656e753a566965772f766965772e637572736f722e6e6f6e65"
      }
   array [
   ]
signal time=1788729218.203239 sender=:1.1 -> destination=(null destination) serial=668 path=/org/a11y/atspi/accessible/menus/n6d656e753a56696577; interface=org.a11y.atspi.Event.Object; member=ChildrenChanged
   string "remove"
   int32 19
   int32 0
   variant       struct {
         string ":1.1"
         object path "/org/a11y/atspi/accessible/menus/n6d656e753a566965772f766965772e637572736f722e736d616c6c"
      }
   array [
   ]
signal time=1788729218.203316 sender=:1.1 -> destination=(null destination) serial=669 path=/org/a11y/atspi/accessible/menus/n6d656e753a56696577; interface=org.a11y.atspi.Event.Object; member=ChildrenChanged
   string "remove"
   int32 18
   int32 0
   variant       struct {
         string ":1.1"
         object path "/org/a11y/atspi/accessible/menus/n6d656e753a566965772f766965772e637572736f722e66756c6c"
      }
   array [
   ]
signal time=1788729218.203369 sender=:1.1 -> destination=(null destination) serial=670 path=/org/a11y/atspi/accessible/menus/n6d656e753a56696577; interface=org.a11y.atspi.Event.Object; member=ChildrenChanged
   string "remove"
   int32 17
   int32 0
   variant       struct {
         string ":1.1"
         object path "/org/a11y/atspi/accessible/menus/n6d656e753a566965772f766965772e7072657365745f626f6172645f736368656d61746963"
      }
   array [
   ]
signal time=1788729218.203421 sender=:1.1 -> destination=(null destination) serial=671 path=/org/a11y/atspi/accessible/menus/n6d656e753a56696577; interface=org.a11y.atspi.Event.Object; member=ChildrenChanged
   string "remove"
   int32 16
   int32 0
   variant       struct {
         string ":1.1"
         object path "/org/a11y/atspi/accessible/menus/n6d656e753a566965772f766965772e7072657365745f73696e676c65"
      }
   array [
   ]
signal time=1788729218.203475 sender=:1.1 -> destination=(null destination) serial=672 path=/org/a11y/atspi/accessible/menus/n6d656e753a56696577; interface=org.a11y.atspi.Event.Object; member=ChildrenChanged
   string "remove"
   int32 15
   int32 0
   variant       struct {
         string ":1.1"
         object path "/org/a11y/atspi/accessible/menus/n6d656e753a566965772f766965772e66696c6c5f736368656d61746963"
      }
   array [
   ]
signal time=1788729218.203528 sender=:1.1 -> destination=(null destination) serial=673 path=/org/a11y/atspi/accessible/menus/n6d656e753a56696577; interface=org.a11y.atspi.Event.Object; member=ChildrenChanged
   string "remove"
   int32 14
   int32 0
   variant       struct {
         string ":1.1"
         object path "/org/a11y/atspi/accessible/menus/n6d656e753a566965772f766965772e66696c6c5f626f617264"
      }
   array [
   ]
signal time=1788729218.203582 sender=:1.1 -> destination=(null destination) serial=674 path=/org/a11y/atspi/accessible/menus/n6d656e753a56696577; interface=org.a11y.atspi.Event.Object; member=ChildrenChanged
   string "remove"
   int32 13
   int32 0
   variant       struct {
         string ":1.1"
         object path "/org/a11y/atspi/accessible/menus/n6d656e753a566965772f766965772e666f6375735f70726576"
      }
   array [
   ]
signal time=1788729218.203633 sender=:1.1 -> destination=(null destination) serial=675 path=/org/a11y/atspi/accessible/menus/n6d656e753a56696577; interface=org.a11y.atspi.Event.Object; member=ChildrenChanged
   string "remove"
   int32 12
   int32 0
   variant       struct {
         string ":1.1"
         object path "/org/a11y/atspi/accessible/menus/n6d656e753a566965772f766965772e666f6375735f6e657874"
      }
   array [
   ]
signal time=1788729218.203689 sender=:1.1 -> destination=(null destination) serial=676 path=/org/a11y/atspi/accessible/menus/n6d656e753a56696577; interface=org.a11y.atspi.Event.Object; member=ChildrenChanged
   string "remove"
   int32 11
   int32 0
   variant       struct {
         string ":1.1"
         object path "/org/a11y/atspi/accessible/menus/n6d656e753a566965772f766965772e6d6178696d697a655f70616e65"
      }
   array [
   ]
signal time=1788729218.203787 sender=:1.1 -> destination=(null destination) serial=677 path=/org/a11y/atspi/accessible/menus/n6d656e753a56696577; interface=org.a11y.atspi.Event.Object; member=ChildrenChanged
   string "remove"
   int32 10
   int32 0
   variant       struct {
         string ":1.1"
         object path "/org/a11y/atspi/accessible/menus/n6d656e753a566965772f766965772e636c6f73655f70616e65"
      }
   array [
   ]
signal time=1788729218.204019 sender=:1.1 -> destination=(null destination) serial=678 path=/org/a11y/atspi/accessible/menus/n6d656e753a56696577; interface=org.a11y.atspi.Event.Object; member=ChildrenChanged
   string "remove"
   int32 9
   int32 0
   variant       struct {
         string ":1.1"
         object path "/org/a11y/atspi/accessible/menus/n6d656e753a566965772f766965772e73706c69745f686f72697a6f6e74616c"
      }
   array [
   ]
signal time=1788729218.204092 sender=:1.1 -> destination=(null destination) serial=679 path=/org/a11y/atspi/accessible/menus/n6d656e753a56696577; interface=org.a11y.atspi.Event.Object; member=ChildrenChanged
   string "remove"
   int32 8
   int32 0
   variant       struct {
         string ":1.1"
         object path "/org/a11y/atspi/accessible/menus/n6d656e753a566965772f766965772e73706c69745f766572746963616c"
      }
   array [
   ]
signal time=1788729218.204145 sender=:1.1 -> destination=(null destination) serial=680 path=/org/a11y/atspi/accessible/menus/n6d656e753a56696577; interface=org.a11y.atspi.Event.Object; member=ChildrenChanged
   string "remove"
   int32 7
   int32 0
   variant       struct {
         string ":1.1"
         object path "/org/a11y/atspi/accessible/menus/n6d656e753a566965772f766965772e7265736574"
      }
   array [
   ]
signal time=1788729218.204199 sender=:1.1 -> destination=(null destination) serial=681 path=/org/a11y/atspi/accessible/menus/n6d656e753a56696577; interface=org.a11y.atspi.Event.Object; member=ChildrenChanged
   string "remove"
   int32 6
   int32 0
   variant       struct {
         string ":1.1"
         object path "/org/a11y/atspi/accessible/menus/n6d656e753a566965772f766965772e70616e656c73"
      }
   array [
   ]
signal time=1788729218.204253 sender=:1.1 -> destination=(null destination) serial=682 path=/org/a11y/atspi/accessible/menus/n6d656e753a56696577; interface=org.a11y.atspi.Event.Object; member=ChildrenChanged
   string "remove"
   int32 5
   int32 0
   variant       struct {
         string ":1.1"
         object path "/org/a11y/atspi/accessible/menus/n6d656e753a566965772f766965772e6c6179657273"
      }
   array [
   ]
signal time=1788729218.204308 sender=:1.1 -> destination=(null destination) serial=683 path=/org/a11y/atspi/accessible/menus/n6d656e753a56696577; interface=org.a11y.atspi.Event.Object; member=ChildrenChanged
   string "remove"
   int32 4
   int32 0
   variant       struct {
         string ":1.1"
         object path "/org/a11y/atspi/accessible/menus/n6d656e753a566965772f766965772e66756c6c73637265656e5f7374616765"
      }
   array [
   ]
signal time=1788729218.204368 sender=:1.1 -> destination=(null destination) serial=684 path=/org/a11y/atspi/accessible/menus/n6d656e753a56696577; interface=org.a11y.atspi.Event.Object; member=ChildrenChanged
   string "remove"
   int32 3
   int32 0
   variant       struct {
         string ":1.1"
         object path "/org/a11y/atspi/accessible/menus/n6d656e753a566965772f766965772e70616e655f7a6f6f6d"
      }
   array [
   ]
signal time=1788729218.204423 sender=:1.1 -> destination=(null destination) serial=685 path=/org/a11y/atspi/accessible/menus/n6d656e753a56696577; interface=org.a11y.atspi.Event.Object; member=ChildrenChanged
   string "remove"
   int32 2
   int32 0
   variant       struct {
         string ":1.1"
         object path "/org/a11y/atspi/accessible/menus/n6d656e753a566965772f766965772e7a6f6f6d5f6f7574"
      }
   array [
   ]
signal time=1788729218.204479 sender=:1.1 -> destination=(null destination) serial=686 path=/org/a11y/atspi/accessible/menus/n6d656e753a56696577; interface=org.a11y.atspi.Event.Object; member=ChildrenChanged
   string "remove"
   int32 1
   int32 0
   variant       struct {
         string ":1.1"
         object path "/org/a11y/atspi/accessible/menus/n6d656e753a566965772f766965772e7a6f6f6d5f696e"
      }
   array [
   ]
signal time=1788729218.204533 sender=:1.1 -> destination=(null destination) serial=687 path=/org/a11y/atspi/accessible/menus/n6d656e753a56696577; interface=org.a11y.atspi.Event.Object; member=ChildrenChanged
   string "remove"
   int32 0
   int32 0
   variant       struct {
         string ":1.1"
         object path "/org/a11y/atspi/accessible/menus/n6d656e753a566965772f766965772e666974"
      }
   array [
   ]
signal time=1788729218.204600 sender=:1.1 -> destination=(null destination) serial=688 path=/org/a11y/atspi/accessible/root; interface=org.a11y.atspi.Event.Object; member=ChildrenChanged
   string "remove"
   int32 1
   int32 0
   variant       struct {
         string ":1.1"
         object path "/org/a11y/atspi/accessible/menus/n6d656e753a56696577"
      }
   array [
   ]
signal time=1788729218.210678 sender=:1.1 -> destination=(null destination) serial=689 path=/org/a11y/atspi/accessible/root; interface=org.a11y.atspi.Event.Object; member=Announcement
   string "Action. Information: view fit"
   int32 1
   int32 0
   variant       string "Action. Information: view fit"
   array [
   ]
signal time=1788729219.518386 sender=org.freedesktop.DBus -> destination=(null destination) serial=505 path=/org/freedesktop/DBus; interface=org.freedesktop.DBus; member=NameOwnerChanged
   string ":1.253"
   string ""
   string ":1.253"
signal time=1788729219.518462 sender=org.freedesktop.DBus -> destination=:1.253 serial=2 path=/org/freedesktop/DBus; interface=org.freedesktop.DBus; member=NameAcquired
   string ":1.253"
signal time=1788729219.522976 sender=org.freedesktop.DBus -> destination=:1.253 serial=3 path=/org/freedesktop/DBus; interface=org.freedesktop.DBus; member=NameLost
   string ":1.253"
signal time=1788729219.523047 sender=org.freedesktop.DBus -> destination=(null destination) serial=506 path=/org/freedesktop/DBus; interface=org.freedesktop.DBus; member=NameOwnerChanged
   string ":1.253"
   string ":1.253"
   string ""
signal time=1788729219.523240 sender=:1.2 -> destination=(null destination) serial=288 path=/org/a11y/atspi/registry; interface=org.a11y.atspi.Registry; member=EventListenerDeregistered
   string ":1.253"
   string ""
signal time=1788729219.533722 sender=org.freedesktop.DBus -> destination=(null destination) serial=507 path=/org/freedesktop/DBus; interface=org.freedesktop.DBus; member=NameOwnerChanged
   string ":1.254"
   string ""
   string ":1.254"
signal time=1788729219.533800 sender=org.freedesktop.DBus -> destination=:1.254 serial=2 path=/org/freedesktop/DBus; interface=org.freedesktop.DBus; member=NameAcquired
   string ":1.254"
signal time=1788729219.539299 sender=org.freedesktop.DBus -> destination=:1.254 serial=5 path=/org/freedesktop/DBus; interface=org.freedesktop.DBus; member=NameLost
   string ":1.254"
signal time=1788729219.539399 sender=org.freedesktop.DBus -> destination=(null destination) serial=508 path=/org/freedesktop/DBus; interface=org.freedesktop.DBus; member=NameOwnerChanged
   string ":1.254"
   string ":1.254"
   string ""
signal time=1788729219.539570 sender=:1.2 -> destination=(null destination) serial=289 path=/org/a11y/atspi/registry; interface=org.a11y.atspi.Registry; member=EventListenerDeregistered
   string ":1.254"
   string ""
signal time=1788729219.547388 sender=org.freedesktop.DBus -> destination=(null destination) serial=509 path=/org/freedesktop/DBus; interface=org.freedesktop.DBus; member=NameOwnerChanged
   string ":1.255"
   string ""
   string ":1.255"
signal time=1788729219.547430 sender=org.freedesktop.DBus -> destination=:1.255 serial=2 path=/org/freedesktop/DBus; interface=org.freedesktop.DBus; member=NameAcquired
   string ":1.255"
signal time=1788729219.549651 sender=org.freedesktop.DBus -> destination=:1.255 serial=3 path=/org/freedesktop/DBus; interface=org.freedesktop.DBus; member=NameLost
   string ":1.255"
signal time=1788729219.549682 sender=org.freedesktop.DBus -> destination=(null destination) serial=510 path=/org/freedesktop/DBus; interface=org.freedesktop.DBus; member=NameOwnerChanged
   string ":1.255"
   string ":1.255"
   string ""
signal time=1788729219.549809 sender=:1.2 -> destination=(null destination) serial=290 path=/org/a11y/atspi/registry; interface=org.a11y.atspi.Registry; member=EventListenerDeregistered
   string ":1.255"
   string ""
signal time=1788729219.556367 sender=org.freedesktop.DBus -> destination=(null destination) serial=511 path=/org/freedesktop/DBus; interface=org.freedesktop.DBus; member=NameOwnerChanged
   string ":1.256"
   string ""
   string ":1.256"
signal time=1788729219.556417 sender=org.freedesktop.DBus -> destination=:1.256 serial=2 path=/org/freedesktop/DBus; interface=org.freedesktop.DBus; member=NameAcquired
   string ":1.256"
signal time=1788729219.557449 sender=org.freedesktop.DBus -> destination=:1.256 serial=3 path=/org/freedesktop/DBus; interface=org.freedesktop.DBus; member=NameLost
   string ":1.256"
signal time=1788729219.557480 sender=org.freedesktop.DBus -> destination=(null destination) serial=512 path=/org/freedesktop/DBus; interface=org.freedesktop.DBus; member=NameOwnerChanged
   string ":1.256"
   string ":1.256"
   string ""
signal time=1788729219.557560 sender=:1.2 -> destination=(null destination) serial=291 path=/org/a11y/atspi/registry; interface=org.a11y.atspi.Registry; member=EventListenerDeregistered
   string ":1.256"
   string ""
signal time=1788729219.562484 sender=org.freedesktop.DBus -> destination=(null destination) serial=513 path=/org/freedesktop/DBus; interface=org.freedesktop.DBus; member=NameOwnerChanged
   string ":1.257"
   string ""
   string ":1.257"
signal time=1788729219.562514 sender=org.freedesktop.DBus -> destination=:1.257 serial=2 path=/org/freedesktop/DBus; interface=org.freedesktop.DBus; member=NameAcquired
   string ":1.257"
signal time=1788729219.564165 sender=org.freedesktop.DBus -> destination=:1.257 serial=3 path=/org/freedesktop/DBus; interface=org.freedesktop.DBus; member=NameLost
   string ":1.257"
signal time=1788729219.564185 sender=org.freedesktop.DBus -> destination=(null destination) serial=514 path=/org/freedesktop/DBus; interface=org.freedesktop.DBus; member=NameOwnerChanged
   string ":1.257"
   string ":1.257"
   string ""
signal time=1788729219.564261 sender=:1.2 -> destination=(null destination) serial=292 path=/org/a11y/atspi/registry; interface=org.a11y.atspi.Registry; member=EventListenerDeregistered
   string ":1.257"
   string ""
signal time=1788729219.568324 sender=org.freedesktop.DBus -> destination=(null destination) serial=515 path=/org/freedesktop/DBus; interface=org.freedesktop.DBus; member=NameOwnerChanged
   string ":1.258"
   string ""
   string ":1.258"
signal time=1788729219.568359 sender=org.freedesktop.DBus -> destination=:1.258 serial=2 path=/org/freedesktop/DBus; interface=org.freedesktop.DBus; member=NameAcquired
   string ":1.258"
signal time=1788729219.570637 sender=org.freedesktop.DBus -> destination=:1.258 serial=3 path=/org/freedesktop/DBus; interface=org.freedesktop.DBus; member=NameLost
   string ":1.258"
signal time=1788729219.570674 sender=org.freedesktop.DBus -> destination=(null destination) serial=516 path=/org/freedesktop/DBus; interface=org.freedesktop.DBus; member=NameOwnerChanged
   string ":1.258"
   string ":1.258"
   string ""
signal time=1788729219.570683 sender=:1.2 -> destination=(null destination) serial=293 path=/org/a11y/atspi/registry; interface=org.a11y.atspi.Registry; member=EventListenerDeregistered
   string ":1.258"
   string ""
signal time=1788729219.575406 sender=org.freedesktop.DBus -> destination=(null destination) serial=517 path=/org/freedesktop/DBus; interface=org.freedesktop.DBus; member=NameOwnerChanged
   string ":1.259"
   string ""
   string ":1.259"
signal time=1788729219.575438 sender=org.freedesktop.DBus -> destination=:1.259 serial=2 path=/org/freedesktop/DBus; interface=org.freedesktop.DBus; member=NameAcquired
   string ":1.259"
signal time=1788729219.576995 sender=org.freedesktop.DBus -> destination=:1.259 serial=3 path=/org/freedesktop/DBus; interface=org.freedesktop.DBus; member=NameLost
   string ":1.259"
signal time=1788729219.577014 sender=org.freedesktop.DBus -> destination=(null destination) serial=518 path=/org/freedesktop/DBus; interface=org.freedesktop.DBus; member=NameOwnerChanged
   string ":1.259"
   string ":1.259"
   string ""
signal time=1788729219.577094 sender=:1.2 -> destination=(null destination) serial=294 path=/org/a11y/atspi/registry; interface=org.a11y.atspi.Registry; member=EventListenerDeregistered
   string ":1.259"
   string ""
signal time=1788729219.585187 sender=org.freedesktop.DBus -> destination=(null destination) serial=519 path=/org/freedesktop/DBus; interface=org.freedesktop.DBus; member=NameOwnerChanged
   string ":1.260"
   string ""
   string ":1.260"
signal time=1788729219.585223 sender=org.freedesktop.DBus -> destination=:1.260 serial=2 path=/org/freedesktop/DBus; interface=org.freedesktop.DBus; member=NameAcquired
   string ":1.260"
signal time=1788729219.586626 sender=org.freedesktop.DBus -> destination=:1.260 serial=3 path=/org/freedesktop/DBus; interface=org.freedesktop.DBus; member=NameLost
   string ":1.260"
signal time=1788729219.586662 sender=org.freedesktop.DBus -> destination=(null destination) serial=520 path=/org/freedesktop/DBus; interface=org.freedesktop.DBus; member=NameOwnerChanged
   string ":1.260"
   string ":1.260"
   string ""
signal time=1788729219.586733 sender=:1.2 -> destination=(null destination) serial=295 path=/org/a11y/atspi/registry; interface=org.a11y.atspi.Registry; member=EventListenerDeregistered
   string ":1.260"
   string ""
signal time=1788729220.002324 sender=org.freedesktop.DBus -> destination=(null destination) serial=521 path=/org/freedesktop/DBus; interface=org.freedesktop.DBus; member=NameOwnerChanged
   string ":1.261"
   string ""
   string ":1.261"
signal time=1788729220.002360 sender=org.freedesktop.DBus -> destination=:1.261 serial=2 path=/org/freedesktop/DBus; interface=org.freedesktop.DBus; member=NameAcquired
   string ":1.261"
signal time=1788729220.003977 sender=org.freedesktop.DBus -> destination=:1.261 serial=3 path=/org/freedesktop/DBus; interface=org.freedesktop.DBus; member=NameLost
   string ":1.261"
signal time=1788729220.004020 sender=org.freedesktop.DBus -> destination=(null destination) serial=522 path=/org/freedesktop/DBus; interface=org.freedesktop.DBus; member=NameOwnerChanged
   string ":1.261"
   string ":1.261"
   string ""
signal time=1788729220.004173 sender=:1.2 -> destination=(null destination) serial=298 path=/org/a11y/atspi/registry; interface=org.a11y.atspi.Registry; member=EventListenerDeregistered
   string ":1.261"
   string ""
signal time=1788729220.009856 sender=org.freedesktop.DBus -> destination=(null destination) serial=523 path=/org/freedesktop/DBus; interface=org.freedesktop.DBus; member=NameOwnerChanged
   string ":1.262"
   string ""
   string ":1.262"
signal time=1788729220.009911 sender=org.freedesktop.DBus -> destination=:1.262 serial=2 path=/org/freedesktop/DBus; interface=org.freedesktop.DBus; member=NameAcquired
   string ":1.262"
signal time=1788729220.011633 sender=org.freedesktop.DBus -> destination=:1.262 serial=5 path=/org/freedesktop/DBus; interface=org.freedesktop.DBus; member=NameLost
   string ":1.262"
signal time=1788729220.011659 sender=org.freedesktop.DBus -> destination=(null destination) serial=524 path=/org/freedesktop/DBus; interface=org.freedesktop.DBus; member=NameOwnerChanged
   string ":1.262"
   string ":1.262"
   string ""
signal time=1788729220.011756 sender=:1.2 -> destination=(null destination) serial=299 path=/org/a11y/atspi/registry; interface=org.a11y.atspi.Registry; member=EventListenerDeregistered
   string ":1.262"
   string ""
signal time=1788729220.016107 sender=org.freedesktop.DBus -> destination=(null destination) serial=525 path=/org/freedesktop/DBus; interface=org.freedesktop.DBus; member=NameOwnerChanged
   string ":1.263"
   string ""
   string ":1.263"
signal time=1788729220.016140 sender=org.freedesktop.DBus -> destination=:1.263 serial=2 path=/org/freedesktop/DBus; interface=org.freedesktop.DBus; member=NameAcquired
   string ":1.263"
signal time=1788729220.017494 sender=org.freedesktop.DBus -> destination=:1.263 serial=3 path=/org/freedesktop/DBus; interface=org.freedesktop.DBus; member=NameLost
   string ":1.263"
signal time=1788729220.017512 sender=org.freedesktop.DBus -> destination=(null destination) serial=526 path=/org/freedesktop/DBus; interface=org.freedesktop.DBus; member=NameOwnerChanged
   string ":1.263"
   string ":1.263"
   string ""
signal time=1788729220.017576 sender=:1.2 -> destination=(null destination) serial=300 path=/org/a11y/atspi/registry; interface=org.a11y.atspi.Registry; member=EventListenerDeregistered
   string ":1.263"
   string ""
signal time=1788729220.022145 sender=org.freedesktop.DBus -> destination=(null destination) serial=527 path=/org/freedesktop/DBus; interface=org.freedesktop.DBus; member=NameOwnerChanged
   string ":1.264"
   string ""
   string ":1.264"
signal time=1788729220.022180 sender=org.freedesktop.DBus -> destination=:1.264 serial=2 path=/org/freedesktop/DBus; interface=org.freedesktop.DBus; member=NameAcquired
   string ":1.264"
signal time=1788729220.023413 sender=org.freedesktop.DBus -> destination=:1.264 serial=3 path=/org/freedesktop/DBus; interface=org.freedesktop.DBus; member=NameLost
   string ":1.264"
signal time=1788729220.023444 sender=org.freedesktop.DBus -> destination=(null destination) serial=528 path=/org/freedesktop/DBus; interface=org.freedesktop.DBus; member=NameOwnerChanged
   string ":1.264"
   string ":1.264"
   string ""
signal time=1788729220.023538 sender=:1.2 -> destination=(null destination) serial=301 path=/org/a11y/atspi/registry; interface=org.a11y.atspi.Registry; member=EventListenerDeregistered
   string ":1.264"
   string ""
signal time=1788729220.027995 sender=org.freedesktop.DBus -> destination=(null destination) serial=529 path=/org/freedesktop/DBus; interface=org.freedesktop.DBus; member=NameOwnerChanged
   string ":1.265"
   string ""
   string ":1.265"
signal time=1788729220.028027 sender=org.freedesktop.DBus -> destination=:1.265 serial=2 path=/org/freedesktop/DBus; interface=org.freedesktop.DBus; member=NameAcquired
   string ":1.265"
signal time=1788729220.029314 sender=org.freedesktop.DBus -> destination=:1.265 serial=3 path=/org/freedesktop/DBus; interface=org.freedesktop.DBus; member=NameLost
   string ":1.265"
signal time=1788729220.029336 sender=org.freedesktop.DBus -> destination=(null destination) serial=530 path=/org/freedesktop/DBus; interface=org.freedesktop.DBus; member=NameOwnerChanged
   string ":1.265"
   string ":1.265"
   string ""
signal time=1788729220.029421 sender=:1.2 -> destination=(null destination) serial=302 path=/org/a11y/atspi/registry; interface=org.a11y.atspi.Registry; member=EventListenerDeregistered
   string ":1.265"
   string ""
signal time=1788729220.033657 sender=org.freedesktop.DBus -> destination=(null destination) serial=531 path=/org/freedesktop/DBus; interface=org.freedesktop.DBus; member=NameOwnerChanged
   string ":1.266"
   string ""
   string ":1.266"
signal time=1788729220.033713 sender=org.freedesktop.DBus -> destination=:1.266 serial=2 path=/org/freedesktop/DBus; interface=org.freedesktop.DBus; member=NameAcquired
   string ":1.266"
signal time=1788729220.034858 sender=org.freedesktop.DBus -> destination=:1.266 serial=3 path=/org/freedesktop/DBus; interface=org.freedesktop.DBus; member=NameLost
   string ":1.266"
signal time=1788729220.034884 sender=org.freedesktop.DBus -> destination=(null destination) serial=532 path=/org/freedesktop/DBus; interface=org.freedesktop.DBus; member=NameOwnerChanged
   string ":1.266"
   string ":1.266"
   string ""
signal time=1788729220.034961 sender=:1.2 -> destination=(null destination) serial=303 path=/org/a11y/atspi/registry; interface=org.a11y.atspi.Registry; member=EventListenerDeregistered
   string ":1.266"
   string ""
signal time=1788729220.040856 sender=org.freedesktop.DBus -> destination=(null destination) serial=533 path=/org/freedesktop/DBus; interface=org.freedesktop.DBus; member=NameOwnerChanged
   string ":1.267"
   string ""
   string ":1.267"
signal time=1788729220.040897 sender=org.freedesktop.DBus -> destination=:1.267 serial=2 path=/org/freedesktop/DBus; interface=org.freedesktop.DBus; member=NameAcquired
   string ":1.267"
signal time=1788729220.042723 sender=org.freedesktop.DBus -> destination=:1.267 serial=3 path=/org/freedesktop/DBus; interface=org.freedesktop.DBus; member=NameLost
   string ":1.267"
signal time=1788729220.042766 sender=org.freedesktop.DBus -> destination=(null destination) serial=534 path=/org/freedesktop/DBus; interface=org.freedesktop.DBus; member=NameOwnerChanged
   string ":1.267"
   string ":1.267"
   string ""
signal time=1788729220.042933 sender=:1.2 -> destination=(null destination) serial=304 path=/org/a11y/atspi/registry; interface=org.a11y.atspi.Registry; member=EventListenerDeregistered
   string ":1.267"
   string ""
signal time=1788729220.047011 sender=org.freedesktop.DBus -> destination=(null destination) serial=535 path=/org/freedesktop/DBus; interface=org.freedesktop.DBus; member=NameOwnerChanged
   string ":1.268"
   string ""
   string ":1.268"
signal time=1788729220.047037 sender=org.freedesktop.DBus -> destination=:1.268 serial=2 path=/org/freedesktop/DBus; interface=org.freedesktop.DBus; member=NameAcquired
   string ":1.268"
signal time=1788729220.048071 sender=org.freedesktop.DBus -> destination=:1.268 serial=3 path=/org/freedesktop/DBus; interface=org.freedesktop.DBus; member=NameLost
   string ":1.268"
signal time=1788729220.048103 sender=org.freedesktop.DBus -> destination=(null destination) serial=536 path=/org/freedesktop/DBus; interface=org.freedesktop.DBus; member=NameOwnerChanged
   string ":1.268"
   string ":1.268"
   string ""
signal time=1788729220.048188 sender=:1.2 -> destination=(null destination) serial=305 path=/org/a11y/atspi/registry; interface=org.a11y.atspi.Registry; member=EventListenerDeregistered
   string ":1.268"
   string ""
signal time=1788729220.463488 sender=:1.1 -> destination=(null destination) serial=714 path=/org/a11y/atspi/accessible/terminal; interface=org.a11y.atspi.Event.Object; member=TextCaretMoved
   string ""
   int32 156
   int32 0
   variant       string ""
   array [
   ]
signal time=1788729220.538551 sender=org.freedesktop.DBus -> destination=:1.1 serial=3 path=/org/freedesktop/DBus; interface=org.freedesktop.DBus; member=NameLost
   string ":1.1"
signal time=1788729220.538602 sender=org.freedesktop.DBus -> destination=(null destination) serial=537 path=/org/freedesktop/DBus; interface=org.freedesktop.DBus; member=NameOwnerChanged
   string ":1.1"
   string ":1.1"
   string ""
signal time=1788729220.538805 sender=:1.2 -> destination=(null destination) serial=306 path=/org/a11y/atspi/accessible/root; interface=org.a11y.atspi.Event.Object; member=ChildrenChanged
   string "remove"
   int32 0
   int32 0
   variant       struct {
         string ":1.1"
         object path "/org/a11y/atspi/accessible/root"
      }
   array [
   ]
signal time=1788729220.538853 sender=:1.2 -> destination=(null destination) serial=307 path=/org/a11y/atspi/registry; interface=org.a11y.atspi.Registry; member=EventListenerDeregistered
   string ":1.1"
   string ""
