signal time=1788730506.660699 sender=org.freedesktop.DBus -> destination=:1.0 serial=2 path=/org/freedesktop/DBus; interface=org.freedesktop.DBus; member=NameAcquired
   string ":1.0"
signal time=1788730506.660741 sender=org.freedesktop.DBus -> destination=:1.0 serial=4 path=/org/freedesktop/DBus; interface=org.freedesktop.DBus; member=NameLost
   string ":1.0"
signal time=1788730514.957857 sender=org.freedesktop.DBus -> destination=(null destination) serial=5 path=/org/freedesktop/DBus; interface=org.freedesktop.DBus; member=NameOwnerChanged
   string ":1.1"
   string ""
   string ":1.1"
signal time=1788730514.957907 sender=org.freedesktop.DBus -> destination=:1.1 serial=2 path=/org/freedesktop/DBus; interface=org.freedesktop.DBus; member=NameAcquired
   string ":1.1"
signal time=1788730514.964259 sender=org.freedesktop.DBus -> destination=(null destination) serial=6 path=/org/freedesktop/DBus; interface=org.freedesktop.DBus; member=NameOwnerChanged
   string ":1.2"
   string ""
   string ":1.2"
signal time=1788730514.964320 sender=org.freedesktop.DBus -> destination=:1.2 serial=2 path=/org/freedesktop/DBus; interface=org.freedesktop.DBus; member=NameAcquired
   string ":1.2"
signal time=1788730514.964655 sender=org.freedesktop.DBus -> destination=(null destination) serial=7 path=/org/freedesktop/DBus; interface=org.freedesktop.DBus; member=NameOwnerChanged
   string "org.a11y.atspi.Registry"
   string ""
   string ":1.2"
signal time=1788730514.964681 sender=org.freedesktop.DBus -> destination=:1.2 serial=3 path=/org/freedesktop/DBus; interface=org.freedesktop.DBus; member=NameAcquired
   string "org.a11y.atspi.Registry"
signal time=1788730514.965135 sender=:1.2 -> destination=(null destination) serial=4 path=/org/a11y/atspi/accessible/root; interface=org.a11y.atspi.Socket; member=Available
   struct {
      string "org.a11y.atspi.Registry"
      object path "/org/a11y/atspi/accessible/root"
   }
signal time=1788730514.968826 sender=:1.2 -> destination=(null destination) serial=5 path=/org/a11y/atspi/accessible/root; interface=org.a11y.atspi.Event.Object; member=ChildrenChanged
   string "add"
   int32 0
   int32 0
   variant       struct {
         string ":1.1"
         object path "/org/a11y/atspi/accessible/root"
      }
   array [
   ]
signal time=1788730514.969273 sender=:1.1 -> destination=(null destination) serial=4 path=/org/a11y/atspi/accessible/terminal; interface=org.a11y.atspi.Event.Object; member=TextChanged
   string "insert"
   int32 0
   int32 1403
   variant       string "bfadmin@debian3520:/tmp/datum-wdq-native-z5st865k/project$                                                                                                 
                                                                                                                                                           
                                                                                                                                                           
                                                                                                                                                           
                                                                                                                                                           
                                                                                                                                                           
                                                                                                                                                           
                                                                                                                                                           
                                                                                                                                                           "
   array [
   ]
signal time=1788730514.969343 sender=:1.1 -> destination=(null destination) serial=5 path=/org/a11y/atspi/accessible/terminal; interface=org.a11y.atspi.Event.Object; member=TextCaretMoved
   string ""
   int32 59
   int32 0
   variant       string ""
   array [
   ]
signal time=1788730514.969399 sender=:1.1 -> destination=(null destination) serial=6 path=/org/a11y/atspi/accessible/terminal; interface=org.a11y.atspi.Event.Object; member=StateChanged
   string "focused"
   int32 0
   int32 0
   variant       boolean false
   array [
   ]
signal time=1788730514.969433 sender=:1.1 -> destination=(null destination) serial=7 path=/org/a11y/atspi/accessible/terminal; interface=org.a11y.atspi.Event.Object; member=BoundsChanged
   string ""
   int32 0
   int32 0
   variant       struct {
         int32 24
         int32 574
         int32 1225
         int32 144
      }
   array [
   ]
signal time=1788730518.899645 sender=org.freedesktop.DBus -> destination=(null destination) serial=5 path=/org/freedesktop/DBus; interface=org.freedesktop.DBus; member=NameOwnerChanged
   string ":1.3"
   string ""
   string ":1.3"
signal time=1788730518.899736 sender=org.freedesktop.DBus -> destination=:1.3 serial=2 path=/org/freedesktop/DBus; interface=org.freedesktop.DBus; member=NameAcquired
   string ":1.3"
signal time=1788730518.903893 sender=org.freedesktop.DBus -> destination=:1.3 serial=3 path=/org/freedesktop/DBus; interface=org.freedesktop.DBus; member=NameLost
   string ":1.3"
signal time=1788730518.903964 sender=org.freedesktop.DBus -> destination=(null destination) serial=6 path=/org/freedesktop/DBus; interface=org.freedesktop.DBus; member=NameOwnerChanged
   string ":1.3"
   string ":1.3"
   string ""
signal time=1788730518.904149 sender=:1.2 -> destination=(null destination) serial=10 path=/org/a11y/atspi/registry; interface=org.a11y.atspi.Registry; member=EventListenerDeregistered
   string ":1.3"
   string ""
signal time=1788730518.914438 sender=org.freedesktop.DBus -> destination=(null destination) serial=7 path=/org/freedesktop/DBus; interface=org.freedesktop.DBus; member=NameOwnerChanged
   string ":1.4"
   string ""
   string ":1.4"
signal time=1788730518.914530 sender=org.freedesktop.DBus -> destination=:1.4 serial=2 path=/org/freedesktop/DBus; interface=org.freedesktop.DBus; member=NameAcquired
   string ":1.4"
signal time=1788730518.917941 sender=org.freedesktop.DBus -> destination=:1.4 serial=5 path=/org/freedesktop/DBus; interface=org.freedesktop.DBus; member=NameLost
   string ":1.4"
signal time=1788730518.918001 sender=org.freedesktop.DBus -> destination=(null destination) serial=8 path=/org/freedesktop/DBus; interface=org.freedesktop.DBus; member=NameOwnerChanged
   string ":1.4"
   string ":1.4"
   string ""
signal time=1788730518.918273 sender=:1.2 -> destination=(null destination) serial=11 path=/org/a11y/atspi/registry; interface=org.a11y.atspi.Registry; member=EventListenerDeregistered
   string ":1.4"
   string ""
signal time=1788730518.928088 sender=org.freedesktop.DBus -> destination=(null destination) serial=9 path=/org/freedesktop/DBus; interface=org.freedesktop.DBus; member=NameOwnerChanged
   string ":1.5"
   string ""
   string ":1.5"
signal time=1788730518.928181 sender=org.freedesktop.DBus -> destination=:1.5 serial=2 path=/org/freedesktop/DBus; interface=org.freedesktop.DBus; member=NameAcquired
   string ":1.5"
signal time=1788730518.931375 sender=org.freedesktop.DBus -> destination=:1.5 serial=3 path=/org/freedesktop/DBus; interface=org.freedesktop.DBus; member=NameLost
   string ":1.5"
signal time=1788730518.931458 sender=org.freedesktop.DBus -> destination=(null destination) serial=10 path=/org/freedesktop/DBus; interface=org.freedesktop.DBus; member=NameOwnerChanged
   string ":1.5"
   string ":1.5"
   string ""
signal time=1788730518.931667 sender=:1.2 -> destination=(null destination) serial=12 path=/org/a11y/atspi/registry; interface=org.a11y.atspi.Registry; member=EventListenerDeregistered
   string ":1.5"
   string ""
signal time=1788730518.941968 sender=org.freedesktop.DBus -> destination=(null destination) serial=11 path=/org/freedesktop/DBus; interface=org.freedesktop.DBus; member=NameOwnerChanged
   string ":1.6"
   string ""
   string ":1.6"
signal time=1788730518.942074 sender=org.freedesktop.DBus -> destination=:1.6 serial=2 path=/org/freedesktop/DBus; interface=org.freedesktop.DBus; member=NameAcquired
   string ":1.6"
signal time=1788730518.944678 sender=org.freedesktop.DBus -> destination=:1.6 serial=3 path=/org/freedesktop/DBus; interface=org.freedesktop.DBus; member=NameLost
   string ":1.6"
signal time=1788730518.944741 sender=org.freedesktop.DBus -> destination=(null destination) serial=12 path=/org/freedesktop/DBus; interface=org.freedesktop.DBus; member=NameOwnerChanged
   string ":1.6"
   string ":1.6"
   string ""
signal time=1788730518.944908 sender=:1.2 -> destination=(null destination) serial=13 path=/org/a11y/atspi/registry; interface=org.a11y.atspi.Registry; member=EventListenerDeregistered
   string ":1.6"
   string ""
signal time=1788730518.953642 sender=org.freedesktop.DBus -> destination=(null destination) serial=13 path=/org/freedesktop/DBus; interface=org.freedesktop.DBus; member=NameOwnerChanged
   string ":1.7"
   string ""
   string ":1.7"
signal time=1788730518.953699 sender=org.freedesktop.DBus -> destination=:1.7 serial=2 path=/org/freedesktop/DBus; interface=org.freedesktop.DBus; member=NameAcquired
   string ":1.7"
signal time=1788730518.955761 sender=org.freedesktop.DBus -> destination=:1.7 serial=3 path=/org/freedesktop/DBus; interface=org.freedesktop.DBus; member=NameLost
   string ":1.7"
signal time=1788730518.955786 sender=org.freedesktop.DBus -> destination=(null destination) serial=14 path=/org/freedesktop/DBus; interface=org.freedesktop.DBus; member=NameOwnerChanged
   string ":1.7"
   string ":1.7"
   string ""
signal time=1788730518.955994 sender=:1.2 -> destination=(null destination) serial=14 path=/org/a11y/atspi/registry; interface=org.a11y.atspi.Registry; member=EventListenerDeregistered
   string ":1.7"
   string ""
signal time=1788730518.962357 sender=org.freedesktop.DBus -> destination=(null destination) serial=15 path=/org/freedesktop/DBus; interface=org.freedesktop.DBus; member=NameOwnerChanged
   string ":1.8"
   string ""
   string ":1.8"
signal time=1788730518.962407 sender=org.freedesktop.DBus -> destination=:1.8 serial=2 path=/org/freedesktop/DBus; interface=org.freedesktop.DBus; member=NameAcquired
   string ":1.8"
signal time=1788730518.964615 sender=org.freedesktop.DBus -> destination=:1.8 serial=3 path=/org/freedesktop/DBus; interface=org.freedesktop.DBus; member=NameLost
   string ":1.8"
signal time=1788730518.964646 sender=org.freedesktop.DBus -> destination=(null destination) serial=16 path=/org/freedesktop/DBus; interface=org.freedesktop.DBus; member=NameOwnerChanged
   string ":1.8"
   string ":1.8"
   string ""
signal time=1788730518.964822 sender=:1.2 -> destination=(null destination) serial=15 path=/org/a11y/atspi/registry; interface=org.a11y.atspi.Registry; member=EventListenerDeregistered
   string ":1.8"
   string ""
signal time=1788730518.970715 sender=org.freedesktop.DBus -> destination=(null destination) serial=17 path=/org/freedesktop/DBus; interface=org.freedesktop.DBus; member=NameOwnerChanged
   string ":1.9"
   string ""
   string ":1.9"
signal time=1788730518.970763 sender=org.freedesktop.DBus -> destination=:1.9 serial=2 path=/org/freedesktop/DBus; interface=org.freedesktop.DBus; member=NameAcquired
   string ":1.9"
signal time=1788730518.972721 sender=org.freedesktop.DBus -> destination=:1.9 serial=3 path=/org/freedesktop/DBus; interface=org.freedesktop.DBus; member=NameLost
   string ":1.9"
signal time=1788730518.972744 sender=org.freedesktop.DBus -> destination=(null destination) serial=18 path=/org/freedesktop/DBus; interface=org.freedesktop.DBus; member=NameOwnerChanged
   string ":1.9"
   string ":1.9"
   string ""
signal time=1788730518.972878 sender=:1.2 -> destination=(null destination) serial=16 path=/org/a11y/atspi/registry; interface=org.a11y.atspi.Registry; member=EventListenerDeregistered
   string ":1.9"
   string ""
signal time=1788730518.979023 sender=org.freedesktop.DBus -> destination=(null destination) serial=19 path=/org/freedesktop/DBus; interface=org.freedesktop.DBus; member=NameOwnerChanged
   string ":1.10"
   string ""
   string ":1.10"
signal time=1788730518.979073 sender=org.freedesktop.DBus -> destination=:1.10 serial=2 path=/org/freedesktop/DBus; interface=org.freedesktop.DBus; member=NameAcquired
   string ":1.10"
signal time=1788730518.980564 sender=org.freedesktop.DBus -> destination=:1.10 serial=3 path=/org/freedesktop/DBus; interface=org.freedesktop.DBus; member=NameLost
   string ":1.10"
signal time=1788730518.980604 sender=org.freedesktop.DBus -> destination=(null destination) serial=20 path=/org/freedesktop/DBus; interface=org.freedesktop.DBus; member=NameOwnerChanged
   string ":1.10"
   string ":1.10"
   string ""
signal time=1788730518.980747 sender=:1.2 -> destination=(null destination) serial=17 path=/org/a11y/atspi/registry; interface=org.a11y.atspi.Registry; member=EventListenerDeregistered
   string ":1.10"
   string ""
signal time=1788730519.397893 sender=org.freedesktop.DBus -> destination=(null destination) serial=21 path=/org/freedesktop/DBus; interface=org.freedesktop.DBus; member=NameOwnerChanged
   string ":1.11"
   string ""
   string ":1.11"
signal time=1788730519.397931 sender=org.freedesktop.DBus -> destination=:1.11 serial=2 path=/org/freedesktop/DBus; interface=org.freedesktop.DBus; member=NameAcquired
   string ":1.11"
signal time=1788730519.399350 sender=org.freedesktop.DBus -> destination=:1.11 serial=3 path=/org/freedesktop/DBus; interface=org.freedesktop.DBus; member=NameLost
   string ":1.11"
signal time=1788730519.399384 sender=org.freedesktop.DBus -> destination=(null destination) serial=22 path=/org/freedesktop/DBus; interface=org.freedesktop.DBus; member=NameOwnerChanged
   string ":1.11"
   string ":1.11"
   string ""
signal time=1788730519.399569 sender=:1.2 -> destination=(null destination) serial=20 path=/org/a11y/atspi/registry; interface=org.a11y.atspi.Registry; member=EventListenerDeregistered
   string ":1.11"
   string ""
signal time=1788730519.403954 sender=org.freedesktop.DBus -> destination=(null destination) serial=23 path=/org/freedesktop/DBus; interface=org.freedesktop.DBus; member=NameOwnerChanged
   string ":1.12"
   string ""
   string ":1.12"
signal time=1788730519.403980 sender=org.freedesktop.DBus -> destination=:1.12 serial=2 path=/org/freedesktop/DBus; interface=org.freedesktop.DBus; member=NameAcquired
   string ":1.12"
signal time=1788730519.405164 sender=org.freedesktop.DBus -> destination=:1.12 serial=5 path=/org/freedesktop/DBus; interface=org.freedesktop.DBus; member=NameLost
   string ":1.12"
signal time=1788730519.405185 sender=org.freedesktop.DBus -> destination=(null destination) serial=24 path=/org/freedesktop/DBus; interface=org.freedesktop.DBus; member=NameOwnerChanged
   string ":1.12"
   string ":1.12"
   string ""
signal time=1788730519.405316 sender=:1.2 -> destination=(null destination) serial=21 path=/org/a11y/atspi/registry; interface=org.a11y.atspi.Registry; member=EventListenerDeregistered
   string ":1.12"
   string ""
signal time=1788730519.409633 sender=org.freedesktop.DBus -> destination=(null destination) serial=25 path=/org/freedesktop/DBus; interface=org.freedesktop.DBus; member=NameOwnerChanged
   string ":1.13"
   string ""
   string ":1.13"
signal time=1788730519.409666 sender=org.freedesktop.DBus -> destination=:1.13 serial=2 path=/org/freedesktop/DBus; interface=org.freedesktop.DBus; member=NameAcquired
   string ":1.13"
signal time=1788730519.410729 sender=org.freedesktop.DBus -> destination=:1.13 serial=3 path=/org/freedesktop/DBus; interface=org.freedesktop.DBus; member=NameLost
   string ":1.13"
signal time=1788730519.410742 sender=org.freedesktop.DBus -> destination=(null destination) serial=26 path=/org/freedesktop/DBus; interface=org.freedesktop.DBus; member=NameOwnerChanged
   string ":1.13"
   string ":1.13"
   string ""
signal time=1788730519.410869 sender=:1.2 -> destination=(null destination) serial=22 path=/org/a11y/atspi/registry; interface=org.a11y.atspi.Registry; member=EventListenerDeregistered
   string ":1.13"
   string ""
signal time=1788730519.415570 sender=org.freedesktop.DBus -> destination=(null destination) serial=27 path=/org/freedesktop/DBus; interface=org.freedesktop.DBus; member=NameOwnerChanged
   string ":1.14"
   string ""
   string ":1.14"
signal time=1788730519.415612 sender=org.freedesktop.DBus -> destination=:1.14 serial=2 path=/org/freedesktop/DBus; interface=org.freedesktop.DBus; member=NameAcquired
   string ":1.14"
signal time=1788730519.416584 sender=org.freedesktop.DBus -> destination=:1.14 serial=3 path=/org/freedesktop/DBus; interface=org.freedesktop.DBus; member=NameLost
   string ":1.14"
signal time=1788730519.416606 sender=org.freedesktop.DBus -> destination=(null destination) serial=28 path=/org/freedesktop/DBus; interface=org.freedesktop.DBus; member=NameOwnerChanged
   string ":1.14"
   string ":1.14"
   string ""
signal time=1788730519.416697 sender=:1.2 -> destination=(null destination) serial=23 path=/org/a11y/atspi/registry; interface=org.a11y.atspi.Registry; member=EventListenerDeregistered
   string ":1.14"
   string ""
signal time=1788730519.421223 sender=org.freedesktop.DBus -> destination=(null destination) serial=29 path=/org/freedesktop/DBus; interface=org.freedesktop.DBus; member=NameOwnerChanged
   string ":1.15"
   string ""
   string ":1.15"
signal time=1788730519.421267 sender=org.freedesktop.DBus -> destination=:1.15 serial=2 path=/org/freedesktop/DBus; interface=org.freedesktop.DBus; member=NameAcquired
   string ":1.15"
signal time=1788730519.422451 sender=org.freedesktop.DBus -> destination=:1.15 serial=3 path=/org/freedesktop/DBus; interface=org.freedesktop.DBus; member=NameLost
   string ":1.15"
signal time=1788730519.422478 sender=org.freedesktop.DBus -> destination=(null destination) serial=30 path=/org/freedesktop/DBus; interface=org.freedesktop.DBus; member=NameOwnerChanged
   string ":1.15"
   string ":1.15"
   string ""
signal time=1788730519.422573 sender=:1.2 -> destination=(null destination) serial=24 path=/org/a11y/atspi/registry; interface=org.a11y.atspi.Registry; member=EventListenerDeregistered
   string ":1.15"
   string ""
signal time=1788730519.427678 sender=org.freedesktop.DBus -> destination=(null destination) serial=31 path=/org/freedesktop/DBus; interface=org.freedesktop.DBus; member=NameOwnerChanged
   string ":1.16"
   string ""
   string ":1.16"
signal time=1788730519.427715 sender=org.freedesktop.DBus -> destination=:1.16 serial=2 path=/org/freedesktop/DBus; interface=org.freedesktop.DBus; member=NameAcquired
   string ":1.16"
signal time=1788730519.428852 sender=org.freedesktop.DBus -> destination=:1.16 serial=3 path=/org/freedesktop/DBus; interface=org.freedesktop.DBus; member=NameLost
   string ":1.16"
signal time=1788730519.428875 sender=org.freedesktop.DBus -> destination=(null destination) serial=32 path=/org/freedesktop/DBus; interface=org.freedesktop.DBus; member=NameOwnerChanged
   string ":1.16"
   string ":1.16"
   string ""
signal time=1788730519.428978 sender=:1.2 -> destination=(null destination) serial=25 path=/org/a11y/atspi/registry; interface=org.a11y.atspi.Registry; member=EventListenerDeregistered
   string ":1.16"
   string ""
signal time=1788730519.433496 sender=org.freedesktop.DBus -> destination=(null destination) serial=33 path=/org/freedesktop/DBus; interface=org.freedesktop.DBus; member=NameOwnerChanged
   string ":1.17"
   string ""
   string ":1.17"
signal time=1788730519.433525 sender=org.freedesktop.DBus -> destination=:1.17 serial=2 path=/org/freedesktop/DBus; interface=org.freedesktop.DBus; member=NameAcquired
   string ":1.17"
signal time=1788730519.434555 sender=org.freedesktop.DBus -> destination=:1.17 serial=3 path=/org/freedesktop/DBus; interface=org.freedesktop.DBus; member=NameLost
   string ":1.17"
signal time=1788730519.434579 sender=org.freedesktop.DBus -> destination=(null destination) serial=34 path=/org/freedesktop/DBus; interface=org.freedesktop.DBus; member=NameOwnerChanged
   string ":1.17"
   string ":1.17"
   string ""
signal time=1788730519.434692 sender=:1.2 -> destination=(null destination) serial=26 path=/org/a11y/atspi/registry; interface=org.a11y.atspi.Registry; member=EventListenerDeregistered
   string ":1.17"
   string ""
signal time=1788730519.438986 sender=org.freedesktop.DBus -> destination=(null destination) serial=35 path=/org/freedesktop/DBus; interface=org.freedesktop.DBus; member=NameOwnerChanged
   string ":1.18"
   string ""
   string ":1.18"
signal time=1788730519.439022 sender=org.freedesktop.DBus -> destination=:1.18 serial=2 path=/org/freedesktop/DBus; interface=org.freedesktop.DBus; member=NameAcquired
   string ":1.18"
signal time=1788730519.440074 sender=org.freedesktop.DBus -> destination=:1.18 serial=3 path=/org/freedesktop/DBus; interface=org.freedesktop.DBus; member=NameLost
   string ":1.18"
signal time=1788730519.440096 sender=org.freedesktop.DBus -> destination=(null destination) serial=36 path=/org/freedesktop/DBus; interface=org.freedesktop.DBus; member=NameOwnerChanged
   string ":1.18"
   string ":1.18"
   string ""
signal time=1788730519.440165 sender=:1.2 -> destination=(null destination) serial=27 path=/org/a11y/atspi/registry; interface=org.a11y.atspi.Registry; member=EventListenerDeregistered
   string ":1.18"
   string ""
signal time=1788730520.081975 sender=:1.1 -> destination=(null destination) serial=32 path=/org/a11y/atspi/accessible/root; interface=org.a11y.atspi.Event.Object; member=ChildrenChanged
   string "add"
   int32 1
   int32 0
   variant       struct {
         string ":1.1"
         object path "/org/a11y/atspi/accessible/menus/n6d656e753a56696577"
      }
   array [
   ]
signal time=1788730520.082065 sender=:1.1 -> destination=(null destination) serial=33 path=/org/a11y/atspi/accessible/menus/n6d656e753a56696577; interface=org.a11y.atspi.Event.Object; member=StateChanged
   string "focused"
   int32 0
   int32 0
   variant       boolean false
   array [
   ]
signal time=1788730520.082104 sender=:1.1 -> destination=(null destination) serial=34 path=/org/a11y/atspi/accessible/menus/n6d656e753a56696577; interface=org.a11y.atspi.Event.Object; member=StateChanged
   string "enabled"
   int32 1
   int32 0
   variant       boolean true
   array [
   ]
signal time=1788730520.082138 sender=:1.1 -> destination=(null destination) serial=35 path=/org/a11y/atspi/accessible/menus/n6d656e753a56696577; interface=org.a11y.atspi.Event.Object; member=StateChanged
   string "sensitive"
   int32 1
   int32 0
   variant       boolean true
   array [
   ]
signal time=1788730520.082172 sender=:1.1 -> destination=(null destination) serial=36 path=/org/a11y/atspi/accessible/menus/n6d656e753a56696577; interface=org.a11y.atspi.Event.Object; member=ChildrenChanged
   string "add"
   int32 0
   int32 0
   variant       struct {
         string ":1.1"
         object path "/org/a11y/atspi/accessible/menus/n6d656e753a566965772f766965772e666974"
      }
   array [
   ]
signal time=1788730520.082320 sender=:1.1 -> destination=(null destination) serial=37 path=/org/a11y/atspi/accessible/menus/n6d656e753a566965772f766965772e666974; interface=org.a11y.atspi.Event.Object; member=StateChanged
   string "focused"
   int32 1
   int32 0
   variant       boolean true
   array [
   ]
signal time=1788730520.082360 sender=:1.1 -> destination=(null destination) serial=38 path=/org/a11y/atspi/accessible/menus/n6d656e753a566965772f766965772e666974; interface=org.a11y.atspi.Event.Object; member=StateChanged
   string "enabled"
   int32 0
   int32 0
   variant       boolean false
   array [
   ]
signal time=1788730520.082394 sender=:1.1 -> destination=(null destination) serial=39 path=/org/a11y/atspi/accessible/menus/n6d656e753a566965772f766965772e666974; interface=org.a11y.atspi.Event.Object; member=StateChanged
   string "sensitive"
   int32 0
   int32 0
   variant       boolean false
   array [
   ]
signal time=1788730520.082427 sender=:1.1 -> destination=(null destination) serial=40 path=/org/a11y/atspi/accessible/menus/n6d656e753a56696577; interface=org.a11y.atspi.Event.Object; member=ChildrenChanged
   string "add"
   int32 1
   int32 0
   variant       struct {
         string ":1.1"
         object path "/org/a11y/atspi/accessible/menus/n6d656e753a566965772f766965772e7a6f6f6d5f696e"
      }
   array [
   ]
signal time=1788730520.082495 sender=:1.1 -> destination=(null destination) serial=41 path=/org/a11y/atspi/accessible/menus/n6d656e753a566965772f766965772e7a6f6f6d5f696e; interface=org.a11y.atspi.Event.Object; member=StateChanged
   string "focused"
   int32 0
   int32 0
   variant       boolean false
   array [
   ]
signal time=1788730520.082530 sender=:1.1 -> destination=(null destination) serial=42 path=/org/a11y/atspi/accessible/menus/n6d656e753a566965772f766965772e7a6f6f6d5f696e; interface=org.a11y.atspi.Event.Object; member=StateChanged
   string "enabled"
   int32 1
   int32 0
   variant       boolean true
   array [
   ]
signal time=1788730520.082564 sender=:1.1 -> destination=(null destination) serial=43 path=/org/a11y/atspi/accessible/menus/n6d656e753a566965772f766965772e7a6f6f6d5f696e; interface=org.a11y.atspi.Event.Object; member=StateChanged
   string "sensitive"
   int32 1
   int32 0
   variant       boolean true
   array [
   ]
signal time=1788730520.083036 sender=:1.1 -> destination=(null destination) serial=44 path=/org/a11y/atspi/accessible/menus/n6d656e753a56696577; interface=org.a11y.atspi.Event.Object; member=ChildrenChanged
   string "add"
   int32 2
   int32 0
   variant       struct {
         string ":1.1"
         object path "/org/a11y/atspi/accessible/menus/n6d656e753a566965772f766965772e7a6f6f6d5f6f7574"
      }
   array [
   ]
signal time=1788730520.083111 sender=:1.1 -> destination=(null destination) serial=45 path=/org/a11y/atspi/accessible/menus/n6d656e753a566965772f766965772e7a6f6f6d5f6f7574; interface=org.a11y.atspi.Event.Object; member=StateChanged
   string "focused"
   int32 0
   int32 0
   variant       boolean false
   array [
   ]
signal time=1788730520.083148 sender=:1.1 -> destination=(null destination) serial=46 path=/org/a11y/atspi/accessible/menus/n6d656e753a566965772f766965772e7a6f6f6d5f6f7574; interface=org.a11y.atspi.Event.Object; member=StateChanged
   string "enabled"
   int32 1
   int32 0
   variant       boolean true
   array [
   ]
signal time=1788730520.083182 sender=:1.1 -> destination=(null destination) serial=47 path=/org/a11y/atspi/accessible/menus/n6d656e753a566965772f766965772e7a6f6f6d5f6f7574; interface=org.a11y.atspi.Event.Object; member=StateChanged
   string "sensitive"
   int32 1
   int32 0
   variant       boolean true
   array [
   ]
signal time=1788730520.083346 sender=:1.1 -> destination=(null destination) serial=48 path=/org/a11y/atspi/accessible/menus/n6d656e753a56696577; interface=org.a11y.atspi.Event.Object; member=ChildrenChanged
   string "add"
   int32 3
   int32 0
   variant       struct {
         string ":1.1"
         object path "/org/a11y/atspi/accessible/menus/n6d656e753a566965772f766965772e70616e655f7a6f6f6d"
      }
   array [
   ]
signal time=1788730520.083403 sender=:1.1 -> destination=(null destination) serial=49 path=/org/a11y/atspi/accessible/menus/n6d656e753a566965772f766965772e70616e655f7a6f6f6d; interface=org.a11y.atspi.Event.Object; member=StateChanged
   string "focused"
   int32 0
   int32 0
   variant       boolean false
   array [
   ]
signal time=1788730520.083437 sender=:1.1 -> destination=(null destination) serial=50 path=/org/a11y/atspi/accessible/menus/n6d656e753a566965772f766965772e70616e655f7a6f6f6d; interface=org.a11y.atspi.Event.Object; member=StateChanged
   string "enabled"
   int32 1
   int32 0
   variant       boolean true
   array [
   ]
signal time=1788730520.083471 sender=:1.1 -> destination=(null destination) serial=51 path=/org/a11y/atspi/accessible/menus/n6d656e753a566965772f766965772e70616e655f7a6f6f6d; interface=org.a11y.atspi.Event.Object; member=StateChanged
   string "sensitive"
   int32 1
   int32 0
   variant       boolean true
   array [
   ]
signal time=1788730520.083505 sender=:1.1 -> destination=(null destination) serial=52 path=/org/a11y/atspi/accessible/menus/n6d656e753a56696577; interface=org.a11y.atspi.Event.Object; member=ChildrenChanged
   string "add"
   int32 4
   int32 0
   variant       struct {
         string ":1.1"
         object path "/org/a11y/atspi/accessible/menus/n6d656e753a566965772f766965772e66756c6c73637265656e5f7374616765"
      }
   array [
   ]
signal time=1788730520.083567 sender=:1.1 -> destination=(null destination) serial=53 path=/org/a11y/atspi/accessible/menus/n6d656e753a566965772f766965772e66756c6c73637265656e5f7374616765; interface=org.a11y.atspi.Event.Object; member=StateChanged
   string "focused"
   int32 0
   int32 0
   variant       boolean false
   array [
   ]
signal time=1788730520.083601 sender=:1.1 -> destination=(null destination) serial=54 path=/org/a11y/atspi/accessible/menus/n6d656e753a566965772f766965772e66756c6c73637265656e5f7374616765; interface=org.a11y.atspi.Event.Object; member=StateChanged
   string "enabled"
   int32 1
   int32 0
   variant       boolean true
   array [
   ]
signal time=1788730520.083635 sender=:1.1 -> destination=(null destination) serial=55 path=/org/a11y/atspi/accessible/menus/n6d656e753a566965772f766965772e66756c6c73637265656e5f7374616765; interface=org.a11y.atspi.Event.Object; member=StateChanged
   string "sensitive"
   int32 1
   int32 0
   variant       boolean true
   array [
   ]
signal time=1788730520.083742 sender=:1.1 -> destination=(null destination) serial=56 path=/org/a11y/atspi/accessible/menus/n6d656e753a56696577; interface=org.a11y.atspi.Event.Object; member=ChildrenChanged
   string "add"
   int32 5
   int32 0
   variant       struct {
         string ":1.1"
         object path "/org/a11y/atspi/accessible/menus/n6d656e753a566965772f766965772e6c6179657273"
      }
   array [
   ]
signal time=1788730520.083794 sender=:1.1 -> destination=(null destination) serial=57 path=/org/a11y/atspi/accessible/menus/n6d656e753a566965772f766965772e6c6179657273; interface=org.a11y.atspi.Event.Object; member=StateChanged
   string "focused"
   int32 0
   int32 0
   variant       boolean false
   array [
   ]
signal time=1788730520.083827 sender=:1.1 -> destination=(null destination) serial=58 path=/org/a11y/atspi/accessible/menus/n6d656e753a566965772f766965772e6c6179657273; interface=org.a11y.atspi.Event.Object; member=StateChanged
   string "enabled"
   int32 0
   int32 0
   variant       boolean false
   array [
   ]
signal time=1788730520.083859 sender=:1.1 -> destination=(null destination) serial=59 path=/org/a11y/atspi/accessible/menus/n6d656e753a566965772f766965772e6c6179657273; interface=org.a11y.atspi.Event.Object; member=StateChanged
   string "sensitive"
   int32 0
   int32 0
   variant       boolean false
   array [
   ]
signal time=1788730520.083892 sender=:1.1 -> destination=(null destination) serial=60 path=/org/a11y/atspi/accessible/menus/n6d656e753a56696577; interface=org.a11y.atspi.Event.Object; member=ChildrenChanged
   string "add"
   int32 6
   int32 0
   variant       struct {
         string ":1.1"
         object path "/org/a11y/atspi/accessible/menus/n6d656e753a566965772f766965772e70616e656c73"
      }
   array [
   ]
signal time=1788730520.084297 sender=:1.1 -> destination=(null destination) serial=61 path=/org/a11y/atspi/accessible/menus/n6d656e753a566965772f766965772e70616e656c73; interface=org.a11y.atspi.Event.Object; member=StateChanged
   string "focused"
   int32 0
   int32 0
   variant       boolean false
   array [
   ]
signal time=1788730520.084354 sender=:1.1 -> destination=(null destination) serial=62 path=/org/a11y/atspi/accessible/menus/n6d656e753a566965772f766965772e70616e656c73; interface=org.a11y.atspi.Event.Object; member=StateChanged
   string "enabled"
   int32 1
   int32 0
   variant       boolean true
   array [
   ]
signal time=1788730520.084388 sender=:1.1 -> destination=(null destination) serial=63 path=/org/a11y/atspi/accessible/menus/n6d656e753a566965772f766965772e70616e656c73; interface=org.a11y.atspi.Event.Object; member=StateChanged
   string "sensitive"
   int32 1
   int32 0
   variant       boolean true
   array [
   ]
signal time=1788730520.084422 sender=:1.1 -> destination=(null destination) serial=64 path=/org/a11y/atspi/accessible/menus/n6d656e753a56696577; interface=org.a11y.atspi.Event.Object; member=ChildrenChanged
   string "add"
   int32 7
   int32 0
   variant       struct {
         string ":1.1"
         object path "/org/a11y/atspi/accessible/menus/n6d656e753a566965772f766965772e7265736574"
      }
   array [
   ]
signal time=1788730520.084599 sender=:1.1 -> destination=(null destination) serial=65 path=/org/a11y/atspi/accessible/menus/n6d656e753a566965772f766965772e7265736574; interface=org.a11y.atspi.Event.Object; member=StateChanged
   string "focused"
   int32 0
   int32 0
   variant       boolean false
   array [
   ]
signal time=1788730520.084638 sender=:1.1 -> destination=(null destination) serial=66 path=/org/a11y/atspi/accessible/menus/n6d656e753a566965772f766965772e7265736574; interface=org.a11y.atspi.Event.Object; member=StateChanged
   string "enabled"
   int32 1
   int32 0
   variant       boolean true
   array [
   ]
signal time=1788730520.084671 sender=:1.1 -> destination=(null destination) serial=67 path=/org/a11y/atspi/accessible/menus/n6d656e753a566965772f766965772e7265736574; interface=org.a11y.atspi.Event.Object; member=StateChanged
   string "sensitive"
   int32 1
   int32 0
   variant       boolean true
   array [
   ]
signal time=1788730520.084703 sender=:1.1 -> destination=(null destination) serial=68 path=/org/a11y/atspi/accessible/menus/n6d656e753a56696577; interface=org.a11y.atspi.Event.Object; member=ChildrenChanged
   string "add"
   int32 8
   int32 0
   variant       struct {
         string ":1.1"
         object path "/org/a11y/atspi/accessible/menus/n6d656e753a566965772f766965772e73706c69745f766572746963616c"
      }
   array [
   ]
signal time=1788730520.084750 sender=:1.1 -> destination=(null destination) serial=69 path=/org/a11y/atspi/accessible/menus/n6d656e753a566965772f766965772e73706c69745f766572746963616c; interface=org.a11y.atspi.Event.Object; member=StateChanged
   string "focused"
   int32 0
   int32 0
   variant       boolean false
   array [
   ]
signal time=1788730520.084783 sender=:1.1 -> destination=(null destination) serial=70 path=/org/a11y/atspi/accessible/menus/n6d656e753a566965772f766965772e73706c69745f766572746963616c; interface=org.a11y.atspi.Event.Object; member=StateChanged
   string "enabled"
   int32 1
   int32 0
   variant       boolean true
   array [
   ]
signal time=1788730520.084816 sender=:1.1 -> destination=(null destination) serial=71 path=/org/a11y/atspi/accessible/menus/n6d656e753a566965772f766965772e73706c69745f766572746963616c; interface=org.a11y.atspi.Event.Object; member=StateChanged
   string "sensitive"
   int32 1
   int32 0
   variant       boolean true
   array [
   ]
signal time=1788730520.084849 sender=:1.1 -> destination=(null destination) serial=72 path=/org/a11y/atspi/accessible/menus/n6d656e753a56696577; interface=org.a11y.atspi.Event.Object; member=ChildrenChanged
   string "add"
   int32 9
   int32 0
   variant       struct {
         string ":1.1"
         object path "/org/a11y/atspi/accessible/menus/n6d656e753a566965772f766965772e73706c69745f686f72697a6f6e74616c"
      }
   array [
   ]
signal time=1788730520.084965 sender=:1.1 -> destination=(null destination) serial=73 path=/org/a11y/atspi/accessible/menus/n6d656e753a566965772f766965772e73706c69745f686f72697a6f6e74616c; interface=org.a11y.atspi.Event.Object; member=StateChanged
   string "focused"
   int32 0
   int32 0
   variant       boolean false
   array [
   ]
signal time=1788730520.085002 sender=:1.1 -> destination=(null destination) serial=74 path=/org/a11y/atspi/accessible/menus/n6d656e753a566965772f766965772e73706c69745f686f72697a6f6e74616c; interface=org.a11y.atspi.Event.Object; member=StateChanged
   string "enabled"
   int32 1
   int32 0
   variant       boolean true
   array [
   ]
signal time=1788730520.085035 sender=:1.1 -> destination=(null destination) serial=75 path=/org/a11y/atspi/accessible/menus/n6d656e753a566965772f766965772e73706c69745f686f72697a6f6e74616c; interface=org.a11y.atspi.Event.Object; member=StateChanged
   string "sensitive"
   int32 1
   int32 0
   variant       boolean true
   array [
   ]
signal time=1788730520.085068 sender=:1.1 -> destination=(null destination) serial=76 path=/org/a11y/atspi/accessible/menus/n6d656e753a56696577; interface=org.a11y.atspi.Event.Object; member=ChildrenChanged
   string "add"
   int32 10
   int32 0
   variant       struct {
         string ":1.1"
         object path "/org/a11y/atspi/accessible/menus/n6d656e753a566965772f766965772e636c6f73655f70616e65"
      }
   array [
   ]
signal time=1788730520.085124 sender=:1.1 -> destination=(null destination) serial=77 path=/org/a11y/atspi/accessible/menus/n6d656e753a566965772f766965772e636c6f73655f70616e65; interface=org.a11y.atspi.Event.Object; member=StateChanged
   string "focused"
   int32 0
   int32 0
   variant       boolean false
   array [
   ]
signal time=1788730520.085533 sender=:1.1 -> destination=(null destination) serial=78 path=/org/a11y/atspi/accessible/menus/n6d656e753a566965772f766965772e636c6f73655f70616e65; interface=org.a11y.atspi.Event.Object; member=StateChanged
   string "enabled"
   int32 1
   int32 0
   variant       boolean true
   array [
   ]
signal time=1788730520.085646 sender=:1.1 -> destination=(null destination) serial=79 path=/org/a11y/atspi/accessible/menus/n6d656e753a566965772f766965772e636c6f73655f70616e65; interface=org.a11y.atspi.Event.Object; member=StateChanged
   string "sensitive"
   int32 1
   int32 0
   variant       boolean true
   array [
   ]
signal time=1788730520.085696 sender=:1.1 -> destination=(null destination) serial=80 path=/org/a11y/atspi/accessible/menus/n6d656e753a56696577; interface=org.a11y.atspi.Event.Object; member=ChildrenChanged
   string "add"
   int32 11
   int32 0
   variant       struct {
         string ":1.1"
         object path "/org/a11y/atspi/accessible/menus/n6d656e753a566965772f766965772e6d6178696d697a655f70616e65"
      }
   array [
   ]
signal time=1788730520.085763 sender=:1.1 -> destination=(null destination) serial=81 path=/org/a11y/atspi/accessible/menus/n6d656e753a566965772f766965772e6d6178696d697a655f70616e65; interface=org.a11y.atspi.Event.Object; member=StateChanged
   string "focused"
   int32 0
   int32 0
   variant       boolean false
   array [
   ]
signal time=1788730520.086152 sender=:1.1 -> destination=(null destination) serial=82 path=/org/a11y/atspi/accessible/menus/n6d656e753a566965772f766965772e6d6178696d697a655f70616e65; interface=org.a11y.atspi.Event.Object; member=StateChanged
   string "enabled"
   int32 1
   int32 0
   variant       boolean true
   array [
   ]
signal time=1788730520.086216 sender=:1.1 -> destination=(null destination) serial=83 path=/org/a11y/atspi/accessible/menus/n6d656e753a566965772f766965772e6d6178696d697a655f70616e65; interface=org.a11y.atspi.Event.Object; member=StateChanged
   string "sensitive"
   int32 1
   int32 0
   variant       boolean true
   array [
   ]
signal time=1788730520.086263 sender=:1.1 -> destination=(null destination) serial=84 path=/org/a11y/atspi/accessible/menus/n6d656e753a56696577; interface=org.a11y.atspi.Event.Object; member=ChildrenChanged
   string "add"
   int32 12
   int32 0
   variant       struct {
         string ":1.1"
         object path "/org/a11y/atspi/accessible/menus/n6d656e753a566965772f766965772e666f6375735f6e657874"
      }
   array [
   ]
signal time=1788730520.086331 sender=:1.1 -> destination=(null destination) serial=85 path=/org/a11y/atspi/accessible/menus/n6d656e753a566965772f766965772e666f6375735f6e657874; interface=org.a11y.atspi.Event.Object; member=StateChanged
   string "focused"
   int32 0
   int32 0
   variant       boolean false
   array [
   ]
signal time=1788730520.086379 sender=:1.1 -> destination=(null destination) serial=86 path=/org/a11y/atspi/accessible/menus/n6d656e753a566965772f766965772e666f6375735f6e657874; interface=org.a11y.atspi.Event.Object; member=StateChanged
   string "enabled"
   int32 1
   int32 0
   variant       boolean true
   array [
   ]
signal time=1788730520.086427 sender=:1.1 -> destination=(null destination) serial=87 path=/org/a11y/atspi/accessible/menus/n6d656e753a566965772f766965772e666f6375735f6e657874; interface=org.a11y.atspi.Event.Object; member=StateChanged
   string "sensitive"
   int32 1
   int32 0
   variant       boolean true
   array [
   ]
signal time=1788730520.086499 sender=:1.1 -> destination=(null destination) serial=88 path=/org/a11y/atspi/accessible/menus/n6d656e753a56696577; interface=org.a11y.atspi.Event.Object; member=ChildrenChanged
   string "add"
   int32 13
   int32 0
   variant       struct {
         string ":1.1"
         object path "/org/a11y/atspi/accessible/menus/n6d656e753a566965772f766965772e666f6375735f70726576"
      }
   array [
   ]
signal time=1788730520.086569 sender=:1.1 -> destination=(null destination) serial=89 path=/org/a11y/atspi/accessible/menus/n6d656e753a566965772f766965772e666f6375735f70726576; interface=org.a11y.atspi.Event.Object; member=StateChanged
   string "focused"
   int32 0
   int32 0
   variant       boolean false
   array [
   ]
signal time=1788730520.086617 sender=:1.1 -> destination=(null destination) serial=90 path=/org/a11y/atspi/accessible/menus/n6d656e753a566965772f766965772e666f6375735f70726576; interface=org.a11y.atspi.Event.Object; member=StateChanged
   string "enabled"
   int32 1
   int32 0
   variant       boolean true
   array [
   ]
signal time=1788730520.086664 sender=:1.1 -> destination=(null destination) serial=91 path=/org/a11y/atspi/accessible/menus/n6d656e753a566965772f766965772e666f6375735f70726576; interface=org.a11y.atspi.Event.Object; member=StateChanged
   string "sensitive"
   int32 1
   int32 0
   variant       boolean true
   array [
   ]
signal time=1788730520.086712 sender=:1.1 -> destination=(null destination) serial=92 path=/org/a11y/atspi/accessible/menus/n6d656e753a56696577; interface=org.a11y.atspi.Event.Object; member=ChildrenChanged
   string "add"
   int32 14
   int32 0
   variant       struct {
         string ":1.1"
         object path "/org/a11y/atspi/accessible/menus/n6d656e753a566965772f766965772e66696c6c5f626f617264"
      }
   array [
   ]
signal time=1788730520.086781 sender=:1.1 -> destination=(null destination) serial=93 path=/org/a11y/atspi/accessible/menus/n6d656e753a566965772f766965772e66696c6c5f626f617264; interface=org.a11y.atspi.Event.Object; member=StateChanged
   string "focused"
   int32 0
   int32 0
   variant       boolean false
   array [
   ]
signal time=1788730520.087207 sender=:1.1 -> destination=(null destination) serial=94 path=/org/a11y/atspi/accessible/menus/n6d656e753a566965772f766965772e66696c6c5f626f617264; interface=org.a11y.atspi.Event.Object; member=StateChanged
   string "enabled"
   int32 1
   int32 0
   variant       boolean true
   array [
   ]
signal time=1788730520.087280 sender=:1.1 -> destination=(null destination) serial=95 path=/org/a11y/atspi/accessible/menus/n6d656e753a566965772f766965772e66696c6c5f626f617264; interface=org.a11y.atspi.Event.Object; member=StateChanged
   string "sensitive"
   int32 1
   int32 0
   variant       boolean true
   array [
   ]
signal time=1788730520.087343 sender=:1.1 -> destination=(null destination) serial=96 path=/org/a11y/atspi/accessible/menus/n6d656e753a56696577; interface=org.a11y.atspi.Event.Object; member=ChildrenChanged
   string "add"
   int32 15
   int32 0
   variant       struct {
         string ":1.1"
         object path "/org/a11y/atspi/accessible/menus/n6d656e753a566965772f766965772e66696c6c5f736368656d61746963"
      }
   array [
   ]
signal time=1788730520.087395 sender=:1.1 -> destination=(null destination) serial=97 path=/org/a11y/atspi/accessible/menus/n6d656e753a566965772f766965772e66696c6c5f736368656d61746963; interface=org.a11y.atspi.Event.Object; member=StateChanged
   string "focused"
   int32 0
   int32 0
   variant       boolean false
   array [
   ]
signal time=1788730520.087428 sender=:1.1 -> destination=(null destination) serial=98 path=/org/a11y/atspi/accessible/menus/n6d656e753a566965772f766965772e66696c6c5f736368656d61746963; interface=org.a11y.atspi.Event.Object; member=StateChanged
   string "enabled"
   int32 1
   int32 0
   variant       boolean true
   array [
   ]
signal time=1788730520.087461 sender=:1.1 -> destination=(null destination) serial=99 path=/org/a11y/atspi/accessible/menus/n6d656e753a566965772f766965772e66696c6c5f736368656d61746963; interface=org.a11y.atspi.Event.Object; member=StateChanged
   string "sensitive"
   int32 1
   int32 0
   variant       boolean true
   array [
   ]
signal time=1788730520.087511 sender=:1.1 -> destination=(null destination) serial=100 path=/org/a11y/atspi/accessible/menus/n6d656e753a56696577; interface=org.a11y.atspi.Event.Object; member=ChildrenChanged
   string "add"
   int32 16
   int32 0
   variant       struct {
         string ":1.1"
         object path "/org/a11y/atspi/accessible/menus/n6d656e753a566965772f766965772e7072657365745f73696e676c65"
      }
   array [
   ]
signal time=1788730520.087558 sender=:1.1 -> destination=(null destination) serial=101 path=/org/a11y/atspi/accessible/menus/n6d656e753a566965772f766965772e7072657365745f73696e676c65; interface=org.a11y.atspi.Event.Object; member=StateChanged
   string "focused"
   int32 0
   int32 0
   variant       boolean false
   array [
   ]
signal time=1788730520.087592 sender=:1.1 -> destination=(null destination) serial=102 path=/org/a11y/atspi/accessible/menus/n6d656e753a566965772f766965772e7072657365745f73696e676c65; interface=org.a11y.atspi.Event.Object; member=StateChanged
   string "enabled"
   int32 1
   int32 0
   variant       boolean true
   array [
   ]
signal time=1788730520.087625 sender=:1.1 -> destination=(null destination) serial=103 path=/org/a11y/atspi/accessible/menus/n6d656e753a566965772f766965772e7072657365745f73696e676c65; interface=org.a11y.atspi.Event.Object; member=StateChanged
   string "sensitive"
   int32 1
   int32 0
   variant       boolean true
   array [
   ]
signal time=1788730520.087658 sender=:1.1 -> destination=(null destination) serial=104 path=/org/a11y/atspi/accessible/menus/n6d656e753a56696577; interface=org.a11y.atspi.Event.Object; member=ChildrenChanged
   string "add"
   int32 17
   int32 0
   variant       struct {
         string ":1.1"
         object path "/org/a11y/atspi/accessible/menus/n6d656e753a566965772f766965772e7072657365745f626f6172645f736368656d61746963"
      }
   array [
   ]
signal time=1788730520.087706 sender=:1.1 -> destination=(null destination) serial=105 path=/org/a11y/atspi/accessible/menus/n6d656e753a566965772f766965772e7072657365745f626f6172645f736368656d61746963; interface=org.a11y.atspi.Event.Object; member=StateChanged
   string "focused"
   int32 0
   int32 0
   variant       boolean false
   array [
   ]
signal time=1788730520.087739 sender=:1.1 -> destination=(null destination) serial=106 path=/org/a11y/atspi/accessible/menus/n6d656e753a566965772f766965772e7072657365745f626f6172645f736368656d61746963; interface=org.a11y.atspi.Event.Object; member=StateChanged
   string "enabled"
   int32 1
   int32 0
   variant       boolean true
   array [
   ]
signal time=1788730520.087772 sender=:1.1 -> destination=(null destination) serial=107 path=/org/a11y/atspi/accessible/menus/n6d656e753a566965772f766965772e7072657365745f626f6172645f736368656d61746963; interface=org.a11y.atspi.Event.Object; member=StateChanged
   string "sensitive"
   int32 1
   int32 0
   variant       boolean true
   array [
   ]
signal time=1788730520.087805 sender=:1.1 -> destination=(null destination) serial=108 path=/org/a11y/atspi/accessible/menus/n6d656e753a56696577; interface=org.a11y.atspi.Event.Object; member=ChildrenChanged
   string "add"
   int32 18
   int32 0
   variant       struct {
         string ":1.1"
         object path "/org/a11y/atspi/accessible/menus/n6d656e753a566965772f766965772e637572736f722e66756c6c"
      }
   array [
   ]
signal time=1788730520.088051 sender=:1.1 -> destination=(null destination) serial=109 path=/org/a11y/atspi/accessible/menus/n6d656e753a566965772f766965772e637572736f722e66756c6c; interface=org.a11y.atspi.Event.Object; member=StateChanged
   string "focused"
   int32 0
   int32 0
   variant       boolean false
   array [
   ]
signal time=1788730520.088092 sender=:1.1 -> destination=(null destination) serial=110 path=/org/a11y/atspi/accessible/menus/n6d656e753a566965772f766965772e637572736f722e66756c6c; interface=org.a11y.atspi.Event.Object; member=StateChanged
   string "enabled"
   int32 1
   int32 0
   variant       boolean true
   array [
   ]
signal time=1788730520.088138 sender=:1.1 -> destination=(null destination) serial=111 path=/org/a11y/atspi/accessible/menus/n6d656e753a566965772f766965772e637572736f722e66756c6c; interface=org.a11y.atspi.Event.Object; member=StateChanged
   string "sensitive"
   int32 1
   int32 0
   variant       boolean true
   array [
   ]
signal time=1788730520.088171 sender=:1.1 -> destination=(null destination) serial=112 path=/org/a11y/atspi/accessible/menus/n6d656e753a56696577; interface=org.a11y.atspi.Event.Object; member=ChildrenChanged
   string "add"
   int32 19
   int32 0
   variant       struct {
         string ":1.1"
         object path "/org/a11y/atspi/accessible/menus/n6d656e753a566965772f766965772e637572736f722e736d616c6c"
      }
   array [
   ]
signal time=1788730520.088218 sender=:1.1 -> destination=(null destination) serial=113 path=/org/a11y/atspi/accessible/menus/n6d656e753a566965772f766965772e637572736f722e736d616c6c; interface=org.a11y.atspi.Event.Object; member=StateChanged
   string "focused"
   int32 0
   int32 0
   variant       boolean false
   array [
   ]
signal time=1788730520.088251 sender=:1.1 -> destination=(null destination) serial=114 path=/org/a11y/atspi/accessible/menus/n6d656e753a566965772f766965772e637572736f722e736d616c6c; interface=org.a11y.atspi.Event.Object; member=StateChanged
   string "enabled"
   int32 1
   int32 0
   variant       boolean true
   array [
   ]
signal time=1788730520.088285 sender=:1.1 -> destination=(null destination) serial=115 path=/org/a11y/atspi/accessible/menus/n6d656e753a566965772f766965772e637572736f722e736d616c6c; interface=org.a11y.atspi.Event.Object; member=StateChanged
   string "sensitive"
   int32 1
   int32 0
   variant       boolean true
   array [
   ]
signal time=1788730520.088319 sender=:1.1 -> destination=(null destination) serial=116 path=/org/a11y/atspi/accessible/menus/n6d656e753a56696577; interface=org.a11y.atspi.Event.Object; member=ChildrenChanged
   string "add"
   int32 20
   int32 0
   variant       struct {
         string ":1.1"
         object path "/org/a11y/atspi/accessible/menus/n6d656e753a566965772f766965772e637572736f722e6e6f6e65"
      }
   array [
   ]
signal time=1788730520.088367 sender=:1.1 -> destination=(null destination) serial=117 path=/org/a11y/atspi/accessible/menus/n6d656e753a566965772f766965772e637572736f722e6e6f6e65; interface=org.a11y.atspi.Event.Object; member=StateChanged
   string "focused"
   int32 0
   int32 0
   variant       boolean false
   array [
   ]
signal time=1788730520.088422 sender=:1.1 -> destination=(null destination) serial=118 path=/org/a11y/atspi/accessible/menus/n6d656e753a566965772f766965772e637572736f722e6e6f6e65; interface=org.a11y.atspi.Event.Object; member=StateChanged
   string "enabled"
   int32 1
   int32 0
   variant       boolean true
   array [
   ]
signal time=1788730520.088474 sender=:1.1 -> destination=(null destination) serial=119 path=/org/a11y/atspi/accessible/menus/n6d656e753a566965772f766965772e637572736f722e6e6f6e65; interface=org.a11y.atspi.Event.Object; member=StateChanged
   string "sensitive"
   int32 1
   int32 0
   variant       boolean true
   array [
   ]
signal time=1788730520.088508 sender=:1.1 -> destination=(null destination) serial=120 path=/org/a11y/atspi/accessible/menus/n6d656e753a56696577; interface=org.a11y.atspi.Event.Object; member=ChildrenChanged
   string "add"
   int32 21
   int32 0
   variant       struct {
         string ":1.1"
         object path "/org/a11y/atspi/accessible/menus/n6d656e753a566965772f766965772e636f6e736f6c655f686973746f7279"
      }
   array [
   ]
signal time=1788730520.088556 sender=:1.1 -> destination=(null destination) serial=121 path=/org/a11y/atspi/accessible/menus/n6d656e753a566965772f766965772e636f6e736f6c655f686973746f7279; interface=org.a11y.atspi.Event.Object; member=StateChanged
   string "focused"
   int32 0
   int32 0
   variant       boolean false
   array [
   ]
signal time=1788730520.088601 sender=:1.1 -> destination=(null destination) serial=122 path=/org/a11y/atspi/accessible/menus/n6d656e753a566965772f766965772e636f6e736f6c655f686973746f7279; interface=org.a11y.atspi.Event.Object; member=StateChanged
   string "enabled"
   int32 1
   int32 0
   variant       boolean true
   array [
   ]
signal time=1788730520.088635 sender=:1.1 -> destination=(null destination) serial=123 path=/org/a11y/atspi/accessible/menus/n6d656e753a566965772f766965772e636f6e736f6c655f686973746f7279; interface=org.a11y.atspi.Event.Object; member=StateChanged
   string "sensitive"
   int32 1
   int32 0
   variant       boolean true
   array [
   ]
signal time=1788730521.478873 sender=org.freedesktop.DBus -> destination=(null destination) serial=37 path=/org/freedesktop/DBus; interface=org.freedesktop.DBus; member=NameOwnerChanged
   string ":1.19"
   string ""
   string ":1.19"
signal time=1788730521.478976 sender=org.freedesktop.DBus -> destination=:1.19 serial=2 path=/org/freedesktop/DBus; interface=org.freedesktop.DBus; member=NameAcquired
   string ":1.19"
signal time=1788730521.482206 sender=org.freedesktop.DBus -> destination=:1.19 serial=3 path=/org/freedesktop/DBus; interface=org.freedesktop.DBus; member=NameLost
   string ":1.19"
signal time=1788730521.482275 sender=org.freedesktop.DBus -> destination=(null destination) serial=38 path=/org/freedesktop/DBus; interface=org.freedesktop.DBus; member=NameOwnerChanged
   string ":1.19"
   string ":1.19"
   string ""
signal time=1788730521.482469 sender=:1.2 -> destination=(null destination) serial=30 path=/org/a11y/atspi/registry; interface=org.a11y.atspi.Registry; member=EventListenerDeregistered
   string ":1.19"
   string ""
signal time=1788730521.492236 sender=org.freedesktop.DBus -> destination=(null destination) serial=39 path=/org/freedesktop/DBus; interface=org.freedesktop.DBus; member=NameOwnerChanged
   string ":1.20"
   string ""
   string ":1.20"
signal time=1788730521.492339 sender=org.freedesktop.DBus -> destination=:1.20 serial=2 path=/org/freedesktop/DBus; interface=org.freedesktop.DBus; member=NameAcquired
   string ":1.20"
signal time=1788730521.495590 sender=org.freedesktop.DBus -> destination=:1.20 serial=5 path=/org/freedesktop/DBus; interface=org.freedesktop.DBus; member=NameLost
   string ":1.20"
signal time=1788730521.495660 sender=org.freedesktop.DBus -> destination=(null destination) serial=40 path=/org/freedesktop/DBus; interface=org.freedesktop.DBus; member=NameOwnerChanged
   string ":1.20"
   string ":1.20"
   string ""
signal time=1788730521.495913 sender=:1.2 -> destination=(null destination) serial=31 path=/org/a11y/atspi/registry; interface=org.a11y.atspi.Registry; member=EventListenerDeregistered
   string ":1.20"
   string ""
signal time=1788730521.504577 sender=org.freedesktop.DBus -> destination=(null destination) serial=41 path=/org/freedesktop/DBus; interface=org.freedesktop.DBus; member=NameOwnerChanged
   string ":1.21"
   string ""
   string ":1.21"
signal time=1788730521.504655 sender=org.freedesktop.DBus -> destination=:1.21 serial=2 path=/org/freedesktop/DBus; interface=org.freedesktop.DBus; member=NameAcquired
   string ":1.21"
signal time=1788730521.508011 sender=org.freedesktop.DBus -> destination=:1.21 serial=3 path=/org/freedesktop/DBus; interface=org.freedesktop.DBus; member=NameLost
   string ":1.21"
signal time=1788730521.508366 sender=org.freedesktop.DBus -> destination=(null destination) serial=42 path=/org/freedesktop/DBus; interface=org.freedesktop.DBus; member=NameOwnerChanged
   string ":1.21"
   string ":1.21"
   string ""
signal time=1788730521.508457 sender=:1.2 -> destination=(null destination) serial=32 path=/org/a11y/atspi/registry; interface=org.a11y.atspi.Registry; member=EventListenerDeregistered
   string ":1.21"
   string ""
signal time=1788730521.517575 sender=org.freedesktop.DBus -> destination=(null destination) serial=43 path=/org/freedesktop/DBus; interface=org.freedesktop.DBus; member=NameOwnerChanged
   string ":1.22"
   string ""
   string ":1.22"
signal time=1788730521.517685 sender=org.freedesktop.DBus -> destination=:1.22 serial=2 path=/org/freedesktop/DBus; interface=org.freedesktop.DBus; member=NameAcquired
   string ":1.22"
signal time=1788730521.520553 sender=org.freedesktop.DBus -> destination=:1.22 serial=3 path=/org/freedesktop/DBus; interface=org.freedesktop.DBus; member=NameLost
   string ":1.22"
signal time=1788730521.520607 sender=org.freedesktop.DBus -> destination=(null destination) serial=44 path=/org/freedesktop/DBus; interface=org.freedesktop.DBus; member=NameOwnerChanged
   string ":1.22"
   string ":1.22"
   string ""
signal time=1788730521.520856 sender=:1.2 -> destination=(null destination) serial=33 path=/org/a11y/atspi/registry; interface=org.a11y.atspi.Registry; member=EventListenerDeregistered
   string ":1.22"
   string ""
signal time=1788730521.532887 sender=org.freedesktop.DBus -> destination=(null destination) serial=45 path=/org/freedesktop/DBus; interface=org.freedesktop.DBus; member=NameOwnerChanged
   string ":1.23"
   string ""
   string ":1.23"
signal time=1788730521.532942 sender=org.freedesktop.DBus -> destination=:1.23 serial=2 path=/org/freedesktop/DBus; interface=org.freedesktop.DBus; member=NameAcquired
   string ":1.23"
signal time=1788730521.535198 sender=org.freedesktop.DBus -> destination=:1.23 serial=3 path=/org/freedesktop/DBus; interface=org.freedesktop.DBus; member=NameLost
   string ":1.23"
signal time=1788730521.535249 sender=org.freedesktop.DBus -> destination=(null destination) serial=46 path=/org/freedesktop/DBus; interface=org.freedesktop.DBus; member=NameOwnerChanged
   string ":1.23"
   string ":1.23"
   string ""
signal time=1788730521.535416 sender=:1.2 -> destination=(null destination) serial=34 path=/org/a11y/atspi/registry; interface=org.a11y.atspi.Registry; member=EventListenerDeregistered
   string ":1.23"
   string ""
signal time=1788730521.540924 sender=org.freedesktop.DBus -> destination=(null destination) serial=47 path=/org/freedesktop/DBus; interface=org.freedesktop.DBus; member=NameOwnerChanged
   string ":1.24"
   string ""
   string ":1.24"
signal time=1788730521.540964 sender=org.freedesktop.DBus -> destination=:1.24 serial=2 path=/org/freedesktop/DBus; interface=org.freedesktop.DBus; member=NameAcquired
   string ":1.24"
signal time=1788730521.542824 sender=org.freedesktop.DBus -> destination=:1.24 serial=3 path=/org/freedesktop/DBus; interface=org.freedesktop.DBus; member=NameLost
   string ":1.24"
signal time=1788730521.542855 sender=org.freedesktop.DBus -> destination=(null destination) serial=48 path=/org/freedesktop/DBus; interface=org.freedesktop.DBus; member=NameOwnerChanged
   string ":1.24"
   string ":1.24"
   string ""
signal time=1788730521.542959 sender=:1.2 -> destination=(null destination) serial=35 path=/org/a11y/atspi/registry; interface=org.a11y.atspi.Registry; member=EventListenerDeregistered
   string ":1.24"
   string ""
signal time=1788730521.547925 sender=org.freedesktop.DBus -> destination=(null destination) serial=49 path=/org/freedesktop/DBus; interface=org.freedesktop.DBus; member=NameOwnerChanged
   string ":1.25"
   string ""
   string ":1.25"
signal time=1788730521.547960 sender=org.freedesktop.DBus -> destination=:1.25 serial=2 path=/org/freedesktop/DBus; interface=org.freedesktop.DBus; member=NameAcquired
   string ":1.25"
signal time=1788730521.549374 sender=org.freedesktop.DBus -> destination=:1.25 serial=3 path=/org/freedesktop/DBus; interface=org.freedesktop.DBus; member=NameLost
   string ":1.25"
signal time=1788730521.549397 sender=org.freedesktop.DBus -> destination=(null destination) serial=50 path=/org/freedesktop/DBus; interface=org.freedesktop.DBus; member=NameOwnerChanged
   string ":1.25"
   string ":1.25"
   string ""
signal time=1788730521.549559 sender=:1.2 -> destination=(null destination) serial=36 path=/org/a11y/atspi/registry; interface=org.a11y.atspi.Registry; member=EventListenerDeregistered
   string ":1.25"
   string ""
signal time=1788730521.554070 sender=org.freedesktop.DBus -> destination=(null destination) serial=51 path=/org/freedesktop/DBus; interface=org.freedesktop.DBus; member=NameOwnerChanged
   string ":1.26"
   string ""
   string ":1.26"
signal time=1788730521.554117 sender=org.freedesktop.DBus -> destination=:1.26 serial=2 path=/org/freedesktop/DBus; interface=org.freedesktop.DBus; member=NameAcquired
   string ":1.26"
signal time=1788730521.555276 sender=org.freedesktop.DBus -> destination=:1.26 serial=3 path=/org/freedesktop/DBus; interface=org.freedesktop.DBus; member=NameLost
   string ":1.26"
signal time=1788730521.555296 sender=org.freedesktop.DBus -> destination=(null destination) serial=52 path=/org/freedesktop/DBus; interface=org.freedesktop.DBus; member=NameOwnerChanged
   string ":1.26"
   string ":1.26"
   string ""
signal time=1788730521.555431 sender=:1.2 -> destination=(null destination) serial=37 path=/org/a11y/atspi/registry; interface=org.a11y.atspi.Registry; member=EventListenerDeregistered
   string ":1.26"
   string ""
signal time=1788730521.561617 sender=org.freedesktop.DBus -> destination=(null destination) serial=53 path=/org/freedesktop/DBus; interface=org.freedesktop.DBus; member=NameOwnerChanged
   string ":1.27"
   string ""
   string ":1.27"
signal time=1788730521.561654 sender=org.freedesktop.DBus -> destination=:1.27 serial=2 path=/org/freedesktop/DBus; interface=org.freedesktop.DBus; member=NameAcquired
   string ":1.27"
signal time=1788730521.563289 sender=org.freedesktop.DBus -> destination=:1.27 serial=3 path=/org/freedesktop/DBus; interface=org.freedesktop.DBus; member=NameLost
   string ":1.27"
signal time=1788730521.563308 sender=org.freedesktop.DBus -> destination=(null destination) serial=54 path=/org/freedesktop/DBus; interface=org.freedesktop.DBus; member=NameOwnerChanged
   string ":1.27"
   string ":1.27"
   string ""
signal time=1788730521.563452 sender=:1.2 -> destination=(null destination) serial=38 path=/org/a11y/atspi/registry; interface=org.a11y.atspi.Registry; member=EventListenerDeregistered
   string ":1.27"
   string ""
signal time=1788730521.567712 sender=org.freedesktop.DBus -> destination=(null destination) serial=55 path=/org/freedesktop/DBus; interface=org.freedesktop.DBus; member=NameOwnerChanged
   string ":1.28"
   string ""
   string ":1.28"
signal time=1788730521.567761 sender=org.freedesktop.DBus -> destination=:1.28 serial=2 path=/org/freedesktop/DBus; interface=org.freedesktop.DBus; member=NameAcquired
   string ":1.28"
signal time=1788730521.569031 sender=org.freedesktop.DBus -> destination=:1.28 serial=3 path=/org/freedesktop/DBus; interface=org.freedesktop.DBus; member=NameLost
   string ":1.28"
signal time=1788730521.569051 sender=org.freedesktop.DBus -> destination=(null destination) serial=56 path=/org/freedesktop/DBus; interface=org.freedesktop.DBus; member=NameOwnerChanged
   string ":1.28"
   string ":1.28"
   string ""
signal time=1788730521.569135 sender=:1.2 -> destination=(null destination) serial=39 path=/org/a11y/atspi/registry; interface=org.a11y.atspi.Registry; member=EventListenerDeregistered
   string ":1.28"
   string ""
signal time=1788730521.573618 sender=org.freedesktop.DBus -> destination=(null destination) serial=57 path=/org/freedesktop/DBus; interface=org.freedesktop.DBus; member=NameOwnerChanged
   string ":1.29"
   string ""
   string ":1.29"
signal time=1788730521.573654 sender=org.freedesktop.DBus -> destination=:1.29 serial=2 path=/org/freedesktop/DBus; interface=org.freedesktop.DBus; member=NameAcquired
   string ":1.29"
signal time=1788730521.575350 sender=org.freedesktop.DBus -> destination=:1.29 serial=3 path=/org/freedesktop/DBus; interface=org.freedesktop.DBus; member=NameLost
   string ":1.29"
signal time=1788730521.575372 sender=org.freedesktop.DBus -> destination=(null destination) serial=58 path=/org/freedesktop/DBus; interface=org.freedesktop.DBus; member=NameOwnerChanged
   string ":1.29"
   string ":1.29"
   string ""
signal time=1788730521.575862 sender=:1.2 -> destination=(null destination) serial=40 path=/org/a11y/atspi/registry; interface=org.a11y.atspi.Registry; member=EventListenerDeregistered
   string ":1.29"
   string ""
signal time=1788730521.580544 sender=org.freedesktop.DBus -> destination=(null destination) serial=59 path=/org/freedesktop/DBus; interface=org.freedesktop.DBus; member=NameOwnerChanged
   string ":1.30"
   string ""
   string ":1.30"
signal time=1788730521.580616 sender=org.freedesktop.DBus -> destination=:1.30 serial=2 path=/org/freedesktop/DBus; interface=org.freedesktop.DBus; member=NameAcquired
   string ":1.30"
signal time=1788730521.581830 sender=org.freedesktop.DBus -> destination=:1.30 serial=3 path=/org/freedesktop/DBus; interface=org.freedesktop.DBus; member=NameLost
   string ":1.30"
signal time=1788730521.581857 sender=org.freedesktop.DBus -> destination=(null destination) serial=60 path=/org/freedesktop/DBus; interface=org.freedesktop.DBus; member=NameOwnerChanged
   string ":1.30"
   string ":1.30"
   string ""
signal time=1788730521.582050 sender=:1.2 -> destination=(null destination) serial=41 path=/org/a11y/atspi/registry; interface=org.a11y.atspi.Registry; member=EventListenerDeregistered
   string ":1.30"
   string ""
signal time=1788730521.587441 sender=org.freedesktop.DBus -> destination=(null destination) serial=61 path=/org/freedesktop/DBus; interface=org.freedesktop.DBus; member=NameOwnerChanged
   string ":1.31"
   string ""
   string ":1.31"
signal time=1788730521.587497 sender=org.freedesktop.DBus -> destination=:1.31 serial=2 path=/org/freedesktop/DBus; interface=org.freedesktop.DBus; member=NameAcquired
   string ":1.31"
signal time=1788730521.588685 sender=org.freedesktop.DBus -> destination=:1.31 serial=3 path=/org/freedesktop/DBus; interface=org.freedesktop.DBus; member=NameLost
   string ":1.31"
signal time=1788730521.588737 sender=org.freedesktop.DBus -> destination=(null destination) serial=62 path=/org/freedesktop/DBus; interface=org.freedesktop.DBus; member=NameOwnerChanged
   string ":1.31"
   string ":1.31"
   string ""
signal time=1788730521.588826 sender=:1.2 -> destination=(null destination) serial=42 path=/org/a11y/atspi/registry; interface=org.a11y.atspi.Registry; member=EventListenerDeregistered
   string ":1.31"
   string ""
signal time=1788730521.594526 sender=org.freedesktop.DBus -> destination=(null destination) serial=63 path=/org/freedesktop/DBus; interface=org.freedesktop.DBus; member=NameOwnerChanged
   string ":1.32"
   string ""
   string ":1.32"
signal time=1788730521.594577 sender=org.freedesktop.DBus -> destination=:1.32 serial=2 path=/org/freedesktop/DBus; interface=org.freedesktop.DBus; member=NameAcquired
   string ":1.32"
signal time=1788730521.595856 sender=org.freedesktop.DBus -> destination=:1.32 serial=3 path=/org/freedesktop/DBus; interface=org.freedesktop.DBus; member=NameLost
   string ":1.32"
signal time=1788730521.595885 sender=org.freedesktop.DBus -> destination=(null destination) serial=64 path=/org/freedesktop/DBus; interface=org.freedesktop.DBus; member=NameOwnerChanged
   string ":1.32"
   string ":1.32"
   string ""
signal time=1788730521.596051 sender=:1.2 -> destination=(null destination) serial=43 path=/org/a11y/atspi/registry; interface=org.a11y.atspi.Registry; member=EventListenerDeregistered
   string ":1.32"
   string ""
signal time=1788730521.600565 sender=org.freedesktop.DBus -> destination=(null destination) serial=65 path=/org/freedesktop/DBus; interface=org.freedesktop.DBus; member=NameOwnerChanged
   string ":1.33"
   string ""
   string ":1.33"
signal time=1788730521.600595 sender=org.freedesktop.DBus -> destination=:1.33 serial=2 path=/org/freedesktop/DBus; interface=org.freedesktop.DBus; member=NameAcquired
   string ":1.33"
signal time=1788730521.601761 sender=org.freedesktop.DBus -> destination=:1.33 serial=3 path=/org/freedesktop/DBus; interface=org.freedesktop.DBus; member=NameLost
   string ":1.33"
signal time=1788730521.601808 sender=org.freedesktop.DBus -> destination=(null destination) serial=66 path=/org/freedesktop/DBus; interface=org.freedesktop.DBus; member=NameOwnerChanged
   string ":1.33"
   string ":1.33"
   string ""
signal time=1788730521.601981 sender=:1.2 -> destination=(null destination) serial=44 path=/org/a11y/atspi/registry; interface=org.a11y.atspi.Registry; member=EventListenerDeregistered
   string ":1.33"
   string ""
signal time=1788730521.606672 sender=org.freedesktop.DBus -> destination=(null destination) serial=67 path=/org/freedesktop/DBus; interface=org.freedesktop.DBus; member=NameOwnerChanged
   string ":1.34"
   string ""
   string ":1.34"
signal time=1788730521.606709 sender=org.freedesktop.DBus -> destination=:1.34 serial=2 path=/org/freedesktop/DBus; interface=org.freedesktop.DBus; member=NameAcquired
   string ":1.34"
signal time=1788730521.608310 sender=org.freedesktop.DBus -> destination=:1.34 serial=3 path=/org/freedesktop/DBus; interface=org.freedesktop.DBus; member=NameLost
   string ":1.34"
signal time=1788730521.608332 sender=org.freedesktop.DBus -> destination=(null destination) serial=68 path=/org/freedesktop/DBus; interface=org.freedesktop.DBus; member=NameOwnerChanged
   string ":1.34"
   string ":1.34"
   string ""
signal time=1788730521.608454 sender=:1.2 -> destination=(null destination) serial=45 path=/org/a11y/atspi/registry; interface=org.a11y.atspi.Registry; member=EventListenerDeregistered
   string ":1.34"
   string ""
signal time=1788730521.613153 sender=org.freedesktop.DBus -> destination=(null destination) serial=69 path=/org/freedesktop/DBus; interface=org.freedesktop.DBus; member=NameOwnerChanged
   string ":1.35"
   string ""
   string ":1.35"
signal time=1788730521.613192 sender=org.freedesktop.DBus -> destination=:1.35 serial=2 path=/org/freedesktop/DBus; interface=org.freedesktop.DBus; member=NameAcquired
   string ":1.35"
signal time=1788730521.614369 sender=org.freedesktop.DBus -> destination=:1.35 serial=3 path=/org/freedesktop/DBus; interface=org.freedesktop.DBus; member=NameLost
   string ":1.35"
signal time=1788730521.614411 sender=org.freedesktop.DBus -> destination=(null destination) serial=70 path=/org/freedesktop/DBus; interface=org.freedesktop.DBus; member=NameOwnerChanged
   string ":1.35"
   string ":1.35"
   string ""
signal time=1788730521.614564 sender=:1.2 -> destination=(null destination) serial=46 path=/org/a11y/atspi/registry; interface=org.a11y.atspi.Registry; member=EventListenerDeregistered
   string ":1.35"
   string ""
signal time=1788730521.619481 sender=org.freedesktop.DBus -> destination=(null destination) serial=71 path=/org/freedesktop/DBus; interface=org.freedesktop.DBus; member=NameOwnerChanged
   string ":1.36"
   string ""
   string ":1.36"
signal time=1788730521.619540 sender=org.freedesktop.DBus -> destination=:1.36 serial=2 path=/org/freedesktop/DBus; interface=org.freedesktop.DBus; member=NameAcquired
   string ":1.36"
signal time=1788730521.621144 sender=org.freedesktop.DBus -> destination=:1.36 serial=3 path=/org/freedesktop/DBus; interface=org.freedesktop.DBus; member=NameLost
   string ":1.36"
signal time=1788730521.621188 sender=org.freedesktop.DBus -> destination=(null destination) serial=72 path=/org/freedesktop/DBus; interface=org.freedesktop.DBus; member=NameOwnerChanged
   string ":1.36"
   string ":1.36"
   string ""
signal time=1788730521.621246 sender=:1.2 -> destination=(null destination) serial=47 path=/org/a11y/atspi/registry; interface=org.a11y.atspi.Registry; member=EventListenerDeregistered
   string ":1.36"
   string ""
signal time=1788730521.626613 sender=org.freedesktop.DBus -> destination=(null destination) serial=73 path=/org/freedesktop/DBus; interface=org.freedesktop.DBus; member=NameOwnerChanged
   string ":1.37"
   string ""
   string ":1.37"
signal time=1788730521.626659 sender=org.freedesktop.DBus -> destination=:1.37 serial=2 path=/org/freedesktop/DBus; interface=org.freedesktop.DBus; member=NameAcquired
   string ":1.37"
signal time=1788730521.628146 sender=org.freedesktop.DBus -> destination=:1.37 serial=3 path=/org/freedesktop/DBus; interface=org.freedesktop.DBus; member=NameLost
   string ":1.37"
signal time=1788730521.628196 sender=org.freedesktop.DBus -> destination=(null destination) serial=74 path=/org/freedesktop/DBus; interface=org.freedesktop.DBus; member=NameOwnerChanged
   string ":1.37"
   string ":1.37"
   string ""
signal time=1788730521.628257 sender=:1.2 -> destination=(null destination) serial=48 path=/org/a11y/atspi/registry; interface=org.a11y.atspi.Registry; member=EventListenerDeregistered
   string ":1.37"
   string ""
signal time=1788730521.632901 sender=org.freedesktop.DBus -> destination=(null destination) serial=75 path=/org/freedesktop/DBus; interface=org.freedesktop.DBus; member=NameOwnerChanged
   string ":1.38"
   string ""
   string ":1.38"
signal time=1788730521.632930 sender=org.freedesktop.DBus -> destination=:1.38 serial=2 path=/org/freedesktop/DBus; interface=org.freedesktop.DBus; member=NameAcquired
   string ":1.38"
signal time=1788730521.634296 sender=org.freedesktop.DBus -> destination=:1.38 serial=3 path=/org/freedesktop/DBus; interface=org.freedesktop.DBus; member=NameLost
   string ":1.38"
signal time=1788730521.634322 sender=org.freedesktop.DBus -> destination=(null destination) serial=76 path=/org/freedesktop/DBus; interface=org.freedesktop.DBus; member=NameOwnerChanged
   string ":1.38"
   string ":1.38"
   string ""
signal time=1788730521.634422 sender=:1.2 -> destination=(null destination) serial=49 path=/org/a11y/atspi/registry; interface=org.a11y.atspi.Registry; member=EventListenerDeregistered
   string ":1.38"
   string ""
signal time=1788730521.638487 sender=org.freedesktop.DBus -> destination=(null destination) serial=77 path=/org/freedesktop/DBus; interface=org.freedesktop.DBus; member=NameOwnerChanged
   string ":1.39"
   string ""
   string ":1.39"
signal time=1788730521.638519 sender=org.freedesktop.DBus -> destination=:1.39 serial=2 path=/org/freedesktop/DBus; interface=org.freedesktop.DBus; member=NameAcquired
   string ":1.39"
signal time=1788730521.639827 sender=org.freedesktop.DBus -> destination=:1.39 serial=3 path=/org/freedesktop/DBus; interface=org.freedesktop.DBus; member=NameLost
   string ":1.39"
signal time=1788730521.639858 sender=org.freedesktop.DBus -> destination=(null destination) serial=78 path=/org/freedesktop/DBus; interface=org.freedesktop.DBus; member=NameOwnerChanged
   string ":1.39"
   string ":1.39"
   string ""
signal time=1788730521.639957 sender=:1.2 -> destination=(null destination) serial=50 path=/org/a11y/atspi/registry; interface=org.a11y.atspi.Registry; member=EventListenerDeregistered
   string ":1.39"
   string ""
signal time=1788730521.644233 sender=org.freedesktop.DBus -> destination=(null destination) serial=79 path=/org/freedesktop/DBus; interface=org.freedesktop.DBus; member=NameOwnerChanged
   string ":1.40"
   string ""
   string ":1.40"
signal time=1788730521.644270 sender=org.freedesktop.DBus -> destination=:1.40 serial=2 path=/org/freedesktop/DBus; interface=org.freedesktop.DBus; member=NameAcquired
   string ":1.40"
signal time=1788730521.645632 sender=org.freedesktop.DBus -> destination=:1.40 serial=3 path=/org/freedesktop/DBus; interface=org.freedesktop.DBus; member=NameLost
   string ":1.40"
signal time=1788730521.645668 sender=org.freedesktop.DBus -> destination=(null destination) serial=80 path=/org/freedesktop/DBus; interface=org.freedesktop.DBus; member=NameOwnerChanged
   string ":1.40"
   string ":1.40"
   string ""
signal time=1788730521.645816 sender=:1.2 -> destination=(null destination) serial=51 path=/org/a11y/atspi/registry; interface=org.a11y.atspi.Registry; member=EventListenerDeregistered
   string ":1.40"
   string ""
signal time=1788730521.651202 sender=org.freedesktop.DBus -> destination=(null destination) serial=81 path=/org/freedesktop/DBus; interface=org.freedesktop.DBus; member=NameOwnerChanged
   string ":1.41"
   string ""
   string ":1.41"
signal time=1788730521.651235 sender=org.freedesktop.DBus -> destination=:1.41 serial=2 path=/org/freedesktop/DBus; interface=org.freedesktop.DBus; member=NameAcquired
   string ":1.41"
signal time=1788730521.652744 sender=org.freedesktop.DBus -> destination=:1.41 serial=3 path=/org/freedesktop/DBus; interface=org.freedesktop.DBus; member=NameLost
   string ":1.41"
signal time=1788730521.652766 sender=org.freedesktop.DBus -> destination=(null destination) serial=82 path=/org/freedesktop/DBus; interface=org.freedesktop.DBus; member=NameOwnerChanged
   string ":1.41"
   string ":1.41"
   string ""
signal time=1788730521.652902 sender=:1.2 -> destination=(null destination) serial=52 path=/org/a11y/atspi/registry; interface=org.a11y.atspi.Registry; member=EventListenerDeregistered
   string ":1.41"
   string ""
signal time=1788730521.658236 sender=org.freedesktop.DBus -> destination=(null destination) serial=83 path=/org/freedesktop/DBus; interface=org.freedesktop.DBus; member=NameOwnerChanged
   string ":1.42"
   string ""
   string ":1.42"
signal time=1788730521.658291 sender=org.freedesktop.DBus -> destination=:1.42 serial=2 path=/org/freedesktop/DBus; interface=org.freedesktop.DBus; member=NameAcquired
   string ":1.42"
signal time=1788730521.660242 sender=org.freedesktop.DBus -> destination=:1.42 serial=3 path=/org/freedesktop/DBus; interface=org.freedesktop.DBus; member=NameLost
   string ":1.42"
signal time=1788730521.660275 sender=org.freedesktop.DBus -> destination=(null destination) serial=84 path=/org/freedesktop/DBus; interface=org.freedesktop.DBus; member=NameOwnerChanged
   string ":1.42"
   string ":1.42"
   string ""
signal time=1788730521.660407 sender=:1.2 -> destination=(null destination) serial=53 path=/org/a11y/atspi/registry; interface=org.a11y.atspi.Registry; member=EventListenerDeregistered
   string ":1.42"
   string ""
signal time=1788730521.665930 sender=org.freedesktop.DBus -> destination=(null destination) serial=85 path=/org/freedesktop/DBus; interface=org.freedesktop.DBus; member=NameOwnerChanged
   string ":1.43"
   string ""
   string ":1.43"
signal time=1788730521.665966 sender=org.freedesktop.DBus -> destination=:1.43 serial=2 path=/org/freedesktop/DBus; interface=org.freedesktop.DBus; member=NameAcquired
   string ":1.43"
signal time=1788730521.668815 sender=org.freedesktop.DBus -> destination=:1.43 serial=3 path=/org/freedesktop/DBus; interface=org.freedesktop.DBus; member=NameLost
   string ":1.43"
signal time=1788730521.668839 sender=org.freedesktop.DBus -> destination=(null destination) serial=86 path=/org/freedesktop/DBus; interface=org.freedesktop.DBus; member=NameOwnerChanged
   string ":1.43"
   string ":1.43"
   string ""
signal time=1788730521.668853 sender=:1.2 -> destination=(null destination) serial=54 path=/org/a11y/atspi/registry; interface=org.a11y.atspi.Registry; member=EventListenerDeregistered
   string ":1.43"
   string ""
signal time=1788730521.672464 sender=org.freedesktop.DBus -> destination=(null destination) serial=87 path=/org/freedesktop/DBus; interface=org.freedesktop.DBus; member=NameOwnerChanged
   string ":1.44"
   string ""
   string ":1.44"
signal time=1788730521.672497 sender=org.freedesktop.DBus -> destination=:1.44 serial=2 path=/org/freedesktop/DBus; interface=org.freedesktop.DBus; member=NameAcquired
   string ":1.44"
signal time=1788730521.673748 sender=org.freedesktop.DBus -> destination=:1.44 serial=3 path=/org/freedesktop/DBus; interface=org.freedesktop.DBus; member=NameLost
   string ":1.44"
signal time=1788730521.673774 sender=org.freedesktop.DBus -> destination=(null destination) serial=88 path=/org/freedesktop/DBus; interface=org.freedesktop.DBus; member=NameOwnerChanged
   string ":1.44"
   string ":1.44"
   string ""
signal time=1788730521.673886 sender=:1.2 -> destination=(null destination) serial=55 path=/org/a11y/atspi/registry; interface=org.a11y.atspi.Registry; member=EventListenerDeregistered
   string ":1.44"
   string ""
signal time=1788730521.678878 sender=org.freedesktop.DBus -> destination=(null destination) serial=89 path=/org/freedesktop/DBus; interface=org.freedesktop.DBus; member=NameOwnerChanged
   string ":1.45"
   string ""
   string ":1.45"
signal time=1788730521.678930 sender=org.freedesktop.DBus -> destination=:1.45 serial=2 path=/org/freedesktop/DBus; interface=org.freedesktop.DBus; member=NameAcquired
   string ":1.45"
signal time=1788730521.680382 sender=org.freedesktop.DBus -> destination=:1.45 serial=3 path=/org/freedesktop/DBus; interface=org.freedesktop.DBus; member=NameLost
   string ":1.45"
signal time=1788730521.680425 sender=org.freedesktop.DBus -> destination=(null destination) serial=90 path=/org/freedesktop/DBus; interface=org.freedesktop.DBus; member=NameOwnerChanged
   string ":1.45"
   string ":1.45"
   string ""
signal time=1788730521.680486 sender=:1.2 -> destination=(null destination) serial=56 path=/org/a11y/atspi/registry; interface=org.a11y.atspi.Registry; member=EventListenerDeregistered
   string ":1.45"
   string ""
signal time=1788730521.685275 sender=org.freedesktop.DBus -> destination=(null destination) serial=91 path=/org/freedesktop/DBus; interface=org.freedesktop.DBus; member=NameOwnerChanged
   string ":1.46"
   string ""
   string ":1.46"
signal time=1788730521.685314 sender=org.freedesktop.DBus -> destination=:1.46 serial=2 path=/org/freedesktop/DBus; interface=org.freedesktop.DBus; member=NameAcquired
   string ":1.46"
signal time=1788730521.686232 sender=org.freedesktop.DBus -> destination=:1.46 serial=3 path=/org/freedesktop/DBus; interface=org.freedesktop.DBus; member=NameLost
   string ":1.46"
signal time=1788730521.686257 sender=org.freedesktop.DBus -> destination=(null destination) serial=92 path=/org/freedesktop/DBus; interface=org.freedesktop.DBus; member=NameOwnerChanged
   string ":1.46"
   string ":1.46"
   string ""
signal time=1788730521.686372 sender=:1.2 -> destination=(null destination) serial=57 path=/org/a11y/atspi/registry; interface=org.a11y.atspi.Registry; member=EventListenerDeregistered
   string ":1.46"
   string ""
signal time=1788730521.691159 sender=org.freedesktop.DBus -> destination=(null destination) serial=93 path=/org/freedesktop/DBus; interface=org.freedesktop.DBus; member=NameOwnerChanged
   string ":1.47"
   string ""
   string ":1.47"
signal time=1788730521.691202 sender=org.freedesktop.DBus -> destination=:1.47 serial=2 path=/org/freedesktop/DBus; interface=org.freedesktop.DBus; member=NameAcquired
   string ":1.47"
signal time=1788730521.693056 sender=org.freedesktop.DBus -> destination=:1.47 serial=3 path=/org/freedesktop/DBus; interface=org.freedesktop.DBus; member=NameLost
   string ":1.47"
signal time=1788730521.693084 sender=org.freedesktop.DBus -> destination=(null destination) serial=94 path=/org/freedesktop/DBus; interface=org.freedesktop.DBus; member=NameOwnerChanged
   string ":1.47"
   string ":1.47"
   string ""
signal time=1788730521.693177 sender=:1.2 -> destination=(null destination) serial=58 path=/org/a11y/atspi/registry; interface=org.a11y.atspi.Registry; member=EventListenerDeregistered
   string ":1.47"
   string ""
signal time=1788730521.699036 sender=org.freedesktop.DBus -> destination=(null destination) serial=95 path=/org/freedesktop/DBus; interface=org.freedesktop.DBus; member=NameOwnerChanged
   string ":1.48"
   string ""
   string ":1.48"
signal time=1788730521.699077 sender=org.freedesktop.DBus -> destination=:1.48 serial=2 path=/org/freedesktop/DBus; interface=org.freedesktop.DBus; member=NameAcquired
   string ":1.48"
signal time=1788730521.700700 sender=org.freedesktop.DBus -> destination=:1.48 serial=3 path=/org/freedesktop/DBus; interface=org.freedesktop.DBus; member=NameLost
   string ":1.48"
signal time=1788730521.700721 sender=org.freedesktop.DBus -> destination=(null destination) serial=96 path=/org/freedesktop/DBus; interface=org.freedesktop.DBus; member=NameOwnerChanged
   string ":1.48"
   string ":1.48"
   string ""
signal time=1788730521.700870 sender=:1.2 -> destination=(null destination) serial=59 path=/org/a11y/atspi/registry; interface=org.a11y.atspi.Registry; member=EventListenerDeregistered
   string ":1.48"
   string ""
signal time=1788730521.705632 sender=org.freedesktop.DBus -> destination=(null destination) serial=97 path=/org/freedesktop/DBus; interface=org.freedesktop.DBus; member=NameOwnerChanged
   string ":1.49"
   string ""
   string ":1.49"
signal time=1788730521.705670 sender=org.freedesktop.DBus -> destination=:1.49 serial=2 path=/org/freedesktop/DBus; interface=org.freedesktop.DBus; member=NameAcquired
   string ":1.49"
signal time=1788730521.707186 sender=org.freedesktop.DBus -> destination=:1.49 serial=3 path=/org/freedesktop/DBus; interface=org.freedesktop.DBus; member=NameLost
   string ":1.49"
signal time=1788730521.707223 sender=org.freedesktop.DBus -> destination=(null destination) serial=98 path=/org/freedesktop/DBus; interface=org.freedesktop.DBus; member=NameOwnerChanged
   string ":1.49"
   string ":1.49"
   string ""
signal time=1788730521.707315 sender=:1.2 -> destination=(null destination) serial=60 path=/org/a11y/atspi/registry; interface=org.a11y.atspi.Registry; member=EventListenerDeregistered
   string ":1.49"
   string ""
signal time=1788730521.712157 sender=org.freedesktop.DBus -> destination=(null destination) serial=99 path=/org/freedesktop/DBus; interface=org.freedesktop.DBus; member=NameOwnerChanged
   string ":1.50"
   string ""
   string ":1.50"
signal time=1788730521.712220 sender=org.freedesktop.DBus -> destination=:1.50 serial=2 path=/org/freedesktop/DBus; interface=org.freedesktop.DBus; member=NameAcquired
   string ":1.50"
signal time=1788730521.713531 sender=org.freedesktop.DBus -> destination=:1.50 serial=3 path=/org/freedesktop/DBus; interface=org.freedesktop.DBus; member=NameLost
   string ":1.50"
signal time=1788730521.713561 sender=org.freedesktop.DBus -> destination=(null destination) serial=100 path=/org/freedesktop/DBus; interface=org.freedesktop.DBus; member=NameOwnerChanged
   string ":1.50"
   string ":1.50"
   string ""
signal time=1788730521.713620 sender=:1.2 -> destination=(null destination) serial=61 path=/org/a11y/atspi/registry; interface=org.a11y.atspi.Registry; member=EventListenerDeregistered
   string ":1.50"
   string ""
signal time=1788730521.718535 sender=org.freedesktop.DBus -> destination=(null destination) serial=101 path=/org/freedesktop/DBus; interface=org.freedesktop.DBus; member=NameOwnerChanged
   string ":1.51"
   string ""
   string ":1.51"
signal time=1788730521.718569 sender=org.freedesktop.DBus -> destination=:1.51 serial=2 path=/org/freedesktop/DBus; interface=org.freedesktop.DBus; member=NameAcquired
   string ":1.51"
signal time=1788730521.720008 sender=org.freedesktop.DBus -> destination=:1.51 serial=3 path=/org/freedesktop/DBus; interface=org.freedesktop.DBus; member=NameLost
   string ":1.51"
signal time=1788730521.720022 sender=org.freedesktop.DBus -> destination=(null destination) serial=102 path=/org/freedesktop/DBus; interface=org.freedesktop.DBus; member=NameOwnerChanged
   string ":1.51"
   string ":1.51"
   string ""
signal time=1788730521.720163 sender=:1.2 -> destination=(null destination) serial=62 path=/org/a11y/atspi/registry; interface=org.a11y.atspi.Registry; member=EventListenerDeregistered
   string ":1.51"
   string ""
signal time=1788730521.724760 sender=org.freedesktop.DBus -> destination=(null destination) serial=103 path=/org/freedesktop/DBus; interface=org.freedesktop.DBus; member=NameOwnerChanged
   string ":1.52"
   string ""
   string ":1.52"
signal time=1788730521.724807 sender=org.freedesktop.DBus -> destination=:1.52 serial=2 path=/org/freedesktop/DBus; interface=org.freedesktop.DBus; member=NameAcquired
   string ":1.52"
signal time=1788730521.726203 sender=org.freedesktop.DBus -> destination=:1.52 serial=3 path=/org/freedesktop/DBus; interface=org.freedesktop.DBus; member=NameLost
   string ":1.52"
signal time=1788730521.726280 sender=org.freedesktop.DBus -> destination=(null destination) serial=104 path=/org/freedesktop/DBus; interface=org.freedesktop.DBus; member=NameOwnerChanged
   string ":1.52"
   string ":1.52"
   string ""
signal time=1788730521.726349 sender=:1.2 -> destination=(null destination) serial=63 path=/org/a11y/atspi/registry; interface=org.a11y.atspi.Registry; member=EventListenerDeregistered
   string ":1.52"
   string ""
signal time=1788730521.731456 sender=org.freedesktop.DBus -> destination=(null destination) serial=105 path=/org/freedesktop/DBus; interface=org.freedesktop.DBus; member=NameOwnerChanged
   string ":1.53"
   string ""
   string ":1.53"
signal time=1788730521.731487 sender=org.freedesktop.DBus -> destination=:1.53 serial=2 path=/org/freedesktop/DBus; interface=org.freedesktop.DBus; member=NameAcquired
   string ":1.53"
signal time=1788730521.733103 sender=org.freedesktop.DBus -> destination=:1.53 serial=3 path=/org/freedesktop/DBus; interface=org.freedesktop.DBus; member=NameLost
   string ":1.53"
signal time=1788730521.733119 sender=org.freedesktop.DBus -> destination=(null destination) serial=106 path=/org/freedesktop/DBus; interface=org.freedesktop.DBus; member=NameOwnerChanged
   string ":1.53"
   string ":1.53"
   string ""
signal time=1788730521.733296 sender=:1.2 -> destination=(null destination) serial=64 path=/org/a11y/atspi/registry; interface=org.a11y.atspi.Registry; member=EventListenerDeregistered
   string ":1.53"
   string ""
signal time=1788730521.737338 sender=org.freedesktop.DBus -> destination=(null destination) serial=107 path=/org/freedesktop/DBus; interface=org.freedesktop.DBus; member=NameOwnerChanged
   string ":1.54"
   string ""
   string ":1.54"
signal time=1788730521.737368 sender=org.freedesktop.DBus -> destination=:1.54 serial=2 path=/org/freedesktop/DBus; interface=org.freedesktop.DBus; member=NameAcquired
   string ":1.54"
signal time=1788730521.738712 sender=org.freedesktop.DBus -> destination=:1.54 serial=3 path=/org/freedesktop/DBus; interface=org.freedesktop.DBus; member=NameLost
   string ":1.54"
signal time=1788730521.738731 sender=org.freedesktop.DBus -> destination=(null destination) serial=108 path=/org/freedesktop/DBus; interface=org.freedesktop.DBus; member=NameOwnerChanged
   string ":1.54"
   string ":1.54"
   string ""
signal time=1788730521.738884 sender=:1.2 -> destination=(null destination) serial=65 path=/org/a11y/atspi/registry; interface=org.a11y.atspi.Registry; member=EventListenerDeregistered
   string ":1.54"
   string ""
signal time=1788730521.743311 sender=org.freedesktop.DBus -> destination=(null destination) serial=109 path=/org/freedesktop/DBus; interface=org.freedesktop.DBus; member=NameOwnerChanged
   string ":1.55"
   string ""
   string ":1.55"
signal time=1788730521.743383 sender=org.freedesktop.DBus -> destination=:1.55 serial=2 path=/org/freedesktop/DBus; interface=org.freedesktop.DBus; member=NameAcquired
   string ":1.55"
signal time=1788730521.744910 sender=org.freedesktop.DBus -> destination=:1.55 serial=3 path=/org/freedesktop/DBus; interface=org.freedesktop.DBus; member=NameLost
   string ":1.55"
signal time=1788730521.744934 sender=org.freedesktop.DBus -> destination=(null destination) serial=110 path=/org/freedesktop/DBus; interface=org.freedesktop.DBus; member=NameOwnerChanged
   string ":1.55"
   string ":1.55"
   string ""
signal time=1788730521.745132 sender=:1.2 -> destination=(null destination) serial=66 path=/org/a11y/atspi/registry; interface=org.a11y.atspi.Registry; member=EventListenerDeregistered
   string ":1.55"
   string ""
signal time=1788730521.749004 sender=org.freedesktop.DBus -> destination=(null destination) serial=111 path=/org/freedesktop/DBus; interface=org.freedesktop.DBus; member=NameOwnerChanged
   string ":1.56"
   string ""
   string ":1.56"
signal time=1788730521.749074 sender=org.freedesktop.DBus -> destination=:1.56 serial=2 path=/org/freedesktop/DBus; interface=org.freedesktop.DBus; member=NameAcquired
   string ":1.56"
signal time=1788730521.750621 sender=org.freedesktop.DBus -> destination=:1.56 serial=3 path=/org/freedesktop/DBus; interface=org.freedesktop.DBus; member=NameLost
   string ":1.56"
signal time=1788730521.750639 sender=org.freedesktop.DBus -> destination=(null destination) serial=112 path=/org/freedesktop/DBus; interface=org.freedesktop.DBus; member=NameOwnerChanged
   string ":1.56"
   string ":1.56"
   string ""
signal time=1788730521.750784 sender=:1.2 -> destination=(null destination) serial=67 path=/org/a11y/atspi/registry; interface=org.a11y.atspi.Registry; member=EventListenerDeregistered
   string ":1.56"
   string ""
signal time=1788730521.754780 sender=org.freedesktop.DBus -> destination=(null destination) serial=113 path=/org/freedesktop/DBus; interface=org.freedesktop.DBus; member=NameOwnerChanged
   string ":1.57"
   string ""
   string ":1.57"
signal time=1788730521.754863 sender=org.freedesktop.DBus -> destination=:1.57 serial=2 path=/org/freedesktop/DBus; interface=org.freedesktop.DBus; member=NameAcquired
   string ":1.57"
signal time=1788730521.756621 sender=org.freedesktop.DBus -> destination=:1.57 serial=3 path=/org/freedesktop/DBus; interface=org.freedesktop.DBus; member=NameLost
   string ":1.57"
signal time=1788730521.756664 sender=org.freedesktop.DBus -> destination=(null destination) serial=114 path=/org/freedesktop/DBus; interface=org.freedesktop.DBus; member=NameOwnerChanged
   string ":1.57"
   string ":1.57"
   string ""
signal time=1788730521.756824 sender=:1.2 -> destination=(null destination) serial=68 path=/org/a11y/atspi/registry; interface=org.a11y.atspi.Registry; member=EventListenerDeregistered
   string ":1.57"
   string ""
signal time=1788730521.761431 sender=org.freedesktop.DBus -> destination=(null destination) serial=115 path=/org/freedesktop/DBus; interface=org.freedesktop.DBus; member=NameOwnerChanged
   string ":1.58"
   string ""
   string ":1.58"
signal time=1788730521.761472 sender=org.freedesktop.DBus -> destination=:1.58 serial=2 path=/org/freedesktop/DBus; interface=org.freedesktop.DBus; member=NameAcquired
   string ":1.58"
signal time=1788730521.762747 sender=org.freedesktop.DBus -> destination=:1.58 serial=3 path=/org/freedesktop/DBus; interface=org.freedesktop.DBus; member=NameLost
   string ":1.58"
signal time=1788730521.762771 sender=org.freedesktop.DBus -> destination=(null destination) serial=116 path=/org/freedesktop/DBus; interface=org.freedesktop.DBus; member=NameOwnerChanged
   string ":1.58"
   string ":1.58"
   string ""
signal time=1788730521.762943 sender=:1.2 -> destination=(null destination) serial=69 path=/org/a11y/atspi/registry; interface=org.a11y.atspi.Registry; member=EventListenerDeregistered
   string ":1.58"
   string ""
signal time=1788730521.766770 sender=org.freedesktop.DBus -> destination=(null destination) serial=117 path=/org/freedesktop/DBus; interface=org.freedesktop.DBus; member=NameOwnerChanged
   string ":1.59"
   string ""
   string ":1.59"
signal time=1788730521.766814 sender=org.freedesktop.DBus -> destination=:1.59 serial=2 path=/org/freedesktop/DBus; interface=org.freedesktop.DBus; member=NameAcquired
   string ":1.59"
signal time=1788730521.768162 sender=org.freedesktop.DBus -> destination=:1.59 serial=3 path=/org/freedesktop/DBus; interface=org.freedesktop.DBus; member=NameLost
   string ":1.59"
signal time=1788730521.768180 sender=org.freedesktop.DBus -> destination=(null destination) serial=118 path=/org/freedesktop/DBus; interface=org.freedesktop.DBus; member=NameOwnerChanged
   string ":1.59"
   string ":1.59"
   string ""
signal time=1788730521.768255 sender=:1.2 -> destination=(null destination) serial=70 path=/org/a11y/atspi/registry; interface=org.a11y.atspi.Registry; member=EventListenerDeregistered
   string ":1.59"
   string ""
signal time=1788730521.772483 sender=org.freedesktop.DBus -> destination=(null destination) serial=119 path=/org/freedesktop/DBus; interface=org.freedesktop.DBus; member=NameOwnerChanged
   string ":1.60"
   string ""
   string ":1.60"
signal time=1788730521.772514 sender=org.freedesktop.DBus -> destination=:1.60 serial=2 path=/org/freedesktop/DBus; interface=org.freedesktop.DBus; member=NameAcquired
   string ":1.60"
signal time=1788730521.773666 sender=org.freedesktop.DBus -> destination=:1.60 serial=3 path=/org/freedesktop/DBus; interface=org.freedesktop.DBus; member=NameLost
   string ":1.60"
signal time=1788730521.773683 sender=org.freedesktop.DBus -> destination=(null destination) serial=120 path=/org/freedesktop/DBus; interface=org.freedesktop.DBus; member=NameOwnerChanged
   string ":1.60"
   string ":1.60"
   string ""
signal time=1788730521.773755 sender=:1.2 -> destination=(null destination) serial=71 path=/org/a11y/atspi/registry; interface=org.a11y.atspi.Registry; member=EventListenerDeregistered
   string ":1.60"
   string ""
signal time=1788730521.777917 sender=org.freedesktop.DBus -> destination=(null destination) serial=121 path=/org/freedesktop/DBus; interface=org.freedesktop.DBus; member=NameOwnerChanged
   string ":1.61"
   string ""
   string ":1.61"
signal time=1788730521.777965 sender=org.freedesktop.DBus -> destination=:1.61 serial=2 path=/org/freedesktop/DBus; interface=org.freedesktop.DBus; member=NameAcquired
   string ":1.61"
signal time=1788730521.779194 sender=org.freedesktop.DBus -> destination=:1.61 serial=3 path=/org/freedesktop/DBus; interface=org.freedesktop.DBus; member=NameLost
   string ":1.61"
signal time=1788730521.779218 sender=org.freedesktop.DBus -> destination=(null destination) serial=122 path=/org/freedesktop/DBus; interface=org.freedesktop.DBus; member=NameOwnerChanged
   string ":1.61"
   string ":1.61"
   string ""
signal time=1788730521.779365 sender=:1.2 -> destination=(null destination) serial=72 path=/org/a11y/atspi/registry; interface=org.a11y.atspi.Registry; member=EventListenerDeregistered
   string ":1.61"
   string ""
signal time=1788730521.783972 sender=org.freedesktop.DBus -> destination=(null destination) serial=123 path=/org/freedesktop/DBus; interface=org.freedesktop.DBus; member=NameOwnerChanged
   string ":1.62"
   string ""
   string ":1.62"
signal time=1788730521.784020 sender=org.freedesktop.DBus -> destination=:1.62 serial=2 path=/org/freedesktop/DBus; interface=org.freedesktop.DBus; member=NameAcquired
   string ":1.62"
signal time=1788730521.785826 sender=org.freedesktop.DBus -> destination=:1.62 serial=3 path=/org/freedesktop/DBus; interface=org.freedesktop.DBus; member=NameLost
   string ":1.62"
signal time=1788730521.785856 sender=org.freedesktop.DBus -> destination=(null destination) serial=124 path=/org/freedesktop/DBus; interface=org.freedesktop.DBus; member=NameOwnerChanged
   string ":1.62"
   string ":1.62"
   string ""
signal time=1788730521.785927 sender=:1.2 -> destination=(null destination) serial=73 path=/org/a11y/atspi/registry; interface=org.a11y.atspi.Registry; member=EventListenerDeregistered
   string ":1.62"
   string ""
signal time=1788730521.789780 sender=org.freedesktop.DBus -> destination=(null destination) serial=125 path=/org/freedesktop/DBus; interface=org.freedesktop.DBus; member=NameOwnerChanged
   string ":1.63"
   string ""
   string ":1.63"
signal time=1788730521.789817 sender=org.freedesktop.DBus -> destination=:1.63 serial=2 path=/org/freedesktop/DBus; interface=org.freedesktop.DBus; member=NameAcquired
   string ":1.63"
signal time=1788730521.791839 sender=org.freedesktop.DBus -> destination=:1.63 serial=3 path=/org/freedesktop/DBus; interface=org.freedesktop.DBus; member=NameLost
   string ":1.63"
signal time=1788730521.791868 sender=org.freedesktop.DBus -> destination=(null destination) serial=126 path=/org/freedesktop/DBus; interface=org.freedesktop.DBus; member=NameOwnerChanged
   string ":1.63"
   string ":1.63"
   string ""
signal time=1788730521.791932 sender=:1.2 -> destination=(null destination) serial=74 path=/org/a11y/atspi/registry; interface=org.a11y.atspi.Registry; member=EventListenerDeregistered
   string ":1.63"
   string ""
signal time=1788730521.797060 sender=org.freedesktop.DBus -> destination=(null destination) serial=127 path=/org/freedesktop/DBus; interface=org.freedesktop.DBus; member=NameOwnerChanged
   string ":1.64"
   string ""
   string ":1.64"
signal time=1788730521.797099 sender=org.freedesktop.DBus -> destination=:1.64 serial=2 path=/org/freedesktop/DBus; interface=org.freedesktop.DBus; member=NameAcquired
   string ":1.64"
signal time=1788730521.798483 sender=org.freedesktop.DBus -> destination=:1.64 serial=3 path=/org/freedesktop/DBus; interface=org.freedesktop.DBus; member=NameLost
   string ":1.64"
signal time=1788730521.798508 sender=org.freedesktop.DBus -> destination=(null destination) serial=128 path=/org/freedesktop/DBus; interface=org.freedesktop.DBus; member=NameOwnerChanged
   string ":1.64"
   string ":1.64"
   string ""
signal time=1788730521.798579 sender=:1.2 -> destination=(null destination) serial=75 path=/org/a11y/atspi/registry; interface=org.a11y.atspi.Registry; member=EventListenerDeregistered
   string ":1.64"
   string ""
signal time=1788730521.803267 sender=org.freedesktop.DBus -> destination=(null destination) serial=129 path=/org/freedesktop/DBus; interface=org.freedesktop.DBus; member=NameOwnerChanged
   string ":1.65"
   string ""
   string ":1.65"
signal time=1788730521.803304 sender=org.freedesktop.DBus -> destination=:1.65 serial=2 path=/org/freedesktop/DBus; interface=org.freedesktop.DBus; member=NameAcquired
   string ":1.65"
signal time=1788730521.804471 sender=org.freedesktop.DBus -> destination=:1.65 serial=3 path=/org/freedesktop/DBus; interface=org.freedesktop.DBus; member=NameLost
   string ":1.65"
signal time=1788730521.804492 sender=org.freedesktop.DBus -> destination=(null destination) serial=130 path=/org/freedesktop/DBus; interface=org.freedesktop.DBus; member=NameOwnerChanged
   string ":1.65"
   string ":1.65"
   string ""
signal time=1788730521.804568 sender=:1.2 -> destination=(null destination) serial=76 path=/org/a11y/atspi/registry; interface=org.a11y.atspi.Registry; member=EventListenerDeregistered
   string ":1.65"
   string ""
signal time=1788730521.809260 sender=org.freedesktop.DBus -> destination=(null destination) serial=131 path=/org/freedesktop/DBus; interface=org.freedesktop.DBus; member=NameOwnerChanged
   string ":1.66"
   string ""
   string ":1.66"
signal time=1788730521.809304 sender=org.freedesktop.DBus -> destination=:1.66 serial=2 path=/org/freedesktop/DBus; interface=org.freedesktop.DBus; member=NameAcquired
   string ":1.66"
signal time=1788730521.810761 sender=org.freedesktop.DBus -> destination=:1.66 serial=3 path=/org/freedesktop/DBus; interface=org.freedesktop.DBus; member=NameLost
   string ":1.66"
signal time=1788730521.810796 sender=org.freedesktop.DBus -> destination=(null destination) serial=132 path=/org/freedesktop/DBus; interface=org.freedesktop.DBus; member=NameOwnerChanged
   string ":1.66"
   string ":1.66"
   string ""
signal time=1788730521.810904 sender=:1.2 -> destination=(null destination) serial=77 path=/org/a11y/atspi/registry; interface=org.a11y.atspi.Registry; member=EventListenerDeregistered
   string ":1.66"
   string ""
signal time=1788730521.815660 sender=org.freedesktop.DBus -> destination=(null destination) serial=133 path=/org/freedesktop/DBus; interface=org.freedesktop.DBus; member=NameOwnerChanged
   string ":1.67"
   string ""
   string ":1.67"
signal time=1788730521.815699 sender=org.freedesktop.DBus -> destination=:1.67 serial=2 path=/org/freedesktop/DBus; interface=org.freedesktop.DBus; member=NameAcquired
   string ":1.67"
signal time=1788730521.816798 sender=org.freedesktop.DBus -> destination=:1.67 serial=3 path=/org/freedesktop/DBus; interface=org.freedesktop.DBus; member=NameLost
   string ":1.67"
signal time=1788730521.816816 sender=org.freedesktop.DBus -> destination=(null destination) serial=134 path=/org/freedesktop/DBus; interface=org.freedesktop.DBus; member=NameOwnerChanged
   string ":1.67"
   string ":1.67"
   string ""
signal time=1788730521.816959 sender=:1.2 -> destination=(null destination) serial=78 path=/org/a11y/atspi/registry; interface=org.a11y.atspi.Registry; member=EventListenerDeregistered
   string ":1.67"
   string ""
signal time=1788730521.821494 sender=org.freedesktop.DBus -> destination=(null destination) serial=135 path=/org/freedesktop/DBus; interface=org.freedesktop.DBus; member=NameOwnerChanged
   string ":1.68"
   string ""
   string ":1.68"
signal time=1788730521.821532 sender=org.freedesktop.DBus -> destination=:1.68 serial=2 path=/org/freedesktop/DBus; interface=org.freedesktop.DBus; member=NameAcquired
   string ":1.68"
signal time=1788730521.822985 sender=org.freedesktop.DBus -> destination=:1.68 serial=3 path=/org/freedesktop/DBus; interface=org.freedesktop.DBus; member=NameLost
   string ":1.68"
signal time=1788730521.823018 sender=org.freedesktop.DBus -> destination=(null destination) serial=136 path=/org/freedesktop/DBus; interface=org.freedesktop.DBus; member=NameOwnerChanged
   string ":1.68"
   string ":1.68"
   string ""
signal time=1788730521.823136 sender=:1.2 -> destination=(null destination) serial=79 path=/org/a11y/atspi/registry; interface=org.a11y.atspi.Registry; member=EventListenerDeregistered
   string ":1.68"
   string ""
signal time=1788730521.828070 sender=org.freedesktop.DBus -> destination=(null destination) serial=137 path=/org/freedesktop/DBus; interface=org.freedesktop.DBus; member=NameOwnerChanged
   string ":1.69"
   string ""
   string ":1.69"
signal time=1788730521.828101 sender=org.freedesktop.DBus -> destination=:1.69 serial=2 path=/org/freedesktop/DBus; interface=org.freedesktop.DBus; member=NameAcquired
   string ":1.69"
signal time=1788730521.829817 sender=org.freedesktop.DBus -> destination=:1.69 serial=3 path=/org/freedesktop/DBus; interface=org.freedesktop.DBus; member=NameLost
   string ":1.69"
signal time=1788730521.829843 sender=org.freedesktop.DBus -> destination=(null destination) serial=138 path=/org/freedesktop/DBus; interface=org.freedesktop.DBus; member=NameOwnerChanged
   string ":1.69"
   string ":1.69"
   string ""
signal time=1788730521.829877 sender=:1.2 -> destination=(null destination) serial=80 path=/org/a11y/atspi/registry; interface=org.a11y.atspi.Registry; member=EventListenerDeregistered
   string ":1.69"
   string ""
signal time=1788730521.834163 sender=org.freedesktop.DBus -> destination=(null destination) serial=139 path=/org/freedesktop/DBus; interface=org.freedesktop.DBus; member=NameOwnerChanged
   string ":1.70"
   string ""
   string ":1.70"
signal time=1788730521.834200 sender=org.freedesktop.DBus -> destination=:1.70 serial=2 path=/org/freedesktop/DBus; interface=org.freedesktop.DBus; member=NameAcquired
   string ":1.70"
signal time=1788730521.835611 sender=org.freedesktop.DBus -> destination=:1.70 serial=3 path=/org/freedesktop/DBus; interface=org.freedesktop.DBus; member=NameLost
   string ":1.70"
signal time=1788730521.835630 sender=org.freedesktop.DBus -> destination=(null destination) serial=140 path=/org/freedesktop/DBus; interface=org.freedesktop.DBus; member=NameOwnerChanged
   string ":1.70"
   string ":1.70"
   string ""
signal time=1788730521.835721 sender=:1.2 -> destination=(null destination) serial=81 path=/org/a11y/atspi/registry; interface=org.a11y.atspi.Registry; member=EventListenerDeregistered
   string ":1.70"
   string ""
signal time=1788730521.840510 sender=org.freedesktop.DBus -> destination=(null destination) serial=141 path=/org/freedesktop/DBus; interface=org.freedesktop.DBus; member=NameOwnerChanged
   string ":1.71"
   string ""
   string ":1.71"
signal time=1788730521.840537 sender=org.freedesktop.DBus -> destination=:1.71 serial=2 path=/org/freedesktop/DBus; interface=org.freedesktop.DBus; member=NameAcquired
   string ":1.71"
signal time=1788730521.842035 sender=org.freedesktop.DBus -> destination=:1.71 serial=3 path=/org/freedesktop/DBus; interface=org.freedesktop.DBus; member=NameLost
   string ":1.71"
signal time=1788730521.842066 sender=org.freedesktop.DBus -> destination=(null destination) serial=142 path=/org/freedesktop/DBus; interface=org.freedesktop.DBus; member=NameOwnerChanged
   string ":1.71"
   string ":1.71"
   string ""
signal time=1788730521.842201 sender=:1.2 -> destination=(null destination) serial=82 path=/org/a11y/atspi/registry; interface=org.a11y.atspi.Registry; member=EventListenerDeregistered
   string ":1.71"
   string ""
signal time=1788730521.847112 sender=org.freedesktop.DBus -> destination=(null destination) serial=143 path=/org/freedesktop/DBus; interface=org.freedesktop.DBus; member=NameOwnerChanged
   string ":1.72"
   string ""
   string ":1.72"
signal time=1788730521.847151 sender=org.freedesktop.DBus -> destination=:1.72 serial=2 path=/org/freedesktop/DBus; interface=org.freedesktop.DBus; member=NameAcquired
   string ":1.72"
signal time=1788730521.848695 sender=org.freedesktop.DBus -> destination=:1.72 serial=3 path=/org/freedesktop/DBus; interface=org.freedesktop.DBus; member=NameLost
   string ":1.72"
signal time=1788730521.848721 sender=org.freedesktop.DBus -> destination=(null destination) serial=144 path=/org/freedesktop/DBus; interface=org.freedesktop.DBus; member=NameOwnerChanged
   string ":1.72"
   string ":1.72"
   string ""
signal time=1788730521.848782 sender=:1.2 -> destination=(null destination) serial=83 path=/org/a11y/atspi/registry; interface=org.a11y.atspi.Registry; member=EventListenerDeregistered
   string ":1.72"
   string ""
signal time=1788730521.853772 sender=org.freedesktop.DBus -> destination=(null destination) serial=145 path=/org/freedesktop/DBus; interface=org.freedesktop.DBus; member=NameOwnerChanged
   string ":1.73"
   string ""
   string ":1.73"
signal time=1788730521.853818 sender=org.freedesktop.DBus -> destination=:1.73 serial=2 path=/org/freedesktop/DBus; interface=org.freedesktop.DBus; member=NameAcquired
   string ":1.73"
signal time=1788730521.855358 sender=org.freedesktop.DBus -> destination=:1.73 serial=3 path=/org/freedesktop/DBus; interface=org.freedesktop.DBus; member=NameLost
   string ":1.73"
signal time=1788730521.855397 sender=org.freedesktop.DBus -> destination=(null destination) serial=146 path=/org/freedesktop/DBus; interface=org.freedesktop.DBus; member=NameOwnerChanged
   string ":1.73"
   string ":1.73"
   string ""
signal time=1788730521.855533 sender=:1.2 -> destination=(null destination) serial=84 path=/org/a11y/atspi/registry; interface=org.a11y.atspi.Registry; member=EventListenerDeregistered
   string ":1.73"
   string ""
signal time=1788730521.861142 sender=org.freedesktop.DBus -> destination=(null destination) serial=147 path=/org/freedesktop/DBus; interface=org.freedesktop.DBus; member=NameOwnerChanged
   string ":1.74"
   string ""
   string ":1.74"
signal time=1788730521.861203 sender=org.freedesktop.DBus -> destination=:1.74 serial=2 path=/org/freedesktop/DBus; interface=org.freedesktop.DBus; member=NameAcquired
   string ":1.74"
signal time=1788730521.862685 sender=org.freedesktop.DBus -> destination=:1.74 serial=3 path=/org/freedesktop/DBus; interface=org.freedesktop.DBus; member=NameLost
   string ":1.74"
signal time=1788730521.862730 sender=org.freedesktop.DBus -> destination=(null destination) serial=148 path=/org/freedesktop/DBus; interface=org.freedesktop.DBus; member=NameOwnerChanged
   string ":1.74"
   string ":1.74"
   string ""
signal time=1788730521.862868 sender=:1.2 -> destination=(null destination) serial=85 path=/org/a11y/atspi/registry; interface=org.a11y.atspi.Registry; member=EventListenerDeregistered
   string ":1.74"
   string ""
signal time=1788730521.867465 sender=org.freedesktop.DBus -> destination=(null destination) serial=149 path=/org/freedesktop/DBus; interface=org.freedesktop.DBus; member=NameOwnerChanged
   string ":1.75"
   string ""
   string ":1.75"
signal time=1788730521.867500 sender=org.freedesktop.DBus -> destination=:1.75 serial=2 path=/org/freedesktop/DBus; interface=org.freedesktop.DBus; member=NameAcquired
   string ":1.75"
signal time=1788730521.868830 sender=org.freedesktop.DBus -> destination=:1.75 serial=3 path=/org/freedesktop/DBus; interface=org.freedesktop.DBus; member=NameLost
   string ":1.75"
signal time=1788730521.868862 sender=org.freedesktop.DBus -> destination=(null destination) serial=150 path=/org/freedesktop/DBus; interface=org.freedesktop.DBus; member=NameOwnerChanged
   string ":1.75"
   string ":1.75"
   string ""
signal time=1788730521.868975 sender=:1.2 -> destination=(null destination) serial=86 path=/org/a11y/atspi/registry; interface=org.a11y.atspi.Registry; member=EventListenerDeregistered
   string ":1.75"
   string ""
signal time=1788730521.873293 sender=org.freedesktop.DBus -> destination=(null destination) serial=151 path=/org/freedesktop/DBus; interface=org.freedesktop.DBus; member=NameOwnerChanged
   string ":1.76"
   string ""
   string ":1.76"
signal time=1788730521.873343 sender=org.freedesktop.DBus -> destination=:1.76 serial=2 path=/org/freedesktop/DBus; interface=org.freedesktop.DBus; member=NameAcquired
   string ":1.76"
signal time=1788730521.875195 sender=org.freedesktop.DBus -> destination=:1.76 serial=3 path=/org/freedesktop/DBus; interface=org.freedesktop.DBus; member=NameLost
   string ":1.76"
signal time=1788730521.875224 sender=org.freedesktop.DBus -> destination=(null destination) serial=152 path=/org/freedesktop/DBus; interface=org.freedesktop.DBus; member=NameOwnerChanged
   string ":1.76"
   string ":1.76"
   string ""
signal time=1788730521.875296 sender=:1.2 -> destination=(null destination) serial=87 path=/org/a11y/atspi/registry; interface=org.a11y.atspi.Registry; member=EventListenerDeregistered
   string ":1.76"
   string ""
signal time=1788730521.880054 sender=org.freedesktop.DBus -> destination=(null destination) serial=153 path=/org/freedesktop/DBus; interface=org.freedesktop.DBus; member=NameOwnerChanged
   string ":1.77"
   string ""
   string ":1.77"
signal time=1788730521.880110 sender=org.freedesktop.DBus -> destination=:1.77 serial=2 path=/org/freedesktop/DBus; interface=org.freedesktop.DBus; member=NameAcquired
   string ":1.77"
signal time=1788730521.881892 sender=org.freedesktop.DBus -> destination=:1.77 serial=3 path=/org/freedesktop/DBus; interface=org.freedesktop.DBus; member=NameLost
   string ":1.77"
signal time=1788730521.881934 sender=org.freedesktop.DBus -> destination=(null destination) serial=154 path=/org/freedesktop/DBus; interface=org.freedesktop.DBus; member=NameOwnerChanged
   string ":1.77"
   string ":1.77"
   string ""
signal time=1788730521.882120 sender=:1.2 -> destination=(null destination) serial=88 path=/org/a11y/atspi/registry; interface=org.a11y.atspi.Registry; member=EventListenerDeregistered
   string ":1.77"
   string ""
signal time=1788730521.887214 sender=org.freedesktop.DBus -> destination=(null destination) serial=155 path=/org/freedesktop/DBus; interface=org.freedesktop.DBus; member=NameOwnerChanged
   string ":1.78"
   string ""
   string ":1.78"
signal time=1788730521.887253 sender=org.freedesktop.DBus -> destination=:1.78 serial=2 path=/org/freedesktop/DBus; interface=org.freedesktop.DBus; member=NameAcquired
   string ":1.78"
signal time=1788730521.888789 sender=org.freedesktop.DBus -> destination=:1.78 serial=3 path=/org/freedesktop/DBus; interface=org.freedesktop.DBus; member=NameLost
   string ":1.78"
signal time=1788730521.888817 sender=org.freedesktop.DBus -> destination=(null destination) serial=156 path=/org/freedesktop/DBus; interface=org.freedesktop.DBus; member=NameOwnerChanged
   string ":1.78"
   string ":1.78"
   string ""
signal time=1788730521.888882 sender=:1.2 -> destination=(null destination) serial=89 path=/org/a11y/atspi/registry; interface=org.a11y.atspi.Registry; member=EventListenerDeregistered
   string ":1.78"
   string ""
signal time=1788730521.893970 sender=org.freedesktop.DBus -> destination=(null destination) serial=157 path=/org/freedesktop/DBus; interface=org.freedesktop.DBus; member=NameOwnerChanged
   string ":1.79"
   string ""
   string ":1.79"
signal time=1788730521.894050 sender=org.freedesktop.DBus -> destination=:1.79 serial=2 path=/org/freedesktop/DBus; interface=org.freedesktop.DBus; member=NameAcquired
   string ":1.79"
signal time=1788730521.895569 sender=org.freedesktop.DBus -> destination=:1.79 serial=3 path=/org/freedesktop/DBus; interface=org.freedesktop.DBus; member=NameLost
   string ":1.79"
signal time=1788730521.895610 sender=org.freedesktop.DBus -> destination=(null destination) serial=158 path=/org/freedesktop/DBus; interface=org.freedesktop.DBus; member=NameOwnerChanged
   string ":1.79"
   string ":1.79"
   string ""
signal time=1788730521.895716 sender=:1.2 -> destination=(null destination) serial=90 path=/org/a11y/atspi/registry; interface=org.a11y.atspi.Registry; member=EventListenerDeregistered
   string ":1.79"
   string ""
signal time=1788730521.901399 sender=org.freedesktop.DBus -> destination=(null destination) serial=159 path=/org/freedesktop/DBus; interface=org.freedesktop.DBus; member=NameOwnerChanged
   string ":1.80"
   string ""
   string ":1.80"
signal time=1788730521.901429 sender=org.freedesktop.DBus -> destination=:1.80 serial=2 path=/org/freedesktop/DBus; interface=org.freedesktop.DBus; member=NameAcquired
   string ":1.80"
signal time=1788730521.902642 sender=org.freedesktop.DBus -> destination=:1.80 serial=3 path=/org/freedesktop/DBus; interface=org.freedesktop.DBus; member=NameLost
   string ":1.80"
signal time=1788730521.902672 sender=org.freedesktop.DBus -> destination=(null destination) serial=160 path=/org/freedesktop/DBus; interface=org.freedesktop.DBus; member=NameOwnerChanged
   string ":1.80"
   string ":1.80"
   string ""
signal time=1788730521.902827 sender=:1.2 -> destination=(null destination) serial=91 path=/org/a11y/atspi/registry; interface=org.a11y.atspi.Registry; member=EventListenerDeregistered
   string ":1.80"
   string ""
signal time=1788730521.907244 sender=org.freedesktop.DBus -> destination=(null destination) serial=161 path=/org/freedesktop/DBus; interface=org.freedesktop.DBus; member=NameOwnerChanged
   string ":1.81"
   string ""
   string ":1.81"
signal time=1788730521.907336 sender=org.freedesktop.DBus -> destination=:1.81 serial=2 path=/org/freedesktop/DBus; interface=org.freedesktop.DBus; member=NameAcquired
   string ":1.81"
signal time=1788730521.908988 sender=org.freedesktop.DBus -> destination=:1.81 serial=3 path=/org/freedesktop/DBus; interface=org.freedesktop.DBus; member=NameLost
   string ":1.81"
signal time=1788730521.909018 sender=org.freedesktop.DBus -> destination=(null destination) serial=162 path=/org/freedesktop/DBus; interface=org.freedesktop.DBus; member=NameOwnerChanged
   string ":1.81"
   string ":1.81"
   string ""
signal time=1788730521.909097 sender=:1.2 -> destination=(null destination) serial=92 path=/org/a11y/atspi/registry; interface=org.a11y.atspi.Registry; member=EventListenerDeregistered
   string ":1.81"
   string ""
signal time=1788730521.913846 sender=org.freedesktop.DBus -> destination=(null destination) serial=163 path=/org/freedesktop/DBus; interface=org.freedesktop.DBus; member=NameOwnerChanged
   string ":1.82"
   string ""
   string ":1.82"
signal time=1788730521.913879 sender=org.freedesktop.DBus -> destination=:1.82 serial=2 path=/org/freedesktop/DBus; interface=org.freedesktop.DBus; member=NameAcquired
   string ":1.82"
signal time=1788730521.915681 sender=org.freedesktop.DBus -> destination=:1.82 serial=3 path=/org/freedesktop/DBus; interface=org.freedesktop.DBus; member=NameLost
   string ":1.82"
signal time=1788730521.915703 sender=org.freedesktop.DBus -> destination=(null destination) serial=164 path=/org/freedesktop/DBus; interface=org.freedesktop.DBus; member=NameOwnerChanged
   string ":1.82"
   string ":1.82"
   string ""
signal time=1788730521.916107 sender=:1.2 -> destination=(null destination) serial=93 path=/org/a11y/atspi/registry; interface=org.a11y.atspi.Registry; member=EventListenerDeregistered
   string ":1.82"
   string ""
signal time=1788730521.921000 sender=org.freedesktop.DBus -> destination=(null destination) serial=165 path=/org/freedesktop/DBus; interface=org.freedesktop.DBus; member=NameOwnerChanged
   string ":1.83"
   string ""
   string ":1.83"
signal time=1788730521.921046 sender=org.freedesktop.DBus -> destination=:1.83 serial=2 path=/org/freedesktop/DBus; interface=org.freedesktop.DBus; member=NameAcquired
   string ":1.83"
signal time=1788730521.922928 sender=org.freedesktop.DBus -> destination=:1.83 serial=3 path=/org/freedesktop/DBus; interface=org.freedesktop.DBus; member=NameLost
   string ":1.83"
signal time=1788730521.922999 sender=org.freedesktop.DBus -> destination=(null destination) serial=166 path=/org/freedesktop/DBus; interface=org.freedesktop.DBus; member=NameOwnerChanged
   string ":1.83"
   string ":1.83"
   string ""
signal time=1788730521.923057 sender=:1.2 -> destination=(null destination) serial=94 path=/org/a11y/atspi/registry; interface=org.a11y.atspi.Registry; member=EventListenerDeregistered
   string ":1.83"
   string ""
signal time=1788730521.928158 sender=org.freedesktop.DBus -> destination=(null destination) serial=167 path=/org/freedesktop/DBus; interface=org.freedesktop.DBus; member=NameOwnerChanged
   string ":1.84"
   string ""
   string ":1.84"
signal time=1788730521.928195 sender=org.freedesktop.DBus -> destination=:1.84 serial=2 path=/org/freedesktop/DBus; interface=org.freedesktop.DBus; member=NameAcquired
   string ":1.84"
signal time=1788730521.929870 sender=org.freedesktop.DBus -> destination=:1.84 serial=3 path=/org/freedesktop/DBus; interface=org.freedesktop.DBus; member=NameLost
   string ":1.84"
signal time=1788730521.929891 sender=org.freedesktop.DBus -> destination=(null destination) serial=168 path=/org/freedesktop/DBus; interface=org.freedesktop.DBus; member=NameOwnerChanged
   string ":1.84"
   string ":1.84"
   string ""
signal time=1788730521.930022 sender=:1.2 -> destination=(null destination) serial=95 path=/org/a11y/atspi/registry; interface=org.a11y.atspi.Registry; member=EventListenerDeregistered
   string ":1.84"
   string ""
signal time=1788730521.934631 sender=org.freedesktop.DBus -> destination=(null destination) serial=169 path=/org/freedesktop/DBus; interface=org.freedesktop.DBus; member=NameOwnerChanged
   string ":1.85"
   string ""
   string ":1.85"
signal time=1788730521.934662 sender=org.freedesktop.DBus -> destination=:1.85 serial=2 path=/org/freedesktop/DBus; interface=org.freedesktop.DBus; member=NameAcquired
   string ":1.85"
signal time=1788730521.936382 sender=org.freedesktop.DBus -> destination=:1.85 serial=3 path=/org/freedesktop/DBus; interface=org.freedesktop.DBus; member=NameLost
   string ":1.85"
signal time=1788730521.936403 sender=org.freedesktop.DBus -> destination=(null destination) serial=170 path=/org/freedesktop/DBus; interface=org.freedesktop.DBus; member=NameOwnerChanged
   string ":1.85"
   string ":1.85"
   string ""
signal time=1788730521.936502 sender=:1.2 -> destination=(null destination) serial=96 path=/org/a11y/atspi/registry; interface=org.a11y.atspi.Registry; member=EventListenerDeregistered
   string ":1.85"
   string ""
signal time=1788730521.941765 sender=org.freedesktop.DBus -> destination=(null destination) serial=171 path=/org/freedesktop/DBus; interface=org.freedesktop.DBus; member=NameOwnerChanged
   string ":1.86"
   string ""
   string ":1.86"
signal time=1788730521.941821 sender=org.freedesktop.DBus -> destination=:1.86 serial=2 path=/org/freedesktop/DBus; interface=org.freedesktop.DBus; member=NameAcquired
   string ":1.86"
signal time=1788730521.943812 sender=org.freedesktop.DBus -> destination=:1.86 serial=3 path=/org/freedesktop/DBus; interface=org.freedesktop.DBus; member=NameLost
   string ":1.86"
signal time=1788730521.943838 sender=org.freedesktop.DBus -> destination=(null destination) serial=172 path=/org/freedesktop/DBus; interface=org.freedesktop.DBus; member=NameOwnerChanged
   string ":1.86"
   string ":1.86"
   string ""
signal time=1788730521.943947 sender=:1.2 -> destination=(null destination) serial=97 path=/org/a11y/atspi/registry; interface=org.a11y.atspi.Registry; member=EventListenerDeregistered
   string ":1.86"
   string ""
signal time=1788730521.948684 sender=org.freedesktop.DBus -> destination=(null destination) serial=173 path=/org/freedesktop/DBus; interface=org.freedesktop.DBus; member=NameOwnerChanged
   string ":1.87"
   string ""
   string ":1.87"
signal time=1788730521.948758 sender=org.freedesktop.DBus -> destination=:1.87 serial=2 path=/org/freedesktop/DBus; interface=org.freedesktop.DBus; member=NameAcquired
   string ":1.87"
signal time=1788730521.950535 sender=org.freedesktop.DBus -> destination=:1.87 serial=3 path=/org/freedesktop/DBus; interface=org.freedesktop.DBus; member=NameLost
   string ":1.87"
signal time=1788730521.950576 sender=org.freedesktop.DBus -> destination=(null destination) serial=174 path=/org/freedesktop/DBus; interface=org.freedesktop.DBus; member=NameOwnerChanged
   string ":1.87"
   string ":1.87"
   string ""
signal time=1788730521.950705 sender=:1.2 -> destination=(null destination) serial=98 path=/org/a11y/atspi/registry; interface=org.a11y.atspi.Registry; member=EventListenerDeregistered
   string ":1.87"
   string ""
signal time=1788730521.955516 sender=org.freedesktop.DBus -> destination=(null destination) serial=175 path=/org/freedesktop/DBus; interface=org.freedesktop.DBus; member=NameOwnerChanged
   string ":1.88"
   string ""
   string ":1.88"
signal time=1788730521.955552 sender=org.freedesktop.DBus -> destination=:1.88 serial=2 path=/org/freedesktop/DBus; interface=org.freedesktop.DBus; member=NameAcquired
   string ":1.88"
signal time=1788730521.957204 sender=org.freedesktop.DBus -> destination=:1.88 serial=3 path=/org/freedesktop/DBus; interface=org.freedesktop.DBus; member=NameLost
   string ":1.88"
signal time=1788730521.957231 sender=org.freedesktop.DBus -> destination=(null destination) serial=176 path=/org/freedesktop/DBus; interface=org.freedesktop.DBus; member=NameOwnerChanged
   string ":1.88"
   string ":1.88"
   string ""
signal time=1788730521.957332 sender=:1.2 -> destination=(null destination) serial=99 path=/org/a11y/atspi/registry; interface=org.a11y.atspi.Registry; member=EventListenerDeregistered
   string ":1.88"
   string ""
signal time=1788730521.963346 sender=org.freedesktop.DBus -> destination=(null destination) serial=177 path=/org/freedesktop/DBus; interface=org.freedesktop.DBus; member=NameOwnerChanged
   string ":1.89"
   string ""
   string ":1.89"
signal time=1788730521.963387 sender=org.freedesktop.DBus -> destination=:1.89 serial=2 path=/org/freedesktop/DBus; interface=org.freedesktop.DBus; member=NameAcquired
   string ":1.89"
signal time=1788730521.965351 sender=org.freedesktop.DBus -> destination=:1.89 serial=3 path=/org/freedesktop/DBus; interface=org.freedesktop.DBus; member=NameLost
   string ":1.89"
signal time=1788730521.965372 sender=org.freedesktop.DBus -> destination=(null destination) serial=178 path=/org/freedesktop/DBus; interface=org.freedesktop.DBus; member=NameOwnerChanged
   string ":1.89"
   string ":1.89"
   string ""
signal time=1788730521.965459 sender=:1.2 -> destination=(null destination) serial=100 path=/org/a11y/atspi/registry; interface=org.a11y.atspi.Registry; member=EventListenerDeregistered
   string ":1.89"
   string ""
signal time=1788730521.970138 sender=org.freedesktop.DBus -> destination=(null destination) serial=179 path=/org/freedesktop/DBus; interface=org.freedesktop.DBus; member=NameOwnerChanged
   string ":1.90"
   string ""
   string ":1.90"
signal time=1788730521.970176 sender=org.freedesktop.DBus -> destination=:1.90 serial=2 path=/org/freedesktop/DBus; interface=org.freedesktop.DBus; member=NameAcquired
   string ":1.90"
signal time=1788730521.972018 sender=org.freedesktop.DBus -> destination=:1.90 serial=3 path=/org/freedesktop/DBus; interface=org.freedesktop.DBus; member=NameLost
   string ":1.90"
signal time=1788730521.972051 sender=org.freedesktop.DBus -> destination=(null destination) serial=180 path=/org/freedesktop/DBus; interface=org.freedesktop.DBus; member=NameOwnerChanged
   string ":1.90"
   string ":1.90"
   string ""
signal time=1788730521.972196 sender=:1.2 -> destination=(null destination) serial=101 path=/org/a11y/atspi/registry; interface=org.a11y.atspi.Registry; member=EventListenerDeregistered
   string ":1.90"
   string ""
signal time=1788730521.977101 sender=org.freedesktop.DBus -> destination=(null destination) serial=181 path=/org/freedesktop/DBus; interface=org.freedesktop.DBus; member=NameOwnerChanged
   string ":1.91"
   string ""
   string ":1.91"
signal time=1788730521.977155 sender=org.freedesktop.DBus -> destination=:1.91 serial=2 path=/org/freedesktop/DBus; interface=org.freedesktop.DBus; member=NameAcquired
   string ":1.91"
signal time=1788730521.978600 sender=org.freedesktop.DBus -> destination=:1.91 serial=3 path=/org/freedesktop/DBus; interface=org.freedesktop.DBus; member=NameLost
   string ":1.91"
signal time=1788730521.978637 sender=org.freedesktop.DBus -> destination=(null destination) serial=182 path=/org/freedesktop/DBus; interface=org.freedesktop.DBus; member=NameOwnerChanged
   string ":1.91"
   string ":1.91"
   string ""
signal time=1788730521.978772 sender=:1.2 -> destination=(null destination) serial=102 path=/org/a11y/atspi/registry; interface=org.a11y.atspi.Registry; member=EventListenerDeregistered
   string ":1.91"
   string ""
signal time=1788730521.984528 sender=org.freedesktop.DBus -> destination=(null destination) serial=183 path=/org/freedesktop/DBus; interface=org.freedesktop.DBus; member=NameOwnerChanged
   string ":1.92"
   string ""
   string ":1.92"
signal time=1788730521.984583 sender=org.freedesktop.DBus -> destination=:1.92 serial=2 path=/org/freedesktop/DBus; interface=org.freedesktop.DBus; member=NameAcquired
   string ":1.92"
signal time=1788730521.986137 sender=org.freedesktop.DBus -> destination=:1.92 serial=3 path=/org/freedesktop/DBus; interface=org.freedesktop.DBus; member=NameLost
   string ":1.92"
signal time=1788730521.986179 sender=org.freedesktop.DBus -> destination=(null destination) serial=184 path=/org/freedesktop/DBus; interface=org.freedesktop.DBus; member=NameOwnerChanged
   string ":1.92"
   string ":1.92"
   string ""
signal time=1788730521.986296 sender=:1.2 -> destination=(null destination) serial=103 path=/org/a11y/atspi/registry; interface=org.a11y.atspi.Registry; member=EventListenerDeregistered
   string ":1.92"
   string ""
signal time=1788730521.990377 sender=org.freedesktop.DBus -> destination=(null destination) serial=185 path=/org/freedesktop/DBus; interface=org.freedesktop.DBus; member=NameOwnerChanged
   string ":1.93"
   string ""
   string ":1.93"
signal time=1788730521.990411 sender=org.freedesktop.DBus -> destination=:1.93 serial=2 path=/org/freedesktop/DBus; interface=org.freedesktop.DBus; member=NameAcquired
   string ":1.93"
signal time=1788730521.993015 sender=org.freedesktop.DBus -> destination=:1.93 serial=3 path=/org/freedesktop/DBus; interface=org.freedesktop.DBus; member=NameLost
   string ":1.93"
signal time=1788730521.993044 sender=org.freedesktop.DBus -> destination=(null destination) serial=186 path=/org/freedesktop/DBus; interface=org.freedesktop.DBus; member=NameOwnerChanged
   string ":1.93"
   string ":1.93"
   string ""
signal time=1788730521.993131 sender=:1.2 -> destination=(null destination) serial=104 path=/org/a11y/atspi/registry; interface=org.a11y.atspi.Registry; member=EventListenerDeregistered
   string ":1.93"
   string ""
signal time=1788730521.997863 sender=org.freedesktop.DBus -> destination=(null destination) serial=187 path=/org/freedesktop/DBus; interface=org.freedesktop.DBus; member=NameOwnerChanged
   string ":1.94"
   string ""
   string ":1.94"
signal time=1788730521.997891 sender=org.freedesktop.DBus -> destination=:1.94 serial=2 path=/org/freedesktop/DBus; interface=org.freedesktop.DBus; member=NameAcquired
   string ":1.94"
signal time=1788730521.999609 sender=org.freedesktop.DBus -> destination=:1.94 serial=3 path=/org/freedesktop/DBus; interface=org.freedesktop.DBus; member=NameLost
   string ":1.94"
signal time=1788730521.999623 sender=org.freedesktop.DBus -> destination=(null destination) serial=188 path=/org/freedesktop/DBus; interface=org.freedesktop.DBus; member=NameOwnerChanged
   string ":1.94"
   string ":1.94"
   string ""
signal time=1788730521.999656 sender=:1.2 -> destination=(null destination) serial=105 path=/org/a11y/atspi/registry; interface=org.a11y.atspi.Registry; member=EventListenerDeregistered
   string ":1.94"
   string ""
signal time=1788730522.003726 sender=org.freedesktop.DBus -> destination=(null destination) serial=189 path=/org/freedesktop/DBus; interface=org.freedesktop.DBus; member=NameOwnerChanged
   string ":1.95"
   string ""
   string ":1.95"
signal time=1788730522.003757 sender=org.freedesktop.DBus -> destination=:1.95 serial=2 path=/org/freedesktop/DBus; interface=org.freedesktop.DBus; member=NameAcquired
   string ":1.95"
signal time=1788730522.005463 sender=org.freedesktop.DBus -> destination=:1.95 serial=3 path=/org/freedesktop/DBus; interface=org.freedesktop.DBus; member=NameLost
   string ":1.95"
signal time=1788730522.005480 sender=org.freedesktop.DBus -> destination=(null destination) serial=190 path=/org/freedesktop/DBus; interface=org.freedesktop.DBus; member=NameOwnerChanged
   string ":1.95"
   string ":1.95"
   string ""
signal time=1788730522.005515 sender=:1.2 -> destination=(null destination) serial=106 path=/org/a11y/atspi/registry; interface=org.a11y.atspi.Registry; member=EventListenerDeregistered
   string ":1.95"
   string ""
signal time=1788730522.411570 sender=org.freedesktop.DBus -> destination=(null destination) serial=191 path=/org/freedesktop/DBus; interface=org.freedesktop.DBus; member=NameOwnerChanged
   string ":1.96"
   string ""
   string ":1.96"
signal time=1788730522.411628 sender=org.freedesktop.DBus -> destination=:1.96 serial=2 path=/org/freedesktop/DBus; interface=org.freedesktop.DBus; member=NameAcquired
   string ":1.96"
signal time=1788730522.412855 sender=org.freedesktop.DBus -> destination=:1.96 serial=3 path=/org/freedesktop/DBus; interface=org.freedesktop.DBus; member=NameLost
   string ":1.96"
signal time=1788730522.412898 sender=org.freedesktop.DBus -> destination=(null destination) serial=192 path=/org/freedesktop/DBus; interface=org.freedesktop.DBus; member=NameOwnerChanged
   string ":1.96"
   string ":1.96"
   string ""
signal time=1788730522.413070 sender=:1.2 -> destination=(null destination) serial=109 path=/org/a11y/atspi/registry; interface=org.a11y.atspi.Registry; member=EventListenerDeregistered
   string ":1.96"
   string ""
signal time=1788730522.417528 sender=org.freedesktop.DBus -> destination=(null destination) serial=193 path=/org/freedesktop/DBus; interface=org.freedesktop.DBus; member=NameOwnerChanged
   string ":1.97"
   string ""
   string ":1.97"
signal time=1788730522.417556 sender=org.freedesktop.DBus -> destination=:1.97 serial=2 path=/org/freedesktop/DBus; interface=org.freedesktop.DBus; member=NameAcquired
   string ":1.97"
signal time=1788730522.419033 sender=org.freedesktop.DBus -> destination=:1.97 serial=5 path=/org/freedesktop/DBus; interface=org.freedesktop.DBus; member=NameLost
   string ":1.97"
signal time=1788730522.419055 sender=org.freedesktop.DBus -> destination=(null destination) serial=194 path=/org/freedesktop/DBus; interface=org.freedesktop.DBus; member=NameOwnerChanged
   string ":1.97"
   string ":1.97"
   string ""
signal time=1788730522.419197 sender=:1.2 -> destination=(null destination) serial=110 path=/org/a11y/atspi/registry; interface=org.a11y.atspi.Registry; member=EventListenerDeregistered
   string ":1.97"
   string ""
signal time=1788730522.423128 sender=org.freedesktop.DBus -> destination=(null destination) serial=195 path=/org/freedesktop/DBus; interface=org.freedesktop.DBus; member=NameOwnerChanged
   string ":1.98"
   string ""
   string ":1.98"
signal time=1788730522.423167 sender=org.freedesktop.DBus -> destination=:1.98 serial=2 path=/org/freedesktop/DBus; interface=org.freedesktop.DBus; member=NameAcquired
   string ":1.98"
signal time=1788730522.424674 sender=org.freedesktop.DBus -> destination=:1.98 serial=3 path=/org/freedesktop/DBus; interface=org.freedesktop.DBus; member=NameLost
   string ":1.98"
signal time=1788730522.424696 sender=org.freedesktop.DBus -> destination=(null destination) serial=196 path=/org/freedesktop/DBus; interface=org.freedesktop.DBus; member=NameOwnerChanged
   string ":1.98"
   string ":1.98"
   string ""
signal time=1788730522.424790 sender=:1.2 -> destination=(null destination) serial=111 path=/org/a11y/atspi/registry; interface=org.a11y.atspi.Registry; member=EventListenerDeregistered
   string ":1.98"
   string ""
signal time=1788730522.429524 sender=org.freedesktop.DBus -> destination=(null destination) serial=197 path=/org/freedesktop/DBus; interface=org.freedesktop.DBus; member=NameOwnerChanged
   string ":1.99"
   string ""
   string ":1.99"
signal time=1788730522.429565 sender=org.freedesktop.DBus -> destination=:1.99 serial=2 path=/org/freedesktop/DBus; interface=org.freedesktop.DBus; member=NameAcquired
   string ":1.99"
signal time=1788730522.431108 sender=org.freedesktop.DBus -> destination=:1.99 serial=3 path=/org/freedesktop/DBus; interface=org.freedesktop.DBus; member=NameLost
   string ":1.99"
signal time=1788730522.431140 sender=org.freedesktop.DBus -> destination=(null destination) serial=198 path=/org/freedesktop/DBus; interface=org.freedesktop.DBus; member=NameOwnerChanged
   string ":1.99"
   string ":1.99"
   string ""
signal time=1788730522.431240 sender=:1.2 -> destination=(null destination) serial=112 path=/org/a11y/atspi/registry; interface=org.a11y.atspi.Registry; member=EventListenerDeregistered
   string ":1.99"
   string ""
signal time=1788730522.434996 sender=org.freedesktop.DBus -> destination=(null destination) serial=199 path=/org/freedesktop/DBus; interface=org.freedesktop.DBus; member=NameOwnerChanged
   string ":1.100"
   string ""
   string ":1.100"
signal time=1788730522.435043 sender=org.freedesktop.DBus -> destination=:1.100 serial=2 path=/org/freedesktop/DBus; interface=org.freedesktop.DBus; member=NameAcquired
   string ":1.100"
signal time=1788730522.436173 sender=org.freedesktop.DBus -> destination=:1.100 serial=3 path=/org/freedesktop/DBus; interface=org.freedesktop.DBus; member=NameLost
   string ":1.100"
signal time=1788730522.436191 sender=org.freedesktop.DBus -> destination=(null destination) serial=200 path=/org/freedesktop/DBus; interface=org.freedesktop.DBus; member=NameOwnerChanged
   string ":1.100"
   string ":1.100"
   string ""
signal time=1788730522.436266 sender=:1.2 -> destination=(null destination) serial=113 path=/org/a11y/atspi/registry; interface=org.a11y.atspi.Registry; member=EventListenerDeregistered
   string ":1.100"
   string ""
signal time=1788730522.439843 sender=org.freedesktop.DBus -> destination=(null destination) serial=201 path=/org/freedesktop/DBus; interface=org.freedesktop.DBus; member=NameOwnerChanged
   string ":1.101"
   string ""
   string ":1.101"
signal time=1788730522.439886 sender=org.freedesktop.DBus -> destination=:1.101 serial=2 path=/org/freedesktop/DBus; interface=org.freedesktop.DBus; member=NameAcquired
   string ":1.101"
signal time=1788730522.441725 sender=org.freedesktop.DBus -> destination=:1.101 serial=3 path=/org/freedesktop/DBus; interface=org.freedesktop.DBus; member=NameLost
   string ":1.101"
signal time=1788730522.441771 sender=org.freedesktop.DBus -> destination=(null destination) serial=202 path=/org/freedesktop/DBus; interface=org.freedesktop.DBus; member=NameOwnerChanged
   string ":1.101"
   string ":1.101"
   string ""
signal time=1788730522.441799 sender=:1.2 -> destination=(null destination) serial=114 path=/org/a11y/atspi/registry; interface=org.a11y.atspi.Registry; member=EventListenerDeregistered
   string ":1.101"
   string ""
signal time=1788730522.445754 sender=org.freedesktop.DBus -> destination=(null destination) serial=203 path=/org/freedesktop/DBus; interface=org.freedesktop.DBus; member=NameOwnerChanged
   string ":1.102"
   string ""
   string ":1.102"
signal time=1788730522.445795 sender=org.freedesktop.DBus -> destination=:1.102 serial=2 path=/org/freedesktop/DBus; interface=org.freedesktop.DBus; member=NameAcquired
   string ":1.102"
signal time=1788730522.447219 sender=org.freedesktop.DBus -> destination=:1.102 serial=3 path=/org/freedesktop/DBus; interface=org.freedesktop.DBus; member=NameLost
   string ":1.102"
signal time=1788730522.447266 sender=org.freedesktop.DBus -> destination=(null destination) serial=204 path=/org/freedesktop/DBus; interface=org.freedesktop.DBus; member=NameOwnerChanged
   string ":1.102"
   string ":1.102"
   string ""
signal time=1788730522.447393 sender=:1.2 -> destination=(null destination) serial=115 path=/org/a11y/atspi/registry; interface=org.a11y.atspi.Registry; member=EventListenerDeregistered
   string ":1.102"
   string ""
signal time=1788730522.451357 sender=org.freedesktop.DBus -> destination=(null destination) serial=205 path=/org/freedesktop/DBus; interface=org.freedesktop.DBus; member=NameOwnerChanged
   string ":1.103"
   string ""
   string ":1.103"
signal time=1788730522.451387 sender=org.freedesktop.DBus -> destination=:1.103 serial=2 path=/org/freedesktop/DBus; interface=org.freedesktop.DBus; member=NameAcquired
   string ":1.103"
signal time=1788730522.452596 sender=org.freedesktop.DBus -> destination=:1.103 serial=3 path=/org/freedesktop/DBus; interface=org.freedesktop.DBus; member=NameLost
   string ":1.103"
signal time=1788730522.452611 sender=org.freedesktop.DBus -> destination=(null destination) serial=206 path=/org/freedesktop/DBus; interface=org.freedesktop.DBus; member=NameOwnerChanged
   string ":1.103"
   string ":1.103"
   string ""
signal time=1788730522.452741 sender=:1.2 -> destination=(null destination) serial=116 path=/org/a11y/atspi/registry; interface=org.a11y.atspi.Registry; member=EventListenerDeregistered
   string ":1.103"
   string ""
signal time=1788730522.456735 sender=org.freedesktop.DBus -> destination=(null destination) serial=207 path=/org/freedesktop/DBus; interface=org.freedesktop.DBus; member=NameOwnerChanged
   string ":1.104"
   string ""
   string ":1.104"
signal time=1788730522.456789 sender=org.freedesktop.DBus -> destination=:1.104 serial=2 path=/org/freedesktop/DBus; interface=org.freedesktop.DBus; member=NameAcquired
   string ":1.104"
signal time=1788730522.458076 sender=org.freedesktop.DBus -> destination=:1.104 serial=3 path=/org/freedesktop/DBus; interface=org.freedesktop.DBus; member=NameLost
   string ":1.104"
signal time=1788730522.458110 sender=org.freedesktop.DBus -> destination=(null destination) serial=208 path=/org/freedesktop/DBus; interface=org.freedesktop.DBus; member=NameOwnerChanged
   string ":1.104"
   string ":1.104"
   string ""
signal time=1788730522.458213 sender=:1.2 -> destination=(null destination) serial=117 path=/org/a11y/atspi/registry; interface=org.a11y.atspi.Registry; member=EventListenerDeregistered
   string ":1.104"
   string ""
signal time=1788730522.463183 sender=org.freedesktop.DBus -> destination=(null destination) serial=209 path=/org/freedesktop/DBus; interface=org.freedesktop.DBus; member=NameOwnerChanged
   string ":1.105"
   string ""
   string ":1.105"
signal time=1788730522.463214 sender=org.freedesktop.DBus -> destination=:1.105 serial=2 path=/org/freedesktop/DBus; interface=org.freedesktop.DBus; member=NameAcquired
   string ":1.105"
signal time=1788730522.464445 sender=org.freedesktop.DBus -> destination=:1.105 serial=3 path=/org/freedesktop/DBus; interface=org.freedesktop.DBus; member=NameLost
   string ":1.105"
signal time=1788730522.464467 sender=org.freedesktop.DBus -> destination=(null destination) serial=210 path=/org/freedesktop/DBus; interface=org.freedesktop.DBus; member=NameOwnerChanged
   string ":1.105"
   string ":1.105"
   string ""
signal time=1788730522.464524 sender=:1.2 -> destination=(null destination) serial=118 path=/org/a11y/atspi/registry; interface=org.a11y.atspi.Registry; member=EventListenerDeregistered
   string ":1.105"
   string ""
signal time=1788730522.469192 sender=org.freedesktop.DBus -> destination=(null destination) serial=211 path=/org/freedesktop/DBus; interface=org.freedesktop.DBus; member=NameOwnerChanged
   string ":1.106"
   string ""
   string ":1.106"
signal time=1788730522.469232 sender=org.freedesktop.DBus -> destination=:1.106 serial=2 path=/org/freedesktop/DBus; interface=org.freedesktop.DBus; member=NameAcquired
   string ":1.106"
signal time=1788730522.470473 sender=org.freedesktop.DBus -> destination=:1.106 serial=3 path=/org/freedesktop/DBus; interface=org.freedesktop.DBus; member=NameLost
   string ":1.106"
signal time=1788730522.470495 sender=org.freedesktop.DBus -> destination=(null destination) serial=212 path=/org/freedesktop/DBus; interface=org.freedesktop.DBus; member=NameOwnerChanged
   string ":1.106"
   string ":1.106"
   string ""
signal time=1788730522.470596 sender=:1.2 -> destination=(null destination) serial=119 path=/org/a11y/atspi/registry; interface=org.a11y.atspi.Registry; member=EventListenerDeregistered
   string ":1.106"
   string ""
signal time=1788730522.475634 sender=org.freedesktop.DBus -> destination=(null destination) serial=213 path=/org/freedesktop/DBus; interface=org.freedesktop.DBus; member=NameOwnerChanged
   string ":1.107"
   string ""
   string ":1.107"
signal time=1788730522.475675 sender=org.freedesktop.DBus -> destination=:1.107 serial=2 path=/org/freedesktop/DBus; interface=org.freedesktop.DBus; member=NameAcquired
   string ":1.107"
signal time=1788730522.477092 sender=org.freedesktop.DBus -> destination=:1.107 serial=3 path=/org/freedesktop/DBus; interface=org.freedesktop.DBus; member=NameLost
   string ":1.107"
signal time=1788730522.477124 sender=org.freedesktop.DBus -> destination=(null destination) serial=214 path=/org/freedesktop/DBus; interface=org.freedesktop.DBus; member=NameOwnerChanged
   string ":1.107"
   string ":1.107"
   string ""
signal time=1788730522.477226 sender=:1.2 -> destination=(null destination) serial=120 path=/org/a11y/atspi/registry; interface=org.a11y.atspi.Registry; member=EventListenerDeregistered
   string ":1.107"
   string ""
signal time=1788730522.481746 sender=org.freedesktop.DBus -> destination=(null destination) serial=215 path=/org/freedesktop/DBus; interface=org.freedesktop.DBus; member=NameOwnerChanged
   string ":1.108"
   string ""
   string ":1.108"
signal time=1788730522.481784 sender=org.freedesktop.DBus -> destination=:1.108 serial=2 path=/org/freedesktop/DBus; interface=org.freedesktop.DBus; member=NameAcquired
   string ":1.108"
signal time=1788730522.483468 sender=org.freedesktop.DBus -> destination=:1.108 serial=3 path=/org/freedesktop/DBus; interface=org.freedesktop.DBus; member=NameLost
   string ":1.108"
signal time=1788730522.483488 sender=org.freedesktop.DBus -> destination=(null destination) serial=216 path=/org/freedesktop/DBus; interface=org.freedesktop.DBus; member=NameOwnerChanged
   string ":1.108"
   string ":1.108"
   string ""
signal time=1788730522.483571 sender=:1.2 -> destination=(null destination) serial=121 path=/org/a11y/atspi/registry; interface=org.a11y.atspi.Registry; member=EventListenerDeregistered
   string ":1.108"
   string ""
signal time=1788730522.488052 sender=org.freedesktop.DBus -> destination=(null destination) serial=217 path=/org/freedesktop/DBus; interface=org.freedesktop.DBus; member=NameOwnerChanged
   string ":1.109"
   string ""
   string ":1.109"
signal time=1788730522.488092 sender=org.freedesktop.DBus -> destination=:1.109 serial=2 path=/org/freedesktop/DBus; interface=org.freedesktop.DBus; member=NameAcquired
   string ":1.109"
signal time=1788730522.489819 sender=org.freedesktop.DBus -> destination=:1.109 serial=3 path=/org/freedesktop/DBus; interface=org.freedesktop.DBus; member=NameLost
   string ":1.109"
signal time=1788730522.489862 sender=org.freedesktop.DBus -> destination=(null destination) serial=218 path=/org/freedesktop/DBus; interface=org.freedesktop.DBus; member=NameOwnerChanged
   string ":1.109"
   string ":1.109"
   string ""
signal time=1788730522.490161 sender=:1.2 -> destination=(null destination) serial=122 path=/org/a11y/atspi/registry; interface=org.a11y.atspi.Registry; member=EventListenerDeregistered
   string ":1.109"
   string ""
signal time=1788730522.494815 sender=org.freedesktop.DBus -> destination=(null destination) serial=219 path=/org/freedesktop/DBus; interface=org.freedesktop.DBus; member=NameOwnerChanged
   string ":1.110"
   string ""
   string ":1.110"
signal time=1788730522.494855 sender=org.freedesktop.DBus -> destination=:1.110 serial=2 path=/org/freedesktop/DBus; interface=org.freedesktop.DBus; member=NameAcquired
   string ":1.110"
signal time=1788730522.496035 sender=org.freedesktop.DBus -> destination=:1.110 serial=3 path=/org/freedesktop/DBus; interface=org.freedesktop.DBus; member=NameLost
   string ":1.110"
signal time=1788730522.496054 sender=org.freedesktop.DBus -> destination=(null destination) serial=220 path=/org/freedesktop/DBus; interface=org.freedesktop.DBus; member=NameOwnerChanged
   string ":1.110"
   string ":1.110"
   string ""
signal time=1788730522.496139 sender=:1.2 -> destination=(null destination) serial=123 path=/org/a11y/atspi/registry; interface=org.a11y.atspi.Registry; member=EventListenerDeregistered
   string ":1.110"
   string ""
signal time=1788730522.500065 sender=org.freedesktop.DBus -> destination=(null destination) serial=221 path=/org/freedesktop/DBus; interface=org.freedesktop.DBus; member=NameOwnerChanged
   string ":1.111"
   string ""
   string ":1.111"
signal time=1788730522.500096 sender=org.freedesktop.DBus -> destination=:1.111 serial=2 path=/org/freedesktop/DBus; interface=org.freedesktop.DBus; member=NameAcquired
   string ":1.111"
signal time=1788730522.501151 sender=org.freedesktop.DBus -> destination=:1.111 serial=3 path=/org/freedesktop/DBus; interface=org.freedesktop.DBus; member=NameLost
   string ":1.111"
signal time=1788730522.501166 sender=org.freedesktop.DBus -> destination=(null destination) serial=222 path=/org/freedesktop/DBus; interface=org.freedesktop.DBus; member=NameOwnerChanged
   string ":1.111"
   string ":1.111"
   string ""
signal time=1788730522.501276 sender=:1.2 -> destination=(null destination) serial=124 path=/org/a11y/atspi/registry; interface=org.a11y.atspi.Registry; member=EventListenerDeregistered
   string ":1.111"
   string ""
signal time=1788730522.505414 sender=org.freedesktop.DBus -> destination=(null destination) serial=223 path=/org/freedesktop/DBus; interface=org.freedesktop.DBus; member=NameOwnerChanged
   string ":1.112"
   string ""
   string ":1.112"
signal time=1788730522.505459 sender=org.freedesktop.DBus -> destination=:1.112 serial=2 path=/org/freedesktop/DBus; interface=org.freedesktop.DBus; member=NameAcquired
   string ":1.112"
signal time=1788730522.506667 sender=org.freedesktop.DBus -> destination=:1.112 serial=3 path=/org/freedesktop/DBus; interface=org.freedesktop.DBus; member=NameLost
   string ":1.112"
signal time=1788730522.506707 sender=org.freedesktop.DBus -> destination=(null destination) serial=224 path=/org/freedesktop/DBus; interface=org.freedesktop.DBus; member=NameOwnerChanged
   string ":1.112"
   string ":1.112"
   string ""
signal time=1788730522.506815 sender=:1.2 -> destination=(null destination) serial=125 path=/org/a11y/atspi/registry; interface=org.a11y.atspi.Registry; member=EventListenerDeregistered
   string ":1.112"
   string ""
signal time=1788730522.512189 sender=org.freedesktop.DBus -> destination=(null destination) serial=225 path=/org/freedesktop/DBus; interface=org.freedesktop.DBus; member=NameOwnerChanged
   string ":1.113"
   string ""
   string ":1.113"
signal time=1788730522.512229 sender=org.freedesktop.DBus -> destination=:1.113 serial=2 path=/org/freedesktop/DBus; interface=org.freedesktop.DBus; member=NameAcquired
   string ":1.113"
signal time=1788730522.513861 sender=org.freedesktop.DBus -> destination=:1.113 serial=3 path=/org/freedesktop/DBus; interface=org.freedesktop.DBus; member=NameLost
   string ":1.113"
signal time=1788730522.513894 sender=org.freedesktop.DBus -> destination=(null destination) serial=226 path=/org/freedesktop/DBus; interface=org.freedesktop.DBus; member=NameOwnerChanged
   string ":1.113"
   string ":1.113"
   string ""
signal time=1788730522.514097 sender=:1.2 -> destination=(null destination) serial=126 path=/org/a11y/atspi/registry; interface=org.a11y.atspi.Registry; member=EventListenerDeregistered
   string ":1.113"
   string ""
signal time=1788730522.519530 sender=org.freedesktop.DBus -> destination=(null destination) serial=227 path=/org/freedesktop/DBus; interface=org.freedesktop.DBus; member=NameOwnerChanged
   string ":1.114"
   string ""
   string ":1.114"
signal time=1788730522.519590 sender=org.freedesktop.DBus -> destination=:1.114 serial=2 path=/org/freedesktop/DBus; interface=org.freedesktop.DBus; member=NameAcquired
   string ":1.114"
signal time=1788730522.520806 sender=org.freedesktop.DBus -> destination=:1.114 serial=3 path=/org/freedesktop/DBus; interface=org.freedesktop.DBus; member=NameLost
   string ":1.114"
signal time=1788730522.520839 sender=org.freedesktop.DBus -> destination=(null destination) serial=228 path=/org/freedesktop/DBus; interface=org.freedesktop.DBus; member=NameOwnerChanged
   string ":1.114"
   string ":1.114"
   string ""
signal time=1788730522.521062 sender=:1.2 -> destination=(null destination) serial=127 path=/org/a11y/atspi/registry; interface=org.a11y.atspi.Registry; member=EventListenerDeregistered
   string ":1.114"
   string ""
signal time=1788730522.526708 sender=org.freedesktop.DBus -> destination=(null destination) serial=229 path=/org/freedesktop/DBus; interface=org.freedesktop.DBus; member=NameOwnerChanged
   string ":1.115"
   string ""
   string ":1.115"
signal time=1788730522.526784 sender=org.freedesktop.DBus -> destination=:1.115 serial=2 path=/org/freedesktop/DBus; interface=org.freedesktop.DBus; member=NameAcquired
   string ":1.115"
signal time=1788730522.528300 sender=org.freedesktop.DBus -> destination=:1.115 serial=3 path=/org/freedesktop/DBus; interface=org.freedesktop.DBus; member=NameLost
   string ":1.115"
signal time=1788730522.528328 sender=org.freedesktop.DBus -> destination=(null destination) serial=230 path=/org/freedesktop/DBus; interface=org.freedesktop.DBus; member=NameOwnerChanged
   string ":1.115"
   string ":1.115"
   string ""
signal time=1788730522.528397 sender=:1.2 -> destination=(null destination) serial=128 path=/org/a11y/atspi/registry; interface=org.a11y.atspi.Registry; member=EventListenerDeregistered
   string ":1.115"
   string ""
signal time=1788730522.534047 sender=org.freedesktop.DBus -> destination=(null destination) serial=231 path=/org/freedesktop/DBus; interface=org.freedesktop.DBus; member=NameOwnerChanged
   string ":1.116"
   string ""
   string ":1.116"
signal time=1788730522.534086 sender=org.freedesktop.DBus -> destination=:1.116 serial=2 path=/org/freedesktop/DBus; interface=org.freedesktop.DBus; member=NameAcquired
   string ":1.116"
signal time=1788730522.535395 sender=org.freedesktop.DBus -> destination=:1.116 serial=3 path=/org/freedesktop/DBus; interface=org.freedesktop.DBus; member=NameLost
   string ":1.116"
signal time=1788730522.535411 sender=org.freedesktop.DBus -> destination=(null destination) serial=232 path=/org/freedesktop/DBus; interface=org.freedesktop.DBus; member=NameOwnerChanged
   string ":1.116"
   string ":1.116"
   string ""
signal time=1788730522.535535 sender=:1.2 -> destination=(null destination) serial=129 path=/org/a11y/atspi/registry; interface=org.a11y.atspi.Registry; member=EventListenerDeregistered
   string ":1.116"
   string ""
signal time=1788730522.539852 sender=org.freedesktop.DBus -> destination=(null destination) serial=233 path=/org/freedesktop/DBus; interface=org.freedesktop.DBus; member=NameOwnerChanged
   string ":1.117"
   string ""
   string ":1.117"
signal time=1788730522.539884 sender=org.freedesktop.DBus -> destination=:1.117 serial=2 path=/org/freedesktop/DBus; interface=org.freedesktop.DBus; member=NameAcquired
   string ":1.117"
signal time=1788730522.541099 sender=org.freedesktop.DBus -> destination=:1.117 serial=3 path=/org/freedesktop/DBus; interface=org.freedesktop.DBus; member=NameLost
   string ":1.117"
signal time=1788730522.541120 sender=org.freedesktop.DBus -> destination=(null destination) serial=234 path=/org/freedesktop/DBus; interface=org.freedesktop.DBus; member=NameOwnerChanged
   string ":1.117"
   string ":1.117"
   string ""
signal time=1788730522.541223 sender=:1.2 -> destination=(null destination) serial=130 path=/org/a11y/atspi/registry; interface=org.a11y.atspi.Registry; member=EventListenerDeregistered
   string ":1.117"
   string ""
signal time=1788730522.545816 sender=org.freedesktop.DBus -> destination=(null destination) serial=235 path=/org/freedesktop/DBus; interface=org.freedesktop.DBus; member=NameOwnerChanged
   string ":1.118"
   string ""
   string ":1.118"
signal time=1788730522.545871 sender=org.freedesktop.DBus -> destination=:1.118 serial=2 path=/org/freedesktop/DBus; interface=org.freedesktop.DBus; member=NameAcquired
   string ":1.118"
signal time=1788730522.547158 sender=org.freedesktop.DBus -> destination=:1.118 serial=3 path=/org/freedesktop/DBus; interface=org.freedesktop.DBus; member=NameLost
   string ":1.118"
signal time=1788730522.547183 sender=org.freedesktop.DBus -> destination=(null destination) serial=236 path=/org/freedesktop/DBus; interface=org.freedesktop.DBus; member=NameOwnerChanged
   string ":1.118"
   string ":1.118"
   string ""
signal time=1788730522.547351 sender=:1.2 -> destination=(null destination) serial=131 path=/org/a11y/atspi/registry; interface=org.a11y.atspi.Registry; member=EventListenerDeregistered
   string ":1.118"
   string ""
signal time=1788730522.551857 sender=org.freedesktop.DBus -> destination=(null destination) serial=237 path=/org/freedesktop/DBus; interface=org.freedesktop.DBus; member=NameOwnerChanged
   string ":1.119"
   string ""
   string ":1.119"
signal time=1788730522.551904 sender=org.freedesktop.DBus -> destination=:1.119 serial=2 path=/org/freedesktop/DBus; interface=org.freedesktop.DBus; member=NameAcquired
   string ":1.119"
signal time=1788730522.553203 sender=org.freedesktop.DBus -> destination=:1.119 serial=3 path=/org/freedesktop/DBus; interface=org.freedesktop.DBus; member=NameLost
   string ":1.119"
signal time=1788730522.553218 sender=org.freedesktop.DBus -> destination=(null destination) serial=238 path=/org/freedesktop/DBus; interface=org.freedesktop.DBus; member=NameOwnerChanged
   string ":1.119"
   string ":1.119"
   string ""
signal time=1788730522.553355 sender=:1.2 -> destination=(null destination) serial=132 path=/org/a11y/atspi/registry; interface=org.a11y.atspi.Registry; member=EventListenerDeregistered
   string ":1.119"
   string ""
signal time=1788730522.557896 sender=org.freedesktop.DBus -> destination=(null destination) serial=239 path=/org/freedesktop/DBus; interface=org.freedesktop.DBus; member=NameOwnerChanged
   string ":1.120"
   string ""
   string ":1.120"
signal time=1788730522.557957 sender=org.freedesktop.DBus -> destination=:1.120 serial=2 path=/org/freedesktop/DBus; interface=org.freedesktop.DBus; member=NameAcquired
   string ":1.120"
signal time=1788730522.560073 sender=org.freedesktop.DBus -> destination=:1.120 serial=3 path=/org/freedesktop/DBus; interface=org.freedesktop.DBus; member=NameLost
   string ":1.120"
signal time=1788730522.560103 sender=org.freedesktop.DBus -> destination=(null destination) serial=240 path=/org/freedesktop/DBus; interface=org.freedesktop.DBus; member=NameOwnerChanged
   string ":1.120"
   string ":1.120"
   string ""
signal time=1788730522.560202 sender=:1.2 -> destination=(null destination) serial=133 path=/org/a11y/atspi/registry; interface=org.a11y.atspi.Registry; member=EventListenerDeregistered
   string ":1.120"
   string ""
signal time=1788730522.564438 sender=org.freedesktop.DBus -> destination=(null destination) serial=241 path=/org/freedesktop/DBus; interface=org.freedesktop.DBus; member=NameOwnerChanged
   string ":1.121"
   string ""
   string ":1.121"
signal time=1788730522.564471 sender=org.freedesktop.DBus -> destination=:1.121 serial=2 path=/org/freedesktop/DBus; interface=org.freedesktop.DBus; member=NameAcquired
   string ":1.121"
signal time=1788730522.565553 sender=org.freedesktop.DBus -> destination=:1.121 serial=3 path=/org/freedesktop/DBus; interface=org.freedesktop.DBus; member=NameLost
   string ":1.121"
signal time=1788730522.565577 sender=org.freedesktop.DBus -> destination=(null destination) serial=242 path=/org/freedesktop/DBus; interface=org.freedesktop.DBus; member=NameOwnerChanged
   string ":1.121"
   string ":1.121"
   string ""
signal time=1788730522.565711 sender=:1.2 -> destination=(null destination) serial=134 path=/org/a11y/atspi/registry; interface=org.a11y.atspi.Registry; member=EventListenerDeregistered
   string ":1.121"
   string ""
signal time=1788730522.570990 sender=org.freedesktop.DBus -> destination=(null destination) serial=243 path=/org/freedesktop/DBus; interface=org.freedesktop.DBus; member=NameOwnerChanged
   string ":1.122"
   string ""
   string ":1.122"
signal time=1788730522.571045 sender=org.freedesktop.DBus -> destination=:1.122 serial=2 path=/org/freedesktop/DBus; interface=org.freedesktop.DBus; member=NameAcquired
   string ":1.122"
signal time=1788730522.572280 sender=org.freedesktop.DBus -> destination=:1.122 serial=3 path=/org/freedesktop/DBus; interface=org.freedesktop.DBus; member=NameLost
   string ":1.122"
signal time=1788730522.572302 sender=org.freedesktop.DBus -> destination=(null destination) serial=244 path=/org/freedesktop/DBus; interface=org.freedesktop.DBus; member=NameOwnerChanged
   string ":1.122"
   string ":1.122"
   string ""
signal time=1788730522.572398 sender=:1.2 -> destination=(null destination) serial=135 path=/org/a11y/atspi/registry; interface=org.a11y.atspi.Registry; member=EventListenerDeregistered
   string ":1.122"
   string ""
signal time=1788730522.577144 sender=org.freedesktop.DBus -> destination=(null destination) serial=245 path=/org/freedesktop/DBus; interface=org.freedesktop.DBus; member=NameOwnerChanged
   string ":1.123"
   string ""
   string ":1.123"
signal time=1788730522.577181 sender=org.freedesktop.DBus -> destination=:1.123 serial=2 path=/org/freedesktop/DBus; interface=org.freedesktop.DBus; member=NameAcquired
   string ":1.123"
signal time=1788730522.578518 sender=org.freedesktop.DBus -> destination=:1.123 serial=3 path=/org/freedesktop/DBus; interface=org.freedesktop.DBus; member=NameLost
   string ":1.123"
signal time=1788730522.578554 sender=org.freedesktop.DBus -> destination=(null destination) serial=246 path=/org/freedesktop/DBus; interface=org.freedesktop.DBus; member=NameOwnerChanged
   string ":1.123"
   string ":1.123"
   string ""
signal time=1788730522.578635 sender=:1.2 -> destination=(null destination) serial=136 path=/org/a11y/atspi/registry; interface=org.a11y.atspi.Registry; member=EventListenerDeregistered
   string ":1.123"
   string ""
signal time=1788730522.583809 sender=org.freedesktop.DBus -> destination=(null destination) serial=247 path=/org/freedesktop/DBus; interface=org.freedesktop.DBus; member=NameOwnerChanged
   string ":1.124"
   string ""
   string ":1.124"
signal time=1788730522.583862 sender=org.freedesktop.DBus -> destination=:1.124 serial=2 path=/org/freedesktop/DBus; interface=org.freedesktop.DBus; member=NameAcquired
   string ":1.124"
signal time=1788730522.584873 sender=org.freedesktop.DBus -> destination=:1.124 serial=3 path=/org/freedesktop/DBus; interface=org.freedesktop.DBus; member=NameLost
   string ":1.124"
signal time=1788730522.584893 sender=org.freedesktop.DBus -> destination=(null destination) serial=248 path=/org/freedesktop/DBus; interface=org.freedesktop.DBus; member=NameOwnerChanged
   string ":1.124"
   string ":1.124"
   string ""
signal time=1788730522.584980 sender=:1.2 -> destination=(null destination) serial=137 path=/org/a11y/atspi/registry; interface=org.a11y.atspi.Registry; member=EventListenerDeregistered
   string ":1.124"
   string ""
signal time=1788730522.589783 sender=org.freedesktop.DBus -> destination=(null destination) serial=249 path=/org/freedesktop/DBus; interface=org.freedesktop.DBus; member=NameOwnerChanged
   string ":1.125"
   string ""
   string ":1.125"
signal time=1788730522.589818 sender=org.freedesktop.DBus -> destination=:1.125 serial=2 path=/org/freedesktop/DBus; interface=org.freedesktop.DBus; member=NameAcquired
   string ":1.125"
signal time=1788730522.591704 sender=org.freedesktop.DBus -> destination=:1.125 serial=3 path=/org/freedesktop/DBus; interface=org.freedesktop.DBus; member=NameLost
   string ":1.125"
signal time=1788730522.591732 sender=org.freedesktop.DBus -> destination=(null destination) serial=250 path=/org/freedesktop/DBus; interface=org.freedesktop.DBus; member=NameOwnerChanged
   string ":1.125"
   string ":1.125"
   string ""
signal time=1788730522.591894 sender=:1.2 -> destination=(null destination) serial=138 path=/org/a11y/atspi/registry; interface=org.a11y.atspi.Registry; member=EventListenerDeregistered
   string ":1.125"
   string ""
signal time=1788730522.596908 sender=org.freedesktop.DBus -> destination=(null destination) serial=251 path=/org/freedesktop/DBus; interface=org.freedesktop.DBus; member=NameOwnerChanged
   string ":1.126"
   string ""
   string ":1.126"
signal time=1788730522.596941 sender=org.freedesktop.DBus -> destination=:1.126 serial=2 path=/org/freedesktop/DBus; interface=org.freedesktop.DBus; member=NameAcquired
   string ":1.126"
signal time=1788730522.598523 sender=org.freedesktop.DBus -> destination=:1.126 serial=3 path=/org/freedesktop/DBus; interface=org.freedesktop.DBus; member=NameLost
   string ":1.126"
signal time=1788730522.598560 sender=org.freedesktop.DBus -> destination=(null destination) serial=252 path=/org/freedesktop/DBus; interface=org.freedesktop.DBus; member=NameOwnerChanged
   string ":1.126"
   string ":1.126"
   string ""
signal time=1788730522.598745 sender=:1.2 -> destination=(null destination) serial=139 path=/org/a11y/atspi/registry; interface=org.a11y.atspi.Registry; member=EventListenerDeregistered
   string ":1.126"
   string ""
signal time=1788730522.603491 sender=org.freedesktop.DBus -> destination=(null destination) serial=253 path=/org/freedesktop/DBus; interface=org.freedesktop.DBus; member=NameOwnerChanged
   string ":1.127"
   string ""
   string ":1.127"
signal time=1788730522.603537 sender=org.freedesktop.DBus -> destination=:1.127 serial=2 path=/org/freedesktop/DBus; interface=org.freedesktop.DBus; member=NameAcquired
   string ":1.127"
signal time=1788730522.604841 sender=org.freedesktop.DBus -> destination=:1.127 serial=3 path=/org/freedesktop/DBus; interface=org.freedesktop.DBus; member=NameLost
   string ":1.127"
signal time=1788730522.604856 sender=org.freedesktop.DBus -> destination=(null destination) serial=254 path=/org/freedesktop/DBus; interface=org.freedesktop.DBus; member=NameOwnerChanged
   string ":1.127"
   string ":1.127"
   string ""
signal time=1788730522.604948 sender=:1.2 -> destination=(null destination) serial=140 path=/org/a11y/atspi/registry; interface=org.a11y.atspi.Registry; member=EventListenerDeregistered
   string ":1.127"
   string ""
signal time=1788730522.609819 sender=org.freedesktop.DBus -> destination=(null destination) serial=255 path=/org/freedesktop/DBus; interface=org.freedesktop.DBus; member=NameOwnerChanged
   string ":1.128"
   string ""
   string ":1.128"
signal time=1788730522.609854 sender=org.freedesktop.DBus -> destination=:1.128 serial=2 path=/org/freedesktop/DBus; interface=org.freedesktop.DBus; member=NameAcquired
   string ":1.128"
signal time=1788730522.611611 sender=org.freedesktop.DBus -> destination=:1.128 serial=3 path=/org/freedesktop/DBus; interface=org.freedesktop.DBus; member=NameLost
   string ":1.128"
signal time=1788730522.611644 sender=org.freedesktop.DBus -> destination=(null destination) serial=256 path=/org/freedesktop/DBus; interface=org.freedesktop.DBus; member=NameOwnerChanged
   string ":1.128"
   string ":1.128"
   string ""
signal time=1788730522.611742 sender=:1.2 -> destination=(null destination) serial=141 path=/org/a11y/atspi/registry; interface=org.a11y.atspi.Registry; member=EventListenerDeregistered
   string ":1.128"
   string ""
signal time=1788730522.616892 sender=org.freedesktop.DBus -> destination=(null destination) serial=257 path=/org/freedesktop/DBus; interface=org.freedesktop.DBus; member=NameOwnerChanged
   string ":1.129"
   string ""
   string ":1.129"
signal time=1788730522.616931 sender=org.freedesktop.DBus -> destination=:1.129 serial=2 path=/org/freedesktop/DBus; interface=org.freedesktop.DBus; member=NameAcquired
   string ":1.129"
signal time=1788730522.618411 sender=org.freedesktop.DBus -> destination=:1.129 serial=3 path=/org/freedesktop/DBus; interface=org.freedesktop.DBus; member=NameLost
   string ":1.129"
signal time=1788730522.618454 sender=org.freedesktop.DBus -> destination=(null destination) serial=258 path=/org/freedesktop/DBus; interface=org.freedesktop.DBus; member=NameOwnerChanged
   string ":1.129"
   string ":1.129"
   string ""
signal time=1788730522.618592 sender=:1.2 -> destination=(null destination) serial=142 path=/org/a11y/atspi/registry; interface=org.a11y.atspi.Registry; member=EventListenerDeregistered
   string ":1.129"
   string ""
signal time=1788730522.624388 sender=org.freedesktop.DBus -> destination=(null destination) serial=259 path=/org/freedesktop/DBus; interface=org.freedesktop.DBus; member=NameOwnerChanged
   string ":1.130"
   string ""
   string ":1.130"
signal time=1788730522.624447 sender=org.freedesktop.DBus -> destination=:1.130 serial=2 path=/org/freedesktop/DBus; interface=org.freedesktop.DBus; member=NameAcquired
   string ":1.130"
signal time=1788730522.627247 sender=org.freedesktop.DBus -> destination=:1.130 serial=3 path=/org/freedesktop/DBus; interface=org.freedesktop.DBus; member=NameLost
   string ":1.130"
signal time=1788730522.627283 sender=org.freedesktop.DBus -> destination=(null destination) serial=260 path=/org/freedesktop/DBus; interface=org.freedesktop.DBus; member=NameOwnerChanged
   string ":1.130"
   string ":1.130"
   string ""
signal time=1788730522.627399 sender=:1.2 -> destination=(null destination) serial=143 path=/org/a11y/atspi/registry; interface=org.a11y.atspi.Registry; member=EventListenerDeregistered
   string ":1.130"
   string ""
signal time=1788730522.632077 sender=org.freedesktop.DBus -> destination=(null destination) serial=261 path=/org/freedesktop/DBus; interface=org.freedesktop.DBus; member=NameOwnerChanged
   string ":1.131"
   string ""
   string ":1.131"
signal time=1788730522.632106 sender=org.freedesktop.DBus -> destination=:1.131 serial=2 path=/org/freedesktop/DBus; interface=org.freedesktop.DBus; member=NameAcquired
   string ":1.131"
signal time=1788730522.633762 sender=org.freedesktop.DBus -> destination=:1.131 serial=3 path=/org/freedesktop/DBus; interface=org.freedesktop.DBus; member=NameLost
   string ":1.131"
signal time=1788730522.633785 sender=org.freedesktop.DBus -> destination=(null destination) serial=262 path=/org/freedesktop/DBus; interface=org.freedesktop.DBus; member=NameOwnerChanged
   string ":1.131"
   string ":1.131"
   string ""
signal time=1788730522.633987 sender=:1.2 -> destination=(null destination) serial=144 path=/org/a11y/atspi/registry; interface=org.a11y.atspi.Registry; member=EventListenerDeregistered
   string ":1.131"
   string ""
signal time=1788730522.637875 sender=org.freedesktop.DBus -> destination=(null destination) serial=263 path=/org/freedesktop/DBus; interface=org.freedesktop.DBus; member=NameOwnerChanged
   string ":1.132"
   string ""
   string ":1.132"
signal time=1788730522.637901 sender=org.freedesktop.DBus -> destination=:1.132 serial=2 path=/org/freedesktop/DBus; interface=org.freedesktop.DBus; member=NameAcquired
   string ":1.132"
signal time=1788730522.639099 sender=org.freedesktop.DBus -> destination=:1.132 serial=3 path=/org/freedesktop/DBus; interface=org.freedesktop.DBus; member=NameLost
   string ":1.132"
signal time=1788730522.639119 sender=org.freedesktop.DBus -> destination=(null destination) serial=264 path=/org/freedesktop/DBus; interface=org.freedesktop.DBus; member=NameOwnerChanged
   string ":1.132"
   string ":1.132"
   string ""
signal time=1788730522.639158 sender=:1.2 -> destination=(null destination) serial=145 path=/org/a11y/atspi/registry; interface=org.a11y.atspi.Registry; member=EventListenerDeregistered
   string ":1.132"
   string ""
signal time=1788730522.643685 sender=org.freedesktop.DBus -> destination=(null destination) serial=265 path=/org/freedesktop/DBus; interface=org.freedesktop.DBus; member=NameOwnerChanged
   string ":1.133"
   string ""
   string ":1.133"
signal time=1788730522.643731 sender=org.freedesktop.DBus -> destination=:1.133 serial=2 path=/org/freedesktop/DBus; interface=org.freedesktop.DBus; member=NameAcquired
   string ":1.133"
signal time=1788730522.645472 sender=org.freedesktop.DBus -> destination=:1.133 serial=3 path=/org/freedesktop/DBus; interface=org.freedesktop.DBus; member=NameLost
   string ":1.133"
signal time=1788730522.645499 sender=org.freedesktop.DBus -> destination=(null destination) serial=266 path=/org/freedesktop/DBus; interface=org.freedesktop.DBus; member=NameOwnerChanged
   string ":1.133"
   string ":1.133"
   string ""
signal time=1788730522.645628 sender=:1.2 -> destination=(null destination) serial=146 path=/org/a11y/atspi/registry; interface=org.a11y.atspi.Registry; member=EventListenerDeregistered
   string ":1.133"
   string ""
signal time=1788730522.649475 sender=org.freedesktop.DBus -> destination=(null destination) serial=267 path=/org/freedesktop/DBus; interface=org.freedesktop.DBus; member=NameOwnerChanged
   string ":1.134"
   string ""
   string ":1.134"
signal time=1788730522.649503 sender=org.freedesktop.DBus -> destination=:1.134 serial=2 path=/org/freedesktop/DBus; interface=org.freedesktop.DBus; member=NameAcquired
   string ":1.134"
signal time=1788730522.651146 sender=org.freedesktop.DBus -> destination=:1.134 serial=3 path=/org/freedesktop/DBus; interface=org.freedesktop.DBus; member=NameLost
   string ":1.134"
signal time=1788730522.651175 sender=org.freedesktop.DBus -> destination=(null destination) serial=268 path=/org/freedesktop/DBus; interface=org.freedesktop.DBus; member=NameOwnerChanged
   string ":1.134"
   string ":1.134"
   string ""
signal time=1788730522.651350 sender=:1.2 -> destination=(null destination) serial=147 path=/org/a11y/atspi/registry; interface=org.a11y.atspi.Registry; member=EventListenerDeregistered
   string ":1.134"
   string ""
signal time=1788730522.655253 sender=org.freedesktop.DBus -> destination=(null destination) serial=269 path=/org/freedesktop/DBus; interface=org.freedesktop.DBus; member=NameOwnerChanged
   string ":1.135"
   string ""
   string ":1.135"
signal time=1788730522.655287 sender=org.freedesktop.DBus -> destination=:1.135 serial=2 path=/org/freedesktop/DBus; interface=org.freedesktop.DBus; member=NameAcquired
   string ":1.135"
signal time=1788730522.656656 sender=org.freedesktop.DBus -> destination=:1.135 serial=3 path=/org/freedesktop/DBus; interface=org.freedesktop.DBus; member=NameLost
   string ":1.135"
signal time=1788730522.656696 sender=org.freedesktop.DBus -> destination=(null destination) serial=270 path=/org/freedesktop/DBus; interface=org.freedesktop.DBus; member=NameOwnerChanged
   string ":1.135"
   string ":1.135"
   string ""
signal time=1788730522.657337 sender=:1.2 -> destination=(null destination) serial=148 path=/org/a11y/atspi/registry; interface=org.a11y.atspi.Registry; member=EventListenerDeregistered
   string ":1.135"
   string ""
signal time=1788730522.662202 sender=org.freedesktop.DBus -> destination=(null destination) serial=271 path=/org/freedesktop/DBus; interface=org.freedesktop.DBus; member=NameOwnerChanged
   string ":1.136"
   string ""
   string ":1.136"
signal time=1788730522.662233 sender=org.freedesktop.DBus -> destination=:1.136 serial=2 path=/org/freedesktop/DBus; interface=org.freedesktop.DBus; member=NameAcquired
   string ":1.136"
signal time=1788730522.663574 sender=org.freedesktop.DBus -> destination=:1.136 serial=3 path=/org/freedesktop/DBus; interface=org.freedesktop.DBus; member=NameLost
   string ":1.136"
signal time=1788730522.663591 sender=org.freedesktop.DBus -> destination=(null destination) serial=272 path=/org/freedesktop/DBus; interface=org.freedesktop.DBus; member=NameOwnerChanged
   string ":1.136"
   string ":1.136"
   string ""
signal time=1788730522.663713 sender=:1.2 -> destination=(null destination) serial=149 path=/org/a11y/atspi/registry; interface=org.a11y.atspi.Registry; member=EventListenerDeregistered
   string ":1.136"
   string ""
signal time=1788730522.668142 sender=org.freedesktop.DBus -> destination=(null destination) serial=273 path=/org/freedesktop/DBus; interface=org.freedesktop.DBus; member=NameOwnerChanged
   string ":1.137"
   string ""
   string ":1.137"
signal time=1788730522.668184 sender=org.freedesktop.DBus -> destination=:1.137 serial=2 path=/org/freedesktop/DBus; interface=org.freedesktop.DBus; member=NameAcquired
   string ":1.137"
signal time=1788730522.669593 sender=org.freedesktop.DBus -> destination=:1.137 serial=3 path=/org/freedesktop/DBus; interface=org.freedesktop.DBus; member=NameLost
   string ":1.137"
signal time=1788730522.669623 sender=org.freedesktop.DBus -> destination=(null destination) serial=274 path=/org/freedesktop/DBus; interface=org.freedesktop.DBus; member=NameOwnerChanged
   string ":1.137"
   string ":1.137"
   string ""
signal time=1788730522.669701 sender=:1.2 -> destination=(null destination) serial=150 path=/org/a11y/atspi/registry; interface=org.a11y.atspi.Registry; member=EventListenerDeregistered
   string ":1.137"
   string ""
signal time=1788730522.674377 sender=org.freedesktop.DBus -> destination=(null destination) serial=275 path=/org/freedesktop/DBus; interface=org.freedesktop.DBus; member=NameOwnerChanged
   string ":1.138"
   string ""
   string ":1.138"
signal time=1788730522.674419 sender=org.freedesktop.DBus -> destination=:1.138 serial=2 path=/org/freedesktop/DBus; interface=org.freedesktop.DBus; member=NameAcquired
   string ":1.138"
signal time=1788730522.676059 sender=org.freedesktop.DBus -> destination=:1.138 serial=3 path=/org/freedesktop/DBus; interface=org.freedesktop.DBus; member=NameLost
   string ":1.138"
signal time=1788730522.676086 sender=org.freedesktop.DBus -> destination=(null destination) serial=276 path=/org/freedesktop/DBus; interface=org.freedesktop.DBus; member=NameOwnerChanged
   string ":1.138"
   string ":1.138"
   string ""
signal time=1788730522.676156 sender=:1.2 -> destination=(null destination) serial=151 path=/org/a11y/atspi/registry; interface=org.a11y.atspi.Registry; member=EventListenerDeregistered
   string ":1.138"
   string ""
signal time=1788730522.681017 sender=org.freedesktop.DBus -> destination=(null destination) serial=277 path=/org/freedesktop/DBus; interface=org.freedesktop.DBus; member=NameOwnerChanged
   string ":1.139"
   string ""
   string ":1.139"
signal time=1788730522.681052 sender=org.freedesktop.DBus -> destination=:1.139 serial=2 path=/org/freedesktop/DBus; interface=org.freedesktop.DBus; member=NameAcquired
   string ":1.139"
signal time=1788730522.682487 sender=org.freedesktop.DBus -> destination=:1.139 serial=3 path=/org/freedesktop/DBus; interface=org.freedesktop.DBus; member=NameLost
   string ":1.139"
signal time=1788730522.682526 sender=org.freedesktop.DBus -> destination=(null destination) serial=278 path=/org/freedesktop/DBus; interface=org.freedesktop.DBus; member=NameOwnerChanged
   string ":1.139"
   string ":1.139"
   string ""
signal time=1788730522.682639 sender=:1.2 -> destination=(null destination) serial=152 path=/org/a11y/atspi/registry; interface=org.a11y.atspi.Registry; member=EventListenerDeregistered
   string ":1.139"
   string ""
signal time=1788730522.688018 sender=org.freedesktop.DBus -> destination=(null destination) serial=279 path=/org/freedesktop/DBus; interface=org.freedesktop.DBus; member=NameOwnerChanged
   string ":1.140"
   string ""
   string ":1.140"
signal time=1788730522.688052 sender=org.freedesktop.DBus -> destination=:1.140 serial=2 path=/org/freedesktop/DBus; interface=org.freedesktop.DBus; member=NameAcquired
   string ":1.140"
signal time=1788730522.689734 sender=org.freedesktop.DBus -> destination=:1.140 serial=3 path=/org/freedesktop/DBus; interface=org.freedesktop.DBus; member=NameLost
   string ":1.140"
signal time=1788730522.689766 sender=org.freedesktop.DBus -> destination=(null destination) serial=280 path=/org/freedesktop/DBus; interface=org.freedesktop.DBus; member=NameOwnerChanged
   string ":1.140"
   string ":1.140"
   string ""
signal time=1788730522.689862 sender=:1.2 -> destination=(null destination) serial=153 path=/org/a11y/atspi/registry; interface=org.a11y.atspi.Registry; member=EventListenerDeregistered
   string ":1.140"
   string ""
signal time=1788730522.695320 sender=org.freedesktop.DBus -> destination=(null destination) serial=281 path=/org/freedesktop/DBus; interface=org.freedesktop.DBus; member=NameOwnerChanged
   string ":1.141"
   string ""
   string ":1.141"
signal time=1788730522.695354 sender=org.freedesktop.DBus -> destination=:1.141 serial=2 path=/org/freedesktop/DBus; interface=org.freedesktop.DBus; member=NameAcquired
   string ":1.141"
signal time=1788730522.696769 sender=org.freedesktop.DBus -> destination=:1.141 serial=3 path=/org/freedesktop/DBus; interface=org.freedesktop.DBus; member=NameLost
   string ":1.141"
signal time=1788730522.696789 sender=org.freedesktop.DBus -> destination=(null destination) serial=282 path=/org/freedesktop/DBus; interface=org.freedesktop.DBus; member=NameOwnerChanged
   string ":1.141"
   string ":1.141"
   string ""
signal time=1788730522.696834 sender=:1.2 -> destination=(null destination) serial=154 path=/org/a11y/atspi/registry; interface=org.a11y.atspi.Registry; member=EventListenerDeregistered
   string ":1.141"
   string ""
signal time=1788730522.701132 sender=org.freedesktop.DBus -> destination=(null destination) serial=283 path=/org/freedesktop/DBus; interface=org.freedesktop.DBus; member=NameOwnerChanged
   string ":1.142"
   string ""
   string ":1.142"
signal time=1788730522.701169 sender=org.freedesktop.DBus -> destination=:1.142 serial=2 path=/org/freedesktop/DBus; interface=org.freedesktop.DBus; member=NameAcquired
   string ":1.142"
signal time=1788730522.703651 sender=org.freedesktop.DBus -> destination=:1.142 serial=3 path=/org/freedesktop/DBus; interface=org.freedesktop.DBus; member=NameLost
   string ":1.142"
signal time=1788730522.703692 sender=org.freedesktop.DBus -> destination=(null destination) serial=284 path=/org/freedesktop/DBus; interface=org.freedesktop.DBus; member=NameOwnerChanged
   string ":1.142"
   string ":1.142"
   string ""
signal time=1788730522.703803 sender=:1.2 -> destination=(null destination) serial=155 path=/org/a11y/atspi/registry; interface=org.a11y.atspi.Registry; member=EventListenerDeregistered
   string ":1.142"
   string ""
signal time=1788730522.708197 sender=org.freedesktop.DBus -> destination=(null destination) serial=285 path=/org/freedesktop/DBus; interface=org.freedesktop.DBus; member=NameOwnerChanged
   string ":1.143"
   string ""
   string ":1.143"
signal time=1788730522.708233 sender=org.freedesktop.DBus -> destination=:1.143 serial=2 path=/org/freedesktop/DBus; interface=org.freedesktop.DBus; member=NameAcquired
   string ":1.143"
signal time=1788730522.710256 sender=org.freedesktop.DBus -> destination=:1.143 serial=3 path=/org/freedesktop/DBus; interface=org.freedesktop.DBus; member=NameLost
   string ":1.143"
signal time=1788730522.710301 sender=org.freedesktop.DBus -> destination=(null destination) serial=286 path=/org/freedesktop/DBus; interface=org.freedesktop.DBus; member=NameOwnerChanged
   string ":1.143"
   string ":1.143"
   string ""
signal time=1788730522.710416 sender=:1.2 -> destination=(null destination) serial=156 path=/org/a11y/atspi/registry; interface=org.a11y.atspi.Registry; member=EventListenerDeregistered
   string ":1.143"
   string ""
signal time=1788730522.715677 sender=org.freedesktop.DBus -> destination=(null destination) serial=287 path=/org/freedesktop/DBus; interface=org.freedesktop.DBus; member=NameOwnerChanged
   string ":1.144"
   string ""
   string ":1.144"
signal time=1788730522.715748 sender=org.freedesktop.DBus -> destination=:1.144 serial=2 path=/org/freedesktop/DBus; interface=org.freedesktop.DBus; member=NameAcquired
   string ":1.144"
signal time=1788730522.717165 sender=org.freedesktop.DBus -> destination=:1.144 serial=3 path=/org/freedesktop/DBus; interface=org.freedesktop.DBus; member=NameLost
   string ":1.144"
signal time=1788730522.717190 sender=org.freedesktop.DBus -> destination=(null destination) serial=288 path=/org/freedesktop/DBus; interface=org.freedesktop.DBus; member=NameOwnerChanged
   string ":1.144"
   string ":1.144"
   string ""
signal time=1788730522.717271 sender=:1.2 -> destination=(null destination) serial=157 path=/org/a11y/atspi/registry; interface=org.a11y.atspi.Registry; member=EventListenerDeregistered
   string ":1.144"
   string ""
signal time=1788730522.722359 sender=org.freedesktop.DBus -> destination=(null destination) serial=289 path=/org/freedesktop/DBus; interface=org.freedesktop.DBus; member=NameOwnerChanged
   string ":1.145"
   string ""
   string ":1.145"
signal time=1788730522.722387 sender=org.freedesktop.DBus -> destination=:1.145 serial=2 path=/org/freedesktop/DBus; interface=org.freedesktop.DBus; member=NameAcquired
   string ":1.145"
signal time=1788730522.724265 sender=org.freedesktop.DBus -> destination=:1.145 serial=3 path=/org/freedesktop/DBus; interface=org.freedesktop.DBus; member=NameLost
   string ":1.145"
signal time=1788730522.724300 sender=org.freedesktop.DBus -> destination=(null destination) serial=290 path=/org/freedesktop/DBus; interface=org.freedesktop.DBus; member=NameOwnerChanged
   string ":1.145"
   string ":1.145"
   string ""
signal time=1788730522.724372 sender=:1.2 -> destination=(null destination) serial=158 path=/org/a11y/atspi/registry; interface=org.a11y.atspi.Registry; member=EventListenerDeregistered
   string ":1.145"
   string ""
signal time=1788730522.729342 sender=org.freedesktop.DBus -> destination=(null destination) serial=291 path=/org/freedesktop/DBus; interface=org.freedesktop.DBus; member=NameOwnerChanged
   string ":1.146"
   string ""
   string ":1.146"
signal time=1788730522.729381 sender=org.freedesktop.DBus -> destination=:1.146 serial=2 path=/org/freedesktop/DBus; interface=org.freedesktop.DBus; member=NameAcquired
   string ":1.146"
signal time=1788730522.731021 sender=org.freedesktop.DBus -> destination=:1.146 serial=3 path=/org/freedesktop/DBus; interface=org.freedesktop.DBus; member=NameLost
   string ":1.146"
signal time=1788730522.731050 sender=org.freedesktop.DBus -> destination=(null destination) serial=292 path=/org/freedesktop/DBus; interface=org.freedesktop.DBus; member=NameOwnerChanged
   string ":1.146"
   string ":1.146"
   string ""
signal time=1788730522.731141 sender=:1.2 -> destination=(null destination) serial=159 path=/org/a11y/atspi/registry; interface=org.a11y.atspi.Registry; member=EventListenerDeregistered
   string ":1.146"
   string ""
signal time=1788730522.735806 sender=org.freedesktop.DBus -> destination=(null destination) serial=293 path=/org/freedesktop/DBus; interface=org.freedesktop.DBus; member=NameOwnerChanged
   string ":1.147"
   string ""
   string ":1.147"
signal time=1788730522.735846 sender=org.freedesktop.DBus -> destination=:1.147 serial=2 path=/org/freedesktop/DBus; interface=org.freedesktop.DBus; member=NameAcquired
   string ":1.147"
signal time=1788730522.737397 sender=org.freedesktop.DBus -> destination=:1.147 serial=3 path=/org/freedesktop/DBus; interface=org.freedesktop.DBus; member=NameLost
   string ":1.147"
signal time=1788730522.737419 sender=org.freedesktop.DBus -> destination=(null destination) serial=294 path=/org/freedesktop/DBus; interface=org.freedesktop.DBus; member=NameOwnerChanged
   string ":1.147"
   string ":1.147"
   string ""
signal time=1788730522.737542 sender=:1.2 -> destination=(null destination) serial=160 path=/org/a11y/atspi/registry; interface=org.a11y.atspi.Registry; member=EventListenerDeregistered
   string ":1.147"
   string ""
signal time=1788730522.742004 sender=org.freedesktop.DBus -> destination=(null destination) serial=295 path=/org/freedesktop/DBus; interface=org.freedesktop.DBus; member=NameOwnerChanged
   string ":1.148"
   string ""
   string ":1.148"
signal time=1788730522.742042 sender=org.freedesktop.DBus -> destination=:1.148 serial=2 path=/org/freedesktop/DBus; interface=org.freedesktop.DBus; member=NameAcquired
   string ":1.148"
signal time=1788730522.743813 sender=org.freedesktop.DBus -> destination=:1.148 serial=3 path=/org/freedesktop/DBus; interface=org.freedesktop.DBus; member=NameLost
   string ":1.148"
signal time=1788730522.743865 sender=org.freedesktop.DBus -> destination=(null destination) serial=296 path=/org/freedesktop/DBus; interface=org.freedesktop.DBus; member=NameOwnerChanged
   string ":1.148"
   string ":1.148"
   string ""
signal time=1788730522.743916 sender=:1.2 -> destination=(null destination) serial=161 path=/org/a11y/atspi/registry; interface=org.a11y.atspi.Registry; member=EventListenerDeregistered
   string ":1.148"
   string ""
signal time=1788730522.748997 sender=org.freedesktop.DBus -> destination=(null destination) serial=297 path=/org/freedesktop/DBus; interface=org.freedesktop.DBus; member=NameOwnerChanged
   string ":1.149"
   string ""
   string ":1.149"
signal time=1788730522.749025 sender=org.freedesktop.DBus -> destination=:1.149 serial=2 path=/org/freedesktop/DBus; interface=org.freedesktop.DBus; member=NameAcquired
   string ":1.149"
signal time=1788730522.750767 sender=org.freedesktop.DBus -> destination=:1.149 serial=3 path=/org/freedesktop/DBus; interface=org.freedesktop.DBus; member=NameLost
   string ":1.149"
signal time=1788730522.750792 sender=org.freedesktop.DBus -> destination=(null destination) serial=298 path=/org/freedesktop/DBus; interface=org.freedesktop.DBus; member=NameOwnerChanged
   string ":1.149"
   string ":1.149"
   string ""
signal time=1788730522.750980 sender=:1.2 -> destination=(null destination) serial=162 path=/org/a11y/atspi/registry; interface=org.a11y.atspi.Registry; member=EventListenerDeregistered
   string ":1.149"
   string ""
signal time=1788730522.755837 sender=org.freedesktop.DBus -> destination=(null destination) serial=299 path=/org/freedesktop/DBus; interface=org.freedesktop.DBus; member=NameOwnerChanged
   string ":1.150"
   string ""
   string ":1.150"
signal time=1788730522.755884 sender=org.freedesktop.DBus -> destination=:1.150 serial=2 path=/org/freedesktop/DBus; interface=org.freedesktop.DBus; member=NameAcquired
   string ":1.150"
signal time=1788730522.757421 sender=org.freedesktop.DBus -> destination=:1.150 serial=3 path=/org/freedesktop/DBus; interface=org.freedesktop.DBus; member=NameLost
   string ":1.150"
signal time=1788730522.757459 sender=org.freedesktop.DBus -> destination=(null destination) serial=300 path=/org/freedesktop/DBus; interface=org.freedesktop.DBus; member=NameOwnerChanged
   string ":1.150"
   string ":1.150"
   string ""
signal time=1788730522.757531 sender=:1.2 -> destination=(null destination) serial=163 path=/org/a11y/atspi/registry; interface=org.a11y.atspi.Registry; member=EventListenerDeregistered
   string ":1.150"
   string ""
signal time=1788730522.763104 sender=org.freedesktop.DBus -> destination=(null destination) serial=301 path=/org/freedesktop/DBus; interface=org.freedesktop.DBus; member=NameOwnerChanged
   string ":1.151"
   string ""
   string ":1.151"
signal time=1788730522.763141 sender=org.freedesktop.DBus -> destination=:1.151 serial=2 path=/org/freedesktop/DBus; interface=org.freedesktop.DBus; member=NameAcquired
   string ":1.151"
signal time=1788730522.764618 sender=org.freedesktop.DBus -> destination=:1.151 serial=3 path=/org/freedesktop/DBus; interface=org.freedesktop.DBus; member=NameLost
   string ":1.151"
signal time=1788730522.764642 sender=org.freedesktop.DBus -> destination=(null destination) serial=302 path=/org/freedesktop/DBus; interface=org.freedesktop.DBus; member=NameOwnerChanged
   string ":1.151"
   string ":1.151"
   string ""
signal time=1788730522.764724 sender=:1.2 -> destination=(null destination) serial=164 path=/org/a11y/atspi/registry; interface=org.a11y.atspi.Registry; member=EventListenerDeregistered
   string ":1.151"
   string ""
signal time=1788730522.769235 sender=org.freedesktop.DBus -> destination=(null destination) serial=303 path=/org/freedesktop/DBus; interface=org.freedesktop.DBus; member=NameOwnerChanged
   string ":1.152"
   string ""
   string ":1.152"
signal time=1788730522.769268 sender=org.freedesktop.DBus -> destination=:1.152 serial=2 path=/org/freedesktop/DBus; interface=org.freedesktop.DBus; member=NameAcquired
   string ":1.152"
signal time=1788730522.771212 sender=org.freedesktop.DBus -> destination=:1.152 serial=3 path=/org/freedesktop/DBus; interface=org.freedesktop.DBus; member=NameLost
   string ":1.152"
signal time=1788730522.771241 sender=org.freedesktop.DBus -> destination=(null destination) serial=304 path=/org/freedesktop/DBus; interface=org.freedesktop.DBus; member=NameOwnerChanged
   string ":1.152"
   string ":1.152"
   string ""
signal time=1788730522.771339 sender=:1.2 -> destination=(null destination) serial=165 path=/org/a11y/atspi/registry; interface=org.a11y.atspi.Registry; member=EventListenerDeregistered
   string ":1.152"
   string ""
signal time=1788730522.775589 sender=org.freedesktop.DBus -> destination=(null destination) serial=305 path=/org/freedesktop/DBus; interface=org.freedesktop.DBus; member=NameOwnerChanged
   string ":1.153"
   string ""
   string ":1.153"
signal time=1788730522.775631 sender=org.freedesktop.DBus -> destination=:1.153 serial=2 path=/org/freedesktop/DBus; interface=org.freedesktop.DBus; member=NameAcquired
   string ":1.153"
signal time=1788730522.777319 sender=org.freedesktop.DBus -> destination=:1.153 serial=3 path=/org/freedesktop/DBus; interface=org.freedesktop.DBus; member=NameLost
   string ":1.153"
signal time=1788730522.777351 sender=org.freedesktop.DBus -> destination=(null destination) serial=306 path=/org/freedesktop/DBus; interface=org.freedesktop.DBus; member=NameOwnerChanged
   string ":1.153"
   string ":1.153"
   string ""
signal time=1788730522.777412 sender=:1.2 -> destination=(null destination) serial=166 path=/org/a11y/atspi/registry; interface=org.a11y.atspi.Registry; member=EventListenerDeregistered
   string ":1.153"
   string ""
signal time=1788730522.782683 sender=org.freedesktop.DBus -> destination=(null destination) serial=307 path=/org/freedesktop/DBus; interface=org.freedesktop.DBus; member=NameOwnerChanged
   string ":1.154"
   string ""
   string ":1.154"
signal time=1788730522.782710 sender=org.freedesktop.DBus -> destination=:1.154 serial=2 path=/org/freedesktop/DBus; interface=org.freedesktop.DBus; member=NameAcquired
   string ":1.154"
signal time=1788730522.784376 sender=org.freedesktop.DBus -> destination=:1.154 serial=3 path=/org/freedesktop/DBus; interface=org.freedesktop.DBus; member=NameLost
   string ":1.154"
signal time=1788730522.784394 sender=org.freedesktop.DBus -> destination=(null destination) serial=308 path=/org/freedesktop/DBus; interface=org.freedesktop.DBus; member=NameOwnerChanged
   string ":1.154"
   string ":1.154"
   string ""
signal time=1788730522.784464 sender=:1.2 -> destination=(null destination) serial=167 path=/org/a11y/atspi/registry; interface=org.a11y.atspi.Registry; member=EventListenerDeregistered
   string ":1.154"
   string ""
signal time=1788730522.788802 sender=org.freedesktop.DBus -> destination=(null destination) serial=309 path=/org/freedesktop/DBus; interface=org.freedesktop.DBus; member=NameOwnerChanged
   string ":1.155"
   string ""
   string ":1.155"
signal time=1788730522.788857 sender=org.freedesktop.DBus -> destination=:1.155 serial=2 path=/org/freedesktop/DBus; interface=org.freedesktop.DBus; member=NameAcquired
   string ":1.155"
signal time=1788730522.790718 sender=org.freedesktop.DBus -> destination=:1.155 serial=3 path=/org/freedesktop/DBus; interface=org.freedesktop.DBus; member=NameLost
   string ":1.155"
signal time=1788730522.790758 sender=org.freedesktop.DBus -> destination=(null destination) serial=310 path=/org/freedesktop/DBus; interface=org.freedesktop.DBus; member=NameOwnerChanged
   string ":1.155"
   string ":1.155"
   string ""
signal time=1788730522.790839 sender=:1.2 -> destination=(null destination) serial=168 path=/org/a11y/atspi/registry; interface=org.a11y.atspi.Registry; member=EventListenerDeregistered
   string ":1.155"
   string ""
signal time=1788730522.795691 sender=org.freedesktop.DBus -> destination=(null destination) serial=311 path=/org/freedesktop/DBus; interface=org.freedesktop.DBus; member=NameOwnerChanged
   string ":1.156"
   string ""
   string ":1.156"
signal time=1788730522.795723 sender=org.freedesktop.DBus -> destination=:1.156 serial=2 path=/org/freedesktop/DBus; interface=org.freedesktop.DBus; member=NameAcquired
   string ":1.156"
signal time=1788730522.797331 sender=org.freedesktop.DBus -> destination=:1.156 serial=3 path=/org/freedesktop/DBus; interface=org.freedesktop.DBus; member=NameLost
   string ":1.156"
signal time=1788730522.797351 sender=org.freedesktop.DBus -> destination=(null destination) serial=312 path=/org/freedesktop/DBus; interface=org.freedesktop.DBus; member=NameOwnerChanged
   string ":1.156"
   string ":1.156"
   string ""
signal time=1788730522.797398 sender=:1.2 -> destination=(null destination) serial=169 path=/org/a11y/atspi/registry; interface=org.a11y.atspi.Registry; member=EventListenerDeregistered
   string ":1.156"
   string ""
signal time=1788730522.802447 sender=org.freedesktop.DBus -> destination=(null destination) serial=313 path=/org/freedesktop/DBus; interface=org.freedesktop.DBus; member=NameOwnerChanged
   string ":1.157"
   string ""
   string ":1.157"
signal time=1788730522.802487 sender=org.freedesktop.DBus -> destination=:1.157 serial=2 path=/org/freedesktop/DBus; interface=org.freedesktop.DBus; member=NameAcquired
   string ":1.157"
signal time=1788730522.803780 sender=org.freedesktop.DBus -> destination=:1.157 serial=3 path=/org/freedesktop/DBus; interface=org.freedesktop.DBus; member=NameLost
   string ":1.157"
signal time=1788730522.803802 sender=org.freedesktop.DBus -> destination=(null destination) serial=314 path=/org/freedesktop/DBus; interface=org.freedesktop.DBus; member=NameOwnerChanged
   string ":1.157"
   string ":1.157"
   string ""
signal time=1788730522.803908 sender=:1.2 -> destination=(null destination) serial=170 path=/org/a11y/atspi/registry; interface=org.a11y.atspi.Registry; member=EventListenerDeregistered
   string ":1.157"
   string ""
signal time=1788730522.808560 sender=org.freedesktop.DBus -> destination=(null destination) serial=315 path=/org/freedesktop/DBus; interface=org.freedesktop.DBus; member=NameOwnerChanged
   string ":1.158"
   string ""
   string ":1.158"
signal time=1788730522.808595 sender=org.freedesktop.DBus -> destination=:1.158 serial=2 path=/org/freedesktop/DBus; interface=org.freedesktop.DBus; member=NameAcquired
   string ":1.158"
signal time=1788730522.810350 sender=org.freedesktop.DBus -> destination=:1.158 serial=3 path=/org/freedesktop/DBus; interface=org.freedesktop.DBus; member=NameLost
   string ":1.158"
signal time=1788730522.810383 sender=org.freedesktop.DBus -> destination=(null destination) serial=316 path=/org/freedesktop/DBus; interface=org.freedesktop.DBus; member=NameOwnerChanged
   string ":1.158"
   string ":1.158"
   string ""
signal time=1788730522.810517 sender=:1.2 -> destination=(null destination) serial=171 path=/org/a11y/atspi/registry; interface=org.a11y.atspi.Registry; member=EventListenerDeregistered
   string ":1.158"
   string ""
signal time=1788730522.815482 sender=org.freedesktop.DBus -> destination=(null destination) serial=317 path=/org/freedesktop/DBus; interface=org.freedesktop.DBus; member=NameOwnerChanged
   string ":1.159"
   string ""
   string ":1.159"
signal time=1788730522.815516 sender=org.freedesktop.DBus -> destination=:1.159 serial=2 path=/org/freedesktop/DBus; interface=org.freedesktop.DBus; member=NameAcquired
   string ":1.159"
signal time=1788730522.817377 sender=org.freedesktop.DBus -> destination=:1.159 serial=3 path=/org/freedesktop/DBus; interface=org.freedesktop.DBus; member=NameLost
   string ":1.159"
signal time=1788730522.817393 sender=org.freedesktop.DBus -> destination=(null destination) serial=318 path=/org/freedesktop/DBus; interface=org.freedesktop.DBus; member=NameOwnerChanged
   string ":1.159"
   string ":1.159"
   string ""
signal time=1788730522.817471 sender=:1.2 -> destination=(null destination) serial=172 path=/org/a11y/atspi/registry; interface=org.a11y.atspi.Registry; member=EventListenerDeregistered
   string ":1.159"
   string ""
signal time=1788730522.821871 sender=org.freedesktop.DBus -> destination=(null destination) serial=319 path=/org/freedesktop/DBus; interface=org.freedesktop.DBus; member=NameOwnerChanged
   string ":1.160"
   string ""
   string ":1.160"
signal time=1788730522.821910 sender=org.freedesktop.DBus -> destination=:1.160 serial=2 path=/org/freedesktop/DBus; interface=org.freedesktop.DBus; member=NameAcquired
   string ":1.160"
signal time=1788730522.823548 sender=org.freedesktop.DBus -> destination=:1.160 serial=3 path=/org/freedesktop/DBus; interface=org.freedesktop.DBus; member=NameLost
   string ":1.160"
signal time=1788730522.823578 sender=org.freedesktop.DBus -> destination=(null destination) serial=320 path=/org/freedesktop/DBus; interface=org.freedesktop.DBus; member=NameOwnerChanged
   string ":1.160"
   string ":1.160"
   string ""
signal time=1788730522.823653 sender=:1.2 -> destination=(null destination) serial=173 path=/org/a11y/atspi/registry; interface=org.a11y.atspi.Registry; member=EventListenerDeregistered
   string ":1.160"
   string ""
signal time=1788730522.828795 sender=org.freedesktop.DBus -> destination=(null destination) serial=321 path=/org/freedesktop/DBus; interface=org.freedesktop.DBus; member=NameOwnerChanged
   string ":1.161"
   string ""
   string ":1.161"
signal time=1788730522.828865 sender=org.freedesktop.DBus -> destination=:1.161 serial=2 path=/org/freedesktop/DBus; interface=org.freedesktop.DBus; member=NameAcquired
   string ":1.161"
signal time=1788730522.830230 sender=org.freedesktop.DBus -> destination=:1.161 serial=3 path=/org/freedesktop/DBus; interface=org.freedesktop.DBus; member=NameLost
   string ":1.161"
signal time=1788730522.830259 sender=org.freedesktop.DBus -> destination=(null destination) serial=322 path=/org/freedesktop/DBus; interface=org.freedesktop.DBus; member=NameOwnerChanged
   string ":1.161"
   string ":1.161"
   string ""
signal time=1788730522.830323 sender=:1.2 -> destination=(null destination) serial=174 path=/org/a11y/atspi/registry; interface=org.a11y.atspi.Registry; member=EventListenerDeregistered
   string ":1.161"
   string ""
signal time=1788730522.835258 sender=org.freedesktop.DBus -> destination=(null destination) serial=323 path=/org/freedesktop/DBus; interface=org.freedesktop.DBus; member=NameOwnerChanged
   string ":1.162"
   string ""
   string ":1.162"
signal time=1788730522.835286 sender=org.freedesktop.DBus -> destination=:1.162 serial=2 path=/org/freedesktop/DBus; interface=org.freedesktop.DBus; member=NameAcquired
   string ":1.162"
signal time=1788730522.837155 sender=org.freedesktop.DBus -> destination=:1.162 serial=3 path=/org/freedesktop/DBus; interface=org.freedesktop.DBus; member=NameLost
   string ":1.162"
signal time=1788730522.837174 sender=org.freedesktop.DBus -> destination=(null destination) serial=324 path=/org/freedesktop/DBus; interface=org.freedesktop.DBus; member=NameOwnerChanged
   string ":1.162"
   string ":1.162"
   string ""
signal time=1788730522.837318 sender=:1.2 -> destination=(null destination) serial=175 path=/org/a11y/atspi/registry; interface=org.a11y.atspi.Registry; member=EventListenerDeregistered
   string ":1.162"
   string ""
signal time=1788730522.842595 sender=org.freedesktop.DBus -> destination=(null destination) serial=325 path=/org/freedesktop/DBus; interface=org.freedesktop.DBus; member=NameOwnerChanged
   string ":1.163"
   string ""
   string ":1.163"
signal time=1788730522.842658 sender=org.freedesktop.DBus -> destination=:1.163 serial=2 path=/org/freedesktop/DBus; interface=org.freedesktop.DBus; member=NameAcquired
   string ":1.163"
signal time=1788730522.844091 sender=org.freedesktop.DBus -> destination=:1.163 serial=3 path=/org/freedesktop/DBus; interface=org.freedesktop.DBus; member=NameLost
   string ":1.163"
signal time=1788730522.844122 sender=org.freedesktop.DBus -> destination=(null destination) serial=326 path=/org/freedesktop/DBus; interface=org.freedesktop.DBus; member=NameOwnerChanged
   string ":1.163"
   string ":1.163"
   string ""
signal time=1788730522.844213 sender=:1.2 -> destination=(null destination) serial=176 path=/org/a11y/atspi/registry; interface=org.a11y.atspi.Registry; member=EventListenerDeregistered
   string ":1.163"
   string ""
signal time=1788730522.849767 sender=org.freedesktop.DBus -> destination=(null destination) serial=327 path=/org/freedesktop/DBus; interface=org.freedesktop.DBus; member=NameOwnerChanged
   string ":1.164"
   string ""
   string ":1.164"
signal time=1788730522.849810 sender=org.freedesktop.DBus -> destination=:1.164 serial=2 path=/org/freedesktop/DBus; interface=org.freedesktop.DBus; member=NameAcquired
   string ":1.164"
signal time=1788730522.851903 sender=org.freedesktop.DBus -> destination=:1.164 serial=3 path=/org/freedesktop/DBus; interface=org.freedesktop.DBus; member=NameLost
   string ":1.164"
signal time=1788730522.851926 sender=org.freedesktop.DBus -> destination=(null destination) serial=328 path=/org/freedesktop/DBus; interface=org.freedesktop.DBus; member=NameOwnerChanged
   string ":1.164"
   string ":1.164"
   string ""
signal time=1788730522.852026 sender=:1.2 -> destination=(null destination) serial=177 path=/org/a11y/atspi/registry; interface=org.a11y.atspi.Registry; member=EventListenerDeregistered
   string ":1.164"
   string ""
signal time=1788730522.856942 sender=org.freedesktop.DBus -> destination=(null destination) serial=329 path=/org/freedesktop/DBus; interface=org.freedesktop.DBus; member=NameOwnerChanged
   string ":1.165"
   string ""
   string ":1.165"
signal time=1788730522.857021 sender=org.freedesktop.DBus -> destination=:1.165 serial=2 path=/org/freedesktop/DBus; interface=org.freedesktop.DBus; member=NameAcquired
   string ":1.165"
signal time=1788730522.858824 sender=org.freedesktop.DBus -> destination=:1.165 serial=3 path=/org/freedesktop/DBus; interface=org.freedesktop.DBus; member=NameLost
   string ":1.165"
signal time=1788730522.858860 sender=org.freedesktop.DBus -> destination=(null destination) serial=330 path=/org/freedesktop/DBus; interface=org.freedesktop.DBus; member=NameOwnerChanged
   string ":1.165"
   string ":1.165"
   string ""
signal time=1788730522.858995 sender=:1.2 -> destination=(null destination) serial=178 path=/org/a11y/atspi/registry; interface=org.a11y.atspi.Registry; member=EventListenerDeregistered
   string ":1.165"
   string ""
signal time=1788730522.864199 sender=org.freedesktop.DBus -> destination=(null destination) serial=331 path=/org/freedesktop/DBus; interface=org.freedesktop.DBus; member=NameOwnerChanged
   string ":1.166"
   string ""
   string ":1.166"
signal time=1788730522.864273 sender=org.freedesktop.DBus -> destination=:1.166 serial=2 path=/org/freedesktop/DBus; interface=org.freedesktop.DBus; member=NameAcquired
   string ":1.166"
signal time=1788730522.866065 sender=org.freedesktop.DBus -> destination=:1.166 serial=3 path=/org/freedesktop/DBus; interface=org.freedesktop.DBus; member=NameLost
   string ":1.166"
signal time=1788730522.866102 sender=org.freedesktop.DBus -> destination=(null destination) serial=332 path=/org/freedesktop/DBus; interface=org.freedesktop.DBus; member=NameOwnerChanged
   string ":1.166"
   string ":1.166"
   string ""
signal time=1788730522.866234 sender=:1.2 -> destination=(null destination) serial=179 path=/org/a11y/atspi/registry; interface=org.a11y.atspi.Registry; member=EventListenerDeregistered
   string ":1.166"
   string ""
signal time=1788730522.870666 sender=org.freedesktop.DBus -> destination=(null destination) serial=333 path=/org/freedesktop/DBus; interface=org.freedesktop.DBus; member=NameOwnerChanged
   string ":1.167"
   string ""
   string ":1.167"
signal time=1788730522.870701 sender=org.freedesktop.DBus -> destination=:1.167 serial=2 path=/org/freedesktop/DBus; interface=org.freedesktop.DBus; member=NameAcquired
   string ":1.167"
signal time=1788730522.872114 sender=org.freedesktop.DBus -> destination=:1.167 serial=3 path=/org/freedesktop/DBus; interface=org.freedesktop.DBus; member=NameLost
   string ":1.167"
signal time=1788730522.872126 sender=org.freedesktop.DBus -> destination=(null destination) serial=334 path=/org/freedesktop/DBus; interface=org.freedesktop.DBus; member=NameOwnerChanged
   string ":1.167"
   string ":1.167"
   string ""
signal time=1788730522.872227 sender=:1.2 -> destination=(null destination) serial=180 path=/org/a11y/atspi/registry; interface=org.a11y.atspi.Registry; member=EventListenerDeregistered
   string ":1.167"
   string ""
signal time=1788730522.877507 sender=org.freedesktop.DBus -> destination=(null destination) serial=335 path=/org/freedesktop/DBus; interface=org.freedesktop.DBus; member=NameOwnerChanged
   string ":1.168"
   string ""
   string ":1.168"
signal time=1788730522.877559 sender=org.freedesktop.DBus -> destination=:1.168 serial=2 path=/org/freedesktop/DBus; interface=org.freedesktop.DBus; member=NameAcquired
   string ":1.168"
signal time=1788730522.879141 sender=org.freedesktop.DBus -> destination=:1.168 serial=3 path=/org/freedesktop/DBus; interface=org.freedesktop.DBus; member=NameLost
   string ":1.168"
signal time=1788730522.879175 sender=org.freedesktop.DBus -> destination=(null destination) serial=336 path=/org/freedesktop/DBus; interface=org.freedesktop.DBus; member=NameOwnerChanged
   string ":1.168"
   string ":1.168"
   string ""
signal time=1788730522.879237 sender=:1.2 -> destination=(null destination) serial=181 path=/org/a11y/atspi/registry; interface=org.a11y.atspi.Registry; member=EventListenerDeregistered
   string ":1.168"
   string ""
signal time=1788730522.884370 sender=org.freedesktop.DBus -> destination=(null destination) serial=337 path=/org/freedesktop/DBus; interface=org.freedesktop.DBus; member=NameOwnerChanged
   string ":1.169"
   string ""
   string ":1.169"
signal time=1788730522.884425 sender=org.freedesktop.DBus -> destination=:1.169 serial=2 path=/org/freedesktop/DBus; interface=org.freedesktop.DBus; member=NameAcquired
   string ":1.169"
signal time=1788730522.886493 sender=org.freedesktop.DBus -> destination=:1.169 serial=3 path=/org/freedesktop/DBus; interface=org.freedesktop.DBus; member=NameLost
   string ":1.169"
signal time=1788730522.886521 sender=org.freedesktop.DBus -> destination=(null destination) serial=338 path=/org/freedesktop/DBus; interface=org.freedesktop.DBus; member=NameOwnerChanged
   string ":1.169"
   string ":1.169"
   string ""
signal time=1788730522.886632 sender=:1.2 -> destination=(null destination) serial=182 path=/org/a11y/atspi/registry; interface=org.a11y.atspi.Registry; member=EventListenerDeregistered
   string ":1.169"
   string ""
signal time=1788730522.892881 sender=org.freedesktop.DBus -> destination=(null destination) serial=339 path=/org/freedesktop/DBus; interface=org.freedesktop.DBus; member=NameOwnerChanged
   string ":1.170"
   string ""
   string ":1.170"
signal time=1788730522.892914 sender=org.freedesktop.DBus -> destination=:1.170 serial=2 path=/org/freedesktop/DBus; interface=org.freedesktop.DBus; member=NameAcquired
   string ":1.170"
signal time=1788730522.894844 sender=org.freedesktop.DBus -> destination=:1.170 serial=3 path=/org/freedesktop/DBus; interface=org.freedesktop.DBus; member=NameLost
   string ":1.170"
signal time=1788730522.894882 sender=org.freedesktop.DBus -> destination=(null destination) serial=340 path=/org/freedesktop/DBus; interface=org.freedesktop.DBus; member=NameOwnerChanged
   string ":1.170"
   string ":1.170"
   string ""
signal time=1788730522.894988 sender=:1.2 -> destination=(null destination) serial=183 path=/org/a11y/atspi/registry; interface=org.a11y.atspi.Registry; member=EventListenerDeregistered
   string ":1.170"
   string ""
signal time=1788730522.900341 sender=org.freedesktop.DBus -> destination=(null destination) serial=341 path=/org/freedesktop/DBus; interface=org.freedesktop.DBus; member=NameOwnerChanged
   string ":1.171"
   string ""
   string ":1.171"
signal time=1788730522.900374 sender=org.freedesktop.DBus -> destination=:1.171 serial=2 path=/org/freedesktop/DBus; interface=org.freedesktop.DBus; member=NameAcquired
   string ":1.171"
signal time=1788730522.902216 sender=org.freedesktop.DBus -> destination=:1.171 serial=3 path=/org/freedesktop/DBus; interface=org.freedesktop.DBus; member=NameLost
   string ":1.171"
signal time=1788730522.902235 sender=org.freedesktop.DBus -> destination=(null destination) serial=342 path=/org/freedesktop/DBus; interface=org.freedesktop.DBus; member=NameOwnerChanged
   string ":1.171"
   string ":1.171"
   string ""
signal time=1788730522.902364 sender=:1.2 -> destination=(null destination) serial=184 path=/org/a11y/atspi/registry; interface=org.a11y.atspi.Registry; member=EventListenerDeregistered
   string ":1.171"
   string ""
signal time=1788730522.906293 sender=org.freedesktop.DBus -> destination=(null destination) serial=343 path=/org/freedesktop/DBus; interface=org.freedesktop.DBus; member=NameOwnerChanged
   string ":1.172"
   string ""
   string ":1.172"
signal time=1788730522.906322 sender=org.freedesktop.DBus -> destination=:1.172 serial=2 path=/org/freedesktop/DBus; interface=org.freedesktop.DBus; member=NameAcquired
   string ":1.172"
signal time=1788730522.907592 sender=org.freedesktop.DBus -> destination=:1.172 serial=3 path=/org/freedesktop/DBus; interface=org.freedesktop.DBus; member=NameLost
   string ":1.172"
signal time=1788730522.907615 sender=org.freedesktop.DBus -> destination=(null destination) serial=344 path=/org/freedesktop/DBus; interface=org.freedesktop.DBus; member=NameOwnerChanged
   string ":1.172"
   string ":1.172"
   string ""
signal time=1788730522.907728 sender=:1.2 -> destination=(null destination) serial=185 path=/org/a11y/atspi/registry; interface=org.a11y.atspi.Registry; member=EventListenerDeregistered
   string ":1.172"
   string ""
signal time=1788730523.224414 sender=:1.1 -> destination=(null destination) serial=424 path=/org/a11y/atspi/accessible/root; interface=org.a11y.atspi.Event.Object; member=Announcement
   string "Action refused. Error: View / Fit to Board: Fit is unavailable because the focused pane has no resolved camera view."
   int32 1
   int32 0
   variant       string "Action refused. Error: View / Fit to Board: Fit is unavailable because the focused pane has no resolved camera view."
   array [
   ]
signal time=1788730523.227697 sender=:1.1 -> destination=(null destination) serial=425 path=/org/a11y/atspi/accessible/menus/n6d656e753a56696577; interface=org.a11y.atspi.Event.Object; member=ChildrenChanged
   string "remove"
   int32 21
   int32 0
   variant       struct {
         string ":1.1"
         object path "/org/a11y/atspi/accessible/menus/n6d656e753a566965772f766965772e636f6e736f6c655f686973746f7279"
      }
   array [
   ]
signal time=1788730523.227759 sender=:1.1 -> destination=(null destination) serial=426 path=/org/a11y/atspi/accessible/menus/n6d656e753a56696577; interface=org.a11y.atspi.Event.Object; member=ChildrenChanged
   string "remove"
   int32 20
   int32 0
   variant       struct {
         string ":1.1"
         object path "/org/a11y/atspi/accessible/menus/n6d656e753a566965772f766965772e637572736f722e6e6f6e65"
      }
   array [
   ]
signal time=1788730523.227796 sender=:1.1 -> destination=(null destination) serial=427 path=/org/a11y/atspi/accessible/menus/n6d656e753a56696577; interface=org.a11y.atspi.Event.Object; member=ChildrenChanged
   string "remove"
   int32 19
   int32 0
   variant       struct {
         string ":1.1"
         object path "/org/a11y/atspi/accessible/menus/n6d656e753a566965772f766965772e637572736f722e736d616c6c"
      }
   array [
   ]
signal time=1788730523.227823 sender=:1.1 -> destination=(null destination) serial=428 path=/org/a11y/atspi/accessible/menus/n6d656e753a56696577; interface=org.a11y.atspi.Event.Object; member=ChildrenChanged
   string "remove"
   int32 18
   int32 0
   variant       struct {
         string ":1.1"
         object path "/org/a11y/atspi/accessible/menus/n6d656e753a566965772f766965772e637572736f722e66756c6c"
      }
   array [
   ]
signal time=1788730523.227919 sender=:1.1 -> destination=(null destination) serial=429 path=/org/a11y/atspi/accessible/menus/n6d656e753a56696577; interface=org.a11y.atspi.Event.Object; member=ChildrenChanged
   string "remove"
   int32 17
   int32 0
   variant       struct {
         string ":1.1"
         object path "/org/a11y/atspi/accessible/menus/n6d656e753a566965772f766965772e7072657365745f626f6172645f736368656d61746963"
      }
   array [
   ]
signal time=1788730523.227941 sender=:1.1 -> destination=(null destination) serial=430 path=/org/a11y/atspi/accessible/menus/n6d656e753a56696577; interface=org.a11y.atspi.Event.Object; member=ChildrenChanged
   string "remove"
   int32 16
   int32 0
   variant       struct {
         string ":1.1"
         object path "/org/a11y/atspi/accessible/menus/n6d656e753a566965772f766965772e7072657365745f73696e676c65"
      }
   array [
   ]
signal time=1788730523.227960 sender=:1.1 -> destination=(null destination) serial=431 path=/org/a11y/atspi/accessible/menus/n6d656e753a56696577; interface=org.a11y.atspi.Event.Object; member=ChildrenChanged
   string "remove"
   int32 15
   int32 0
   variant       struct {
         string ":1.1"
         object path "/org/a11y/atspi/accessible/menus/n6d656e753a566965772f766965772e66696c6c5f736368656d61746963"
      }
   array [
   ]
signal time=1788730523.227978 sender=:1.1 -> destination=(null destination) serial=432 path=/org/a11y/atspi/accessible/menus/n6d656e753a56696577; interface=org.a11y.atspi.Event.Object; member=ChildrenChanged
   string "remove"
   int32 14
   int32 0
   variant       struct {
         string ":1.1"
         object path "/org/a11y/atspi/accessible/menus/n6d656e753a566965772f766965772e66696c6c5f626f617264"
      }
   array [
   ]
signal time=1788730523.228005 sender=:1.1 -> destination=(null destination) serial=433 path=/org/a11y/atspi/accessible/menus/n6d656e753a56696577; interface=org.a11y.atspi.Event.Object; member=ChildrenChanged
   string "remove"
   int32 13
   int32 0
   variant       struct {
         string ":1.1"
         object path "/org/a11y/atspi/accessible/menus/n6d656e753a566965772f766965772e666f6375735f70726576"
      }
   array [
   ]
signal time=1788730523.228024 sender=:1.1 -> destination=(null destination) serial=434 path=/org/a11y/atspi/accessible/menus/n6d656e753a56696577; interface=org.a11y.atspi.Event.Object; member=ChildrenChanged
   string "remove"
   int32 12
   int32 0
   variant       struct {
         string ":1.1"
         object path "/org/a11y/atspi/accessible/menus/n6d656e753a566965772f766965772e666f6375735f6e657874"
      }
   array [
   ]
signal time=1788730523.228044 sender=:1.1 -> destination=(null destination) serial=435 path=/org/a11y/atspi/accessible/menus/n6d656e753a56696577; interface=org.a11y.atspi.Event.Object; member=ChildrenChanged
   string "remove"
   int32 11
   int32 0
   variant       struct {
         string ":1.1"
         object path "/org/a11y/atspi/accessible/menus/n6d656e753a566965772f766965772e6d6178696d697a655f70616e65"
      }
   array [
   ]
signal time=1788730523.228063 sender=:1.1 -> destination=(null destination) serial=436 path=/org/a11y/atspi/accessible/menus/n6d656e753a56696577; interface=org.a11y.atspi.Event.Object; member=ChildrenChanged
   string "remove"
   int32 10
   int32 0
   variant       struct {
         string ":1.1"
         object path "/org/a11y/atspi/accessible/menus/n6d656e753a566965772f766965772e636c6f73655f70616e65"
      }
   array [
   ]
signal time=1788730523.228083 sender=:1.1 -> destination=(null destination) serial=437 path=/org/a11y/atspi/accessible/menus/n6d656e753a56696577; interface=org.a11y.atspi.Event.Object; member=ChildrenChanged
   string "remove"
   int32 9
   int32 0
   variant       struct {
         string ":1.1"
         object path "/org/a11y/atspi/accessible/menus/n6d656e753a566965772f766965772e73706c69745f686f72697a6f6e74616c"
      }
   array [
   ]
signal time=1788730523.228158 sender=:1.1 -> destination=(null destination) serial=438 path=/org/a11y/atspi/accessible/menus/n6d656e753a56696577; interface=org.a11y.atspi.Event.Object; member=ChildrenChanged
   string "remove"
   int32 8
   int32 0
   variant       struct {
         string ":1.1"
         object path "/org/a11y/atspi/accessible/menus/n6d656e753a566965772f766965772e73706c69745f766572746963616c"
      }
   array [
   ]
signal time=1788730523.228180 sender=:1.1 -> destination=(null destination) serial=439 path=/org/a11y/atspi/accessible/menus/n6d656e753a56696577; interface=org.a11y.atspi.Event.Object; member=ChildrenChanged
   string "remove"
   int32 7
   int32 0
   variant       struct {
         string ":1.1"
         object path "/org/a11y/atspi/accessible/menus/n6d656e753a566965772f766965772e7265736574"
      }
   array [
   ]
signal time=1788730523.228199 sender=:1.1 -> destination=(null destination) serial=440 path=/org/a11y/atspi/accessible/menus/n6d656e753a56696577; interface=org.a11y.atspi.Event.Object; member=ChildrenChanged
   string "remove"
   int32 6
   int32 0
   variant       struct {
         string ":1.1"
         object path "/org/a11y/atspi/accessible/menus/n6d656e753a566965772f766965772e70616e656c73"
      }
   array [
   ]
signal time=1788730523.228218 sender=:1.1 -> destination=(null destination) serial=441 path=/org/a11y/atspi/accessible/menus/n6d656e753a56696577; interface=org.a11y.atspi.Event.Object; member=ChildrenChanged
   string "remove"
   int32 5
   int32 0
   variant       struct {
         string ":1.1"
         object path "/org/a11y/atspi/accessible/menus/n6d656e753a566965772f766965772e6c6179657273"
      }
   array [
   ]
signal time=1788730523.228237 sender=:1.1 -> destination=(null destination) serial=442 path=/org/a11y/atspi/accessible/menus/n6d656e753a56696577; interface=org.a11y.atspi.Event.Object; member=ChildrenChanged
   string "remove"
   int32 4
   int32 0
   variant       struct {
         string ":1.1"
         object path "/org/a11y/atspi/accessible/menus/n6d656e753a566965772f766965772e66756c6c73637265656e5f7374616765"
      }
   array [
   ]
signal time=1788730523.228261 sender=:1.1 -> destination=(null destination) serial=443 path=/org/a11y/atspi/accessible/menus/n6d656e753a56696577; interface=org.a11y.atspi.Event.Object; member=ChildrenChanged
   string "remove"
   int32 3
   int32 0
   variant       struct {
         string ":1.1"
         object path "/org/a11y/atspi/accessible/menus/n6d656e753a566965772f766965772e70616e655f7a6f6f6d"
      }
   array [
   ]
signal time=1788730523.228281 sender=:1.1 -> destination=(null destination) serial=444 path=/org/a11y/atspi/accessible/menus/n6d656e753a56696577; interface=org.a11y.atspi.Event.Object; member=ChildrenChanged
   string "remove"
   int32 2
   int32 0
   variant       struct {
         string ":1.1"
         object path "/org/a11y/atspi/accessible/menus/n6d656e753a566965772f766965772e7a6f6f6d5f6f7574"
      }
   array [
   ]
signal time=1788730523.228300 sender=:1.1 -> destination=(null destination) serial=445 path=/org/a11y/atspi/accessible/menus/n6d656e753a56696577; interface=org.a11y.atspi.Event.Object; member=ChildrenChanged
   string "remove"
   int32 1
   int32 0
   variant       struct {
         string ":1.1"
         object path "/org/a11y/atspi/accessible/menus/n6d656e753a566965772f766965772e7a6f6f6d5f696e"
      }
   array [
   ]
signal time=1788730523.228319 sender=:1.1 -> destination=(null destination) serial=446 path=/org/a11y/atspi/accessible/menus/n6d656e753a56696577; interface=org.a11y.atspi.Event.Object; member=ChildrenChanged
   string "remove"
   int32 0
   int32 0
   variant       struct {
         string ":1.1"
         object path "/org/a11y/atspi/accessible/menus/n6d656e753a566965772f766965772e666974"
      }
   array [
   ]
signal time=1788730523.228339 sender=:1.1 -> destination=(null destination) serial=447 path=/org/a11y/atspi/accessible/root; interface=org.a11y.atspi.Event.Object; member=ChildrenChanged
   string "remove"
   int32 1
   int32 0
   variant       struct {
         string ":1.1"
         object path "/org/a11y/atspi/accessible/menus/n6d656e753a56696577"
      }
   array [
   ]
signal time=1788730524.625796 sender=org.freedesktop.DBus -> destination=(null destination) serial=345 path=/org/freedesktop/DBus; interface=org.freedesktop.DBus; member=NameOwnerChanged
   string ":1.173"
   string ""
   string ":1.173"
signal time=1788730524.625890 sender=org.freedesktop.DBus -> destination=:1.173 serial=2 path=/org/freedesktop/DBus; interface=org.freedesktop.DBus; member=NameAcquired
   string ":1.173"
signal time=1788730524.630073 sender=org.freedesktop.DBus -> destination=:1.173 serial=3 path=/org/freedesktop/DBus; interface=org.freedesktop.DBus; member=NameLost
   string ":1.173"
signal time=1788730524.630130 sender=org.freedesktop.DBus -> destination=(null destination) serial=346 path=/org/freedesktop/DBus; interface=org.freedesktop.DBus; member=NameOwnerChanged
   string ":1.173"
   string ":1.173"
   string ""
signal time=1788730524.630318 sender=:1.2 -> destination=(null destination) serial=188 path=/org/a11y/atspi/registry; interface=org.a11y.atspi.Registry; member=EventListenerDeregistered
   string ":1.173"
   string ""
signal time=1788730524.639730 sender=org.freedesktop.DBus -> destination=(null destination) serial=347 path=/org/freedesktop/DBus; interface=org.freedesktop.DBus; member=NameOwnerChanged
   string ":1.174"
   string ""
   string ":1.174"
signal time=1788730524.639818 sender=org.freedesktop.DBus -> destination=:1.174 serial=2 path=/org/freedesktop/DBus; interface=org.freedesktop.DBus; member=NameAcquired
   string ":1.174"
signal time=1788730524.642951 sender=org.freedesktop.DBus -> destination=:1.174 serial=5 path=/org/freedesktop/DBus; interface=org.freedesktop.DBus; member=NameLost
   string ":1.174"
signal time=1788730524.643025 sender=org.freedesktop.DBus -> destination=(null destination) serial=348 path=/org/freedesktop/DBus; interface=org.freedesktop.DBus; member=NameOwnerChanged
   string ":1.174"
   string ":1.174"
   string ""
signal time=1788730524.643195 sender=:1.2 -> destination=(null destination) serial=189 path=/org/a11y/atspi/registry; interface=org.a11y.atspi.Registry; member=EventListenerDeregistered
   string ":1.174"
   string ""
signal time=1788730524.652940 sender=org.freedesktop.DBus -> destination=(null destination) serial=349 path=/org/freedesktop/DBus; interface=org.freedesktop.DBus; member=NameOwnerChanged
   string ":1.175"
   string ""
   string ":1.175"
signal time=1788730524.653028 sender=org.freedesktop.DBus -> destination=:1.175 serial=2 path=/org/freedesktop/DBus; interface=org.freedesktop.DBus; member=NameAcquired
   string ":1.175"
signal time=1788730524.656334 sender=org.freedesktop.DBus -> destination=:1.175 serial=3 path=/org/freedesktop/DBus; interface=org.freedesktop.DBus; member=NameLost
   string ":1.175"
signal time=1788730524.656442 sender=org.freedesktop.DBus -> destination=(null destination) serial=350 path=/org/freedesktop/DBus; interface=org.freedesktop.DBus; member=NameOwnerChanged
   string ":1.175"
   string ":1.175"
   string ""
signal time=1788730524.656676 sender=:1.2 -> destination=(null destination) serial=190 path=/org/a11y/atspi/registry; interface=org.a11y.atspi.Registry; member=EventListenerDeregistered
   string ":1.175"
   string ""
signal time=1788730524.667194 sender=org.freedesktop.DBus -> destination=(null destination) serial=351 path=/org/freedesktop/DBus; interface=org.freedesktop.DBus; member=NameOwnerChanged
   string ":1.176"
   string ""
   string ":1.176"
signal time=1788730524.667251 sender=org.freedesktop.DBus -> destination=:1.176 serial=2 path=/org/freedesktop/DBus; interface=org.freedesktop.DBus; member=NameAcquired
   string ":1.176"
signal time=1788730524.669439 sender=org.freedesktop.DBus -> destination=:1.176 serial=3 path=/org/freedesktop/DBus; interface=org.freedesktop.DBus; member=NameLost
   string ":1.176"
signal time=1788730524.669471 sender=org.freedesktop.DBus -> destination=(null destination) serial=352 path=/org/freedesktop/DBus; interface=org.freedesktop.DBus; member=NameOwnerChanged
   string ":1.176"
   string ":1.176"
   string ""
signal time=1788730524.669663 sender=:1.2 -> destination=(null destination) serial=191 path=/org/a11y/atspi/registry; interface=org.a11y.atspi.Registry; member=EventListenerDeregistered
   string ":1.176"
   string ""
signal time=1788730524.676107 sender=org.freedesktop.DBus -> destination=(null destination) serial=353 path=/org/freedesktop/DBus; interface=org.freedesktop.DBus; member=NameOwnerChanged
   string ":1.177"
   string ""
   string ":1.177"
signal time=1788730524.676166 sender=org.freedesktop.DBus -> destination=:1.177 serial=2 path=/org/freedesktop/DBus; interface=org.freedesktop.DBus; member=NameAcquired
   string ":1.177"
signal time=1788730524.677762 sender=org.freedesktop.DBus -> destination=:1.177 serial=3 path=/org/freedesktop/DBus; interface=org.freedesktop.DBus; member=NameLost
   string ":1.177"
signal time=1788730524.677797 sender=org.freedesktop.DBus -> destination=(null destination) serial=354 path=/org/freedesktop/DBus; interface=org.freedesktop.DBus; member=NameOwnerChanged
   string ":1.177"
   string ":1.177"
   string ""
signal time=1788730524.677915 sender=:1.2 -> destination=(null destination) serial=192 path=/org/a11y/atspi/registry; interface=org.a11y.atspi.Registry; member=EventListenerDeregistered
   string ":1.177"
   string ""
signal time=1788730524.683309 sender=org.freedesktop.DBus -> destination=(null destination) serial=355 path=/org/freedesktop/DBus; interface=org.freedesktop.DBus; member=NameOwnerChanged
   string ":1.178"
   string ""
   string ":1.178"
signal time=1788730524.683342 sender=org.freedesktop.DBus -> destination=:1.178 serial=2 path=/org/freedesktop/DBus; interface=org.freedesktop.DBus; member=NameAcquired
   string ":1.178"
signal time=1788730524.684877 sender=org.freedesktop.DBus -> destination=:1.178 serial=3 path=/org/freedesktop/DBus; interface=org.freedesktop.DBus; member=NameLost
   string ":1.178"
signal time=1788730524.684912 sender=org.freedesktop.DBus -> destination=(null destination) serial=356 path=/org/freedesktop/DBus; interface=org.freedesktop.DBus; member=NameOwnerChanged
   string ":1.178"
   string ":1.178"
   string ""
signal time=1788730524.685041 sender=:1.2 -> destination=(null destination) serial=193 path=/org/a11y/atspi/registry; interface=org.a11y.atspi.Registry; member=EventListenerDeregistered
   string ":1.178"
   string ""
signal time=1788730524.689816 sender=org.freedesktop.DBus -> destination=(null destination) serial=357 path=/org/freedesktop/DBus; interface=org.freedesktop.DBus; member=NameOwnerChanged
   string ":1.179"
   string ""
   string ":1.179"
signal time=1788730524.689863 sender=org.freedesktop.DBus -> destination=:1.179 serial=2 path=/org/freedesktop/DBus; interface=org.freedesktop.DBus; member=NameAcquired
   string ":1.179"
signal time=1788730524.691016 sender=org.freedesktop.DBus -> destination=:1.179 serial=3 path=/org/freedesktop/DBus; interface=org.freedesktop.DBus; member=NameLost
   string ":1.179"
signal time=1788730524.691074 sender=org.freedesktop.DBus -> destination=(null destination) serial=358 path=/org/freedesktop/DBus; interface=org.freedesktop.DBus; member=NameOwnerChanged
   string ":1.179"
   string ":1.179"
   string ""
signal time=1788730524.691123 sender=:1.2 -> destination=(null destination) serial=194 path=/org/a11y/atspi/registry; interface=org.a11y.atspi.Registry; member=EventListenerDeregistered
   string ":1.179"
   string ""
signal time=1788730524.695568 sender=org.freedesktop.DBus -> destination=(null destination) serial=359 path=/org/freedesktop/DBus; interface=org.freedesktop.DBus; member=NameOwnerChanged
   string ":1.180"
   string ""
   string ":1.180"
signal time=1788730524.695593 sender=org.freedesktop.DBus -> destination=:1.180 serial=2 path=/org/freedesktop/DBus; interface=org.freedesktop.DBus; member=NameAcquired
   string ":1.180"
signal time=1788730524.696807 sender=org.freedesktop.DBus -> destination=:1.180 serial=3 path=/org/freedesktop/DBus; interface=org.freedesktop.DBus; member=NameLost
   string ":1.180"
signal time=1788730524.696820 sender=org.freedesktop.DBus -> destination=(null destination) serial=360 path=/org/freedesktop/DBus; interface=org.freedesktop.DBus; member=NameOwnerChanged
   string ":1.180"
   string ":1.180"
   string ""
signal time=1788730524.696908 sender=:1.2 -> destination=(null destination) serial=195 path=/org/a11y/atspi/registry; interface=org.a11y.atspi.Registry; member=EventListenerDeregistered
   string ":1.180"
   string ""
signal time=1788730525.120684 sender=org.freedesktop.DBus -> destination=(null destination) serial=361 path=/org/freedesktop/DBus; interface=org.freedesktop.DBus; member=NameOwnerChanged
   string ":1.181"
   string ""
   string ":1.181"
signal time=1788730525.120724 sender=org.freedesktop.DBus -> destination=:1.181 serial=2 path=/org/freedesktop/DBus; interface=org.freedesktop.DBus; member=NameAcquired
   string ":1.181"
signal time=1788730525.122617 sender=org.freedesktop.DBus -> destination=:1.181 serial=3 path=/org/freedesktop/DBus; interface=org.freedesktop.DBus; member=NameLost
   string ":1.181"
signal time=1788730525.122670 sender=org.freedesktop.DBus -> destination=(null destination) serial=362 path=/org/freedesktop/DBus; interface=org.freedesktop.DBus; member=NameOwnerChanged
   string ":1.181"
   string ":1.181"
   string ""
signal time=1788730525.122742 sender=:1.2 -> destination=(null destination) serial=198 path=/org/a11y/atspi/registry; interface=org.a11y.atspi.Registry; member=EventListenerDeregistered
   string ":1.181"
   string ""
signal time=1788730525.129132 sender=org.freedesktop.DBus -> destination=(null destination) serial=363 path=/org/freedesktop/DBus; interface=org.freedesktop.DBus; member=NameOwnerChanged
   string ":1.182"
   string ""
   string ":1.182"
signal time=1788730525.129191 sender=org.freedesktop.DBus -> destination=:1.182 serial=2 path=/org/freedesktop/DBus; interface=org.freedesktop.DBus; member=NameAcquired
   string ":1.182"
signal time=1788730525.130397 sender=org.freedesktop.DBus -> destination=:1.182 serial=5 path=/org/freedesktop/DBus; interface=org.freedesktop.DBus; member=NameLost
   string ":1.182"
signal time=1788730525.130425 sender=org.freedesktop.DBus -> destination=(null destination) serial=364 path=/org/freedesktop/DBus; interface=org.freedesktop.DBus; member=NameOwnerChanged
   string ":1.182"
   string ":1.182"
   string ""
signal time=1788730525.130471 sender=:1.2 -> destination=(null destination) serial=199 path=/org/a11y/atspi/registry; interface=org.a11y.atspi.Registry; member=EventListenerDeregistered
   string ":1.182"
   string ""
signal time=1788730525.135730 sender=org.freedesktop.DBus -> destination=(null destination) serial=365 path=/org/freedesktop/DBus; interface=org.freedesktop.DBus; member=NameOwnerChanged
   string ":1.183"
   string ""
   string ":1.183"
signal time=1788730525.135775 sender=org.freedesktop.DBus -> destination=:1.183 serial=2 path=/org/freedesktop/DBus; interface=org.freedesktop.DBus; member=NameAcquired
   string ":1.183"
signal time=1788730525.137304 sender=org.freedesktop.DBus -> destination=:1.183 serial=3 path=/org/freedesktop/DBus; interface=org.freedesktop.DBus; member=NameLost
   string ":1.183"
signal time=1788730525.137330 sender=org.freedesktop.DBus -> destination=(null destination) serial=366 path=/org/freedesktop/DBus; interface=org.freedesktop.DBus; member=NameOwnerChanged
   string ":1.183"
   string ":1.183"
   string ""
signal time=1788730525.137439 sender=:1.2 -> destination=(null destination) serial=200 path=/org/a11y/atspi/registry; interface=org.a11y.atspi.Registry; member=EventListenerDeregistered
   string ":1.183"
   string ""
signal time=1788730525.143706 sender=org.freedesktop.DBus -> destination=(null destination) serial=367 path=/org/freedesktop/DBus; interface=org.freedesktop.DBus; member=NameOwnerChanged
   string ":1.184"
   string ""
   string ":1.184"
signal time=1788730525.143745 sender=org.freedesktop.DBus -> destination=:1.184 serial=2 path=/org/freedesktop/DBus; interface=org.freedesktop.DBus; member=NameAcquired
   string ":1.184"
signal time=1788730525.144684 sender=org.freedesktop.DBus -> destination=:1.184 serial=3 path=/org/freedesktop/DBus; interface=org.freedesktop.DBus; member=NameLost
   string ":1.184"
signal time=1788730525.144708 sender=org.freedesktop.DBus -> destination=(null destination) serial=368 path=/org/freedesktop/DBus; interface=org.freedesktop.DBus; member=NameOwnerChanged
   string ":1.184"
   string ":1.184"
   string ""
signal time=1788730525.144809 sender=:1.2 -> destination=(null destination) serial=201 path=/org/a11y/atspi/registry; interface=org.a11y.atspi.Registry; member=EventListenerDeregistered
   string ":1.184"
   string ""
signal time=1788730525.149939 sender=org.freedesktop.DBus -> destination=(null destination) serial=369 path=/org/freedesktop/DBus; interface=org.freedesktop.DBus; member=NameOwnerChanged
   string ":1.185"
   string ""
   string ":1.185"
signal time=1788730525.150001 sender=org.freedesktop.DBus -> destination=:1.185 serial=2 path=/org/freedesktop/DBus; interface=org.freedesktop.DBus; member=NameAcquired
   string ":1.185"
signal time=1788730525.151468 sender=org.freedesktop.DBus -> destination=:1.185 serial=3 path=/org/freedesktop/DBus; interface=org.freedesktop.DBus; member=NameLost
   string ":1.185"
signal time=1788730525.151483 sender=org.freedesktop.DBus -> destination=(null destination) serial=370 path=/org/freedesktop/DBus; interface=org.freedesktop.DBus; member=NameOwnerChanged
   string ":1.185"
   string ":1.185"
   string ""
signal time=1788730525.151630 sender=:1.2 -> destination=(null destination) serial=202 path=/org/a11y/atspi/registry; interface=org.a11y.atspi.Registry; member=EventListenerDeregistered
   string ":1.185"
   string ""
signal time=1788730525.155895 sender=org.freedesktop.DBus -> destination=(null destination) serial=371 path=/org/freedesktop/DBus; interface=org.freedesktop.DBus; member=NameOwnerChanged
   string ":1.186"
   string ""
   string ":1.186"
signal time=1788730525.155951 sender=org.freedesktop.DBus -> destination=:1.186 serial=2 path=/org/freedesktop/DBus; interface=org.freedesktop.DBus; member=NameAcquired
   string ":1.186"
signal time=1788730525.157743 sender=org.freedesktop.DBus -> destination=:1.186 serial=3 path=/org/freedesktop/DBus; interface=org.freedesktop.DBus; member=NameLost
   string ":1.186"
signal time=1788730525.157804 sender=org.freedesktop.DBus -> destination=(null destination) serial=372 path=/org/freedesktop/DBus; interface=org.freedesktop.DBus; member=NameOwnerChanged
   string ":1.186"
   string ":1.186"
   string ""
signal time=1788730525.157876 sender=:1.2 -> destination=(null destination) serial=203 path=/org/a11y/atspi/registry; interface=org.a11y.atspi.Registry; member=EventListenerDeregistered
   string ":1.186"
   string ""
signal time=1788730525.162051 sender=org.freedesktop.DBus -> destination=(null destination) serial=373 path=/org/freedesktop/DBus; interface=org.freedesktop.DBus; member=NameOwnerChanged
   string ":1.187"
   string ""
   string ":1.187"
signal time=1788730525.162082 sender=org.freedesktop.DBus -> destination=:1.187 serial=2 path=/org/freedesktop/DBus; interface=org.freedesktop.DBus; member=NameAcquired
   string ":1.187"
signal time=1788730525.163475 sender=org.freedesktop.DBus -> destination=:1.187 serial=3 path=/org/freedesktop/DBus; interface=org.freedesktop.DBus; member=NameLost
   string ":1.187"
signal time=1788730525.163489 sender=org.freedesktop.DBus -> destination=(null destination) serial=374 path=/org/freedesktop/DBus; interface=org.freedesktop.DBus; member=NameOwnerChanged
   string ":1.187"
   string ":1.187"
   string ""
signal time=1788730525.163639 sender=:1.2 -> destination=(null destination) serial=204 path=/org/a11y/atspi/registry; interface=org.a11y.atspi.Registry; member=EventListenerDeregistered
   string ":1.187"
   string ""
signal time=1788730525.167841 sender=org.freedesktop.DBus -> destination=(null destination) serial=375 path=/org/freedesktop/DBus; interface=org.freedesktop.DBus; member=NameOwnerChanged
   string ":1.188"
   string ""
   string ":1.188"
signal time=1788730525.167893 sender=org.freedesktop.DBus -> destination=:1.188 serial=2 path=/org/freedesktop/DBus; interface=org.freedesktop.DBus; member=NameAcquired
   string ":1.188"
signal time=1788730525.168679 sender=org.freedesktop.DBus -> destination=:1.188 serial=3 path=/org/freedesktop/DBus; interface=org.freedesktop.DBus; member=NameLost
   string ":1.188"
signal time=1788730525.168719 sender=org.freedesktop.DBus -> destination=(null destination) serial=376 path=/org/freedesktop/DBus; interface=org.freedesktop.DBus; member=NameOwnerChanged
   string ":1.188"
   string ":1.188"
   string ""
signal time=1788730525.168767 sender=:1.2 -> destination=(null destination) serial=205 path=/org/a11y/atspi/registry; interface=org.a11y.atspi.Registry; member=EventListenerDeregistered
   string ":1.188"
   string ""
signal time=1788730525.481624 sender=:1.1 -> destination=(null destination) serial=472 path=/org/a11y/atspi/accessible/root; interface=org.a11y.atspi.Event.Object; member=Announcement
   string "Action. Information: Pane focused"
   int32 1
   int32 0
   variant       string "Action. Information: Pane focused"
   array [
   ]
signal time=1788730525.489926 sender=:1.1 -> destination=(null destination) serial=473 path=/org/a11y/atspi/accessible/root; interface=org.a11y.atspi.Event.Object; member=Announcement
   string "Action. Information: Object selected"
   int32 1
   int32 0
   variant       string "Action. Information: Object selected"
   array [
   ]
signal time=1788730526.888205 sender=org.freedesktop.DBus -> destination=(null destination) serial=377 path=/org/freedesktop/DBus; interface=org.freedesktop.DBus; member=NameOwnerChanged
   string ":1.189"
   string ""
   string ":1.189"
signal time=1788730526.888281 sender=org.freedesktop.DBus -> destination=:1.189 serial=2 path=/org/freedesktop/DBus; interface=org.freedesktop.DBus; member=NameAcquired
   string ":1.189"
signal time=1788730526.892249 sender=org.freedesktop.DBus -> destination=:1.189 serial=3 path=/org/freedesktop/DBus; interface=org.freedesktop.DBus; member=NameLost
   string ":1.189"
signal time=1788730526.892351 sender=org.freedesktop.DBus -> destination=(null destination) serial=378 path=/org/freedesktop/DBus; interface=org.freedesktop.DBus; member=NameOwnerChanged
   string ":1.189"
   string ":1.189"
   string ""
signal time=1788730526.892485 sender=:1.2 -> destination=(null destination) serial=208 path=/org/a11y/atspi/registry; interface=org.a11y.atspi.Registry; member=EventListenerDeregistered
   string ":1.189"
   string ""
signal time=1788730526.902303 sender=org.freedesktop.DBus -> destination=(null destination) serial=379 path=/org/freedesktop/DBus; interface=org.freedesktop.DBus; member=NameOwnerChanged
   string ":1.190"
   string ""
   string ":1.190"
signal time=1788730526.902375 sender=org.freedesktop.DBus -> destination=:1.190 serial=2 path=/org/freedesktop/DBus; interface=org.freedesktop.DBus; member=NameAcquired
   string ":1.190"
signal time=1788730526.905217 sender=org.freedesktop.DBus -> destination=:1.190 serial=5 path=/org/freedesktop/DBus; interface=org.freedesktop.DBus; member=NameLost
   string ":1.190"
signal time=1788730526.905289 sender=org.freedesktop.DBus -> destination=(null destination) serial=380 path=/org/freedesktop/DBus; interface=org.freedesktop.DBus; member=NameOwnerChanged
   string ":1.190"
   string ":1.190"
   string ""
signal time=1788730526.905546 sender=:1.2 -> destination=(null destination) serial=209 path=/org/a11y/atspi/registry; interface=org.a11y.atspi.Registry; member=EventListenerDeregistered
   string ":1.190"
   string ""
signal time=1788730526.915951 sender=org.freedesktop.DBus -> destination=(null destination) serial=381 path=/org/freedesktop/DBus; interface=org.freedesktop.DBus; member=NameOwnerChanged
   string ":1.191"
   string ""
   string ":1.191"
signal time=1788730526.916014 sender=org.freedesktop.DBus -> destination=:1.191 serial=2 path=/org/freedesktop/DBus; interface=org.freedesktop.DBus; member=NameAcquired
   string ":1.191"
signal time=1788730526.917839 sender=org.freedesktop.DBus -> destination=:1.191 serial=3 path=/org/freedesktop/DBus; interface=org.freedesktop.DBus; member=NameLost
   string ":1.191"
signal time=1788730526.917884 sender=org.freedesktop.DBus -> destination=(null destination) serial=382 path=/org/freedesktop/DBus; interface=org.freedesktop.DBus; member=NameOwnerChanged
   string ":1.191"
   string ":1.191"
   string ""
signal time=1788730526.917969 sender=:1.2 -> destination=(null destination) serial=210 path=/org/a11y/atspi/registry; interface=org.a11y.atspi.Registry; member=EventListenerDeregistered
   string ":1.191"
   string ""
signal time=1788730526.926852 sender=org.freedesktop.DBus -> destination=(null destination) serial=383 path=/org/freedesktop/DBus; interface=org.freedesktop.DBus; member=NameOwnerChanged
   string ":1.192"
   string ""
   string ":1.192"
signal time=1788730526.926907 sender=org.freedesktop.DBus -> destination=:1.192 serial=2 path=/org/freedesktop/DBus; interface=org.freedesktop.DBus; member=NameAcquired
   string ":1.192"
signal time=1788730526.929100 sender=org.freedesktop.DBus -> destination=:1.192 serial=3 path=/org/freedesktop/DBus; interface=org.freedesktop.DBus; member=NameLost
   string ":1.192"
signal time=1788730526.929130 sender=org.freedesktop.DBus -> destination=(null destination) serial=384 path=/org/freedesktop/DBus; interface=org.freedesktop.DBus; member=NameOwnerChanged
   string ":1.192"
   string ":1.192"
   string ""
signal time=1788730526.929263 sender=:1.2 -> destination=(null destination) serial=211 path=/org/a11y/atspi/registry; interface=org.a11y.atspi.Registry; member=EventListenerDeregistered
   string ":1.192"
   string ""
signal time=1788730526.937158 sender=org.freedesktop.DBus -> destination=(null destination) serial=385 path=/org/freedesktop/DBus; interface=org.freedesktop.DBus; member=NameOwnerChanged
   string ":1.193"
   string ""
   string ":1.193"
signal time=1788730526.937220 sender=org.freedesktop.DBus -> destination=:1.193 serial=2 path=/org/freedesktop/DBus; interface=org.freedesktop.DBus; member=NameAcquired
   string ":1.193"
signal time=1788730526.940072 sender=org.freedesktop.DBus -> destination=:1.193 serial=3 path=/org/freedesktop/DBus; interface=org.freedesktop.DBus; member=NameLost
   string ":1.193"
signal time=1788730526.940124 sender=org.freedesktop.DBus -> destination=(null destination) serial=386 path=/org/freedesktop/DBus; interface=org.freedesktop.DBus; member=NameOwnerChanged
   string ":1.193"
   string ":1.193"
   string ""
signal time=1788730526.940301 sender=:1.2 -> destination=(null destination) serial=212 path=/org/a11y/atspi/registry; interface=org.a11y.atspi.Registry; member=EventListenerDeregistered
   string ":1.193"
   string ""
signal time=1788730526.947651 sender=org.freedesktop.DBus -> destination=(null destination) serial=387 path=/org/freedesktop/DBus; interface=org.freedesktop.DBus; member=NameOwnerChanged
   string ":1.194"
   string ""
   string ":1.194"
signal time=1788730526.947702 sender=org.freedesktop.DBus -> destination=:1.194 serial=2 path=/org/freedesktop/DBus; interface=org.freedesktop.DBus; member=NameAcquired
   string ":1.194"
signal time=1788730526.949482 sender=org.freedesktop.DBus -> destination=:1.194 serial=3 path=/org/freedesktop/DBus; interface=org.freedesktop.DBus; member=NameLost
   string ":1.194"
signal time=1788730526.949524 sender=org.freedesktop.DBus -> destination=(null destination) serial=388 path=/org/freedesktop/DBus; interface=org.freedesktop.DBus; member=NameOwnerChanged
   string ":1.194"
   string ":1.194"
   string ""
signal time=1788730526.949722 sender=:1.2 -> destination=(null destination) serial=213 path=/org/a11y/atspi/registry; interface=org.a11y.atspi.Registry; member=EventListenerDeregistered
   string ":1.194"
   string ""
signal time=1788730526.957306 sender=org.freedesktop.DBus -> destination=(null destination) serial=389 path=/org/freedesktop/DBus; interface=org.freedesktop.DBus; member=NameOwnerChanged
   string ":1.195"
   string ""
   string ":1.195"
signal time=1788730526.957367 sender=org.freedesktop.DBus -> destination=:1.195 serial=2 path=/org/freedesktop/DBus; interface=org.freedesktop.DBus; member=NameAcquired
   string ":1.195"
signal time=1788730526.959822 sender=org.freedesktop.DBus -> destination=:1.195 serial=3 path=/org/freedesktop/DBus; interface=org.freedesktop.DBus; member=NameLost
   string ":1.195"
signal time=1788730526.959870 sender=org.freedesktop.DBus -> destination=(null destination) serial=390 path=/org/freedesktop/DBus; interface=org.freedesktop.DBus; member=NameOwnerChanged
   string ":1.195"
   string ":1.195"
   string ""
signal time=1788730526.960082 sender=:1.2 -> destination=(null destination) serial=214 path=/org/a11y/atspi/registry; interface=org.a11y.atspi.Registry; member=EventListenerDeregistered
   string ":1.195"
   string ""
signal time=1788730526.967969 sender=org.freedesktop.DBus -> destination=(null destination) serial=391 path=/org/freedesktop/DBus; interface=org.freedesktop.DBus; member=NameOwnerChanged
   string ":1.196"
   string ""
   string ":1.196"
signal time=1788730526.968041 sender=org.freedesktop.DBus -> destination=:1.196 serial=2 path=/org/freedesktop/DBus; interface=org.freedesktop.DBus; member=NameAcquired
   string ":1.196"
signal time=1788730526.970394 sender=org.freedesktop.DBus -> destination=:1.196 serial=3 path=/org/freedesktop/DBus; interface=org.freedesktop.DBus; member=NameLost
   string ":1.196"
signal time=1788730526.970453 sender=org.freedesktop.DBus -> destination=(null destination) serial=392 path=/org/freedesktop/DBus; interface=org.freedesktop.DBus; member=NameOwnerChanged
   string ":1.196"
   string ":1.196"
   string ""
signal time=1788730526.970472 sender=:1.2 -> destination=(null destination) serial=215 path=/org/a11y/atspi/registry; interface=org.a11y.atspi.Registry; member=EventListenerDeregistered
   string ":1.196"
   string ""
signal time=1788730527.383865 sender=org.freedesktop.DBus -> destination=(null destination) serial=393 path=/org/freedesktop/DBus; interface=org.freedesktop.DBus; member=NameOwnerChanged
   string ":1.197"
   string ""
   string ":1.197"
signal time=1788730527.383904 sender=org.freedesktop.DBus -> destination=:1.197 serial=2 path=/org/freedesktop/DBus; interface=org.freedesktop.DBus; member=NameAcquired
   string ":1.197"
signal time=1788730527.385346 sender=org.freedesktop.DBus -> destination=:1.197 serial=3 path=/org/freedesktop/DBus; interface=org.freedesktop.DBus; member=NameLost
   string ":1.197"
signal time=1788730527.385371 sender=org.freedesktop.DBus -> destination=(null destination) serial=394 path=/org/freedesktop/DBus; interface=org.freedesktop.DBus; member=NameOwnerChanged
   string ":1.197"
   string ":1.197"
   string ""
signal time=1788730527.385449 sender=:1.2 -> destination=(null destination) serial=218 path=/org/a11y/atspi/registry; interface=org.a11y.atspi.Registry; member=EventListenerDeregistered
   string ":1.197"
   string ""
signal time=1788730527.390661 sender=org.freedesktop.DBus -> destination=(null destination) serial=395 path=/org/freedesktop/DBus; interface=org.freedesktop.DBus; member=NameOwnerChanged
   string ":1.198"
   string ""
   string ":1.198"
signal time=1788730527.390711 sender=org.freedesktop.DBus -> destination=:1.198 serial=2 path=/org/freedesktop/DBus; interface=org.freedesktop.DBus; member=NameAcquired
   string ":1.198"
signal time=1788730527.392094 sender=org.freedesktop.DBus -> destination=:1.198 serial=5 path=/org/freedesktop/DBus; interface=org.freedesktop.DBus; member=NameLost
   string ":1.198"
signal time=1788730527.392119 sender=org.freedesktop.DBus -> destination=(null destination) serial=396 path=/org/freedesktop/DBus; interface=org.freedesktop.DBus; member=NameOwnerChanged
   string ":1.198"
   string ":1.198"
   string ""
signal time=1788730527.392206 sender=:1.2 -> destination=(null destination) serial=219 path=/org/a11y/atspi/registry; interface=org.a11y.atspi.Registry; member=EventListenerDeregistered
   string ":1.198"
   string ""
signal time=1788730527.396552 sender=org.freedesktop.DBus -> destination=(null destination) serial=397 path=/org/freedesktop/DBus; interface=org.freedesktop.DBus; member=NameOwnerChanged
   string ":1.199"
   string ""
   string ":1.199"
signal time=1788730527.396584 sender=org.freedesktop.DBus -> destination=:1.199 serial=2 path=/org/freedesktop/DBus; interface=org.freedesktop.DBus; member=NameAcquired
   string ":1.199"
signal time=1788730527.397632 sender=org.freedesktop.DBus -> destination=:1.199 serial=3 path=/org/freedesktop/DBus; interface=org.freedesktop.DBus; member=NameLost
   string ":1.199"
signal time=1788730527.397669 sender=org.freedesktop.DBus -> destination=(null destination) serial=398 path=/org/freedesktop/DBus; interface=org.freedesktop.DBus; member=NameOwnerChanged
   string ":1.199"
   string ":1.199"
   string ""
signal time=1788730527.397747 sender=:1.2 -> destination=(null destination) serial=220 path=/org/a11y/atspi/registry; interface=org.a11y.atspi.Registry; member=EventListenerDeregistered
   string ":1.199"
   string ""
signal time=1788730527.402011 sender=org.freedesktop.DBus -> destination=(null destination) serial=399 path=/org/freedesktop/DBus; interface=org.freedesktop.DBus; member=NameOwnerChanged
   string ":1.200"
   string ""
   string ":1.200"
signal time=1788730527.402055 sender=org.freedesktop.DBus -> destination=:1.200 serial=2 path=/org/freedesktop/DBus; interface=org.freedesktop.DBus; member=NameAcquired
   string ":1.200"
signal time=1788730527.403824 sender=org.freedesktop.DBus -> destination=:1.200 serial=3 path=/org/freedesktop/DBus; interface=org.freedesktop.DBus; member=NameLost
   string ":1.200"
signal time=1788730527.403870 sender=org.freedesktop.DBus -> destination=(null destination) serial=400 path=/org/freedesktop/DBus; interface=org.freedesktop.DBus; member=NameOwnerChanged
   string ":1.200"
   string ":1.200"
   string ""
signal time=1788730527.404238 sender=:1.2 -> destination=(null destination) serial=221 path=/org/a11y/atspi/registry; interface=org.a11y.atspi.Registry; member=EventListenerDeregistered
   string ":1.200"
   string ""
signal time=1788730527.409123 sender=org.freedesktop.DBus -> destination=(null destination) serial=401 path=/org/freedesktop/DBus; interface=org.freedesktop.DBus; member=NameOwnerChanged
   string ":1.201"
   string ""
   string ":1.201"
signal time=1788730527.409155 sender=org.freedesktop.DBus -> destination=:1.201 serial=2 path=/org/freedesktop/DBus; interface=org.freedesktop.DBus; member=NameAcquired
   string ":1.201"
signal time=1788730527.410260 sender=org.freedesktop.DBus -> destination=:1.201 serial=3 path=/org/freedesktop/DBus; interface=org.freedesktop.DBus; member=NameLost
   string ":1.201"
signal time=1788730527.410284 sender=org.freedesktop.DBus -> destination=(null destination) serial=402 path=/org/freedesktop/DBus; interface=org.freedesktop.DBus; member=NameOwnerChanged
   string ":1.201"
   string ":1.201"
   string ""
signal time=1788730527.410400 sender=:1.2 -> destination=(null destination) serial=222 path=/org/a11y/atspi/registry; interface=org.a11y.atspi.Registry; member=EventListenerDeregistered
   string ":1.201"
   string ""
signal time=1788730527.414577 sender=org.freedesktop.DBus -> destination=(null destination) serial=403 path=/org/freedesktop/DBus; interface=org.freedesktop.DBus; member=NameOwnerChanged
   string ":1.202"
   string ""
   string ":1.202"
signal time=1788730527.414627 sender=org.freedesktop.DBus -> destination=:1.202 serial=2 path=/org/freedesktop/DBus; interface=org.freedesktop.DBus; member=NameAcquired
   string ":1.202"
signal time=1788730527.415878 sender=org.freedesktop.DBus -> destination=:1.202 serial=3 path=/org/freedesktop/DBus; interface=org.freedesktop.DBus; member=NameLost
   string ":1.202"
signal time=1788730527.415896 sender=org.freedesktop.DBus -> destination=(null destination) serial=404 path=/org/freedesktop/DBus; interface=org.freedesktop.DBus; member=NameOwnerChanged
   string ":1.202"
   string ":1.202"
   string ""
signal time=1788730527.415975 sender=:1.2 -> destination=(null destination) serial=223 path=/org/a11y/atspi/registry; interface=org.a11y.atspi.Registry; member=EventListenerDeregistered
   string ":1.202"
   string ""
signal time=1788730527.420310 sender=org.freedesktop.DBus -> destination=(null destination) serial=405 path=/org/freedesktop/DBus; interface=org.freedesktop.DBus; member=NameOwnerChanged
   string ":1.203"
   string ""
   string ":1.203"
signal time=1788730527.420346 sender=org.freedesktop.DBus -> destination=:1.203 serial=2 path=/org/freedesktop/DBus; interface=org.freedesktop.DBus; member=NameAcquired
   string ":1.203"
signal time=1788730527.421923 sender=org.freedesktop.DBus -> destination=:1.203 serial=3 path=/org/freedesktop/DBus; interface=org.freedesktop.DBus; member=NameLost
   string ":1.203"
signal time=1788730527.421977 sender=org.freedesktop.DBus -> destination=(null destination) serial=406 path=/org/freedesktop/DBus; interface=org.freedesktop.DBus; member=NameOwnerChanged
   string ":1.203"
   string ":1.203"
   string ""
signal time=1788730527.422034 sender=:1.2 -> destination=(null destination) serial=224 path=/org/a11y/atspi/registry; interface=org.a11y.atspi.Registry; member=EventListenerDeregistered
   string ":1.203"
   string ""
signal time=1788730527.426170 sender=org.freedesktop.DBus -> destination=(null destination) serial=407 path=/org/freedesktop/DBus; interface=org.freedesktop.DBus; member=NameOwnerChanged
   string ":1.204"
   string ""
   string ":1.204"
signal time=1788730527.426203 sender=org.freedesktop.DBus -> destination=:1.204 serial=2 path=/org/freedesktop/DBus; interface=org.freedesktop.DBus; member=NameAcquired
   string ":1.204"
signal time=1788730527.427804 sender=org.freedesktop.DBus -> destination=:1.204 serial=3 path=/org/freedesktop/DBus; interface=org.freedesktop.DBus; member=NameLost
   string ":1.204"
signal time=1788730527.427822 sender=org.freedesktop.DBus -> destination=(null destination) serial=408 path=/org/freedesktop/DBus; interface=org.freedesktop.DBus; member=NameOwnerChanged
   string ":1.204"
   string ":1.204"
   string ""
signal time=1788730527.427938 sender=:1.2 -> destination=(null destination) serial=225 path=/org/a11y/atspi/registry; interface=org.a11y.atspi.Registry; member=EventListenerDeregistered
   string ":1.204"
   string ""
signal time=1788730527.833343 sender=:1.1 -> destination=(null destination) serial=498 path=/org/a11y/atspi/accessible/terminal; interface=org.a11y.atspi.Event.Object; member=TextCaretMoved
   string ""
   int32 156
   int32 0
   variant       string ""
   array [
   ]
signal time=1788730527.893039 sender=org.freedesktop.DBus -> destination=:1.1 serial=3 path=/org/freedesktop/DBus; interface=org.freedesktop.DBus; member=NameLost
   string ":1.1"
signal time=1788730527.893073 sender=org.freedesktop.DBus -> destination=(null destination) serial=409 path=/org/freedesktop/DBus; interface=org.freedesktop.DBus; member=NameOwnerChanged
   string ":1.1"
   string ":1.1"
   string ""
signal time=1788730527.893293 sender=:1.2 -> destination=(null destination) serial=226 path=/org/a11y/atspi/accessible/root; interface=org.a11y.atspi.Event.Object; member=ChildrenChanged
   string "remove"
   int32 0
   int32 0
   variant       struct {
         string ":1.1"
         object path "/org/a11y/atspi/accessible/root"
      }
   array [
   ]
signal time=1788730527.893331 sender=:1.2 -> destination=(null destination) serial=227 path=/org/a11y/atspi/registry; interface=org.a11y.atspi.Registry; member=EventListenerDeregistered
   string ":1.1"
   string ""
