signal time=1788730432.446571 sender=org.freedesktop.DBus -> destination=:1.0 serial=2 path=/org/freedesktop/DBus; interface=org.freedesktop.DBus; member=NameAcquired
   string ":1.0"
signal time=1788730432.446603 sender=org.freedesktop.DBus -> destination=:1.0 serial=4 path=/org/freedesktop/DBus; interface=org.freedesktop.DBus; member=NameLost
   string ":1.0"
signal time=1788730442.100692 sender=org.freedesktop.DBus -> destination=(null destination) serial=5 path=/org/freedesktop/DBus; interface=org.freedesktop.DBus; member=NameOwnerChanged
   string ":1.1"
   string ""
   string ":1.1"
signal time=1788730442.100728 sender=org.freedesktop.DBus -> destination=:1.1 serial=2 path=/org/freedesktop/DBus; interface=org.freedesktop.DBus; member=NameAcquired
   string ":1.1"
signal time=1788730442.108064 sender=org.freedesktop.DBus -> destination=(null destination) serial=6 path=/org/freedesktop/DBus; interface=org.freedesktop.DBus; member=NameOwnerChanged
   string ":1.2"
   string ""
   string ":1.2"
signal time=1788730442.108096 sender=org.freedesktop.DBus -> destination=:1.2 serial=2 path=/org/freedesktop/DBus; interface=org.freedesktop.DBus; member=NameAcquired
   string ":1.2"
signal time=1788730442.108425 sender=org.freedesktop.DBus -> destination=(null destination) serial=7 path=/org/freedesktop/DBus; interface=org.freedesktop.DBus; member=NameOwnerChanged
   string "org.a11y.atspi.Registry"
   string ""
   string ":1.2"
signal time=1788730442.108449 sender=org.freedesktop.DBus -> destination=:1.2 serial=3 path=/org/freedesktop/DBus; interface=org.freedesktop.DBus; member=NameAcquired
   string "org.a11y.atspi.Registry"
signal time=1788730442.109597 sender=:1.2 -> destination=(null destination) serial=4 path=/org/a11y/atspi/accessible/root; interface=org.a11y.atspi.Socket; member=Available
   struct {
      string "org.a11y.atspi.Registry"
      object path "/org/a11y/atspi/accessible/root"
   }
signal time=1788730442.112395 sender=:1.2 -> destination=(null destination) serial=5 path=/org/a11y/atspi/accessible/root; interface=org.a11y.atspi.Event.Object; member=ChildrenChanged
   string "add"
   int32 0
   int32 0
   variant       struct {
         string ":1.1"
         object path "/org/a11y/atspi/accessible/root"
      }
   array [
   ]
signal time=1788730442.112769 sender=:1.1 -> destination=(null destination) serial=4 path=/org/a11y/atspi/accessible/terminal; interface=org.a11y.atspi.Event.Object; member=TextChanged
   string "insert"
   int32 0
   int32 1403
   variant       string "bfadmin@debian3520:/tmp/datum-wdq-native-n9g6ab56/project$                                                                                                 
                                                                                                                                                           
                                                                                                                                                           
                                                                                                                                                           
                                                                                                                                                           
                                                                                                                                                           
                                                                                                                                                           
                                                                                                                                                           
                                                                                                                                                           "
   array [
   ]
signal time=1788730442.112823 sender=:1.1 -> destination=(null destination) serial=5 path=/org/a11y/atspi/accessible/terminal; interface=org.a11y.atspi.Event.Object; member=TextCaretMoved
   string ""
   int32 59
   int32 0
   variant       string ""
   array [
   ]
signal time=1788730442.112849 sender=:1.1 -> destination=(null destination) serial=6 path=/org/a11y/atspi/accessible/terminal; interface=org.a11y.atspi.Event.Object; member=StateChanged
   string "focused"
   int32 0
   int32 0
   variant       boolean false
   array [
   ]
signal time=1788730442.112865 sender=:1.1 -> destination=(null destination) serial=7 path=/org/a11y/atspi/accessible/terminal; interface=org.a11y.atspi.Event.Object; member=BoundsChanged
   string ""
   int32 0
   int32 0
   variant       struct {
         int32 24
         int32 574
         int32 1225
         int32 144
      }
   array [
   ]
signal time=1788730444.195912 sender=:1.1 -> destination=(null destination) serial=8 path=/org/a11y/atspi/accessible/root; interface=org.a11y.atspi.Event.Object; member=Announcement
   string "Action. Information: Object selected"
   int32 1
   int32 0
   variant       string "Action. Information: Object selected"
   array [
   ]
signal time=1788730445.593689 sender=org.freedesktop.DBus -> destination=(null destination) serial=5 path=/org/freedesktop/DBus; interface=org.freedesktop.DBus; member=NameOwnerChanged
   string ":1.3"
   string ""
   string ":1.3"
signal time=1788730445.593714 sender=org.freedesktop.DBus -> destination=:1.3 serial=2 path=/org/freedesktop/DBus; interface=org.freedesktop.DBus; member=NameAcquired
   string ":1.3"
signal time=1788730445.595174 sender=org.freedesktop.DBus -> destination=:1.3 serial=3 path=/org/freedesktop/DBus; interface=org.freedesktop.DBus; member=NameLost
   string ":1.3"
signal time=1788730445.595191 sender=org.freedesktop.DBus -> destination=(null destination) serial=6 path=/org/freedesktop/DBus; interface=org.freedesktop.DBus; member=NameOwnerChanged
   string ":1.3"
   string ":1.3"
   string ""
signal time=1788730445.595295 sender=:1.2 -> destination=(null destination) serial=10 path=/org/a11y/atspi/registry; interface=org.a11y.atspi.Registry; member=EventListenerDeregistered
   string ":1.3"
   string ""
signal time=1788730445.599543 sender=org.freedesktop.DBus -> destination=(null destination) serial=7 path=/org/freedesktop/DBus; interface=org.freedesktop.DBus; member=NameOwnerChanged
   string ":1.4"
   string ""
   string ":1.4"
signal time=1788730445.599569 sender=org.freedesktop.DBus -> destination=:1.4 serial=2 path=/org/freedesktop/DBus; interface=org.freedesktop.DBus; member=NameAcquired
   string ":1.4"
signal time=1788730445.601015 sender=org.freedesktop.DBus -> destination=:1.4 serial=5 path=/org/freedesktop/DBus; interface=org.freedesktop.DBus; member=NameLost
   string ":1.4"
signal time=1788730445.601031 sender=org.freedesktop.DBus -> destination=(null destination) serial=8 path=/org/freedesktop/DBus; interface=org.freedesktop.DBus; member=NameOwnerChanged
   string ":1.4"
   string ":1.4"
   string ""
signal time=1788730445.601123 sender=:1.2 -> destination=(null destination) serial=11 path=/org/a11y/atspi/registry; interface=org.a11y.atspi.Registry; member=EventListenerDeregistered
   string ":1.4"
   string ""
signal time=1788730445.604648 sender=org.freedesktop.DBus -> destination=(null destination) serial=9 path=/org/freedesktop/DBus; interface=org.freedesktop.DBus; member=NameOwnerChanged
   string ":1.5"
   string ""
   string ":1.5"
signal time=1788730445.604673 sender=org.freedesktop.DBus -> destination=:1.5 serial=2 path=/org/freedesktop/DBus; interface=org.freedesktop.DBus; member=NameAcquired
   string ":1.5"
signal time=1788730445.605903 sender=org.freedesktop.DBus -> destination=:1.5 serial=3 path=/org/freedesktop/DBus; interface=org.freedesktop.DBus; member=NameLost
   string ":1.5"
signal time=1788730445.605920 sender=org.freedesktop.DBus -> destination=(null destination) serial=10 path=/org/freedesktop/DBus; interface=org.freedesktop.DBus; member=NameOwnerChanged
   string ":1.5"
   string ":1.5"
   string ""
signal time=1788730445.606057 sender=:1.2 -> destination=(null destination) serial=12 path=/org/a11y/atspi/registry; interface=org.a11y.atspi.Registry; member=EventListenerDeregistered
   string ":1.5"
   string ""
signal time=1788730445.611819 sender=org.freedesktop.DBus -> destination=(null destination) serial=11 path=/org/freedesktop/DBus; interface=org.freedesktop.DBus; member=NameOwnerChanged
   string ":1.6"
   string ""
   string ":1.6"
signal time=1788730445.611832 sender=org.freedesktop.DBus -> destination=:1.6 serial=2 path=/org/freedesktop/DBus; interface=org.freedesktop.DBus; member=NameAcquired
   string ":1.6"
signal time=1788730445.611839 sender=org.freedesktop.DBus -> destination=:1.6 serial=3 path=/org/freedesktop/DBus; interface=org.freedesktop.DBus; member=NameLost
   string ":1.6"
signal time=1788730445.611846 sender=org.freedesktop.DBus -> destination=(null destination) serial=12 path=/org/freedesktop/DBus; interface=org.freedesktop.DBus; member=NameOwnerChanged
   string ":1.6"
   string ":1.6"
   string ""
signal time=1788730445.611857 sender=:1.2 -> destination=(null destination) serial=13 path=/org/a11y/atspi/registry; interface=org.a11y.atspi.Registry; member=EventListenerDeregistered
   string ":1.6"
   string ""
signal time=1788730445.615492 sender=org.freedesktop.DBus -> destination=(null destination) serial=13 path=/org/freedesktop/DBus; interface=org.freedesktop.DBus; member=NameOwnerChanged
   string ":1.7"
   string ""
   string ":1.7"
signal time=1788730445.615515 sender=org.freedesktop.DBus -> destination=:1.7 serial=2 path=/org/freedesktop/DBus; interface=org.freedesktop.DBus; member=NameAcquired
   string ":1.7"
signal time=1788730445.616479 sender=org.freedesktop.DBus -> destination=:1.7 serial=3 path=/org/freedesktop/DBus; interface=org.freedesktop.DBus; member=NameLost
   string ":1.7"
signal time=1788730445.616490 sender=org.freedesktop.DBus -> destination=(null destination) serial=14 path=/org/freedesktop/DBus; interface=org.freedesktop.DBus; member=NameOwnerChanged
   string ":1.7"
   string ":1.7"
   string ""
signal time=1788730445.616578 sender=:1.2 -> destination=(null destination) serial=14 path=/org/a11y/atspi/registry; interface=org.a11y.atspi.Registry; member=EventListenerDeregistered
   string ":1.7"
   string ""
signal time=1788730445.620780 sender=org.freedesktop.DBus -> destination=(null destination) serial=15 path=/org/freedesktop/DBus; interface=org.freedesktop.DBus; member=NameOwnerChanged
   string ":1.8"
   string ""
   string ":1.8"
signal time=1788730445.620806 sender=org.freedesktop.DBus -> destination=:1.8 serial=2 path=/org/freedesktop/DBus; interface=org.freedesktop.DBus; member=NameAcquired
   string ":1.8"
signal time=1788730445.621767 sender=org.freedesktop.DBus -> destination=:1.8 serial=3 path=/org/freedesktop/DBus; interface=org.freedesktop.DBus; member=NameLost
   string ":1.8"
signal time=1788730445.621781 sender=org.freedesktop.DBus -> destination=(null destination) serial=16 path=/org/freedesktop/DBus; interface=org.freedesktop.DBus; member=NameOwnerChanged
   string ":1.8"
   string ":1.8"
   string ""
signal time=1788730445.621902 sender=:1.2 -> destination=(null destination) serial=15 path=/org/a11y/atspi/registry; interface=org.a11y.atspi.Registry; member=EventListenerDeregistered
   string ":1.8"
   string ""
signal time=1788730445.626596 sender=org.freedesktop.DBus -> destination=(null destination) serial=17 path=/org/freedesktop/DBus; interface=org.freedesktop.DBus; member=NameOwnerChanged
   string ":1.9"
   string ""
   string ":1.9"
signal time=1788730445.626624 sender=org.freedesktop.DBus -> destination=:1.9 serial=2 path=/org/freedesktop/DBus; interface=org.freedesktop.DBus; member=NameAcquired
   string ":1.9"
signal time=1788730445.628180 sender=org.freedesktop.DBus -> destination=:1.9 serial=3 path=/org/freedesktop/DBus; interface=org.freedesktop.DBus; member=NameLost
   string ":1.9"
signal time=1788730445.628194 sender=org.freedesktop.DBus -> destination=(null destination) serial=18 path=/org/freedesktop/DBus; interface=org.freedesktop.DBus; member=NameOwnerChanged
   string ":1.9"
   string ":1.9"
   string ""
signal time=1788730445.628280 sender=:1.2 -> destination=(null destination) serial=16 path=/org/a11y/atspi/registry; interface=org.a11y.atspi.Registry; member=EventListenerDeregistered
   string ":1.9"
   string ""
signal time=1788730445.632632 sender=org.freedesktop.DBus -> destination=(null destination) serial=19 path=/org/freedesktop/DBus; interface=org.freedesktop.DBus; member=NameOwnerChanged
   string ":1.10"
   string ""
   string ":1.10"
signal time=1788730445.632657 sender=org.freedesktop.DBus -> destination=:1.10 serial=2 path=/org/freedesktop/DBus; interface=org.freedesktop.DBus; member=NameAcquired
   string ":1.10"
signal time=1788730445.633802 sender=org.freedesktop.DBus -> destination=:1.10 serial=3 path=/org/freedesktop/DBus; interface=org.freedesktop.DBus; member=NameLost
   string ":1.10"
signal time=1788730445.633820 sender=org.freedesktop.DBus -> destination=(null destination) serial=20 path=/org/freedesktop/DBus; interface=org.freedesktop.DBus; member=NameOwnerChanged
   string ":1.10"
   string ":1.10"
   string ""
signal time=1788730445.633957 sender=:1.2 -> destination=(null destination) serial=17 path=/org/a11y/atspi/registry; interface=org.a11y.atspi.Registry; member=EventListenerDeregistered
   string ":1.10"
   string ""
signal time=1788730446.033618 sender=org.freedesktop.DBus -> destination=(null destination) serial=21 path=/org/freedesktop/DBus; interface=org.freedesktop.DBus; member=NameOwnerChanged
   string ":1.11"
   string ""
   string ":1.11"
signal time=1788730446.033650 sender=org.freedesktop.DBus -> destination=:1.11 serial=2 path=/org/freedesktop/DBus; interface=org.freedesktop.DBus; member=NameAcquired
   string ":1.11"
signal time=1788730446.035453 sender=org.freedesktop.DBus -> destination=:1.11 serial=3 path=/org/freedesktop/DBus; interface=org.freedesktop.DBus; member=NameLost
   string ":1.11"
signal time=1788730446.035472 sender=org.freedesktop.DBus -> destination=(null destination) serial=22 path=/org/freedesktop/DBus; interface=org.freedesktop.DBus; member=NameOwnerChanged
   string ":1.11"
   string ":1.11"
   string ""
signal time=1788730446.035515 sender=:1.2 -> destination=(null destination) serial=20 path=/org/a11y/atspi/registry; interface=org.a11y.atspi.Registry; member=EventListenerDeregistered
   string ":1.11"
   string ""
signal time=1788730446.041042 sender=org.freedesktop.DBus -> destination=(null destination) serial=23 path=/org/freedesktop/DBus; interface=org.freedesktop.DBus; member=NameOwnerChanged
   string ":1.12"
   string ""
   string ":1.12"
signal time=1788730446.041064 sender=org.freedesktop.DBus -> destination=:1.12 serial=2 path=/org/freedesktop/DBus; interface=org.freedesktop.DBus; member=NameAcquired
   string ":1.12"
signal time=1788730446.042440 sender=org.freedesktop.DBus -> destination=:1.12 serial=5 path=/org/freedesktop/DBus; interface=org.freedesktop.DBus; member=NameLost
   string ":1.12"
signal time=1788730446.042455 sender=org.freedesktop.DBus -> destination=(null destination) serial=24 path=/org/freedesktop/DBus; interface=org.freedesktop.DBus; member=NameOwnerChanged
   string ":1.12"
   string ":1.12"
   string ""
signal time=1788730446.042636 sender=:1.2 -> destination=(null destination) serial=21 path=/org/a11y/atspi/registry; interface=org.a11y.atspi.Registry; member=EventListenerDeregistered
   string ":1.12"
   string ""
signal time=1788730446.047549 sender=org.freedesktop.DBus -> destination=(null destination) serial=25 path=/org/freedesktop/DBus; interface=org.freedesktop.DBus; member=NameOwnerChanged
   string ":1.13"
   string ""
   string ":1.13"
signal time=1788730446.047575 sender=org.freedesktop.DBus -> destination=:1.13 serial=2 path=/org/freedesktop/DBus; interface=org.freedesktop.DBus; member=NameAcquired
   string ":1.13"
signal time=1788730446.048708 sender=org.freedesktop.DBus -> destination=:1.13 serial=3 path=/org/freedesktop/DBus; interface=org.freedesktop.DBus; member=NameLost
   string ":1.13"
signal time=1788730446.048721 sender=org.freedesktop.DBus -> destination=(null destination) serial=26 path=/org/freedesktop/DBus; interface=org.freedesktop.DBus; member=NameOwnerChanged
   string ":1.13"
   string ":1.13"
   string ""
signal time=1788730446.048839 sender=:1.2 -> destination=(null destination) serial=22 path=/org/a11y/atspi/registry; interface=org.a11y.atspi.Registry; member=EventListenerDeregistered
   string ":1.13"
   string ""
signal time=1788730446.053629 sender=org.freedesktop.DBus -> destination=(null destination) serial=27 path=/org/freedesktop/DBus; interface=org.freedesktop.DBus; member=NameOwnerChanged
   string ":1.14"
   string ""
   string ":1.14"
signal time=1788730446.053653 sender=org.freedesktop.DBus -> destination=:1.14 serial=2 path=/org/freedesktop/DBus; interface=org.freedesktop.DBus; member=NameAcquired
   string ":1.14"
signal time=1788730446.055149 sender=org.freedesktop.DBus -> destination=:1.14 serial=3 path=/org/freedesktop/DBus; interface=org.freedesktop.DBus; member=NameLost
   string ":1.14"
signal time=1788730446.055163 sender=org.freedesktop.DBus -> destination=(null destination) serial=28 path=/org/freedesktop/DBus; interface=org.freedesktop.DBus; member=NameOwnerChanged
   string ":1.14"
   string ":1.14"
   string ""
signal time=1788730446.055222 sender=:1.2 -> destination=(null destination) serial=23 path=/org/a11y/atspi/registry; interface=org.a11y.atspi.Registry; member=EventListenerDeregistered
   string ":1.14"
   string ""
signal time=1788730446.059660 sender=org.freedesktop.DBus -> destination=(null destination) serial=29 path=/org/freedesktop/DBus; interface=org.freedesktop.DBus; member=NameOwnerChanged
   string ":1.15"
   string ""
   string ":1.15"
signal time=1788730446.059684 sender=org.freedesktop.DBus -> destination=:1.15 serial=2 path=/org/freedesktop/DBus; interface=org.freedesktop.DBus; member=NameAcquired
   string ":1.15"
signal time=1788730446.061196 sender=org.freedesktop.DBus -> destination=:1.15 serial=3 path=/org/freedesktop/DBus; interface=org.freedesktop.DBus; member=NameLost
   string ":1.15"
signal time=1788730446.061211 sender=org.freedesktop.DBus -> destination=(null destination) serial=30 path=/org/freedesktop/DBus; interface=org.freedesktop.DBus; member=NameOwnerChanged
   string ":1.15"
   string ":1.15"
   string ""
signal time=1788730446.061332 sender=:1.2 -> destination=(null destination) serial=24 path=/org/a11y/atspi/registry; interface=org.a11y.atspi.Registry; member=EventListenerDeregistered
   string ":1.15"
   string ""
signal time=1788730446.065748 sender=org.freedesktop.DBus -> destination=(null destination) serial=31 path=/org/freedesktop/DBus; interface=org.freedesktop.DBus; member=NameOwnerChanged
   string ":1.16"
   string ""
   string ":1.16"
signal time=1788730446.065773 sender=org.freedesktop.DBus -> destination=:1.16 serial=2 path=/org/freedesktop/DBus; interface=org.freedesktop.DBus; member=NameAcquired
   string ":1.16"
signal time=1788730446.066946 sender=org.freedesktop.DBus -> destination=:1.16 serial=3 path=/org/freedesktop/DBus; interface=org.freedesktop.DBus; member=NameLost
   string ":1.16"
signal time=1788730446.066959 sender=org.freedesktop.DBus -> destination=(null destination) serial=32 path=/org/freedesktop/DBus; interface=org.freedesktop.DBus; member=NameOwnerChanged
   string ":1.16"
   string ":1.16"
   string ""
signal time=1788730446.067087 sender=:1.2 -> destination=(null destination) serial=25 path=/org/a11y/atspi/registry; interface=org.a11y.atspi.Registry; member=EventListenerDeregistered
   string ":1.16"
   string ""
signal time=1788730446.071512 sender=org.freedesktop.DBus -> destination=(null destination) serial=33 path=/org/freedesktop/DBus; interface=org.freedesktop.DBus; member=NameOwnerChanged
   string ":1.17"
   string ""
   string ":1.17"
signal time=1788730446.071536 sender=org.freedesktop.DBus -> destination=:1.17 serial=2 path=/org/freedesktop/DBus; interface=org.freedesktop.DBus; member=NameAcquired
   string ":1.17"
signal time=1788730446.072448 sender=org.freedesktop.DBus -> destination=:1.17 serial=3 path=/org/freedesktop/DBus; interface=org.freedesktop.DBus; member=NameLost
   string ":1.17"
signal time=1788730446.072460 sender=org.freedesktop.DBus -> destination=(null destination) serial=34 path=/org/freedesktop/DBus; interface=org.freedesktop.DBus; member=NameOwnerChanged
   string ":1.17"
   string ":1.17"
   string ""
signal time=1788730446.072547 sender=:1.2 -> destination=(null destination) serial=26 path=/org/a11y/atspi/registry; interface=org.a11y.atspi.Registry; member=EventListenerDeregistered
   string ":1.17"
   string ""
signal time=1788730446.077060 sender=org.freedesktop.DBus -> destination=(null destination) serial=35 path=/org/freedesktop/DBus; interface=org.freedesktop.DBus; member=NameOwnerChanged
   string ":1.18"
   string ""
   string ":1.18"
signal time=1788730446.077085 sender=org.freedesktop.DBus -> destination=:1.18 serial=2 path=/org/freedesktop/DBus; interface=org.freedesktop.DBus; member=NameAcquired
   string ":1.18"
signal time=1788730446.078207 sender=org.freedesktop.DBus -> destination=:1.18 serial=3 path=/org/freedesktop/DBus; interface=org.freedesktop.DBus; member=NameLost
   string ":1.18"
signal time=1788730446.078222 sender=org.freedesktop.DBus -> destination=(null destination) serial=36 path=/org/freedesktop/DBus; interface=org.freedesktop.DBus; member=NameOwnerChanged
   string ":1.18"
   string ":1.18"
   string ""
signal time=1788730446.078494 sender=:1.2 -> destination=(null destination) serial=27 path=/org/a11y/atspi/registry; interface=org.a11y.atspi.Registry; member=EventListenerDeregistered
   string ":1.18"
   string ""
signal time=1788730448.231123 sender=org.freedesktop.DBus -> destination=(null destination) serial=37 path=/org/freedesktop/DBus; interface=org.freedesktop.DBus; member=NameOwnerChanged
   string ":1.19"
   string ""
   string ":1.19"
signal time=1788730448.231147 sender=org.freedesktop.DBus -> destination=:1.19 serial=2 path=/org/freedesktop/DBus; interface=org.freedesktop.DBus; member=NameAcquired
   string ":1.19"
signal time=1788730448.232614 sender=org.freedesktop.DBus -> destination=:1.19 serial=3 path=/org/freedesktop/DBus; interface=org.freedesktop.DBus; member=NameLost
   string ":1.19"
signal time=1788730448.232630 sender=org.freedesktop.DBus -> destination=(null destination) serial=38 path=/org/freedesktop/DBus; interface=org.freedesktop.DBus; member=NameOwnerChanged
   string ":1.19"
   string ":1.19"
   string ""
signal time=1788730448.232706 sender=:1.2 -> destination=(null destination) serial=30 path=/org/a11y/atspi/registry; interface=org.a11y.atspi.Registry; member=EventListenerDeregistered
   string ":1.19"
   string ""
signal time=1788730448.236554 sender=org.freedesktop.DBus -> destination=(null destination) serial=39 path=/org/freedesktop/DBus; interface=org.freedesktop.DBus; member=NameOwnerChanged
   string ":1.20"
   string ""
   string ":1.20"
signal time=1788730448.236575 sender=org.freedesktop.DBus -> destination=:1.20 serial=2 path=/org/freedesktop/DBus; interface=org.freedesktop.DBus; member=NameAcquired
   string ":1.20"
signal time=1788730448.237694 sender=org.freedesktop.DBus -> destination=:1.20 serial=5 path=/org/freedesktop/DBus; interface=org.freedesktop.DBus; member=NameLost
   string ":1.20"
signal time=1788730448.237715 sender=org.freedesktop.DBus -> destination=(null destination) serial=40 path=/org/freedesktop/DBus; interface=org.freedesktop.DBus; member=NameOwnerChanged
   string ":1.20"
   string ":1.20"
   string ""
signal time=1788730448.237801 sender=:1.2 -> destination=(null destination) serial=31 path=/org/a11y/atspi/registry; interface=org.a11y.atspi.Registry; member=EventListenerDeregistered
   string ":1.20"
   string ""
signal time=1788730448.242411 sender=org.freedesktop.DBus -> destination=(null destination) serial=41 path=/org/freedesktop/DBus; interface=org.freedesktop.DBus; member=NameOwnerChanged
   string ":1.21"
   string ""
   string ":1.21"
signal time=1788730448.242440 sender=org.freedesktop.DBus -> destination=:1.21 serial=2 path=/org/freedesktop/DBus; interface=org.freedesktop.DBus; member=NameAcquired
   string ":1.21"
signal time=1788730448.243548 sender=org.freedesktop.DBus -> destination=:1.21 serial=3 path=/org/freedesktop/DBus; interface=org.freedesktop.DBus; member=NameLost
   string ":1.21"
signal time=1788730448.243573 sender=org.freedesktop.DBus -> destination=(null destination) serial=42 path=/org/freedesktop/DBus; interface=org.freedesktop.DBus; member=NameOwnerChanged
   string ":1.21"
   string ":1.21"
   string ""
signal time=1788730448.243668 sender=:1.2 -> destination=(null destination) serial=32 path=/org/a11y/atspi/registry; interface=org.a11y.atspi.Registry; member=EventListenerDeregistered
   string ":1.21"
   string ""
signal time=1788730448.248490 sender=org.freedesktop.DBus -> destination=(null destination) serial=43 path=/org/freedesktop/DBus; interface=org.freedesktop.DBus; member=NameOwnerChanged
   string ":1.22"
   string ""
   string ":1.22"
signal time=1788730448.248518 sender=org.freedesktop.DBus -> destination=:1.22 serial=2 path=/org/freedesktop/DBus; interface=org.freedesktop.DBus; member=NameAcquired
   string ":1.22"
signal time=1788730448.249634 sender=org.freedesktop.DBus -> destination=:1.22 serial=3 path=/org/freedesktop/DBus; interface=org.freedesktop.DBus; member=NameLost
   string ":1.22"
signal time=1788730448.249657 sender=org.freedesktop.DBus -> destination=(null destination) serial=44 path=/org/freedesktop/DBus; interface=org.freedesktop.DBus; member=NameOwnerChanged
   string ":1.22"
   string ":1.22"
   string ""
signal time=1788730448.249765 sender=:1.2 -> destination=(null destination) serial=33 path=/org/a11y/atspi/registry; interface=org.a11y.atspi.Registry; member=EventListenerDeregistered
   string ":1.22"
   string ""
signal time=1788730448.254557 sender=org.freedesktop.DBus -> destination=(null destination) serial=45 path=/org/freedesktop/DBus; interface=org.freedesktop.DBus; member=NameOwnerChanged
   string ":1.23"
   string ""
   string ":1.23"
signal time=1788730448.254584 sender=org.freedesktop.DBus -> destination=:1.23 serial=2 path=/org/freedesktop/DBus; interface=org.freedesktop.DBus; member=NameAcquired
   string ":1.23"
signal time=1788730448.255656 sender=org.freedesktop.DBus -> destination=:1.23 serial=3 path=/org/freedesktop/DBus; interface=org.freedesktop.DBus; member=NameLost
   string ":1.23"
signal time=1788730448.255670 sender=org.freedesktop.DBus -> destination=(null destination) serial=46 path=/org/freedesktop/DBus; interface=org.freedesktop.DBus; member=NameOwnerChanged
   string ":1.23"
   string ":1.23"
   string ""
signal time=1788730448.255758 sender=:1.2 -> destination=(null destination) serial=34 path=/org/a11y/atspi/registry; interface=org.a11y.atspi.Registry; member=EventListenerDeregistered
   string ":1.23"
   string ""
signal time=1788730448.260565 sender=org.freedesktop.DBus -> destination=(null destination) serial=47 path=/org/freedesktop/DBus; interface=org.freedesktop.DBus; member=NameOwnerChanged
   string ":1.24"
   string ""
   string ":1.24"
signal time=1788730448.260593 sender=org.freedesktop.DBus -> destination=:1.24 serial=2 path=/org/freedesktop/DBus; interface=org.freedesktop.DBus; member=NameAcquired
   string ":1.24"
signal time=1788730448.261745 sender=org.freedesktop.DBus -> destination=:1.24 serial=3 path=/org/freedesktop/DBus; interface=org.freedesktop.DBus; member=NameLost
   string ":1.24"
signal time=1788730448.261768 sender=org.freedesktop.DBus -> destination=(null destination) serial=48 path=/org/freedesktop/DBus; interface=org.freedesktop.DBus; member=NameOwnerChanged
   string ":1.24"
   string ":1.24"
   string ""
signal time=1788730448.261837 sender=:1.2 -> destination=(null destination) serial=35 path=/org/a11y/atspi/registry; interface=org.a11y.atspi.Registry; member=EventListenerDeregistered
   string ":1.24"
   string ""
signal time=1788730448.266873 sender=org.freedesktop.DBus -> destination=(null destination) serial=49 path=/org/freedesktop/DBus; interface=org.freedesktop.DBus; member=NameOwnerChanged
   string ":1.25"
   string ""
   string ":1.25"
signal time=1788730448.266894 sender=org.freedesktop.DBus -> destination=:1.25 serial=2 path=/org/freedesktop/DBus; interface=org.freedesktop.DBus; member=NameAcquired
   string ":1.25"
signal time=1788730448.267935 sender=org.freedesktop.DBus -> destination=:1.25 serial=3 path=/org/freedesktop/DBus; interface=org.freedesktop.DBus; member=NameLost
   string ":1.25"
signal time=1788730448.267947 sender=org.freedesktop.DBus -> destination=(null destination) serial=50 path=/org/freedesktop/DBus; interface=org.freedesktop.DBus; member=NameOwnerChanged
   string ":1.25"
   string ":1.25"
   string ""
signal time=1788730448.268032 sender=:1.2 -> destination=(null destination) serial=36 path=/org/a11y/atspi/registry; interface=org.a11y.atspi.Registry; member=EventListenerDeregistered
   string ":1.25"
   string ""
signal time=1788730448.273036 sender=org.freedesktop.DBus -> destination=(null destination) serial=51 path=/org/freedesktop/DBus; interface=org.freedesktop.DBus; member=NameOwnerChanged
   string ":1.26"
   string ""
   string ":1.26"
signal time=1788730448.273063 sender=org.freedesktop.DBus -> destination=:1.26 serial=2 path=/org/freedesktop/DBus; interface=org.freedesktop.DBus; member=NameAcquired
   string ":1.26"
signal time=1788730448.274358 sender=org.freedesktop.DBus -> destination=:1.26 serial=3 path=/org/freedesktop/DBus; interface=org.freedesktop.DBus; member=NameLost
   string ":1.26"
signal time=1788730448.274378 sender=org.freedesktop.DBus -> destination=(null destination) serial=52 path=/org/freedesktop/DBus; interface=org.freedesktop.DBus; member=NameOwnerChanged
   string ":1.26"
   string ":1.26"
   string ""
signal time=1788730448.274416 sender=:1.2 -> destination=(null destination) serial=37 path=/org/a11y/atspi/registry; interface=org.a11y.atspi.Registry; member=EventListenerDeregistered
   string ":1.26"
   string ""
signal time=1788730448.673931 sender=org.freedesktop.DBus -> destination=(null destination) serial=53 path=/org/freedesktop/DBus; interface=org.freedesktop.DBus; member=NameOwnerChanged
   string ":1.27"
   string ""
   string ":1.27"
signal time=1788730448.673969 sender=org.freedesktop.DBus -> destination=:1.27 serial=2 path=/org/freedesktop/DBus; interface=org.freedesktop.DBus; member=NameAcquired
   string ":1.27"
signal time=1788730448.676015 sender=org.freedesktop.DBus -> destination=:1.27 serial=3 path=/org/freedesktop/DBus; interface=org.freedesktop.DBus; member=NameLost
   string ":1.27"
signal time=1788730448.676029 sender=org.freedesktop.DBus -> destination=(null destination) serial=54 path=/org/freedesktop/DBus; interface=org.freedesktop.DBus; member=NameOwnerChanged
   string ":1.27"
   string ":1.27"
   string ""
signal time=1788730448.676092 sender=:1.2 -> destination=(null destination) serial=40 path=/org/a11y/atspi/registry; interface=org.a11y.atspi.Registry; member=EventListenerDeregistered
   string ":1.27"
   string ""
signal time=1788730448.680209 sender=org.freedesktop.DBus -> destination=(null destination) serial=55 path=/org/freedesktop/DBus; interface=org.freedesktop.DBus; member=NameOwnerChanged
   string ":1.28"
   string ""
   string ":1.28"
signal time=1788730448.680234 sender=org.freedesktop.DBus -> destination=:1.28 serial=2 path=/org/freedesktop/DBus; interface=org.freedesktop.DBus; member=NameAcquired
   string ":1.28"
signal time=1788730448.681387 sender=org.freedesktop.DBus -> destination=:1.28 serial=5 path=/org/freedesktop/DBus; interface=org.freedesktop.DBus; member=NameLost
   string ":1.28"
signal time=1788730448.681401 sender=org.freedesktop.DBus -> destination=(null destination) serial=56 path=/org/freedesktop/DBus; interface=org.freedesktop.DBus; member=NameOwnerChanged
   string ":1.28"
   string ":1.28"
   string ""
signal time=1788730448.681485 sender=:1.2 -> destination=(null destination) serial=41 path=/org/a11y/atspi/registry; interface=org.a11y.atspi.Registry; member=EventListenerDeregistered
   string ":1.28"
   string ""
signal time=1788730448.686413 sender=org.freedesktop.DBus -> destination=(null destination) serial=57 path=/org/freedesktop/DBus; interface=org.freedesktop.DBus; member=NameOwnerChanged
   string ":1.29"
   string ""
   string ":1.29"
signal time=1788730448.686464 sender=org.freedesktop.DBus -> destination=:1.29 serial=2 path=/org/freedesktop/DBus; interface=org.freedesktop.DBus; member=NameAcquired
   string ":1.29"
signal time=1788730448.687755 sender=org.freedesktop.DBus -> destination=:1.29 serial=3 path=/org/freedesktop/DBus; interface=org.freedesktop.DBus; member=NameLost
   string ":1.29"
signal time=1788730448.687768 sender=org.freedesktop.DBus -> destination=(null destination) serial=58 path=/org/freedesktop/DBus; interface=org.freedesktop.DBus; member=NameOwnerChanged
   string ":1.29"
   string ":1.29"
   string ""
signal time=1788730448.687897 sender=:1.2 -> destination=(null destination) serial=42 path=/org/a11y/atspi/registry; interface=org.a11y.atspi.Registry; member=EventListenerDeregistered
   string ":1.29"
   string ""
signal time=1788730448.692433 sender=org.freedesktop.DBus -> destination=(null destination) serial=59 path=/org/freedesktop/DBus; interface=org.freedesktop.DBus; member=NameOwnerChanged
   string ":1.30"
   string ""
   string ":1.30"
signal time=1788730448.692461 sender=org.freedesktop.DBus -> destination=:1.30 serial=2 path=/org/freedesktop/DBus; interface=org.freedesktop.DBus; member=NameAcquired
   string ":1.30"
signal time=1788730448.693711 sender=org.freedesktop.DBus -> destination=:1.30 serial=3 path=/org/freedesktop/DBus; interface=org.freedesktop.DBus; member=NameLost
   string ":1.30"
signal time=1788730448.693732 sender=org.freedesktop.DBus -> destination=(null destination) serial=60 path=/org/freedesktop/DBus; interface=org.freedesktop.DBus; member=NameOwnerChanged
   string ":1.30"
   string ":1.30"
   string ""
signal time=1788730448.693781 sender=:1.2 -> destination=(null destination) serial=43 path=/org/a11y/atspi/registry; interface=org.a11y.atspi.Registry; member=EventListenerDeregistered
   string ":1.30"
   string ""
signal time=1788730448.697760 sender=org.freedesktop.DBus -> destination=(null destination) serial=61 path=/org/freedesktop/DBus; interface=org.freedesktop.DBus; member=NameOwnerChanged
   string ":1.31"
   string ""
   string ":1.31"
signal time=1788730448.697781 sender=org.freedesktop.DBus -> destination=:1.31 serial=2 path=/org/freedesktop/DBus; interface=org.freedesktop.DBus; member=NameAcquired
   string ":1.31"
signal time=1788730448.699144 sender=org.freedesktop.DBus -> destination=:1.31 serial=3 path=/org/freedesktop/DBus; interface=org.freedesktop.DBus; member=NameLost
   string ":1.31"
signal time=1788730448.699156 sender=org.freedesktop.DBus -> destination=(null destination) serial=62 path=/org/freedesktop/DBus; interface=org.freedesktop.DBus; member=NameOwnerChanged
   string ":1.31"
   string ":1.31"
   string ""
signal time=1788730448.699242 sender=:1.2 -> destination=(null destination) serial=44 path=/org/a11y/atspi/registry; interface=org.a11y.atspi.Registry; member=EventListenerDeregistered
   string ":1.31"
   string ""
signal time=1788730448.703504 sender=org.freedesktop.DBus -> destination=(null destination) serial=63 path=/org/freedesktop/DBus; interface=org.freedesktop.DBus; member=NameOwnerChanged
   string ":1.32"
   string ""
   string ":1.32"
signal time=1788730448.703536 sender=org.freedesktop.DBus -> destination=:1.32 serial=2 path=/org/freedesktop/DBus; interface=org.freedesktop.DBus; member=NameAcquired
   string ":1.32"
signal time=1788730448.704824 sender=org.freedesktop.DBus -> destination=:1.32 serial=3 path=/org/freedesktop/DBus; interface=org.freedesktop.DBus; member=NameLost
   string ":1.32"
signal time=1788730448.704839 sender=org.freedesktop.DBus -> destination=(null destination) serial=64 path=/org/freedesktop/DBus; interface=org.freedesktop.DBus; member=NameOwnerChanged
   string ":1.32"
   string ":1.32"
   string ""
signal time=1788730448.704933 sender=:1.2 -> destination=(null destination) serial=45 path=/org/a11y/atspi/registry; interface=org.a11y.atspi.Registry; member=EventListenerDeregistered
   string ":1.32"
   string ""
signal time=1788730448.709244 sender=org.freedesktop.DBus -> destination=(null destination) serial=65 path=/org/freedesktop/DBus; interface=org.freedesktop.DBus; member=NameOwnerChanged
   string ":1.33"
   string ""
   string ":1.33"
signal time=1788730448.709275 sender=org.freedesktop.DBus -> destination=:1.33 serial=2 path=/org/freedesktop/DBus; interface=org.freedesktop.DBus; member=NameAcquired
   string ":1.33"
signal time=1788730448.710129 sender=org.freedesktop.DBus -> destination=:1.33 serial=3 path=/org/freedesktop/DBus; interface=org.freedesktop.DBus; member=NameLost
   string ":1.33"
signal time=1788730448.710148 sender=org.freedesktop.DBus -> destination=(null destination) serial=66 path=/org/freedesktop/DBus; interface=org.freedesktop.DBus; member=NameOwnerChanged
   string ":1.33"
   string ":1.33"
   string ""
signal time=1788730448.710199 sender=:1.2 -> destination=(null destination) serial=46 path=/org/a11y/atspi/registry; interface=org.a11y.atspi.Registry; member=EventListenerDeregistered
   string ":1.33"
   string ""
signal time=1788730448.714900 sender=org.freedesktop.DBus -> destination=(null destination) serial=67 path=/org/freedesktop/DBus; interface=org.freedesktop.DBus; member=NameOwnerChanged
   string ":1.34"
   string ""
   string ":1.34"
signal time=1788730448.714930 sender=org.freedesktop.DBus -> destination=:1.34 serial=2 path=/org/freedesktop/DBus; interface=org.freedesktop.DBus; member=NameAcquired
   string ":1.34"
signal time=1788730448.716207 sender=org.freedesktop.DBus -> destination=:1.34 serial=3 path=/org/freedesktop/DBus; interface=org.freedesktop.DBus; member=NameLost
   string ":1.34"
signal time=1788730448.716222 sender=org.freedesktop.DBus -> destination=(null destination) serial=68 path=/org/freedesktop/DBus; interface=org.freedesktop.DBus; member=NameOwnerChanged
   string ":1.34"
   string ":1.34"
   string ""
signal time=1788730448.716353 sender=:1.2 -> destination=(null destination) serial=47 path=/org/a11y/atspi/registry; interface=org.a11y.atspi.Registry; member=EventListenerDeregistered
   string ":1.34"
   string ""
signal time=1788730449.026192 sender=:1.1 -> destination=(null destination) serial=57 path=/org/a11y/atspi/accessible/root; interface=org.a11y.atspi.Event.Object; member=ChildrenChanged
   string "add"
   int32 1
   int32 0
   variant       struct {
         string ":1.1"
         object path "/org/a11y/atspi/accessible/menus/n6d656e753a56696577"
      }
   array [
   ]
signal time=1788730449.026223 sender=:1.1 -> destination=(null destination) serial=58 path=/org/a11y/atspi/accessible/menus/n6d656e753a56696577; interface=org.a11y.atspi.Event.Object; member=StateChanged
   string "focused"
   int32 0
   int32 0
   variant       boolean false
   array [
   ]
signal time=1788730449.026235 sender=:1.1 -> destination=(null destination) serial=59 path=/org/a11y/atspi/accessible/menus/n6d656e753a56696577; interface=org.a11y.atspi.Event.Object; member=StateChanged
   string "enabled"
   int32 1
   int32 0
   variant       boolean true
   array [
   ]
signal time=1788730449.026247 sender=:1.1 -> destination=(null destination) serial=60 path=/org/a11y/atspi/accessible/menus/n6d656e753a56696577; interface=org.a11y.atspi.Event.Object; member=StateChanged
   string "sensitive"
   int32 1
   int32 0
   variant       boolean true
   array [
   ]
signal time=1788730449.026258 sender=:1.1 -> destination=(null destination) serial=61 path=/org/a11y/atspi/accessible/menus/n6d656e753a56696577; interface=org.a11y.atspi.Event.Object; member=ChildrenChanged
   string "add"
   int32 0
   int32 0
   variant       struct {
         string ":1.1"
         object path "/org/a11y/atspi/accessible/menus/n6d656e753a566965772f766965772e666974"
      }
   array [
   ]
signal time=1788730449.026273 sender=:1.1 -> destination=(null destination) serial=62 path=/org/a11y/atspi/accessible/menus/n6d656e753a566965772f766965772e666974; interface=org.a11y.atspi.Event.Object; member=StateChanged
   string "focused"
   int32 1
   int32 0
   variant       boolean true
   array [
   ]
signal time=1788730449.026284 sender=:1.1 -> destination=(null destination) serial=63 path=/org/a11y/atspi/accessible/menus/n6d656e753a566965772f766965772e666974; interface=org.a11y.atspi.Event.Object; member=StateChanged
   string "enabled"
   int32 1
   int32 0
   variant       boolean true
   array [
   ]
signal time=1788730449.026300 sender=:1.1 -> destination=(null destination) serial=64 path=/org/a11y/atspi/accessible/menus/n6d656e753a566965772f766965772e666974; interface=org.a11y.atspi.Event.Object; member=StateChanged
   string "sensitive"
   int32 1
   int32 0
   variant       boolean true
   array [
   ]
signal time=1788730449.026311 sender=:1.1 -> destination=(null destination) serial=65 path=/org/a11y/atspi/accessible/menus/n6d656e753a56696577; interface=org.a11y.atspi.Event.Object; member=ChildrenChanged
   string "add"
   int32 1
   int32 0
   variant       struct {
         string ":1.1"
         object path "/org/a11y/atspi/accessible/menus/n6d656e753a566965772f766965772e7a6f6f6d5f696e"
      }
   array [
   ]
signal time=1788730449.026326 sender=:1.1 -> destination=(null destination) serial=66 path=/org/a11y/atspi/accessible/menus/n6d656e753a566965772f766965772e7a6f6f6d5f696e; interface=org.a11y.atspi.Event.Object; member=StateChanged
   string "focused"
   int32 0
   int32 0
   variant       boolean false
   array [
   ]
signal time=1788730449.026337 sender=:1.1 -> destination=(null destination) serial=67 path=/org/a11y/atspi/accessible/menus/n6d656e753a566965772f766965772e7a6f6f6d5f696e; interface=org.a11y.atspi.Event.Object; member=StateChanged
   string "enabled"
   int32 1
   int32 0
   variant       boolean true
   array [
   ]
signal time=1788730449.026348 sender=:1.1 -> destination=(null destination) serial=68 path=/org/a11y/atspi/accessible/menus/n6d656e753a566965772f766965772e7a6f6f6d5f696e; interface=org.a11y.atspi.Event.Object; member=StateChanged
   string "sensitive"
   int32 1
   int32 0
   variant       boolean true
   array [
   ]
signal time=1788730449.026457 sender=:1.1 -> destination=(null destination) serial=69 path=/org/a11y/atspi/accessible/menus/n6d656e753a56696577; interface=org.a11y.atspi.Event.Object; member=ChildrenChanged
   string "add"
   int32 2
   int32 0
   variant       struct {
         string ":1.1"
         object path "/org/a11y/atspi/accessible/menus/n6d656e753a566965772f766965772e7a6f6f6d5f6f7574"
      }
   array [
   ]
signal time=1788730449.026476 sender=:1.1 -> destination=(null destination) serial=70 path=/org/a11y/atspi/accessible/menus/n6d656e753a566965772f766965772e7a6f6f6d5f6f7574; interface=org.a11y.atspi.Event.Object; member=StateChanged
   string "focused"
   int32 0
   int32 0
   variant       boolean false
   array [
   ]
signal time=1788730449.026487 sender=:1.1 -> destination=(null destination) serial=71 path=/org/a11y/atspi/accessible/menus/n6d656e753a566965772f766965772e7a6f6f6d5f6f7574; interface=org.a11y.atspi.Event.Object; member=StateChanged
   string "enabled"
   int32 1
   int32 0
   variant       boolean true
   array [
   ]
signal time=1788730449.026498 sender=:1.1 -> destination=(null destination) serial=72 path=/org/a11y/atspi/accessible/menus/n6d656e753a566965772f766965772e7a6f6f6d5f6f7574; interface=org.a11y.atspi.Event.Object; member=StateChanged
   string "sensitive"
   int32 1
   int32 0
   variant       boolean true
   array [
   ]
signal time=1788730449.026509 sender=:1.1 -> destination=(null destination) serial=73 path=/org/a11y/atspi/accessible/menus/n6d656e753a56696577; interface=org.a11y.atspi.Event.Object; member=ChildrenChanged
   string "add"
   int32 3
   int32 0
   variant       struct {
         string ":1.1"
         object path "/org/a11y/atspi/accessible/menus/n6d656e753a566965772f766965772e70616e655f7a6f6f6d"
      }
   array [
   ]
signal time=1788730449.026524 sender=:1.1 -> destination=(null destination) serial=74 path=/org/a11y/atspi/accessible/menus/n6d656e753a566965772f766965772e70616e655f7a6f6f6d; interface=org.a11y.atspi.Event.Object; member=StateChanged
   string "focused"
   int32 0
   int32 0
   variant       boolean false
   array [
   ]
signal time=1788730449.026535 sender=:1.1 -> destination=(null destination) serial=75 path=/org/a11y/atspi/accessible/menus/n6d656e753a566965772f766965772e70616e655f7a6f6f6d; interface=org.a11y.atspi.Event.Object; member=StateChanged
   string "enabled"
   int32 1
   int32 0
   variant       boolean true
   array [
   ]
signal time=1788730449.026550 sender=:1.1 -> destination=(null destination) serial=76 path=/org/a11y/atspi/accessible/menus/n6d656e753a566965772f766965772e70616e655f7a6f6f6d; interface=org.a11y.atspi.Event.Object; member=StateChanged
   string "sensitive"
   int32 1
   int32 0
   variant       boolean true
   array [
   ]
signal time=1788730449.026560 sender=:1.1 -> destination=(null destination) serial=77 path=/org/a11y/atspi/accessible/menus/n6d656e753a56696577; interface=org.a11y.atspi.Event.Object; member=ChildrenChanged
   string "add"
   int32 4
   int32 0
   variant       struct {
         string ":1.1"
         object path "/org/a11y/atspi/accessible/menus/n6d656e753a566965772f766965772e66756c6c73637265656e5f7374616765"
      }
   array [
   ]
signal time=1788730449.026576 sender=:1.1 -> destination=(null destination) serial=78 path=/org/a11y/atspi/accessible/menus/n6d656e753a566965772f766965772e66756c6c73637265656e5f7374616765; interface=org.a11y.atspi.Event.Object; member=StateChanged
   string "focused"
   int32 0
   int32 0
   variant       boolean false
   array [
   ]
signal time=1788730449.026587 sender=:1.1 -> destination=(null destination) serial=79 path=/org/a11y/atspi/accessible/menus/n6d656e753a566965772f766965772e66756c6c73637265656e5f7374616765; interface=org.a11y.atspi.Event.Object; member=StateChanged
   string "enabled"
   int32 1
   int32 0
   variant       boolean true
   array [
   ]
signal time=1788730449.026598 sender=:1.1 -> destination=(null destination) serial=80 path=/org/a11y/atspi/accessible/menus/n6d656e753a566965772f766965772e66756c6c73637265656e5f7374616765; interface=org.a11y.atspi.Event.Object; member=StateChanged
   string "sensitive"
   int32 1
   int32 0
   variant       boolean true
   array [
   ]
signal time=1788730449.026608 sender=:1.1 -> destination=(null destination) serial=81 path=/org/a11y/atspi/accessible/menus/n6d656e753a56696577; interface=org.a11y.atspi.Event.Object; member=ChildrenChanged
   string "add"
   int32 5
   int32 0
   variant       struct {
         string ":1.1"
         object path "/org/a11y/atspi/accessible/menus/n6d656e753a566965772f766965772e6c6179657273"
      }
   array [
   ]
signal time=1788730449.026624 sender=:1.1 -> destination=(null destination) serial=82 path=/org/a11y/atspi/accessible/menus/n6d656e753a566965772f766965772e6c6179657273; interface=org.a11y.atspi.Event.Object; member=StateChanged
   string "focused"
   int32 0
   int32 0
   variant       boolean false
   array [
   ]
signal time=1788730449.026635 sender=:1.1 -> destination=(null destination) serial=83 path=/org/a11y/atspi/accessible/menus/n6d656e753a566965772f766965772e6c6179657273; interface=org.a11y.atspi.Event.Object; member=StateChanged
   string "enabled"
   int32 0
   int32 0
   variant       boolean false
   array [
   ]
signal time=1788730449.026686 sender=:1.1 -> destination=(null destination) serial=84 path=/org/a11y/atspi/accessible/menus/n6d656e753a566965772f766965772e6c6179657273; interface=org.a11y.atspi.Event.Object; member=StateChanged
   string "sensitive"
   int32 0
   int32 0
   variant       boolean false
   array [
   ]
signal time=1788730449.026698 sender=:1.1 -> destination=(null destination) serial=85 path=/org/a11y/atspi/accessible/menus/n6d656e753a56696577; interface=org.a11y.atspi.Event.Object; member=ChildrenChanged
   string "add"
   int32 6
   int32 0
   variant       struct {
         string ":1.1"
         object path "/org/a11y/atspi/accessible/menus/n6d656e753a566965772f766965772e70616e656c73"
      }
   array [
   ]
signal time=1788730449.026714 sender=:1.1 -> destination=(null destination) serial=86 path=/org/a11y/atspi/accessible/menus/n6d656e753a566965772f766965772e70616e656c73; interface=org.a11y.atspi.Event.Object; member=StateChanged
   string "focused"
   int32 0
   int32 0
   variant       boolean false
   array [
   ]
signal time=1788730449.026724 sender=:1.1 -> destination=(null destination) serial=87 path=/org/a11y/atspi/accessible/menus/n6d656e753a566965772f766965772e70616e656c73; interface=org.a11y.atspi.Event.Object; member=StateChanged
   string "enabled"
   int32 1
   int32 0
   variant       boolean true
   array [
   ]
signal time=1788730449.026738 sender=:1.1 -> destination=(null destination) serial=88 path=/org/a11y/atspi/accessible/menus/n6d656e753a566965772f766965772e70616e656c73; interface=org.a11y.atspi.Event.Object; member=StateChanged
   string "sensitive"
   int32 1
   int32 0
   variant       boolean true
   array [
   ]
signal time=1788730449.026749 sender=:1.1 -> destination=(null destination) serial=89 path=/org/a11y/atspi/accessible/menus/n6d656e753a56696577; interface=org.a11y.atspi.Event.Object; member=ChildrenChanged
   string "add"
   int32 7
   int32 0
   variant       struct {
         string ":1.1"
         object path "/org/a11y/atspi/accessible/menus/n6d656e753a566965772f766965772e7265736574"
      }
   array [
   ]
signal time=1788730449.026764 sender=:1.1 -> destination=(null destination) serial=90 path=/org/a11y/atspi/accessible/menus/n6d656e753a566965772f766965772e7265736574; interface=org.a11y.atspi.Event.Object; member=StateChanged
   string "focused"
   int32 0
   int32 0
   variant       boolean false
   array [
   ]
signal time=1788730449.026892 sender=:1.1 -> destination=(null destination) serial=91 path=/org/a11y/atspi/accessible/menus/n6d656e753a566965772f766965772e7265736574; interface=org.a11y.atspi.Event.Object; member=StateChanged
   string "enabled"
   int32 1
   int32 0
   variant       boolean true
   array [
   ]
signal time=1788730449.026912 sender=:1.1 -> destination=(null destination) serial=92 path=/org/a11y/atspi/accessible/menus/n6d656e753a566965772f766965772e7265736574; interface=org.a11y.atspi.Event.Object; member=StateChanged
   string "sensitive"
   int32 1
   int32 0
   variant       boolean true
   array [
   ]
signal time=1788730449.026934 sender=:1.1 -> destination=(null destination) serial=93 path=/org/a11y/atspi/accessible/menus/n6d656e753a56696577; interface=org.a11y.atspi.Event.Object; member=ChildrenChanged
   string "add"
   int32 8
   int32 0
   variant       struct {
         string ":1.1"
         object path "/org/a11y/atspi/accessible/menus/n6d656e753a566965772f766965772e73706c69745f766572746963616c"
      }
   array [
   ]
signal time=1788730449.026955 sender=:1.1 -> destination=(null destination) serial=94 path=/org/a11y/atspi/accessible/menus/n6d656e753a566965772f766965772e73706c69745f766572746963616c; interface=org.a11y.atspi.Event.Object; member=StateChanged
   string "focused"
   int32 0
   int32 0
   variant       boolean false
   array [
   ]
signal time=1788730449.026966 sender=:1.1 -> destination=(null destination) serial=95 path=/org/a11y/atspi/accessible/menus/n6d656e753a566965772f766965772e73706c69745f766572746963616c; interface=org.a11y.atspi.Event.Object; member=StateChanged
   string "enabled"
   int32 1
   int32 0
   variant       boolean true
   array [
   ]
signal time=1788730449.026977 sender=:1.1 -> destination=(null destination) serial=96 path=/org/a11y/atspi/accessible/menus/n6d656e753a566965772f766965772e73706c69745f766572746963616c; interface=org.a11y.atspi.Event.Object; member=StateChanged
   string "sensitive"
   int32 1
   int32 0
   variant       boolean true
   array [
   ]
signal time=1788730449.027034 sender=:1.1 -> destination=(null destination) serial=97 path=/org/a11y/atspi/accessible/menus/n6d656e753a56696577; interface=org.a11y.atspi.Event.Object; member=ChildrenChanged
   string "add"
   int32 9
   int32 0
   variant       struct {
         string ":1.1"
         object path "/org/a11y/atspi/accessible/menus/n6d656e753a566965772f766965772e73706c69745f686f72697a6f6e74616c"
      }
   array [
   ]
signal time=1788730449.027051 sender=:1.1 -> destination=(null destination) serial=98 path=/org/a11y/atspi/accessible/menus/n6d656e753a566965772f766965772e73706c69745f686f72697a6f6e74616c; interface=org.a11y.atspi.Event.Object; member=StateChanged
   string "focused"
   int32 0
   int32 0
   variant       boolean false
   array [
   ]
signal time=1788730449.027067 sender=:1.1 -> destination=(null destination) serial=99 path=/org/a11y/atspi/accessible/menus/n6d656e753a566965772f766965772e73706c69745f686f72697a6f6e74616c; interface=org.a11y.atspi.Event.Object; member=StateChanged
   string "enabled"
   int32 1
   int32 0
   variant       boolean true
   array [
   ]
signal time=1788730449.027078 sender=:1.1 -> destination=(null destination) serial=100 path=/org/a11y/atspi/accessible/menus/n6d656e753a566965772f766965772e73706c69745f686f72697a6f6e74616c; interface=org.a11y.atspi.Event.Object; member=StateChanged
   string "sensitive"
   int32 1
   int32 0
   variant       boolean true
   array [
   ]
signal time=1788730449.027089 sender=:1.1 -> destination=(null destination) serial=101 path=/org/a11y/atspi/accessible/menus/n6d656e753a56696577; interface=org.a11y.atspi.Event.Object; member=ChildrenChanged
   string "add"
   int32 10
   int32 0
   variant       struct {
         string ":1.1"
         object path "/org/a11y/atspi/accessible/menus/n6d656e753a566965772f766965772e636c6f73655f70616e65"
      }
   array [
   ]
signal time=1788730449.027105 sender=:1.1 -> destination=(null destination) serial=102 path=/org/a11y/atspi/accessible/menus/n6d656e753a566965772f766965772e636c6f73655f70616e65; interface=org.a11y.atspi.Event.Object; member=StateChanged
   string "focused"
   int32 0
   int32 0
   variant       boolean false
   array [
   ]
signal time=1788730449.027126 sender=:1.1 -> destination=(null destination) serial=103 path=/org/a11y/atspi/accessible/menus/n6d656e753a566965772f766965772e636c6f73655f70616e65; interface=org.a11y.atspi.Event.Object; member=StateChanged
   string "enabled"
   int32 1
   int32 0
   variant       boolean true
   array [
   ]
signal time=1788730449.027145 sender=:1.1 -> destination=(null destination) serial=104 path=/org/a11y/atspi/accessible/menus/n6d656e753a566965772f766965772e636c6f73655f70616e65; interface=org.a11y.atspi.Event.Object; member=StateChanged
   string "sensitive"
   int32 1
   int32 0
   variant       boolean true
   array [
   ]
signal time=1788730449.027218 sender=:1.1 -> destination=(null destination) serial=105 path=/org/a11y/atspi/accessible/menus/n6d656e753a56696577; interface=org.a11y.atspi.Event.Object; member=ChildrenChanged
   string "add"
   int32 11
   int32 0
   variant       struct {
         string ":1.1"
         object path "/org/a11y/atspi/accessible/menus/n6d656e753a566965772f766965772e6d6178696d697a655f70616e65"
      }
   array [
   ]
signal time=1788730449.027242 sender=:1.1 -> destination=(null destination) serial=106 path=/org/a11y/atspi/accessible/menus/n6d656e753a566965772f766965772e6d6178696d697a655f70616e65; interface=org.a11y.atspi.Event.Object; member=StateChanged
   string "focused"
   int32 0
   int32 0
   variant       boolean false
   array [
   ]
signal time=1788730449.027263 sender=:1.1 -> destination=(null destination) serial=107 path=/org/a11y/atspi/accessible/menus/n6d656e753a566965772f766965772e6d6178696d697a655f70616e65; interface=org.a11y.atspi.Event.Object; member=StateChanged
   string "enabled"
   int32 1
   int32 0
   variant       boolean true
   array [
   ]
signal time=1788730449.027495 sender=:1.1 -> destination=(null destination) serial=108 path=/org/a11y/atspi/accessible/menus/n6d656e753a566965772f766965772e6d6178696d697a655f70616e65; interface=org.a11y.atspi.Event.Object; member=StateChanged
   string "sensitive"
   int32 1
   int32 0
   variant       boolean true
   array [
   ]
signal time=1788730449.027515 sender=:1.1 -> destination=(null destination) serial=109 path=/org/a11y/atspi/accessible/menus/n6d656e753a56696577; interface=org.a11y.atspi.Event.Object; member=ChildrenChanged
   string "add"
   int32 12
   int32 0
   variant       struct {
         string ":1.1"
         object path "/org/a11y/atspi/accessible/menus/n6d656e753a566965772f766965772e666f6375735f6e657874"
      }
   array [
   ]
signal time=1788730449.027539 sender=:1.1 -> destination=(null destination) serial=110 path=/org/a11y/atspi/accessible/menus/n6d656e753a566965772f766965772e666f6375735f6e657874; interface=org.a11y.atspi.Event.Object; member=StateChanged
   string "focused"
   int32 0
   int32 0
   variant       boolean false
   array [
   ]
signal time=1788730449.027559 sender=:1.1 -> destination=(null destination) serial=111 path=/org/a11y/atspi/accessible/menus/n6d656e753a566965772f766965772e666f6375735f6e657874; interface=org.a11y.atspi.Event.Object; member=StateChanged
   string "enabled"
   int32 1
   int32 0
   variant       boolean true
   array [
   ]
signal time=1788730449.027576 sender=:1.1 -> destination=(null destination) serial=112 path=/org/a11y/atspi/accessible/menus/n6d656e753a566965772f766965772e666f6375735f6e657874; interface=org.a11y.atspi.Event.Object; member=StateChanged
   string "sensitive"
   int32 1
   int32 0
   variant       boolean true
   array [
   ]
signal time=1788730449.027592 sender=:1.1 -> destination=(null destination) serial=113 path=/org/a11y/atspi/accessible/menus/n6d656e753a56696577; interface=org.a11y.atspi.Event.Object; member=ChildrenChanged
   string "add"
   int32 13
   int32 0
   variant       struct {
         string ":1.1"
         object path "/org/a11y/atspi/accessible/menus/n6d656e753a566965772f766965772e666f6375735f70726576"
      }
   array [
   ]
signal time=1788730449.027616 sender=:1.1 -> destination=(null destination) serial=114 path=/org/a11y/atspi/accessible/menus/n6d656e753a566965772f766965772e666f6375735f70726576; interface=org.a11y.atspi.Event.Object; member=StateChanged
   string "focused"
   int32 0
   int32 0
   variant       boolean false
   array [
   ]
signal time=1788730449.027633 sender=:1.1 -> destination=(null destination) serial=115 path=/org/a11y/atspi/accessible/menus/n6d656e753a566965772f766965772e666f6375735f70726576; interface=org.a11y.atspi.Event.Object; member=StateChanged
   string "enabled"
   int32 1
   int32 0
   variant       boolean true
   array [
   ]
signal time=1788730449.027650 sender=:1.1 -> destination=(null destination) serial=116 path=/org/a11y/atspi/accessible/menus/n6d656e753a566965772f766965772e666f6375735f70726576; interface=org.a11y.atspi.Event.Object; member=StateChanged
   string "sensitive"
   int32 1
   int32 0
   variant       boolean true
   array [
   ]
signal time=1788730449.027784 sender=:1.1 -> destination=(null destination) serial=117 path=/org/a11y/atspi/accessible/menus/n6d656e753a56696577; interface=org.a11y.atspi.Event.Object; member=ChildrenChanged
   string "add"
   int32 14
   int32 0
   variant       struct {
         string ":1.1"
         object path "/org/a11y/atspi/accessible/menus/n6d656e753a566965772f766965772e66696c6c5f626f617264"
      }
   array [
   ]
signal time=1788730449.027808 sender=:1.1 -> destination=(null destination) serial=118 path=/org/a11y/atspi/accessible/menus/n6d656e753a566965772f766965772e66696c6c5f626f617264; interface=org.a11y.atspi.Event.Object; member=StateChanged
   string "focused"
   int32 0
   int32 0
   variant       boolean false
   array [
   ]
signal time=1788730449.027825 sender=:1.1 -> destination=(null destination) serial=119 path=/org/a11y/atspi/accessible/menus/n6d656e753a566965772f766965772e66696c6c5f626f617264; interface=org.a11y.atspi.Event.Object; member=StateChanged
   string "enabled"
   int32 1
   int32 0
   variant       boolean true
   array [
   ]
signal time=1788730449.027841 sender=:1.1 -> destination=(null destination) serial=120 path=/org/a11y/atspi/accessible/menus/n6d656e753a566965772f766965772e66696c6c5f626f617264; interface=org.a11y.atspi.Event.Object; member=StateChanged
   string "sensitive"
   int32 1
   int32 0
   variant       boolean true
   array [
   ]
signal time=1788730449.027858 sender=:1.1 -> destination=(null destination) serial=121 path=/org/a11y/atspi/accessible/menus/n6d656e753a56696577; interface=org.a11y.atspi.Event.Object; member=ChildrenChanged
   string "add"
   int32 15
   int32 0
   variant       struct {
         string ":1.1"
         object path "/org/a11y/atspi/accessible/menus/n6d656e753a566965772f766965772e66696c6c5f736368656d61746963"
      }
   array [
   ]
signal time=1788730449.027885 sender=:1.1 -> destination=(null destination) serial=122 path=/org/a11y/atspi/accessible/menus/n6d656e753a566965772f766965772e66696c6c5f736368656d61746963; interface=org.a11y.atspi.Event.Object; member=StateChanged
   string "focused"
   int32 0
   int32 0
   variant       boolean false
   array [
   ]
signal time=1788730449.027902 sender=:1.1 -> destination=(null destination) serial=123 path=/org/a11y/atspi/accessible/menus/n6d656e753a566965772f766965772e66696c6c5f736368656d61746963; interface=org.a11y.atspi.Event.Object; member=StateChanged
   string "enabled"
   int32 1
   int32 0
   variant       boolean true
   array [
   ]
signal time=1788730449.028116 sender=:1.1 -> destination=(null destination) serial=124 path=/org/a11y/atspi/accessible/menus/n6d656e753a566965772f766965772e66696c6c5f736368656d61746963; interface=org.a11y.atspi.Event.Object; member=StateChanged
   string "sensitive"
   int32 1
   int32 0
   variant       boolean true
   array [
   ]
signal time=1788730449.028134 sender=:1.1 -> destination=(null destination) serial=125 path=/org/a11y/atspi/accessible/menus/n6d656e753a56696577; interface=org.a11y.atspi.Event.Object; member=ChildrenChanged
   string "add"
   int32 16
   int32 0
   variant       struct {
         string ":1.1"
         object path "/org/a11y/atspi/accessible/menus/n6d656e753a566965772f766965772e7072657365745f73696e676c65"
      }
   array [
   ]
signal time=1788730449.028157 sender=:1.1 -> destination=(null destination) serial=126 path=/org/a11y/atspi/accessible/menus/n6d656e753a566965772f766965772e7072657365745f73696e676c65; interface=org.a11y.atspi.Event.Object; member=StateChanged
   string "focused"
   int32 0
   int32 0
   variant       boolean false
   array [
   ]
signal time=1788730449.028174 sender=:1.1 -> destination=(null destination) serial=127 path=/org/a11y/atspi/accessible/menus/n6d656e753a566965772f766965772e7072657365745f73696e676c65; interface=org.a11y.atspi.Event.Object; member=StateChanged
   string "enabled"
   int32 1
   int32 0
   variant       boolean true
   array [
   ]
signal time=1788730449.028190 sender=:1.1 -> destination=(null destination) serial=128 path=/org/a11y/atspi/accessible/menus/n6d656e753a566965772f766965772e7072657365745f73696e676c65; interface=org.a11y.atspi.Event.Object; member=StateChanged
   string "sensitive"
   int32 1
   int32 0
   variant       boolean true
   array [
   ]
signal time=1788730449.028207 sender=:1.1 -> destination=(null destination) serial=129 path=/org/a11y/atspi/accessible/menus/n6d656e753a56696577; interface=org.a11y.atspi.Event.Object; member=ChildrenChanged
   string "add"
   int32 17
   int32 0
   variant       struct {
         string ":1.1"
         object path "/org/a11y/atspi/accessible/menus/n6d656e753a566965772f766965772e7072657365745f626f6172645f736368656d61746963"
      }
   array [
   ]
signal time=1788730449.028230 sender=:1.1 -> destination=(null destination) serial=130 path=/org/a11y/atspi/accessible/menus/n6d656e753a566965772f766965772e7072657365745f626f6172645f736368656d61746963; interface=org.a11y.atspi.Event.Object; member=StateChanged
   string "focused"
   int32 0
   int32 0
   variant       boolean false
   array [
   ]
signal time=1788730449.028247 sender=:1.1 -> destination=(null destination) serial=131 path=/org/a11y/atspi/accessible/menus/n6d656e753a566965772f766965772e7072657365745f626f6172645f736368656d61746963; interface=org.a11y.atspi.Event.Object; member=StateChanged
   string "enabled"
   int32 1
   int32 0
   variant       boolean true
   array [
   ]
signal time=1788730449.028264 sender=:1.1 -> destination=(null destination) serial=132 path=/org/a11y/atspi/accessible/menus/n6d656e753a566965772f766965772e7072657365745f626f6172645f736368656d61746963; interface=org.a11y.atspi.Event.Object; member=StateChanged
   string "sensitive"
   int32 1
   int32 0
   variant       boolean true
   array [
   ]
signal time=1788730449.028281 sender=:1.1 -> destination=(null destination) serial=133 path=/org/a11y/atspi/accessible/menus/n6d656e753a56696577; interface=org.a11y.atspi.Event.Object; member=ChildrenChanged
   string "add"
   int32 18
   int32 0
   variant       struct {
         string ":1.1"
         object path "/org/a11y/atspi/accessible/menus/n6d656e753a566965772f766965772e637572736f722e66756c6c"
      }
   array [
   ]
signal time=1788730449.028307 sender=:1.1 -> destination=(null destination) serial=134 path=/org/a11y/atspi/accessible/menus/n6d656e753a566965772f766965772e637572736f722e66756c6c; interface=org.a11y.atspi.Event.Object; member=StateChanged
   string "focused"
   int32 0
   int32 0
   variant       boolean false
   array [
   ]
signal time=1788730449.028324 sender=:1.1 -> destination=(null destination) serial=135 path=/org/a11y/atspi/accessible/menus/n6d656e753a566965772f766965772e637572736f722e66756c6c; interface=org.a11y.atspi.Event.Object; member=StateChanged
   string "enabled"
   int32 1
   int32 0
   variant       boolean true
   array [
   ]
signal time=1788730449.028560 sender=:1.1 -> destination=(null destination) serial=136 path=/org/a11y/atspi/accessible/menus/n6d656e753a566965772f766965772e637572736f722e66756c6c; interface=org.a11y.atspi.Event.Object; member=StateChanged
   string "sensitive"
   int32 1
   int32 0
   variant       boolean true
   array [
   ]
signal time=1788730449.028579 sender=:1.1 -> destination=(null destination) serial=137 path=/org/a11y/atspi/accessible/menus/n6d656e753a56696577; interface=org.a11y.atspi.Event.Object; member=ChildrenChanged
   string "add"
   int32 19
   int32 0
   variant       struct {
         string ":1.1"
         object path "/org/a11y/atspi/accessible/menus/n6d656e753a566965772f766965772e637572736f722e736d616c6c"
      }
   array [
   ]
signal time=1788730449.028602 sender=:1.1 -> destination=(null destination) serial=138 path=/org/a11y/atspi/accessible/menus/n6d656e753a566965772f766965772e637572736f722e736d616c6c; interface=org.a11y.atspi.Event.Object; member=StateChanged
   string "focused"
   int32 0
   int32 0
   variant       boolean false
   array [
   ]
signal time=1788730449.028619 sender=:1.1 -> destination=(null destination) serial=139 path=/org/a11y/atspi/accessible/menus/n6d656e753a566965772f766965772e637572736f722e736d616c6c; interface=org.a11y.atspi.Event.Object; member=StateChanged
   string "enabled"
   int32 1
   int32 0
   variant       boolean true
   array [
   ]
signal time=1788730449.028635 sender=:1.1 -> destination=(null destination) serial=140 path=/org/a11y/atspi/accessible/menus/n6d656e753a566965772f766965772e637572736f722e736d616c6c; interface=org.a11y.atspi.Event.Object; member=StateChanged
   string "sensitive"
   int32 1
   int32 0
   variant       boolean true
   array [
   ]
signal time=1788730449.028652 sender=:1.1 -> destination=(null destination) serial=141 path=/org/a11y/atspi/accessible/menus/n6d656e753a56696577; interface=org.a11y.atspi.Event.Object; member=ChildrenChanged
   string "add"
   int32 20
   int32 0
   variant       struct {
         string ":1.1"
         object path "/org/a11y/atspi/accessible/menus/n6d656e753a566965772f766965772e637572736f722e6e6f6e65"
      }
   array [
   ]
signal time=1788730449.028675 sender=:1.1 -> destination=(null destination) serial=142 path=/org/a11y/atspi/accessible/menus/n6d656e753a566965772f766965772e637572736f722e6e6f6e65; interface=org.a11y.atspi.Event.Object; member=StateChanged
   string "focused"
   int32 0
   int32 0
   variant       boolean false
   array [
   ]
signal time=1788730449.028692 sender=:1.1 -> destination=(null destination) serial=143 path=/org/a11y/atspi/accessible/menus/n6d656e753a566965772f766965772e637572736f722e6e6f6e65; interface=org.a11y.atspi.Event.Object; member=StateChanged
   string "enabled"
   int32 1
   int32 0
   variant       boolean true
   array [
   ]
signal time=1788730449.028709 sender=:1.1 -> destination=(null destination) serial=144 path=/org/a11y/atspi/accessible/menus/n6d656e753a566965772f766965772e637572736f722e6e6f6e65; interface=org.a11y.atspi.Event.Object; member=StateChanged
   string "sensitive"
   int32 1
   int32 0
   variant       boolean true
   array [
   ]
signal time=1788730449.028729 sender=:1.1 -> destination=(null destination) serial=145 path=/org/a11y/atspi/accessible/menus/n6d656e753a56696577; interface=org.a11y.atspi.Event.Object; member=ChildrenChanged
   string "add"
   int32 21
   int32 0
   variant       struct {
         string ":1.1"
         object path "/org/a11y/atspi/accessible/menus/n6d656e753a566965772f766965772e636f6e736f6c655f686973746f7279"
      }
   array [
   ]
signal time=1788730449.028752 sender=:1.1 -> destination=(null destination) serial=146 path=/org/a11y/atspi/accessible/menus/n6d656e753a566965772f766965772e636f6e736f6c655f686973746f7279; interface=org.a11y.atspi.Event.Object; member=StateChanged
   string "focused"
   int32 0
   int32 0
   variant       boolean false
   array [
   ]
signal time=1788730449.028769 sender=:1.1 -> destination=(null destination) serial=147 path=/org/a11y/atspi/accessible/menus/n6d656e753a566965772f766965772e636f6e736f6c655f686973746f7279; interface=org.a11y.atspi.Event.Object; member=StateChanged
   string "enabled"
   int32 1
   int32 0
   variant       boolean true
   array [
   ]
signal time=1788730449.028786 sender=:1.1 -> destination=(null destination) serial=148 path=/org/a11y/atspi/accessible/menus/n6d656e753a566965772f766965772e636f6e736f6c655f686973746f7279; interface=org.a11y.atspi.Event.Object; member=StateChanged
   string "sensitive"
   int32 1
   int32 0
   variant       boolean true
   array [
   ]
signal time=1788730449.431267 sender=:1.1 -> destination=(null destination) serial=149 path=/org/a11y/atspi/accessible/menus/n6d656e753a56696577; interface=org.a11y.atspi.Event.Object; member=ChildrenChanged
   string "remove"
   int32 21
   int32 0
   variant       struct {
         string ":1.1"
         object path "/org/a11y/atspi/accessible/menus/n6d656e753a566965772f766965772e636f6e736f6c655f686973746f7279"
      }
   array [
   ]
signal time=1788730449.431310 sender=:1.1 -> destination=(null destination) serial=150 path=/org/a11y/atspi/accessible/menus/n6d656e753a56696577; interface=org.a11y.atspi.Event.Object; member=ChildrenChanged
   string "remove"
   int32 20
   int32 0
   variant       struct {
         string ":1.1"
         object path "/org/a11y/atspi/accessible/menus/n6d656e753a566965772f766965772e637572736f722e6e6f6e65"
      }
   array [
   ]
signal time=1788730449.431335 sender=:1.1 -> destination=(null destination) serial=151 path=/org/a11y/atspi/accessible/menus/n6d656e753a56696577; interface=org.a11y.atspi.Event.Object; member=ChildrenChanged
   string "remove"
   int32 19
   int32 0
   variant       struct {
         string ":1.1"
         object path "/org/a11y/atspi/accessible/menus/n6d656e753a566965772f766965772e637572736f722e736d616c6c"
      }
   array [
   ]
signal time=1788730449.431358 sender=:1.1 -> destination=(null destination) serial=152 path=/org/a11y/atspi/accessible/menus/n6d656e753a56696577; interface=org.a11y.atspi.Event.Object; member=ChildrenChanged
   string "remove"
   int32 18
   int32 0
   variant       struct {
         string ":1.1"
         object path "/org/a11y/atspi/accessible/menus/n6d656e753a566965772f766965772e637572736f722e66756c6c"
      }
   array [
   ]
signal time=1788730449.431382 sender=:1.1 -> destination=(null destination) serial=153 path=/org/a11y/atspi/accessible/menus/n6d656e753a56696577; interface=org.a11y.atspi.Event.Object; member=ChildrenChanged
   string "remove"
   int32 17
   int32 0
   variant       struct {
         string ":1.1"
         object path "/org/a11y/atspi/accessible/menus/n6d656e753a566965772f766965772e7072657365745f626f6172645f736368656d61746963"
      }
   array [
   ]
signal time=1788730449.431405 sender=:1.1 -> destination=(null destination) serial=154 path=/org/a11y/atspi/accessible/menus/n6d656e753a56696577; interface=org.a11y.atspi.Event.Object; member=ChildrenChanged
   string "remove"
   int32 16
   int32 0
   variant       struct {
         string ":1.1"
         object path "/org/a11y/atspi/accessible/menus/n6d656e753a566965772f766965772e7072657365745f73696e676c65"
      }
   array [
   ]
signal time=1788730449.431438 sender=:1.1 -> destination=(null destination) serial=155 path=/org/a11y/atspi/accessible/menus/n6d656e753a56696577; interface=org.a11y.atspi.Event.Object; member=ChildrenChanged
   string "remove"
   int32 15
   int32 0
   variant       struct {
         string ":1.1"
         object path "/org/a11y/atspi/accessible/menus/n6d656e753a566965772f766965772e66696c6c5f736368656d61746963"
      }
   array [
   ]
signal time=1788730449.431463 sender=:1.1 -> destination=(null destination) serial=156 path=/org/a11y/atspi/accessible/menus/n6d656e753a56696577; interface=org.a11y.atspi.Event.Object; member=ChildrenChanged
   string "remove"
   int32 14
   int32 0
   variant       struct {
         string ":1.1"
         object path "/org/a11y/atspi/accessible/menus/n6d656e753a566965772f766965772e66696c6c5f626f617264"
      }
   array [
   ]
signal time=1788730449.431653 sender=:1.1 -> destination=(null destination) serial=157 path=/org/a11y/atspi/accessible/menus/n6d656e753a56696577; interface=org.a11y.atspi.Event.Object; member=ChildrenChanged
   string "remove"
   int32 13
   int32 0
   variant       struct {
         string ":1.1"
         object path "/org/a11y/atspi/accessible/menus/n6d656e753a566965772f766965772e666f6375735f70726576"
      }
   array [
   ]
signal time=1788730449.431681 sender=:1.1 -> destination=(null destination) serial=158 path=/org/a11y/atspi/accessible/menus/n6d656e753a56696577; interface=org.a11y.atspi.Event.Object; member=ChildrenChanged
   string "remove"
   int32 12
   int32 0
   variant       struct {
         string ":1.1"
         object path "/org/a11y/atspi/accessible/menus/n6d656e753a566965772f766965772e666f6375735f6e657874"
      }
   array [
   ]
signal time=1788730449.431703 sender=:1.1 -> destination=(null destination) serial=159 path=/org/a11y/atspi/accessible/menus/n6d656e753a56696577; interface=org.a11y.atspi.Event.Object; member=ChildrenChanged
   string "remove"
   int32 11
   int32 0
   variant       struct {
         string ":1.1"
         object path "/org/a11y/atspi/accessible/menus/n6d656e753a566965772f766965772e6d6178696d697a655f70616e65"
      }
   array [
   ]
signal time=1788730449.431719 sender=:1.1 -> destination=(null destination) serial=160 path=/org/a11y/atspi/accessible/menus/n6d656e753a56696577; interface=org.a11y.atspi.Event.Object; member=ChildrenChanged
   string "remove"
   int32 10
   int32 0
   variant       struct {
         string ":1.1"
         object path "/org/a11y/atspi/accessible/menus/n6d656e753a566965772f766965772e636c6f73655f70616e65"
      }
   array [
   ]
signal time=1788730449.431734 sender=:1.1 -> destination=(null destination) serial=161 path=/org/a11y/atspi/accessible/menus/n6d656e753a56696577; interface=org.a11y.atspi.Event.Object; member=ChildrenChanged
   string "remove"
   int32 9
   int32 0
   variant       struct {
         string ":1.1"
         object path "/org/a11y/atspi/accessible/menus/n6d656e753a566965772f766965772e73706c69745f686f72697a6f6e74616c"
      }
   array [
   ]
signal time=1788730449.431750 sender=:1.1 -> destination=(null destination) serial=162 path=/org/a11y/atspi/accessible/menus/n6d656e753a56696577; interface=org.a11y.atspi.Event.Object; member=ChildrenChanged
   string "remove"
   int32 8
   int32 0
   variant       struct {
         string ":1.1"
         object path "/org/a11y/atspi/accessible/menus/n6d656e753a566965772f766965772e73706c69745f766572746963616c"
      }
   array [
   ]
signal time=1788730449.431765 sender=:1.1 -> destination=(null destination) serial=163 path=/org/a11y/atspi/accessible/menus/n6d656e753a56696577; interface=org.a11y.atspi.Event.Object; member=ChildrenChanged
   string "remove"
   int32 7
   int32 0
   variant       struct {
         string ":1.1"
         object path "/org/a11y/atspi/accessible/menus/n6d656e753a566965772f766965772e7265736574"
      }
   array [
   ]
signal time=1788730449.431781 sender=:1.1 -> destination=(null destination) serial=164 path=/org/a11y/atspi/accessible/menus/n6d656e753a56696577; interface=org.a11y.atspi.Event.Object; member=ChildrenChanged
   string "remove"
   int32 6
   int32 0
   variant       struct {
         string ":1.1"
         object path "/org/a11y/atspi/accessible/menus/n6d656e753a566965772f766965772e70616e656c73"
      }
   array [
   ]
signal time=1788730449.431814 sender=:1.1 -> destination=(null destination) serial=165 path=/org/a11y/atspi/accessible/menus/n6d656e753a56696577; interface=org.a11y.atspi.Event.Object; member=ChildrenChanged
   string "remove"
   int32 5
   int32 0
   variant       struct {
         string ":1.1"
         object path "/org/a11y/atspi/accessible/menus/n6d656e753a566965772f766965772e6c6179657273"
      }
   array [
   ]
signal time=1788730449.431837 sender=:1.1 -> destination=(null destination) serial=166 path=/org/a11y/atspi/accessible/menus/n6d656e753a56696577; interface=org.a11y.atspi.Event.Object; member=ChildrenChanged
   string "remove"
   int32 4
   int32 0
   variant       struct {
         string ":1.1"
         object path "/org/a11y/atspi/accessible/menus/n6d656e753a566965772f766965772e66756c6c73637265656e5f7374616765"
      }
   array [
   ]
signal time=1788730449.431861 sender=:1.1 -> destination=(null destination) serial=167 path=/org/a11y/atspi/accessible/menus/n6d656e753a56696577; interface=org.a11y.atspi.Event.Object; member=ChildrenChanged
   string "remove"
   int32 3
   int32 0
   variant       struct {
         string ":1.1"
         object path "/org/a11y/atspi/accessible/menus/n6d656e753a566965772f766965772e70616e655f7a6f6f6d"
      }
   array [
   ]
signal time=1788730449.431884 sender=:1.1 -> destination=(null destination) serial=168 path=/org/a11y/atspi/accessible/menus/n6d656e753a56696577; interface=org.a11y.atspi.Event.Object; member=ChildrenChanged
   string "remove"
   int32 2
   int32 0
   variant       struct {
         string ":1.1"
         object path "/org/a11y/atspi/accessible/menus/n6d656e753a566965772f766965772e7a6f6f6d5f6f7574"
      }
   array [
   ]
signal time=1788730449.431968 sender=:1.1 -> destination=(null destination) serial=169 path=/org/a11y/atspi/accessible/menus/n6d656e753a56696577; interface=org.a11y.atspi.Event.Object; member=ChildrenChanged
   string "remove"
   int32 1
   int32 0
   variant       struct {
         string ":1.1"
         object path "/org/a11y/atspi/accessible/menus/n6d656e753a566965772f766965772e7a6f6f6d5f696e"
      }
   array [
   ]
signal time=1788730449.431992 sender=:1.1 -> destination=(null destination) serial=170 path=/org/a11y/atspi/accessible/menus/n6d656e753a56696577; interface=org.a11y.atspi.Event.Object; member=ChildrenChanged
   string "remove"
   int32 0
   int32 0
   variant       struct {
         string ":1.1"
         object path "/org/a11y/atspi/accessible/menus/n6d656e753a566965772f766965772e666974"
      }
   array [
   ]
signal time=1788730449.432015 sender=:1.1 -> destination=(null destination) serial=171 path=/org/a11y/atspi/accessible/root; interface=org.a11y.atspi.Event.Object; member=ChildrenChanged
   string "remove"
   int32 1
   int32 0
   variant       struct {
         string ":1.1"
         object path "/org/a11y/atspi/accessible/menus/n6d656e753a56696577"
      }
   array [
   ]
signal time=1788730449.433088 sender=:1.1 -> destination=(null destination) serial=172 path=/org/a11y/atspi/accessible/root; interface=org.a11y.atspi.Event.Object; member=Announcement
   string "Action. Information: view fit"
   int32 1
   int32 0
   variant       string "Action. Information: view fit"
   array [
   ]
signal time=1788730450.828874 sender=org.freedesktop.DBus -> destination=(null destination) serial=69 path=/org/freedesktop/DBus; interface=org.freedesktop.DBus; member=NameOwnerChanged
   string ":1.35"
   string ""
   string ":1.35"
signal time=1788730450.828908 sender=org.freedesktop.DBus -> destination=:1.35 serial=2 path=/org/freedesktop/DBus; interface=org.freedesktop.DBus; member=NameAcquired
   string ":1.35"
signal time=1788730450.830604 sender=org.freedesktop.DBus -> destination=:1.35 serial=3 path=/org/freedesktop/DBus; interface=org.freedesktop.DBus; member=NameLost
   string ":1.35"
signal time=1788730450.830633 sender=org.freedesktop.DBus -> destination=(null destination) serial=70 path=/org/freedesktop/DBus; interface=org.freedesktop.DBus; member=NameOwnerChanged
   string ":1.35"
   string ":1.35"
   string ""
signal time=1788730450.830694 sender=:1.2 -> destination=(null destination) serial=50 path=/org/a11y/atspi/registry; interface=org.a11y.atspi.Registry; member=EventListenerDeregistered
   string ":1.35"
   string ""
signal time=1788730450.834662 sender=org.freedesktop.DBus -> destination=(null destination) serial=71 path=/org/freedesktop/DBus; interface=org.freedesktop.DBus; member=NameOwnerChanged
   string ":1.36"
   string ""
   string ":1.36"
signal time=1788730450.834689 sender=org.freedesktop.DBus -> destination=:1.36 serial=2 path=/org/freedesktop/DBus; interface=org.freedesktop.DBus; member=NameAcquired
   string ":1.36"
signal time=1788730450.836005 sender=org.freedesktop.DBus -> destination=:1.36 serial=5 path=/org/freedesktop/DBus; interface=org.freedesktop.DBus; member=NameLost
   string ":1.36"
signal time=1788730450.836018 sender=org.freedesktop.DBus -> destination=(null destination) serial=72 path=/org/freedesktop/DBus; interface=org.freedesktop.DBus; member=NameOwnerChanged
   string ":1.36"
   string ":1.36"
   string ""
signal time=1788730450.836104 sender=:1.2 -> destination=(null destination) serial=51 path=/org/a11y/atspi/registry; interface=org.a11y.atspi.Registry; member=EventListenerDeregistered
   string ":1.36"
   string ""
signal time=1788730450.840063 sender=org.freedesktop.DBus -> destination=(null destination) serial=73 path=/org/freedesktop/DBus; interface=org.freedesktop.DBus; member=NameOwnerChanged
   string ":1.37"
   string ""
   string ":1.37"
signal time=1788730450.840091 sender=org.freedesktop.DBus -> destination=:1.37 serial=2 path=/org/freedesktop/DBus; interface=org.freedesktop.DBus; member=NameAcquired
   string ":1.37"
signal time=1788730450.841101 sender=org.freedesktop.DBus -> destination=:1.37 serial=3 path=/org/freedesktop/DBus; interface=org.freedesktop.DBus; member=NameLost
   string ":1.37"
signal time=1788730450.841118 sender=org.freedesktop.DBus -> destination=(null destination) serial=74 path=/org/freedesktop/DBus; interface=org.freedesktop.DBus; member=NameOwnerChanged
   string ":1.37"
   string ":1.37"
   string ""
signal time=1788730450.841197 sender=:1.2 -> destination=(null destination) serial=52 path=/org/a11y/atspi/registry; interface=org.a11y.atspi.Registry; member=EventListenerDeregistered
   string ":1.37"
   string ""
signal time=1788730450.845686 sender=org.freedesktop.DBus -> destination=(null destination) serial=75 path=/org/freedesktop/DBus; interface=org.freedesktop.DBus; member=NameOwnerChanged
   string ":1.38"
   string ""
   string ":1.38"
signal time=1788730450.845711 sender=org.freedesktop.DBus -> destination=:1.38 serial=2 path=/org/freedesktop/DBus; interface=org.freedesktop.DBus; member=NameAcquired
   string ":1.38"
signal time=1788730450.846862 sender=org.freedesktop.DBus -> destination=:1.38 serial=3 path=/org/freedesktop/DBus; interface=org.freedesktop.DBus; member=NameLost
   string ":1.38"
signal time=1788730450.846873 sender=org.freedesktop.DBus -> destination=(null destination) serial=76 path=/org/freedesktop/DBus; interface=org.freedesktop.DBus; member=NameOwnerChanged
   string ":1.38"
   string ":1.38"
   string ""
signal time=1788730450.847007 sender=:1.2 -> destination=(null destination) serial=53 path=/org/a11y/atspi/registry; interface=org.a11y.atspi.Registry; member=EventListenerDeregistered
   string ":1.38"
   string ""
signal time=1788730450.850963 sender=org.freedesktop.DBus -> destination=(null destination) serial=77 path=/org/freedesktop/DBus; interface=org.freedesktop.DBus; member=NameOwnerChanged
   string ":1.39"
   string ""
   string ":1.39"
signal time=1788730450.850985 sender=org.freedesktop.DBus -> destination=:1.39 serial=2 path=/org/freedesktop/DBus; interface=org.freedesktop.DBus; member=NameAcquired
   string ":1.39"
signal time=1788730450.852219 sender=org.freedesktop.DBus -> destination=:1.39 serial=3 path=/org/freedesktop/DBus; interface=org.freedesktop.DBus; member=NameLost
   string ":1.39"
signal time=1788730450.852247 sender=org.freedesktop.DBus -> destination=(null destination) serial=78 path=/org/freedesktop/DBus; interface=org.freedesktop.DBus; member=NameOwnerChanged
   string ":1.39"
   string ":1.39"
   string ""
signal time=1788730450.852316 sender=:1.2 -> destination=(null destination) serial=54 path=/org/a11y/atspi/registry; interface=org.a11y.atspi.Registry; member=EventListenerDeregistered
   string ":1.39"
   string ""
signal time=1788730450.856364 sender=org.freedesktop.DBus -> destination=(null destination) serial=79 path=/org/freedesktop/DBus; interface=org.freedesktop.DBus; member=NameOwnerChanged
   string ":1.40"
   string ""
   string ":1.40"
signal time=1788730450.856388 sender=org.freedesktop.DBus -> destination=:1.40 serial=2 path=/org/freedesktop/DBus; interface=org.freedesktop.DBus; member=NameAcquired
   string ":1.40"
signal time=1788730450.857388 sender=org.freedesktop.DBus -> destination=:1.40 serial=3 path=/org/freedesktop/DBus; interface=org.freedesktop.DBus; member=NameLost
   string ":1.40"
signal time=1788730450.857405 sender=org.freedesktop.DBus -> destination=(null destination) serial=80 path=/org/freedesktop/DBus; interface=org.freedesktop.DBus; member=NameOwnerChanged
   string ":1.40"
   string ":1.40"
   string ""
signal time=1788730450.857517 sender=:1.2 -> destination=(null destination) serial=55 path=/org/a11y/atspi/registry; interface=org.a11y.atspi.Registry; member=EventListenerDeregistered
   string ":1.40"
   string ""
signal time=1788730450.861980 sender=org.freedesktop.DBus -> destination=(null destination) serial=81 path=/org/freedesktop/DBus; interface=org.freedesktop.DBus; member=NameOwnerChanged
   string ":1.41"
   string ""
   string ":1.41"
signal time=1788730450.862003 sender=org.freedesktop.DBus -> destination=:1.41 serial=2 path=/org/freedesktop/DBus; interface=org.freedesktop.DBus; member=NameAcquired
   string ":1.41"
signal time=1788730450.863079 sender=org.freedesktop.DBus -> destination=:1.41 serial=3 path=/org/freedesktop/DBus; interface=org.freedesktop.DBus; member=NameLost
   string ":1.41"
signal time=1788730450.863093 sender=org.freedesktop.DBus -> destination=(null destination) serial=82 path=/org/freedesktop/DBus; interface=org.freedesktop.DBus; member=NameOwnerChanged
   string ":1.41"
   string ":1.41"
   string ""
signal time=1788730450.863200 sender=:1.2 -> destination=(null destination) serial=56 path=/org/a11y/atspi/registry; interface=org.a11y.atspi.Registry; member=EventListenerDeregistered
   string ":1.41"
   string ""
signal time=1788730450.867376 sender=org.freedesktop.DBus -> destination=(null destination) serial=83 path=/org/freedesktop/DBus; interface=org.freedesktop.DBus; member=NameOwnerChanged
   string ":1.42"
   string ""
   string ":1.42"
signal time=1788730450.867404 sender=org.freedesktop.DBus -> destination=:1.42 serial=2 path=/org/freedesktop/DBus; interface=org.freedesktop.DBus; member=NameAcquired
   string ":1.42"
signal time=1788730450.868371 sender=org.freedesktop.DBus -> destination=:1.42 serial=3 path=/org/freedesktop/DBus; interface=org.freedesktop.DBus; member=NameLost
   string ":1.42"
signal time=1788730450.868385 sender=org.freedesktop.DBus -> destination=(null destination) serial=84 path=/org/freedesktop/DBus; interface=org.freedesktop.DBus; member=NameOwnerChanged
   string ":1.42"
   string ":1.42"
   string ""
signal time=1788730450.868505 sender=:1.2 -> destination=(null destination) serial=57 path=/org/a11y/atspi/registry; interface=org.a11y.atspi.Registry; member=EventListenerDeregistered
   string ":1.42"
   string ""
signal time=1788730451.262930 sender=org.freedesktop.DBus -> destination=(null destination) serial=85 path=/org/freedesktop/DBus; interface=org.freedesktop.DBus; member=NameOwnerChanged
   string ":1.43"
   string ""
   string ":1.43"
signal time=1788730451.262968 sender=org.freedesktop.DBus -> destination=:1.43 serial=2 path=/org/freedesktop/DBus; interface=org.freedesktop.DBus; member=NameAcquired
   string ":1.43"
signal time=1788730451.264397 sender=org.freedesktop.DBus -> destination=:1.43 serial=3 path=/org/freedesktop/DBus; interface=org.freedesktop.DBus; member=NameLost
   string ":1.43"
signal time=1788730451.264413 sender=org.freedesktop.DBus -> destination=(null destination) serial=86 path=/org/freedesktop/DBus; interface=org.freedesktop.DBus; member=NameOwnerChanged
   string ":1.43"
   string ":1.43"
   string ""
signal time=1788730451.264476 sender=:1.2 -> destination=(null destination) serial=60 path=/org/a11y/atspi/registry; interface=org.a11y.atspi.Registry; member=EventListenerDeregistered
   string ":1.43"
   string ""
signal time=1788730451.269215 sender=org.freedesktop.DBus -> destination=(null destination) serial=87 path=/org/freedesktop/DBus; interface=org.freedesktop.DBus; member=NameOwnerChanged
   string ":1.44"
   string ""
   string ":1.44"
signal time=1788730451.269240 sender=org.freedesktop.DBus -> destination=:1.44 serial=2 path=/org/freedesktop/DBus; interface=org.freedesktop.DBus; member=NameAcquired
   string ":1.44"
signal time=1788730451.270351 sender=org.freedesktop.DBus -> destination=:1.44 serial=5 path=/org/freedesktop/DBus; interface=org.freedesktop.DBus; member=NameLost
   string ":1.44"
signal time=1788730451.270367 sender=org.freedesktop.DBus -> destination=(null destination) serial=88 path=/org/freedesktop/DBus; interface=org.freedesktop.DBus; member=NameOwnerChanged
   string ":1.44"
   string ":1.44"
   string ""
signal time=1788730451.270457 sender=:1.2 -> destination=(null destination) serial=61 path=/org/a11y/atspi/registry; interface=org.a11y.atspi.Registry; member=EventListenerDeregistered
   string ":1.44"
   string ""
signal time=1788730451.274889 sender=org.freedesktop.DBus -> destination=(null destination) serial=89 path=/org/freedesktop/DBus; interface=org.freedesktop.DBus; member=NameOwnerChanged
   string ":1.45"
   string ""
   string ":1.45"
signal time=1788730451.274913 sender=org.freedesktop.DBus -> destination=:1.45 serial=2 path=/org/freedesktop/DBus; interface=org.freedesktop.DBus; member=NameAcquired
   string ":1.45"
signal time=1788730451.276148 sender=org.freedesktop.DBus -> destination=:1.45 serial=3 path=/org/freedesktop/DBus; interface=org.freedesktop.DBus; member=NameLost
   string ":1.45"
signal time=1788730451.276162 sender=org.freedesktop.DBus -> destination=(null destination) serial=90 path=/org/freedesktop/DBus; interface=org.freedesktop.DBus; member=NameOwnerChanged
   string ":1.45"
   string ":1.45"
   string ""
signal time=1788730451.276282 sender=:1.2 -> destination=(null destination) serial=62 path=/org/a11y/atspi/registry; interface=org.a11y.atspi.Registry; member=EventListenerDeregistered
   string ":1.45"
   string ""
signal time=1788730451.281082 sender=org.freedesktop.DBus -> destination=(null destination) serial=91 path=/org/freedesktop/DBus; interface=org.freedesktop.DBus; member=NameOwnerChanged
   string ":1.46"
   string ""
   string ":1.46"
signal time=1788730451.281107 sender=org.freedesktop.DBus -> destination=:1.46 serial=2 path=/org/freedesktop/DBus; interface=org.freedesktop.DBus; member=NameAcquired
   string ":1.46"
signal time=1788730451.282100 sender=org.freedesktop.DBus -> destination=:1.46 serial=3 path=/org/freedesktop/DBus; interface=org.freedesktop.DBus; member=NameLost
   string ":1.46"
signal time=1788730451.282118 sender=org.freedesktop.DBus -> destination=(null destination) serial=92 path=/org/freedesktop/DBus; interface=org.freedesktop.DBus; member=NameOwnerChanged
   string ":1.46"
   string ":1.46"
   string ""
signal time=1788730451.282189 sender=:1.2 -> destination=(null destination) serial=63 path=/org/a11y/atspi/registry; interface=org.a11y.atspi.Registry; member=EventListenerDeregistered
   string ":1.46"
   string ""
signal time=1788730451.286389 sender=org.freedesktop.DBus -> destination=(null destination) serial=93 path=/org/freedesktop/DBus; interface=org.freedesktop.DBus; member=NameOwnerChanged
   string ":1.47"
   string ""
   string ":1.47"
signal time=1788730451.286435 sender=org.freedesktop.DBus -> destination=:1.47 serial=2 path=/org/freedesktop/DBus; interface=org.freedesktop.DBus; member=NameAcquired
   string ":1.47"
signal time=1788730451.287803 sender=org.freedesktop.DBus -> destination=:1.47 serial=3 path=/org/freedesktop/DBus; interface=org.freedesktop.DBus; member=NameLost
   string ":1.47"
signal time=1788730451.287816 sender=org.freedesktop.DBus -> destination=(null destination) serial=94 path=/org/freedesktop/DBus; interface=org.freedesktop.DBus; member=NameOwnerChanged
   string ":1.47"
   string ":1.47"
   string ""
signal time=1788730451.287940 sender=:1.2 -> destination=(null destination) serial=64 path=/org/a11y/atspi/registry; interface=org.a11y.atspi.Registry; member=EventListenerDeregistered
   string ":1.47"
   string ""
signal time=1788730451.292549 sender=org.freedesktop.DBus -> destination=(null destination) serial=95 path=/org/freedesktop/DBus; interface=org.freedesktop.DBus; member=NameOwnerChanged
   string ":1.48"
   string ""
   string ":1.48"
signal time=1788730451.292573 sender=org.freedesktop.DBus -> destination=:1.48 serial=2 path=/org/freedesktop/DBus; interface=org.freedesktop.DBus; member=NameAcquired
   string ":1.48"
signal time=1788730451.293765 sender=org.freedesktop.DBus -> destination=:1.48 serial=3 path=/org/freedesktop/DBus; interface=org.freedesktop.DBus; member=NameLost
   string ":1.48"
signal time=1788730451.293777 sender=org.freedesktop.DBus -> destination=(null destination) serial=96 path=/org/freedesktop/DBus; interface=org.freedesktop.DBus; member=NameOwnerChanged
   string ":1.48"
   string ":1.48"
   string ""
signal time=1788730451.293876 sender=:1.2 -> destination=(null destination) serial=65 path=/org/a11y/atspi/registry; interface=org.a11y.atspi.Registry; member=EventListenerDeregistered
   string ":1.48"
   string ""
signal time=1788730451.298290 sender=org.freedesktop.DBus -> destination=(null destination) serial=97 path=/org/freedesktop/DBus; interface=org.freedesktop.DBus; member=NameOwnerChanged
   string ":1.49"
   string ""
   string ":1.49"
signal time=1788730451.298316 sender=org.freedesktop.DBus -> destination=:1.49 serial=2 path=/org/freedesktop/DBus; interface=org.freedesktop.DBus; member=NameAcquired
   string ":1.49"
signal time=1788730451.299301 sender=org.freedesktop.DBus -> destination=:1.49 serial=3 path=/org/freedesktop/DBus; interface=org.freedesktop.DBus; member=NameLost
   string ":1.49"
signal time=1788730451.299312 sender=org.freedesktop.DBus -> destination=(null destination) serial=98 path=/org/freedesktop/DBus; interface=org.freedesktop.DBus; member=NameOwnerChanged
   string ":1.49"
   string ":1.49"
   string ""
signal time=1788730451.299457 sender=:1.2 -> destination=(null destination) serial=66 path=/org/a11y/atspi/registry; interface=org.a11y.atspi.Registry; member=EventListenerDeregistered
   string ":1.49"
   string ""
signal time=1788730451.303672 sender=org.freedesktop.DBus -> destination=(null destination) serial=99 path=/org/freedesktop/DBus; interface=org.freedesktop.DBus; member=NameOwnerChanged
   string ":1.50"
   string ""
   string ":1.50"
signal time=1788730451.303698 sender=org.freedesktop.DBus -> destination=:1.50 serial=2 path=/org/freedesktop/DBus; interface=org.freedesktop.DBus; member=NameAcquired
   string ":1.50"
signal time=1788730451.304641 sender=org.freedesktop.DBus -> destination=:1.50 serial=3 path=/org/freedesktop/DBus; interface=org.freedesktop.DBus; member=NameLost
   string ":1.50"
signal time=1788730451.304653 sender=org.freedesktop.DBus -> destination=(null destination) serial=100 path=/org/freedesktop/DBus; interface=org.freedesktop.DBus; member=NameOwnerChanged
   string ":1.50"
   string ":1.50"
   string ""
signal time=1788730451.304728 sender=:1.2 -> destination=(null destination) serial=67 path=/org/a11y/atspi/registry; interface=org.a11y.atspi.Registry; member=EventListenerDeregistered
   string ":1.50"
   string ""
signal time=1788730453.457879 sender=org.freedesktop.DBus -> destination=(null destination) serial=101 path=/org/freedesktop/DBus; interface=org.freedesktop.DBus; member=NameOwnerChanged
   string ":1.51"
   string ""
   string ":1.51"
signal time=1788730453.457923 sender=org.freedesktop.DBus -> destination=:1.51 serial=2 path=/org/freedesktop/DBus; interface=org.freedesktop.DBus; member=NameAcquired
   string ":1.51"
signal time=1788730453.459666 sender=org.freedesktop.DBus -> destination=:1.51 serial=3 path=/org/freedesktop/DBus; interface=org.freedesktop.DBus; member=NameLost
   string ":1.51"
signal time=1788730453.459681 sender=org.freedesktop.DBus -> destination=(null destination) serial=102 path=/org/freedesktop/DBus; interface=org.freedesktop.DBus; member=NameOwnerChanged
   string ":1.51"
   string ":1.51"
   string ""
signal time=1788730453.459758 sender=:1.2 -> destination=(null destination) serial=70 path=/org/a11y/atspi/registry; interface=org.a11y.atspi.Registry; member=EventListenerDeregistered
   string ":1.51"
   string ""
signal time=1788730453.464312 sender=org.freedesktop.DBus -> destination=(null destination) serial=103 path=/org/freedesktop/DBus; interface=org.freedesktop.DBus; member=NameOwnerChanged
   string ":1.52"
   string ""
   string ":1.52"
signal time=1788730453.464336 sender=org.freedesktop.DBus -> destination=:1.52 serial=2 path=/org/freedesktop/DBus; interface=org.freedesktop.DBus; member=NameAcquired
   string ":1.52"
signal time=1788730453.465568 sender=org.freedesktop.DBus -> destination=:1.52 serial=5 path=/org/freedesktop/DBus; interface=org.freedesktop.DBus; member=NameLost
   string ":1.52"
signal time=1788730453.465604 sender=org.freedesktop.DBus -> destination=(null destination) serial=104 path=/org/freedesktop/DBus; interface=org.freedesktop.DBus; member=NameOwnerChanged
   string ":1.52"
   string ":1.52"
   string ""
signal time=1788730453.465729 sender=:1.2 -> destination=(null destination) serial=71 path=/org/a11y/atspi/registry; interface=org.a11y.atspi.Registry; member=EventListenerDeregistered
   string ":1.52"
   string ""
signal time=1788730453.470921 sender=org.freedesktop.DBus -> destination=(null destination) serial=105 path=/org/freedesktop/DBus; interface=org.freedesktop.DBus; member=NameOwnerChanged
   string ":1.53"
   string ""
   string ":1.53"
signal time=1788730453.470954 sender=org.freedesktop.DBus -> destination=:1.53 serial=2 path=/org/freedesktop/DBus; interface=org.freedesktop.DBus; member=NameAcquired
   string ":1.53"
signal time=1788730453.472722 sender=org.freedesktop.DBus -> destination=:1.53 serial=3 path=/org/freedesktop/DBus; interface=org.freedesktop.DBus; member=NameLost
   string ":1.53"
signal time=1788730453.472740 sender=org.freedesktop.DBus -> destination=(null destination) serial=106 path=/org/freedesktop/DBus; interface=org.freedesktop.DBus; member=NameOwnerChanged
   string ":1.53"
   string ":1.53"
   string ""
signal time=1788730453.472850 sender=:1.2 -> destination=(null destination) serial=72 path=/org/a11y/atspi/registry; interface=org.a11y.atspi.Registry; member=EventListenerDeregistered
   string ":1.53"
   string ""
signal time=1788730453.477816 sender=org.freedesktop.DBus -> destination=(null destination) serial=107 path=/org/freedesktop/DBus; interface=org.freedesktop.DBus; member=NameOwnerChanged
   string ":1.54"
   string ""
   string ":1.54"
signal time=1788730453.477849 sender=org.freedesktop.DBus -> destination=:1.54 serial=2 path=/org/freedesktop/DBus; interface=org.freedesktop.DBus; member=NameAcquired
   string ":1.54"
signal time=1788730453.479481 sender=org.freedesktop.DBus -> destination=:1.54 serial=3 path=/org/freedesktop/DBus; interface=org.freedesktop.DBus; member=NameLost
   string ":1.54"
signal time=1788730453.479500 sender=org.freedesktop.DBus -> destination=(null destination) serial=108 path=/org/freedesktop/DBus; interface=org.freedesktop.DBus; member=NameOwnerChanged
   string ":1.54"
   string ":1.54"
   string ""
signal time=1788730453.479589 sender=:1.2 -> destination=(null destination) serial=73 path=/org/a11y/atspi/registry; interface=org.a11y.atspi.Registry; member=EventListenerDeregistered
   string ":1.54"
   string ""
signal time=1788730453.485040 sender=org.freedesktop.DBus -> destination=(null destination) serial=109 path=/org/freedesktop/DBus; interface=org.freedesktop.DBus; member=NameOwnerChanged
   string ":1.55"
   string ""
   string ":1.55"
signal time=1788730453.485075 sender=org.freedesktop.DBus -> destination=:1.55 serial=2 path=/org/freedesktop/DBus; interface=org.freedesktop.DBus; member=NameAcquired
   string ":1.55"
signal time=1788730453.486796 sender=org.freedesktop.DBus -> destination=:1.55 serial=3 path=/org/freedesktop/DBus; interface=org.freedesktop.DBus; member=NameLost
   string ":1.55"
signal time=1788730453.486818 sender=org.freedesktop.DBus -> destination=(null destination) serial=110 path=/org/freedesktop/DBus; interface=org.freedesktop.DBus; member=NameOwnerChanged
   string ":1.55"
   string ":1.55"
   string ""
signal time=1788730453.486940 sender=:1.2 -> destination=(null destination) serial=74 path=/org/a11y/atspi/registry; interface=org.a11y.atspi.Registry; member=EventListenerDeregistered
   string ":1.55"
   string ""
signal time=1788730453.492012 sender=org.freedesktop.DBus -> destination=(null destination) serial=111 path=/org/freedesktop/DBus; interface=org.freedesktop.DBus; member=NameOwnerChanged
   string ":1.56"
   string ""
   string ":1.56"
signal time=1788730453.492043 sender=org.freedesktop.DBus -> destination=:1.56 serial=2 path=/org/freedesktop/DBus; interface=org.freedesktop.DBus; member=NameAcquired
   string ":1.56"
signal time=1788730453.493747 sender=org.freedesktop.DBus -> destination=:1.56 serial=3 path=/org/freedesktop/DBus; interface=org.freedesktop.DBus; member=NameLost
   string ":1.56"
signal time=1788730453.493769 sender=org.freedesktop.DBus -> destination=(null destination) serial=112 path=/org/freedesktop/DBus; interface=org.freedesktop.DBus; member=NameOwnerChanged
   string ":1.56"
   string ":1.56"
   string ""
signal time=1788730453.493916 sender=:1.2 -> destination=(null destination) serial=75 path=/org/a11y/atspi/registry; interface=org.a11y.atspi.Registry; member=EventListenerDeregistered
   string ":1.56"
   string ""
signal time=1788730453.498805 sender=org.freedesktop.DBus -> destination=(null destination) serial=113 path=/org/freedesktop/DBus; interface=org.freedesktop.DBus; member=NameOwnerChanged
   string ":1.57"
   string ""
   string ":1.57"
signal time=1788730453.498828 sender=org.freedesktop.DBus -> destination=:1.57 serial=2 path=/org/freedesktop/DBus; interface=org.freedesktop.DBus; member=NameAcquired
   string ":1.57"
signal time=1788730453.500389 sender=org.freedesktop.DBus -> destination=:1.57 serial=3 path=/org/freedesktop/DBus; interface=org.freedesktop.DBus; member=NameLost
   string ":1.57"
signal time=1788730453.500403 sender=org.freedesktop.DBus -> destination=(null destination) serial=114 path=/org/freedesktop/DBus; interface=org.freedesktop.DBus; member=NameOwnerChanged
   string ":1.57"
   string ":1.57"
   string ""
signal time=1788730453.500442 sender=:1.2 -> destination=(null destination) serial=76 path=/org/a11y/atspi/registry; interface=org.a11y.atspi.Registry; member=EventListenerDeregistered
   string ":1.57"
   string ""
signal time=1788730453.505675 sender=org.freedesktop.DBus -> destination=(null destination) serial=115 path=/org/freedesktop/DBus; interface=org.freedesktop.DBus; member=NameOwnerChanged
   string ":1.58"
   string ""
   string ":1.58"
signal time=1788730453.505700 sender=org.freedesktop.DBus -> destination=:1.58 serial=2 path=/org/freedesktop/DBus; interface=org.freedesktop.DBus; member=NameAcquired
   string ":1.58"
signal time=1788730453.506811 sender=org.freedesktop.DBus -> destination=:1.58 serial=3 path=/org/freedesktop/DBus; interface=org.freedesktop.DBus; member=NameLost
   string ":1.58"
signal time=1788730453.506829 sender=org.freedesktop.DBus -> destination=(null destination) serial=116 path=/org/freedesktop/DBus; interface=org.freedesktop.DBus; member=NameOwnerChanged
   string ":1.58"
   string ":1.58"
   string ""
signal time=1788730453.506941 sender=:1.2 -> destination=(null destination) serial=77 path=/org/a11y/atspi/registry; interface=org.a11y.atspi.Registry; member=EventListenerDeregistered
   string ":1.58"
   string ""
signal time=1788730453.882846 sender=org.freedesktop.DBus -> destination=(null destination) serial=117 path=/org/freedesktop/DBus; interface=org.freedesktop.DBus; member=NameOwnerChanged
   string ":1.59"
   string ""
   string ":1.59"
signal time=1788730453.882875 sender=org.freedesktop.DBus -> destination=:1.59 serial=2 path=/org/freedesktop/DBus; interface=org.freedesktop.DBus; member=NameAcquired
   string ":1.59"
signal time=1788730453.884186 sender=org.freedesktop.DBus -> destination=:1.59 serial=3 path=/org/freedesktop/DBus; interface=org.freedesktop.DBus; member=NameLost
   string ":1.59"
signal time=1788730453.884199 sender=org.freedesktop.DBus -> destination=(null destination) serial=118 path=/org/freedesktop/DBus; interface=org.freedesktop.DBus; member=NameOwnerChanged
   string ":1.59"
   string ":1.59"
   string ""
signal time=1788730453.884242 sender=:1.2 -> destination=(null destination) serial=80 path=/org/a11y/atspi/registry; interface=org.a11y.atspi.Registry; member=EventListenerDeregistered
   string ":1.59"
   string ""
signal time=1788730453.888615 sender=org.freedesktop.DBus -> destination=(null destination) serial=119 path=/org/freedesktop/DBus; interface=org.freedesktop.DBus; member=NameOwnerChanged
   string ":1.60"
   string ""
   string ":1.60"
signal time=1788730453.888639 sender=org.freedesktop.DBus -> destination=:1.60 serial=2 path=/org/freedesktop/DBus; interface=org.freedesktop.DBus; member=NameAcquired
   string ":1.60"
signal time=1788730453.889955 sender=org.freedesktop.DBus -> destination=:1.60 serial=5 path=/org/freedesktop/DBus; interface=org.freedesktop.DBus; member=NameLost
   string ":1.60"
signal time=1788730453.889968 sender=org.freedesktop.DBus -> destination=(null destination) serial=120 path=/org/freedesktop/DBus; interface=org.freedesktop.DBus; member=NameOwnerChanged
   string ":1.60"
   string ":1.60"
   string ""
signal time=1788730453.890074 sender=:1.2 -> destination=(null destination) serial=81 path=/org/a11y/atspi/registry; interface=org.a11y.atspi.Registry; member=EventListenerDeregistered
   string ":1.60"
   string ""
signal time=1788730453.893847 sender=org.freedesktop.DBus -> destination=(null destination) serial=121 path=/org/freedesktop/DBus; interface=org.freedesktop.DBus; member=NameOwnerChanged
   string ":1.61"
   string ""
   string ":1.61"
signal time=1788730453.893863 sender=org.freedesktop.DBus -> destination=:1.61 serial=2 path=/org/freedesktop/DBus; interface=org.freedesktop.DBus; member=NameAcquired
   string ":1.61"
signal time=1788730453.894913 sender=org.freedesktop.DBus -> destination=:1.61 serial=3 path=/org/freedesktop/DBus; interface=org.freedesktop.DBus; member=NameLost
   string ":1.61"
signal time=1788730453.894923 sender=org.freedesktop.DBus -> destination=(null destination) serial=122 path=/org/freedesktop/DBus; interface=org.freedesktop.DBus; member=NameOwnerChanged
   string ":1.61"
   string ":1.61"
   string ""
signal time=1788730453.895105 sender=:1.2 -> destination=(null destination) serial=82 path=/org/a11y/atspi/registry; interface=org.a11y.atspi.Registry; member=EventListenerDeregistered
   string ":1.61"
   string ""
signal time=1788730453.899084 sender=org.freedesktop.DBus -> destination=(null destination) serial=123 path=/org/freedesktop/DBus; interface=org.freedesktop.DBus; member=NameOwnerChanged
   string ":1.62"
   string ""
   string ":1.62"
signal time=1788730453.899102 sender=org.freedesktop.DBus -> destination=:1.62 serial=2 path=/org/freedesktop/DBus; interface=org.freedesktop.DBus; member=NameAcquired
   string ":1.62"
signal time=1788730453.900477 sender=org.freedesktop.DBus -> destination=:1.62 serial=3 path=/org/freedesktop/DBus; interface=org.freedesktop.DBus; member=NameLost
   string ":1.62"
signal time=1788730453.900485 sender=org.freedesktop.DBus -> destination=(null destination) serial=124 path=/org/freedesktop/DBus; interface=org.freedesktop.DBus; member=NameOwnerChanged
   string ":1.62"
   string ":1.62"
   string ""
signal time=1788730453.900584 sender=:1.2 -> destination=(null destination) serial=83 path=/org/a11y/atspi/registry; interface=org.a11y.atspi.Registry; member=EventListenerDeregistered
   string ":1.62"
   string ""
signal time=1788730453.904311 sender=org.freedesktop.DBus -> destination=(null destination) serial=125 path=/org/freedesktop/DBus; interface=org.freedesktop.DBus; member=NameOwnerChanged
   string ":1.63"
   string ""
   string ":1.63"
signal time=1788730453.904329 sender=org.freedesktop.DBus -> destination=:1.63 serial=2 path=/org/freedesktop/DBus; interface=org.freedesktop.DBus; member=NameAcquired
   string ":1.63"
signal time=1788730453.905327 sender=org.freedesktop.DBus -> destination=:1.63 serial=3 path=/org/freedesktop/DBus; interface=org.freedesktop.DBus; member=NameLost
   string ":1.63"
signal time=1788730453.905339 sender=org.freedesktop.DBus -> destination=(null destination) serial=126 path=/org/freedesktop/DBus; interface=org.freedesktop.DBus; member=NameOwnerChanged
   string ":1.63"
   string ":1.63"
   string ""
signal time=1788730453.905386 sender=:1.2 -> destination=(null destination) serial=84 path=/org/a11y/atspi/registry; interface=org.a11y.atspi.Registry; member=EventListenerDeregistered
   string ":1.63"
   string ""
signal time=1788730453.909351 sender=org.freedesktop.DBus -> destination=(null destination) serial=127 path=/org/freedesktop/DBus; interface=org.freedesktop.DBus; member=NameOwnerChanged
   string ":1.64"
   string ""
   string ":1.64"
signal time=1788730453.909369 sender=org.freedesktop.DBus -> destination=:1.64 serial=2 path=/org/freedesktop/DBus; interface=org.freedesktop.DBus; member=NameAcquired
   string ":1.64"
signal time=1788730453.910698 sender=org.freedesktop.DBus -> destination=:1.64 serial=3 path=/org/freedesktop/DBus; interface=org.freedesktop.DBus; member=NameLost
   string ":1.64"
signal time=1788730453.910727 sender=org.freedesktop.DBus -> destination=(null destination) serial=128 path=/org/freedesktop/DBus; interface=org.freedesktop.DBus; member=NameOwnerChanged
   string ":1.64"
   string ":1.64"
   string ""
signal time=1788730453.910852 sender=:1.2 -> destination=(null destination) serial=85 path=/org/a11y/atspi/registry; interface=org.a11y.atspi.Registry; member=EventListenerDeregistered
   string ":1.64"
   string ""
signal time=1788730453.914605 sender=org.freedesktop.DBus -> destination=(null destination) serial=129 path=/org/freedesktop/DBus; interface=org.freedesktop.DBus; member=NameOwnerChanged
   string ":1.65"
   string ""
   string ":1.65"
signal time=1788730453.914631 sender=org.freedesktop.DBus -> destination=:1.65 serial=2 path=/org/freedesktop/DBus; interface=org.freedesktop.DBus; member=NameAcquired
   string ":1.65"
signal time=1788730453.916289 sender=org.freedesktop.DBus -> destination=:1.65 serial=3 path=/org/freedesktop/DBus; interface=org.freedesktop.DBus; member=NameLost
   string ":1.65"
signal time=1788730453.916304 sender=org.freedesktop.DBus -> destination=(null destination) serial=130 path=/org/freedesktop/DBus; interface=org.freedesktop.DBus; member=NameOwnerChanged
   string ":1.65"
   string ":1.65"
   string ""
signal time=1788730453.916364 sender=:1.2 -> destination=(null destination) serial=86 path=/org/a11y/atspi/registry; interface=org.a11y.atspi.Registry; member=EventListenerDeregistered
   string ":1.65"
   string ""
signal time=1788730453.920256 sender=org.freedesktop.DBus -> destination=(null destination) serial=131 path=/org/freedesktop/DBus; interface=org.freedesktop.DBus; member=NameOwnerChanged
   string ":1.66"
   string ""
   string ":1.66"
signal time=1788730453.920279 sender=org.freedesktop.DBus -> destination=:1.66 serial=2 path=/org/freedesktop/DBus; interface=org.freedesktop.DBus; member=NameAcquired
   string ":1.66"
signal time=1788730453.921221 sender=org.freedesktop.DBus -> destination=:1.66 serial=3 path=/org/freedesktop/DBus; interface=org.freedesktop.DBus; member=NameLost
   string ":1.66"
signal time=1788730453.921233 sender=org.freedesktop.DBus -> destination=(null destination) serial=132 path=/org/freedesktop/DBus; interface=org.freedesktop.DBus; member=NameOwnerChanged
   string ":1.66"
   string ":1.66"
   string ""
signal time=1788730453.921361 sender=:1.2 -> destination=(null destination) serial=87 path=/org/a11y/atspi/registry; interface=org.a11y.atspi.Registry; member=EventListenerDeregistered
   string ":1.66"
   string ""
signal time=1788730454.229312 sender=:1.1 -> destination=(null destination) serial=221 path=/org/a11y/atspi/accessible/root; interface=org.a11y.atspi.Event.Object; member=Announcement
   string "Action. Information: view fit"
   int32 1
   int32 0
   variant       string "Action. Information: view fit"
   array [
   ]
signal time=1788730455.543354 sender=org.freedesktop.DBus -> destination=(null destination) serial=133 path=/org/freedesktop/DBus; interface=org.freedesktop.DBus; member=NameOwnerChanged
   string ":1.67"
   string ""
   string ":1.67"
signal time=1788730455.543379 sender=org.freedesktop.DBus -> destination=:1.67 serial=2 path=/org/freedesktop/DBus; interface=org.freedesktop.DBus; member=NameAcquired
   string ":1.67"
signal time=1788730455.544812 sender=org.freedesktop.DBus -> destination=:1.67 serial=3 path=/org/freedesktop/DBus; interface=org.freedesktop.DBus; member=NameLost
   string ":1.67"
signal time=1788730455.544829 sender=org.freedesktop.DBus -> destination=(null destination) serial=134 path=/org/freedesktop/DBus; interface=org.freedesktop.DBus; member=NameOwnerChanged
   string ":1.67"
   string ":1.67"
   string ""
signal time=1788730455.544942 sender=:1.2 -> destination=(null destination) serial=90 path=/org/a11y/atspi/registry; interface=org.a11y.atspi.Registry; member=EventListenerDeregistered
   string ":1.67"
   string ""
signal time=1788730455.548946 sender=org.freedesktop.DBus -> destination=(null destination) serial=135 path=/org/freedesktop/DBus; interface=org.freedesktop.DBus; member=NameOwnerChanged
   string ":1.68"
   string ""
   string ":1.68"
signal time=1788730455.548969 sender=org.freedesktop.DBus -> destination=:1.68 serial=2 path=/org/freedesktop/DBus; interface=org.freedesktop.DBus; member=NameAcquired
   string ":1.68"
signal time=1788730455.549962 sender=org.freedesktop.DBus -> destination=:1.68 serial=5 path=/org/freedesktop/DBus; interface=org.freedesktop.DBus; member=NameLost
   string ":1.68"
signal time=1788730455.549978 sender=org.freedesktop.DBus -> destination=(null destination) serial=136 path=/org/freedesktop/DBus; interface=org.freedesktop.DBus; member=NameOwnerChanged
   string ":1.68"
   string ":1.68"
   string ""
signal time=1788730455.550117 sender=:1.2 -> destination=(null destination) serial=91 path=/org/a11y/atspi/registry; interface=org.a11y.atspi.Registry; member=EventListenerDeregistered
   string ":1.68"
   string ""
signal time=1788730455.554404 sender=org.freedesktop.DBus -> destination=(null destination) serial=137 path=/org/freedesktop/DBus; interface=org.freedesktop.DBus; member=NameOwnerChanged
   string ":1.69"
   string ""
   string ":1.69"
signal time=1788730455.554428 sender=org.freedesktop.DBus -> destination=:1.69 serial=2 path=/org/freedesktop/DBus; interface=org.freedesktop.DBus; member=NameAcquired
   string ":1.69"
signal time=1788730455.555771 sender=org.freedesktop.DBus -> destination=:1.69 serial=3 path=/org/freedesktop/DBus; interface=org.freedesktop.DBus; member=NameLost
   string ":1.69"
signal time=1788730455.555786 sender=org.freedesktop.DBus -> destination=(null destination) serial=138 path=/org/freedesktop/DBus; interface=org.freedesktop.DBus; member=NameOwnerChanged
   string ":1.69"
   string ":1.69"
   string ""
signal time=1788730455.555868 sender=:1.2 -> destination=(null destination) serial=92 path=/org/a11y/atspi/registry; interface=org.a11y.atspi.Registry; member=EventListenerDeregistered
   string ":1.69"
   string ""
signal time=1788730455.559856 sender=org.freedesktop.DBus -> destination=(null destination) serial=139 path=/org/freedesktop/DBus; interface=org.freedesktop.DBus; member=NameOwnerChanged
   string ":1.70"
   string ""
   string ":1.70"
signal time=1788730455.559899 sender=org.freedesktop.DBus -> destination=:1.70 serial=2 path=/org/freedesktop/DBus; interface=org.freedesktop.DBus; member=NameAcquired
   string ":1.70"
signal time=1788730455.561044 sender=org.freedesktop.DBus -> destination=:1.70 serial=3 path=/org/freedesktop/DBus; interface=org.freedesktop.DBus; member=NameLost
   string ":1.70"
signal time=1788730455.561061 sender=org.freedesktop.DBus -> destination=(null destination) serial=140 path=/org/freedesktop/DBus; interface=org.freedesktop.DBus; member=NameOwnerChanged
   string ":1.70"
   string ":1.70"
   string ""
signal time=1788730455.561140 sender=:1.2 -> destination=(null destination) serial=93 path=/org/a11y/atspi/registry; interface=org.a11y.atspi.Registry; member=EventListenerDeregistered
   string ":1.70"
   string ""
signal time=1788730455.565722 sender=org.freedesktop.DBus -> destination=(null destination) serial=141 path=/org/freedesktop/DBus; interface=org.freedesktop.DBus; member=NameOwnerChanged
   string ":1.71"
   string ""
   string ":1.71"
signal time=1788730455.565748 sender=org.freedesktop.DBus -> destination=:1.71 serial=2 path=/org/freedesktop/DBus; interface=org.freedesktop.DBus; member=NameAcquired
   string ":1.71"
signal time=1788730455.567077 sender=org.freedesktop.DBus -> destination=:1.71 serial=3 path=/org/freedesktop/DBus; interface=org.freedesktop.DBus; member=NameLost
   string ":1.71"
signal time=1788730455.567088 sender=org.freedesktop.DBus -> destination=(null destination) serial=142 path=/org/freedesktop/DBus; interface=org.freedesktop.DBus; member=NameOwnerChanged
   string ":1.71"
   string ":1.71"
   string ""
signal time=1788730455.567188 sender=:1.2 -> destination=(null destination) serial=94 path=/org/a11y/atspi/registry; interface=org.a11y.atspi.Registry; member=EventListenerDeregistered
   string ":1.71"
   string ""
signal time=1788730455.571087 sender=org.freedesktop.DBus -> destination=(null destination) serial=143 path=/org/freedesktop/DBus; interface=org.freedesktop.DBus; member=NameOwnerChanged
   string ":1.72"
   string ""
   string ":1.72"
signal time=1788730455.571106 sender=org.freedesktop.DBus -> destination=:1.72 serial=2 path=/org/freedesktop/DBus; interface=org.freedesktop.DBus; member=NameAcquired
   string ":1.72"
signal time=1788730455.572474 sender=org.freedesktop.DBus -> destination=:1.72 serial=3 path=/org/freedesktop/DBus; interface=org.freedesktop.DBus; member=NameLost
   string ":1.72"
signal time=1788730455.572484 sender=org.freedesktop.DBus -> destination=(null destination) serial=144 path=/org/freedesktop/DBus; interface=org.freedesktop.DBus; member=NameOwnerChanged
   string ":1.72"
   string ":1.72"
   string ""
signal time=1788730455.572576 sender=:1.2 -> destination=(null destination) serial=95 path=/org/a11y/atspi/registry; interface=org.a11y.atspi.Registry; member=EventListenerDeregistered
   string ":1.72"
   string ""
signal time=1788730455.576271 sender=org.freedesktop.DBus -> destination=(null destination) serial=145 path=/org/freedesktop/DBus; interface=org.freedesktop.DBus; member=NameOwnerChanged
   string ":1.73"
   string ""
   string ":1.73"
signal time=1788730455.576288 sender=org.freedesktop.DBus -> destination=:1.73 serial=2 path=/org/freedesktop/DBus; interface=org.freedesktop.DBus; member=NameAcquired
   string ":1.73"
signal time=1788730455.577658 sender=org.freedesktop.DBus -> destination=:1.73 serial=3 path=/org/freedesktop/DBus; interface=org.freedesktop.DBus; member=NameLost
   string ":1.73"
signal time=1788730455.577677 sender=org.freedesktop.DBus -> destination=(null destination) serial=146 path=/org/freedesktop/DBus; interface=org.freedesktop.DBus; member=NameOwnerChanged
   string ":1.73"
   string ":1.73"
   string ""
signal time=1788730455.577717 sender=:1.2 -> destination=(null destination) serial=96 path=/org/a11y/atspi/registry; interface=org.a11y.atspi.Registry; member=EventListenerDeregistered
   string ":1.73"
   string ""
signal time=1788730455.580995 sender=org.freedesktop.DBus -> destination=(null destination) serial=147 path=/org/freedesktop/DBus; interface=org.freedesktop.DBus; member=NameOwnerChanged
   string ":1.74"
   string ""
   string ":1.74"
signal time=1788730455.581015 sender=org.freedesktop.DBus -> destination=:1.74 serial=2 path=/org/freedesktop/DBus; interface=org.freedesktop.DBus; member=NameAcquired
   string ":1.74"
signal time=1788730455.582178 sender=org.freedesktop.DBus -> destination=:1.74 serial=3 path=/org/freedesktop/DBus; interface=org.freedesktop.DBus; member=NameLost
   string ":1.74"
signal time=1788730455.582191 sender=org.freedesktop.DBus -> destination=(null destination) serial=148 path=/org/freedesktop/DBus; interface=org.freedesktop.DBus; member=NameOwnerChanged
   string ":1.74"
   string ":1.74"
   string ""
signal time=1788730455.582289 sender=:1.2 -> destination=(null destination) serial=97 path=/org/a11y/atspi/registry; interface=org.a11y.atspi.Registry; member=EventListenerDeregistered
   string ":1.74"
   string ""
signal time=1788730455.966164 sender=org.freedesktop.DBus -> destination=(null destination) serial=149 path=/org/freedesktop/DBus; interface=org.freedesktop.DBus; member=NameOwnerChanged
   string ":1.75"
   string ""
   string ":1.75"
signal time=1788730455.966184 sender=org.freedesktop.DBus -> destination=:1.75 serial=2 path=/org/freedesktop/DBus; interface=org.freedesktop.DBus; member=NameAcquired
   string ":1.75"
signal time=1788730455.967952 sender=org.freedesktop.DBus -> destination=:1.75 serial=3 path=/org/freedesktop/DBus; interface=org.freedesktop.DBus; member=NameLost
   string ":1.75"
signal time=1788730455.967966 sender=org.freedesktop.DBus -> destination=(null destination) serial=150 path=/org/freedesktop/DBus; interface=org.freedesktop.DBus; member=NameOwnerChanged
   string ":1.75"
   string ":1.75"
   string ""
signal time=1788730455.968056 sender=:1.2 -> destination=(null destination) serial=100 path=/org/a11y/atspi/registry; interface=org.a11y.atspi.Registry; member=EventListenerDeregistered
   string ":1.75"
   string ""
signal time=1788730455.972047 sender=org.freedesktop.DBus -> destination=(null destination) serial=151 path=/org/freedesktop/DBus; interface=org.freedesktop.DBus; member=NameOwnerChanged
   string ":1.76"
   string ""
   string ":1.76"
signal time=1788730455.972067 sender=org.freedesktop.DBus -> destination=:1.76 serial=2 path=/org/freedesktop/DBus; interface=org.freedesktop.DBus; member=NameAcquired
   string ":1.76"
signal time=1788730455.972686 sender=org.freedesktop.DBus -> destination=:1.76 serial=5 path=/org/freedesktop/DBus; interface=org.freedesktop.DBus; member=NameLost
   string ":1.76"
signal time=1788730455.972696 sender=org.freedesktop.DBus -> destination=(null destination) serial=152 path=/org/freedesktop/DBus; interface=org.freedesktop.DBus; member=NameOwnerChanged
   string ":1.76"
   string ":1.76"
   string ""
signal time=1788730455.972788 sender=:1.2 -> destination=(null destination) serial=101 path=/org/a11y/atspi/registry; interface=org.a11y.atspi.Registry; member=EventListenerDeregistered
   string ":1.76"
   string ""
signal time=1788730455.976837 sender=org.freedesktop.DBus -> destination=(null destination) serial=153 path=/org/freedesktop/DBus; interface=org.freedesktop.DBus; member=NameOwnerChanged
   string ":1.77"
   string ""
   string ":1.77"
signal time=1788730455.976857 sender=org.freedesktop.DBus -> destination=:1.77 serial=2 path=/org/freedesktop/DBus; interface=org.freedesktop.DBus; member=NameAcquired
   string ":1.77"
signal time=1788730455.977747 sender=org.freedesktop.DBus -> destination=:1.77 serial=3 path=/org/freedesktop/DBus; interface=org.freedesktop.DBus; member=NameLost
   string ":1.77"
signal time=1788730455.977765 sender=org.freedesktop.DBus -> destination=(null destination) serial=154 path=/org/freedesktop/DBus; interface=org.freedesktop.DBus; member=NameOwnerChanged
   string ":1.77"
   string ":1.77"
   string ""
signal time=1788730455.977877 sender=:1.2 -> destination=(null destination) serial=102 path=/org/a11y/atspi/registry; interface=org.a11y.atspi.Registry; member=EventListenerDeregistered
   string ":1.77"
   string ""
signal time=1788730455.981722 sender=org.freedesktop.DBus -> destination=(null destination) serial=155 path=/org/freedesktop/DBus; interface=org.freedesktop.DBus; member=NameOwnerChanged
   string ":1.78"
   string ""
   string ":1.78"
signal time=1788730455.981740 sender=org.freedesktop.DBus -> destination=:1.78 serial=2 path=/org/freedesktop/DBus; interface=org.freedesktop.DBus; member=NameAcquired
   string ":1.78"
signal time=1788730455.982721 sender=org.freedesktop.DBus -> destination=:1.78 serial=3 path=/org/freedesktop/DBus; interface=org.freedesktop.DBus; member=NameLost
   string ":1.78"
signal time=1788730455.982731 sender=org.freedesktop.DBus -> destination=(null destination) serial=156 path=/org/freedesktop/DBus; interface=org.freedesktop.DBus; member=NameOwnerChanged
   string ":1.78"
   string ":1.78"
   string ""
signal time=1788730455.982759 sender=:1.2 -> destination=(null destination) serial=103 path=/org/a11y/atspi/registry; interface=org.a11y.atspi.Registry; member=EventListenerDeregistered
   string ":1.78"
   string ""
signal time=1788730455.986628 sender=org.freedesktop.DBus -> destination=(null destination) serial=157 path=/org/freedesktop/DBus; interface=org.freedesktop.DBus; member=NameOwnerChanged
   string ":1.79"
   string ""
   string ":1.79"
signal time=1788730455.986648 sender=org.freedesktop.DBus -> destination=:1.79 serial=2 path=/org/freedesktop/DBus; interface=org.freedesktop.DBus; member=NameAcquired
   string ":1.79"
signal time=1788730455.987424 sender=org.freedesktop.DBus -> destination=:1.79 serial=3 path=/org/freedesktop/DBus; interface=org.freedesktop.DBus; member=NameLost
   string ":1.79"
signal time=1788730455.987435 sender=org.freedesktop.DBus -> destination=(null destination) serial=158 path=/org/freedesktop/DBus; interface=org.freedesktop.DBus; member=NameOwnerChanged
   string ":1.79"
   string ":1.79"
   string ""
signal time=1788730455.987524 sender=:1.2 -> destination=(null destination) serial=104 path=/org/a11y/atspi/registry; interface=org.a11y.atspi.Registry; member=EventListenerDeregistered
   string ":1.79"
   string ""
signal time=1788730455.991689 sender=org.freedesktop.DBus -> destination=(null destination) serial=159 path=/org/freedesktop/DBus; interface=org.freedesktop.DBus; member=NameOwnerChanged
   string ":1.80"
   string ""
   string ":1.80"
signal time=1788730455.991708 sender=org.freedesktop.DBus -> destination=:1.80 serial=2 path=/org/freedesktop/DBus; interface=org.freedesktop.DBus; member=NameAcquired
   string ":1.80"
signal time=1788730455.992462 sender=org.freedesktop.DBus -> destination=:1.80 serial=3 path=/org/freedesktop/DBus; interface=org.freedesktop.DBus; member=NameLost
   string ":1.80"
signal time=1788730455.992474 sender=org.freedesktop.DBus -> destination=(null destination) serial=160 path=/org/freedesktop/DBus; interface=org.freedesktop.DBus; member=NameOwnerChanged
   string ":1.80"
   string ":1.80"
   string ""
signal time=1788730455.992553 sender=:1.2 -> destination=(null destination) serial=105 path=/org/a11y/atspi/registry; interface=org.a11y.atspi.Registry; member=EventListenerDeregistered
   string ":1.80"
   string ""
signal time=1788730455.996436 sender=org.freedesktop.DBus -> destination=(null destination) serial=161 path=/org/freedesktop/DBus; interface=org.freedesktop.DBus; member=NameOwnerChanged
   string ":1.81"
   string ""
   string ":1.81"
signal time=1788730455.996457 sender=org.freedesktop.DBus -> destination=:1.81 serial=2 path=/org/freedesktop/DBus; interface=org.freedesktop.DBus; member=NameAcquired
   string ":1.81"
signal time=1788730455.997511 sender=org.freedesktop.DBus -> destination=:1.81 serial=3 path=/org/freedesktop/DBus; interface=org.freedesktop.DBus; member=NameLost
   string ":1.81"
signal time=1788730455.997526 sender=org.freedesktop.DBus -> destination=(null destination) serial=162 path=/org/freedesktop/DBus; interface=org.freedesktop.DBus; member=NameOwnerChanged
   string ":1.81"
   string ":1.81"
   string ""
signal time=1788730455.997592 sender=:1.2 -> destination=(null destination) serial=106 path=/org/a11y/atspi/registry; interface=org.a11y.atspi.Registry; member=EventListenerDeregistered
   string ":1.81"
   string ""
signal time=1788730456.001954 sender=org.freedesktop.DBus -> destination=(null destination) serial=163 path=/org/freedesktop/DBus; interface=org.freedesktop.DBus; member=NameOwnerChanged
   string ":1.82"
   string ""
   string ":1.82"
signal time=1788730456.001981 sender=org.freedesktop.DBus -> destination=:1.82 serial=2 path=/org/freedesktop/DBus; interface=org.freedesktop.DBus; member=NameAcquired
   string ":1.82"
signal time=1788730456.003465 sender=org.freedesktop.DBus -> destination=:1.82 serial=3 path=/org/freedesktop/DBus; interface=org.freedesktop.DBus; member=NameLost
   string ":1.82"
signal time=1788730456.003479 sender=org.freedesktop.DBus -> destination=(null destination) serial=164 path=/org/freedesktop/DBus; interface=org.freedesktop.DBus; member=NameOwnerChanged
   string ":1.82"
   string ":1.82"
   string ""
signal time=1788730456.003602 sender=:1.2 -> destination=(null destination) serial=107 path=/org/a11y/atspi/registry; interface=org.a11y.atspi.Registry; member=EventListenerDeregistered
   string ":1.82"
   string ""
signal time=1788730458.156797 sender=org.freedesktop.DBus -> destination=(null destination) serial=165 path=/org/freedesktop/DBus; interface=org.freedesktop.DBus; member=NameOwnerChanged
   string ":1.83"
   string ""
   string ":1.83"
signal time=1788730458.156825 sender=org.freedesktop.DBus -> destination=:1.83 serial=2 path=/org/freedesktop/DBus; interface=org.freedesktop.DBus; member=NameAcquired
   string ":1.83"
signal time=1788730458.158366 sender=org.freedesktop.DBus -> destination=:1.83 serial=3 path=/org/freedesktop/DBus; interface=org.freedesktop.DBus; member=NameLost
   string ":1.83"
signal time=1788730458.158396 sender=org.freedesktop.DBus -> destination=(null destination) serial=166 path=/org/freedesktop/DBus; interface=org.freedesktop.DBus; member=NameOwnerChanged
   string ":1.83"
   string ":1.83"
   string ""
signal time=1788730458.158503 sender=:1.2 -> destination=(null destination) serial=110 path=/org/a11y/atspi/registry; interface=org.a11y.atspi.Registry; member=EventListenerDeregistered
   string ":1.83"
   string ""
signal time=1788730458.162269 sender=org.freedesktop.DBus -> destination=(null destination) serial=167 path=/org/freedesktop/DBus; interface=org.freedesktop.DBus; member=NameOwnerChanged
   string ":1.84"
   string ""
   string ":1.84"
signal time=1788730458.162290 sender=org.freedesktop.DBus -> destination=:1.84 serial=2 path=/org/freedesktop/DBus; interface=org.freedesktop.DBus; member=NameAcquired
   string ":1.84"
signal time=1788730458.162995 sender=org.freedesktop.DBus -> destination=:1.84 serial=5 path=/org/freedesktop/DBus; interface=org.freedesktop.DBus; member=NameLost
   string ":1.84"
signal time=1788730458.163007 sender=org.freedesktop.DBus -> destination=(null destination) serial=168 path=/org/freedesktop/DBus; interface=org.freedesktop.DBus; member=NameOwnerChanged
   string ":1.84"
   string ":1.84"
   string ""
signal time=1788730458.163109 sender=:1.2 -> destination=(null destination) serial=111 path=/org/a11y/atspi/registry; interface=org.a11y.atspi.Registry; member=EventListenerDeregistered
   string ":1.84"
   string ""
signal time=1788730458.166956 sender=org.freedesktop.DBus -> destination=(null destination) serial=169 path=/org/freedesktop/DBus; interface=org.freedesktop.DBus; member=NameOwnerChanged
   string ":1.85"
   string ""
   string ":1.85"
signal time=1788730458.166977 sender=org.freedesktop.DBus -> destination=:1.85 serial=2 path=/org/freedesktop/DBus; interface=org.freedesktop.DBus; member=NameAcquired
   string ":1.85"
signal time=1788730458.168476 sender=org.freedesktop.DBus -> destination=:1.85 serial=3 path=/org/freedesktop/DBus; interface=org.freedesktop.DBus; member=NameLost
   string ":1.85"
signal time=1788730458.168489 sender=org.freedesktop.DBus -> destination=(null destination) serial=170 path=/org/freedesktop/DBus; interface=org.freedesktop.DBus; member=NameOwnerChanged
   string ":1.85"
   string ":1.85"
   string ""
signal time=1788730458.168583 sender=:1.2 -> destination=(null destination) serial=112 path=/org/a11y/atspi/registry; interface=org.a11y.atspi.Registry; member=EventListenerDeregistered
   string ":1.85"
   string ""
signal time=1788730458.172793 sender=org.freedesktop.DBus -> destination=(null destination) serial=171 path=/org/freedesktop/DBus; interface=org.freedesktop.DBus; member=NameOwnerChanged
   string ":1.86"
   string ""
   string ":1.86"
signal time=1788730458.172815 sender=org.freedesktop.DBus -> destination=:1.86 serial=2 path=/org/freedesktop/DBus; interface=org.freedesktop.DBus; member=NameAcquired
   string ":1.86"
signal time=1788730458.173757 sender=org.freedesktop.DBus -> destination=:1.86 serial=3 path=/org/freedesktop/DBus; interface=org.freedesktop.DBus; member=NameLost
   string ":1.86"
signal time=1788730458.173779 sender=org.freedesktop.DBus -> destination=(null destination) serial=172 path=/org/freedesktop/DBus; interface=org.freedesktop.DBus; member=NameOwnerChanged
   string ":1.86"
   string ":1.86"
   string ""
signal time=1788730458.173866 sender=:1.2 -> destination=(null destination) serial=113 path=/org/a11y/atspi/registry; interface=org.a11y.atspi.Registry; member=EventListenerDeregistered
   string ":1.86"
   string ""
signal time=1788730458.177768 sender=org.freedesktop.DBus -> destination=(null destination) serial=173 path=/org/freedesktop/DBus; interface=org.freedesktop.DBus; member=NameOwnerChanged
   string ":1.87"
   string ""
   string ":1.87"
signal time=1788730458.177787 sender=org.freedesktop.DBus -> destination=:1.87 serial=2 path=/org/freedesktop/DBus; interface=org.freedesktop.DBus; member=NameAcquired
   string ":1.87"
signal time=1788730458.179169 sender=org.freedesktop.DBus -> destination=:1.87 serial=3 path=/org/freedesktop/DBus; interface=org.freedesktop.DBus; member=NameLost
   string ":1.87"
signal time=1788730458.179180 sender=org.freedesktop.DBus -> destination=(null destination) serial=174 path=/org/freedesktop/DBus; interface=org.freedesktop.DBus; member=NameOwnerChanged
   string ":1.87"
   string ":1.87"
   string ""
signal time=1788730458.179293 sender=:1.2 -> destination=(null destination) serial=114 path=/org/a11y/atspi/registry; interface=org.a11y.atspi.Registry; member=EventListenerDeregistered
   string ":1.87"
   string ""
signal time=1788730458.183329 sender=org.freedesktop.DBus -> destination=(null destination) serial=175 path=/org/freedesktop/DBus; interface=org.freedesktop.DBus; member=NameOwnerChanged
   string ":1.88"
   string ""
   string ":1.88"
signal time=1788730458.183351 sender=org.freedesktop.DBus -> destination=:1.88 serial=2 path=/org/freedesktop/DBus; interface=org.freedesktop.DBus; member=NameAcquired
   string ":1.88"
signal time=1788730458.184670 sender=org.freedesktop.DBus -> destination=:1.88 serial=3 path=/org/freedesktop/DBus; interface=org.freedesktop.DBus; member=NameLost
   string ":1.88"
signal time=1788730458.184679 sender=org.freedesktop.DBus -> destination=(null destination) serial=176 path=/org/freedesktop/DBus; interface=org.freedesktop.DBus; member=NameOwnerChanged
   string ":1.88"
   string ":1.88"
   string ""
signal time=1788730458.184823 sender=:1.2 -> destination=(null destination) serial=115 path=/org/a11y/atspi/registry; interface=org.a11y.atspi.Registry; member=EventListenerDeregistered
   string ":1.88"
   string ""
signal time=1788730458.188632 sender=org.freedesktop.DBus -> destination=(null destination) serial=177 path=/org/freedesktop/DBus; interface=org.freedesktop.DBus; member=NameOwnerChanged
   string ":1.89"
   string ""
   string ":1.89"
signal time=1788730458.188656 sender=org.freedesktop.DBus -> destination=:1.89 serial=2 path=/org/freedesktop/DBus; interface=org.freedesktop.DBus; member=NameAcquired
   string ":1.89"
signal time=1788730458.189532 sender=org.freedesktop.DBus -> destination=:1.89 serial=3 path=/org/freedesktop/DBus; interface=org.freedesktop.DBus; member=NameLost
   string ":1.89"
signal time=1788730458.189550 sender=org.freedesktop.DBus -> destination=(null destination) serial=178 path=/org/freedesktop/DBus; interface=org.freedesktop.DBus; member=NameOwnerChanged
   string ":1.89"
   string ":1.89"
   string ""
signal time=1788730458.189604 sender=:1.2 -> destination=(null destination) serial=116 path=/org/a11y/atspi/registry; interface=org.a11y.atspi.Registry; member=EventListenerDeregistered
   string ":1.89"
   string ""
signal time=1788730458.193684 sender=org.freedesktop.DBus -> destination=(null destination) serial=179 path=/org/freedesktop/DBus; interface=org.freedesktop.DBus; member=NameOwnerChanged
   string ":1.90"
   string ""
   string ":1.90"
signal time=1788730458.193716 sender=org.freedesktop.DBus -> destination=:1.90 serial=2 path=/org/freedesktop/DBus; interface=org.freedesktop.DBus; member=NameAcquired
   string ":1.90"
signal time=1788730458.195060 sender=org.freedesktop.DBus -> destination=:1.90 serial=3 path=/org/freedesktop/DBus; interface=org.freedesktop.DBus; member=NameLost
   string ":1.90"
signal time=1788730458.195072 sender=org.freedesktop.DBus -> destination=(null destination) serial=180 path=/org/freedesktop/DBus; interface=org.freedesktop.DBus; member=NameOwnerChanged
   string ":1.90"
   string ":1.90"
   string ""
signal time=1788730458.195175 sender=:1.2 -> destination=(null destination) serial=117 path=/org/a11y/atspi/registry; interface=org.a11y.atspi.Registry; member=EventListenerDeregistered
   string ":1.90"
   string ""
signal time=1788730458.580540 sender=org.freedesktop.DBus -> destination=(null destination) serial=181 path=/org/freedesktop/DBus; interface=org.freedesktop.DBus; member=NameOwnerChanged
   string ":1.91"
   string ""
   string ":1.91"
signal time=1788730458.580564 sender=org.freedesktop.DBus -> destination=:1.91 serial=2 path=/org/freedesktop/DBus; interface=org.freedesktop.DBus; member=NameAcquired
   string ":1.91"
signal time=1788730458.581757 sender=org.freedesktop.DBus -> destination=:1.91 serial=3 path=/org/freedesktop/DBus; interface=org.freedesktop.DBus; member=NameLost
   string ":1.91"
signal time=1788730458.581776 sender=org.freedesktop.DBus -> destination=(null destination) serial=182 path=/org/freedesktop/DBus; interface=org.freedesktop.DBus; member=NameOwnerChanged
   string ":1.91"
   string ":1.91"
   string ""
signal time=1788730458.581942 sender=:1.2 -> destination=(null destination) serial=120 path=/org/a11y/atspi/registry; interface=org.a11y.atspi.Registry; member=EventListenerDeregistered
   string ":1.91"
   string ""
signal time=1788730458.586543 sender=org.freedesktop.DBus -> destination=(null destination) serial=183 path=/org/freedesktop/DBus; interface=org.freedesktop.DBus; member=NameOwnerChanged
   string ":1.92"
   string ""
   string ":1.92"
signal time=1788730458.586565 sender=org.freedesktop.DBus -> destination=:1.92 serial=2 path=/org/freedesktop/DBus; interface=org.freedesktop.DBus; member=NameAcquired
   string ":1.92"
signal time=1788730458.587525 sender=org.freedesktop.DBus -> destination=:1.92 serial=5 path=/org/freedesktop/DBus; interface=org.freedesktop.DBus; member=NameLost
   string ":1.92"
signal time=1788730458.587539 sender=org.freedesktop.DBus -> destination=(null destination) serial=184 path=/org/freedesktop/DBus; interface=org.freedesktop.DBus; member=NameOwnerChanged
   string ":1.92"
   string ":1.92"
   string ""
signal time=1788730458.587622 sender=:1.2 -> destination=(null destination) serial=121 path=/org/a11y/atspi/registry; interface=org.a11y.atspi.Registry; member=EventListenerDeregistered
   string ":1.92"
   string ""
signal time=1788730458.591536 sender=org.freedesktop.DBus -> destination=(null destination) serial=185 path=/org/freedesktop/DBus; interface=org.freedesktop.DBus; member=NameOwnerChanged
   string ":1.93"
   string ""
   string ":1.93"
signal time=1788730458.591554 sender=org.freedesktop.DBus -> destination=:1.93 serial=2 path=/org/freedesktop/DBus; interface=org.freedesktop.DBus; member=NameAcquired
   string ":1.93"
signal time=1788730458.592558 sender=org.freedesktop.DBus -> destination=:1.93 serial=3 path=/org/freedesktop/DBus; interface=org.freedesktop.DBus; member=NameLost
   string ":1.93"
signal time=1788730458.592577 sender=org.freedesktop.DBus -> destination=(null destination) serial=186 path=/org/freedesktop/DBus; interface=org.freedesktop.DBus; member=NameOwnerChanged
   string ":1.93"
   string ":1.93"
   string ""
signal time=1788730458.592645 sender=:1.2 -> destination=(null destination) serial=122 path=/org/a11y/atspi/registry; interface=org.a11y.atspi.Registry; member=EventListenerDeregistered
   string ":1.93"
   string ""
signal time=1788730458.596411 sender=org.freedesktop.DBus -> destination=(null destination) serial=187 path=/org/freedesktop/DBus; interface=org.freedesktop.DBus; member=NameOwnerChanged
   string ":1.94"
   string ""
   string ":1.94"
signal time=1788730458.596429 sender=org.freedesktop.DBus -> destination=:1.94 serial=2 path=/org/freedesktop/DBus; interface=org.freedesktop.DBus; member=NameAcquired
   string ":1.94"
signal time=1788730458.597435 sender=org.freedesktop.DBus -> destination=:1.94 serial=3 path=/org/freedesktop/DBus; interface=org.freedesktop.DBus; member=NameLost
   string ":1.94"
signal time=1788730458.597447 sender=org.freedesktop.DBus -> destination=(null destination) serial=188 path=/org/freedesktop/DBus; interface=org.freedesktop.DBus; member=NameOwnerChanged
   string ":1.94"
   string ":1.94"
   string ""
signal time=1788730458.597521 sender=:1.2 -> destination=(null destination) serial=123 path=/org/a11y/atspi/registry; interface=org.a11y.atspi.Registry; member=EventListenerDeregistered
   string ":1.94"
   string ""
signal time=1788730458.601519 sender=org.freedesktop.DBus -> destination=(null destination) serial=189 path=/org/freedesktop/DBus; interface=org.freedesktop.DBus; member=NameOwnerChanged
   string ":1.95"
   string ""
   string ":1.95"
signal time=1788730458.601539 sender=org.freedesktop.DBus -> destination=:1.95 serial=2 path=/org/freedesktop/DBus; interface=org.freedesktop.DBus; member=NameAcquired
   string ":1.95"
signal time=1788730458.602812 sender=org.freedesktop.DBus -> destination=:1.95 serial=3 path=/org/freedesktop/DBus; interface=org.freedesktop.DBus; member=NameLost
   string ":1.95"
signal time=1788730458.602866 sender=org.freedesktop.DBus -> destination=(null destination) serial=190 path=/org/freedesktop/DBus; interface=org.freedesktop.DBus; member=NameOwnerChanged
   string ":1.95"
   string ":1.95"
   string ""
signal time=1788730458.603018 sender=:1.2 -> destination=(null destination) serial=124 path=/org/a11y/atspi/registry; interface=org.a11y.atspi.Registry; member=EventListenerDeregistered
   string ":1.95"
   string ""
signal time=1788730458.607143 sender=org.freedesktop.DBus -> destination=(null destination) serial=191 path=/org/freedesktop/DBus; interface=org.freedesktop.DBus; member=NameOwnerChanged
   string ":1.96"
   string ""
   string ":1.96"
signal time=1788730458.607166 sender=org.freedesktop.DBus -> destination=:1.96 serial=2 path=/org/freedesktop/DBus; interface=org.freedesktop.DBus; member=NameAcquired
   string ":1.96"
signal time=1788730458.608236 sender=org.freedesktop.DBus -> destination=:1.96 serial=3 path=/org/freedesktop/DBus; interface=org.freedesktop.DBus; member=NameLost
   string ":1.96"
signal time=1788730458.608247 sender=org.freedesktop.DBus -> destination=(null destination) serial=192 path=/org/freedesktop/DBus; interface=org.freedesktop.DBus; member=NameOwnerChanged
   string ":1.96"
   string ":1.96"
   string ""
signal time=1788730458.608333 sender=:1.2 -> destination=(null destination) serial=125 path=/org/a11y/atspi/registry; interface=org.a11y.atspi.Registry; member=EventListenerDeregistered
   string ":1.96"
   string ""
signal time=1788730458.612268 sender=org.freedesktop.DBus -> destination=(null destination) serial=193 path=/org/freedesktop/DBus; interface=org.freedesktop.DBus; member=NameOwnerChanged
   string ":1.97"
   string ""
   string ":1.97"
signal time=1788730458.612305 sender=org.freedesktop.DBus -> destination=:1.97 serial=2 path=/org/freedesktop/DBus; interface=org.freedesktop.DBus; member=NameAcquired
   string ":1.97"
signal time=1788730458.613297 sender=org.freedesktop.DBus -> destination=:1.97 serial=3 path=/org/freedesktop/DBus; interface=org.freedesktop.DBus; member=NameLost
   string ":1.97"
signal time=1788730458.613310 sender=org.freedesktop.DBus -> destination=(null destination) serial=194 path=/org/freedesktop/DBus; interface=org.freedesktop.DBus; member=NameOwnerChanged
   string ":1.97"
   string ":1.97"
   string ""
signal time=1788730458.613408 sender=:1.2 -> destination=(null destination) serial=126 path=/org/a11y/atspi/registry; interface=org.a11y.atspi.Registry; member=EventListenerDeregistered
   string ":1.97"
   string ""
signal time=1788730458.617515 sender=org.freedesktop.DBus -> destination=(null destination) serial=195 path=/org/freedesktop/DBus; interface=org.freedesktop.DBus; member=NameOwnerChanged
   string ":1.98"
   string ""
   string ":1.98"
signal time=1788730458.617539 sender=org.freedesktop.DBus -> destination=:1.98 serial=2 path=/org/freedesktop/DBus; interface=org.freedesktop.DBus; member=NameAcquired
   string ":1.98"
signal time=1788730458.618959 sender=org.freedesktop.DBus -> destination=:1.98 serial=3 path=/org/freedesktop/DBus; interface=org.freedesktop.DBus; member=NameLost
   string ":1.98"
signal time=1788730458.618976 sender=org.freedesktop.DBus -> destination=(null destination) serial=196 path=/org/freedesktop/DBus; interface=org.freedesktop.DBus; member=NameOwnerChanged
   string ":1.98"
   string ":1.98"
   string ""
signal time=1788730458.619057 sender=:1.2 -> destination=(null destination) serial=127 path=/org/a11y/atspi/registry; interface=org.a11y.atspi.Registry; member=EventListenerDeregistered
   string ":1.98"
   string ""
signal time=1788730458.928872 sender=:1.1 -> destination=(null destination) serial=270 path=/org/a11y/atspi/accessible/root; interface=org.a11y.atspi.Event.Object; member=ChildrenChanged
   string "add"
   int32 1
   int32 0
   variant       struct {
         string ":1.1"
         object path "/org/a11y/atspi/accessible/menus/n6d656e753a56696577"
      }
   array [
   ]
signal time=1788730458.928906 sender=:1.1 -> destination=(null destination) serial=271 path=/org/a11y/atspi/accessible/menus/n6d656e753a56696577; interface=org.a11y.atspi.Event.Object; member=StateChanged
   string "focused"
   int32 0
   int32 0
   variant       boolean false
   array [
   ]
signal time=1788730458.928922 sender=:1.1 -> destination=(null destination) serial=272 path=/org/a11y/atspi/accessible/menus/n6d656e753a56696577; interface=org.a11y.atspi.Event.Object; member=StateChanged
   string "enabled"
   int32 1
   int32 0
   variant       boolean true
   array [
   ]
signal time=1788730458.928938 sender=:1.1 -> destination=(null destination) serial=273 path=/org/a11y/atspi/accessible/menus/n6d656e753a56696577; interface=org.a11y.atspi.Event.Object; member=StateChanged
   string "sensitive"
   int32 1
   int32 0
   variant       boolean true
   array [
   ]
signal time=1788730458.928954 sender=:1.1 -> destination=(null destination) serial=274 path=/org/a11y/atspi/accessible/menus/n6d656e753a56696577; interface=org.a11y.atspi.Event.Object; member=ChildrenChanged
   string "add"
   int32 0
   int32 0
   variant       struct {
         string ":1.1"
         object path "/org/a11y/atspi/accessible/menus/n6d656e753a566965772f766965772e666974"
      }
   array [
   ]
signal time=1788730458.928976 sender=:1.1 -> destination=(null destination) serial=275 path=/org/a11y/atspi/accessible/menus/n6d656e753a566965772f766965772e666974; interface=org.a11y.atspi.Event.Object; member=StateChanged
   string "focused"
   int32 1
   int32 0
   variant       boolean true
   array [
   ]
signal time=1788730458.928992 sender=:1.1 -> destination=(null destination) serial=276 path=/org/a11y/atspi/accessible/menus/n6d656e753a566965772f766965772e666974; interface=org.a11y.atspi.Event.Object; member=StateChanged
   string "enabled"
   int32 1
   int32 0
   variant       boolean true
   array [
   ]
signal time=1788730458.929008 sender=:1.1 -> destination=(null destination) serial=277 path=/org/a11y/atspi/accessible/menus/n6d656e753a566965772f766965772e666974; interface=org.a11y.atspi.Event.Object; member=StateChanged
   string "sensitive"
   int32 1
   int32 0
   variant       boolean true
   array [
   ]
signal time=1788730458.929030 sender=:1.1 -> destination=(null destination) serial=278 path=/org/a11y/atspi/accessible/menus/n6d656e753a56696577; interface=org.a11y.atspi.Event.Object; member=ChildrenChanged
   string "add"
   int32 1
   int32 0
   variant       struct {
         string ":1.1"
         object path "/org/a11y/atspi/accessible/menus/n6d656e753a566965772f766965772e7a6f6f6d5f696e"
      }
   array [
   ]
signal time=1788730458.929052 sender=:1.1 -> destination=(null destination) serial=279 path=/org/a11y/atspi/accessible/menus/n6d656e753a566965772f766965772e7a6f6f6d5f696e; interface=org.a11y.atspi.Event.Object; member=StateChanged
   string "focused"
   int32 0
   int32 0
   variant       boolean false
   array [
   ]
signal time=1788730458.929068 sender=:1.1 -> destination=(null destination) serial=280 path=/org/a11y/atspi/accessible/menus/n6d656e753a566965772f766965772e7a6f6f6d5f696e; interface=org.a11y.atspi.Event.Object; member=StateChanged
   string "enabled"
   int32 1
   int32 0
   variant       boolean true
   array [
   ]
signal time=1788730458.929338 sender=:1.1 -> destination=(null destination) serial=281 path=/org/a11y/atspi/accessible/menus/n6d656e753a566965772f766965772e7a6f6f6d5f696e; interface=org.a11y.atspi.Event.Object; member=StateChanged
   string "sensitive"
   int32 1
   int32 0
   variant       boolean true
   array [
   ]
signal time=1788730458.929355 sender=:1.1 -> destination=(null destination) serial=282 path=/org/a11y/atspi/accessible/menus/n6d656e753a56696577; interface=org.a11y.atspi.Event.Object; member=ChildrenChanged
   string "add"
   int32 2
   int32 0
   variant       struct {
         string ":1.1"
         object path "/org/a11y/atspi/accessible/menus/n6d656e753a566965772f766965772e7a6f6f6d5f6f7574"
      }
   array [
   ]
signal time=1788730458.929377 sender=:1.1 -> destination=(null destination) serial=283 path=/org/a11y/atspi/accessible/menus/n6d656e753a566965772f766965772e7a6f6f6d5f6f7574; interface=org.a11y.atspi.Event.Object; member=StateChanged
   string "focused"
   int32 0
   int32 0
   variant       boolean false
   array [
   ]
signal time=1788730458.929392 sender=:1.1 -> destination=(null destination) serial=284 path=/org/a11y/atspi/accessible/menus/n6d656e753a566965772f766965772e7a6f6f6d5f6f7574; interface=org.a11y.atspi.Event.Object; member=StateChanged
   string "enabled"
   int32 1
   int32 0
   variant       boolean true
   array [
   ]
signal time=1788730458.929408 sender=:1.1 -> destination=(null destination) serial=285 path=/org/a11y/atspi/accessible/menus/n6d656e753a566965772f766965772e7a6f6f6d5f6f7574; interface=org.a11y.atspi.Event.Object; member=StateChanged
   string "sensitive"
   int32 1
   int32 0
   variant       boolean true
   array [
   ]
signal time=1788730458.929423 sender=:1.1 -> destination=(null destination) serial=286 path=/org/a11y/atspi/accessible/menus/n6d656e753a56696577; interface=org.a11y.atspi.Event.Object; member=ChildrenChanged
   string "add"
   int32 3
   int32 0
   variant       struct {
         string ":1.1"
         object path "/org/a11y/atspi/accessible/menus/n6d656e753a566965772f766965772e70616e655f7a6f6f6d"
      }
   array [
   ]
signal time=1788730458.929445 sender=:1.1 -> destination=(null destination) serial=287 path=/org/a11y/atspi/accessible/menus/n6d656e753a566965772f766965772e70616e655f7a6f6f6d; interface=org.a11y.atspi.Event.Object; member=StateChanged
   string "focused"
   int32 0
   int32 0
   variant       boolean false
   array [
   ]
signal time=1788730458.929461 sender=:1.1 -> destination=(null destination) serial=288 path=/org/a11y/atspi/accessible/menus/n6d656e753a566965772f766965772e70616e655f7a6f6f6d; interface=org.a11y.atspi.Event.Object; member=StateChanged
   string "enabled"
   int32 1
   int32 0
   variant       boolean true
   array [
   ]
signal time=1788730458.929480 sender=:1.1 -> destination=(null destination) serial=289 path=/org/a11y/atspi/accessible/menus/n6d656e753a566965772f766965772e70616e655f7a6f6f6d; interface=org.a11y.atspi.Event.Object; member=StateChanged
   string "sensitive"
   int32 1
   int32 0
   variant       boolean true
   array [
   ]
signal time=1788730458.929496 sender=:1.1 -> destination=(null destination) serial=290 path=/org/a11y/atspi/accessible/menus/n6d656e753a56696577; interface=org.a11y.atspi.Event.Object; member=ChildrenChanged
   string "add"
   int32 4
   int32 0
   variant       struct {
         string ":1.1"
         object path "/org/a11y/atspi/accessible/menus/n6d656e753a566965772f766965772e66756c6c73637265656e5f7374616765"
      }
   array [
   ]
signal time=1788730458.929518 sender=:1.1 -> destination=(null destination) serial=291 path=/org/a11y/atspi/accessible/menus/n6d656e753a566965772f766965772e66756c6c73637265656e5f7374616765; interface=org.a11y.atspi.Event.Object; member=StateChanged
   string "focused"
   int32 0
   int32 0
   variant       boolean false
   array [
   ]
signal time=1788730458.929534 sender=:1.1 -> destination=(null destination) serial=292 path=/org/a11y/atspi/accessible/menus/n6d656e753a566965772f766965772e66756c6c73637265656e5f7374616765; interface=org.a11y.atspi.Event.Object; member=StateChanged
   string "enabled"
   int32 1
   int32 0
   variant       boolean true
   array [
   ]
signal time=1788730458.929549 sender=:1.1 -> destination=(null destination) serial=293 path=/org/a11y/atspi/accessible/menus/n6d656e753a566965772f766965772e66756c6c73637265656e5f7374616765; interface=org.a11y.atspi.Event.Object; member=StateChanged
   string "sensitive"
   int32 1
   int32 0
   variant       boolean true
   array [
   ]
signal time=1788730458.929565 sender=:1.1 -> destination=(null destination) serial=294 path=/org/a11y/atspi/accessible/menus/n6d656e753a56696577; interface=org.a11y.atspi.Event.Object; member=ChildrenChanged
   string "add"
   int32 5
   int32 0
   variant       struct {
         string ":1.1"
         object path "/org/a11y/atspi/accessible/menus/n6d656e753a566965772f766965772e6c6179657273"
      }
   array [
   ]
signal time=1788730458.929618 sender=:1.1 -> destination=(null destination) serial=295 path=/org/a11y/atspi/accessible/menus/n6d656e753a566965772f766965772e6c6179657273; interface=org.a11y.atspi.Event.Object; member=StateChanged
   string "focused"
   int32 0
   int32 0
   variant       boolean false
   array [
   ]
signal time=1788730458.929630 sender=:1.1 -> destination=(null destination) serial=296 path=/org/a11y/atspi/accessible/menus/n6d656e753a566965772f766965772e6c6179657273; interface=org.a11y.atspi.Event.Object; member=StateChanged
   string "enabled"
   int32 0
   int32 0
   variant       boolean false
   array [
   ]
signal time=1788730458.929730 sender=:1.1 -> destination=(null destination) serial=297 path=/org/a11y/atspi/accessible/menus/n6d656e753a566965772f766965772e6c6179657273; interface=org.a11y.atspi.Event.Object; member=StateChanged
   string "sensitive"
   int32 0
   int32 0
   variant       boolean false
   array [
   ]
signal time=1788730458.929742 sender=:1.1 -> destination=(null destination) serial=298 path=/org/a11y/atspi/accessible/menus/n6d656e753a56696577; interface=org.a11y.atspi.Event.Object; member=ChildrenChanged
   string "add"
   int32 6
   int32 0
   variant       struct {
         string ":1.1"
         object path "/org/a11y/atspi/accessible/menus/n6d656e753a566965772f766965772e70616e656c73"
      }
   array [
   ]
signal time=1788730458.929756 sender=:1.1 -> destination=(null destination) serial=299 path=/org/a11y/atspi/accessible/menus/n6d656e753a566965772f766965772e70616e656c73; interface=org.a11y.atspi.Event.Object; member=StateChanged
   string "focused"
   int32 0
   int32 0
   variant       boolean false
   array [
   ]
signal time=1788730458.929766 sender=:1.1 -> destination=(null destination) serial=300 path=/org/a11y/atspi/accessible/menus/n6d656e753a566965772f766965772e70616e656c73; interface=org.a11y.atspi.Event.Object; member=StateChanged
   string "enabled"
   int32 1
   int32 0
   variant       boolean true
   array [
   ]
signal time=1788730458.929779 sender=:1.1 -> destination=(null destination) serial=301 path=/org/a11y/atspi/accessible/menus/n6d656e753a566965772f766965772e70616e656c73; interface=org.a11y.atspi.Event.Object; member=StateChanged
   string "sensitive"
   int32 1
   int32 0
   variant       boolean true
   array [
   ]
signal time=1788730458.929790 sender=:1.1 -> destination=(null destination) serial=302 path=/org/a11y/atspi/accessible/menus/n6d656e753a56696577; interface=org.a11y.atspi.Event.Object; member=ChildrenChanged
   string "add"
   int32 7
   int32 0
   variant       struct {
         string ":1.1"
         object path "/org/a11y/atspi/accessible/menus/n6d656e753a566965772f766965772e7265736574"
      }
   array [
   ]
signal time=1788730458.929804 sender=:1.1 -> destination=(null destination) serial=303 path=/org/a11y/atspi/accessible/menus/n6d656e753a566965772f766965772e7265736574; interface=org.a11y.atspi.Event.Object; member=StateChanged
   string "focused"
   int32 0
   int32 0
   variant       boolean false
   array [
   ]
signal time=1788730458.929814 sender=:1.1 -> destination=(null destination) serial=304 path=/org/a11y/atspi/accessible/menus/n6d656e753a566965772f766965772e7265736574; interface=org.a11y.atspi.Event.Object; member=StateChanged
   string "enabled"
   int32 1
   int32 0
   variant       boolean true
   array [
   ]
signal time=1788730458.929824 sender=:1.1 -> destination=(null destination) serial=305 path=/org/a11y/atspi/accessible/menus/n6d656e753a566965772f766965772e7265736574; interface=org.a11y.atspi.Event.Object; member=StateChanged
   string "sensitive"
   int32 1
   int32 0
   variant       boolean true
   array [
   ]
signal time=1788730458.929835 sender=:1.1 -> destination=(null destination) serial=306 path=/org/a11y/atspi/accessible/menus/n6d656e753a56696577; interface=org.a11y.atspi.Event.Object; member=ChildrenChanged
   string "add"
   int32 8
   int32 0
   variant       struct {
         string ":1.1"
         object path "/org/a11y/atspi/accessible/menus/n6d656e753a566965772f766965772e73706c69745f766572746963616c"
      }
   array [
   ]
signal time=1788730458.929849 sender=:1.1 -> destination=(null destination) serial=307 path=/org/a11y/atspi/accessible/menus/n6d656e753a566965772f766965772e73706c69745f766572746963616c; interface=org.a11y.atspi.Event.Object; member=StateChanged
   string "focused"
   int32 0
   int32 0
   variant       boolean false
   array [
   ]
signal time=1788730458.929859 sender=:1.1 -> destination=(null destination) serial=308 path=/org/a11y/atspi/accessible/menus/n6d656e753a566965772f766965772e73706c69745f766572746963616c; interface=org.a11y.atspi.Event.Object; member=StateChanged
   string "enabled"
   int32 1
   int32 0
   variant       boolean true
   array [
   ]
signal time=1788730458.929869 sender=:1.1 -> destination=(null destination) serial=309 path=/org/a11y/atspi/accessible/menus/n6d656e753a566965772f766965772e73706c69745f766572746963616c; interface=org.a11y.atspi.Event.Object; member=StateChanged
   string "sensitive"
   int32 1
   int32 0
   variant       boolean true
   array [
   ]
signal time=1788730458.929880 sender=:1.1 -> destination=(null destination) serial=310 path=/org/a11y/atspi/accessible/menus/n6d656e753a56696577; interface=org.a11y.atspi.Event.Object; member=ChildrenChanged
   string "add"
   int32 9
   int32 0
   variant       struct {
         string ":1.1"
         object path "/org/a11y/atspi/accessible/menus/n6d656e753a566965772f766965772e73706c69745f686f72697a6f6e74616c"
      }
   array [
   ]
signal time=1788730458.929894 sender=:1.1 -> destination=(null destination) serial=311 path=/org/a11y/atspi/accessible/menus/n6d656e753a566965772f766965772e73706c69745f686f72697a6f6e74616c; interface=org.a11y.atspi.Event.Object; member=StateChanged
   string "focused"
   int32 0
   int32 0
   variant       boolean false
   array [
   ]
signal time=1788730458.929981 sender=:1.1 -> destination=(null destination) serial=312 path=/org/a11y/atspi/accessible/menus/n6d656e753a566965772f766965772e73706c69745f686f72697a6f6e74616c; interface=org.a11y.atspi.Event.Object; member=StateChanged
   string "enabled"
   int32 1
   int32 0
   variant       boolean true
   array [
   ]
signal time=1788730458.929995 sender=:1.1 -> destination=(null destination) serial=313 path=/org/a11y/atspi/accessible/menus/n6d656e753a566965772f766965772e73706c69745f686f72697a6f6e74616c; interface=org.a11y.atspi.Event.Object; member=StateChanged
   string "sensitive"
   int32 1
   int32 0
   variant       boolean true
   array [
   ]
signal time=1788730458.930005 sender=:1.1 -> destination=(null destination) serial=314 path=/org/a11y/atspi/accessible/menus/n6d656e753a56696577; interface=org.a11y.atspi.Event.Object; member=ChildrenChanged
   string "add"
   int32 10
   int32 0
   variant       struct {
         string ":1.1"
         object path "/org/a11y/atspi/accessible/menus/n6d656e753a566965772f766965772e636c6f73655f70616e65"
      }
   array [
   ]
signal time=1788730458.930019 sender=:1.1 -> destination=(null destination) serial=315 path=/org/a11y/atspi/accessible/menus/n6d656e753a566965772f766965772e636c6f73655f70616e65; interface=org.a11y.atspi.Event.Object; member=StateChanged
   string "focused"
   int32 0
   int32 0
   variant       boolean false
   array [
   ]
signal time=1788730458.930029 sender=:1.1 -> destination=(null destination) serial=316 path=/org/a11y/atspi/accessible/menus/n6d656e753a566965772f766965772e636c6f73655f70616e65; interface=org.a11y.atspi.Event.Object; member=StateChanged
   string "enabled"
   int32 1
   int32 0
   variant       boolean true
   array [
   ]
signal time=1788730458.930039 sender=:1.1 -> destination=(null destination) serial=317 path=/org/a11y/atspi/accessible/menus/n6d656e753a566965772f766965772e636c6f73655f70616e65; interface=org.a11y.atspi.Event.Object; member=StateChanged
   string "sensitive"
   int32 1
   int32 0
   variant       boolean true
   array [
   ]
signal time=1788730458.930050 sender=:1.1 -> destination=(null destination) serial=318 path=/org/a11y/atspi/accessible/menus/n6d656e753a56696577; interface=org.a11y.atspi.Event.Object; member=ChildrenChanged
   string "add"
   int32 11
   int32 0
   variant       struct {
         string ":1.1"
         object path "/org/a11y/atspi/accessible/menus/n6d656e753a566965772f766965772e6d6178696d697a655f70616e65"
      }
   array [
   ]
signal time=1788730458.930064 sender=:1.1 -> destination=(null destination) serial=319 path=/org/a11y/atspi/accessible/menus/n6d656e753a566965772f766965772e6d6178696d697a655f70616e65; interface=org.a11y.atspi.Event.Object; member=StateChanged
   string "focused"
   int32 0
   int32 0
   variant       boolean false
   array [
   ]
signal time=1788730458.930074 sender=:1.1 -> destination=(null destination) serial=320 path=/org/a11y/atspi/accessible/menus/n6d656e753a566965772f766965772e6d6178696d697a655f70616e65; interface=org.a11y.atspi.Event.Object; member=StateChanged
   string "enabled"
   int32 1
   int32 0
   variant       boolean true
   array [
   ]
signal time=1788730458.930084 sender=:1.1 -> destination=(null destination) serial=321 path=/org/a11y/atspi/accessible/menus/n6d656e753a566965772f766965772e6d6178696d697a655f70616e65; interface=org.a11y.atspi.Event.Object; member=StateChanged
   string "sensitive"
   int32 1
   int32 0
   variant       boolean true
   array [
   ]
signal time=1788730458.930094 sender=:1.1 -> destination=(null destination) serial=322 path=/org/a11y/atspi/accessible/menus/n6d656e753a56696577; interface=org.a11y.atspi.Event.Object; member=ChildrenChanged
   string "add"
   int32 12
   int32 0
   variant       struct {
         string ":1.1"
         object path "/org/a11y/atspi/accessible/menus/n6d656e753a566965772f766965772e666f6375735f6e657874"
      }
   array [
   ]
signal time=1788730458.930109 sender=:1.1 -> destination=(null destination) serial=323 path=/org/a11y/atspi/accessible/menus/n6d656e753a566965772f766965772e666f6375735f6e657874; interface=org.a11y.atspi.Event.Object; member=StateChanged
   string "focused"
   int32 0
   int32 0
   variant       boolean false
   array [
   ]
signal time=1788730458.930121 sender=:1.1 -> destination=(null destination) serial=324 path=/org/a11y/atspi/accessible/menus/n6d656e753a566965772f766965772e666f6375735f6e657874; interface=org.a11y.atspi.Event.Object; member=StateChanged
   string "enabled"
   int32 1
   int32 0
   variant       boolean true
   array [
   ]
signal time=1788730458.930131 sender=:1.1 -> destination=(null destination) serial=325 path=/org/a11y/atspi/accessible/menus/n6d656e753a566965772f766965772e666f6375735f6e657874; interface=org.a11y.atspi.Event.Object; member=StateChanged
   string "sensitive"
   int32 1
   int32 0
   variant       boolean true
   array [
   ]
signal time=1788730458.930141 sender=:1.1 -> destination=(null destination) serial=326 path=/org/a11y/atspi/accessible/menus/n6d656e753a56696577; interface=org.a11y.atspi.Event.Object; member=ChildrenChanged
   string "add"
   int32 13
   int32 0
   variant       struct {
         string ":1.1"
         object path "/org/a11y/atspi/accessible/menus/n6d656e753a566965772f766965772e666f6375735f70726576"
      }
   array [
   ]
signal time=1788730458.930155 sender=:1.1 -> destination=(null destination) serial=327 path=/org/a11y/atspi/accessible/menus/n6d656e753a566965772f766965772e666f6375735f70726576; interface=org.a11y.atspi.Event.Object; member=StateChanged
   string "focused"
   int32 0
   int32 0
   variant       boolean false
   array [
   ]
signal time=1788730458.930238 sender=:1.1 -> destination=(null destination) serial=328 path=/org/a11y/atspi/accessible/menus/n6d656e753a566965772f766965772e666f6375735f70726576; interface=org.a11y.atspi.Event.Object; member=StateChanged
   string "enabled"
   int32 1
   int32 0
   variant       boolean true
   array [
   ]
signal time=1788730458.930249 sender=:1.1 -> destination=(null destination) serial=329 path=/org/a11y/atspi/accessible/menus/n6d656e753a566965772f766965772e666f6375735f70726576; interface=org.a11y.atspi.Event.Object; member=StateChanged
   string "sensitive"
   int32 1
   int32 0
   variant       boolean true
   array [
   ]
signal time=1788730458.930259 sender=:1.1 -> destination=(null destination) serial=330 path=/org/a11y/atspi/accessible/menus/n6d656e753a56696577; interface=org.a11y.atspi.Event.Object; member=ChildrenChanged
   string "add"
   int32 14
   int32 0
   variant       struct {
         string ":1.1"
         object path "/org/a11y/atspi/accessible/menus/n6d656e753a566965772f766965772e66696c6c5f626f617264"
      }
   array [
   ]
signal time=1788730458.930274 sender=:1.1 -> destination=(null destination) serial=331 path=/org/a11y/atspi/accessible/menus/n6d656e753a566965772f766965772e66696c6c5f626f617264; interface=org.a11y.atspi.Event.Object; member=StateChanged
   string "focused"
   int32 0
   int32 0
   variant       boolean false
   array [
   ]
signal time=1788730458.930284 sender=:1.1 -> destination=(null destination) serial=332 path=/org/a11y/atspi/accessible/menus/n6d656e753a566965772f766965772e66696c6c5f626f617264; interface=org.a11y.atspi.Event.Object; member=StateChanged
   string "enabled"
   int32 1
   int32 0
   variant       boolean true
   array [
   ]
signal time=1788730458.930294 sender=:1.1 -> destination=(null destination) serial=333 path=/org/a11y/atspi/accessible/menus/n6d656e753a566965772f766965772e66696c6c5f626f617264; interface=org.a11y.atspi.Event.Object; member=StateChanged
   string "sensitive"
   int32 1
   int32 0
   variant       boolean true
   array [
   ]
signal time=1788730458.930304 sender=:1.1 -> destination=(null destination) serial=334 path=/org/a11y/atspi/accessible/menus/n6d656e753a56696577; interface=org.a11y.atspi.Event.Object; member=ChildrenChanged
   string "add"
   int32 15
   int32 0
   variant       struct {
         string ":1.1"
         object path "/org/a11y/atspi/accessible/menus/n6d656e753a566965772f766965772e66696c6c5f736368656d61746963"
      }
   array [
   ]
signal time=1788730458.930318 sender=:1.1 -> destination=(null destination) serial=335 path=/org/a11y/atspi/accessible/menus/n6d656e753a566965772f766965772e66696c6c5f736368656d61746963; interface=org.a11y.atspi.Event.Object; member=StateChanged
   string "focused"
   int32 0
   int32 0
   variant       boolean false
   array [
   ]
signal time=1788730458.930331 sender=:1.1 -> destination=(null destination) serial=336 path=/org/a11y/atspi/accessible/menus/n6d656e753a566965772f766965772e66696c6c5f736368656d61746963; interface=org.a11y.atspi.Event.Object; member=StateChanged
   string "enabled"
   int32 1
   int32 0
   variant       boolean true
   array [
   ]
signal time=1788730458.930341 sender=:1.1 -> destination=(null destination) serial=337 path=/org/a11y/atspi/accessible/menus/n6d656e753a566965772f766965772e66696c6c5f736368656d61746963; interface=org.a11y.atspi.Event.Object; member=StateChanged
   string "sensitive"
   int32 1
   int32 0
   variant       boolean true
   array [
   ]
signal time=1788730458.930351 sender=:1.1 -> destination=(null destination) serial=338 path=/org/a11y/atspi/accessible/menus/n6d656e753a56696577; interface=org.a11y.atspi.Event.Object; member=ChildrenChanged
   string "add"
   int32 16
   int32 0
   variant       struct {
         string ":1.1"
         object path "/org/a11y/atspi/accessible/menus/n6d656e753a566965772f766965772e7072657365745f73696e676c65"
      }
   array [
   ]
signal time=1788730458.930365 sender=:1.1 -> destination=(null destination) serial=339 path=/org/a11y/atspi/accessible/menus/n6d656e753a566965772f766965772e7072657365745f73696e676c65; interface=org.a11y.atspi.Event.Object; member=StateChanged
   string "focused"
   int32 0
   int32 0
   variant       boolean false
   array [
   ]
signal time=1788730458.930376 sender=:1.1 -> destination=(null destination) serial=340 path=/org/a11y/atspi/accessible/menus/n6d656e753a566965772f766965772e7072657365745f73696e676c65; interface=org.a11y.atspi.Event.Object; member=StateChanged
   string "enabled"
   int32 1
   int32 0
   variant       boolean true
   array [
   ]
signal time=1788730458.930386 sender=:1.1 -> destination=(null destination) serial=341 path=/org/a11y/atspi/accessible/menus/n6d656e753a566965772f766965772e7072657365745f73696e676c65; interface=org.a11y.atspi.Event.Object; member=StateChanged
   string "sensitive"
   int32 1
   int32 0
   variant       boolean true
   array [
   ]
signal time=1788730458.930396 sender=:1.1 -> destination=(null destination) serial=342 path=/org/a11y/atspi/accessible/menus/n6d656e753a56696577; interface=org.a11y.atspi.Event.Object; member=ChildrenChanged
   string "add"
   int32 17
   int32 0
   variant       struct {
         string ":1.1"
         object path "/org/a11y/atspi/accessible/menus/n6d656e753a566965772f766965772e7072657365745f626f6172645f736368656d61746963"
      }
   array [
   ]
signal time=1788730458.930488 sender=:1.1 -> destination=(null destination) serial=343 path=/org/a11y/atspi/accessible/menus/n6d656e753a566965772f766965772e7072657365745f626f6172645f736368656d61746963; interface=org.a11y.atspi.Event.Object; member=StateChanged
   string "focused"
   int32 0
   int32 0
   variant       boolean false
   array [
   ]
signal time=1788730458.930499 sender=:1.1 -> destination=(null destination) serial=344 path=/org/a11y/atspi/accessible/menus/n6d656e753a566965772f766965772e7072657365745f626f6172645f736368656d61746963; interface=org.a11y.atspi.Event.Object; member=StateChanged
   string "enabled"
   int32 1
   int32 0
   variant       boolean true
   array [
   ]
signal time=1788730458.930509 sender=:1.1 -> destination=(null destination) serial=345 path=/org/a11y/atspi/accessible/menus/n6d656e753a566965772f766965772e7072657365745f626f6172645f736368656d61746963; interface=org.a11y.atspi.Event.Object; member=StateChanged
   string "sensitive"
   int32 1
   int32 0
   variant       boolean true
   array [
   ]
signal time=1788730458.930519 sender=:1.1 -> destination=(null destination) serial=346 path=/org/a11y/atspi/accessible/menus/n6d656e753a56696577; interface=org.a11y.atspi.Event.Object; member=ChildrenChanged
   string "add"
   int32 18
   int32 0
   variant       struct {
         string ":1.1"
         object path "/org/a11y/atspi/accessible/menus/n6d656e753a566965772f766965772e637572736f722e66756c6c"
      }
   array [
   ]
signal time=1788730458.930536 sender=:1.1 -> destination=(null destination) serial=347 path=/org/a11y/atspi/accessible/menus/n6d656e753a566965772f766965772e637572736f722e66756c6c; interface=org.a11y.atspi.Event.Object; member=StateChanged
   string "focused"
   int32 0
   int32 0
   variant       boolean false
   array [
   ]
signal time=1788730458.930546 sender=:1.1 -> destination=(null destination) serial=348 path=/org/a11y/atspi/accessible/menus/n6d656e753a566965772f766965772e637572736f722e66756c6c; interface=org.a11y.atspi.Event.Object; member=StateChanged
   string "enabled"
   int32 1
   int32 0
   variant       boolean true
   array [
   ]
signal time=1788730458.930556 sender=:1.1 -> destination=(null destination) serial=349 path=/org/a11y/atspi/accessible/menus/n6d656e753a566965772f766965772e637572736f722e66756c6c; interface=org.a11y.atspi.Event.Object; member=StateChanged
   string "sensitive"
   int32 1
   int32 0
   variant       boolean true
   array [
   ]
signal time=1788730458.930566 sender=:1.1 -> destination=(null destination) serial=350 path=/org/a11y/atspi/accessible/menus/n6d656e753a56696577; interface=org.a11y.atspi.Event.Object; member=ChildrenChanged
   string "add"
   int32 19
   int32 0
   variant       struct {
         string ":1.1"
         object path "/org/a11y/atspi/accessible/menus/n6d656e753a566965772f766965772e637572736f722e736d616c6c"
      }
   array [
   ]
signal time=1788730458.930581 sender=:1.1 -> destination=(null destination) serial=351 path=/org/a11y/atspi/accessible/menus/n6d656e753a566965772f766965772e637572736f722e736d616c6c; interface=org.a11y.atspi.Event.Object; member=StateChanged
   string "focused"
   int32 0
   int32 0
   variant       boolean false
   array [
   ]
signal time=1788730458.930591 sender=:1.1 -> destination=(null destination) serial=352 path=/org/a11y/atspi/accessible/menus/n6d656e753a566965772f766965772e637572736f722e736d616c6c; interface=org.a11y.atspi.Event.Object; member=StateChanged
   string "enabled"
   int32 1
   int32 0
   variant       boolean true
   array [
   ]
signal time=1788730458.930601 sender=:1.1 -> destination=(null destination) serial=353 path=/org/a11y/atspi/accessible/menus/n6d656e753a566965772f766965772e637572736f722e736d616c6c; interface=org.a11y.atspi.Event.Object; member=StateChanged
   string "sensitive"
   int32 1
   int32 0
   variant       boolean true
   array [
   ]
signal time=1788730458.930611 sender=:1.1 -> destination=(null destination) serial=354 path=/org/a11y/atspi/accessible/menus/n6d656e753a56696577; interface=org.a11y.atspi.Event.Object; member=ChildrenChanged
   string "add"
   int32 20
   int32 0
   variant       struct {
         string ":1.1"
         object path "/org/a11y/atspi/accessible/menus/n6d656e753a566965772f766965772e637572736f722e6e6f6e65"
      }
   array [
   ]
signal time=1788730458.930625 sender=:1.1 -> destination=(null destination) serial=355 path=/org/a11y/atspi/accessible/menus/n6d656e753a566965772f766965772e637572736f722e6e6f6e65; interface=org.a11y.atspi.Event.Object; member=StateChanged
   string "focused"
   int32 0
   int32 0
   variant       boolean false
   array [
   ]
signal time=1788730458.930635 sender=:1.1 -> destination=(null destination) serial=356 path=/org/a11y/atspi/accessible/menus/n6d656e753a566965772f766965772e637572736f722e6e6f6e65; interface=org.a11y.atspi.Event.Object; member=StateChanged
   string "enabled"
   int32 1
   int32 0
   variant       boolean true
   array [
   ]
signal time=1788730458.930646 sender=:1.1 -> destination=(null destination) serial=357 path=/org/a11y/atspi/accessible/menus/n6d656e753a566965772f766965772e637572736f722e6e6f6e65; interface=org.a11y.atspi.Event.Object; member=StateChanged
   string "sensitive"
   int32 1
   int32 0
   variant       boolean true
   array [
   ]
signal time=1788730458.930656 sender=:1.1 -> destination=(null destination) serial=358 path=/org/a11y/atspi/accessible/menus/n6d656e753a56696577; interface=org.a11y.atspi.Event.Object; member=ChildrenChanged
   string "add"
   int32 21
   int32 0
   variant       struct {
         string ":1.1"
         object path "/org/a11y/atspi/accessible/menus/n6d656e753a566965772f766965772e636f6e736f6c655f686973746f7279"
      }
   array [
   ]
signal time=1788730458.930691 sender=:1.1 -> destination=(null destination) serial=359 path=/org/a11y/atspi/accessible/menus/n6d656e753a566965772f766965772e636f6e736f6c655f686973746f7279; interface=org.a11y.atspi.Event.Object; member=StateChanged
   string "focused"
   int32 0
   int32 0
   variant       boolean false
   array [
   ]
signal time=1788730458.930701 sender=:1.1 -> destination=(null destination) serial=360 path=/org/a11y/atspi/accessible/menus/n6d656e753a566965772f766965772e636f6e736f6c655f686973746f7279; interface=org.a11y.atspi.Event.Object; member=StateChanged
   string "enabled"
   int32 1
   int32 0
   variant       boolean true
   array [
   ]
signal time=1788730458.930712 sender=:1.1 -> destination=(null destination) serial=361 path=/org/a11y/atspi/accessible/menus/n6d656e753a566965772f766965772e636f6e736f6c655f686973746f7279; interface=org.a11y.atspi.Event.Object; member=StateChanged
   string "sensitive"
   int32 1
   int32 0
   variant       boolean true
   array [
   ]
signal time=1788730459.329685 sender=:1.1 -> destination=(null destination) serial=362 path=/org/a11y/atspi/accessible/menus/n6d656e753a566965772f766965772e666974; interface=org.a11y.atspi.Event.Object; member=StateChanged
   string "focused"
   int32 0
   int32 0
   variant       boolean false
   array [
   ]
signal time=1788730459.329730 sender=:1.1 -> destination=(null destination) serial=363 path=/org/a11y/atspi/accessible/menus/n6d656e753a566965772f766965772e7a6f6f6d5f696e; interface=org.a11y.atspi.Event.Object; member=StateChanged
   string "focused"
   int32 1
   int32 0
   variant       boolean true
   array [
   ]
signal time=1788730459.646591 sender=:1.1 -> destination=(null destination) serial=364 path=/org/a11y/atspi/accessible/menus/n6d656e753a566965772f766965772e666974; interface=org.a11y.atspi.Event.Object; member=StateChanged
   string "focused"
   int32 1
   int32 0
   variant       boolean true
   array [
   ]
signal time=1788730459.646623 sender=:1.1 -> destination=(null destination) serial=365 path=/org/a11y/atspi/accessible/menus/n6d656e753a566965772f766965772e7a6f6f6d5f696e; interface=org.a11y.atspi.Event.Object; member=StateChanged
   string "focused"
   int32 0
   int32 0
   variant       boolean false
   array [
   ]
signal time=1788730460.964021 sender=org.freedesktop.DBus -> destination=(null destination) serial=197 path=/org/freedesktop/DBus; interface=org.freedesktop.DBus; member=NameOwnerChanged
   string ":1.99"
   string ""
   string ":1.99"
signal time=1788730460.964053 sender=org.freedesktop.DBus -> destination=:1.99 serial=2 path=/org/freedesktop/DBus; interface=org.freedesktop.DBus; member=NameAcquired
   string ":1.99"
signal time=1788730460.966412 sender=org.freedesktop.DBus -> destination=:1.99 serial=3 path=/org/freedesktop/DBus; interface=org.freedesktop.DBus; member=NameLost
   string ":1.99"
signal time=1788730460.966433 sender=org.freedesktop.DBus -> destination=(null destination) serial=198 path=/org/freedesktop/DBus; interface=org.freedesktop.DBus; member=NameOwnerChanged
   string ":1.99"
   string ":1.99"
   string ""
signal time=1788730460.966542 sender=:1.2 -> destination=(null destination) serial=130 path=/org/a11y/atspi/registry; interface=org.a11y.atspi.Registry; member=EventListenerDeregistered
   string ":1.99"
   string ""
signal time=1788730460.972502 sender=org.freedesktop.DBus -> destination=(null destination) serial=199 path=/org/freedesktop/DBus; interface=org.freedesktop.DBus; member=NameOwnerChanged
   string ":1.100"
   string ""
   string ":1.100"
signal time=1788730460.972536 sender=org.freedesktop.DBus -> destination=:1.100 serial=2 path=/org/freedesktop/DBus; interface=org.freedesktop.DBus; member=NameAcquired
   string ":1.100"
signal time=1788730460.974748 sender=org.freedesktop.DBus -> destination=:1.100 serial=5 path=/org/freedesktop/DBus; interface=org.freedesktop.DBus; member=NameLost
   string ":1.100"
signal time=1788730460.974771 sender=org.freedesktop.DBus -> destination=(null destination) serial=200 path=/org/freedesktop/DBus; interface=org.freedesktop.DBus; member=NameOwnerChanged
   string ":1.100"
   string ":1.100"
   string ""
signal time=1788730460.974882 sender=:1.2 -> destination=(null destination) serial=131 path=/org/a11y/atspi/registry; interface=org.a11y.atspi.Registry; member=EventListenerDeregistered
   string ":1.100"
   string ""
signal time=1788730460.980547 sender=org.freedesktop.DBus -> destination=(null destination) serial=201 path=/org/freedesktop/DBus; interface=org.freedesktop.DBus; member=NameOwnerChanged
   string ":1.101"
   string ""
   string ":1.101"
signal time=1788730460.980581 sender=org.freedesktop.DBus -> destination=:1.101 serial=2 path=/org/freedesktop/DBus; interface=org.freedesktop.DBus; member=NameAcquired
   string ":1.101"
signal time=1788730460.982212 sender=org.freedesktop.DBus -> destination=:1.101 serial=3 path=/org/freedesktop/DBus; interface=org.freedesktop.DBus; member=NameLost
   string ":1.101"
signal time=1788730460.982243 sender=org.freedesktop.DBus -> destination=(null destination) serial=202 path=/org/freedesktop/DBus; interface=org.freedesktop.DBus; member=NameOwnerChanged
   string ":1.101"
   string ":1.101"
   string ""
signal time=1788730460.982401 sender=:1.2 -> destination=(null destination) serial=132 path=/org/a11y/atspi/registry; interface=org.a11y.atspi.Registry; member=EventListenerDeregistered
   string ":1.101"
   string ""
signal time=1788730460.988686 sender=org.freedesktop.DBus -> destination=(null destination) serial=203 path=/org/freedesktop/DBus; interface=org.freedesktop.DBus; member=NameOwnerChanged
   string ":1.102"
   string ""
   string ":1.102"
signal time=1788730460.988724 sender=org.freedesktop.DBus -> destination=:1.102 serial=2 path=/org/freedesktop/DBus; interface=org.freedesktop.DBus; member=NameAcquired
   string ":1.102"
signal time=1788730460.990052 sender=org.freedesktop.DBus -> destination=:1.102 serial=3 path=/org/freedesktop/DBus; interface=org.freedesktop.DBus; member=NameLost
   string ":1.102"
signal time=1788730460.990076 sender=org.freedesktop.DBus -> destination=(null destination) serial=204 path=/org/freedesktop/DBus; interface=org.freedesktop.DBus; member=NameOwnerChanged
   string ":1.102"
   string ":1.102"
   string ""
signal time=1788730460.990257 sender=:1.2 -> destination=(null destination) serial=133 path=/org/a11y/atspi/registry; interface=org.a11y.atspi.Registry; member=EventListenerDeregistered
   string ":1.102"
   string ""
signal time=1788730460.996864 sender=org.freedesktop.DBus -> destination=(null destination) serial=205 path=/org/freedesktop/DBus; interface=org.freedesktop.DBus; member=NameOwnerChanged
   string ":1.103"
   string ""
   string ":1.103"
signal time=1788730460.996904 sender=org.freedesktop.DBus -> destination=:1.103 serial=2 path=/org/freedesktop/DBus; interface=org.freedesktop.DBus; member=NameAcquired
   string ":1.103"
signal time=1788730460.998680 sender=org.freedesktop.DBus -> destination=:1.103 serial=3 path=/org/freedesktop/DBus; interface=org.freedesktop.DBus; member=NameLost
   string ":1.103"
signal time=1788730460.998702 sender=org.freedesktop.DBus -> destination=(null destination) serial=206 path=/org/freedesktop/DBus; interface=org.freedesktop.DBus; member=NameOwnerChanged
   string ":1.103"
   string ":1.103"
   string ""
signal time=1788730460.998747 sender=:1.2 -> destination=(null destination) serial=134 path=/org/a11y/atspi/registry; interface=org.a11y.atspi.Registry; member=EventListenerDeregistered
   string ":1.103"
   string ""
signal time=1788730461.004414 sender=org.freedesktop.DBus -> destination=(null destination) serial=207 path=/org/freedesktop/DBus; interface=org.freedesktop.DBus; member=NameOwnerChanged
   string ":1.104"
   string ""
   string ":1.104"
signal time=1788730461.004450 sender=org.freedesktop.DBus -> destination=:1.104 serial=2 path=/org/freedesktop/DBus; interface=org.freedesktop.DBus; member=NameAcquired
   string ":1.104"
signal time=1788730461.005948 sender=org.freedesktop.DBus -> destination=:1.104 serial=3 path=/org/freedesktop/DBus; interface=org.freedesktop.DBus; member=NameLost
   string ":1.104"
signal time=1788730461.005969 sender=org.freedesktop.DBus -> destination=(null destination) serial=208 path=/org/freedesktop/DBus; interface=org.freedesktop.DBus; member=NameOwnerChanged
   string ":1.104"
   string ":1.104"
   string ""
signal time=1788730461.006129 sender=:1.2 -> destination=(null destination) serial=135 path=/org/a11y/atspi/registry; interface=org.a11y.atspi.Registry; member=EventListenerDeregistered
   string ":1.104"
   string ""
signal time=1788730461.012101 sender=org.freedesktop.DBus -> destination=(null destination) serial=209 path=/org/freedesktop/DBus; interface=org.freedesktop.DBus; member=NameOwnerChanged
   string ":1.105"
   string ""
   string ":1.105"
signal time=1788730461.012128 sender=org.freedesktop.DBus -> destination=:1.105 serial=2 path=/org/freedesktop/DBus; interface=org.freedesktop.DBus; member=NameAcquired
   string ":1.105"
signal time=1788730461.014086 sender=org.freedesktop.DBus -> destination=:1.105 serial=3 path=/org/freedesktop/DBus; interface=org.freedesktop.DBus; member=NameLost
   string ":1.105"
signal time=1788730461.014107 sender=org.freedesktop.DBus -> destination=(null destination) serial=210 path=/org/freedesktop/DBus; interface=org.freedesktop.DBus; member=NameOwnerChanged
   string ":1.105"
   string ":1.105"
   string ""
signal time=1788730461.014274 sender=:1.2 -> destination=(null destination) serial=136 path=/org/a11y/atspi/registry; interface=org.a11y.atspi.Registry; member=EventListenerDeregistered
   string ":1.105"
   string ""
signal time=1788730461.019714 sender=org.freedesktop.DBus -> destination=(null destination) serial=211 path=/org/freedesktop/DBus; interface=org.freedesktop.DBus; member=NameOwnerChanged
   string ":1.106"
   string ""
   string ":1.106"
signal time=1788730461.019742 sender=org.freedesktop.DBus -> destination=:1.106 serial=2 path=/org/freedesktop/DBus; interface=org.freedesktop.DBus; member=NameAcquired
   string ":1.106"
signal time=1788730461.021679 sender=org.freedesktop.DBus -> destination=:1.106 serial=3 path=/org/freedesktop/DBus; interface=org.freedesktop.DBus; member=NameLost
   string ":1.106"
signal time=1788730461.021700 sender=org.freedesktop.DBus -> destination=(null destination) serial=212 path=/org/freedesktop/DBus; interface=org.freedesktop.DBus; member=NameOwnerChanged
   string ":1.106"
   string ":1.106"
   string ""
signal time=1788730461.021800 sender=:1.2 -> destination=(null destination) serial=137 path=/org/a11y/atspi/registry; interface=org.a11y.atspi.Registry; member=EventListenerDeregistered
   string ":1.106"
   string ""
signal time=1788730461.027336 sender=org.freedesktop.DBus -> destination=(null destination) serial=213 path=/org/freedesktop/DBus; interface=org.freedesktop.DBus; member=NameOwnerChanged
   string ":1.107"
   string ""
   string ":1.107"
signal time=1788730461.027368 sender=org.freedesktop.DBus -> destination=:1.107 serial=2 path=/org/freedesktop/DBus; interface=org.freedesktop.DBus; member=NameAcquired
   string ":1.107"
signal time=1788730461.029363 sender=org.freedesktop.DBus -> destination=:1.107 serial=3 path=/org/freedesktop/DBus; interface=org.freedesktop.DBus; member=NameLost
   string ":1.107"
signal time=1788730461.029380 sender=org.freedesktop.DBus -> destination=(null destination) serial=214 path=/org/freedesktop/DBus; interface=org.freedesktop.DBus; member=NameOwnerChanged
   string ":1.107"
   string ":1.107"
   string ""
signal time=1788730461.029470 sender=:1.2 -> destination=(null destination) serial=138 path=/org/a11y/atspi/registry; interface=org.a11y.atspi.Registry; member=EventListenerDeregistered
   string ":1.107"
   string ""
signal time=1788730461.035773 sender=org.freedesktop.DBus -> destination=(null destination) serial=215 path=/org/freedesktop/DBus; interface=org.freedesktop.DBus; member=NameOwnerChanged
   string ":1.108"
   string ""
   string ":1.108"
signal time=1788730461.035815 sender=org.freedesktop.DBus -> destination=:1.108 serial=2 path=/org/freedesktop/DBus; interface=org.freedesktop.DBus; member=NameAcquired
   string ":1.108"
signal time=1788730461.037308 sender=org.freedesktop.DBus -> destination=:1.108 serial=3 path=/org/freedesktop/DBus; interface=org.freedesktop.DBus; member=NameLost
   string ":1.108"
signal time=1788730461.037330 sender=org.freedesktop.DBus -> destination=(null destination) serial=216 path=/org/freedesktop/DBus; interface=org.freedesktop.DBus; member=NameOwnerChanged
   string ":1.108"
   string ":1.108"
   string ""
signal time=1788730461.037422 sender=:1.2 -> destination=(null destination) serial=139 path=/org/a11y/atspi/registry; interface=org.a11y.atspi.Registry; member=EventListenerDeregistered
   string ":1.108"
   string ""
signal time=1788730461.043601 sender=org.freedesktop.DBus -> destination=(null destination) serial=217 path=/org/freedesktop/DBus; interface=org.freedesktop.DBus; member=NameOwnerChanged
   string ":1.109"
   string ""
   string ":1.109"
signal time=1788730461.043631 sender=org.freedesktop.DBus -> destination=:1.109 serial=2 path=/org/freedesktop/DBus; interface=org.freedesktop.DBus; member=NameAcquired
   string ":1.109"
signal time=1788730461.045820 sender=org.freedesktop.DBus -> destination=:1.109 serial=3 path=/org/freedesktop/DBus; interface=org.freedesktop.DBus; member=NameLost
   string ":1.109"
signal time=1788730461.045842 sender=org.freedesktop.DBus -> destination=(null destination) serial=218 path=/org/freedesktop/DBus; interface=org.freedesktop.DBus; member=NameOwnerChanged
   string ":1.109"
   string ":1.109"
   string ""
signal time=1788730461.045985 sender=:1.2 -> destination=(null destination) serial=140 path=/org/a11y/atspi/registry; interface=org.a11y.atspi.Registry; member=EventListenerDeregistered
   string ":1.109"
   string ""
signal time=1788730461.052005 sender=org.freedesktop.DBus -> destination=(null destination) serial=219 path=/org/freedesktop/DBus; interface=org.freedesktop.DBus; member=NameOwnerChanged
   string ":1.110"
   string ""
   string ":1.110"
signal time=1788730461.052035 sender=org.freedesktop.DBus -> destination=:1.110 serial=2 path=/org/freedesktop/DBus; interface=org.freedesktop.DBus; member=NameAcquired
   string ":1.110"
signal time=1788730461.053736 sender=org.freedesktop.DBus -> destination=:1.110 serial=3 path=/org/freedesktop/DBus; interface=org.freedesktop.DBus; member=NameLost
   string ":1.110"
signal time=1788730461.053757 sender=org.freedesktop.DBus -> destination=(null destination) serial=220 path=/org/freedesktop/DBus; interface=org.freedesktop.DBus; member=NameOwnerChanged
   string ":1.110"
   string ":1.110"
   string ""
signal time=1788730461.053954 sender=:1.2 -> destination=(null destination) serial=141 path=/org/a11y/atspi/registry; interface=org.a11y.atspi.Registry; member=EventListenerDeregistered
   string ":1.110"
   string ""
signal time=1788730461.059751 sender=org.freedesktop.DBus -> destination=(null destination) serial=221 path=/org/freedesktop/DBus; interface=org.freedesktop.DBus; member=NameOwnerChanged
   string ":1.111"
   string ""
   string ":1.111"
signal time=1788730461.059778 sender=org.freedesktop.DBus -> destination=:1.111 serial=2 path=/org/freedesktop/DBus; interface=org.freedesktop.DBus; member=NameAcquired
   string ":1.111"
signal time=1788730461.061637 sender=org.freedesktop.DBus -> destination=:1.111 serial=3 path=/org/freedesktop/DBus; interface=org.freedesktop.DBus; member=NameLost
   string ":1.111"
signal time=1788730461.061658 sender=org.freedesktop.DBus -> destination=(null destination) serial=222 path=/org/freedesktop/DBus; interface=org.freedesktop.DBus; member=NameOwnerChanged
   string ":1.111"
   string ":1.111"
   string ""
signal time=1788730461.061829 sender=:1.2 -> destination=(null destination) serial=142 path=/org/a11y/atspi/registry; interface=org.a11y.atspi.Registry; member=EventListenerDeregistered
   string ":1.111"
   string ""
signal time=1788730461.067557 sender=org.freedesktop.DBus -> destination=(null destination) serial=223 path=/org/freedesktop/DBus; interface=org.freedesktop.DBus; member=NameOwnerChanged
   string ":1.112"
   string ""
   string ":1.112"
signal time=1788730461.067585 sender=org.freedesktop.DBus -> destination=:1.112 serial=2 path=/org/freedesktop/DBus; interface=org.freedesktop.DBus; member=NameAcquired
   string ":1.112"
signal time=1788730461.069498 sender=org.freedesktop.DBus -> destination=:1.112 serial=3 path=/org/freedesktop/DBus; interface=org.freedesktop.DBus; member=NameLost
   string ":1.112"
signal time=1788730461.069514 sender=org.freedesktop.DBus -> destination=(null destination) serial=224 path=/org/freedesktop/DBus; interface=org.freedesktop.DBus; member=NameOwnerChanged
   string ":1.112"
   string ":1.112"
   string ""
signal time=1788730461.069577 sender=:1.2 -> destination=(null destination) serial=143 path=/org/a11y/atspi/registry; interface=org.a11y.atspi.Registry; member=EventListenerDeregistered
   string ":1.112"
   string ""
signal time=1788730461.075182 sender=org.freedesktop.DBus -> destination=(null destination) serial=225 path=/org/freedesktop/DBus; interface=org.freedesktop.DBus; member=NameOwnerChanged
   string ":1.113"
   string ""
   string ":1.113"
signal time=1788730461.075209 sender=org.freedesktop.DBus -> destination=:1.113 serial=2 path=/org/freedesktop/DBus; interface=org.freedesktop.DBus; member=NameAcquired
   string ":1.113"
signal time=1788730461.077085 sender=org.freedesktop.DBus -> destination=:1.113 serial=3 path=/org/freedesktop/DBus; interface=org.freedesktop.DBus; member=NameLost
   string ":1.113"
signal time=1788730461.077101 sender=org.freedesktop.DBus -> destination=(null destination) serial=226 path=/org/freedesktop/DBus; interface=org.freedesktop.DBus; member=NameOwnerChanged
   string ":1.113"
   string ":1.113"
   string ""
signal time=1788730461.077215 sender=:1.2 -> destination=(null destination) serial=144 path=/org/a11y/atspi/registry; interface=org.a11y.atspi.Registry; member=EventListenerDeregistered
   string ":1.113"
   string ""
signal time=1788730461.083155 sender=org.freedesktop.DBus -> destination=(null destination) serial=227 path=/org/freedesktop/DBus; interface=org.freedesktop.DBus; member=NameOwnerChanged
   string ":1.114"
   string ""
   string ":1.114"
signal time=1788730461.083186 sender=org.freedesktop.DBus -> destination=:1.114 serial=2 path=/org/freedesktop/DBus; interface=org.freedesktop.DBus; member=NameAcquired
   string ":1.114"
signal time=1788730461.085042 sender=org.freedesktop.DBus -> destination=:1.114 serial=3 path=/org/freedesktop/DBus; interface=org.freedesktop.DBus; member=NameLost
   string ":1.114"
signal time=1788730461.085060 sender=org.freedesktop.DBus -> destination=(null destination) serial=228 path=/org/freedesktop/DBus; interface=org.freedesktop.DBus; member=NameOwnerChanged
   string ":1.114"
   string ":1.114"
   string ""
signal time=1788730461.085192 sender=:1.2 -> destination=(null destination) serial=145 path=/org/a11y/atspi/registry; interface=org.a11y.atspi.Registry; member=EventListenerDeregistered
   string ":1.114"
   string ""
signal time=1788730461.090807 sender=org.freedesktop.DBus -> destination=(null destination) serial=229 path=/org/freedesktop/DBus; interface=org.freedesktop.DBus; member=NameOwnerChanged
   string ":1.115"
   string ""
   string ":1.115"
signal time=1788730461.090841 sender=org.freedesktop.DBus -> destination=:1.115 serial=2 path=/org/freedesktop/DBus; interface=org.freedesktop.DBus; member=NameAcquired
   string ":1.115"
signal time=1788730461.092777 sender=org.freedesktop.DBus -> destination=:1.115 serial=3 path=/org/freedesktop/DBus; interface=org.freedesktop.DBus; member=NameLost
   string ":1.115"
signal time=1788730461.092793 sender=org.freedesktop.DBus -> destination=(null destination) serial=230 path=/org/freedesktop/DBus; interface=org.freedesktop.DBus; member=NameOwnerChanged
   string ":1.115"
   string ":1.115"
   string ""
signal time=1788730461.093065 sender=:1.2 -> destination=(null destination) serial=146 path=/org/a11y/atspi/registry; interface=org.a11y.atspi.Registry; member=EventListenerDeregistered
   string ":1.115"
   string ""
signal time=1788730461.098548 sender=org.freedesktop.DBus -> destination=(null destination) serial=231 path=/org/freedesktop/DBus; interface=org.freedesktop.DBus; member=NameOwnerChanged
   string ":1.116"
   string ""
   string ":1.116"
signal time=1788730461.098576 sender=org.freedesktop.DBus -> destination=:1.116 serial=2 path=/org/freedesktop/DBus; interface=org.freedesktop.DBus; member=NameAcquired
   string ":1.116"
signal time=1788730461.101015 sender=org.freedesktop.DBus -> destination=:1.116 serial=3 path=/org/freedesktop/DBus; interface=org.freedesktop.DBus; member=NameLost
   string ":1.116"
signal time=1788730461.101123 sender=org.freedesktop.DBus -> destination=(null destination) serial=232 path=/org/freedesktop/DBus; interface=org.freedesktop.DBus; member=NameOwnerChanged
   string ":1.116"
   string ":1.116"
   string ""
signal time=1788730461.101176 sender=:1.2 -> destination=(null destination) serial=147 path=/org/a11y/atspi/registry; interface=org.a11y.atspi.Registry; member=EventListenerDeregistered
   string ":1.116"
   string ""
signal time=1788730461.107084 sender=org.freedesktop.DBus -> destination=(null destination) serial=233 path=/org/freedesktop/DBus; interface=org.freedesktop.DBus; member=NameOwnerChanged
   string ":1.117"
   string ""
   string ":1.117"
signal time=1788730461.107122 sender=org.freedesktop.DBus -> destination=:1.117 serial=2 path=/org/freedesktop/DBus; interface=org.freedesktop.DBus; member=NameAcquired
   string ":1.117"
signal time=1788730461.108516 sender=org.freedesktop.DBus -> destination=:1.117 serial=3 path=/org/freedesktop/DBus; interface=org.freedesktop.DBus; member=NameLost
   string ":1.117"
signal time=1788730461.108535 sender=org.freedesktop.DBus -> destination=(null destination) serial=234 path=/org/freedesktop/DBus; interface=org.freedesktop.DBus; member=NameOwnerChanged
   string ":1.117"
   string ":1.117"
   string ""
signal time=1788730461.108715 sender=:1.2 -> destination=(null destination) serial=148 path=/org/a11y/atspi/registry; interface=org.a11y.atspi.Registry; member=EventListenerDeregistered
   string ":1.117"
   string ""
signal time=1788730461.114963 sender=org.freedesktop.DBus -> destination=(null destination) serial=235 path=/org/freedesktop/DBus; interface=org.freedesktop.DBus; member=NameOwnerChanged
   string ":1.118"
   string ""
   string ":1.118"
signal time=1788730461.114993 sender=org.freedesktop.DBus -> destination=:1.118 serial=2 path=/org/freedesktop/DBus; interface=org.freedesktop.DBus; member=NameAcquired
   string ":1.118"
signal time=1788730461.117048 sender=org.freedesktop.DBus -> destination=:1.118 serial=3 path=/org/freedesktop/DBus; interface=org.freedesktop.DBus; member=NameLost
   string ":1.118"
signal time=1788730461.117069 sender=org.freedesktop.DBus -> destination=(null destination) serial=236 path=/org/freedesktop/DBus; interface=org.freedesktop.DBus; member=NameOwnerChanged
   string ":1.118"
   string ":1.118"
   string ""
signal time=1788730461.117213 sender=:1.2 -> destination=(null destination) serial=149 path=/org/a11y/atspi/registry; interface=org.a11y.atspi.Registry; member=EventListenerDeregistered
   string ":1.118"
   string ""
signal time=1788730461.122726 sender=org.freedesktop.DBus -> destination=(null destination) serial=237 path=/org/freedesktop/DBus; interface=org.freedesktop.DBus; member=NameOwnerChanged
   string ":1.119"
   string ""
   string ":1.119"
signal time=1788730461.122762 sender=org.freedesktop.DBus -> destination=:1.119 serial=2 path=/org/freedesktop/DBus; interface=org.freedesktop.DBus; member=NameAcquired
   string ":1.119"
signal time=1788730461.124932 sender=org.freedesktop.DBus -> destination=:1.119 serial=3 path=/org/freedesktop/DBus; interface=org.freedesktop.DBus; member=NameLost
   string ":1.119"
signal time=1788730461.124948 sender=org.freedesktop.DBus -> destination=(null destination) serial=238 path=/org/freedesktop/DBus; interface=org.freedesktop.DBus; member=NameOwnerChanged
   string ":1.119"
   string ":1.119"
   string ""
signal time=1788730461.125090 sender=:1.2 -> destination=(null destination) serial=150 path=/org/a11y/atspi/registry; interface=org.a11y.atspi.Registry; member=EventListenerDeregistered
   string ":1.119"
   string ""
signal time=1788730461.131135 sender=org.freedesktop.DBus -> destination=(null destination) serial=239 path=/org/freedesktop/DBus; interface=org.freedesktop.DBus; member=NameOwnerChanged
   string ":1.120"
   string ""
   string ":1.120"
signal time=1788730461.131174 sender=org.freedesktop.DBus -> destination=:1.120 serial=2 path=/org/freedesktop/DBus; interface=org.freedesktop.DBus; member=NameAcquired
   string ":1.120"
signal time=1788730461.132655 sender=org.freedesktop.DBus -> destination=:1.120 serial=3 path=/org/freedesktop/DBus; interface=org.freedesktop.DBus; member=NameLost
   string ":1.120"
signal time=1788730461.132676 sender=org.freedesktop.DBus -> destination=(null destination) serial=240 path=/org/freedesktop/DBus; interface=org.freedesktop.DBus; member=NameOwnerChanged
   string ":1.120"
   string ":1.120"
   string ""
signal time=1788730461.132784 sender=:1.2 -> destination=(null destination) serial=151 path=/org/a11y/atspi/registry; interface=org.a11y.atspi.Registry; member=EventListenerDeregistered
   string ":1.120"
   string ""
signal time=1788730461.138495 sender=org.freedesktop.DBus -> destination=(null destination) serial=241 path=/org/freedesktop/DBus; interface=org.freedesktop.DBus; member=NameOwnerChanged
   string ":1.121"
   string ""
   string ":1.121"
signal time=1788730461.138530 sender=org.freedesktop.DBus -> destination=:1.121 serial=2 path=/org/freedesktop/DBus; interface=org.freedesktop.DBus; member=NameAcquired
   string ":1.121"
signal time=1788730461.140598 sender=org.freedesktop.DBus -> destination=:1.121 serial=3 path=/org/freedesktop/DBus; interface=org.freedesktop.DBus; member=NameLost
   string ":1.121"
signal time=1788730461.140615 sender=org.freedesktop.DBus -> destination=(null destination) serial=242 path=/org/freedesktop/DBus; interface=org.freedesktop.DBus; member=NameOwnerChanged
   string ":1.121"
   string ":1.121"
   string ""
signal time=1788730461.140790 sender=:1.2 -> destination=(null destination) serial=152 path=/org/a11y/atspi/registry; interface=org.a11y.atspi.Registry; member=EventListenerDeregistered
   string ":1.121"
   string ""
signal time=1788730461.146187 sender=org.freedesktop.DBus -> destination=(null destination) serial=243 path=/org/freedesktop/DBus; interface=org.freedesktop.DBus; member=NameOwnerChanged
   string ":1.122"
   string ""
   string ":1.122"
signal time=1788730461.146224 sender=org.freedesktop.DBus -> destination=:1.122 serial=2 path=/org/freedesktop/DBus; interface=org.freedesktop.DBus; member=NameAcquired
   string ":1.122"
signal time=1788730461.148309 sender=org.freedesktop.DBus -> destination=:1.122 serial=3 path=/org/freedesktop/DBus; interface=org.freedesktop.DBus; member=NameLost
   string ":1.122"
signal time=1788730461.148326 sender=org.freedesktop.DBus -> destination=(null destination) serial=244 path=/org/freedesktop/DBus; interface=org.freedesktop.DBus; member=NameOwnerChanged
   string ":1.122"
   string ":1.122"
   string ""
signal time=1788730461.148446 sender=:1.2 -> destination=(null destination) serial=153 path=/org/a11y/atspi/registry; interface=org.a11y.atspi.Registry; member=EventListenerDeregistered
   string ":1.122"
   string ""
signal time=1788730461.154367 sender=org.freedesktop.DBus -> destination=(null destination) serial=245 path=/org/freedesktop/DBus; interface=org.freedesktop.DBus; member=NameOwnerChanged
   string ":1.123"
   string ""
   string ":1.123"
signal time=1788730461.154401 sender=org.freedesktop.DBus -> destination=:1.123 serial=2 path=/org/freedesktop/DBus; interface=org.freedesktop.DBus; member=NameAcquired
   string ":1.123"
signal time=1788730461.156564 sender=org.freedesktop.DBus -> destination=:1.123 serial=3 path=/org/freedesktop/DBus; interface=org.freedesktop.DBus; member=NameLost
   string ":1.123"
signal time=1788730461.156595 sender=org.freedesktop.DBus -> destination=(null destination) serial=246 path=/org/freedesktop/DBus; interface=org.freedesktop.DBus; member=NameOwnerChanged
   string ":1.123"
   string ":1.123"
   string ""
signal time=1788730461.156689 sender=:1.2 -> destination=(null destination) serial=154 path=/org/a11y/atspi/registry; interface=org.a11y.atspi.Registry; member=EventListenerDeregistered
   string ":1.123"
   string ""
signal time=1788730461.162411 sender=org.freedesktop.DBus -> destination=(null destination) serial=247 path=/org/freedesktop/DBus; interface=org.freedesktop.DBus; member=NameOwnerChanged
   string ":1.124"
   string ""
   string ":1.124"
signal time=1788730461.162440 sender=org.freedesktop.DBus -> destination=:1.124 serial=2 path=/org/freedesktop/DBus; interface=org.freedesktop.DBus; member=NameAcquired
   string ":1.124"
signal time=1788730461.164384 sender=org.freedesktop.DBus -> destination=:1.124 serial=3 path=/org/freedesktop/DBus; interface=org.freedesktop.DBus; member=NameLost
   string ":1.124"
signal time=1788730461.164402 sender=org.freedesktop.DBus -> destination=(null destination) serial=248 path=/org/freedesktop/DBus; interface=org.freedesktop.DBus; member=NameOwnerChanged
   string ":1.124"
   string ":1.124"
   string ""
signal time=1788730461.164536 sender=:1.2 -> destination=(null destination) serial=155 path=/org/a11y/atspi/registry; interface=org.a11y.atspi.Registry; member=EventListenerDeregistered
   string ":1.124"
   string ""
signal time=1788730461.169960 sender=org.freedesktop.DBus -> destination=(null destination) serial=249 path=/org/freedesktop/DBus; interface=org.freedesktop.DBus; member=NameOwnerChanged
   string ":1.125"
   string ""
   string ":1.125"
signal time=1788730461.169994 sender=org.freedesktop.DBus -> destination=:1.125 serial=2 path=/org/freedesktop/DBus; interface=org.freedesktop.DBus; member=NameAcquired
   string ":1.125"
signal time=1788730461.171705 sender=org.freedesktop.DBus -> destination=:1.125 serial=3 path=/org/freedesktop/DBus; interface=org.freedesktop.DBus; member=NameLost
   string ":1.125"
signal time=1788730461.171723 sender=org.freedesktop.DBus -> destination=(null destination) serial=250 path=/org/freedesktop/DBus; interface=org.freedesktop.DBus; member=NameOwnerChanged
   string ":1.125"
   string ":1.125"
   string ""
signal time=1788730461.171876 sender=:1.2 -> destination=(null destination) serial=156 path=/org/a11y/atspi/registry; interface=org.a11y.atspi.Registry; member=EventListenerDeregistered
   string ":1.125"
   string ""
signal time=1788730461.177793 sender=org.freedesktop.DBus -> destination=(null destination) serial=251 path=/org/freedesktop/DBus; interface=org.freedesktop.DBus; member=NameOwnerChanged
   string ":1.126"
   string ""
   string ":1.126"
signal time=1788730461.177822 sender=org.freedesktop.DBus -> destination=:1.126 serial=2 path=/org/freedesktop/DBus; interface=org.freedesktop.DBus; member=NameAcquired
   string ":1.126"
signal time=1788730461.179929 sender=org.freedesktop.DBus -> destination=:1.126 serial=3 path=/org/freedesktop/DBus; interface=org.freedesktop.DBus; member=NameLost
   string ":1.126"
signal time=1788730461.179946 sender=org.freedesktop.DBus -> destination=(null destination) serial=252 path=/org/freedesktop/DBus; interface=org.freedesktop.DBus; member=NameOwnerChanged
   string ":1.126"
   string ":1.126"
   string ""
signal time=1788730461.180085 sender=:1.2 -> destination=(null destination) serial=157 path=/org/a11y/atspi/registry; interface=org.a11y.atspi.Registry; member=EventListenerDeregistered
   string ":1.126"
   string ""
signal time=1788730461.186165 sender=org.freedesktop.DBus -> destination=(null destination) serial=253 path=/org/freedesktop/DBus; interface=org.freedesktop.DBus; member=NameOwnerChanged
   string ":1.127"
   string ""
   string ":1.127"
signal time=1788730461.186196 sender=org.freedesktop.DBus -> destination=:1.127 serial=2 path=/org/freedesktop/DBus; interface=org.freedesktop.DBus; member=NameAcquired
   string ":1.127"
signal time=1788730461.188292 sender=org.freedesktop.DBus -> destination=:1.127 serial=3 path=/org/freedesktop/DBus; interface=org.freedesktop.DBus; member=NameLost
   string ":1.127"
signal time=1788730461.188309 sender=org.freedesktop.DBus -> destination=(null destination) serial=254 path=/org/freedesktop/DBus; interface=org.freedesktop.DBus; member=NameOwnerChanged
   string ":1.127"
   string ":1.127"
   string ""
signal time=1788730461.188442 sender=:1.2 -> destination=(null destination) serial=158 path=/org/a11y/atspi/registry; interface=org.a11y.atspi.Registry; member=EventListenerDeregistered
   string ":1.127"
   string ""
signal time=1788730461.194076 sender=org.freedesktop.DBus -> destination=(null destination) serial=255 path=/org/freedesktop/DBus; interface=org.freedesktop.DBus; member=NameOwnerChanged
   string ":1.128"
   string ""
   string ":1.128"
signal time=1788730461.194111 sender=org.freedesktop.DBus -> destination=:1.128 serial=2 path=/org/freedesktop/DBus; interface=org.freedesktop.DBus; member=NameAcquired
   string ":1.128"
signal time=1788730461.195767 sender=org.freedesktop.DBus -> destination=:1.128 serial=3 path=/org/freedesktop/DBus; interface=org.freedesktop.DBus; member=NameLost
   string ":1.128"
signal time=1788730461.195783 sender=org.freedesktop.DBus -> destination=(null destination) serial=256 path=/org/freedesktop/DBus; interface=org.freedesktop.DBus; member=NameOwnerChanged
   string ":1.128"
   string ":1.128"
   string ""
signal time=1788730461.195931 sender=:1.2 -> destination=(null destination) serial=159 path=/org/a11y/atspi/registry; interface=org.a11y.atspi.Registry; member=EventListenerDeregistered
   string ":1.128"
   string ""
signal time=1788730461.202054 sender=org.freedesktop.DBus -> destination=(null destination) serial=257 path=/org/freedesktop/DBus; interface=org.freedesktop.DBus; member=NameOwnerChanged
   string ":1.129"
   string ""
   string ":1.129"
signal time=1788730461.202082 sender=org.freedesktop.DBus -> destination=:1.129 serial=2 path=/org/freedesktop/DBus; interface=org.freedesktop.DBus; member=NameAcquired
   string ":1.129"
signal time=1788730461.203741 sender=org.freedesktop.DBus -> destination=:1.129 serial=3 path=/org/freedesktop/DBus; interface=org.freedesktop.DBus; member=NameLost
   string ":1.129"
signal time=1788730461.203757 sender=org.freedesktop.DBus -> destination=(null destination) serial=258 path=/org/freedesktop/DBus; interface=org.freedesktop.DBus; member=NameOwnerChanged
   string ":1.129"
   string ":1.129"
   string ""
signal time=1788730461.203995 sender=:1.2 -> destination=(null destination) serial=160 path=/org/a11y/atspi/registry; interface=org.a11y.atspi.Registry; member=EventListenerDeregistered
   string ":1.129"
   string ""
signal time=1788730461.210011 sender=org.freedesktop.DBus -> destination=(null destination) serial=259 path=/org/freedesktop/DBus; interface=org.freedesktop.DBus; member=NameOwnerChanged
   string ":1.130"
   string ""
   string ":1.130"
signal time=1788730461.210040 sender=org.freedesktop.DBus -> destination=:1.130 serial=2 path=/org/freedesktop/DBus; interface=org.freedesktop.DBus; member=NameAcquired
   string ":1.130"
signal time=1788730461.211856 sender=org.freedesktop.DBus -> destination=:1.130 serial=3 path=/org/freedesktop/DBus; interface=org.freedesktop.DBus; member=NameLost
   string ":1.130"
signal time=1788730461.211876 sender=org.freedesktop.DBus -> destination=(null destination) serial=260 path=/org/freedesktop/DBus; interface=org.freedesktop.DBus; member=NameOwnerChanged
   string ":1.130"
   string ":1.130"
   string ""
signal time=1788730461.212032 sender=:1.2 -> destination=(null destination) serial=161 path=/org/a11y/atspi/registry; interface=org.a11y.atspi.Registry; member=EventListenerDeregistered
   string ":1.130"
   string ""
signal time=1788730461.217636 sender=org.freedesktop.DBus -> destination=(null destination) serial=261 path=/org/freedesktop/DBus; interface=org.freedesktop.DBus; member=NameOwnerChanged
   string ":1.131"
   string ""
   string ":1.131"
signal time=1788730461.217687 sender=org.freedesktop.DBus -> destination=:1.131 serial=2 path=/org/freedesktop/DBus; interface=org.freedesktop.DBus; member=NameAcquired
   string ":1.131"
signal time=1788730461.219724 sender=org.freedesktop.DBus -> destination=:1.131 serial=3 path=/org/freedesktop/DBus; interface=org.freedesktop.DBus; member=NameLost
   string ":1.131"
signal time=1788730461.219745 sender=org.freedesktop.DBus -> destination=(null destination) serial=262 path=/org/freedesktop/DBus; interface=org.freedesktop.DBus; member=NameOwnerChanged
   string ":1.131"
   string ":1.131"
   string ""
signal time=1788730461.219876 sender=:1.2 -> destination=(null destination) serial=162 path=/org/a11y/atspi/registry; interface=org.a11y.atspi.Registry; member=EventListenerDeregistered
   string ":1.131"
   string ""
signal time=1788730461.225443 sender=org.freedesktop.DBus -> destination=(null destination) serial=263 path=/org/freedesktop/DBus; interface=org.freedesktop.DBus; member=NameOwnerChanged
   string ":1.132"
   string ""
   string ":1.132"
signal time=1788730461.225479 sender=org.freedesktop.DBus -> destination=:1.132 serial=2 path=/org/freedesktop/DBus; interface=org.freedesktop.DBus; member=NameAcquired
   string ":1.132"
signal time=1788730461.227519 sender=org.freedesktop.DBus -> destination=:1.132 serial=3 path=/org/freedesktop/DBus; interface=org.freedesktop.DBus; member=NameLost
   string ":1.132"
signal time=1788730461.227546 sender=org.freedesktop.DBus -> destination=(null destination) serial=264 path=/org/freedesktop/DBus; interface=org.freedesktop.DBus; member=NameOwnerChanged
   string ":1.132"
   string ":1.132"
   string ""
signal time=1788730461.227675 sender=:1.2 -> destination=(null destination) serial=163 path=/org/a11y/atspi/registry; interface=org.a11y.atspi.Registry; member=EventListenerDeregistered
   string ":1.132"
   string ""
signal time=1788730461.233293 sender=org.freedesktop.DBus -> destination=(null destination) serial=265 path=/org/freedesktop/DBus; interface=org.freedesktop.DBus; member=NameOwnerChanged
   string ":1.133"
   string ""
   string ":1.133"
signal time=1788730461.233321 sender=org.freedesktop.DBus -> destination=:1.133 serial=2 path=/org/freedesktop/DBus; interface=org.freedesktop.DBus; member=NameAcquired
   string ":1.133"
signal time=1788730461.235288 sender=org.freedesktop.DBus -> destination=:1.133 serial=3 path=/org/freedesktop/DBus; interface=org.freedesktop.DBus; member=NameLost
   string ":1.133"
signal time=1788730461.235309 sender=org.freedesktop.DBus -> destination=(null destination) serial=266 path=/org/freedesktop/DBus; interface=org.freedesktop.DBus; member=NameOwnerChanged
   string ":1.133"
   string ":1.133"
   string ""
signal time=1788730461.235463 sender=:1.2 -> destination=(null destination) serial=164 path=/org/a11y/atspi/registry; interface=org.a11y.atspi.Registry; member=EventListenerDeregistered
   string ":1.133"
   string ""
signal time=1788730461.241019 sender=org.freedesktop.DBus -> destination=(null destination) serial=267 path=/org/freedesktop/DBus; interface=org.freedesktop.DBus; member=NameOwnerChanged
   string ":1.134"
   string ""
   string ":1.134"
signal time=1788730461.241047 sender=org.freedesktop.DBus -> destination=:1.134 serial=2 path=/org/freedesktop/DBus; interface=org.freedesktop.DBus; member=NameAcquired
   string ":1.134"
signal time=1788730461.243032 sender=org.freedesktop.DBus -> destination=:1.134 serial=3 path=/org/freedesktop/DBus; interface=org.freedesktop.DBus; member=NameLost
   string ":1.134"
signal time=1788730461.243060 sender=org.freedesktop.DBus -> destination=(null destination) serial=268 path=/org/freedesktop/DBus; interface=org.freedesktop.DBus; member=NameOwnerChanged
   string ":1.134"
   string ":1.134"
   string ""
signal time=1788730461.243197 sender=:1.2 -> destination=(null destination) serial=165 path=/org/a11y/atspi/registry; interface=org.a11y.atspi.Registry; member=EventListenerDeregistered
   string ":1.134"
   string ""
signal time=1788730461.248797 sender=org.freedesktop.DBus -> destination=(null destination) serial=269 path=/org/freedesktop/DBus; interface=org.freedesktop.DBus; member=NameOwnerChanged
   string ":1.135"
   string ""
   string ":1.135"
signal time=1788730461.248824 sender=org.freedesktop.DBus -> destination=:1.135 serial=2 path=/org/freedesktop/DBus; interface=org.freedesktop.DBus; member=NameAcquired
   string ":1.135"
signal time=1788730461.250958 sender=org.freedesktop.DBus -> destination=:1.135 serial=3 path=/org/freedesktop/DBus; interface=org.freedesktop.DBus; member=NameLost
   string ":1.135"
signal time=1788730461.250980 sender=org.freedesktop.DBus -> destination=(null destination) serial=270 path=/org/freedesktop/DBus; interface=org.freedesktop.DBus; member=NameOwnerChanged
   string ":1.135"
   string ":1.135"
   string ""
signal time=1788730461.251119 sender=:1.2 -> destination=(null destination) serial=166 path=/org/a11y/atspi/registry; interface=org.a11y.atspi.Registry; member=EventListenerDeregistered
   string ":1.135"
   string ""
signal time=1788730461.256818 sender=org.freedesktop.DBus -> destination=(null destination) serial=271 path=/org/freedesktop/DBus; interface=org.freedesktop.DBus; member=NameOwnerChanged
   string ":1.136"
   string ""
   string ":1.136"
signal time=1788730461.256845 sender=org.freedesktop.DBus -> destination=:1.136 serial=2 path=/org/freedesktop/DBus; interface=org.freedesktop.DBus; member=NameAcquired
   string ":1.136"
signal time=1788730461.258788 sender=org.freedesktop.DBus -> destination=:1.136 serial=3 path=/org/freedesktop/DBus; interface=org.freedesktop.DBus; member=NameLost
   string ":1.136"
signal time=1788730461.258809 sender=org.freedesktop.DBus -> destination=(null destination) serial=272 path=/org/freedesktop/DBus; interface=org.freedesktop.DBus; member=NameOwnerChanged
   string ":1.136"
   string ":1.136"
   string ""
signal time=1788730461.258969 sender=:1.2 -> destination=(null destination) serial=167 path=/org/a11y/atspi/registry; interface=org.a11y.atspi.Registry; member=EventListenerDeregistered
   string ":1.136"
   string ""
signal time=1788730461.264209 sender=org.freedesktop.DBus -> destination=(null destination) serial=273 path=/org/freedesktop/DBus; interface=org.freedesktop.DBus; member=NameOwnerChanged
   string ":1.137"
   string ""
   string ":1.137"
signal time=1788730461.264236 sender=org.freedesktop.DBus -> destination=:1.137 serial=2 path=/org/freedesktop/DBus; interface=org.freedesktop.DBus; member=NameAcquired
   string ":1.137"
signal time=1788730461.266043 sender=org.freedesktop.DBus -> destination=:1.137 serial=3 path=/org/freedesktop/DBus; interface=org.freedesktop.DBus; member=NameLost
   string ":1.137"
signal time=1788730461.266064 sender=org.freedesktop.DBus -> destination=(null destination) serial=274 path=/org/freedesktop/DBus; interface=org.freedesktop.DBus; member=NameOwnerChanged
   string ":1.137"
   string ":1.137"
   string ""
signal time=1788730461.266204 sender=:1.2 -> destination=(null destination) serial=168 path=/org/a11y/atspi/registry; interface=org.a11y.atspi.Registry; member=EventListenerDeregistered
   string ":1.137"
   string ""
signal time=1788730461.271629 sender=org.freedesktop.DBus -> destination=(null destination) serial=275 path=/org/freedesktop/DBus; interface=org.freedesktop.DBus; member=NameOwnerChanged
   string ":1.138"
   string ""
   string ":1.138"
signal time=1788730461.271656 sender=org.freedesktop.DBus -> destination=:1.138 serial=2 path=/org/freedesktop/DBus; interface=org.freedesktop.DBus; member=NameAcquired
   string ":1.138"
signal time=1788730461.273716 sender=org.freedesktop.DBus -> destination=:1.138 serial=3 path=/org/freedesktop/DBus; interface=org.freedesktop.DBus; member=NameLost
   string ":1.138"
signal time=1788730461.273736 sender=org.freedesktop.DBus -> destination=(null destination) serial=276 path=/org/freedesktop/DBus; interface=org.freedesktop.DBus; member=NameOwnerChanged
   string ":1.138"
   string ":1.138"
   string ""
signal time=1788730461.273860 sender=:1.2 -> destination=(null destination) serial=169 path=/org/a11y/atspi/registry; interface=org.a11y.atspi.Registry; member=EventListenerDeregistered
   string ":1.138"
   string ""
signal time=1788730461.279417 sender=org.freedesktop.DBus -> destination=(null destination) serial=277 path=/org/freedesktop/DBus; interface=org.freedesktop.DBus; member=NameOwnerChanged
   string ":1.139"
   string ""
   string ":1.139"
signal time=1788730461.279444 sender=org.freedesktop.DBus -> destination=:1.139 serial=2 path=/org/freedesktop/DBus; interface=org.freedesktop.DBus; member=NameAcquired
   string ":1.139"
signal time=1788730461.281417 sender=org.freedesktop.DBus -> destination=:1.139 serial=3 path=/org/freedesktop/DBus; interface=org.freedesktop.DBus; member=NameLost
   string ":1.139"
signal time=1788730461.281434 sender=org.freedesktop.DBus -> destination=(null destination) serial=278 path=/org/freedesktop/DBus; interface=org.freedesktop.DBus; member=NameOwnerChanged
   string ":1.139"
   string ":1.139"
   string ""
signal time=1788730461.281521 sender=:1.2 -> destination=(null destination) serial=170 path=/org/a11y/atspi/registry; interface=org.a11y.atspi.Registry; member=EventListenerDeregistered
   string ":1.139"
   string ""
signal time=1788730461.287428 sender=org.freedesktop.DBus -> destination=(null destination) serial=279 path=/org/freedesktop/DBus; interface=org.freedesktop.DBus; member=NameOwnerChanged
   string ":1.140"
   string ""
   string ":1.140"
signal time=1788730461.287459 sender=org.freedesktop.DBus -> destination=:1.140 serial=2 path=/org/freedesktop/DBus; interface=org.freedesktop.DBus; member=NameAcquired
   string ":1.140"
signal time=1788730461.288759 sender=org.freedesktop.DBus -> destination=:1.140 serial=3 path=/org/freedesktop/DBus; interface=org.freedesktop.DBus; member=NameLost
   string ":1.140"
signal time=1788730461.288775 sender=org.freedesktop.DBus -> destination=(null destination) serial=280 path=/org/freedesktop/DBus; interface=org.freedesktop.DBus; member=NameOwnerChanged
   string ":1.140"
   string ":1.140"
   string ""
signal time=1788730461.288916 sender=:1.2 -> destination=(null destination) serial=171 path=/org/a11y/atspi/registry; interface=org.a11y.atspi.Registry; member=EventListenerDeregistered
   string ":1.140"
   string ""
signal time=1788730461.294853 sender=org.freedesktop.DBus -> destination=(null destination) serial=281 path=/org/freedesktop/DBus; interface=org.freedesktop.DBus; member=NameOwnerChanged
   string ":1.141"
   string ""
   string ":1.141"
signal time=1788730461.294881 sender=org.freedesktop.DBus -> destination=:1.141 serial=2 path=/org/freedesktop/DBus; interface=org.freedesktop.DBus; member=NameAcquired
   string ":1.141"
signal time=1788730461.296955 sender=org.freedesktop.DBus -> destination=:1.141 serial=3 path=/org/freedesktop/DBus; interface=org.freedesktop.DBus; member=NameLost
   string ":1.141"
signal time=1788730461.296972 sender=org.freedesktop.DBus -> destination=(null destination) serial=282 path=/org/freedesktop/DBus; interface=org.freedesktop.DBus; member=NameOwnerChanged
   string ":1.141"
   string ":1.141"
   string ""
signal time=1788730461.297123 sender=:1.2 -> destination=(null destination) serial=172 path=/org/a11y/atspi/registry; interface=org.a11y.atspi.Registry; member=EventListenerDeregistered
   string ":1.141"
   string ""
signal time=1788730461.302671 sender=org.freedesktop.DBus -> destination=(null destination) serial=283 path=/org/freedesktop/DBus; interface=org.freedesktop.DBus; member=NameOwnerChanged
   string ":1.142"
   string ""
   string ":1.142"
signal time=1788730461.302699 sender=org.freedesktop.DBus -> destination=:1.142 serial=2 path=/org/freedesktop/DBus; interface=org.freedesktop.DBus; member=NameAcquired
   string ":1.142"
signal time=1788730461.304017 sender=org.freedesktop.DBus -> destination=:1.142 serial=3 path=/org/freedesktop/DBus; interface=org.freedesktop.DBus; member=NameLost
   string ":1.142"
signal time=1788730461.304033 sender=org.freedesktop.DBus -> destination=(null destination) serial=284 path=/org/freedesktop/DBus; interface=org.freedesktop.DBus; member=NameOwnerChanged
   string ":1.142"
   string ":1.142"
   string ""
signal time=1788730461.304171 sender=:1.2 -> destination=(null destination) serial=173 path=/org/a11y/atspi/registry; interface=org.a11y.atspi.Registry; member=EventListenerDeregistered
   string ":1.142"
   string ""
signal time=1788730461.309903 sender=org.freedesktop.DBus -> destination=(null destination) serial=285 path=/org/freedesktop/DBus; interface=org.freedesktop.DBus; member=NameOwnerChanged
   string ":1.143"
   string ""
   string ":1.143"
signal time=1788730461.309931 sender=org.freedesktop.DBus -> destination=:1.143 serial=2 path=/org/freedesktop/DBus; interface=org.freedesktop.DBus; member=NameAcquired
   string ":1.143"
signal time=1788730461.311921 sender=org.freedesktop.DBus -> destination=:1.143 serial=3 path=/org/freedesktop/DBus; interface=org.freedesktop.DBus; member=NameLost
   string ":1.143"
signal time=1788730461.311936 sender=org.freedesktop.DBus -> destination=(null destination) serial=286 path=/org/freedesktop/DBus; interface=org.freedesktop.DBus; member=NameOwnerChanged
   string ":1.143"
   string ":1.143"
   string ""
signal time=1788730461.312055 sender=:1.2 -> destination=(null destination) serial=174 path=/org/a11y/atspi/registry; interface=org.a11y.atspi.Registry; member=EventListenerDeregistered
   string ":1.143"
   string ""
signal time=1788730461.317729 sender=org.freedesktop.DBus -> destination=(null destination) serial=287 path=/org/freedesktop/DBus; interface=org.freedesktop.DBus; member=NameOwnerChanged
   string ":1.144"
   string ""
   string ":1.144"
signal time=1788730461.317764 sender=org.freedesktop.DBus -> destination=:1.144 serial=2 path=/org/freedesktop/DBus; interface=org.freedesktop.DBus; member=NameAcquired
   string ":1.144"
signal time=1788730461.319584 sender=org.freedesktop.DBus -> destination=:1.144 serial=3 path=/org/freedesktop/DBus; interface=org.freedesktop.DBus; member=NameLost
   string ":1.144"
signal time=1788730461.319605 sender=org.freedesktop.DBus -> destination=(null destination) serial=288 path=/org/freedesktop/DBus; interface=org.freedesktop.DBus; member=NameOwnerChanged
   string ":1.144"
   string ":1.144"
   string ""
signal time=1788730461.319747 sender=:1.2 -> destination=(null destination) serial=175 path=/org/a11y/atspi/registry; interface=org.a11y.atspi.Registry; member=EventListenerDeregistered
   string ":1.144"
   string ""
signal time=1788730461.325414 sender=org.freedesktop.DBus -> destination=(null destination) serial=289 path=/org/freedesktop/DBus; interface=org.freedesktop.DBus; member=NameOwnerChanged
   string ":1.145"
   string ""
   string ":1.145"
signal time=1788730461.325452 sender=org.freedesktop.DBus -> destination=:1.145 serial=2 path=/org/freedesktop/DBus; interface=org.freedesktop.DBus; member=NameAcquired
   string ":1.145"
signal time=1788730461.327348 sender=org.freedesktop.DBus -> destination=:1.145 serial=3 path=/org/freedesktop/DBus; interface=org.freedesktop.DBus; member=NameLost
   string ":1.145"
signal time=1788730461.327369 sender=org.freedesktop.DBus -> destination=(null destination) serial=290 path=/org/freedesktop/DBus; interface=org.freedesktop.DBus; member=NameOwnerChanged
   string ":1.145"
   string ":1.145"
   string ""
signal time=1788730461.327515 sender=:1.2 -> destination=(null destination) serial=176 path=/org/a11y/atspi/registry; interface=org.a11y.atspi.Registry; member=EventListenerDeregistered
   string ":1.145"
   string ""
signal time=1788730461.332873 sender=org.freedesktop.DBus -> destination=(null destination) serial=291 path=/org/freedesktop/DBus; interface=org.freedesktop.DBus; member=NameOwnerChanged
   string ":1.146"
   string ""
   string ":1.146"
signal time=1788730461.332900 sender=org.freedesktop.DBus -> destination=:1.146 serial=2 path=/org/freedesktop/DBus; interface=org.freedesktop.DBus; member=NameAcquired
   string ":1.146"
signal time=1788730461.335089 sender=org.freedesktop.DBus -> destination=:1.146 serial=3 path=/org/freedesktop/DBus; interface=org.freedesktop.DBus; member=NameLost
   string ":1.146"
signal time=1788730461.335126 sender=org.freedesktop.DBus -> destination=(null destination) serial=292 path=/org/freedesktop/DBus; interface=org.freedesktop.DBus; member=NameOwnerChanged
   string ":1.146"
   string ":1.146"
   string ""
signal time=1788730461.335174 sender=:1.2 -> destination=(null destination) serial=177 path=/org/a11y/atspi/registry; interface=org.a11y.atspi.Registry; member=EventListenerDeregistered
   string ":1.146"
   string ""
signal time=1788730461.340655 sender=org.freedesktop.DBus -> destination=(null destination) serial=293 path=/org/freedesktop/DBus; interface=org.freedesktop.DBus; member=NameOwnerChanged
   string ":1.147"
   string ""
   string ":1.147"
signal time=1788730461.340683 sender=org.freedesktop.DBus -> destination=:1.147 serial=2 path=/org/freedesktop/DBus; interface=org.freedesktop.DBus; member=NameAcquired
   string ":1.147"
signal time=1788730461.342605 sender=org.freedesktop.DBus -> destination=:1.147 serial=3 path=/org/freedesktop/DBus; interface=org.freedesktop.DBus; member=NameLost
   string ":1.147"
signal time=1788730461.342630 sender=org.freedesktop.DBus -> destination=(null destination) serial=294 path=/org/freedesktop/DBus; interface=org.freedesktop.DBus; member=NameOwnerChanged
   string ":1.147"
   string ":1.147"
   string ""
signal time=1788730461.342740 sender=:1.2 -> destination=(null destination) serial=178 path=/org/a11y/atspi/registry; interface=org.a11y.atspi.Registry; member=EventListenerDeregistered
   string ":1.147"
   string ""
signal time=1788730461.348057 sender=org.freedesktop.DBus -> destination=(null destination) serial=295 path=/org/freedesktop/DBus; interface=org.freedesktop.DBus; member=NameOwnerChanged
   string ":1.148"
   string ""
   string ":1.148"
signal time=1788730461.348084 sender=org.freedesktop.DBus -> destination=:1.148 serial=2 path=/org/freedesktop/DBus; interface=org.freedesktop.DBus; member=NameAcquired
   string ":1.148"
signal time=1788730461.350220 sender=org.freedesktop.DBus -> destination=:1.148 serial=3 path=/org/freedesktop/DBus; interface=org.freedesktop.DBus; member=NameLost
   string ":1.148"
signal time=1788730461.350246 sender=org.freedesktop.DBus -> destination=(null destination) serial=296 path=/org/freedesktop/DBus; interface=org.freedesktop.DBus; member=NameOwnerChanged
   string ":1.148"
   string ":1.148"
   string ""
signal time=1788730461.350440 sender=:1.2 -> destination=(null destination) serial=179 path=/org/a11y/atspi/registry; interface=org.a11y.atspi.Registry; member=EventListenerDeregistered
   string ":1.148"
   string ""
signal time=1788730461.355928 sender=org.freedesktop.DBus -> destination=(null destination) serial=297 path=/org/freedesktop/DBus; interface=org.freedesktop.DBus; member=NameOwnerChanged
   string ":1.149"
   string ""
   string ":1.149"
signal time=1788730461.355961 sender=org.freedesktop.DBus -> destination=:1.149 serial=2 path=/org/freedesktop/DBus; interface=org.freedesktop.DBus; member=NameAcquired
   string ":1.149"
signal time=1788730461.357488 sender=org.freedesktop.DBus -> destination=:1.149 serial=3 path=/org/freedesktop/DBus; interface=org.freedesktop.DBus; member=NameLost
   string ":1.149"
signal time=1788730461.357504 sender=org.freedesktop.DBus -> destination=(null destination) serial=298 path=/org/freedesktop/DBus; interface=org.freedesktop.DBus; member=NameOwnerChanged
   string ":1.149"
   string ":1.149"
   string ""
signal time=1788730461.357708 sender=:1.2 -> destination=(null destination) serial=180 path=/org/a11y/atspi/registry; interface=org.a11y.atspi.Registry; member=EventListenerDeregistered
   string ":1.149"
   string ""
signal time=1788730461.363694 sender=org.freedesktop.DBus -> destination=(null destination) serial=299 path=/org/freedesktop/DBus; interface=org.freedesktop.DBus; member=NameOwnerChanged
   string ":1.150"
   string ""
   string ":1.150"
signal time=1788730461.363730 sender=org.freedesktop.DBus -> destination=:1.150 serial=2 path=/org/freedesktop/DBus; interface=org.freedesktop.DBus; member=NameAcquired
   string ":1.150"
signal time=1788730461.365705 sender=org.freedesktop.DBus -> destination=:1.150 serial=3 path=/org/freedesktop/DBus; interface=org.freedesktop.DBus; member=NameLost
   string ":1.150"
signal time=1788730461.365730 sender=org.freedesktop.DBus -> destination=(null destination) serial=300 path=/org/freedesktop/DBus; interface=org.freedesktop.DBus; member=NameOwnerChanged
   string ":1.150"
   string ":1.150"
   string ""
signal time=1788730461.365916 sender=:1.2 -> destination=(null destination) serial=181 path=/org/a11y/atspi/registry; interface=org.a11y.atspi.Registry; member=EventListenerDeregistered
   string ":1.150"
   string ""
signal time=1788730461.371217 sender=org.freedesktop.DBus -> destination=(null destination) serial=301 path=/org/freedesktop/DBus; interface=org.freedesktop.DBus; member=NameOwnerChanged
   string ":1.151"
   string ""
   string ":1.151"
signal time=1788730461.371243 sender=org.freedesktop.DBus -> destination=:1.151 serial=2 path=/org/freedesktop/DBus; interface=org.freedesktop.DBus; member=NameAcquired
   string ":1.151"
signal time=1788730461.373197 sender=org.freedesktop.DBus -> destination=:1.151 serial=3 path=/org/freedesktop/DBus; interface=org.freedesktop.DBus; member=NameLost
   string ":1.151"
signal time=1788730461.373217 sender=org.freedesktop.DBus -> destination=(null destination) serial=302 path=/org/freedesktop/DBus; interface=org.freedesktop.DBus; member=NameOwnerChanged
   string ":1.151"
   string ":1.151"
   string ""
signal time=1788730461.373350 sender=:1.2 -> destination=(null destination) serial=182 path=/org/a11y/atspi/registry; interface=org.a11y.atspi.Registry; member=EventListenerDeregistered
   string ":1.151"
   string ""
signal time=1788730461.379011 sender=org.freedesktop.DBus -> destination=(null destination) serial=303 path=/org/freedesktop/DBus; interface=org.freedesktop.DBus; member=NameOwnerChanged
   string ":1.152"
   string ""
   string ":1.152"
signal time=1788730461.379038 sender=org.freedesktop.DBus -> destination=:1.152 serial=2 path=/org/freedesktop/DBus; interface=org.freedesktop.DBus; member=NameAcquired
   string ":1.152"
signal time=1788730461.381044 sender=org.freedesktop.DBus -> destination=:1.152 serial=3 path=/org/freedesktop/DBus; interface=org.freedesktop.DBus; member=NameLost
   string ":1.152"
signal time=1788730461.381065 sender=org.freedesktop.DBus -> destination=(null destination) serial=304 path=/org/freedesktop/DBus; interface=org.freedesktop.DBus; member=NameOwnerChanged
   string ":1.152"
   string ":1.152"
   string ""
signal time=1788730461.381216 sender=:1.2 -> destination=(null destination) serial=183 path=/org/a11y/atspi/registry; interface=org.a11y.atspi.Registry; member=EventListenerDeregistered
   string ":1.152"
   string ""
signal time=1788730461.386898 sender=org.freedesktop.DBus -> destination=(null destination) serial=305 path=/org/freedesktop/DBus; interface=org.freedesktop.DBus; member=NameOwnerChanged
   string ":1.153"
   string ""
   string ":1.153"
signal time=1788730461.386937 sender=org.freedesktop.DBus -> destination=:1.153 serial=2 path=/org/freedesktop/DBus; interface=org.freedesktop.DBus; member=NameAcquired
   string ":1.153"
signal time=1788730461.389048 sender=org.freedesktop.DBus -> destination=:1.153 serial=3 path=/org/freedesktop/DBus; interface=org.freedesktop.DBus; member=NameLost
   string ":1.153"
signal time=1788730461.389070 sender=org.freedesktop.DBus -> destination=(null destination) serial=306 path=/org/freedesktop/DBus; interface=org.freedesktop.DBus; member=NameOwnerChanged
   string ":1.153"
   string ":1.153"
   string ""
signal time=1788730461.389191 sender=:1.2 -> destination=(null destination) serial=184 path=/org/a11y/atspi/registry; interface=org.a11y.atspi.Registry; member=EventListenerDeregistered
   string ":1.153"
   string ""
signal time=1788730461.394994 sender=org.freedesktop.DBus -> destination=(null destination) serial=307 path=/org/freedesktop/DBus; interface=org.freedesktop.DBus; member=NameOwnerChanged
   string ":1.154"
   string ""
   string ":1.154"
signal time=1788730461.395043 sender=org.freedesktop.DBus -> destination=:1.154 serial=2 path=/org/freedesktop/DBus; interface=org.freedesktop.DBus; member=NameAcquired
   string ":1.154"
signal time=1788730461.397076 sender=org.freedesktop.DBus -> destination=:1.154 serial=3 path=/org/freedesktop/DBus; interface=org.freedesktop.DBus; member=NameLost
   string ":1.154"
signal time=1788730461.397096 sender=org.freedesktop.DBus -> destination=(null destination) serial=308 path=/org/freedesktop/DBus; interface=org.freedesktop.DBus; member=NameOwnerChanged
   string ":1.154"
   string ":1.154"
   string ""
signal time=1788730461.397230 sender=:1.2 -> destination=(null destination) serial=185 path=/org/a11y/atspi/registry; interface=org.a11y.atspi.Registry; member=EventListenerDeregistered
   string ":1.154"
   string ""
signal time=1788730461.402859 sender=org.freedesktop.DBus -> destination=(null destination) serial=309 path=/org/freedesktop/DBus; interface=org.freedesktop.DBus; member=NameOwnerChanged
   string ":1.155"
   string ""
   string ":1.155"
signal time=1788730461.402895 sender=org.freedesktop.DBus -> destination=:1.155 serial=2 path=/org/freedesktop/DBus; interface=org.freedesktop.DBus; member=NameAcquired
   string ":1.155"
signal time=1788730461.405014 sender=org.freedesktop.DBus -> destination=:1.155 serial=3 path=/org/freedesktop/DBus; interface=org.freedesktop.DBus; member=NameLost
   string ":1.155"
signal time=1788730461.405036 sender=org.freedesktop.DBus -> destination=(null destination) serial=310 path=/org/freedesktop/DBus; interface=org.freedesktop.DBus; member=NameOwnerChanged
   string ":1.155"
   string ":1.155"
   string ""
signal time=1788730461.405196 sender=:1.2 -> destination=(null destination) serial=186 path=/org/a11y/atspi/registry; interface=org.a11y.atspi.Registry; member=EventListenerDeregistered
   string ":1.155"
   string ""
signal time=1788730461.411097 sender=org.freedesktop.DBus -> destination=(null destination) serial=311 path=/org/freedesktop/DBus; interface=org.freedesktop.DBus; member=NameOwnerChanged
   string ":1.156"
   string ""
   string ":1.156"
signal time=1788730461.411134 sender=org.freedesktop.DBus -> destination=:1.156 serial=2 path=/org/freedesktop/DBus; interface=org.freedesktop.DBus; member=NameAcquired
   string ":1.156"
signal time=1788730461.412919 sender=org.freedesktop.DBus -> destination=:1.156 serial=3 path=/org/freedesktop/DBus; interface=org.freedesktop.DBus; member=NameLost
   string ":1.156"
signal time=1788730461.412935 sender=org.freedesktop.DBus -> destination=(null destination) serial=312 path=/org/freedesktop/DBus; interface=org.freedesktop.DBus; member=NameOwnerChanged
   string ":1.156"
   string ":1.156"
   string ""
signal time=1788730461.413051 sender=:1.2 -> destination=(null destination) serial=187 path=/org/a11y/atspi/registry; interface=org.a11y.atspi.Registry; member=EventListenerDeregistered
   string ":1.156"
   string ""
signal time=1788730461.419458 sender=org.freedesktop.DBus -> destination=(null destination) serial=313 path=/org/freedesktop/DBus; interface=org.freedesktop.DBus; member=NameOwnerChanged
   string ":1.157"
   string ""
   string ":1.157"
signal time=1788730461.419495 sender=org.freedesktop.DBus -> destination=:1.157 serial=2 path=/org/freedesktop/DBus; interface=org.freedesktop.DBus; member=NameAcquired
   string ":1.157"
signal time=1788730461.421729 sender=org.freedesktop.DBus -> destination=:1.157 serial=3 path=/org/freedesktop/DBus; interface=org.freedesktop.DBus; member=NameLost
   string ":1.157"
signal time=1788730461.421759 sender=org.freedesktop.DBus -> destination=(null destination) serial=314 path=/org/freedesktop/DBus; interface=org.freedesktop.DBus; member=NameOwnerChanged
   string ":1.157"
   string ":1.157"
   string ""
signal time=1788730461.421942 sender=:1.2 -> destination=(null destination) serial=188 path=/org/a11y/atspi/registry; interface=org.a11y.atspi.Registry; member=EventListenerDeregistered
   string ":1.157"
   string ""
signal time=1788730461.427731 sender=org.freedesktop.DBus -> destination=(null destination) serial=315 path=/org/freedesktop/DBus; interface=org.freedesktop.DBus; member=NameOwnerChanged
   string ":1.158"
   string ""
   string ":1.158"
signal time=1788730461.427771 sender=org.freedesktop.DBus -> destination=:1.158 serial=2 path=/org/freedesktop/DBus; interface=org.freedesktop.DBus; member=NameAcquired
   string ":1.158"
signal time=1788730461.429713 sender=org.freedesktop.DBus -> destination=:1.158 serial=3 path=/org/freedesktop/DBus; interface=org.freedesktop.DBus; member=NameLost
   string ":1.158"
signal time=1788730461.429743 sender=org.freedesktop.DBus -> destination=(null destination) serial=316 path=/org/freedesktop/DBus; interface=org.freedesktop.DBus; member=NameOwnerChanged
   string ":1.158"
   string ":1.158"
   string ""
signal time=1788730461.429911 sender=:1.2 -> destination=(null destination) serial=189 path=/org/a11y/atspi/registry; interface=org.a11y.atspi.Registry; member=EventListenerDeregistered
   string ":1.158"
   string ""
signal time=1788730461.435714 sender=org.freedesktop.DBus -> destination=(null destination) serial=317 path=/org/freedesktop/DBus; interface=org.freedesktop.DBus; member=NameOwnerChanged
   string ":1.159"
   string ""
   string ":1.159"
signal time=1788730461.435740 sender=org.freedesktop.DBus -> destination=:1.159 serial=2 path=/org/freedesktop/DBus; interface=org.freedesktop.DBus; member=NameAcquired
   string ":1.159"
signal time=1788730461.437641 sender=org.freedesktop.DBus -> destination=:1.159 serial=3 path=/org/freedesktop/DBus; interface=org.freedesktop.DBus; member=NameLost
   string ":1.159"
signal time=1788730461.437662 sender=org.freedesktop.DBus -> destination=(null destination) serial=318 path=/org/freedesktop/DBus; interface=org.freedesktop.DBus; member=NameOwnerChanged
   string ":1.159"
   string ":1.159"
   string ""
signal time=1788730461.437853 sender=:1.2 -> destination=(null destination) serial=190 path=/org/a11y/atspi/registry; interface=org.a11y.atspi.Registry; member=EventListenerDeregistered
   string ":1.159"
   string ""
signal time=1788730461.441901 sender=org.freedesktop.DBus -> destination=(null destination) serial=319 path=/org/freedesktop/DBus; interface=org.freedesktop.DBus; member=NameOwnerChanged
   string ":1.160"
   string ""
   string ":1.160"
signal time=1788730461.441928 sender=org.freedesktop.DBus -> destination=:1.160 serial=2 path=/org/freedesktop/DBus; interface=org.freedesktop.DBus; member=NameAcquired
   string ":1.160"
signal time=1788730461.443300 sender=org.freedesktop.DBus -> destination=:1.160 serial=3 path=/org/freedesktop/DBus; interface=org.freedesktop.DBus; member=NameLost
   string ":1.160"
signal time=1788730461.443318 sender=org.freedesktop.DBus -> destination=(null destination) serial=320 path=/org/freedesktop/DBus; interface=org.freedesktop.DBus; member=NameOwnerChanged
   string ":1.160"
   string ":1.160"
   string ""
signal time=1788730461.443425 sender=:1.2 -> destination=(null destination) serial=191 path=/org/a11y/atspi/registry; interface=org.a11y.atspi.Registry; member=EventListenerDeregistered
   string ":1.160"
   string ""
signal time=1788730461.447941 sender=org.freedesktop.DBus -> destination=(null destination) serial=321 path=/org/freedesktop/DBus; interface=org.freedesktop.DBus; member=NameOwnerChanged
   string ":1.161"
   string ""
   string ":1.161"
signal time=1788730461.447960 sender=org.freedesktop.DBus -> destination=:1.161 serial=2 path=/org/freedesktop/DBus; interface=org.freedesktop.DBus; member=NameAcquired
   string ":1.161"
signal time=1788730461.449280 sender=org.freedesktop.DBus -> destination=:1.161 serial=3 path=/org/freedesktop/DBus; interface=org.freedesktop.DBus; member=NameLost
   string ":1.161"
signal time=1788730461.449295 sender=org.freedesktop.DBus -> destination=(null destination) serial=322 path=/org/freedesktop/DBus; interface=org.freedesktop.DBus; member=NameOwnerChanged
   string ":1.161"
   string ":1.161"
   string ""
signal time=1788730461.449433 sender=:1.2 -> destination=(null destination) serial=192 path=/org/a11y/atspi/registry; interface=org.a11y.atspi.Registry; member=EventListenerDeregistered
   string ":1.161"
   string ""
signal time=1788730461.453214 sender=org.freedesktop.DBus -> destination=(null destination) serial=323 path=/org/freedesktop/DBus; interface=org.freedesktop.DBus; member=NameOwnerChanged
   string ":1.162"
   string ""
   string ":1.162"
signal time=1788730461.453234 sender=org.freedesktop.DBus -> destination=:1.162 serial=2 path=/org/freedesktop/DBus; interface=org.freedesktop.DBus; member=NameAcquired
   string ":1.162"
signal time=1788730461.454898 sender=org.freedesktop.DBus -> destination=:1.162 serial=3 path=/org/freedesktop/DBus; interface=org.freedesktop.DBus; member=NameLost
   string ":1.162"
signal time=1788730461.454913 sender=org.freedesktop.DBus -> destination=(null destination) serial=324 path=/org/freedesktop/DBus; interface=org.freedesktop.DBus; member=NameOwnerChanged
   string ":1.162"
   string ":1.162"
   string ""
signal time=1788730461.454996 sender=:1.2 -> destination=(null destination) serial=193 path=/org/a11y/atspi/registry; interface=org.a11y.atspi.Registry; member=EventListenerDeregistered
   string ":1.162"
   string ""
signal time=1788730461.458980 sender=org.freedesktop.DBus -> destination=(null destination) serial=325 path=/org/freedesktop/DBus; interface=org.freedesktop.DBus; member=NameOwnerChanged
   string ":1.163"
   string ""
   string ":1.163"
signal time=1788730461.459002 sender=org.freedesktop.DBus -> destination=:1.163 serial=2 path=/org/freedesktop/DBus; interface=org.freedesktop.DBus; member=NameAcquired
   string ":1.163"
signal time=1788730461.460246 sender=org.freedesktop.DBus -> destination=:1.163 serial=3 path=/org/freedesktop/DBus; interface=org.freedesktop.DBus; member=NameLost
   string ":1.163"
signal time=1788730461.460257 sender=org.freedesktop.DBus -> destination=(null destination) serial=326 path=/org/freedesktop/DBus; interface=org.freedesktop.DBus; member=NameOwnerChanged
   string ":1.163"
   string ":1.163"
   string ""
signal time=1788730461.460316 sender=:1.2 -> destination=(null destination) serial=194 path=/org/a11y/atspi/registry; interface=org.a11y.atspi.Registry; member=EventListenerDeregistered
   string ":1.163"
   string ""
signal time=1788730461.464869 sender=org.freedesktop.DBus -> destination=(null destination) serial=327 path=/org/freedesktop/DBus; interface=org.freedesktop.DBus; member=NameOwnerChanged
   string ":1.164"
   string ""
   string ":1.164"
signal time=1788730461.464909 sender=org.freedesktop.DBus -> destination=:1.164 serial=2 path=/org/freedesktop/DBus; interface=org.freedesktop.DBus; member=NameAcquired
   string ":1.164"
signal time=1788730461.466537 sender=org.freedesktop.DBus -> destination=:1.164 serial=3 path=/org/freedesktop/DBus; interface=org.freedesktop.DBus; member=NameLost
   string ":1.164"
signal time=1788730461.466551 sender=org.freedesktop.DBus -> destination=(null destination) serial=328 path=/org/freedesktop/DBus; interface=org.freedesktop.DBus; member=NameOwnerChanged
   string ":1.164"
   string ":1.164"
   string ""
signal time=1788730461.466679 sender=:1.2 -> destination=(null destination) serial=195 path=/org/a11y/atspi/registry; interface=org.a11y.atspi.Registry; member=EventListenerDeregistered
   string ":1.164"
   string ""
signal time=1788730461.470078 sender=org.freedesktop.DBus -> destination=(null destination) serial=329 path=/org/freedesktop/DBus; interface=org.freedesktop.DBus; member=NameOwnerChanged
   string ":1.165"
   string ""
   string ":1.165"
signal time=1788730461.470098 sender=org.freedesktop.DBus -> destination=:1.165 serial=2 path=/org/freedesktop/DBus; interface=org.freedesktop.DBus; member=NameAcquired
   string ":1.165"
signal time=1788730461.471482 sender=org.freedesktop.DBus -> destination=:1.165 serial=3 path=/org/freedesktop/DBus; interface=org.freedesktop.DBus; member=NameLost
   string ":1.165"
signal time=1788730461.471494 sender=org.freedesktop.DBus -> destination=(null destination) serial=330 path=/org/freedesktop/DBus; interface=org.freedesktop.DBus; member=NameOwnerChanged
   string ":1.165"
   string ":1.165"
   string ""
signal time=1788730461.471599 sender=:1.2 -> destination=(null destination) serial=196 path=/org/a11y/atspi/registry; interface=org.a11y.atspi.Registry; member=EventListenerDeregistered
   string ":1.165"
   string ""
signal time=1788730461.474894 sender=org.freedesktop.DBus -> destination=(null destination) serial=331 path=/org/freedesktop/DBus; interface=org.freedesktop.DBus; member=NameOwnerChanged
   string ":1.166"
   string ""
   string ":1.166"
signal time=1788730461.474937 sender=org.freedesktop.DBus -> destination=:1.166 serial=2 path=/org/freedesktop/DBus; interface=org.freedesktop.DBus; member=NameAcquired
   string ":1.166"
signal time=1788730461.476112 sender=org.freedesktop.DBus -> destination=:1.166 serial=3 path=/org/freedesktop/DBus; interface=org.freedesktop.DBus; member=NameLost
   string ":1.166"
signal time=1788730461.476123 sender=org.freedesktop.DBus -> destination=(null destination) serial=332 path=/org/freedesktop/DBus; interface=org.freedesktop.DBus; member=NameOwnerChanged
   string ":1.166"
   string ":1.166"
   string ""
signal time=1788730461.476192 sender=:1.2 -> destination=(null destination) serial=197 path=/org/a11y/atspi/registry; interface=org.a11y.atspi.Registry; member=EventListenerDeregistered
   string ":1.166"
   string ""
signal time=1788730461.479612 sender=org.freedesktop.DBus -> destination=(null destination) serial=333 path=/org/freedesktop/DBus; interface=org.freedesktop.DBus; member=NameOwnerChanged
   string ":1.167"
   string ""
   string ":1.167"
signal time=1788730461.479629 sender=org.freedesktop.DBus -> destination=:1.167 serial=2 path=/org/freedesktop/DBus; interface=org.freedesktop.DBus; member=NameAcquired
   string ":1.167"
signal time=1788730461.480978 sender=org.freedesktop.DBus -> destination=:1.167 serial=3 path=/org/freedesktop/DBus; interface=org.freedesktop.DBus; member=NameLost
   string ":1.167"
signal time=1788730461.480989 sender=org.freedesktop.DBus -> destination=(null destination) serial=334 path=/org/freedesktop/DBus; interface=org.freedesktop.DBus; member=NameOwnerChanged
   string ":1.167"
   string ":1.167"
   string ""
signal time=1788730461.481109 sender=:1.2 -> destination=(null destination) serial=198 path=/org/a11y/atspi/registry; interface=org.a11y.atspi.Registry; member=EventListenerDeregistered
   string ":1.167"
   string ""
signal time=1788730461.484947 sender=org.freedesktop.DBus -> destination=(null destination) serial=335 path=/org/freedesktop/DBus; interface=org.freedesktop.DBus; member=NameOwnerChanged
   string ":1.168"
   string ""
   string ":1.168"
signal time=1788730461.484966 sender=org.freedesktop.DBus -> destination=:1.168 serial=2 path=/org/freedesktop/DBus; interface=org.freedesktop.DBus; member=NameAcquired
   string ":1.168"
signal time=1788730461.486307 sender=org.freedesktop.DBus -> destination=:1.168 serial=3 path=/org/freedesktop/DBus; interface=org.freedesktop.DBus; member=NameLost
   string ":1.168"
signal time=1788730461.486317 sender=org.freedesktop.DBus -> destination=(null destination) serial=336 path=/org/freedesktop/DBus; interface=org.freedesktop.DBus; member=NameOwnerChanged
   string ":1.168"
   string ":1.168"
   string ""
signal time=1788730461.486420 sender=:1.2 -> destination=(null destination) serial=199 path=/org/a11y/atspi/registry; interface=org.a11y.atspi.Registry; member=EventListenerDeregistered
   string ":1.168"
   string ""
signal time=1788730461.489966 sender=org.freedesktop.DBus -> destination=(null destination) serial=337 path=/org/freedesktop/DBus; interface=org.freedesktop.DBus; member=NameOwnerChanged
   string ":1.169"
   string ""
   string ":1.169"
signal time=1788730461.489995 sender=org.freedesktop.DBus -> destination=:1.169 serial=2 path=/org/freedesktop/DBus; interface=org.freedesktop.DBus; member=NameAcquired
   string ":1.169"
signal time=1788730461.491624 sender=org.freedesktop.DBus -> destination=:1.169 serial=3 path=/org/freedesktop/DBus; interface=org.freedesktop.DBus; member=NameLost
   string ":1.169"
signal time=1788730461.491640 sender=org.freedesktop.DBus -> destination=(null destination) serial=338 path=/org/freedesktop/DBus; interface=org.freedesktop.DBus; member=NameOwnerChanged
   string ":1.169"
   string ":1.169"
   string ""
signal time=1788730461.491772 sender=:1.2 -> destination=(null destination) serial=200 path=/org/a11y/atspi/registry; interface=org.a11y.atspi.Registry; member=EventListenerDeregistered
   string ":1.169"
   string ""
signal time=1788730461.496336 sender=org.freedesktop.DBus -> destination=(null destination) serial=339 path=/org/freedesktop/DBus; interface=org.freedesktop.DBus; member=NameOwnerChanged
   string ":1.170"
   string ""
   string ":1.170"
signal time=1788730461.496360 sender=org.freedesktop.DBus -> destination=:1.170 serial=2 path=/org/freedesktop/DBus; interface=org.freedesktop.DBus; member=NameAcquired
   string ":1.170"
signal time=1788730461.497947 sender=org.freedesktop.DBus -> destination=:1.170 serial=3 path=/org/freedesktop/DBus; interface=org.freedesktop.DBus; member=NameLost
   string ":1.170"
signal time=1788730461.497958 sender=org.freedesktop.DBus -> destination=(null destination) serial=340 path=/org/freedesktop/DBus; interface=org.freedesktop.DBus; member=NameOwnerChanged
   string ":1.170"
   string ":1.170"
   string ""
signal time=1788730461.498110 sender=:1.2 -> destination=(null destination) serial=201 path=/org/a11y/atspi/registry; interface=org.a11y.atspi.Registry; member=EventListenerDeregistered
   string ":1.170"
   string ""
signal time=1788730461.501801 sender=org.freedesktop.DBus -> destination=(null destination) serial=341 path=/org/freedesktop/DBus; interface=org.freedesktop.DBus; member=NameOwnerChanged
   string ":1.171"
   string ""
   string ":1.171"
signal time=1788730461.501825 sender=org.freedesktop.DBus -> destination=:1.171 serial=2 path=/org/freedesktop/DBus; interface=org.freedesktop.DBus; member=NameAcquired
   string ":1.171"
signal time=1788730461.503675 sender=org.freedesktop.DBus -> destination=:1.171 serial=3 path=/org/freedesktop/DBus; interface=org.freedesktop.DBus; member=NameLost
   string ":1.171"
signal time=1788730461.503685 sender=org.freedesktop.DBus -> destination=(null destination) serial=342 path=/org/freedesktop/DBus; interface=org.freedesktop.DBus; member=NameOwnerChanged
   string ":1.171"
   string ":1.171"
   string ""
signal time=1788730461.503805 sender=:1.2 -> destination=(null destination) serial=202 path=/org/a11y/atspi/registry; interface=org.a11y.atspi.Registry; member=EventListenerDeregistered
   string ":1.171"
   string ""
signal time=1788730461.507657 sender=org.freedesktop.DBus -> destination=(null destination) serial=343 path=/org/freedesktop/DBus; interface=org.freedesktop.DBus; member=NameOwnerChanged
   string ":1.172"
   string ""
   string ":1.172"
signal time=1788730461.507683 sender=org.freedesktop.DBus -> destination=:1.172 serial=2 path=/org/freedesktop/DBus; interface=org.freedesktop.DBus; member=NameAcquired
   string ":1.172"
signal time=1788730461.508661 sender=org.freedesktop.DBus -> destination=:1.172 serial=3 path=/org/freedesktop/DBus; interface=org.freedesktop.DBus; member=NameLost
   string ":1.172"
signal time=1788730461.508678 sender=org.freedesktop.DBus -> destination=(null destination) serial=344 path=/org/freedesktop/DBus; interface=org.freedesktop.DBus; member=NameOwnerChanged
   string ":1.172"
   string ":1.172"
   string ""
signal time=1788730461.508762 sender=:1.2 -> destination=(null destination) serial=203 path=/org/a11y/atspi/registry; interface=org.a11y.atspi.Registry; member=EventListenerDeregistered
   string ":1.172"
   string ""
signal time=1788730461.513380 sender=org.freedesktop.DBus -> destination=(null destination) serial=345 path=/org/freedesktop/DBus; interface=org.freedesktop.DBus; member=NameOwnerChanged
   string ":1.173"
   string ""
   string ":1.173"
signal time=1788730461.513405 sender=org.freedesktop.DBus -> destination=:1.173 serial=2 path=/org/freedesktop/DBus; interface=org.freedesktop.DBus; member=NameAcquired
   string ":1.173"
signal time=1788730461.514994 sender=org.freedesktop.DBus -> destination=:1.173 serial=3 path=/org/freedesktop/DBus; interface=org.freedesktop.DBus; member=NameLost
   string ":1.173"
signal time=1788730461.515014 sender=org.freedesktop.DBus -> destination=(null destination) serial=346 path=/org/freedesktop/DBus; interface=org.freedesktop.DBus; member=NameOwnerChanged
   string ":1.173"
   string ":1.173"
   string ""
signal time=1788730461.515085 sender=:1.2 -> destination=(null destination) serial=204 path=/org/a11y/atspi/registry; interface=org.a11y.atspi.Registry; member=EventListenerDeregistered
   string ":1.173"
   string ""
signal time=1788730461.519627 sender=org.freedesktop.DBus -> destination=(null destination) serial=347 path=/org/freedesktop/DBus; interface=org.freedesktop.DBus; member=NameOwnerChanged
   string ":1.174"
   string ""
   string ":1.174"
signal time=1788730461.519657 sender=org.freedesktop.DBus -> destination=:1.174 serial=2 path=/org/freedesktop/DBus; interface=org.freedesktop.DBus; member=NameAcquired
   string ":1.174"
signal time=1788730461.521614 sender=org.freedesktop.DBus -> destination=:1.174 serial=3 path=/org/freedesktop/DBus; interface=org.freedesktop.DBus; member=NameLost
   string ":1.174"
signal time=1788730461.521633 sender=org.freedesktop.DBus -> destination=(null destination) serial=348 path=/org/freedesktop/DBus; interface=org.freedesktop.DBus; member=NameOwnerChanged
   string ":1.174"
   string ":1.174"
   string ""
signal time=1788730461.521716 sender=:1.2 -> destination=(null destination) serial=205 path=/org/a11y/atspi/registry; interface=org.a11y.atspi.Registry; member=EventListenerDeregistered
   string ":1.174"
   string ""
signal time=1788730461.525651 sender=org.freedesktop.DBus -> destination=(null destination) serial=349 path=/org/freedesktop/DBus; interface=org.freedesktop.DBus; member=NameOwnerChanged
   string ":1.175"
   string ""
   string ":1.175"
signal time=1788730461.525695 sender=org.freedesktop.DBus -> destination=:1.175 serial=2 path=/org/freedesktop/DBus; interface=org.freedesktop.DBus; member=NameAcquired
   string ":1.175"
signal time=1788730461.527310 sender=org.freedesktop.DBus -> destination=:1.175 serial=3 path=/org/freedesktop/DBus; interface=org.freedesktop.DBus; member=NameLost
   string ":1.175"
signal time=1788730461.527323 sender=org.freedesktop.DBus -> destination=(null destination) serial=350 path=/org/freedesktop/DBus; interface=org.freedesktop.DBus; member=NameOwnerChanged
   string ":1.175"
   string ":1.175"
   string ""
signal time=1788730461.527454 sender=:1.2 -> destination=(null destination) serial=206 path=/org/a11y/atspi/registry; interface=org.a11y.atspi.Registry; member=EventListenerDeregistered
   string ":1.175"
   string ""
signal time=1788730461.923968 sender=org.freedesktop.DBus -> destination=(null destination) serial=351 path=/org/freedesktop/DBus; interface=org.freedesktop.DBus; member=NameOwnerChanged
   string ":1.176"
   string ""
   string ":1.176"
signal time=1788730461.923987 sender=org.freedesktop.DBus -> destination=:1.176 serial=2 path=/org/freedesktop/DBus; interface=org.freedesktop.DBus; member=NameAcquired
   string ":1.176"
signal time=1788730461.925382 sender=org.freedesktop.DBus -> destination=:1.176 serial=3 path=/org/freedesktop/DBus; interface=org.freedesktop.DBus; member=NameLost
   string ":1.176"
signal time=1788730461.925394 sender=org.freedesktop.DBus -> destination=(null destination) serial=352 path=/org/freedesktop/DBus; interface=org.freedesktop.DBus; member=NameOwnerChanged
   string ":1.176"
   string ":1.176"
   string ""
signal time=1788730461.925478 sender=:1.2 -> destination=(null destination) serial=209 path=/org/a11y/atspi/registry; interface=org.a11y.atspi.Registry; member=EventListenerDeregistered
   string ":1.176"
   string ""
signal time=1788730461.929285 sender=org.freedesktop.DBus -> destination=(null destination) serial=353 path=/org/freedesktop/DBus; interface=org.freedesktop.DBus; member=NameOwnerChanged
   string ":1.177"
   string ""
   string ":1.177"
signal time=1788730461.929305 sender=org.freedesktop.DBus -> destination=:1.177 serial=2 path=/org/freedesktop/DBus; interface=org.freedesktop.DBus; member=NameAcquired
   string ":1.177"
signal time=1788730461.930500 sender=org.freedesktop.DBus -> destination=:1.177 serial=5 path=/org/freedesktop/DBus; interface=org.freedesktop.DBus; member=NameLost
   string ":1.177"
signal time=1788730461.930525 sender=org.freedesktop.DBus -> destination=(null destination) serial=354 path=/org/freedesktop/DBus; interface=org.freedesktop.DBus; member=NameOwnerChanged
   string ":1.177"
   string ":1.177"
   string ""
signal time=1788730461.930683 sender=:1.2 -> destination=(null destination) serial=210 path=/org/a11y/atspi/registry; interface=org.a11y.atspi.Registry; member=EventListenerDeregistered
   string ":1.177"
   string ""
signal time=1788730461.933931 sender=org.freedesktop.DBus -> destination=(null destination) serial=355 path=/org/freedesktop/DBus; interface=org.freedesktop.DBus; member=NameOwnerChanged
   string ":1.178"
   string ""
   string ":1.178"
signal time=1788730461.933951 sender=org.freedesktop.DBus -> destination=:1.178 serial=2 path=/org/freedesktop/DBus; interface=org.freedesktop.DBus; member=NameAcquired
   string ":1.178"
signal time=1788730461.935418 sender=org.freedesktop.DBus -> destination=:1.178 serial=3 path=/org/freedesktop/DBus; interface=org.freedesktop.DBus; member=NameLost
   string ":1.178"
signal time=1788730461.935428 sender=org.freedesktop.DBus -> destination=(null destination) serial=356 path=/org/freedesktop/DBus; interface=org.freedesktop.DBus; member=NameOwnerChanged
   string ":1.178"
   string ":1.178"
   string ""
signal time=1788730461.935546 sender=:1.2 -> destination=(null destination) serial=211 path=/org/a11y/atspi/registry; interface=org.a11y.atspi.Registry; member=EventListenerDeregistered
   string ":1.178"
   string ""
signal time=1788730461.939259 sender=org.freedesktop.DBus -> destination=(null destination) serial=357 path=/org/freedesktop/DBus; interface=org.freedesktop.DBus; member=NameOwnerChanged
   string ":1.179"
   string ""
   string ":1.179"
signal time=1788730461.939282 sender=org.freedesktop.DBus -> destination=:1.179 serial=2 path=/org/freedesktop/DBus; interface=org.freedesktop.DBus; member=NameAcquired
   string ":1.179"
signal time=1788730461.940240 sender=org.freedesktop.DBus -> destination=:1.179 serial=3 path=/org/freedesktop/DBus; interface=org.freedesktop.DBus; member=NameLost
   string ":1.179"
signal time=1788730461.940250 sender=org.freedesktop.DBus -> destination=(null destination) serial=358 path=/org/freedesktop/DBus; interface=org.freedesktop.DBus; member=NameOwnerChanged
   string ":1.179"
   string ":1.179"
   string ""
signal time=1788730461.940376 sender=:1.2 -> destination=(null destination) serial=212 path=/org/a11y/atspi/registry; interface=org.a11y.atspi.Registry; member=EventListenerDeregistered
   string ":1.179"
   string ""
signal time=1788730461.944246 sender=org.freedesktop.DBus -> destination=(null destination) serial=359 path=/org/freedesktop/DBus; interface=org.freedesktop.DBus; member=NameOwnerChanged
   string ":1.180"
   string ""
   string ":1.180"
signal time=1788730461.944267 sender=org.freedesktop.DBus -> destination=:1.180 serial=2 path=/org/freedesktop/DBus; interface=org.freedesktop.DBus; member=NameAcquired
   string ":1.180"
signal time=1788730461.944951 sender=org.freedesktop.DBus -> destination=:1.180 serial=3 path=/org/freedesktop/DBus; interface=org.freedesktop.DBus; member=NameLost
   string ":1.180"
signal time=1788730461.944974 sender=org.freedesktop.DBus -> destination=(null destination) serial=360 path=/org/freedesktop/DBus; interface=org.freedesktop.DBus; member=NameOwnerChanged
   string ":1.180"
   string ":1.180"
   string ""
signal time=1788730461.945146 sender=:1.2 -> destination=(null destination) serial=213 path=/org/a11y/atspi/registry; interface=org.a11y.atspi.Registry; member=EventListenerDeregistered
   string ":1.180"
   string ""
signal time=1788730461.949151 sender=org.freedesktop.DBus -> destination=(null destination) serial=361 path=/org/freedesktop/DBus; interface=org.freedesktop.DBus; member=NameOwnerChanged
   string ":1.181"
   string ""
   string ":1.181"
signal time=1788730461.949188 sender=org.freedesktop.DBus -> destination=:1.181 serial=2 path=/org/freedesktop/DBus; interface=org.freedesktop.DBus; member=NameAcquired
   string ":1.181"
signal time=1788730461.950443 sender=org.freedesktop.DBus -> destination=:1.181 serial=3 path=/org/freedesktop/DBus; interface=org.freedesktop.DBus; member=NameLost
   string ":1.181"
signal time=1788730461.950470 sender=org.freedesktop.DBus -> destination=(null destination) serial=362 path=/org/freedesktop/DBus; interface=org.freedesktop.DBus; member=NameOwnerChanged
   string ":1.181"
   string ":1.181"
   string ""
signal time=1788730461.950616 sender=:1.2 -> destination=(null destination) serial=214 path=/org/a11y/atspi/registry; interface=org.a11y.atspi.Registry; member=EventListenerDeregistered
   string ":1.181"
   string ""
signal time=1788730461.953746 sender=org.freedesktop.DBus -> destination=(null destination) serial=363 path=/org/freedesktop/DBus; interface=org.freedesktop.DBus; member=NameOwnerChanged
   string ":1.182"
   string ""
   string ":1.182"
signal time=1788730461.953778 sender=org.freedesktop.DBus -> destination=:1.182 serial=2 path=/org/freedesktop/DBus; interface=org.freedesktop.DBus; member=NameAcquired
   string ":1.182"
signal time=1788730461.954840 sender=org.freedesktop.DBus -> destination=:1.182 serial=3 path=/org/freedesktop/DBus; interface=org.freedesktop.DBus; member=NameLost
   string ":1.182"
signal time=1788730461.954850 sender=org.freedesktop.DBus -> destination=(null destination) serial=364 path=/org/freedesktop/DBus; interface=org.freedesktop.DBus; member=NameOwnerChanged
   string ":1.182"
   string ":1.182"
   string ""
signal time=1788730461.954987 sender=:1.2 -> destination=(null destination) serial=215 path=/org/a11y/atspi/registry; interface=org.a11y.atspi.Registry; member=EventListenerDeregistered
   string ":1.182"
   string ""
signal time=1788730461.959092 sender=org.freedesktop.DBus -> destination=(null destination) serial=365 path=/org/freedesktop/DBus; interface=org.freedesktop.DBus; member=NameOwnerChanged
   string ":1.183"
   string ""
   string ":1.183"
signal time=1788730461.959114 sender=org.freedesktop.DBus -> destination=:1.183 serial=2 path=/org/freedesktop/DBus; interface=org.freedesktop.DBus; member=NameAcquired
   string ":1.183"
signal time=1788730461.960004 sender=org.freedesktop.DBus -> destination=:1.183 serial=3 path=/org/freedesktop/DBus; interface=org.freedesktop.DBus; member=NameLost
   string ":1.183"
signal time=1788730461.960013 sender=org.freedesktop.DBus -> destination=(null destination) serial=366 path=/org/freedesktop/DBus; interface=org.freedesktop.DBus; member=NameOwnerChanged
   string ":1.183"
   string ":1.183"
   string ""
signal time=1788730461.960169 sender=:1.2 -> destination=(null destination) serial=216 path=/org/a11y/atspi/registry; interface=org.a11y.atspi.Registry; member=EventListenerDeregistered
   string ":1.183"
   string ""
signal time=1788730461.963958 sender=org.freedesktop.DBus -> destination=(null destination) serial=367 path=/org/freedesktop/DBus; interface=org.freedesktop.DBus; member=NameOwnerChanged
   string ":1.184"
   string ""
   string ":1.184"
signal time=1788730461.963979 sender=org.freedesktop.DBus -> destination=:1.184 serial=2 path=/org/freedesktop/DBus; interface=org.freedesktop.DBus; member=NameAcquired
   string ":1.184"
signal time=1788730461.965300 sender=org.freedesktop.DBus -> destination=:1.184 serial=3 path=/org/freedesktop/DBus; interface=org.freedesktop.DBus; member=NameLost
   string ":1.184"
signal time=1788730461.965310 sender=org.freedesktop.DBus -> destination=(null destination) serial=368 path=/org/freedesktop/DBus; interface=org.freedesktop.DBus; member=NameOwnerChanged
   string ":1.184"
   string ":1.184"
   string ""
signal time=1788730461.965388 sender=:1.2 -> destination=(null destination) serial=217 path=/org/a11y/atspi/registry; interface=org.a11y.atspi.Registry; member=EventListenerDeregistered
   string ":1.184"
   string ""
signal time=1788730461.968681 sender=org.freedesktop.DBus -> destination=(null destination) serial=369 path=/org/freedesktop/DBus; interface=org.freedesktop.DBus; member=NameOwnerChanged
   string ":1.185"
   string ""
   string ":1.185"
signal time=1788730461.968700 sender=org.freedesktop.DBus -> destination=:1.185 serial=2 path=/org/freedesktop/DBus; interface=org.freedesktop.DBus; member=NameAcquired
   string ":1.185"
signal time=1788730461.970070 sender=org.freedesktop.DBus -> destination=:1.185 serial=3 path=/org/freedesktop/DBus; interface=org.freedesktop.DBus; member=NameLost
   string ":1.185"
signal time=1788730461.970085 sender=org.freedesktop.DBus -> destination=(null destination) serial=370 path=/org/freedesktop/DBus; interface=org.freedesktop.DBus; member=NameOwnerChanged
   string ":1.185"
   string ":1.185"
   string ""
signal time=1788730461.970161 sender=:1.2 -> destination=(null destination) serial=218 path=/org/a11y/atspi/registry; interface=org.a11y.atspi.Registry; member=EventListenerDeregistered
   string ":1.185"
   string ""
signal time=1788730461.973751 sender=org.freedesktop.DBus -> destination=(null destination) serial=371 path=/org/freedesktop/DBus; interface=org.freedesktop.DBus; member=NameOwnerChanged
   string ":1.186"
   string ""
   string ":1.186"
signal time=1788730461.973770 sender=org.freedesktop.DBus -> destination=:1.186 serial=2 path=/org/freedesktop/DBus; interface=org.freedesktop.DBus; member=NameAcquired
   string ":1.186"
signal time=1788730461.975389 sender=org.freedesktop.DBus -> destination=:1.186 serial=3 path=/org/freedesktop/DBus; interface=org.freedesktop.DBus; member=NameLost
   string ":1.186"
signal time=1788730461.975400 sender=org.freedesktop.DBus -> destination=(null destination) serial=372 path=/org/freedesktop/DBus; interface=org.freedesktop.DBus; member=NameOwnerChanged
   string ":1.186"
   string ":1.186"
   string ""
signal time=1788730461.975504 sender=:1.2 -> destination=(null destination) serial=219 path=/org/a11y/atspi/registry; interface=org.a11y.atspi.Registry; member=EventListenerDeregistered
   string ":1.186"
   string ""
signal time=1788730461.978945 sender=org.freedesktop.DBus -> destination=(null destination) serial=373 path=/org/freedesktop/DBus; interface=org.freedesktop.DBus; member=NameOwnerChanged
   string ":1.187"
   string ""
   string ":1.187"
signal time=1788730461.978968 sender=org.freedesktop.DBus -> destination=:1.187 serial=2 path=/org/freedesktop/DBus; interface=org.freedesktop.DBus; member=NameAcquired
   string ":1.187"
signal time=1788730461.980349 sender=org.freedesktop.DBus -> destination=:1.187 serial=3 path=/org/freedesktop/DBus; interface=org.freedesktop.DBus; member=NameLost
   string ":1.187"
signal time=1788730461.980360 sender=org.freedesktop.DBus -> destination=(null destination) serial=374 path=/org/freedesktop/DBus; interface=org.freedesktop.DBus; member=NameOwnerChanged
   string ":1.187"
   string ":1.187"
   string ""
signal time=1788730461.980447 sender=:1.2 -> destination=(null destination) serial=220 path=/org/a11y/atspi/registry; interface=org.a11y.atspi.Registry; member=EventListenerDeregistered
   string ":1.187"
   string ""
signal time=1788730461.983865 sender=org.freedesktop.DBus -> destination=(null destination) serial=375 path=/org/freedesktop/DBus; interface=org.freedesktop.DBus; member=NameOwnerChanged
   string ":1.188"
   string ""
   string ":1.188"
signal time=1788730461.983888 sender=org.freedesktop.DBus -> destination=:1.188 serial=2 path=/org/freedesktop/DBus; interface=org.freedesktop.DBus; member=NameAcquired
   string ":1.188"
signal time=1788730461.984774 sender=org.freedesktop.DBus -> destination=:1.188 serial=3 path=/org/freedesktop/DBus; interface=org.freedesktop.DBus; member=NameLost
   string ":1.188"
signal time=1788730461.984785 sender=org.freedesktop.DBus -> destination=(null destination) serial=376 path=/org/freedesktop/DBus; interface=org.freedesktop.DBus; member=NameOwnerChanged
   string ":1.188"
   string ":1.188"
   string ""
signal time=1788730461.984905 sender=:1.2 -> destination=(null destination) serial=221 path=/org/a11y/atspi/registry; interface=org.a11y.atspi.Registry; member=EventListenerDeregistered
   string ":1.188"
   string ""
signal time=1788730461.988499 sender=org.freedesktop.DBus -> destination=(null destination) serial=377 path=/org/freedesktop/DBus; interface=org.freedesktop.DBus; member=NameOwnerChanged
   string ":1.189"
   string ""
   string ":1.189"
signal time=1788730461.988517 sender=org.freedesktop.DBus -> destination=:1.189 serial=2 path=/org/freedesktop/DBus; interface=org.freedesktop.DBus; member=NameAcquired
   string ":1.189"
signal time=1788730461.989518 sender=org.freedesktop.DBus -> destination=:1.189 serial=3 path=/org/freedesktop/DBus; interface=org.freedesktop.DBus; member=NameLost
   string ":1.189"
signal time=1788730461.989532 sender=org.freedesktop.DBus -> destination=(null destination) serial=378 path=/org/freedesktop/DBus; interface=org.freedesktop.DBus; member=NameOwnerChanged
   string ":1.189"
   string ":1.189"
   string ""
signal time=1788730461.989572 sender=:1.2 -> destination=(null destination) serial=222 path=/org/a11y/atspi/registry; interface=org.a11y.atspi.Registry; member=EventListenerDeregistered
   string ":1.189"
   string ""
signal time=1788730461.993426 sender=org.freedesktop.DBus -> destination=(null destination) serial=379 path=/org/freedesktop/DBus; interface=org.freedesktop.DBus; member=NameOwnerChanged
   string ":1.190"
   string ""
   string ":1.190"
signal time=1788730461.993443 sender=org.freedesktop.DBus -> destination=:1.190 serial=2 path=/org/freedesktop/DBus; interface=org.freedesktop.DBus; member=NameAcquired
   string ":1.190"
signal time=1788730461.994442 sender=org.freedesktop.DBus -> destination=:1.190 serial=3 path=/org/freedesktop/DBus; interface=org.freedesktop.DBus; member=NameLost
   string ":1.190"
signal time=1788730461.994456 sender=org.freedesktop.DBus -> destination=(null destination) serial=380 path=/org/freedesktop/DBus; interface=org.freedesktop.DBus; member=NameOwnerChanged
   string ":1.190"
   string ":1.190"
   string ""
signal time=1788730461.994568 sender=:1.2 -> destination=(null destination) serial=223 path=/org/a11y/atspi/registry; interface=org.a11y.atspi.Registry; member=EventListenerDeregistered
   string ":1.190"
   string ""
signal time=1788730461.997698 sender=org.freedesktop.DBus -> destination=(null destination) serial=381 path=/org/freedesktop/DBus; interface=org.freedesktop.DBus; member=NameOwnerChanged
   string ":1.191"
   string ""
   string ":1.191"
signal time=1788730461.997727 sender=org.freedesktop.DBus -> destination=:1.191 serial=2 path=/org/freedesktop/DBus; interface=org.freedesktop.DBus; member=NameAcquired
   string ":1.191"
signal time=1788730461.999036 sender=org.freedesktop.DBus -> destination=:1.191 serial=3 path=/org/freedesktop/DBus; interface=org.freedesktop.DBus; member=NameLost
   string ":1.191"
signal time=1788730461.999045 sender=org.freedesktop.DBus -> destination=(null destination) serial=382 path=/org/freedesktop/DBus; interface=org.freedesktop.DBus; member=NameOwnerChanged
   string ":1.191"
   string ":1.191"
   string ""
signal time=1788730461.999169 sender=:1.2 -> destination=(null destination) serial=224 path=/org/a11y/atspi/registry; interface=org.a11y.atspi.Registry; member=EventListenerDeregistered
   string ":1.191"
   string ""
signal time=1788730462.002549 sender=org.freedesktop.DBus -> destination=(null destination) serial=383 path=/org/freedesktop/DBus; interface=org.freedesktop.DBus; member=NameOwnerChanged
   string ":1.192"
   string ""
   string ":1.192"
signal time=1788730462.002565 sender=org.freedesktop.DBus -> destination=:1.192 serial=2 path=/org/freedesktop/DBus; interface=org.freedesktop.DBus; member=NameAcquired
   string ":1.192"
signal time=1788730462.003718 sender=org.freedesktop.DBus -> destination=:1.192 serial=3 path=/org/freedesktop/DBus; interface=org.freedesktop.DBus; member=NameLost
   string ":1.192"
signal time=1788730462.003730 sender=org.freedesktop.DBus -> destination=(null destination) serial=384 path=/org/freedesktop/DBus; interface=org.freedesktop.DBus; member=NameOwnerChanged
   string ":1.192"
   string ":1.192"
   string ""
signal time=1788730462.003872 sender=:1.2 -> destination=(null destination) serial=225 path=/org/a11y/atspi/registry; interface=org.a11y.atspi.Registry; member=EventListenerDeregistered
   string ":1.192"
   string ""
signal time=1788730462.007994 sender=org.freedesktop.DBus -> destination=(null destination) serial=385 path=/org/freedesktop/DBus; interface=org.freedesktop.DBus; member=NameOwnerChanged
   string ":1.193"
   string ""
   string ":1.193"
signal time=1788730462.008019 sender=org.freedesktop.DBus -> destination=:1.193 serial=2 path=/org/freedesktop/DBus; interface=org.freedesktop.DBus; member=NameAcquired
   string ":1.193"
signal time=1788730462.009248 sender=org.freedesktop.DBus -> destination=:1.193 serial=3 path=/org/freedesktop/DBus; interface=org.freedesktop.DBus; member=NameLost
   string ":1.193"
signal time=1788730462.009260 sender=org.freedesktop.DBus -> destination=(null destination) serial=386 path=/org/freedesktop/DBus; interface=org.freedesktop.DBus; member=NameOwnerChanged
   string ":1.193"
   string ":1.193"
   string ""
signal time=1788730462.009358 sender=:1.2 -> destination=(null destination) serial=226 path=/org/a11y/atspi/registry; interface=org.a11y.atspi.Registry; member=EventListenerDeregistered
   string ":1.193"
   string ""
signal time=1788730462.012777 sender=org.freedesktop.DBus -> destination=(null destination) serial=387 path=/org/freedesktop/DBus; interface=org.freedesktop.DBus; member=NameOwnerChanged
   string ":1.194"
   string ""
   string ":1.194"
signal time=1788730462.012797 sender=org.freedesktop.DBus -> destination=:1.194 serial=2 path=/org/freedesktop/DBus; interface=org.freedesktop.DBus; member=NameAcquired
   string ":1.194"
signal time=1788730462.013671 sender=org.freedesktop.DBus -> destination=:1.194 serial=3 path=/org/freedesktop/DBus; interface=org.freedesktop.DBus; member=NameLost
   string ":1.194"
signal time=1788730462.013682 sender=org.freedesktop.DBus -> destination=(null destination) serial=388 path=/org/freedesktop/DBus; interface=org.freedesktop.DBus; member=NameOwnerChanged
   string ":1.194"
   string ":1.194"
   string ""
signal time=1788730462.013816 sender=:1.2 -> destination=(null destination) serial=227 path=/org/a11y/atspi/registry; interface=org.a11y.atspi.Registry; member=EventListenerDeregistered
   string ":1.194"
   string ""
signal time=1788730462.017366 sender=org.freedesktop.DBus -> destination=(null destination) serial=389 path=/org/freedesktop/DBus; interface=org.freedesktop.DBus; member=NameOwnerChanged
   string ":1.195"
   string ""
   string ":1.195"
signal time=1788730462.017379 sender=org.freedesktop.DBus -> destination=:1.195 serial=2 path=/org/freedesktop/DBus; interface=org.freedesktop.DBus; member=NameAcquired
   string ":1.195"
signal time=1788730462.018636 sender=org.freedesktop.DBus -> destination=:1.195 serial=3 path=/org/freedesktop/DBus; interface=org.freedesktop.DBus; member=NameLost
   string ":1.195"
signal time=1788730462.018649 sender=org.freedesktop.DBus -> destination=(null destination) serial=390 path=/org/freedesktop/DBus; interface=org.freedesktop.DBus; member=NameOwnerChanged
   string ":1.195"
   string ":1.195"
   string ""
signal time=1788730462.018740 sender=:1.2 -> destination=(null destination) serial=228 path=/org/a11y/atspi/registry; interface=org.a11y.atspi.Registry; member=EventListenerDeregistered
   string ":1.195"
   string ""
signal time=1788730462.021986 sender=org.freedesktop.DBus -> destination=(null destination) serial=391 path=/org/freedesktop/DBus; interface=org.freedesktop.DBus; member=NameOwnerChanged
   string ":1.196"
   string ""
   string ":1.196"
signal time=1788730462.022002 sender=org.freedesktop.DBus -> destination=:1.196 serial=2 path=/org/freedesktop/DBus; interface=org.freedesktop.DBus; member=NameAcquired
   string ":1.196"
signal time=1788730462.023026 sender=org.freedesktop.DBus -> destination=:1.196 serial=3 path=/org/freedesktop/DBus; interface=org.freedesktop.DBus; member=NameLost
   string ":1.196"
signal time=1788730462.023042 sender=org.freedesktop.DBus -> destination=(null destination) serial=392 path=/org/freedesktop/DBus; interface=org.freedesktop.DBus; member=NameOwnerChanged
   string ":1.196"
   string ":1.196"
   string ""
signal time=1788730462.023128 sender=:1.2 -> destination=(null destination) serial=229 path=/org/a11y/atspi/registry; interface=org.a11y.atspi.Registry; member=EventListenerDeregistered
   string ":1.196"
   string ""
signal time=1788730462.027047 sender=org.freedesktop.DBus -> destination=(null destination) serial=393 path=/org/freedesktop/DBus; interface=org.freedesktop.DBus; member=NameOwnerChanged
   string ":1.197"
   string ""
   string ":1.197"
signal time=1788730462.027072 sender=org.freedesktop.DBus -> destination=:1.197 serial=2 path=/org/freedesktop/DBus; interface=org.freedesktop.DBus; member=NameAcquired
   string ":1.197"
signal time=1788730462.028096 sender=org.freedesktop.DBus -> destination=:1.197 serial=3 path=/org/freedesktop/DBus; interface=org.freedesktop.DBus; member=NameLost
   string ":1.197"
signal time=1788730462.028105 sender=org.freedesktop.DBus -> destination=(null destination) serial=394 path=/org/freedesktop/DBus; interface=org.freedesktop.DBus; member=NameOwnerChanged
   string ":1.197"
   string ":1.197"
   string ""
signal time=1788730462.028233 sender=:1.2 -> destination=(null destination) serial=230 path=/org/a11y/atspi/registry; interface=org.a11y.atspi.Registry; member=EventListenerDeregistered
   string ":1.197"
   string ""
signal time=1788730462.032714 sender=org.freedesktop.DBus -> destination=(null destination) serial=395 path=/org/freedesktop/DBus; interface=org.freedesktop.DBus; member=NameOwnerChanged
   string ":1.198"
   string ""
   string ":1.198"
signal time=1788730462.032742 sender=org.freedesktop.DBus -> destination=:1.198 serial=2 path=/org/freedesktop/DBus; interface=org.freedesktop.DBus; member=NameAcquired
   string ":1.198"
signal time=1788730462.034705 sender=org.freedesktop.DBus -> destination=:1.198 serial=3 path=/org/freedesktop/DBus; interface=org.freedesktop.DBus; member=NameLost
   string ":1.198"
signal time=1788730462.034735 sender=org.freedesktop.DBus -> destination=(null destination) serial=396 path=/org/freedesktop/DBus; interface=org.freedesktop.DBus; member=NameOwnerChanged
   string ":1.198"
   string ":1.198"
   string ""
signal time=1788730462.034895 sender=:1.2 -> destination=(null destination) serial=231 path=/org/a11y/atspi/registry; interface=org.a11y.atspi.Registry; member=EventListenerDeregistered
   string ":1.198"
   string ""
signal time=1788730462.039266 sender=org.freedesktop.DBus -> destination=(null destination) serial=397 path=/org/freedesktop/DBus; interface=org.freedesktop.DBus; member=NameOwnerChanged
   string ":1.199"
   string ""
   string ":1.199"
signal time=1788730462.039291 sender=org.freedesktop.DBus -> destination=:1.199 serial=2 path=/org/freedesktop/DBus; interface=org.freedesktop.DBus; member=NameAcquired
   string ":1.199"
signal time=1788730462.040595 sender=org.freedesktop.DBus -> destination=:1.199 serial=3 path=/org/freedesktop/DBus; interface=org.freedesktop.DBus; member=NameLost
   string ":1.199"
signal time=1788730462.040628 sender=org.freedesktop.DBus -> destination=(null destination) serial=398 path=/org/freedesktop/DBus; interface=org.freedesktop.DBus; member=NameOwnerChanged
   string ":1.199"
   string ":1.199"
   string ""
signal time=1788730462.040745 sender=:1.2 -> destination=(null destination) serial=232 path=/org/a11y/atspi/registry; interface=org.a11y.atspi.Registry; member=EventListenerDeregistered
   string ":1.199"
   string ""
signal time=1788730462.044983 sender=org.freedesktop.DBus -> destination=(null destination) serial=399 path=/org/freedesktop/DBus; interface=org.freedesktop.DBus; member=NameOwnerChanged
   string ":1.200"
   string ""
   string ":1.200"
signal time=1788730462.045004 sender=org.freedesktop.DBus -> destination=:1.200 serial=2 path=/org/freedesktop/DBus; interface=org.freedesktop.DBus; member=NameAcquired
   string ":1.200"
signal time=1788730462.046451 sender=org.freedesktop.DBus -> destination=:1.200 serial=3 path=/org/freedesktop/DBus; interface=org.freedesktop.DBus; member=NameLost
   string ":1.200"
signal time=1788730462.046467 sender=org.freedesktop.DBus -> destination=(null destination) serial=400 path=/org/freedesktop/DBus; interface=org.freedesktop.DBus; member=NameOwnerChanged
   string ":1.200"
   string ":1.200"
   string ""
signal time=1788730462.046630 sender=:1.2 -> destination=(null destination) serial=233 path=/org/a11y/atspi/registry; interface=org.a11y.atspi.Registry; member=EventListenerDeregistered
   string ":1.200"
   string ""
signal time=1788730462.051161 sender=org.freedesktop.DBus -> destination=(null destination) serial=401 path=/org/freedesktop/DBus; interface=org.freedesktop.DBus; member=NameOwnerChanged
   string ":1.201"
   string ""
   string ":1.201"
signal time=1788730462.051185 sender=org.freedesktop.DBus -> destination=:1.201 serial=2 path=/org/freedesktop/DBus; interface=org.freedesktop.DBus; member=NameAcquired
   string ":1.201"
signal time=1788730462.052743 sender=org.freedesktop.DBus -> destination=:1.201 serial=3 path=/org/freedesktop/DBus; interface=org.freedesktop.DBus; member=NameLost
   string ":1.201"
signal time=1788730462.052757 sender=org.freedesktop.DBus -> destination=(null destination) serial=402 path=/org/freedesktop/DBus; interface=org.freedesktop.DBus; member=NameOwnerChanged
   string ":1.201"
   string ":1.201"
   string ""
signal time=1788730462.052812 sender=:1.2 -> destination=(null destination) serial=234 path=/org/a11y/atspi/registry; interface=org.a11y.atspi.Registry; member=EventListenerDeregistered
   string ":1.201"
   string ""
signal time=1788730462.056820 sender=org.freedesktop.DBus -> destination=(null destination) serial=403 path=/org/freedesktop/DBus; interface=org.freedesktop.DBus; member=NameOwnerChanged
   string ":1.202"
   string ""
   string ":1.202"
signal time=1788730462.056844 sender=org.freedesktop.DBus -> destination=:1.202 serial=2 path=/org/freedesktop/DBus; interface=org.freedesktop.DBus; member=NameAcquired
   string ":1.202"
signal time=1788730462.058147 sender=org.freedesktop.DBus -> destination=:1.202 serial=3 path=/org/freedesktop/DBus; interface=org.freedesktop.DBus; member=NameLost
   string ":1.202"
signal time=1788730462.058166 sender=org.freedesktop.DBus -> destination=(null destination) serial=404 path=/org/freedesktop/DBus; interface=org.freedesktop.DBus; member=NameOwnerChanged
   string ":1.202"
   string ":1.202"
   string ""
signal time=1788730462.058236 sender=:1.2 -> destination=(null destination) serial=235 path=/org/a11y/atspi/registry; interface=org.a11y.atspi.Registry; member=EventListenerDeregistered
   string ":1.202"
   string ""
signal time=1788730462.062431 sender=org.freedesktop.DBus -> destination=(null destination) serial=405 path=/org/freedesktop/DBus; interface=org.freedesktop.DBus; member=NameOwnerChanged
   string ":1.203"
   string ""
   string ":1.203"
signal time=1788730462.062457 sender=org.freedesktop.DBus -> destination=:1.203 serial=2 path=/org/freedesktop/DBus; interface=org.freedesktop.DBus; member=NameAcquired
   string ":1.203"
signal time=1788730462.063999 sender=org.freedesktop.DBus -> destination=:1.203 serial=3 path=/org/freedesktop/DBus; interface=org.freedesktop.DBus; member=NameLost
   string ":1.203"
signal time=1788730462.064013 sender=org.freedesktop.DBus -> destination=(null destination) serial=406 path=/org/freedesktop/DBus; interface=org.freedesktop.DBus; member=NameOwnerChanged
   string ":1.203"
   string ":1.203"
   string ""
signal time=1788730462.064131 sender=:1.2 -> destination=(null destination) serial=236 path=/org/a11y/atspi/registry; interface=org.a11y.atspi.Registry; member=EventListenerDeregistered
   string ":1.203"
   string ""
signal time=1788730462.067838 sender=org.freedesktop.DBus -> destination=(null destination) serial=407 path=/org/freedesktop/DBus; interface=org.freedesktop.DBus; member=NameOwnerChanged
   string ":1.204"
   string ""
   string ":1.204"
signal time=1788730462.067870 sender=org.freedesktop.DBus -> destination=:1.204 serial=2 path=/org/freedesktop/DBus; interface=org.freedesktop.DBus; member=NameAcquired
   string ":1.204"
signal time=1788730462.068853 sender=org.freedesktop.DBus -> destination=:1.204 serial=3 path=/org/freedesktop/DBus; interface=org.freedesktop.DBus; member=NameLost
   string ":1.204"
signal time=1788730462.068864 sender=org.freedesktop.DBus -> destination=(null destination) serial=408 path=/org/freedesktop/DBus; interface=org.freedesktop.DBus; member=NameOwnerChanged
   string ":1.204"
   string ":1.204"
   string ""
signal time=1788730462.068991 sender=:1.2 -> destination=(null destination) serial=237 path=/org/a11y/atspi/registry; interface=org.a11y.atspi.Registry; member=EventListenerDeregistered
   string ":1.204"
   string ""
signal time=1788730462.073053 sender=org.freedesktop.DBus -> destination=(null destination) serial=409 path=/org/freedesktop/DBus; interface=org.freedesktop.DBus; member=NameOwnerChanged
   string ":1.205"
   string ""
   string ":1.205"
signal time=1788730462.073075 sender=org.freedesktop.DBus -> destination=:1.205 serial=2 path=/org/freedesktop/DBus; interface=org.freedesktop.DBus; member=NameAcquired
   string ":1.205"
signal time=1788730462.074516 sender=org.freedesktop.DBus -> destination=:1.205 serial=3 path=/org/freedesktop/DBus; interface=org.freedesktop.DBus; member=NameLost
   string ":1.205"
signal time=1788730462.074535 sender=org.freedesktop.DBus -> destination=(null destination) serial=410 path=/org/freedesktop/DBus; interface=org.freedesktop.DBus; member=NameOwnerChanged
   string ":1.205"
   string ":1.205"
   string ""
signal time=1788730462.074627 sender=:1.2 -> destination=(null destination) serial=238 path=/org/a11y/atspi/registry; interface=org.a11y.atspi.Registry; member=EventListenerDeregistered
   string ":1.205"
   string ""
signal time=1788730462.078600 sender=org.freedesktop.DBus -> destination=(null destination) serial=411 path=/org/freedesktop/DBus; interface=org.freedesktop.DBus; member=NameOwnerChanged
   string ":1.206"
   string ""
   string ":1.206"
signal time=1788730462.078618 sender=org.freedesktop.DBus -> destination=:1.206 serial=2 path=/org/freedesktop/DBus; interface=org.freedesktop.DBus; member=NameAcquired
   string ":1.206"
signal time=1788730462.079655 sender=org.freedesktop.DBus -> destination=:1.206 serial=3 path=/org/freedesktop/DBus; interface=org.freedesktop.DBus; member=NameLost
   string ":1.206"
signal time=1788730462.079677 sender=org.freedesktop.DBus -> destination=(null destination) serial=412 path=/org/freedesktop/DBus; interface=org.freedesktop.DBus; member=NameOwnerChanged
   string ":1.206"
   string ":1.206"
   string ""
signal time=1788730462.079809 sender=:1.2 -> destination=(null destination) serial=239 path=/org/a11y/atspi/registry; interface=org.a11y.atspi.Registry; member=EventListenerDeregistered
   string ":1.206"
   string ""
signal time=1788730462.084115 sender=org.freedesktop.DBus -> destination=(null destination) serial=413 path=/org/freedesktop/DBus; interface=org.freedesktop.DBus; member=NameOwnerChanged
   string ":1.207"
   string ""
   string ":1.207"
signal time=1788730462.084141 sender=org.freedesktop.DBus -> destination=:1.207 serial=2 path=/org/freedesktop/DBus; interface=org.freedesktop.DBus; member=NameAcquired
   string ":1.207"
signal time=1788730462.084795 sender=org.freedesktop.DBus -> destination=:1.207 serial=3 path=/org/freedesktop/DBus; interface=org.freedesktop.DBus; member=NameLost
   string ":1.207"
signal time=1788730462.084805 sender=org.freedesktop.DBus -> destination=(null destination) serial=414 path=/org/freedesktop/DBus; interface=org.freedesktop.DBus; member=NameOwnerChanged
   string ":1.207"
   string ":1.207"
   string ""
signal time=1788730462.084917 sender=:1.2 -> destination=(null destination) serial=240 path=/org/a11y/atspi/registry; interface=org.a11y.atspi.Registry; member=EventListenerDeregistered
   string ":1.207"
   string ""
signal time=1788730462.089239 sender=org.freedesktop.DBus -> destination=(null destination) serial=415 path=/org/freedesktop/DBus; interface=org.freedesktop.DBus; member=NameOwnerChanged
   string ":1.208"
   string ""
   string ":1.208"
signal time=1788730462.089265 sender=org.freedesktop.DBus -> destination=:1.208 serial=2 path=/org/freedesktop/DBus; interface=org.freedesktop.DBus; member=NameAcquired
   string ":1.208"
signal time=1788730462.090460 sender=org.freedesktop.DBus -> destination=:1.208 serial=3 path=/org/freedesktop/DBus; interface=org.freedesktop.DBus; member=NameLost
   string ":1.208"
signal time=1788730462.090494 sender=org.freedesktop.DBus -> destination=(null destination) serial=416 path=/org/freedesktop/DBus; interface=org.freedesktop.DBus; member=NameOwnerChanged
   string ":1.208"
   string ":1.208"
   string ""
signal time=1788730462.090590 sender=:1.2 -> destination=(null destination) serial=241 path=/org/a11y/atspi/registry; interface=org.a11y.atspi.Registry; member=EventListenerDeregistered
   string ":1.208"
   string ""
signal time=1788730462.094919 sender=org.freedesktop.DBus -> destination=(null destination) serial=417 path=/org/freedesktop/DBus; interface=org.freedesktop.DBus; member=NameOwnerChanged
   string ":1.209"
   string ""
   string ":1.209"
signal time=1788730462.094939 sender=org.freedesktop.DBus -> destination=:1.209 serial=2 path=/org/freedesktop/DBus; interface=org.freedesktop.DBus; member=NameAcquired
   string ":1.209"
signal time=1788730462.096048 sender=org.freedesktop.DBus -> destination=:1.209 serial=3 path=/org/freedesktop/DBus; interface=org.freedesktop.DBus; member=NameLost
   string ":1.209"
signal time=1788730462.096063 sender=org.freedesktop.DBus -> destination=(null destination) serial=418 path=/org/freedesktop/DBus; interface=org.freedesktop.DBus; member=NameOwnerChanged
   string ":1.209"
   string ":1.209"
   string ""
signal time=1788730462.096139 sender=:1.2 -> destination=(null destination) serial=242 path=/org/a11y/atspi/registry; interface=org.a11y.atspi.Registry; member=EventListenerDeregistered
   string ":1.209"
   string ""
signal time=1788730462.099886 sender=org.freedesktop.DBus -> destination=(null destination) serial=419 path=/org/freedesktop/DBus; interface=org.freedesktop.DBus; member=NameOwnerChanged
   string ":1.210"
   string ""
   string ":1.210"
signal time=1788730462.099907 sender=org.freedesktop.DBus -> destination=:1.210 serial=2 path=/org/freedesktop/DBus; interface=org.freedesktop.DBus; member=NameAcquired
   string ":1.210"
signal time=1788730462.101632 sender=org.freedesktop.DBus -> destination=:1.210 serial=3 path=/org/freedesktop/DBus; interface=org.freedesktop.DBus; member=NameLost
   string ":1.210"
signal time=1788730462.101654 sender=org.freedesktop.DBus -> destination=(null destination) serial=420 path=/org/freedesktop/DBus; interface=org.freedesktop.DBus; member=NameOwnerChanged
   string ":1.210"
   string ":1.210"
   string ""
signal time=1788730462.101749 sender=:1.2 -> destination=(null destination) serial=243 path=/org/a11y/atspi/registry; interface=org.a11y.atspi.Registry; member=EventListenerDeregistered
   string ":1.210"
   string ""
signal time=1788730462.105725 sender=org.freedesktop.DBus -> destination=(null destination) serial=421 path=/org/freedesktop/DBus; interface=org.freedesktop.DBus; member=NameOwnerChanged
   string ":1.211"
   string ""
   string ":1.211"
signal time=1788730462.105755 sender=org.freedesktop.DBus -> destination=:1.211 serial=2 path=/org/freedesktop/DBus; interface=org.freedesktop.DBus; member=NameAcquired
   string ":1.211"
signal time=1788730462.106966 sender=org.freedesktop.DBus -> destination=:1.211 serial=3 path=/org/freedesktop/DBus; interface=org.freedesktop.DBus; member=NameLost
   string ":1.211"
signal time=1788730462.106976 sender=org.freedesktop.DBus -> destination=(null destination) serial=422 path=/org/freedesktop/DBus; interface=org.freedesktop.DBus; member=NameOwnerChanged
   string ":1.211"
   string ":1.211"
   string ""
signal time=1788730462.107089 sender=:1.2 -> destination=(null destination) serial=244 path=/org/a11y/atspi/registry; interface=org.a11y.atspi.Registry; member=EventListenerDeregistered
   string ":1.211"
   string ""
signal time=1788730462.110933 sender=org.freedesktop.DBus -> destination=(null destination) serial=423 path=/org/freedesktop/DBus; interface=org.freedesktop.DBus; member=NameOwnerChanged
   string ":1.212"
   string ""
   string ":1.212"
signal time=1788730462.110949 sender=org.freedesktop.DBus -> destination=:1.212 serial=2 path=/org/freedesktop/DBus; interface=org.freedesktop.DBus; member=NameAcquired
   string ":1.212"
signal time=1788730462.112019 sender=org.freedesktop.DBus -> destination=:1.212 serial=3 path=/org/freedesktop/DBus; interface=org.freedesktop.DBus; member=NameLost
   string ":1.212"
signal time=1788730462.112030 sender=org.freedesktop.DBus -> destination=(null destination) serial=424 path=/org/freedesktop/DBus; interface=org.freedesktop.DBus; member=NameOwnerChanged
   string ":1.212"
   string ":1.212"
   string ""
signal time=1788730462.112207 sender=:1.2 -> destination=(null destination) serial=245 path=/org/a11y/atspi/registry; interface=org.a11y.atspi.Registry; member=EventListenerDeregistered
   string ":1.212"
   string ""
signal time=1788730462.116448 sender=org.freedesktop.DBus -> destination=(null destination) serial=425 path=/org/freedesktop/DBus; interface=org.freedesktop.DBus; member=NameOwnerChanged
   string ":1.213"
   string ""
   string ":1.213"
signal time=1788730462.116471 sender=org.freedesktop.DBus -> destination=:1.213 serial=2 path=/org/freedesktop/DBus; interface=org.freedesktop.DBus; member=NameAcquired
   string ":1.213"
signal time=1788730462.117723 sender=org.freedesktop.DBus -> destination=:1.213 serial=3 path=/org/freedesktop/DBus; interface=org.freedesktop.DBus; member=NameLost
   string ":1.213"
signal time=1788730462.117737 sender=org.freedesktop.DBus -> destination=(null destination) serial=426 path=/org/freedesktop/DBus; interface=org.freedesktop.DBus; member=NameOwnerChanged
   string ":1.213"
   string ":1.213"
   string ""
signal time=1788730462.117835 sender=:1.2 -> destination=(null destination) serial=246 path=/org/a11y/atspi/registry; interface=org.a11y.atspi.Registry; member=EventListenerDeregistered
   string ":1.213"
   string ""
signal time=1788730462.121537 sender=org.freedesktop.DBus -> destination=(null destination) serial=427 path=/org/freedesktop/DBus; interface=org.freedesktop.DBus; member=NameOwnerChanged
   string ":1.214"
   string ""
   string ":1.214"
signal time=1788730462.121551 sender=org.freedesktop.DBus -> destination=:1.214 serial=2 path=/org/freedesktop/DBus; interface=org.freedesktop.DBus; member=NameAcquired
   string ":1.214"
signal time=1788730462.122890 sender=org.freedesktop.DBus -> destination=:1.214 serial=3 path=/org/freedesktop/DBus; interface=org.freedesktop.DBus; member=NameLost
   string ":1.214"
signal time=1788730462.122906 sender=org.freedesktop.DBus -> destination=(null destination) serial=428 path=/org/freedesktop/DBus; interface=org.freedesktop.DBus; member=NameOwnerChanged
   string ":1.214"
   string ":1.214"
   string ""
signal time=1788730462.123006 sender=:1.2 -> destination=(null destination) serial=247 path=/org/a11y/atspi/registry; interface=org.a11y.atspi.Registry; member=EventListenerDeregistered
   string ":1.214"
   string ""
signal time=1788730462.126578 sender=org.freedesktop.DBus -> destination=(null destination) serial=429 path=/org/freedesktop/DBus; interface=org.freedesktop.DBus; member=NameOwnerChanged
   string ":1.215"
   string ""
   string ":1.215"
signal time=1788730462.126595 sender=org.freedesktop.DBus -> destination=:1.215 serial=2 path=/org/freedesktop/DBus; interface=org.freedesktop.DBus; member=NameAcquired
   string ":1.215"
signal time=1788730462.128036 sender=org.freedesktop.DBus -> destination=:1.215 serial=3 path=/org/freedesktop/DBus; interface=org.freedesktop.DBus; member=NameLost
   string ":1.215"
signal time=1788730462.128049 sender=org.freedesktop.DBus -> destination=(null destination) serial=430 path=/org/freedesktop/DBus; interface=org.freedesktop.DBus; member=NameOwnerChanged
   string ":1.215"
   string ":1.215"
   string ""
signal time=1788730462.128177 sender=:1.2 -> destination=(null destination) serial=248 path=/org/a11y/atspi/registry; interface=org.a11y.atspi.Registry; member=EventListenerDeregistered
   string ":1.215"
   string ""
signal time=1788730462.132157 sender=org.freedesktop.DBus -> destination=(null destination) serial=431 path=/org/freedesktop/DBus; interface=org.freedesktop.DBus; member=NameOwnerChanged
   string ":1.216"
   string ""
   string ":1.216"
signal time=1788730462.132185 sender=org.freedesktop.DBus -> destination=:1.216 serial=2 path=/org/freedesktop/DBus; interface=org.freedesktop.DBus; member=NameAcquired
   string ":1.216"
signal time=1788730462.133539 sender=org.freedesktop.DBus -> destination=:1.216 serial=3 path=/org/freedesktop/DBus; interface=org.freedesktop.DBus; member=NameLost
   string ":1.216"
signal time=1788730462.133552 sender=org.freedesktop.DBus -> destination=(null destination) serial=432 path=/org/freedesktop/DBus; interface=org.freedesktop.DBus; member=NameOwnerChanged
   string ":1.216"
   string ":1.216"
   string ""
signal time=1788730462.133699 sender=:1.2 -> destination=(null destination) serial=249 path=/org/a11y/atspi/registry; interface=org.a11y.atspi.Registry; member=EventListenerDeregistered
   string ":1.216"
   string ""
signal time=1788730462.137060 sender=org.freedesktop.DBus -> destination=(null destination) serial=433 path=/org/freedesktop/DBus; interface=org.freedesktop.DBus; member=NameOwnerChanged
   string ":1.217"
   string ""
   string ":1.217"
signal time=1788730462.137072 sender=org.freedesktop.DBus -> destination=:1.217 serial=2 path=/org/freedesktop/DBus; interface=org.freedesktop.DBus; member=NameAcquired
   string ":1.217"
signal time=1788730462.138623 sender=org.freedesktop.DBus -> destination=:1.217 serial=3 path=/org/freedesktop/DBus; interface=org.freedesktop.DBus; member=NameLost
   string ":1.217"
signal time=1788730462.138636 sender=org.freedesktop.DBus -> destination=(null destination) serial=434 path=/org/freedesktop/DBus; interface=org.freedesktop.DBus; member=NameOwnerChanged
   string ":1.217"
   string ":1.217"
   string ""
signal time=1788730462.138725 sender=:1.2 -> destination=(null destination) serial=250 path=/org/a11y/atspi/registry; interface=org.a11y.atspi.Registry; member=EventListenerDeregistered
   string ":1.217"
   string ""
signal time=1788730462.141991 sender=org.freedesktop.DBus -> destination=(null destination) serial=435 path=/org/freedesktop/DBus; interface=org.freedesktop.DBus; member=NameOwnerChanged
   string ":1.218"
   string ""
   string ":1.218"
signal time=1788730462.142007 sender=org.freedesktop.DBus -> destination=:1.218 serial=2 path=/org/freedesktop/DBus; interface=org.freedesktop.DBus; member=NameAcquired
   string ":1.218"
signal time=1788730462.143419 sender=org.freedesktop.DBus -> destination=:1.218 serial=3 path=/org/freedesktop/DBus; interface=org.freedesktop.DBus; member=NameLost
   string ":1.218"
signal time=1788730462.143430 sender=org.freedesktop.DBus -> destination=(null destination) serial=436 path=/org/freedesktop/DBus; interface=org.freedesktop.DBus; member=NameOwnerChanged
   string ":1.218"
   string ":1.218"
   string ""
signal time=1788730462.143545 sender=:1.2 -> destination=(null destination) serial=251 path=/org/a11y/atspi/registry; interface=org.a11y.atspi.Registry; member=EventListenerDeregistered
   string ":1.218"
   string ""
signal time=1788730462.147092 sender=org.freedesktop.DBus -> destination=(null destination) serial=437 path=/org/freedesktop/DBus; interface=org.freedesktop.DBus; member=NameOwnerChanged
   string ":1.219"
   string ""
   string ":1.219"
signal time=1788730462.147129 sender=org.freedesktop.DBus -> destination=:1.219 serial=2 path=/org/freedesktop/DBus; interface=org.freedesktop.DBus; member=NameAcquired
   string ":1.219"
signal time=1788730462.148375 sender=org.freedesktop.DBus -> destination=:1.219 serial=3 path=/org/freedesktop/DBus; interface=org.freedesktop.DBus; member=NameLost
   string ":1.219"
signal time=1788730462.148390 sender=org.freedesktop.DBus -> destination=(null destination) serial=438 path=/org/freedesktop/DBus; interface=org.freedesktop.DBus; member=NameOwnerChanged
   string ":1.219"
   string ":1.219"
   string ""
signal time=1788730462.148473 sender=:1.2 -> destination=(null destination) serial=252 path=/org/a11y/atspi/registry; interface=org.a11y.atspi.Registry; member=EventListenerDeregistered
   string ":1.219"
   string ""
signal time=1788730462.152013 sender=org.freedesktop.DBus -> destination=(null destination) serial=439 path=/org/freedesktop/DBus; interface=org.freedesktop.DBus; member=NameOwnerChanged
   string ":1.220"
   string ""
   string ":1.220"
signal time=1788730462.152044 sender=org.freedesktop.DBus -> destination=:1.220 serial=2 path=/org/freedesktop/DBus; interface=org.freedesktop.DBus; member=NameAcquired
   string ":1.220"
signal time=1788730462.153152 sender=org.freedesktop.DBus -> destination=:1.220 serial=3 path=/org/freedesktop/DBus; interface=org.freedesktop.DBus; member=NameLost
   string ":1.220"
signal time=1788730462.153162 sender=org.freedesktop.DBus -> destination=(null destination) serial=440 path=/org/freedesktop/DBus; interface=org.freedesktop.DBus; member=NameOwnerChanged
   string ":1.220"
   string ":1.220"
   string ""
signal time=1788730462.153261 sender=:1.2 -> destination=(null destination) serial=253 path=/org/a11y/atspi/registry; interface=org.a11y.atspi.Registry; member=EventListenerDeregistered
   string ":1.220"
   string ""
signal time=1788730462.156847 sender=org.freedesktop.DBus -> destination=(null destination) serial=441 path=/org/freedesktop/DBus; interface=org.freedesktop.DBus; member=NameOwnerChanged
   string ":1.221"
   string ""
   string ":1.221"
signal time=1788730462.156863 sender=org.freedesktop.DBus -> destination=:1.221 serial=2 path=/org/freedesktop/DBus; interface=org.freedesktop.DBus; member=NameAcquired
   string ":1.221"
signal time=1788730462.158390 sender=org.freedesktop.DBus -> destination=:1.221 serial=3 path=/org/freedesktop/DBus; interface=org.freedesktop.DBus; member=NameLost
   string ":1.221"
signal time=1788730462.158406 sender=org.freedesktop.DBus -> destination=(null destination) serial=442 path=/org/freedesktop/DBus; interface=org.freedesktop.DBus; member=NameOwnerChanged
   string ":1.221"
   string ":1.221"
   string ""
signal time=1788730462.158439 sender=:1.2 -> destination=(null destination) serial=254 path=/org/a11y/atspi/registry; interface=org.a11y.atspi.Registry; member=EventListenerDeregistered
   string ":1.221"
   string ""
signal time=1788730462.162282 sender=org.freedesktop.DBus -> destination=(null destination) serial=443 path=/org/freedesktop/DBus; interface=org.freedesktop.DBus; member=NameOwnerChanged
   string ":1.222"
   string ""
   string ":1.222"
signal time=1788730462.162306 sender=org.freedesktop.DBus -> destination=:1.222 serial=2 path=/org/freedesktop/DBus; interface=org.freedesktop.DBus; member=NameAcquired
   string ":1.222"
signal time=1788730462.163590 sender=org.freedesktop.DBus -> destination=:1.222 serial=3 path=/org/freedesktop/DBus; interface=org.freedesktop.DBus; member=NameLost
   string ":1.222"
signal time=1788730462.163601 sender=org.freedesktop.DBus -> destination=(null destination) serial=444 path=/org/freedesktop/DBus; interface=org.freedesktop.DBus; member=NameOwnerChanged
   string ":1.222"
   string ":1.222"
   string ""
signal time=1788730462.163648 sender=:1.2 -> destination=(null destination) serial=255 path=/org/a11y/atspi/registry; interface=org.a11y.atspi.Registry; member=EventListenerDeregistered
   string ":1.222"
   string ""
signal time=1788730462.167338 sender=org.freedesktop.DBus -> destination=(null destination) serial=445 path=/org/freedesktop/DBus; interface=org.freedesktop.DBus; member=NameOwnerChanged
   string ":1.223"
   string ""
   string ":1.223"
signal time=1788730462.167357 sender=org.freedesktop.DBus -> destination=:1.223 serial=2 path=/org/freedesktop/DBus; interface=org.freedesktop.DBus; member=NameAcquired
   string ":1.223"
signal time=1788730462.168633 sender=org.freedesktop.DBus -> destination=:1.223 serial=3 path=/org/freedesktop/DBus; interface=org.freedesktop.DBus; member=NameLost
   string ":1.223"
signal time=1788730462.168646 sender=org.freedesktop.DBus -> destination=(null destination) serial=446 path=/org/freedesktop/DBus; interface=org.freedesktop.DBus; member=NameOwnerChanged
   string ":1.223"
   string ":1.223"
   string ""
signal time=1788730462.168773 sender=:1.2 -> destination=(null destination) serial=256 path=/org/a11y/atspi/registry; interface=org.a11y.atspi.Registry; member=EventListenerDeregistered
   string ":1.223"
   string ""
signal time=1788730462.172189 sender=org.freedesktop.DBus -> destination=(null destination) serial=447 path=/org/freedesktop/DBus; interface=org.freedesktop.DBus; member=NameOwnerChanged
   string ":1.224"
   string ""
   string ":1.224"
signal time=1788730462.172210 sender=org.freedesktop.DBus -> destination=:1.224 serial=2 path=/org/freedesktop/DBus; interface=org.freedesktop.DBus; member=NameAcquired
   string ":1.224"
signal time=1788730462.173203 sender=org.freedesktop.DBus -> destination=:1.224 serial=3 path=/org/freedesktop/DBus; interface=org.freedesktop.DBus; member=NameLost
   string ":1.224"
signal time=1788730462.173212 sender=org.freedesktop.DBus -> destination=(null destination) serial=448 path=/org/freedesktop/DBus; interface=org.freedesktop.DBus; member=NameOwnerChanged
   string ":1.224"
   string ":1.224"
   string ""
signal time=1788730462.173315 sender=:1.2 -> destination=(null destination) serial=257 path=/org/a11y/atspi/registry; interface=org.a11y.atspi.Registry; member=EventListenerDeregistered
   string ":1.224"
   string ""
signal time=1788730462.176942 sender=org.freedesktop.DBus -> destination=(null destination) serial=449 path=/org/freedesktop/DBus; interface=org.freedesktop.DBus; member=NameOwnerChanged
   string ":1.225"
   string ""
   string ":1.225"
signal time=1788730462.176963 sender=org.freedesktop.DBus -> destination=:1.225 serial=2 path=/org/freedesktop/DBus; interface=org.freedesktop.DBus; member=NameAcquired
   string ":1.225"
signal time=1788730462.178268 sender=org.freedesktop.DBus -> destination=:1.225 serial=3 path=/org/freedesktop/DBus; interface=org.freedesktop.DBus; member=NameLost
   string ":1.225"
signal time=1788730462.178284 sender=org.freedesktop.DBus -> destination=(null destination) serial=450 path=/org/freedesktop/DBus; interface=org.freedesktop.DBus; member=NameOwnerChanged
   string ":1.225"
   string ":1.225"
   string ""
signal time=1788730462.178425 sender=:1.2 -> destination=(null destination) serial=258 path=/org/a11y/atspi/registry; interface=org.a11y.atspi.Registry; member=EventListenerDeregistered
   string ":1.225"
   string ""
signal time=1788730462.181894 sender=org.freedesktop.DBus -> destination=(null destination) serial=451 path=/org/freedesktop/DBus; interface=org.freedesktop.DBus; member=NameOwnerChanged
   string ":1.226"
   string ""
   string ":1.226"
signal time=1788730462.181917 sender=org.freedesktop.DBus -> destination=:1.226 serial=2 path=/org/freedesktop/DBus; interface=org.freedesktop.DBus; member=NameAcquired
   string ":1.226"
signal time=1788730462.183514 sender=org.freedesktop.DBus -> destination=:1.226 serial=3 path=/org/freedesktop/DBus; interface=org.freedesktop.DBus; member=NameLost
   string ":1.226"
signal time=1788730462.183527 sender=org.freedesktop.DBus -> destination=(null destination) serial=452 path=/org/freedesktop/DBus; interface=org.freedesktop.DBus; member=NameOwnerChanged
   string ":1.226"
   string ":1.226"
   string ""
signal time=1788730462.183645 sender=:1.2 -> destination=(null destination) serial=259 path=/org/a11y/atspi/registry; interface=org.a11y.atspi.Registry; member=EventListenerDeregistered
   string ":1.226"
   string ""
signal time=1788730462.187459 sender=org.freedesktop.DBus -> destination=(null destination) serial=453 path=/org/freedesktop/DBus; interface=org.freedesktop.DBus; member=NameOwnerChanged
   string ":1.227"
   string ""
   string ":1.227"
signal time=1788730462.187488 sender=org.freedesktop.DBus -> destination=:1.227 serial=2 path=/org/freedesktop/DBus; interface=org.freedesktop.DBus; member=NameAcquired
   string ":1.227"
signal time=1788730462.188818 sender=org.freedesktop.DBus -> destination=:1.227 serial=3 path=/org/freedesktop/DBus; interface=org.freedesktop.DBus; member=NameLost
   string ":1.227"
signal time=1788730462.188831 sender=org.freedesktop.DBus -> destination=(null destination) serial=454 path=/org/freedesktop/DBus; interface=org.freedesktop.DBus; member=NameOwnerChanged
   string ":1.227"
   string ":1.227"
   string ""
signal time=1788730462.188974 sender=:1.2 -> destination=(null destination) serial=260 path=/org/a11y/atspi/registry; interface=org.a11y.atspi.Registry; member=EventListenerDeregistered
   string ":1.227"
   string ""
signal time=1788730462.192855 sender=org.freedesktop.DBus -> destination=(null destination) serial=455 path=/org/freedesktop/DBus; interface=org.freedesktop.DBus; member=NameOwnerChanged
   string ":1.228"
   string ""
   string ":1.228"
signal time=1788730462.192881 sender=org.freedesktop.DBus -> destination=:1.228 serial=2 path=/org/freedesktop/DBus; interface=org.freedesktop.DBus; member=NameAcquired
   string ":1.228"
signal time=1788730462.194410 sender=org.freedesktop.DBus -> destination=:1.228 serial=3 path=/org/freedesktop/DBus; interface=org.freedesktop.DBus; member=NameLost
   string ":1.228"
signal time=1788730462.194427 sender=org.freedesktop.DBus -> destination=(null destination) serial=456 path=/org/freedesktop/DBus; interface=org.freedesktop.DBus; member=NameOwnerChanged
   string ":1.228"
   string ":1.228"
   string ""
signal time=1788730462.194548 sender=:1.2 -> destination=(null destination) serial=261 path=/org/a11y/atspi/registry; interface=org.a11y.atspi.Registry; member=EventListenerDeregistered
   string ":1.228"
   string ""
signal time=1788730462.198334 sender=org.freedesktop.DBus -> destination=(null destination) serial=457 path=/org/freedesktop/DBus; interface=org.freedesktop.DBus; member=NameOwnerChanged
   string ":1.229"
   string ""
   string ":1.229"
signal time=1788730462.198359 sender=org.freedesktop.DBus -> destination=:1.229 serial=2 path=/org/freedesktop/DBus; interface=org.freedesktop.DBus; member=NameAcquired
   string ":1.229"
signal time=1788730462.200112 sender=org.freedesktop.DBus -> destination=:1.229 serial=3 path=/org/freedesktop/DBus; interface=org.freedesktop.DBus; member=NameLost
   string ":1.229"
signal time=1788730462.200125 sender=org.freedesktop.DBus -> destination=(null destination) serial=458 path=/org/freedesktop/DBus; interface=org.freedesktop.DBus; member=NameOwnerChanged
   string ":1.229"
   string ":1.229"
   string ""
signal time=1788730462.200241 sender=:1.2 -> destination=(null destination) serial=262 path=/org/a11y/atspi/registry; interface=org.a11y.atspi.Registry; member=EventListenerDeregistered
   string ":1.229"
   string ""
signal time=1788730462.203982 sender=org.freedesktop.DBus -> destination=(null destination) serial=459 path=/org/freedesktop/DBus; interface=org.freedesktop.DBus; member=NameOwnerChanged
   string ":1.230"
   string ""
   string ":1.230"
signal time=1788730462.204004 sender=org.freedesktop.DBus -> destination=:1.230 serial=2 path=/org/freedesktop/DBus; interface=org.freedesktop.DBus; member=NameAcquired
   string ":1.230"
signal time=1788730462.205273 sender=org.freedesktop.DBus -> destination=:1.230 serial=3 path=/org/freedesktop/DBus; interface=org.freedesktop.DBus; member=NameLost
   string ":1.230"
signal time=1788730462.205284 sender=org.freedesktop.DBus -> destination=(null destination) serial=460 path=/org/freedesktop/DBus; interface=org.freedesktop.DBus; member=NameOwnerChanged
   string ":1.230"
   string ":1.230"
   string ""
signal time=1788730462.205398 sender=:1.2 -> destination=(null destination) serial=263 path=/org/a11y/atspi/registry; interface=org.a11y.atspi.Registry; member=EventListenerDeregistered
   string ":1.230"
   string ""
signal time=1788730462.209494 sender=org.freedesktop.DBus -> destination=(null destination) serial=461 path=/org/freedesktop/DBus; interface=org.freedesktop.DBus; member=NameOwnerChanged
   string ":1.231"
   string ""
   string ":1.231"
signal time=1788730462.209519 sender=org.freedesktop.DBus -> destination=:1.231 serial=2 path=/org/freedesktop/DBus; interface=org.freedesktop.DBus; member=NameAcquired
   string ":1.231"
signal time=1788730462.210524 sender=org.freedesktop.DBus -> destination=:1.231 serial=3 path=/org/freedesktop/DBus; interface=org.freedesktop.DBus; member=NameLost
   string ":1.231"
signal time=1788730462.210541 sender=org.freedesktop.DBus -> destination=(null destination) serial=462 path=/org/freedesktop/DBus; interface=org.freedesktop.DBus; member=NameOwnerChanged
   string ":1.231"
   string ":1.231"
   string ""
signal time=1788730462.210648 sender=:1.2 -> destination=(null destination) serial=264 path=/org/a11y/atspi/registry; interface=org.a11y.atspi.Registry; member=EventListenerDeregistered
   string ":1.231"
   string ""
signal time=1788730462.214382 sender=org.freedesktop.DBus -> destination=(null destination) serial=463 path=/org/freedesktop/DBus; interface=org.freedesktop.DBus; member=NameOwnerChanged
   string ":1.232"
   string ""
   string ":1.232"
signal time=1788730462.214399 sender=org.freedesktop.DBus -> destination=:1.232 serial=2 path=/org/freedesktop/DBus; interface=org.freedesktop.DBus; member=NameAcquired
   string ":1.232"
signal time=1788730462.215962 sender=org.freedesktop.DBus -> destination=:1.232 serial=3 path=/org/freedesktop/DBus; interface=org.freedesktop.DBus; member=NameLost
   string ":1.232"
signal time=1788730462.215977 sender=org.freedesktop.DBus -> destination=(null destination) serial=464 path=/org/freedesktop/DBus; interface=org.freedesktop.DBus; member=NameOwnerChanged
   string ":1.232"
   string ":1.232"
   string ""
signal time=1788730462.216091 sender=:1.2 -> destination=(null destination) serial=265 path=/org/a11y/atspi/registry; interface=org.a11y.atspi.Registry; member=EventListenerDeregistered
   string ":1.232"
   string ""
signal time=1788730462.219833 sender=org.freedesktop.DBus -> destination=(null destination) serial=465 path=/org/freedesktop/DBus; interface=org.freedesktop.DBus; member=NameOwnerChanged
   string ":1.233"
   string ""
   string ":1.233"
signal time=1788730462.219851 sender=org.freedesktop.DBus -> destination=:1.233 serial=2 path=/org/freedesktop/DBus; interface=org.freedesktop.DBus; member=NameAcquired
   string ":1.233"
signal time=1788730462.221175 sender=org.freedesktop.DBus -> destination=:1.233 serial=3 path=/org/freedesktop/DBus; interface=org.freedesktop.DBus; member=NameLost
   string ":1.233"
signal time=1788730462.221188 sender=org.freedesktop.DBus -> destination=(null destination) serial=466 path=/org/freedesktop/DBus; interface=org.freedesktop.DBus; member=NameOwnerChanged
   string ":1.233"
   string ":1.233"
   string ""
signal time=1788730462.221261 sender=:1.2 -> destination=(null destination) serial=266 path=/org/a11y/atspi/registry; interface=org.a11y.atspi.Registry; member=EventListenerDeregistered
   string ":1.233"
   string ""
signal time=1788730462.225085 sender=org.freedesktop.DBus -> destination=(null destination) serial=467 path=/org/freedesktop/DBus; interface=org.freedesktop.DBus; member=NameOwnerChanged
   string ":1.234"
   string ""
   string ":1.234"
signal time=1788730462.225104 sender=org.freedesktop.DBus -> destination=:1.234 serial=2 path=/org/freedesktop/DBus; interface=org.freedesktop.DBus; member=NameAcquired
   string ":1.234"
signal time=1788730462.226483 sender=org.freedesktop.DBus -> destination=:1.234 serial=3 path=/org/freedesktop/DBus; interface=org.freedesktop.DBus; member=NameLost
   string ":1.234"
signal time=1788730462.226500 sender=org.freedesktop.DBus -> destination=(null destination) serial=468 path=/org/freedesktop/DBus; interface=org.freedesktop.DBus; member=NameOwnerChanged
   string ":1.234"
   string ":1.234"
   string ""
signal time=1788730462.226573 sender=:1.2 -> destination=(null destination) serial=267 path=/org/a11y/atspi/registry; interface=org.a11y.atspi.Registry; member=EventListenerDeregistered
   string ":1.234"
   string ""
signal time=1788730462.230495 sender=org.freedesktop.DBus -> destination=(null destination) serial=469 path=/org/freedesktop/DBus; interface=org.freedesktop.DBus; member=NameOwnerChanged
   string ":1.235"
   string ""
   string ":1.235"
signal time=1788730462.230513 sender=org.freedesktop.DBus -> destination=:1.235 serial=2 path=/org/freedesktop/DBus; interface=org.freedesktop.DBus; member=NameAcquired
   string ":1.235"
signal time=1788730462.231914 sender=org.freedesktop.DBus -> destination=:1.235 serial=3 path=/org/freedesktop/DBus; interface=org.freedesktop.DBus; member=NameLost
   string ":1.235"
signal time=1788730462.231927 sender=org.freedesktop.DBus -> destination=(null destination) serial=470 path=/org/freedesktop/DBus; interface=org.freedesktop.DBus; member=NameOwnerChanged
   string ":1.235"
   string ":1.235"
   string ""
signal time=1788730462.232000 sender=:1.2 -> destination=(null destination) serial=268 path=/org/a11y/atspi/registry; interface=org.a11y.atspi.Registry; member=EventListenerDeregistered
   string ":1.235"
   string ""
signal time=1788730462.235956 sender=org.freedesktop.DBus -> destination=(null destination) serial=471 path=/org/freedesktop/DBus; interface=org.freedesktop.DBus; member=NameOwnerChanged
   string ":1.236"
   string ""
   string ":1.236"
signal time=1788730462.235974 sender=org.freedesktop.DBus -> destination=:1.236 serial=2 path=/org/freedesktop/DBus; interface=org.freedesktop.DBus; member=NameAcquired
   string ":1.236"
signal time=1788730462.237174 sender=org.freedesktop.DBus -> destination=:1.236 serial=3 path=/org/freedesktop/DBus; interface=org.freedesktop.DBus; member=NameLost
   string ":1.236"
signal time=1788730462.237187 sender=org.freedesktop.DBus -> destination=(null destination) serial=472 path=/org/freedesktop/DBus; interface=org.freedesktop.DBus; member=NameOwnerChanged
   string ":1.236"
   string ":1.236"
   string ""
signal time=1788730462.237300 sender=:1.2 -> destination=(null destination) serial=269 path=/org/a11y/atspi/registry; interface=org.a11y.atspi.Registry; member=EventListenerDeregistered
   string ":1.236"
   string ""
signal time=1788730462.240957 sender=org.freedesktop.DBus -> destination=(null destination) serial=473 path=/org/freedesktop/DBus; interface=org.freedesktop.DBus; member=NameOwnerChanged
   string ":1.237"
   string ""
   string ":1.237"
signal time=1788730462.240975 sender=org.freedesktop.DBus -> destination=:1.237 serial=2 path=/org/freedesktop/DBus; interface=org.freedesktop.DBus; member=NameAcquired
   string ":1.237"
signal time=1788730462.242253 sender=org.freedesktop.DBus -> destination=:1.237 serial=3 path=/org/freedesktop/DBus; interface=org.freedesktop.DBus; member=NameLost
   string ":1.237"
signal time=1788730462.242274 sender=org.freedesktop.DBus -> destination=(null destination) serial=474 path=/org/freedesktop/DBus; interface=org.freedesktop.DBus; member=NameOwnerChanged
   string ":1.237"
   string ":1.237"
   string ""
signal time=1788730462.242372 sender=:1.2 -> destination=(null destination) serial=270 path=/org/a11y/atspi/registry; interface=org.a11y.atspi.Registry; member=EventListenerDeregistered
   string ":1.237"
   string ""
signal time=1788730462.246558 sender=org.freedesktop.DBus -> destination=(null destination) serial=475 path=/org/freedesktop/DBus; interface=org.freedesktop.DBus; member=NameOwnerChanged
   string ":1.238"
   string ""
   string ":1.238"
signal time=1788730462.246577 sender=org.freedesktop.DBus -> destination=:1.238 serial=2 path=/org/freedesktop/DBus; interface=org.freedesktop.DBus; member=NameAcquired
   string ":1.238"
signal time=1788730462.247970 sender=org.freedesktop.DBus -> destination=:1.238 serial=3 path=/org/freedesktop/DBus; interface=org.freedesktop.DBus; member=NameLost
   string ":1.238"
signal time=1788730462.247980 sender=org.freedesktop.DBus -> destination=(null destination) serial=476 path=/org/freedesktop/DBus; interface=org.freedesktop.DBus; member=NameOwnerChanged
   string ":1.238"
   string ":1.238"
   string ""
signal time=1788730462.248005 sender=:1.2 -> destination=(null destination) serial=271 path=/org/a11y/atspi/registry; interface=org.a11y.atspi.Registry; member=EventListenerDeregistered
   string ":1.238"
   string ""
signal time=1788730462.251940 sender=org.freedesktop.DBus -> destination=(null destination) serial=477 path=/org/freedesktop/DBus; interface=org.freedesktop.DBus; member=NameOwnerChanged
   string ":1.239"
   string ""
   string ":1.239"
signal time=1788730462.251958 sender=org.freedesktop.DBus -> destination=:1.239 serial=2 path=/org/freedesktop/DBus; interface=org.freedesktop.DBus; member=NameAcquired
   string ":1.239"
signal time=1788730462.252752 sender=org.freedesktop.DBus -> destination=:1.239 serial=3 path=/org/freedesktop/DBus; interface=org.freedesktop.DBus; member=NameLost
   string ":1.239"
signal time=1788730462.252766 sender=org.freedesktop.DBus -> destination=(null destination) serial=478 path=/org/freedesktop/DBus; interface=org.freedesktop.DBus; member=NameOwnerChanged
   string ":1.239"
   string ":1.239"
   string ""
signal time=1788730462.252833 sender=:1.2 -> destination=(null destination) serial=272 path=/org/a11y/atspi/registry; interface=org.a11y.atspi.Registry; member=EventListenerDeregistered
   string ":1.239"
   string ""
signal time=1788730462.256626 sender=org.freedesktop.DBus -> destination=(null destination) serial=479 path=/org/freedesktop/DBus; interface=org.freedesktop.DBus; member=NameOwnerChanged
   string ":1.240"
   string ""
   string ":1.240"
signal time=1788730462.256654 sender=org.freedesktop.DBus -> destination=:1.240 serial=2 path=/org/freedesktop/DBus; interface=org.freedesktop.DBus; member=NameAcquired
   string ":1.240"
signal time=1788730462.258054 sender=org.freedesktop.DBus -> destination=:1.240 serial=3 path=/org/freedesktop/DBus; interface=org.freedesktop.DBus; member=NameLost
   string ":1.240"
signal time=1788730462.258073 sender=org.freedesktop.DBus -> destination=(null destination) serial=480 path=/org/freedesktop/DBus; interface=org.freedesktop.DBus; member=NameOwnerChanged
   string ":1.240"
   string ":1.240"
   string ""
signal time=1788730462.258185 sender=:1.2 -> destination=(null destination) serial=273 path=/org/a11y/atspi/registry; interface=org.a11y.atspi.Registry; member=EventListenerDeregistered
   string ":1.240"
   string ""
signal time=1788730462.262234 sender=org.freedesktop.DBus -> destination=(null destination) serial=481 path=/org/freedesktop/DBus; interface=org.freedesktop.DBus; member=NameOwnerChanged
   string ":1.241"
   string ""
   string ":1.241"
signal time=1788730462.262259 sender=org.freedesktop.DBus -> destination=:1.241 serial=2 path=/org/freedesktop/DBus; interface=org.freedesktop.DBus; member=NameAcquired
   string ":1.241"
signal time=1788730462.263870 sender=org.freedesktop.DBus -> destination=:1.241 serial=3 path=/org/freedesktop/DBus; interface=org.freedesktop.DBus; member=NameLost
   string ":1.241"
signal time=1788730462.263882 sender=org.freedesktop.DBus -> destination=(null destination) serial=482 path=/org/freedesktop/DBus; interface=org.freedesktop.DBus; member=NameOwnerChanged
   string ":1.241"
   string ":1.241"
   string ""
signal time=1788730462.263966 sender=:1.2 -> destination=(null destination) serial=274 path=/org/a11y/atspi/registry; interface=org.a11y.atspi.Registry; member=EventListenerDeregistered
   string ":1.241"
   string ""
signal time=1788730462.267935 sender=org.freedesktop.DBus -> destination=(null destination) serial=483 path=/org/freedesktop/DBus; interface=org.freedesktop.DBus; member=NameOwnerChanged
   string ":1.242"
   string ""
   string ":1.242"
signal time=1788730462.267960 sender=org.freedesktop.DBus -> destination=:1.242 serial=2 path=/org/freedesktop/DBus; interface=org.freedesktop.DBus; member=NameAcquired
   string ":1.242"
signal time=1788730462.269010 sender=org.freedesktop.DBus -> destination=:1.242 serial=3 path=/org/freedesktop/DBus; interface=org.freedesktop.DBus; member=NameLost
   string ":1.242"
signal time=1788730462.269037 sender=org.freedesktop.DBus -> destination=(null destination) serial=484 path=/org/freedesktop/DBus; interface=org.freedesktop.DBus; member=NameOwnerChanged
   string ":1.242"
   string ":1.242"
   string ""
signal time=1788730462.269098 sender=:1.2 -> destination=(null destination) serial=275 path=/org/a11y/atspi/registry; interface=org.a11y.atspi.Registry; member=EventListenerDeregistered
   string ":1.242"
   string ""
signal time=1788730462.273315 sender=org.freedesktop.DBus -> destination=(null destination) serial=485 path=/org/freedesktop/DBus; interface=org.freedesktop.DBus; member=NameOwnerChanged
   string ":1.243"
   string ""
   string ":1.243"
signal time=1788730462.273343 sender=org.freedesktop.DBus -> destination=:1.243 serial=2 path=/org/freedesktop/DBus; interface=org.freedesktop.DBus; member=NameAcquired
   string ":1.243"
signal time=1788730462.274827 sender=org.freedesktop.DBus -> destination=:1.243 serial=3 path=/org/freedesktop/DBus; interface=org.freedesktop.DBus; member=NameLost
   string ":1.243"
signal time=1788730462.274843 sender=org.freedesktop.DBus -> destination=(null destination) serial=486 path=/org/freedesktop/DBus; interface=org.freedesktop.DBus; member=NameOwnerChanged
   string ":1.243"
   string ":1.243"
   string ""
signal time=1788730462.274962 sender=:1.2 -> destination=(null destination) serial=276 path=/org/a11y/atspi/registry; interface=org.a11y.atspi.Registry; member=EventListenerDeregistered
   string ":1.243"
   string ""
signal time=1788730462.278759 sender=org.freedesktop.DBus -> destination=(null destination) serial=487 path=/org/freedesktop/DBus; interface=org.freedesktop.DBus; member=NameOwnerChanged
   string ":1.244"
   string ""
   string ":1.244"
signal time=1788730462.278781 sender=org.freedesktop.DBus -> destination=:1.244 serial=2 path=/org/freedesktop/DBus; interface=org.freedesktop.DBus; member=NameAcquired
   string ":1.244"
signal time=1788730462.280328 sender=org.freedesktop.DBus -> destination=:1.244 serial=3 path=/org/freedesktop/DBus; interface=org.freedesktop.DBus; member=NameLost
   string ":1.244"
signal time=1788730462.280341 sender=org.freedesktop.DBus -> destination=(null destination) serial=488 path=/org/freedesktop/DBus; interface=org.freedesktop.DBus; member=NameOwnerChanged
   string ":1.244"
   string ":1.244"
   string ""
signal time=1788730462.280441 sender=:1.2 -> destination=(null destination) serial=277 path=/org/a11y/atspi/registry; interface=org.a11y.atspi.Registry; member=EventListenerDeregistered
   string ":1.244"
   string ""
signal time=1788730462.284362 sender=org.freedesktop.DBus -> destination=(null destination) serial=489 path=/org/freedesktop/DBus; interface=org.freedesktop.DBus; member=NameOwnerChanged
   string ":1.245"
   string ""
   string ":1.245"
signal time=1788730462.284383 sender=org.freedesktop.DBus -> destination=:1.245 serial=2 path=/org/freedesktop/DBus; interface=org.freedesktop.DBus; member=NameAcquired
   string ":1.245"
signal time=1788730462.285530 sender=org.freedesktop.DBus -> destination=:1.245 serial=3 path=/org/freedesktop/DBus; interface=org.freedesktop.DBus; member=NameLost
   string ":1.245"
signal time=1788730462.285544 sender=org.freedesktop.DBus -> destination=(null destination) serial=490 path=/org/freedesktop/DBus; interface=org.freedesktop.DBus; member=NameOwnerChanged
   string ":1.245"
   string ":1.245"
   string ""
signal time=1788730462.285653 sender=:1.2 -> destination=(null destination) serial=278 path=/org/a11y/atspi/registry; interface=org.a11y.atspi.Registry; member=EventListenerDeregistered
   string ":1.245"
   string ""
signal time=1788730462.289619 sender=org.freedesktop.DBus -> destination=(null destination) serial=491 path=/org/freedesktop/DBus; interface=org.freedesktop.DBus; member=NameOwnerChanged
   string ":1.246"
   string ""
   string ":1.246"
signal time=1788730462.289643 sender=org.freedesktop.DBus -> destination=:1.246 serial=2 path=/org/freedesktop/DBus; interface=org.freedesktop.DBus; member=NameAcquired
   string ":1.246"
signal time=1788730462.291058 sender=org.freedesktop.DBus -> destination=:1.246 serial=3 path=/org/freedesktop/DBus; interface=org.freedesktop.DBus; member=NameLost
   string ":1.246"
signal time=1788730462.291071 sender=org.freedesktop.DBus -> destination=(null destination) serial=492 path=/org/freedesktop/DBus; interface=org.freedesktop.DBus; member=NameOwnerChanged
   string ":1.246"
   string ":1.246"
   string ""
signal time=1788730462.291190 sender=:1.2 -> destination=(null destination) serial=279 path=/org/a11y/atspi/registry; interface=org.a11y.atspi.Registry; member=EventListenerDeregistered
   string ":1.246"
   string ""
signal time=1788730462.295010 sender=org.freedesktop.DBus -> destination=(null destination) serial=493 path=/org/freedesktop/DBus; interface=org.freedesktop.DBus; member=NameOwnerChanged
   string ":1.247"
   string ""
   string ":1.247"
signal time=1788730462.295033 sender=org.freedesktop.DBus -> destination=:1.247 serial=2 path=/org/freedesktop/DBus; interface=org.freedesktop.DBus; member=NameAcquired
   string ":1.247"
signal time=1788730462.296642 sender=org.freedesktop.DBus -> destination=:1.247 serial=3 path=/org/freedesktop/DBus; interface=org.freedesktop.DBus; member=NameLost
   string ":1.247"
signal time=1788730462.296654 sender=org.freedesktop.DBus -> destination=(null destination) serial=494 path=/org/freedesktop/DBus; interface=org.freedesktop.DBus; member=NameOwnerChanged
   string ":1.247"
   string ":1.247"
   string ""
signal time=1788730462.296765 sender=:1.2 -> destination=(null destination) serial=280 path=/org/a11y/atspi/registry; interface=org.a11y.atspi.Registry; member=EventListenerDeregistered
   string ":1.247"
   string ""
signal time=1788730462.300604 sender=org.freedesktop.DBus -> destination=(null destination) serial=495 path=/org/freedesktop/DBus; interface=org.freedesktop.DBus; member=NameOwnerChanged
   string ":1.248"
   string ""
   string ":1.248"
signal time=1788730462.300627 sender=org.freedesktop.DBus -> destination=:1.248 serial=2 path=/org/freedesktop/DBus; interface=org.freedesktop.DBus; member=NameAcquired
   string ":1.248"
signal time=1788730462.302107 sender=org.freedesktop.DBus -> destination=:1.248 serial=3 path=/org/freedesktop/DBus; interface=org.freedesktop.DBus; member=NameLost
   string ":1.248"
signal time=1788730462.302123 sender=org.freedesktop.DBus -> destination=(null destination) serial=496 path=/org/freedesktop/DBus; interface=org.freedesktop.DBus; member=NameOwnerChanged
   string ":1.248"
   string ":1.248"
   string ""
signal time=1788730462.302266 sender=:1.2 -> destination=(null destination) serial=281 path=/org/a11y/atspi/registry; interface=org.a11y.atspi.Registry; member=EventListenerDeregistered
   string ":1.248"
   string ""
signal time=1788730462.305899 sender=org.freedesktop.DBus -> destination=(null destination) serial=497 path=/org/freedesktop/DBus; interface=org.freedesktop.DBus; member=NameOwnerChanged
   string ":1.249"
   string ""
   string ":1.249"
signal time=1788730462.305921 sender=org.freedesktop.DBus -> destination=:1.249 serial=2 path=/org/freedesktop/DBus; interface=org.freedesktop.DBus; member=NameAcquired
   string ":1.249"
signal time=1788730462.307376 sender=org.freedesktop.DBus -> destination=:1.249 serial=3 path=/org/freedesktop/DBus; interface=org.freedesktop.DBus; member=NameLost
   string ":1.249"
signal time=1788730462.307388 sender=org.freedesktop.DBus -> destination=(null destination) serial=498 path=/org/freedesktop/DBus; interface=org.freedesktop.DBus; member=NameOwnerChanged
   string ":1.249"
   string ":1.249"
   string ""
signal time=1788730462.307508 sender=:1.2 -> destination=(null destination) serial=282 path=/org/a11y/atspi/registry; interface=org.a11y.atspi.Registry; member=EventListenerDeregistered
   string ":1.249"
   string ""
signal time=1788730462.311231 sender=org.freedesktop.DBus -> destination=(null destination) serial=499 path=/org/freedesktop/DBus; interface=org.freedesktop.DBus; member=NameOwnerChanged
   string ":1.250"
   string ""
   string ":1.250"
signal time=1788730462.311253 sender=org.freedesktop.DBus -> destination=:1.250 serial=2 path=/org/freedesktop/DBus; interface=org.freedesktop.DBus; member=NameAcquired
   string ":1.250"
signal time=1788730462.313040 sender=org.freedesktop.DBus -> destination=:1.250 serial=3 path=/org/freedesktop/DBus; interface=org.freedesktop.DBus; member=NameLost
   string ":1.250"
signal time=1788730462.313053 sender=org.freedesktop.DBus -> destination=(null destination) serial=500 path=/org/freedesktop/DBus; interface=org.freedesktop.DBus; member=NameOwnerChanged
   string ":1.250"
   string ":1.250"
   string ""
signal time=1788730462.313208 sender=:1.2 -> destination=(null destination) serial=283 path=/org/a11y/atspi/registry; interface=org.a11y.atspi.Registry; member=EventListenerDeregistered
   string ":1.250"
   string ""
signal time=1788730462.316762 sender=org.freedesktop.DBus -> destination=(null destination) serial=501 path=/org/freedesktop/DBus; interface=org.freedesktop.DBus; member=NameOwnerChanged
   string ":1.251"
   string ""
   string ":1.251"
signal time=1788730462.316787 sender=org.freedesktop.DBus -> destination=:1.251 serial=2 path=/org/freedesktop/DBus; interface=org.freedesktop.DBus; member=NameAcquired
   string ":1.251"
signal time=1788730462.318189 sender=org.freedesktop.DBus -> destination=:1.251 serial=3 path=/org/freedesktop/DBus; interface=org.freedesktop.DBus; member=NameLost
   string ":1.251"
signal time=1788730462.318206 sender=org.freedesktop.DBus -> destination=(null destination) serial=502 path=/org/freedesktop/DBus; interface=org.freedesktop.DBus; member=NameOwnerChanged
   string ":1.251"
   string ":1.251"
   string ""
signal time=1788730462.318324 sender=:1.2 -> destination=(null destination) serial=284 path=/org/a11y/atspi/registry; interface=org.a11y.atspi.Registry; member=EventListenerDeregistered
   string ":1.251"
   string ""
signal time=1788730462.321811 sender=org.freedesktop.DBus -> destination=(null destination) serial=503 path=/org/freedesktop/DBus; interface=org.freedesktop.DBus; member=NameOwnerChanged
   string ":1.252"
   string ""
   string ":1.252"
signal time=1788730462.321832 sender=org.freedesktop.DBus -> destination=:1.252 serial=2 path=/org/freedesktop/DBus; interface=org.freedesktop.DBus; member=NameAcquired
   string ":1.252"
signal time=1788730462.323143 sender=org.freedesktop.DBus -> destination=:1.252 serial=3 path=/org/freedesktop/DBus; interface=org.freedesktop.DBus; member=NameLost
   string ":1.252"
signal time=1788730462.323154 sender=org.freedesktop.DBus -> destination=(null destination) serial=504 path=/org/freedesktop/DBus; interface=org.freedesktop.DBus; member=NameOwnerChanged
   string ":1.252"
   string ":1.252"
   string ""
signal time=1788730462.323264 sender=:1.2 -> destination=(null destination) serial=285 path=/org/a11y/atspi/registry; interface=org.a11y.atspi.Registry; member=EventListenerDeregistered
   string ":1.252"
   string ""
signal time=1788730462.640128 sender=:1.1 -> destination=(null destination) serial=666 path=/org/a11y/atspi/accessible/menus/n6d656e753a56696577; interface=org.a11y.atspi.Event.Object; member=ChildrenChanged
   string "remove"
   int32 21
   int32 0
   variant       struct {
         string ":1.1"
         object path "/org/a11y/atspi/accessible/menus/n6d656e753a566965772f766965772e636f6e736f6c655f686973746f7279"
      }
   array [
   ]
signal time=1788730462.640192 sender=:1.1 -> destination=(null destination) serial=667 path=/org/a11y/atspi/accessible/menus/n6d656e753a56696577; interface=org.a11y.atspi.Event.Object; member=ChildrenChanged
   string "remove"
   int32 20
   int32 0
   variant       struct {
         string ":1.1"
         object path "/org/a11y/atspi/accessible/menus/n6d656e753a566965772f766965772e637572736f722e6e6f6e65"
      }
   array [
   ]
signal time=1788730462.640229 sender=:1.1 -> destination=(null destination) serial=668 path=/org/a11y/atspi/accessible/menus/n6d656e753a56696577; interface=org.a11y.atspi.Event.Object; member=ChildrenChanged
   string "remove"
   int32 19
   int32 0
   variant       struct {
         string ":1.1"
         object path "/org/a11y/atspi/accessible/menus/n6d656e753a566965772f766965772e637572736f722e736d616c6c"
      }
   array [
   ]
signal time=1788730462.640277 sender=:1.1 -> destination=(null destination) serial=669 path=/org/a11y/atspi/accessible/menus/n6d656e753a56696577; interface=org.a11y.atspi.Event.Object; member=ChildrenChanged
   string "remove"
   int32 18
   int32 0
   variant       struct {
         string ":1.1"
         object path "/org/a11y/atspi/accessible/menus/n6d656e753a566965772f766965772e637572736f722e66756c6c"
      }
   array [
   ]
signal time=1788730462.640311 sender=:1.1 -> destination=(null destination) serial=670 path=/org/a11y/atspi/accessible/menus/n6d656e753a56696577; interface=org.a11y.atspi.Event.Object; member=ChildrenChanged
   string "remove"
   int32 17
   int32 0
   variant       struct {
         string ":1.1"
         object path "/org/a11y/atspi/accessible/menus/n6d656e753a566965772f766965772e7072657365745f626f6172645f736368656d61746963"
      }
   array [
   ]
signal time=1788730462.640345 sender=:1.1 -> destination=(null destination) serial=671 path=/org/a11y/atspi/accessible/menus/n6d656e753a56696577; interface=org.a11y.atspi.Event.Object; member=ChildrenChanged
   string "remove"
   int32 16
   int32 0
   variant       struct {
         string ":1.1"
         object path "/org/a11y/atspi/accessible/menus/n6d656e753a566965772f766965772e7072657365745f73696e676c65"
      }
   array [
   ]
signal time=1788730462.640381 sender=:1.1 -> destination=(null destination) serial=672 path=/org/a11y/atspi/accessible/menus/n6d656e753a56696577; interface=org.a11y.atspi.Event.Object; member=ChildrenChanged
   string "remove"
   int32 15
   int32 0
   variant       struct {
         string ":1.1"
         object path "/org/a11y/atspi/accessible/menus/n6d656e753a566965772f766965772e66696c6c5f736368656d61746963"
      }
   array [
   ]
signal time=1788730462.640415 sender=:1.1 -> destination=(null destination) serial=673 path=/org/a11y/atspi/accessible/menus/n6d656e753a56696577; interface=org.a11y.atspi.Event.Object; member=ChildrenChanged
   string "remove"
   int32 14
   int32 0
   variant       struct {
         string ":1.1"
         object path "/org/a11y/atspi/accessible/menus/n6d656e753a566965772f766965772e66696c6c5f626f617264"
      }
   array [
   ]
signal time=1788730462.640449 sender=:1.1 -> destination=(null destination) serial=674 path=/org/a11y/atspi/accessible/menus/n6d656e753a56696577; interface=org.a11y.atspi.Event.Object; member=ChildrenChanged
   string "remove"
   int32 13
   int32 0
   variant       struct {
         string ":1.1"
         object path "/org/a11y/atspi/accessible/menus/n6d656e753a566965772f766965772e666f6375735f70726576"
      }
   array [
   ]
signal time=1788730462.640483 sender=:1.1 -> destination=(null destination) serial=675 path=/org/a11y/atspi/accessible/menus/n6d656e753a56696577; interface=org.a11y.atspi.Event.Object; member=ChildrenChanged
   string "remove"
   int32 12
   int32 0
   variant       struct {
         string ":1.1"
         object path "/org/a11y/atspi/accessible/menus/n6d656e753a566965772f766965772e666f6375735f6e657874"
      }
   array [
   ]
signal time=1788730462.640517 sender=:1.1 -> destination=(null destination) serial=676 path=/org/a11y/atspi/accessible/menus/n6d656e753a56696577; interface=org.a11y.atspi.Event.Object; member=ChildrenChanged
   string "remove"
   int32 11
   int32 0
   variant       struct {
         string ":1.1"
         object path "/org/a11y/atspi/accessible/menus/n6d656e753a566965772f766965772e6d6178696d697a655f70616e65"
      }
   array [
   ]
signal time=1788730462.640551 sender=:1.1 -> destination=(null destination) serial=677 path=/org/a11y/atspi/accessible/menus/n6d656e753a56696577; interface=org.a11y.atspi.Event.Object; member=ChildrenChanged
   string "remove"
   int32 10
   int32 0
   variant       struct {
         string ":1.1"
         object path "/org/a11y/atspi/accessible/menus/n6d656e753a566965772f766965772e636c6f73655f70616e65"
      }
   array [
   ]
signal time=1788730462.640727 sender=:1.1 -> destination=(null destination) serial=678 path=/org/a11y/atspi/accessible/menus/n6d656e753a56696577; interface=org.a11y.atspi.Event.Object; member=ChildrenChanged
   string "remove"
   int32 9
   int32 0
   variant       struct {
         string ":1.1"
         object path "/org/a11y/atspi/accessible/menus/n6d656e753a566965772f766965772e73706c69745f686f72697a6f6e74616c"
      }
   array [
   ]
signal time=1788730462.640770 sender=:1.1 -> destination=(null destination) serial=679 path=/org/a11y/atspi/accessible/menus/n6d656e753a56696577; interface=org.a11y.atspi.Event.Object; member=ChildrenChanged
   string "remove"
   int32 8
   int32 0
   variant       struct {
         string ":1.1"
         object path "/org/a11y/atspi/accessible/menus/n6d656e753a566965772f766965772e73706c69745f766572746963616c"
      }
   array [
   ]
signal time=1788730462.640819 sender=:1.1 -> destination=(null destination) serial=680 path=/org/a11y/atspi/accessible/menus/n6d656e753a56696577; interface=org.a11y.atspi.Event.Object; member=ChildrenChanged
   string "remove"
   int32 7
   int32 0
   variant       struct {
         string ":1.1"
         object path "/org/a11y/atspi/accessible/menus/n6d656e753a566965772f766965772e7265736574"
      }
   array [
   ]
signal time=1788730462.640850 sender=:1.1 -> destination=(null destination) serial=681 path=/org/a11y/atspi/accessible/menus/n6d656e753a56696577; interface=org.a11y.atspi.Event.Object; member=ChildrenChanged
   string "remove"
   int32 6
   int32 0
   variant       struct {
         string ":1.1"
         object path "/org/a11y/atspi/accessible/menus/n6d656e753a566965772f766965772e70616e656c73"
      }
   array [
   ]
signal time=1788730462.640882 sender=:1.1 -> destination=(null destination) serial=682 path=/org/a11y/atspi/accessible/menus/n6d656e753a56696577; interface=org.a11y.atspi.Event.Object; member=ChildrenChanged
   string "remove"
   int32 5
   int32 0
   variant       struct {
         string ":1.1"
         object path "/org/a11y/atspi/accessible/menus/n6d656e753a566965772f766965772e6c6179657273"
      }
   array [
   ]
signal time=1788730462.640913 sender=:1.1 -> destination=(null destination) serial=683 path=/org/a11y/atspi/accessible/menus/n6d656e753a56696577; interface=org.a11y.atspi.Event.Object; member=ChildrenChanged
   string "remove"
   int32 4
   int32 0
   variant       struct {
         string ":1.1"
         object path "/org/a11y/atspi/accessible/menus/n6d656e753a566965772f766965772e66756c6c73637265656e5f7374616765"
      }
   array [
   ]
signal time=1788730462.640945 sender=:1.1 -> destination=(null destination) serial=684 path=/org/a11y/atspi/accessible/menus/n6d656e753a56696577; interface=org.a11y.atspi.Event.Object; member=ChildrenChanged
   string "remove"
   int32 3
   int32 0
   variant       struct {
         string ":1.1"
         object path "/org/a11y/atspi/accessible/menus/n6d656e753a566965772f766965772e70616e655f7a6f6f6d"
      }
   array [
   ]
signal time=1788730462.640978 sender=:1.1 -> destination=(null destination) serial=685 path=/org/a11y/atspi/accessible/menus/n6d656e753a56696577; interface=org.a11y.atspi.Event.Object; member=ChildrenChanged
   string "remove"
   int32 2
   int32 0
   variant       struct {
         string ":1.1"
         object path "/org/a11y/atspi/accessible/menus/n6d656e753a566965772f766965772e7a6f6f6d5f6f7574"
      }
   array [
   ]
signal time=1788730462.641009 sender=:1.1 -> destination=(null destination) serial=686 path=/org/a11y/atspi/accessible/menus/n6d656e753a56696577; interface=org.a11y.atspi.Event.Object; member=ChildrenChanged
   string "remove"
   int32 1
   int32 0
   variant       struct {
         string ":1.1"
         object path "/org/a11y/atspi/accessible/menus/n6d656e753a566965772f766965772e7a6f6f6d5f696e"
      }
   array [
   ]
signal time=1788730462.641041 sender=:1.1 -> destination=(null destination) serial=687 path=/org/a11y/atspi/accessible/menus/n6d656e753a56696577; interface=org.a11y.atspi.Event.Object; member=ChildrenChanged
   string "remove"
   int32 0
   int32 0
   variant       struct {
         string ":1.1"
         object path "/org/a11y/atspi/accessible/menus/n6d656e753a566965772f766965772e666974"
      }
   array [
   ]
signal time=1788730462.641077 sender=:1.1 -> destination=(null destination) serial=688 path=/org/a11y/atspi/accessible/root; interface=org.a11y.atspi.Event.Object; member=ChildrenChanged
   string "remove"
   int32 1
   int32 0
   variant       struct {
         string ":1.1"
         object path "/org/a11y/atspi/accessible/menus/n6d656e753a56696577"
      }
   array [
   ]
signal time=1788730462.642510 sender=:1.1 -> destination=(null destination) serial=689 path=/org/a11y/atspi/accessible/root; interface=org.a11y.atspi.Event.Object; member=Announcement
   string "Action. Information: view fit"
   int32 1
   int32 0
   variant       string "Action. Information: view fit"
   array [
   ]
signal time=1788730463.955058 sender=org.freedesktop.DBus -> destination=(null destination) serial=505 path=/org/freedesktop/DBus; interface=org.freedesktop.DBus; member=NameOwnerChanged
   string ":1.253"
   string ""
   string ":1.253"
signal time=1788730463.955104 sender=org.freedesktop.DBus -> destination=:1.253 serial=2 path=/org/freedesktop/DBus; interface=org.freedesktop.DBus; member=NameAcquired
   string ":1.253"
signal time=1788730463.957639 sender=org.freedesktop.DBus -> destination=:1.253 serial=3 path=/org/freedesktop/DBus; interface=org.freedesktop.DBus; member=NameLost
   string ":1.253"
signal time=1788730463.957678 sender=org.freedesktop.DBus -> destination=(null destination) serial=506 path=/org/freedesktop/DBus; interface=org.freedesktop.DBus; member=NameOwnerChanged
   string ":1.253"
   string ":1.253"
   string ""
signal time=1788730463.957910 sender=:1.2 -> destination=(null destination) serial=288 path=/org/a11y/atspi/registry; interface=org.a11y.atspi.Registry; member=EventListenerDeregistered
   string ":1.253"
   string ""
signal time=1788730463.966243 sender=org.freedesktop.DBus -> destination=(null destination) serial=507 path=/org/freedesktop/DBus; interface=org.freedesktop.DBus; member=NameOwnerChanged
   string ":1.254"
   string ""
   string ":1.254"
signal time=1788730463.966291 sender=org.freedesktop.DBus -> destination=:1.254 serial=2 path=/org/freedesktop/DBus; interface=org.freedesktop.DBus; member=NameAcquired
   string ":1.254"
signal time=1788730463.968963 sender=org.freedesktop.DBus -> destination=:1.254 serial=5 path=/org/freedesktop/DBus; interface=org.freedesktop.DBus; member=NameLost
   string ":1.254"
signal time=1788730463.968991 sender=org.freedesktop.DBus -> destination=(null destination) serial=508 path=/org/freedesktop/DBus; interface=org.freedesktop.DBus; member=NameOwnerChanged
   string ":1.254"
   string ":1.254"
   string ""
signal time=1788730463.969228 sender=:1.2 -> destination=(null destination) serial=289 path=/org/a11y/atspi/registry; interface=org.a11y.atspi.Registry; member=EventListenerDeregistered
   string ":1.254"
   string ""
signal time=1788730463.976634 sender=org.freedesktop.DBus -> destination=(null destination) serial=509 path=/org/freedesktop/DBus; interface=org.freedesktop.DBus; member=NameOwnerChanged
   string ":1.255"
   string ""
   string ":1.255"
signal time=1788730463.976678 sender=org.freedesktop.DBus -> destination=:1.255 serial=2 path=/org/freedesktop/DBus; interface=org.freedesktop.DBus; member=NameAcquired
   string ":1.255"
signal time=1788730463.979108 sender=org.freedesktop.DBus -> destination=:1.255 serial=3 path=/org/freedesktop/DBus; interface=org.freedesktop.DBus; member=NameLost
   string ":1.255"
signal time=1788730463.979138 sender=org.freedesktop.DBus -> destination=(null destination) serial=510 path=/org/freedesktop/DBus; interface=org.freedesktop.DBus; member=NameOwnerChanged
   string ":1.255"
   string ":1.255"
   string ""
signal time=1788730463.979340 sender=:1.2 -> destination=(null destination) serial=290 path=/org/a11y/atspi/registry; interface=org.a11y.atspi.Registry; member=EventListenerDeregistered
   string ":1.255"
   string ""
signal time=1788730463.986327 sender=org.freedesktop.DBus -> destination=(null destination) serial=511 path=/org/freedesktop/DBus; interface=org.freedesktop.DBus; member=NameOwnerChanged
   string ":1.256"
   string ""
   string ":1.256"
signal time=1788730463.986386 sender=org.freedesktop.DBus -> destination=:1.256 serial=2 path=/org/freedesktop/DBus; interface=org.freedesktop.DBus; member=NameAcquired
   string ":1.256"
signal time=1788730463.988630 sender=org.freedesktop.DBus -> destination=:1.256 serial=3 path=/org/freedesktop/DBus; interface=org.freedesktop.DBus; member=NameLost
   string ":1.256"
signal time=1788730463.988657 sender=org.freedesktop.DBus -> destination=(null destination) serial=512 path=/org/freedesktop/DBus; interface=org.freedesktop.DBus; member=NameOwnerChanged
   string ":1.256"
   string ":1.256"
   string ""
signal time=1788730463.988808 sender=:1.2 -> destination=(null destination) serial=291 path=/org/a11y/atspi/registry; interface=org.a11y.atspi.Registry; member=EventListenerDeregistered
   string ":1.256"
   string ""
signal time=1788730463.995930 sender=org.freedesktop.DBus -> destination=(null destination) serial=513 path=/org/freedesktop/DBus; interface=org.freedesktop.DBus; member=NameOwnerChanged
   string ":1.257"
   string ""
   string ":1.257"
signal time=1788730463.995968 sender=org.freedesktop.DBus -> destination=:1.257 serial=2 path=/org/freedesktop/DBus; interface=org.freedesktop.DBus; member=NameAcquired
   string ":1.257"
signal time=1788730463.998204 sender=org.freedesktop.DBus -> destination=:1.257 serial=3 path=/org/freedesktop/DBus; interface=org.freedesktop.DBus; member=NameLost
   string ":1.257"
signal time=1788730463.998230 sender=org.freedesktop.DBus -> destination=(null destination) serial=514 path=/org/freedesktop/DBus; interface=org.freedesktop.DBus; member=NameOwnerChanged
   string ":1.257"
   string ":1.257"
   string ""
signal time=1788730463.998428 sender=:1.2 -> destination=(null destination) serial=292 path=/org/a11y/atspi/registry; interface=org.a11y.atspi.Registry; member=EventListenerDeregistered
   string ":1.257"
   string ""
signal time=1788730464.005713 sender=org.freedesktop.DBus -> destination=(null destination) serial=515 path=/org/freedesktop/DBus; interface=org.freedesktop.DBus; member=NameOwnerChanged
   string ":1.258"
   string ""
   string ":1.258"
signal time=1788730464.005751 sender=org.freedesktop.DBus -> destination=:1.258 serial=2 path=/org/freedesktop/DBus; interface=org.freedesktop.DBus; member=NameAcquired
   string ":1.258"
signal time=1788730464.008280 sender=org.freedesktop.DBus -> destination=:1.258 serial=3 path=/org/freedesktop/DBus; interface=org.freedesktop.DBus; member=NameLost
   string ":1.258"
signal time=1788730464.008305 sender=org.freedesktop.DBus -> destination=(null destination) serial=516 path=/org/freedesktop/DBus; interface=org.freedesktop.DBus; member=NameOwnerChanged
   string ":1.258"
   string ":1.258"
   string ""
signal time=1788730464.008476 sender=:1.2 -> destination=(null destination) serial=293 path=/org/a11y/atspi/registry; interface=org.a11y.atspi.Registry; member=EventListenerDeregistered
   string ":1.258"
   string ""
signal time=1788730464.015941 sender=org.freedesktop.DBus -> destination=(null destination) serial=517 path=/org/freedesktop/DBus; interface=org.freedesktop.DBus; member=NameOwnerChanged
   string ":1.259"
   string ""
   string ":1.259"
signal time=1788730464.015982 sender=org.freedesktop.DBus -> destination=:1.259 serial=2 path=/org/freedesktop/DBus; interface=org.freedesktop.DBus; member=NameAcquired
   string ":1.259"
signal time=1788730464.017679 sender=org.freedesktop.DBus -> destination=:1.259 serial=3 path=/org/freedesktop/DBus; interface=org.freedesktop.DBus; member=NameLost
   string ":1.259"
signal time=1788730464.017704 sender=org.freedesktop.DBus -> destination=(null destination) serial=518 path=/org/freedesktop/DBus; interface=org.freedesktop.DBus; member=NameOwnerChanged
   string ":1.259"
   string ":1.259"
   string ""
signal time=1788730464.017805 sender=:1.2 -> destination=(null destination) serial=294 path=/org/a11y/atspi/registry; interface=org.a11y.atspi.Registry; member=EventListenerDeregistered
   string ":1.259"
   string ""
signal time=1788730464.024087 sender=org.freedesktop.DBus -> destination=(null destination) serial=519 path=/org/freedesktop/DBus; interface=org.freedesktop.DBus; member=NameOwnerChanged
   string ":1.260"
   string ""
   string ":1.260"
signal time=1788730464.024120 sender=org.freedesktop.DBus -> destination=:1.260 serial=2 path=/org/freedesktop/DBus; interface=org.freedesktop.DBus; member=NameAcquired
   string ":1.260"
signal time=1788730464.025697 sender=org.freedesktop.DBus -> destination=:1.260 serial=3 path=/org/freedesktop/DBus; interface=org.freedesktop.DBus; member=NameLost
   string ":1.260"
signal time=1788730464.025716 sender=org.freedesktop.DBus -> destination=(null destination) serial=520 path=/org/freedesktop/DBus; interface=org.freedesktop.DBus; member=NameOwnerChanged
   string ":1.260"
   string ":1.260"
   string ""
signal time=1788730464.025856 sender=:1.2 -> destination=(null destination) serial=295 path=/org/a11y/atspi/registry; interface=org.a11y.atspi.Registry; member=EventListenerDeregistered
   string ":1.260"
   string ""
signal time=1788730464.406909 sender=org.freedesktop.DBus -> destination=(null destination) serial=521 path=/org/freedesktop/DBus; interface=org.freedesktop.DBus; member=NameOwnerChanged
   string ":1.261"
   string ""
   string ":1.261"
signal time=1788730464.406932 sender=org.freedesktop.DBus -> destination=:1.261 serial=2 path=/org/freedesktop/DBus; interface=org.freedesktop.DBus; member=NameAcquired
   string ":1.261"
signal time=1788730464.408548 sender=org.freedesktop.DBus -> destination=:1.261 serial=3 path=/org/freedesktop/DBus; interface=org.freedesktop.DBus; member=NameLost
   string ":1.261"
signal time=1788730464.408559 sender=org.freedesktop.DBus -> destination=(null destination) serial=522 path=/org/freedesktop/DBus; interface=org.freedesktop.DBus; member=NameOwnerChanged
   string ":1.261"
   string ":1.261"
   string ""
signal time=1788730464.408642 sender=:1.2 -> destination=(null destination) serial=298 path=/org/a11y/atspi/registry; interface=org.a11y.atspi.Registry; member=EventListenerDeregistered
   string ":1.261"
   string ""
signal time=1788730464.411947 sender=org.freedesktop.DBus -> destination=(null destination) serial=523 path=/org/freedesktop/DBus; interface=org.freedesktop.DBus; member=NameOwnerChanged
   string ":1.262"
   string ""
   string ":1.262"
signal time=1788730464.411966 sender=org.freedesktop.DBus -> destination=:1.262 serial=2 path=/org/freedesktop/DBus; interface=org.freedesktop.DBus; member=NameAcquired
   string ":1.262"
signal time=1788730464.413280 sender=org.freedesktop.DBus -> destination=:1.262 serial=5 path=/org/freedesktop/DBus; interface=org.freedesktop.DBus; member=NameLost
   string ":1.262"
signal time=1788730464.413291 sender=org.freedesktop.DBus -> destination=(null destination) serial=524 path=/org/freedesktop/DBus; interface=org.freedesktop.DBus; member=NameOwnerChanged
   string ":1.262"
   string ":1.262"
   string ""
signal time=1788730464.413380 sender=:1.2 -> destination=(null destination) serial=299 path=/org/a11y/atspi/registry; interface=org.a11y.atspi.Registry; member=EventListenerDeregistered
   string ":1.262"
   string ""
signal time=1788730464.416673 sender=org.freedesktop.DBus -> destination=(null destination) serial=525 path=/org/freedesktop/DBus; interface=org.freedesktop.DBus; member=NameOwnerChanged
   string ":1.263"
   string ""
   string ":1.263"
signal time=1788730464.416690 sender=org.freedesktop.DBus -> destination=:1.263 serial=2 path=/org/freedesktop/DBus; interface=org.freedesktop.DBus; member=NameAcquired
   string ":1.263"
signal time=1788730464.417730 sender=org.freedesktop.DBus -> destination=:1.263 serial=3 path=/org/freedesktop/DBus; interface=org.freedesktop.DBus; member=NameLost
   string ":1.263"
signal time=1788730464.417742 sender=org.freedesktop.DBus -> destination=(null destination) serial=526 path=/org/freedesktop/DBus; interface=org.freedesktop.DBus; member=NameOwnerChanged
   string ":1.263"
   string ":1.263"
   string ""
signal time=1788730464.417866 sender=:1.2 -> destination=(null destination) serial=300 path=/org/a11y/atspi/registry; interface=org.a11y.atspi.Registry; member=EventListenerDeregistered
   string ":1.263"
   string ""
signal time=1788730464.421443 sender=org.freedesktop.DBus -> destination=(null destination) serial=527 path=/org/freedesktop/DBus; interface=org.freedesktop.DBus; member=NameOwnerChanged
   string ":1.264"
   string ""
   string ":1.264"
signal time=1788730464.421459 sender=org.freedesktop.DBus -> destination=:1.264 serial=2 path=/org/freedesktop/DBus; interface=org.freedesktop.DBus; member=NameAcquired
   string ":1.264"
signal time=1788730464.422814 sender=org.freedesktop.DBus -> destination=:1.264 serial=3 path=/org/freedesktop/DBus; interface=org.freedesktop.DBus; member=NameLost
   string ":1.264"
signal time=1788730464.422828 sender=org.freedesktop.DBus -> destination=(null destination) serial=528 path=/org/freedesktop/DBus; interface=org.freedesktop.DBus; member=NameOwnerChanged
   string ":1.264"
   string ":1.264"
   string ""
signal time=1788730464.422911 sender=:1.2 -> destination=(null destination) serial=301 path=/org/a11y/atspi/registry; interface=org.a11y.atspi.Registry; member=EventListenerDeregistered
   string ":1.264"
   string ""
signal time=1788730464.426295 sender=org.freedesktop.DBus -> destination=(null destination) serial=529 path=/org/freedesktop/DBus; interface=org.freedesktop.DBus; member=NameOwnerChanged
   string ":1.265"
   string ""
   string ":1.265"
signal time=1788730464.426314 sender=org.freedesktop.DBus -> destination=:1.265 serial=2 path=/org/freedesktop/DBus; interface=org.freedesktop.DBus; member=NameAcquired
   string ":1.265"
signal time=1788730464.427703 sender=org.freedesktop.DBus -> destination=:1.265 serial=3 path=/org/freedesktop/DBus; interface=org.freedesktop.DBus; member=NameLost
   string ":1.265"
signal time=1788730464.427715 sender=org.freedesktop.DBus -> destination=(null destination) serial=530 path=/org/freedesktop/DBus; interface=org.freedesktop.DBus; member=NameOwnerChanged
   string ":1.265"
   string ":1.265"
   string ""
signal time=1788730464.427799 sender=:1.2 -> destination=(null destination) serial=302 path=/org/a11y/atspi/registry; interface=org.a11y.atspi.Registry; member=EventListenerDeregistered
   string ":1.265"
   string ""
signal time=1788730464.431181 sender=org.freedesktop.DBus -> destination=(null destination) serial=531 path=/org/freedesktop/DBus; interface=org.freedesktop.DBus; member=NameOwnerChanged
   string ":1.266"
   string ""
   string ":1.266"
signal time=1788730464.431202 sender=org.freedesktop.DBus -> destination=:1.266 serial=2 path=/org/freedesktop/DBus; interface=org.freedesktop.DBus; member=NameAcquired
   string ":1.266"
signal time=1788730464.432173 sender=org.freedesktop.DBus -> destination=:1.266 serial=3 path=/org/freedesktop/DBus; interface=org.freedesktop.DBus; member=NameLost
   string ":1.266"
signal time=1788730464.432184 sender=org.freedesktop.DBus -> destination=(null destination) serial=532 path=/org/freedesktop/DBus; interface=org.freedesktop.DBus; member=NameOwnerChanged
   string ":1.266"
   string ":1.266"
   string ""
signal time=1788730464.432256 sender=:1.2 -> destination=(null destination) serial=303 path=/org/a11y/atspi/registry; interface=org.a11y.atspi.Registry; member=EventListenerDeregistered
   string ":1.266"
   string ""
signal time=1788730464.435877 sender=org.freedesktop.DBus -> destination=(null destination) serial=533 path=/org/freedesktop/DBus; interface=org.freedesktop.DBus; member=NameOwnerChanged
   string ":1.267"
   string ""
   string ":1.267"
signal time=1788730464.435896 sender=org.freedesktop.DBus -> destination=:1.267 serial=2 path=/org/freedesktop/DBus; interface=org.freedesktop.DBus; member=NameAcquired
   string ":1.267"
signal time=1788730464.437026 sender=org.freedesktop.DBus -> destination=:1.267 serial=3 path=/org/freedesktop/DBus; interface=org.freedesktop.DBus; member=NameLost
   string ":1.267"
signal time=1788730464.437042 sender=org.freedesktop.DBus -> destination=(null destination) serial=534 path=/org/freedesktop/DBus; interface=org.freedesktop.DBus; member=NameOwnerChanged
   string ":1.267"
   string ":1.267"
   string ""
signal time=1788730464.437163 sender=:1.2 -> destination=(null destination) serial=304 path=/org/a11y/atspi/registry; interface=org.a11y.atspi.Registry; member=EventListenerDeregistered
   string ":1.267"
   string ""
signal time=1788730464.440522 sender=org.freedesktop.DBus -> destination=(null destination) serial=535 path=/org/freedesktop/DBus; interface=org.freedesktop.DBus; member=NameOwnerChanged
   string ":1.268"
   string ""
   string ":1.268"
signal time=1788730464.440541 sender=org.freedesktop.DBus -> destination=:1.268 serial=2 path=/org/freedesktop/DBus; interface=org.freedesktop.DBus; member=NameAcquired
   string ":1.268"
signal time=1788730464.441838 sender=org.freedesktop.DBus -> destination=:1.268 serial=3 path=/org/freedesktop/DBus; interface=org.freedesktop.DBus; member=NameLost
   string ":1.268"
signal time=1788730464.441850 sender=org.freedesktop.DBus -> destination=(null destination) serial=536 path=/org/freedesktop/DBus; interface=org.freedesktop.DBus; member=NameOwnerChanged
   string ":1.268"
   string ":1.268"
   string ""
signal time=1788730464.441964 sender=:1.2 -> destination=(null destination) serial=305 path=/org/a11y/atspi/registry; interface=org.a11y.atspi.Registry; member=EventListenerDeregistered
   string ":1.268"
   string ""
signal time=1788730464.815615 sender=:1.1 -> destination=(null destination) serial=714 path=/org/a11y/atspi/accessible/terminal; interface=org.a11y.atspi.Event.Object; member=TextCaretMoved
   string ""
   int32 156
   int32 0
   variant       string ""
   array [
   ]
signal time=1788730464.874504 sender=org.freedesktop.DBus -> destination=:1.1 serial=3 path=/org/freedesktop/DBus; interface=org.freedesktop.DBus; member=NameLost
   string ":1.1"
signal time=1788730464.874524 sender=org.freedesktop.DBus -> destination=(null destination) serial=537 path=/org/freedesktop/DBus; interface=org.freedesktop.DBus; member=NameOwnerChanged
   string ":1.1"
   string ":1.1"
   string ""
signal time=1788730464.874667 sender=:1.2 -> destination=(null destination) serial=306 path=/org/a11y/atspi/accessible/root; interface=org.a11y.atspi.Event.Object; member=ChildrenChanged
   string "remove"
   int32 0
   int32 0
   variant       struct {
         string ":1.1"
         object path "/org/a11y/atspi/accessible/root"
      }
   array [
   ]
signal time=1788730464.874688 sender=:1.2 -> destination=(null destination) serial=307 path=/org/a11y/atspi/registry; interface=org.a11y.atspi.Registry; member=EventListenerDeregistered
   string ":1.1"
   string ""
