datum-gui diagnostic log pid=219623 start=SystemTime { tv_sec: 1790343143, tv_nsec: 453896171 }
[SystemTime { tv_sec: 1790343143, tv_nsec: 454252314 }] startup args=GuiArgs { terminal_profile: TerminalProfileArgs { selected: "default", custom_name: "custom", program: None, args: [], environment: [], environment_remove: [], cwd: "active", theme: None, font_scale_percent: None, history_lines: None, history_mebibytes: None, cursor: None, bell: None, agent_authority: "propose", unattended_tools: [] }, demo_known_good: false, board_file: None, schematic_file: None, artifact_path: None, project_root: Some("/tmp/pm045-admission-hqugp169/project"), select: None, net_uuid: None, from_anchor_pad_uuid: None, to_anchor_pad_uuid: None, profile: None, visual_test: false, initial_layout: Some("single"), open_menu: None, open_global_preferences: false, open_new_project: false, open_project_preferences: false, focus_pane: None, fixture_revision_surface: None, layers_scroll_end: false, window_size: "1280x800", screenshot_out: None, exit_after_screenshot: false, window_visual_test: false, visual_scale_factor: Some(1.0), interaction_smoke: false, resize_torture_smoke: false, kwin_lifecycle_smoke: false }
[SystemTime { tv_sec: 1790343143, tv_nsec: 464974661 }] resumed event
[SystemTime { tv_sec: 1790343143, tv_nsec: 464998719 }] launch state load begin
[SystemTime { tv_sec: 1790343143, tv_nsec: 465025336 }] request resolve begin
[SystemTime { tv_sec: 1790343143, tv_nsec: 465044792 }] request resolve end project_root=/tmp/pm045-admission-hqugp169/project board_file=None
[SystemTime { tv_sec: 1790343143, tv_nsec: 465062509 }] workspace load begin
[SystemTime { tv_sec: 1790343144, tv_nsec: 858304417 }] workspace load end
[SystemTime { tv_sec: 1790343144, tv_nsec: 858330467 }] camera fit begin
[SystemTime { tv_sec: 1790343144, tv_nsec: 858346942 }] camera fit end
[SystemTime { tv_sec: 1790343144, tv_nsec: 858530305 }] terminal spawn begin
[SystemTime { tv_sec: 1790343144, tv_nsec: 866744285 }] terminal spawn end
[SystemTime { tv_sec: 1790343144, tv_nsec: 866777294 }] launch state load end
[SystemTime { tv_sec: 1790343144, tv_nsec: 870172919 }] window created
[SystemTime { tv_sec: 1790343144, tv_nsec: 870202410 }] runtime creation begin
[SystemTime { tv_sec: 1790343144, tv_nsec: 871056201 }] wgpu instance create begin
[SystemTime { tv_sec: 1790343144, tv_nsec: 974191313 }] wgpu request adapter begin
[SystemTime { tv_sec: 1790343144, tv_nsec: 985191301 }] surface identity window=WindowId(31457284) window_backend=x11 gpu_backend=Vulkan adapter="Intel(R) HD Graphics P630 (KBL GT2)" device_type=IntegratedGpu driver="Intel open-source Mesa driver" driver_info="Mesa 25.0.7-2+deb13u1"
[SystemTime { tv_sec: 1790343144, tv_nsec: 985217716 }] wgpu request device begin
[SystemTime { tv_sec: 1790343145, tv_nsec: 13520941 }] wgpu request device end
[SystemTime { tv_sec: 1790343145, tv_nsec: 13967321 }] initial surface configuration requested 1280x800 format=Bgra8UnormSrgb present=Fifo msaa=8
[SystemTime { tv_sec: 1790343145, tv_nsec: 13989369 }] renderer init begin
[SystemTime { tv_sec: 1790343145, tv_nsec: 126813804 }] renderer init end
[SystemTime { tv_sec: 1790343145, tv_nsec: 127650471 }] terminal resize begin 155x9
[SystemTime { tv_sec: 1790343145, tv_nsec: 127941182 }] terminal resize end
[SystemTime { tv_sec: 1790343145, tv_nsec: 127967773 }] runtime creation end
[SystemTime { tv_sec: 1790343145, tv_nsec: 128130666 }] window visible
[SystemTime { tv_sec: 1790343145, tv_nsec: 128167411 }] window event WindowId(31457284) ime Disabled
[SystemTime { tv_sec: 1790343145, tv_nsec: 128198982 }] window event WindowId(31457284) redraw requested
[SystemTime { tv_sec: 1790343145, tv_nsec: 128339905 }] native frame round hosts=[WindowId(31457284)]
[SystemTime { tv_sec: 1790343145, tv_nsec: 128358957 }] redraw handler begin
[SystemTime { tv_sec: 1790343145, tv_nsec: 128391481 }] surface configure begin
[SystemTime { tv_sec: 1790343145, tv_nsec: 130085314 }] surface configure end
[SystemTime { tv_sec: 1790343145, tv_nsec: 130108774 }] native queue configured host=1 configurations=1 submitted=0 completed=0
[SystemTime { tv_sec: 1790343145, tv_nsec: 130186462 }] render scene prepare begin retained_cached=false
[SystemTime { tv_sec: 1790343145, tv_nsec: 130203232 }] retained scene build begin
[SystemTime { tv_sec: 1790343145, tv_nsec: 135014896 }] retained scene build end 4ms
[SystemTime { tv_sec: 1790343145, tv_nsec: 135040141 }] prepared scene build begin
[SystemTime { tv_sec: 1790343145, tv_nsec: 137444909 }] native control_meshes window=WindowId(31457284) builds=1
[SystemTime { tv_sec: 1790343145, tv_nsec: 137468250 }] prepared scene build end 2ms
[SystemTime { tv_sec: 1790343145, tv_nsec: 137488085 }] renderer render begin
[SystemTime { tv_sec: 1790343145, tv_nsec: 157593512 }] native_surface_lifecycle {"acquire_attempts":0,"acquired":0,"active":0,"configuration_generation":1,"configure_attempts":1,"configured_extent":[1280,800],"discarded":0,"frame_submission_receipts_issued":1,"frame_submissions":0,"gpu_completed_through_receipt":0,"host":1,"last_frame_submission_receipt":1,"last_present_receipt":0,"presented":0,"queue_epoch":1,"reason":"submit_upload","wgpu_submission":"Some(SubmissionIndex { index: 1 })","window":"WindowId(31457284)"}
[SystemTime { tv_sec: 1790343145, tv_nsec: 157637205 }] native upload frame window=WindowId(31457284) host=1 renderer=1 queue_epoch=1 surface_generation=1 acquisition=0 submission=1 receipt=Some(UploadFrame { consumers: {"MAIN", "BOARD", "LAYERS", "NAV", "INSPECTOR", "MENU", "TERMINAL"}, owner: 7, attempt: 1, rendered: Some(false), totals: UploadTotals { batches: 1, buffer_payload_bytes: 2883216, texture_source_bytes: 0, texture_padding_bytes: 0, scatter_index_bytes: 0, staging_capacity_bytes: 2883216, buffer_copy_bytes: 2883216, buffer_copies: 2, texture_copies: 0, scatter_dispatches: 0 } })
[SystemTime { tv_sec: 1790343145, tv_nsec: 157676842 }] native font ownership window=WindowId(31457284) usage=Usage { allocation: Usage { allocator_installed: true, owner_id: 3, label: "renderer-fonts-and-shapes", payload_bytes: 688030, tracking_bytes: 84040, allocations: 10505, peak_payload_bytes: 688030, owner_metadata_bytes: 96 }, returned_shape_bytes: 0, private_bytes: Some(772070), fixed_font_bytes: Some(772070), cache_reserved_bytes: 0, last_call: Some(Report { call_id: 1, owner_id: 3, allocator_installed: true, host_initial_bytes: 0, host_final_bytes: 772070, process_initial_bytes: 0, process_final_bytes: 772070, initial_bytes: 0, final_bytes: 772070, peak_bytes: 772070, host_peak_bytes: 1759823, process_peak_bytes: 1759823, exceeded: false }) } measurement=Some(Usage { allocation: Usage { allocator_installed: true, owner_id: 13, label: "text-measurement", payload_bytes: 734742, tracking_bytes: 84216, allocations: 10525, peak_payload_bytes: 748214, owner_metadata_bytes: 96 }, returned_shape_bytes: 0, private_bytes: Some(818958), fixed_font_bytes: Some(772070), cache_reserved_bytes: 46888, last_call: Some(Report { call_id: 18, owner_id: 13, allocator_installed: true, host_initial_bytes: 68424, host_final_bytes: 68424, process_initial_bytes: 68424, process_final_bytes: 68424, initial_bytes: 31432, final_bytes: 46888, peak_bytes: 60496, host_peak_bytes: 68424, process_peak_bytes: 68424, exceeded: false }) }) process_registry_bytes=RegistryUsage { registry_heap_bytes: 72, scope_owner_bytes: 672, call_slots_static_bytes: 9752 }
[SystemTime { tv_sec: 1790343145, tv_nsec: 157715863 }] native attachment ledger {"attachments":{"allocations":[{"allocation":1,"host":1,"last_submission":1,"owner":8,"payload_bytes":32768000,"release_reason":null}],"completed_retirements":0,"current_payload_bytes":32768000,"device_loss_confirmed":false,"device_loss_retirements":0,"observed_allocations":1,"peak_payload_bytes":32768000,"retiring_payload_bytes":0,"unknown_payload_allocations":0},"queue_epoch":1}
[SystemTime { tv_sec: 1790343145, tv_nsec: 157748357 }] native surface attachment {"allocation":1,"allocations_created":1,"extent":[1280,800],"format":"Bgra8UnormSrgb","gpu_retirement_qualified":false,"host":1,"owner":8,"payload_bytes":32768000,"queue_epoch":1,"samples":8,"state":"current_renderer_reference","window":"WindowId(31457284)"}
[SystemTime { tv_sec: 1790343145, tv_nsec: 157788855 }] native redraw ledger {"attempts":1,"counts":{"coalesced":0,"duplicate_tokens":0,"presentations":0,"received":1,"requested":1,"suppressed":0},"damage":2,"device_generation":1,"host_generation":1,"pending":false,"presented_damage":0,"ready":false,"reason":"not_presented","rendering":null,"window":"WindowId(31457284)"}
[SystemTime { tv_sec: 1790343145, tv_nsec: 158675687 }] window event WindowId(31457284) focused false
[SystemTime { tv_sec: 1790343145, tv_nsec: 158748593 }] window event WindowId(31457284) occluded false
[SystemTime { tv_sec: 1790343145, tv_nsec: 158950771 }] window event WindowId(31457284) focused true
[SystemTime { tv_sec: 1790343145, tv_nsec: 159350594 }] window event WindowId(31457284) modifiers changed ModifiersState(0x0)
[SystemTime { tv_sec: 1790343145, tv_nsec: 159395961 }] window event WindowId(31457284) cursor moved 429.00,170.00
[SystemTime { tv_sec: 1790343145, tv_nsec: 159629439 }] native control_meshes window=WindowId(31457284) builds=1
[SystemTime { tv_sec: 1790343145, tv_nsec: 159703480 }] window event WindowId(31457284) occluded false
[SystemTime { tv_sec: 1790343145, tv_nsec: 159857267 }] window event WindowId(31457284) cursor moved 110.00,16.00
[SystemTime { tv_sec: 1790343145, tv_nsec: 160082648 }] window event WindowId(31457284) resized 1280x800
[SystemTime { tv_sec: 1790343145, tv_nsec: 160139931 }] window event WindowId(31457284) redraw requested
[SystemTime { tv_sec: 1790343145, tv_nsec: 160174840 }] native frame round hosts=[WindowId(31457284)]
[SystemTime { tv_sec: 1790343145, tv_nsec: 160204075 }] redraw handler begin
[SystemTime { tv_sec: 1790343145, tv_nsec: 160273266 }] native_surface_lifecycle {"acquire_attempts":0,"acquired":0,"active":0,"configuration_generation":1,"configure_attempts":1,"configured_extent":[1280,800],"discarded":0,"frame_submission_receipts_issued":1,"frame_submissions":0,"gpu_completed_through_receipt":0,"host":1,"last_frame_submission_receipt":1,"last_present_receipt":0,"presented":0,"queue_epoch":1,"reason":"wait_queue","wgpu_submission":"Some(SubmissionIndex { index: 1 })","window":"WindowId(31457284)"}
[SystemTime { tv_sec: 1790343145, tv_nsec: 160320546 }] native redraw ledger {"attempts":2,"counts":{"coalesced":1,"duplicate_tokens":0,"presentations":0,"received":2,"requested":2,"suppressed":0},"damage":4,"device_generation":1,"host_generation":1,"pending":false,"presented_damage":0,"ready":false,"reason":"not_presented","rendering":null,"window":"WindowId(31457284)"}
[SystemTime { tv_sec: 1790343145, tv_nsec: 166606398 }] native queue progress epoch=1 submitted=1 completed=1
[SystemTime { tv_sec: 1790343145, tv_nsec: 166657760 }] native attachment ledger {"attachments":{"allocations":[{"allocation":1,"host":1,"last_submission":1,"owner":8,"payload_bytes":32768000,"release_reason":null}],"completed_retirements":0,"current_payload_bytes":32768000,"device_loss_confirmed":false,"device_loss_retirements":0,"observed_allocations":1,"peak_payload_bytes":32768000,"retiring_payload_bytes":0,"unknown_payload_allocations":0},"queue_epoch":1}
[SystemTime { tv_sec: 1790343145, tv_nsec: 168457163 }] window event WindowId(31457284) redraw requested
[SystemTime { tv_sec: 1790343145, tv_nsec: 168496747 }] native frame round hosts=[WindowId(31457284)]
[SystemTime { tv_sec: 1790343145, tv_nsec: 168514934 }] redraw handler begin
[SystemTime { tv_sec: 1790343145, tv_nsec: 168546089 }] renderer render begin
[SystemTime { tv_sec: 1790343145, tv_nsec: 193567492 }] native_surface_lifecycle {"acquire_attempts":1,"acquired":1,"active":1,"configuration_generation":1,"configure_attempts":1,"configured_extent":[1280,800],"discarded":0,"frame_submission_receipts_issued":2,"frame_submissions":1,"gpu_completed_through_receipt":1,"host":1,"last_frame_submission_receipt":2,"last_present_receipt":0,"presented":0,"queue_epoch":1,"reason":"submit","wgpu_submission":"Some(SubmissionIndex { index: 2 })","window":"WindowId(31457284)"}
[SystemTime { tv_sec: 1790343145, tv_nsec: 193639329 }] native upload frame window=WindowId(31457284) host=1 renderer=1 queue_epoch=1 surface_generation=1 acquisition=1 submission=2 receipt=Some(UploadFrame { consumers: {"MAIN", "BOARD", "LAYERS", "NAV", "INSPECTOR", "MENU", "TERMINAL"}, owner: 7, attempt: 2, rendered: Some(true), totals: UploadTotals { batches: 1, buffer_payload_bytes: 61432, texture_source_bytes: 19939, texture_padding_bytes: 793629, scatter_index_bytes: 0, staging_capacity_bytes: 875000, buffer_copy_bytes: 61432, buffer_copies: 6, texture_copies: 426, scatter_dispatches: 0 } })
[SystemTime { tv_sec: 1790343145, tv_nsec: 193688090 }] native font ownership window=WindowId(31457284) usage=Usage { allocation: Usage { allocator_installed: true, owner_id: 3, label: "renderer-fonts-and-shapes", payload_bytes: 897966, tracking_bytes: 87984, allocations: 10996, peak_payload_bytes: 898077, owner_metadata_bytes: 96 }, returned_shape_bytes: 151176, private_bytes: Some(834774), fixed_font_bytes: Some(772070), cache_reserved_bytes: 62704, last_call: Some(Report { call_id: 1032, owner_id: 3, allocator_installed: true, host_initial_bytes: 356004, host_final_bytes: 356042, process_initial_bytes: 356004, process_final_bytes: 356042, initial_bytes: 62704, final_bytes: 62704, peak_bytes: 62704, host_peak_bytes: 356042, process_peak_bytes: 356042, exceeded: false }) } measurement=Some(Usage { allocation: Usage { allocator_installed: true, owner_id: 13, label: "text-measurement", payload_bytes: 734742, tracking_bytes: 84216, allocations: 10525, peak_payload_bytes: 748214, owner_metadata_bytes: 96 }, returned_shape_bytes: 0, private_bytes: Some(818958), fixed_font_bytes: Some(772070), cache_reserved_bytes: 46888, last_call: Some(Report { call_id: 18, owner_id: 13, allocator_installed: true, host_initial_bytes: 68424, host_final_bytes: 68424, process_initial_bytes: 68424, process_final_bytes: 68424, initial_bytes: 31432, final_bytes: 46888, peak_bytes: 60496, host_peak_bytes: 68424, process_peak_bytes: 68424, exceeded: false }) }) process_registry_bytes=RegistryUsage { registry_heap_bytes: 72, scope_owner_bytes: 768, call_slots_static_bytes: 9752 }
[SystemTime { tv_sec: 1790343145, tv_nsec: 193716533 }] native attachment ledger {"attachments":{"allocations":[{"allocation":1,"host":1,"last_submission":2,"owner":8,"payload_bytes":32768000,"release_reason":null}],"completed_retirements":0,"current_payload_bytes":32768000,"device_loss_confirmed":false,"device_loss_retirements":0,"observed_allocations":1,"peak_payload_bytes":32768000,"retiring_payload_bytes":0,"unknown_payload_allocations":0},"queue_epoch":1}
[SystemTime { tv_sec: 1790343145, tv_nsec: 193740291 }] native surface attachment {"allocation":1,"allocations_created":1,"extent":[1280,800],"format":"Bgra8UnormSrgb","gpu_retirement_qualified":false,"host":1,"owner":8,"payload_bytes":32768000,"queue_epoch":1,"samples":8,"state":"current_renderer_reference","window":"WindowId(31457284)"}
[SystemTime { tv_sec: 1790343145, tv_nsec: 193774351 }] renderer render end 25ms
[SystemTime { tv_sec: 1790343145, tv_nsec: 193790459 }] frame present begin
[SystemTime { tv_sec: 1790343145, tv_nsec: 193886175 }] native_surface_lifecycle {"acquire_attempts":1,"acquired":1,"active":0,"configuration_generation":1,"configure_attempts":1,"configured_extent":[1280,800],"discarded":0,"frame_submission_receipts_issued":2,"frame_submissions":1,"gpu_completed_through_receipt":1,"host":1,"last_frame_submission_receipt":2,"last_present_receipt":2,"presented":1,"queue_epoch":1,"reason":"present","wgpu_submission":"Some(SubmissionIndex { index: 2 })","window":"WindowId(31457284)"}
[SystemTime { tv_sec: 1790343145, tv_nsec: 193915587 }] frame present end 0ms total=25ms
[SystemTime { tv_sec: 1790343145, tv_nsec: 193981804 }] native redraw ledger {"attempts":3,"counts":{"coalesced":1,"duplicate_tokens":0,"presentations":1,"received":3,"requested":3,"suppressed":1},"damage":4,"device_generation":1,"host_generation":1,"pending":false,"presented_damage":4,"ready":false,"reason":"presented","rendering":null,"window":"WindowId(31457284)"}
[SystemTime { tv_sec: 1790343145, tv_nsec: 193999742 }] redraw handler end
[SystemTime { tv_sec: 1790343145, tv_nsec: 215154215 }] native queue progress epoch=1 submitted=2 completed=2
[SystemTime { tv_sec: 1790343145, tv_nsec: 215192868 }] native attachment ledger {"attachments":{"allocations":[{"allocation":1,"host":1,"last_submission":2,"owner":8,"payload_bytes":32768000,"release_reason":null}],"completed_retirements":0,"current_payload_bytes":32768000,"device_loss_confirmed":false,"device_loss_retirements":0,"observed_allocations":1,"peak_payload_bytes":32768000,"retiring_payload_bytes":0,"unknown_payload_allocations":0},"queue_epoch":1}
[SystemTime { tv_sec: 1790343146, tv_nsec: 261802958 }] window event WindowId(31457284) cursor moved 148.00,16.00
[SystemTime { tv_sec: 1790343146, tv_nsec: 261958754 }] window event WindowId(31457284) modifiers changed ModifiersState(0x0)
[SystemTime { tv_sec: 1790343146, tv_nsec: 262087783 }] window event WindowId(31457284) mouse input Left Pressed
[SystemTime { tv_sec: 1790343146, tv_nsec: 262176098 }] pan primary pressed cursor=Some((148.0, 16.0)) pointer_in_scene=false held=false active=false
[SystemTime { tv_sec: 1790343146, tv_nsec: 262272814 }] window event WindowId(31457284) modifiers changed ModifiersState(0x0)
[SystemTime { tv_sec: 1790343146, tv_nsec: 262366172 }] window event WindowId(31457284) modifiers changed ModifiersState(0x0)
[SystemTime { tv_sec: 1790343146, tv_nsec: 262457564 }] window event WindowId(31457284) mouse input Left Released
[SystemTime { tv_sec: 1790343146, tv_nsec: 262524276 }] pan primary released cursor=Some((148.0, 16.0)) suppress_click=false
[SystemTime { tv_sec: 1790343146, tv_nsec: 262753183 }] window event WindowId(31457284) modifiers changed ModifiersState(0x0)
[SystemTime { tv_sec: 1790343146, tv_nsec: 262832678 }] window event WindowId(31457284) redraw requested
[SystemTime { tv_sec: 1790343146, tv_nsec: 262899535 }] native frame round hosts=[WindowId(31457284)]
[SystemTime { tv_sec: 1790343146, tv_nsec: 262956274 }] redraw handler begin
[SystemTime { tv_sec: 1790343146, tv_nsec: 263045718 }] render scene prepare begin retained_cached=true
[SystemTime { tv_sec: 1790343146, tv_nsec: 263102632 }] prepared scene build begin
[SystemTime { tv_sec: 1790343146, tv_nsec: 263976617 }] native control_meshes window=WindowId(31457284) builds=1
[SystemTime { tv_sec: 1790343146, tv_nsec: 264041607 }] prepared scene build end 0ms
[SystemTime { tv_sec: 1790343146, tv_nsec: 264102102 }] renderer render begin
[SystemTime { tv_sec: 1790343146, tv_nsec: 281574901 }] native_surface_lifecycle {"acquire_attempts":2,"acquired":2,"active":1,"configuration_generation":1,"configure_attempts":1,"configured_extent":[1280,800],"discarded":0,"frame_submission_receipts_issued":3,"frame_submissions":2,"gpu_completed_through_receipt":2,"host":1,"last_frame_submission_receipt":3,"last_present_receipt":2,"presented":1,"queue_epoch":1,"reason":"submit","wgpu_submission":"Some(SubmissionIndex { index: 3 })","window":"WindowId(31457284)"}
[SystemTime { tv_sec: 1790343146, tv_nsec: 281711545 }] native upload frame window=WindowId(31457284) host=1 renderer=1 queue_epoch=1 surface_generation=1 acquisition=2 submission=3 receipt=Some(UploadFrame { consumers: {"MAIN", "BOARD", "LAYERS", "NAV", "INSPECTOR", "MENU", "TERMINAL"}, owner: 7, attempt: 3, rendered: Some(true), totals: UploadTotals { batches: 1, buffer_payload_bytes: 33340, texture_source_bytes: 2512, texture_padding_bytes: 101680, scatter_index_bytes: 12700, staging_capacity_bytes: 175632, buffer_copy_bytes: 46040, buffer_copies: 4, texture_copies: 53, scatter_dispatches: 1 } })
[SystemTime { tv_sec: 1790343146, tv_nsec: 281791465 }] native font ownership window=WindowId(31457284) usage=Usage { allocation: Usage { allocator_installed: true, owner_id: 3, label: "renderer-fonts-and-shapes", payload_bytes: 917550, tracking_bytes: 88464, allocations: 11056, peak_payload_bytes: 917649, owner_metadata_bytes: 96 }, returned_shape_bytes: 171240, private_bytes: Some(834774), fixed_font_bytes: Some(772070), cache_reserved_bytes: 62704, last_call: Some(Report { call_id: 1171, owner_id: 3, allocator_installed: true, host_initial_bytes: 338804, host_final_bytes: 338848, process_initial_bytes: 338804, process_final_bytes: 338848, initial_bytes: 62704, final_bytes: 62704, peak_bytes: 62704, host_peak_bytes: 338848, process_peak_bytes: 338848, exceeded: false }) } measurement=Some(Usage { allocation: Usage { allocator_installed: true, owner_id: 13, label: "text-measurement", payload_bytes: 734742, tracking_bytes: 84216, allocations: 10525, peak_payload_bytes: 748214, owner_metadata_bytes: 96 }, returned_shape_bytes: 0, private_bytes: Some(818958), fixed_font_bytes: Some(772070), cache_reserved_bytes: 46888, last_call: Some(Report { call_id: 1045, owner_id: 13, allocator_installed: true, host_initial_bytes: 312464, host_final_bytes: 312464, process_initial_bytes: 312464, process_final_bytes: 312464, initial_bytes: 46888, final_bytes: 46888, peak_bytes: 50880, host_peak_bytes: 312464, process_peak_bytes: 312464, exceeded: false }) }) process_registry_bytes=RegistryUsage { registry_heap_bytes: 72, scope_owner_bytes: 768, call_slots_static_bytes: 9752 }
[SystemTime { tv_sec: 1790343146, tv_nsec: 281874940 }] native attachment ledger {"attachments":{"allocations":[{"allocation":1,"host":1,"last_submission":3,"owner":8,"payload_bytes":32768000,"release_reason":null}],"completed_retirements":0,"current_payload_bytes":32768000,"device_loss_confirmed":false,"device_loss_retirements":0,"observed_allocations":1,"peak_payload_bytes":32768000,"retiring_payload_bytes":0,"unknown_payload_allocations":0},"queue_epoch":1}
[SystemTime { tv_sec: 1790343146, tv_nsec: 281938791 }] native surface attachment {"allocation":1,"allocations_created":1,"extent":[1280,800],"format":"Bgra8UnormSrgb","gpu_retirement_qualified":false,"host":1,"owner":8,"payload_bytes":32768000,"queue_epoch":1,"samples":8,"state":"current_renderer_reference","window":"WindowId(31457284)"}
[SystemTime { tv_sec: 1790343146, tv_nsec: 281988507 }] renderer render end 17ms
[SystemTime { tv_sec: 1790343146, tv_nsec: 282036562 }] frame present begin
[SystemTime { tv_sec: 1790343146, tv_nsec: 282214414 }] native_surface_lifecycle {"acquire_attempts":2,"acquired":2,"active":0,"configuration_generation":1,"configure_attempts":1,"configured_extent":[1280,800],"discarded":0,"frame_submission_receipts_issued":3,"frame_submissions":2,"gpu_completed_through_receipt":2,"host":1,"last_frame_submission_receipt":3,"last_present_receipt":3,"presented":2,"queue_epoch":1,"reason":"present","wgpu_submission":"Some(SubmissionIndex { index: 3 })","window":"WindowId(31457284)"}
[SystemTime { tv_sec: 1790343146, tv_nsec: 282310864 }] frame present end 0ms total=19ms
[SystemTime { tv_sec: 1790343146, tv_nsec: 282388219 }] native redraw ledger {"attempts":4,"counts":{"coalesced":1,"duplicate_tokens":0,"presentations":2,"received":4,"requested":4,"suppressed":2},"damage":5,"device_generation":1,"host_generation":1,"pending":false,"presented_damage":5,"ready":false,"reason":"presented","rendering":null,"window":"WindowId(31457284)"}
[SystemTime { tv_sec: 1790343146, tv_nsec: 282436709 }] redraw handler end
[SystemTime { tv_sec: 1790343146, tv_nsec: 308620758 }] native queue progress epoch=1 submitted=3 completed=3
[SystemTime { tv_sec: 1790343146, tv_nsec: 308723187 }] native attachment ledger {"attachments":{"allocations":[{"allocation":1,"host":1,"last_submission":3,"owner":8,"payload_bytes":32768000,"release_reason":null}],"completed_retirements":0,"current_payload_bytes":32768000,"device_loss_confirmed":false,"device_loss_retirements":0,"observed_allocations":1,"peak_payload_bytes":32768000,"retiring_payload_bytes":0,"unknown_payload_allocations":0},"queue_epoch":1}
[SystemTime { tv_sec: 1790343146, tv_nsec: 372022601 }] window event WindowId(31457284) keyboard physical=Code(ArrowUp) logical=Named(ArrowUp) state=Pressed repeat=false text=None synthetic=false
[SystemTime { tv_sec: 1790343146, tv_nsec: 372272898 }] window event WindowId(31457284) redraw requested
[SystemTime { tv_sec: 1790343146, tv_nsec: 372341681 }] native frame round hosts=[WindowId(31457284)]
[SystemTime { tv_sec: 1790343146, tv_nsec: 372409760 }] redraw handler begin
[SystemTime { tv_sec: 1790343146, tv_nsec: 372499579 }] render scene prepare begin retained_cached=true
[SystemTime { tv_sec: 1790343146, tv_nsec: 372555964 }] prepared scene build begin
[SystemTime { tv_sec: 1790343146, tv_nsec: 373179949 }] native control_meshes window=WindowId(31457284) builds=1
[SystemTime { tv_sec: 1790343146, tv_nsec: 373246338 }] prepared scene build end 0ms
[SystemTime { tv_sec: 1790343146, tv_nsec: 373307221 }] renderer render begin
[SystemTime { tv_sec: 1790343146, tv_nsec: 375588517 }] native_surface_lifecycle {"acquire_attempts":3,"acquired":3,"active":1,"configuration_generation":1,"configure_attempts":1,"configured_extent":[1280,800],"discarded":0,"frame_submission_receipts_issued":4,"frame_submissions":3,"gpu_completed_through_receipt":3,"host":1,"last_frame_submission_receipt":4,"last_present_receipt":3,"presented":2,"queue_epoch":1,"reason":"submit","wgpu_submission":"Some(SubmissionIndex { index: 4 })","window":"WindowId(31457284)"}
[SystemTime { tv_sec: 1790343146, tv_nsec: 375720972 }] native upload frame window=WindowId(31457284) host=1 renderer=1 queue_epoch=1 surface_generation=1 acquisition=3 submission=4 receipt=Some(UploadFrame { consumers: {"MAIN", "BOARD", "LAYERS", "NAV", "INSPECTOR", "MENU", "TERMINAL"}, owner: 7, attempt: 4, rendered: Some(true), totals: UploadTotals { batches: 1, buffer_payload_bytes: 984, texture_source_bytes: 0, texture_padding_bytes: 0, scatter_index_bytes: 0, staging_capacity_bytes: 984, buffer_copy_bytes: 984, buffer_copies: 57, texture_copies: 0, scatter_dispatches: 0 } })
[SystemTime { tv_sec: 1790343146, tv_nsec: 375797597 }] native font ownership window=WindowId(31457284) usage=Usage { allocation: Usage { allocator_installed: true, owner_id: 3, label: "renderer-fonts-and-shapes", payload_bytes: 916462, tracking_bytes: 88440, allocations: 11053, peak_payload_bytes: 917649, owner_metadata_bytes: 96 }, returned_shape_bytes: 170128, private_bytes: Some(834774), fixed_font_bytes: Some(772070), cache_reserved_bytes: 62704, last_call: Some(Report { call_id: 1171, owner_id: 3, allocator_installed: true, host_initial_bytes: 338804, host_final_bytes: 338848, process_initial_bytes: 338804, process_final_bytes: 338848, initial_bytes: 62704, final_bytes: 62704, peak_bytes: 62704, host_peak_bytes: 338848, process_peak_bytes: 338848, exceeded: false }) } measurement=Some(Usage { allocation: Usage { allocator_installed: true, owner_id: 13, label: "text-measurement", payload_bytes: 734742, tracking_bytes: 84216, allocations: 10525, peak_payload_bytes: 748214, owner_metadata_bytes: 96 }, returned_shape_bytes: 0, private_bytes: Some(818958), fixed_font_bytes: Some(772070), cache_reserved_bytes: 46888, last_call: Some(Report { call_id: 1045, owner_id: 13, allocator_installed: true, host_initial_bytes: 312464, host_final_bytes: 312464, process_initial_bytes: 312464, process_final_bytes: 312464, initial_bytes: 46888, final_bytes: 46888, peak_bytes: 50880, host_peak_bytes: 312464, process_peak_bytes: 312464, exceeded: false }) }) process_registry_bytes=RegistryUsage { registry_heap_bytes: 72, scope_owner_bytes: 768, call_slots_static_bytes: 9752 }
[SystemTime { tv_sec: 1790343146, tv_nsec: 375877663 }] native attachment ledger {"attachments":{"allocations":[{"allocation":1,"host":1,"last_submission":4,"owner":8,"payload_bytes":32768000,"release_reason":null}],"completed_retirements":0,"current_payload_bytes":32768000,"device_loss_confirmed":false,"device_loss_retirements":0,"observed_allocations":1,"peak_payload_bytes":32768000,"retiring_payload_bytes":0,"unknown_payload_allocations":0},"queue_epoch":1}
[SystemTime { tv_sec: 1790343146, tv_nsec: 375946803 }] native surface attachment {"allocation":1,"allocations_created":1,"extent":[1280,800],"format":"Bgra8UnormSrgb","gpu_retirement_qualified":false,"host":1,"owner":8,"payload_bytes":32768000,"queue_epoch":1,"samples":8,"state":"current_renderer_reference","window":"WindowId(31457284)"}
[SystemTime { tv_sec: 1790343146, tv_nsec: 376015281 }] renderer render end 2ms
[SystemTime { tv_sec: 1790343146, tv_nsec: 376105397 }] frame present begin
[SystemTime { tv_sec: 1790343146, tv_nsec: 376312963 }] native_surface_lifecycle {"acquire_attempts":3,"acquired":3,"active":0,"configuration_generation":1,"configure_attempts":1,"configured_extent":[1280,800],"discarded":0,"frame_submission_receipts_issued":4,"frame_submissions":3,"gpu_completed_through_receipt":3,"host":1,"last_frame_submission_receipt":4,"last_present_receipt":4,"presented":3,"queue_epoch":1,"reason":"present","wgpu_submission":"Some(SubmissionIndex { index: 4 })","window":"WindowId(31457284)"}
[SystemTime { tv_sec: 1790343146, tv_nsec: 376410289 }] frame present end 0ms total=3ms
[SystemTime { tv_sec: 1790343146, tv_nsec: 376489162 }] native redraw ledger {"attempts":5,"counts":{"coalesced":1,"duplicate_tokens":0,"presentations":3,"received":5,"requested":5,"suppressed":3},"damage":6,"device_generation":1,"host_generation":1,"pending":false,"presented_damage":6,"ready":false,"reason":"presented","rendering":null,"window":"WindowId(31457284)"}
[SystemTime { tv_sec: 1790343146, tv_nsec: 376542661 }] redraw handler end
[SystemTime { tv_sec: 1790343146, tv_nsec: 383256859 }] window event WindowId(31457284) keyboard physical=Code(ArrowUp) logical=Named(ArrowUp) state=Released repeat=false text=None synthetic=false
[SystemTime { tv_sec: 1790343146, tv_nsec: 383351492 }] window event WindowId(31457284) redraw requested
[SystemTime { tv_sec: 1790343146, tv_nsec: 383411976 }] native frame round hosts=[WindowId(31457284)]
[SystemTime { tv_sec: 1790343146, tv_nsec: 383464488 }] redraw handler begin
[SystemTime { tv_sec: 1790343146, tv_nsec: 383578869 }] native_surface_lifecycle {"acquire_attempts":3,"acquired":3,"active":0,"configuration_generation":1,"configure_attempts":1,"configured_extent":[1280,800],"discarded":0,"frame_submission_receipts_issued":4,"frame_submissions":3,"gpu_completed_through_receipt":3,"host":1,"last_frame_submission_receipt":4,"last_present_receipt":4,"presented":3,"queue_epoch":1,"reason":"wait_queue","wgpu_submission":"Some(SubmissionIndex { index: 4 })","window":"WindowId(31457284)"}
[SystemTime { tv_sec: 1790343146, tv_nsec: 383656915 }] native redraw ledger {"attempts":6,"counts":{"coalesced":1,"duplicate_tokens":0,"presentations":3,"received":6,"requested":6,"suppressed":3},"damage":7,"device_generation":1,"host_generation":1,"pending":false,"presented_damage":6,"ready":false,"reason":"not_presented","rendering":null,"window":"WindowId(31457284)"}
[SystemTime { tv_sec: 1790343146, tv_nsec: 391666842 }] native queue progress epoch=1 submitted=4 completed=4
[SystemTime { tv_sec: 1790343146, tv_nsec: 391797843 }] native attachment ledger {"attachments":{"allocations":[{"allocation":1,"host":1,"last_submission":4,"owner":8,"payload_bytes":32768000,"release_reason":null}],"completed_retirements":0,"current_payload_bytes":32768000,"device_loss_confirmed":false,"device_loss_retirements":0,"observed_allocations":1,"peak_payload_bytes":32768000,"retiring_payload_bytes":0,"unknown_payload_allocations":0},"queue_epoch":1}
[SystemTime { tv_sec: 1790343146, tv_nsec: 391909451 }] window event WindowId(31457284) redraw requested
[SystemTime { tv_sec: 1790343146, tv_nsec: 391975614 }] native frame round hosts=[WindowId(31457284)]
[SystemTime { tv_sec: 1790343146, tv_nsec: 392033581 }] redraw handler begin
[SystemTime { tv_sec: 1790343146, tv_nsec: 392118747 }] renderer render begin
[SystemTime { tv_sec: 1790343146, tv_nsec: 393595383 }] native_surface_lifecycle {"acquire_attempts":4,"acquired":4,"active":1,"configuration_generation":1,"configure_attempts":1,"configured_extent":[1280,800],"discarded":0,"frame_submission_receipts_issued":5,"frame_submissions":4,"gpu_completed_through_receipt":4,"host":1,"last_frame_submission_receipt":5,"last_present_receipt":4,"presented":3,"queue_epoch":1,"reason":"submit","wgpu_submission":"Some(SubmissionIndex { index: 5 })","window":"WindowId(31457284)"}
[SystemTime { tv_sec: 1790343146, tv_nsec: 393693258 }] native upload frame window=WindowId(31457284) host=1 renderer=1 queue_epoch=1 surface_generation=1 acquisition=4 submission=5 receipt=Some(UploadFrame { consumers: {"MAIN", "BOARD", "LAYERS", "NAV", "INSPECTOR", "MENU", "TERMINAL"}, owner: 7, attempt: 5, rendered: Some(true), totals: UploadTotals { batches: 0, buffer_payload_bytes: 0, texture_source_bytes: 0, texture_padding_bytes: 0, scatter_index_bytes: 0, staging_capacity_bytes: 0, buffer_copy_bytes: 0, buffer_copies: 0, texture_copies: 0, scatter_dispatches: 0 } })
[SystemTime { tv_sec: 1790343146, tv_nsec: 393787914 }] native font ownership window=WindowId(31457284) usage=Usage { allocation: Usage { allocator_installed: true, owner_id: 3, label: "renderer-fonts-and-shapes", payload_bytes: 916462, tracking_bytes: 88440, allocations: 11053, peak_payload_bytes: 917649, owner_metadata_bytes: 96 }, returned_shape_bytes: 170128, private_bytes: Some(834774), fixed_font_bytes: Some(772070), cache_reserved_bytes: 62704, last_call: Some(Report { call_id: 1171, owner_id: 3, allocator_installed: true, host_initial_bytes: 338804, host_final_bytes: 338848, process_initial_bytes: 338804, process_final_bytes: 338848, initial_bytes: 62704, final_bytes: 62704, peak_bytes: 62704, host_peak_bytes: 338848, process_peak_bytes: 338848, exceeded: false }) } measurement=Some(Usage { allocation: Usage { allocator_installed: true, owner_id: 13, label: "text-measurement", payload_bytes: 734742, tracking_bytes: 84216, allocations: 10525, peak_payload_bytes: 748214, owner_metadata_bytes: 96 }, returned_shape_bytes: 0, private_bytes: Some(818958), fixed_font_bytes: Some(772070), cache_reserved_bytes: 46888, last_call: Some(Report { call_id: 1045, owner_id: 13, allocator_installed: true, host_initial_bytes: 312464, host_final_bytes: 312464, process_initial_bytes: 312464, process_final_bytes: 312464, initial_bytes: 46888, final_bytes: 46888, peak_bytes: 50880, host_peak_bytes: 312464, process_peak_bytes: 312464, exceeded: false }) }) process_registry_bytes=RegistryUsage { registry_heap_bytes: 72, scope_owner_bytes: 768, call_slots_static_bytes: 9752 }
[SystemTime { tv_sec: 1790343146, tv_nsec: 393880372 }] native attachment ledger {"attachments":{"allocations":[{"allocation":1,"host":1,"last_submission":5,"owner":8,"payload_bytes":32768000,"release_reason":null}],"completed_retirements":0,"current_payload_bytes":32768000,"device_loss_confirmed":false,"device_loss_retirements":0,"observed_allocations":1,"peak_payload_bytes":32768000,"retiring_payload_bytes":0,"unknown_payload_allocations":0},"queue_epoch":1}
[SystemTime { tv_sec: 1790343146, tv_nsec: 393988143 }] native surface attachment {"allocation":1,"allocations_created":1,"extent":[1280,800],"format":"Bgra8UnormSrgb","gpu_retirement_qualified":false,"host":1,"owner":8,"payload_bytes":32768000,"queue_epoch":1,"samples":8,"state":"current_renderer_reference","window":"WindowId(31457284)"}
[SystemTime { tv_sec: 1790343146, tv_nsec: 394063620 }] renderer render end 1ms
[SystemTime { tv_sec: 1790343146, tv_nsec: 394117015 }] frame present begin
[SystemTime { tv_sec: 1790343146, tv_nsec: 394320973 }] native_surface_lifecycle {"acquire_attempts":4,"acquired":4,"active":0,"configuration_generation":1,"configure_attempts":1,"configured_extent":[1280,800],"discarded":0,"frame_submission_receipts_issued":5,"frame_submissions":4,"gpu_completed_through_receipt":4,"host":1,"last_frame_submission_receipt":5,"last_present_receipt":5,"presented":4,"queue_epoch":1,"reason":"present","wgpu_submission":"Some(SubmissionIndex { index: 5 })","window":"WindowId(31457284)"}
[SystemTime { tv_sec: 1790343146, tv_nsec: 394380898 }] frame present end 0ms total=2ms
[SystemTime { tv_sec: 1790343146, tv_nsec: 394457361 }] native redraw ledger {"attempts":7,"counts":{"coalesced":1,"duplicate_tokens":0,"presentations":4,"received":7,"requested":7,"suppressed":4},"damage":7,"device_generation":1,"host_generation":1,"pending":false,"presented_damage":7,"ready":false,"reason":"presented","rendering":null,"window":"WindowId(31457284)"}
[SystemTime { tv_sec: 1790343146, tv_nsec: 394510263 }] redraw handler end
[SystemTime { tv_sec: 1790343146, tv_nsec: 394666833 }] window event WindowId(31457284) keyboard physical=Code(ArrowRight) logical=Named(ArrowRight) state=Pressed repeat=false text=None synthetic=false
[SystemTime { tv_sec: 1790343146, tv_nsec: 394862337 }] window event WindowId(31457284) redraw requested
[SystemTime { tv_sec: 1790343146, tv_nsec: 394924428 }] native frame round hosts=[WindowId(31457284)]
[SystemTime { tv_sec: 1790343146, tv_nsec: 394977100 }] redraw handler begin
[SystemTime { tv_sec: 1790343146, tv_nsec: 395074277 }] native_surface_lifecycle {"acquire_attempts":4,"acquired":4,"active":0,"configuration_generation":1,"configure_attempts":1,"configured_extent":[1280,800],"discarded":0,"frame_submission_receipts_issued":5,"frame_submissions":4,"gpu_completed_through_receipt":4,"host":1,"last_frame_submission_receipt":5,"last_present_receipt":5,"presented":4,"queue_epoch":1,"reason":"wait_queue","wgpu_submission":"Some(SubmissionIndex { index: 5 })","window":"WindowId(31457284)"}
[SystemTime { tv_sec: 1790343146, tv_nsec: 395150112 }] native redraw ledger {"attempts":8,"counts":{"coalesced":1,"duplicate_tokens":0,"presentations":4,"received":8,"requested":8,"suppressed":4},"damage":8,"device_generation":1,"host_generation":1,"pending":false,"presented_damage":7,"ready":false,"reason":"not_presented","rendering":null,"window":"WindowId(31457284)"}
[SystemTime { tv_sec: 1790343146, tv_nsec: 404859334 }] window event WindowId(31457284) keyboard physical=Code(ArrowRight) logical=Named(ArrowRight) state=Released repeat=false text=None synthetic=false
[SystemTime { tv_sec: 1790343146, tv_nsec: 415703647 }] window event WindowId(31457284) keyboard physical=Code(Enter) logical=Named(Enter) state=Pressed repeat=false text=Some("\r") synthetic=false
[SystemTime { tv_sec: 1790343146, tv_nsec: 415928169 }] window event WindowId(31457284) redraw requested
[SystemTime { tv_sec: 1790343146, tv_nsec: 424754741 }] surface identity window=WindowId(31457302) window_backend=x11 gpu_backend=Vulkan adapter="Intel(R) HD Graphics P630 (KBL GT2)" device_type=IntegratedGpu driver="Intel open-source Mesa driver" driver_info="Mesa 25.0.7-2+deb13u1"
[SystemTime { tv_sec: 1790343146, tv_nsec: 441195650 }] native frame round hosts=[WindowId(31457284)]
[SystemTime { tv_sec: 1790343146, tv_nsec: 441265234 }] redraw handler begin
[SystemTime { tv_sec: 1790343146, tv_nsec: 441471135 }] render scene prepare begin retained_cached=true
[SystemTime { tv_sec: 1790343146, tv_nsec: 441526945 }] prepared scene build begin
[SystemTime { tv_sec: 1790343146, tv_nsec: 441870448 }] native control_meshes window=WindowId(31457284) builds=1
[SystemTime { tv_sec: 1790343146, tv_nsec: 441949125 }] prepared scene build end 0ms
[SystemTime { tv_sec: 1790343146, tv_nsec: 442026948 }] renderer render begin
[SystemTime { tv_sec: 1790343146, tv_nsec: 443991301 }] native_surface_lifecycle {"acquire_attempts":5,"acquired":5,"active":1,"configuration_generation":1,"configure_attempts":1,"configured_extent":[1280,800],"discarded":0,"frame_submission_receipts_issued":6,"frame_submissions":5,"gpu_completed_through_receipt":5,"host":1,"last_frame_submission_receipt":6,"last_present_receipt":5,"presented":4,"queue_epoch":1,"reason":"submit","wgpu_submission":"Some(SubmissionIndex { index: 6 })","window":"WindowId(31457284)"}
[SystemTime { tv_sec: 1790343146, tv_nsec: 444093828 }] native upload frame window=WindowId(31457284) host=1 renderer=1 queue_epoch=1 surface_generation=1 acquisition=5 submission=6 receipt=Some(UploadFrame { consumers: {"MAIN", "BOARD", "LAYERS", "NAV", "INSPECTOR", "MENU", "TERMINAL"}, owner: 7, attempt: 6, rendered: Some(true), totals: UploadTotals { batches: 1, buffer_payload_bytes: 4384, texture_source_bytes: 0, texture_padding_bytes: 0, scatter_index_bytes: 4368, staging_capacity_bytes: 17488, buffer_copy_bytes: 8752, buffer_copies: 5, texture_copies: 0, scatter_dispatches: 1 } })
[SystemTime { tv_sec: 1790343146, tv_nsec: 444195463 }] native font ownership window=WindowId(31457284) usage=Usage { allocation: Usage { allocator_installed: true, owner_id: 3, label: "renderer-fonts-and-shapes", payload_bytes: 916462, tracking_bytes: 88440, allocations: 11053, peak_payload_bytes: 917649, owner_metadata_bytes: 96 }, returned_shape_bytes: 170128, private_bytes: Some(834774), fixed_font_bytes: Some(772070), cache_reserved_bytes: 62704, last_call: Some(Report { call_id: 1171, owner_id: 3, allocator_installed: true, host_initial_bytes: 338804, host_final_bytes: 338848, process_initial_bytes: 338804, process_final_bytes: 338848, initial_bytes: 62704, final_bytes: 62704, peak_bytes: 62704, host_peak_bytes: 338848, process_peak_bytes: 338848, exceeded: false }) } measurement=Some(Usage { allocation: Usage { allocator_installed: true, owner_id: 13, label: "text-measurement", payload_bytes: 734742, tracking_bytes: 84216, allocations: 10525, peak_payload_bytes: 748214, owner_metadata_bytes: 96 }, returned_shape_bytes: 0, private_bytes: Some(818958), fixed_font_bytes: Some(772070), cache_reserved_bytes: 46888, last_call: Some(Report { call_id: 1045, owner_id: 13, allocator_installed: true, host_initial_bytes: 312464, host_final_bytes: 312464, process_initial_bytes: 312464, process_final_bytes: 312464, initial_bytes: 46888, final_bytes: 46888, peak_bytes: 50880, host_peak_bytes: 312464, process_peak_bytes: 312464, exceeded: false }) }) process_registry_bytes=RegistryUsage { registry_heap_bytes: 136, scope_owner_bytes: 1056, call_slots_static_bytes: 9752 }
[SystemTime { tv_sec: 1790343146, tv_nsec: 444301244 }] native attachment ledger {"attachments":{"allocations":[{"allocation":1,"host":1,"last_submission":6,"owner":8,"payload_bytes":32768000,"release_reason":null}],"completed_retirements":0,"current_payload_bytes":32768000,"device_loss_confirmed":false,"device_loss_retirements":0,"observed_allocations":1,"peak_payload_bytes":32768000,"retiring_payload_bytes":0,"unknown_payload_allocations":0},"queue_epoch":1}
[SystemTime { tv_sec: 1790343146, tv_nsec: 444376191 }] native surface attachment {"allocation":1,"allocations_created":1,"extent":[1280,800],"format":"Bgra8UnormSrgb","gpu_retirement_qualified":false,"host":1,"owner":8,"payload_bytes":32768000,"queue_epoch":1,"samples":8,"state":"current_renderer_reference","window":"WindowId(31457284)"}
[SystemTime { tv_sec: 1790343146, tv_nsec: 444432506 }] renderer render end 2ms
[SystemTime { tv_sec: 1790343146, tv_nsec: 444489878 }] frame present begin
[SystemTime { tv_sec: 1790343146, tv_nsec: 444743007 }] native_surface_lifecycle {"acquire_attempts":5,"acquired":5,"active":0,"configuration_generation":1,"configure_attempts":1,"configured_extent":[1280,800],"discarded":0,"frame_submission_receipts_issued":6,"frame_submissions":5,"gpu_completed_through_receipt":5,"host":1,"last_frame_submission_receipt":6,"last_present_receipt":6,"presented":5,"queue_epoch":1,"reason":"present","wgpu_submission":"Some(SubmissionIndex { index: 6 })","window":"WindowId(31457284)"}
[SystemTime { tv_sec: 1790343146, tv_nsec: 444960295 }] frame present end 0ms total=3ms
[SystemTime { tv_sec: 1790343146, tv_nsec: 445046765 }] native redraw ledger {"attempts":9,"counts":{"coalesced":1,"duplicate_tokens":0,"presentations":5,"received":9,"requested":9,"suppressed":6},"damage":10,"device_generation":1,"host_generation":1,"pending":false,"presented_damage":10,"ready":false,"reason":"presented","rendering":null,"window":"WindowId(31457284)"}
[SystemTime { tv_sec: 1790343146, tv_nsec: 445101671 }] redraw handler end
[SystemTime { tv_sec: 1790343146, tv_nsec: 445375033 }] native queue progress epoch=1 submitted=6 completed=5
[SystemTime { tv_sec: 1790343146, tv_nsec: 445455913 }] native attachment ledger {"attachments":{"allocations":[{"allocation":1,"host":1,"last_submission":6,"owner":8,"payload_bytes":32768000,"release_reason":null}],"completed_retirements":0,"current_payload_bytes":32768000,"device_loss_confirmed":false,"device_loss_retirements":0,"observed_allocations":1,"peak_payload_bytes":32768000,"retiring_payload_bytes":0,"unknown_payload_allocations":0},"queue_epoch":1}
[SystemTime { tv_sec: 1790343146, tv_nsec: 445589084 }] window event WindowId(31457302) ime Disabled
[SystemTime { tv_sec: 1790343146, tv_nsec: 445704394 }] window event WindowId(31457284) keyboard physical=Code(Enter) logical=Named(Enter) state=Released repeat=false text=Some("\r") synthetic=false
[SystemTime { tv_sec: 1790343146, tv_nsec: 446626674 }] window event WindowId(31457302) redraw requested
[SystemTime { tv_sec: 1790343146, tv_nsec: 446920210 }] native frame round hosts=[WindowId(31457302)]
[SystemTime { tv_sec: 1790343146, tv_nsec: 447044636 }] native_surface_lifecycle {"acquire_attempts":0,"acquired":0,"active":0,"configuration_generation":0,"configure_attempts":0,"configured_extent":null,"discarded":0,"frame_submission_receipts_issued":6,"frame_submissions":0,"gpu_completed_through_receipt":5,"host":2,"last_frame_submission_receipt":0,"last_present_receipt":0,"presented":0,"queue_epoch":1,"reason":"wait_queue","wgpu_submission":"None","window":"WindowId(31457302)"}
[SystemTime { tv_sec: 1790343146, tv_nsec: 447121281 }] native redraw ledger {"attempts":1,"counts":{"coalesced":1,"duplicate_tokens":0,"presentations":0,"received":1,"requested":1,"suppressed":0},"damage":3,"device_generation":1,"host_generation":2,"pending":false,"presented_damage":0,"ready":false,"reason":"not_presented","rendering":null,"window":"WindowId(31457302)"}
[SystemTime { tv_sec: 1790343146, tv_nsec: 451684147 }] window event WindowId(31457302) focused false
[SystemTime { tv_sec: 1790343146, tv_nsec: 452025841 }] window event WindowId(31457302) occluded false
[SystemTime { tv_sec: 1790343146, tv_nsec: 452326979 }] window event WindowId(31457302) redraw requested
[SystemTime { tv_sec: 1790343146, tv_nsec: 458201118 }] window event WindowId(31457284) modifiers changed ModifiersState(0x0)
[SystemTime { tv_sec: 1790343146, tv_nsec: 458869671 }] window event WindowId(31457284) focused false
[SystemTime { tv_sec: 1790343146, tv_nsec: 459528025 }] window event WindowId(31457302) focused true
[SystemTime { tv_sec: 1790343146, tv_nsec: 460331840 }] window event WindowId(31457302) modifiers changed ModifiersState(0x0)
[SystemTime { tv_sec: 1790343146, tv_nsec: 460429531 }] window event WindowId(31457302) cursor moved 467.00,170.00
[SystemTime { tv_sec: 1790343146, tv_nsec: 460499050 }] window event WindowId(31457302) occluded false
[SystemTime { tv_sec: 1790343146, tv_nsec: 461234942 }] window event WindowId(31457302) resized 960x720
[SystemTime { tv_sec: 1790343146, tv_nsec: 461332189 }] window event WindowId(31457302) redraw requested
[SystemTime { tv_sec: 1790343146, tv_nsec: 461404919 }] native frame round hosts=[WindowId(31457302)]
[SystemTime { tv_sec: 1790343146, tv_nsec: 461683520 }] surface configure begin
[SystemTime { tv_sec: 1790343146, tv_nsec: 497804120 }] surface configure end
[SystemTime { tv_sec: 1790343146, tv_nsec: 497832979 }] native queue configured host=2 configurations=2 submitted=6 completed=6
[SystemTime { tv_sec: 1790343146, tv_nsec: 499579417 }] native control_meshes window=WindowId(31457302) builds=13
[SystemTime { tv_sec: 1790343146, tv_nsec: 505052022 }] native_surface_lifecycle {"acquire_attempts":1,"acquired":1,"active":1,"configuration_generation":1,"configure_attempts":1,"configured_extent":[960,720],"discarded":0,"frame_submission_receipts_issued":7,"frame_submissions":1,"gpu_completed_through_receipt":6,"host":2,"last_frame_submission_receipt":7,"last_present_receipt":0,"presented":0,"queue_epoch":1,"reason":"submit","wgpu_submission":"Some(SubmissionIndex { index: 7 })","window":"WindowId(31457302)"}
[SystemTime { tv_sec: 1790343146, tv_nsec: 505117632 }] native upload frame window=WindowId(31457302) host=2 renderer=2 queue_epoch=1 surface_generation=1 acquisition=1 submission=7 receipt=Some(UploadFrame { consumers: {"GLOBAL"}, owner: 39, attempt: 1, rendered: Some(true), totals: UploadTotals { batches: 1, buffer_payload_bytes: 42328, texture_source_bytes: 8502, texture_padding_bytes: 381642, scatter_index_bytes: 0, staging_capacity_bytes: 432472, buffer_copy_bytes: 42328, buffer_copies: 3, texture_copies: 216, scatter_dispatches: 0 } })
[SystemTime { tv_sec: 1790343146, tv_nsec: 505151756 }] native font ownership window=WindowId(31457302) usage=Usage { allocation: Usage { allocator_installed: true, owner_id: 17, label: "renderer-fonts-and-shapes", payload_bytes: 828598, tracking_bytes: 85448, allocations: 10679, peak_payload_bytes: 828931, owner_metadata_bytes: 96 }, returned_shape_bytes: 95088, private_bytes: Some(818958), fixed_font_bytes: Some(772070), cache_reserved_bytes: 46888, last_call: Some(Report { call_id: 1653, owner_id: 17, allocator_installed: true, host_initial_bytes: 220357, host_final_bytes: 220381, process_initial_bytes: 521541, process_final_bytes: 521565, initial_bytes: 46888, final_bytes: 46888, peak_bytes: 46888, host_peak_bytes: 220381, process_peak_bytes: 521565, exceeded: false }) } measurement=Some(Usage { allocation: Usage { allocator_installed: true, owner_id: 19, label: "text-measurement", payload_bytes: 734742, tracking_bytes: 84216, allocations: 10525, peak_payload_bytes: 743255, owner_metadata_bytes: 96 }, returned_shape_bytes: 0, private_bytes: Some(818958), fixed_font_bytes: Some(772070), cache_reserved_bytes: 46888, last_call: Some(Report { call_id: 1178, owner_id: 19, allocator_installed: true, host_initial_bytes: 64488, host_final_bytes: 64488, process_initial_bytes: 365672, process_final_bytes: 365672, initial_bytes: 31336, final_bytes: 46888, peak_bytes: 55409, host_peak_bytes: 64488, process_peak_bytes: 365672, exceeded: false }) }) process_registry_bytes=RegistryUsage { registry_heap_bytes: 136, scope_owner_bytes: 1152, call_slots_static_bytes: 9752 }
[SystemTime { tv_sec: 1790343146, tv_nsec: 505192313 }] native attachment ledger {"attachments":{"allocations":[{"allocation":1,"host":1,"last_submission":6,"owner":8,"payload_bytes":32768000,"release_reason":null},{"allocation":1,"host":2,"last_submission":7,"owner":40,"payload_bytes":22118400,"release_reason":null}],"completed_retirements":0,"current_payload_bytes":54886400,"device_loss_confirmed":false,"device_loss_retirements":0,"observed_allocations":2,"peak_payload_bytes":54886400,"retiring_payload_bytes":0,"unknown_payload_allocations":0},"queue_epoch":1}
[SystemTime { tv_sec: 1790343146, tv_nsec: 505219364 }] native surface attachment {"allocation":1,"allocations_created":1,"extent":[960,720],"format":"Bgra8UnormSrgb","gpu_retirement_qualified":false,"host":2,"owner":40,"payload_bytes":22118400,"queue_epoch":1,"samples":8,"state":"current_renderer_reference","window":"WindowId(31457302)"}
[SystemTime { tv_sec: 1790343146, tv_nsec: 505297084 }] native_surface_lifecycle {"acquire_attempts":1,"acquired":1,"active":0,"configuration_generation":1,"configure_attempts":1,"configured_extent":[960,720],"discarded":0,"frame_submission_receipts_issued":7,"frame_submissions":1,"gpu_completed_through_receipt":6,"host":2,"last_frame_submission_receipt":7,"last_present_receipt":7,"presented":1,"queue_epoch":1,"reason":"present","wgpu_submission":"Some(SubmissionIndex { index: 7 })","window":"WindowId(31457302)"}
[SystemTime { tv_sec: 1790343146, tv_nsec: 505382127 }] native redraw ledger {"attempts":2,"counts":{"coalesced":1,"duplicate_tokens":0,"presentations":1,"received":3,"requested":1,"suppressed":1},"damage":3,"device_generation":1,"host_generation":2,"pending":false,"presented_damage":3,"ready":false,"reason":"presented","rendering":null,"window":"WindowId(31457302)"}
[SystemTime { tv_sec: 1790343146, tv_nsec: 505791378 }] native queue progress epoch=1 submitted=7 completed=6
[SystemTime { tv_sec: 1790343146, tv_nsec: 505845692 }] native attachment ledger {"attachments":{"allocations":[{"allocation":1,"host":1,"last_submission":6,"owner":8,"payload_bytes":32768000,"release_reason":null},{"allocation":1,"host":2,"last_submission":7,"owner":40,"payload_bytes":22118400,"release_reason":null}],"completed_retirements":0,"current_payload_bytes":54886400,"device_loss_confirmed":false,"device_loss_retirements":0,"observed_allocations":2,"peak_payload_bytes":54886400,"retiring_payload_bytes":0,"unknown_payload_allocations":0},"queue_epoch":1}
[SystemTime { tv_sec: 1790343146, tv_nsec: 521495592 }] native queue progress epoch=1 submitted=7 completed=7
[SystemTime { tv_sec: 1790343146, tv_nsec: 521545603 }] native attachment ledger {"attachments":{"allocations":[{"allocation":1,"host":1,"last_submission":6,"owner":8,"payload_bytes":32768000,"release_reason":null},{"allocation":1,"host":2,"last_submission":7,"owner":40,"payload_bytes":22118400,"release_reason":null}],"completed_retirements":0,"current_payload_bytes":54886400,"device_loss_confirmed":false,"device_loss_retirements":0,"observed_allocations":2,"peak_payload_bytes":54886400,"retiring_payload_bytes":0,"unknown_payload_allocations":0},"queue_epoch":1}
[SystemTime { tv_sec: 1790343146, tv_nsec: 643391705 }] window event WindowId(31457302) keyboard physical=Code(Escape) logical=Named(Escape) state=Pressed repeat=false text=Some("\u{1b}") synthetic=false
[SystemTime { tv_sec: 1790343146, tv_nsec: 643462540 }] window event WindowId(31457284) redraw requested
[SystemTime { tv_sec: 1790343146, tv_nsec: 643525516 }] window event WindowId(31457302) redraw requested
[SystemTime { tv_sec: 1790343146, tv_nsec: 643627622 }] native redraw ledger {"attempts":2,"counts":{"coalesced":1,"duplicate_tokens":0,"presentations":1,"received":4,"requested":2,"suppressed":1},"damage":4,"device_generation":1,"host_generation":2,"pending":true,"presented_damage":3,"ready":true,"reason":"closed","rendering":null,"window":"WindowId(31457302)"}
[SystemTime { tv_sec: 1790343146, tv_nsec: 649973095 }] native_surface_lifecycle {"acquire_attempts":1,"acquired":1,"active":0,"configuration_generation":1,"configure_attempts":1,"configured_extent":[960,720],"discarded":0,"frame_submission_receipts_issued":7,"frame_submissions":1,"gpu_completed_through_receipt":7,"host":2,"last_frame_submission_receipt":7,"last_present_receipt":7,"presented":1,"queue_epoch":1,"reason":"owner_drop","wgpu_submission":"Some(SubmissionIndex { index: 7 })","window":"WindowId(31457302)"}
[SystemTime { tv_sec: 1790343146, tv_nsec: 650023956 }] native attachment ledger {"attachments":{"allocations":[{"allocation":1,"host":1,"last_submission":6,"owner":8,"payload_bytes":32768000,"release_reason":null}],"completed_retirements":1,"current_payload_bytes":32768000,"device_loss_confirmed":false,"device_loss_retirements":0,"observed_allocations":2,"peak_payload_bytes":54886400,"retiring_payload_bytes":0,"unknown_payload_allocations":0},"queue_epoch":1}
[SystemTime { tv_sec: 1790343146, tv_nsec: 650393169 }] native frame round hosts=[WindowId(31457284)]
[SystemTime { tv_sec: 1790343146, tv_nsec: 650425966 }] redraw handler begin
[SystemTime { tv_sec: 1790343146, tv_nsec: 650481762 }] render scene prepare begin retained_cached=true
[SystemTime { tv_sec: 1790343146, tv_nsec: 650507686 }] prepared scene build begin
[SystemTime { tv_sec: 1790343146, tv_nsec: 650669358 }] native control_meshes window=WindowId(31457284) builds=1
[SystemTime { tv_sec: 1790343146, tv_nsec: 650687293 }] prepared scene build end 0ms
[SystemTime { tv_sec: 1790343146, tv_nsec: 650704540 }] renderer render begin
[SystemTime { tv_sec: 1790343146, tv_nsec: 651690520 }] native_surface_lifecycle {"acquire_attempts":6,"acquired":6,"active":1,"configuration_generation":1,"configure_attempts":1,"configured_extent":[1280,800],"discarded":0,"frame_submission_receipts_issued":8,"frame_submissions":6,"gpu_completed_through_receipt":7,"host":1,"last_frame_submission_receipt":8,"last_present_receipt":6,"presented":5,"queue_epoch":1,"reason":"submit","wgpu_submission":"Some(SubmissionIndex { index: 8 })","window":"WindowId(31457284)"}
[SystemTime { tv_sec: 1790343146, tv_nsec: 651767475 }] native upload frame window=WindowId(31457284) host=1 renderer=1 queue_epoch=1 surface_generation=1 acquisition=6 submission=8 receipt=Some(UploadFrame { consumers: {"MAIN", "BOARD", "LAYERS", "NAV", "INSPECTOR", "MENU", "TERMINAL"}, owner: 7, attempt: 7, rendered: Some(true), totals: UploadTotals { batches: 1, buffer_payload_bytes: 12676, texture_source_bytes: 0, texture_padding_bytes: 0, scatter_index_bytes: 12604, staging_capacity_bytes: 50488, buffer_copy_bytes: 25280, buffer_copies: 19, texture_copies: 0, scatter_dispatches: 1 } })
[SystemTime { tv_sec: 1790343146, tv_nsec: 651813955 }] native font ownership window=WindowId(31457284) usage=Usage { allocation: Usage { allocator_installed: true, owner_id: 3, label: "renderer-fonts-and-shapes", payload_bytes: 917550, tracking_bytes: 88464, allocations: 11056, peak_payload_bytes: 917661, owner_metadata_bytes: 96 }, returned_shape_bytes: 171240, private_bytes: Some(834774), fixed_font_bytes: Some(772070), cache_reserved_bytes: 62704, last_call: Some(Report { call_id: 1654, owner_id: 3, allocator_installed: true, host_initial_bytes: 337344, host_final_bytes: 337344, process_initial_bytes: 337344, process_final_bytes: 337344, initial_bytes: 62704, final_bytes: 63816, peak_bytes: 63959, host_peak_bytes: 337344, process_peak_bytes: 337344, exceeded: false }) } measurement=Some(Usage { allocation: Usage { allocator_installed: true, owner_id: 13, label: "text-measurement", payload_bytes: 734742, tracking_bytes: 84216, allocations: 10525, peak_payload_bytes: 748214, owner_metadata_bytes: 96 }, returned_shape_bytes: 0, private_bytes: Some(818958), fixed_font_bytes: Some(772070), cache_reserved_bytes: 46888, last_call: Some(Report { call_id: 1045, owner_id: 13, allocator_installed: true, host_initial_bytes: 312464, host_final_bytes: 312464, process_initial_bytes: 312464, process_final_bytes: 312464, initial_bytes: 46888, final_bytes: 46888, peak_bytes: 50880, host_peak_bytes: 312464, process_peak_bytes: 312464, exceeded: false }) }) process_registry_bytes=RegistryUsage { registry_heap_bytes: 136, scope_owner_bytes: 1152, call_slots_static_bytes: 9752 }
[SystemTime { tv_sec: 1790343146, tv_nsec: 651847796 }] native attachment ledger {"attachments":{"allocations":[{"allocation":1,"host":1,"last_submission":8,"owner":8,"payload_bytes":32768000,"release_reason":null}],"completed_retirements":1,"current_payload_bytes":32768000,"device_loss_confirmed":false,"device_loss_retirements":0,"observed_allocations":2,"peak_payload_bytes":54886400,"retiring_payload_bytes":0,"unknown_payload_allocations":0},"queue_epoch":1}
[SystemTime { tv_sec: 1790343146, tv_nsec: 651876312 }] native surface attachment {"allocation":1,"allocations_created":1,"extent":[1280,800],"format":"Bgra8UnormSrgb","gpu_retirement_qualified":false,"host":1,"owner":8,"payload_bytes":32768000,"queue_epoch":1,"samples":8,"state":"current_renderer_reference","window":"WindowId(31457284)"}
[SystemTime { tv_sec: 1790343146, tv_nsec: 651895528 }] renderer render end 1ms
[SystemTime { tv_sec: 1790343146, tv_nsec: 651914180 }] frame present begin
[SystemTime { tv_sec: 1790343146, tv_nsec: 652020082 }] native_surface_lifecycle {"acquire_attempts":6,"acquired":6,"active":0,"configuration_generation":1,"configure_attempts":1,"configured_extent":[1280,800],"discarded":0,"frame_submission_receipts_issued":8,"frame_submissions":6,"gpu_completed_through_receipt":7,"host":1,"last_frame_submission_receipt":8,"last_present_receipt":8,"presented":6,"queue_epoch":1,"reason":"present","wgpu_submission":"Some(SubmissionIndex { index: 8 })","window":"WindowId(31457284)"}
[SystemTime { tv_sec: 1790343146, tv_nsec: 652073231 }] frame present end 0ms total=1ms
[SystemTime { tv_sec: 1790343146, tv_nsec: 652114073 }] native redraw ledger {"attempts":10,"counts":{"coalesced":1,"duplicate_tokens":0,"presentations":6,"received":10,"requested":10,"suppressed":7},"damage":11,"device_generation":1,"host_generation":1,"pending":false,"presented_damage":11,"ready":false,"reason":"presented","rendering":null,"window":"WindowId(31457284)"}
[SystemTime { tv_sec: 1790343146, tv_nsec: 652149126 }] redraw handler end
[SystemTime { tv_sec: 1790343146, tv_nsec: 652701732 }] window event WindowId(31457284) focused true
[SystemTime { tv_sec: 1790343146, tv_nsec: 653242255 }] window event WindowId(31457284) modifiers changed ModifiersState(0x0)
[SystemTime { tv_sec: 1790343146, tv_nsec: 653291388 }] window event WindowId(31457284) cursor moved 148.00,16.00
[SystemTime { tv_sec: 1790343146, tv_nsec: 653619745 }] window event WindowId(31457284) modifiers changed ModifiersState(0x0)
[SystemTime { tv_sec: 1790343146, tv_nsec: 653921951 }] window event WindowId(31457284) focused false
[SystemTime { tv_sec: 1790343146, tv_nsec: 654242233 }] window event WindowId(31457284) focused true
[SystemTime { tv_sec: 1790343146, tv_nsec: 654577902 }] window event WindowId(31457284) modifiers changed ModifiersState(0x0)
[SystemTime { tv_sec: 1790343146, tv_nsec: 654611149 }] window event WindowId(31457284) cursor moved 148.00,16.00
[SystemTime { tv_sec: 1790343146, tv_nsec: 654873513 }] window event WindowId(31457284) keyboard physical=Code(Escape) logical=Named(Escape) state=Released repeat=false text=Some("\u{1b}") synthetic=false
[SystemTime { tv_sec: 1790343146, tv_nsec: 654908603 }] pan key physical=Code(Escape) logical=Named(Escape) state=Released repeat=false pointer_in_scene=false held=false consumed=false
[SystemTime { tv_sec: 1790343146, tv_nsec: 655222709 }] window event WindowId(31457302) destroyed
[SystemTime { tv_sec: 1790343146, tv_nsec: 664398533 }] window event WindowId(31457284) modifiers changed ModifiersState(0x0)
[SystemTime { tv_sec: 1790343146, tv_nsec: 664442029 }] window event WindowId(31457284) mouse input Left Pressed
[SystemTime { tv_sec: 1790343146, tv_nsec: 664481066 }] pan primary pressed cursor=Some((148.0, 16.0)) pointer_in_scene=false held=false active=false
[SystemTime { tv_sec: 1790343146, tv_nsec: 664519069 }] window event WindowId(31457284) modifiers changed ModifiersState(0x0)
[SystemTime { tv_sec: 1790343146, tv_nsec: 664549629 }] window event WindowId(31457284) modifiers changed ModifiersState(0x0)
[SystemTime { tv_sec: 1790343146, tv_nsec: 664575563 }] window event WindowId(31457284) mouse input Left Released
[SystemTime { tv_sec: 1790343146, tv_nsec: 664599966 }] pan primary released cursor=Some((148.0, 16.0)) suppress_click=false
[SystemTime { tv_sec: 1790343146, tv_nsec: 664715756 }] window event WindowId(31457284) modifiers changed ModifiersState(0x0)
[SystemTime { tv_sec: 1790343146, tv_nsec: 664748756 }] window event WindowId(31457284) redraw requested
[SystemTime { tv_sec: 1790343146, tv_nsec: 664778029 }] native frame round hosts=[WindowId(31457284)]
[SystemTime { tv_sec: 1790343146, tv_nsec: 664819505 }] redraw handler begin
[SystemTime { tv_sec: 1790343146, tv_nsec: 664883801 }] native_surface_lifecycle {"acquire_attempts":6,"acquired":6,"active":0,"configuration_generation":1,"configure_attempts":1,"configured_extent":[1280,800],"discarded":0,"frame_submission_receipts_issued":8,"frame_submissions":6,"gpu_completed_through_receipt":7,"host":1,"last_frame_submission_receipt":8,"last_present_receipt":8,"presented":6,"queue_epoch":1,"reason":"wait_queue","wgpu_submission":"Some(SubmissionIndex { index: 8 })","window":"WindowId(31457284)"}
[SystemTime { tv_sec: 1790343146, tv_nsec: 664926353 }] native redraw ledger {"attempts":11,"counts":{"coalesced":1,"duplicate_tokens":0,"presentations":6,"received":11,"requested":11,"suppressed":7},"damage":12,"device_generation":1,"host_generation":1,"pending":false,"presented_damage":11,"ready":false,"reason":"not_presented","rendering":null,"window":"WindowId(31457284)"}
[SystemTime { tv_sec: 1790343146, tv_nsec: 667610278 }] native queue progress epoch=1 submitted=8 completed=8
[SystemTime { tv_sec: 1790343146, tv_nsec: 667645488 }] native attachment ledger {"attachments":{"allocations":[{"allocation":1,"host":1,"last_submission":8,"owner":8,"payload_bytes":32768000,"release_reason":null}],"completed_retirements":1,"current_payload_bytes":32768000,"device_loss_confirmed":false,"device_loss_retirements":0,"observed_allocations":2,"peak_payload_bytes":54886400,"retiring_payload_bytes":0,"unknown_payload_allocations":0},"queue_epoch":1}
[SystemTime { tv_sec: 1790343146, tv_nsec: 668946208 }] window event WindowId(31457284) redraw requested
[SystemTime { tv_sec: 1790343146, tv_nsec: 668973543 }] native frame round hosts=[WindowId(31457284)]
[SystemTime { tv_sec: 1790343146, tv_nsec: 668992742 }] redraw handler begin
[SystemTime { tv_sec: 1790343146, tv_nsec: 669025622 }] render scene prepare begin retained_cached=true
[SystemTime { tv_sec: 1790343146, tv_nsec: 669044750 }] prepared scene build begin
[SystemTime { tv_sec: 1790343146, tv_nsec: 669226611 }] native control_meshes window=WindowId(31457284) builds=1
[SystemTime { tv_sec: 1790343146, tv_nsec: 669247724 }] prepared scene build end 0ms
[SystemTime { tv_sec: 1790343146, tv_nsec: 669269165 }] renderer render begin
[SystemTime { tv_sec: 1790343146, tv_nsec: 670955528 }] native_surface_lifecycle {"acquire_attempts":7,"acquired":7,"active":1,"configuration_generation":1,"configure_attempts":1,"configured_extent":[1280,800],"discarded":0,"frame_submission_receipts_issued":9,"frame_submissions":7,"gpu_completed_through_receipt":8,"host":1,"last_frame_submission_receipt":9,"last_present_receipt":8,"presented":6,"queue_epoch":1,"reason":"submit","wgpu_submission":"Some(SubmissionIndex { index: 9 })","window":"WindowId(31457284)"}
[SystemTime { tv_sec: 1790343146, tv_nsec: 671014186 }] native upload frame window=WindowId(31457284) host=1 renderer=1 queue_epoch=1 surface_generation=1 acquisition=7 submission=9 receipt=Some(UploadFrame { consumers: {"MAIN", "BOARD", "LAYERS", "NAV", "INSPECTOR", "MENU", "TERMINAL"}, owner: 7, attempt: 8, rendered: Some(true), totals: UploadTotals { batches: 1, buffer_payload_bytes: 19660, texture_source_bytes: 0, texture_padding_bytes: 0, scatter_index_bytes: 17740, staging_capacity_bytes: 72880, buffer_copy_bytes: 37400, buffer_copies: 3, texture_copies: 0, scatter_dispatches: 2 } })
[SystemTime { tv_sec: 1790343146, tv_nsec: 671037456 }] native font ownership window=WindowId(31457284) usage=Usage { allocation: Usage { allocator_installed: true, owner_id: 3, label: "renderer-fonts-and-shapes", payload_bytes: 917550, tracking_bytes: 88464, allocations: 11056, peak_payload_bytes: 917667, owner_metadata_bytes: 96 }, returned_shape_bytes: 171240, private_bytes: Some(834774), fixed_font_bytes: Some(772070), cache_reserved_bytes: 62704, last_call: Some(Report { call_id: 1655, owner_id: 3, allocator_installed: true, host_initial_bytes: 342664, host_final_bytes: 342664, process_initial_bytes: 342664, process_final_bytes: 342664, initial_bytes: 62704, final_bytes: 63880, peak_bytes: 64029, host_peak_bytes: 342664, process_peak_bytes: 342664, exceeded: false }) } measurement=Some(Usage { allocation: Usage { allocator_installed: true, owner_id: 13, label: "text-measurement", payload_bytes: 734742, tracking_bytes: 84216, allocations: 10525, peak_payload_bytes: 748214, owner_metadata_bytes: 96 }, returned_shape_bytes: 0, private_bytes: Some(818958), fixed_font_bytes: Some(772070), cache_reserved_bytes: 46888, last_call: Some(Report { call_id: 1045, owner_id: 13, allocator_installed: true, host_initial_bytes: 312464, host_final_bytes: 312464, process_initial_bytes: 312464, process_final_bytes: 312464, initial_bytes: 46888, final_bytes: 46888, peak_bytes: 50880, host_peak_bytes: 312464, process_peak_bytes: 312464, exceeded: false }) }) process_registry_bytes=RegistryUsage { registry_heap_bytes: 136, scope_owner_bytes: 1152, call_slots_static_bytes: 9752 }
[SystemTime { tv_sec: 1790343146, tv_nsec: 671062010 }] native attachment ledger {"attachments":{"allocations":[{"allocation":1,"host":1,"last_submission":9,"owner":8,"payload_bytes":32768000,"release_reason":null}],"completed_retirements":1,"current_payload_bytes":32768000,"device_loss_confirmed":false,"device_loss_retirements":0,"observed_allocations":2,"peak_payload_bytes":54886400,"retiring_payload_bytes":0,"unknown_payload_allocations":0},"queue_epoch":1}
[SystemTime { tv_sec: 1790343146, tv_nsec: 671082989 }] native surface attachment {"allocation":1,"allocations_created":1,"extent":[1280,800],"format":"Bgra8UnormSrgb","gpu_retirement_qualified":false,"host":1,"owner":8,"payload_bytes":32768000,"queue_epoch":1,"samples":8,"state":"current_renderer_reference","window":"WindowId(31457284)"}
[SystemTime { tv_sec: 1790343146, tv_nsec: 671099368 }] renderer render end 1ms
[SystemTime { tv_sec: 1790343146, tv_nsec: 671115093 }] frame present begin
[SystemTime { tv_sec: 1790343146, tv_nsec: 671166279 }] native_surface_lifecycle {"acquire_attempts":7,"acquired":7,"active":0,"configuration_generation":1,"configure_attempts":1,"configured_extent":[1280,800],"discarded":0,"frame_submission_receipts_issued":9,"frame_submissions":7,"gpu_completed_through_receipt":8,"host":1,"last_frame_submission_receipt":9,"last_present_receipt":9,"presented":7,"queue_epoch":1,"reason":"present","wgpu_submission":"Some(SubmissionIndex { index: 9 })","window":"WindowId(31457284)"}
[SystemTime { tv_sec: 1790343146, tv_nsec: 671193652 }] frame present end 0ms total=2ms
[SystemTime { tv_sec: 1790343146, tv_nsec: 671216575 }] native redraw ledger {"attempts":12,"counts":{"coalesced":1,"duplicate_tokens":0,"presentations":7,"received":12,"requested":12,"suppressed":8},"damage":12,"device_generation":1,"host_generation":1,"pending":false,"presented_damage":12,"ready":false,"reason":"presented","rendering":null,"window":"WindowId(31457284)"}
[SystemTime { tv_sec: 1790343146, tv_nsec: 671232000 }] redraw handler end
[SystemTime { tv_sec: 1790343146, tv_nsec: 698781140 }] native queue progress epoch=1 submitted=9 completed=9
[SystemTime { tv_sec: 1790343146, tv_nsec: 698894617 }] native attachment ledger {"attachments":{"allocations":[{"allocation":1,"host":1,"last_submission":9,"owner":8,"payload_bytes":32768000,"release_reason":null}],"completed_retirements":1,"current_payload_bytes":32768000,"device_loss_confirmed":false,"device_loss_retirements":0,"observed_allocations":2,"peak_payload_bytes":54886400,"retiring_payload_bytes":0,"unknown_payload_allocations":0},"queue_epoch":1}
[SystemTime { tv_sec: 1790343146, tv_nsec: 773385174 }] window event WindowId(31457284) keyboard physical=Code(ArrowUp) logical=Named(ArrowUp) state=Pressed repeat=false text=None synthetic=false
[SystemTime { tv_sec: 1790343146, tv_nsec: 773639408 }] window event WindowId(31457284) redraw requested
[SystemTime { tv_sec: 1790343146, tv_nsec: 773720438 }] native frame round hosts=[WindowId(31457284)]
[SystemTime { tv_sec: 1790343146, tv_nsec: 773790710 }] redraw handler begin
[SystemTime { tv_sec: 1790343146, tv_nsec: 773893370 }] render scene prepare begin retained_cached=true
[SystemTime { tv_sec: 1790343146, tv_nsec: 773942925 }] prepared scene build begin
[SystemTime { tv_sec: 1790343146, tv_nsec: 774335267 }] native control_meshes window=WindowId(31457284) builds=1
[SystemTime { tv_sec: 1790343146, tv_nsec: 774393058 }] prepared scene build end 0ms
[SystemTime { tv_sec: 1790343146, tv_nsec: 774448567 }] renderer render begin
[SystemTime { tv_sec: 1790343146, tv_nsec: 776461158 }] native_surface_lifecycle {"acquire_attempts":8,"acquired":8,"active":1,"configuration_generation":1,"configure_attempts":1,"configured_extent":[1280,800],"discarded":0,"frame_submission_receipts_issued":10,"frame_submissions":8,"gpu_completed_through_receipt":9,"host":1,"last_frame_submission_receipt":10,"last_present_receipt":9,"presented":7,"queue_epoch":1,"reason":"submit","wgpu_submission":"Some(SubmissionIndex { index: 10 })","window":"WindowId(31457284)"}
[SystemTime { tv_sec: 1790343146, tv_nsec: 776590322 }] native upload frame window=WindowId(31457284) host=1 renderer=1 queue_epoch=1 surface_generation=1 acquisition=8 submission=10 receipt=Some(UploadFrame { consumers: {"MAIN", "BOARD", "LAYERS", "NAV", "INSPECTOR", "MENU", "TERMINAL"}, owner: 7, attempt: 9, rendered: Some(true), totals: UploadTotals { batches: 1, buffer_payload_bytes: 984, texture_source_bytes: 0, texture_padding_bytes: 0, scatter_index_bytes: 0, staging_capacity_bytes: 984, buffer_copy_bytes: 984, buffer_copies: 57, texture_copies: 0, scatter_dispatches: 0 } })
[SystemTime { tv_sec: 1790343146, tv_nsec: 776661522 }] native font ownership window=WindowId(31457284) usage=Usage { allocation: Usage { allocator_installed: true, owner_id: 3, label: "renderer-fonts-and-shapes", payload_bytes: 916462, tracking_bytes: 88440, allocations: 11053, peak_payload_bytes: 917667, owner_metadata_bytes: 96 }, returned_shape_bytes: 170128, private_bytes: Some(834774), fixed_font_bytes: Some(772070), cache_reserved_bytes: 62704, last_call: Some(Report { call_id: 1655, owner_id: 3, allocator_installed: true, host_initial_bytes: 342664, host_final_bytes: 342664, process_initial_bytes: 342664, process_final_bytes: 342664, initial_bytes: 62704, final_bytes: 63880, peak_bytes: 64029, host_peak_bytes: 342664, process_peak_bytes: 342664, exceeded: false }) } measurement=Some(Usage { allocation: Usage { allocator_installed: true, owner_id: 13, label: "text-measurement", payload_bytes: 734742, tracking_bytes: 84216, allocations: 10525, peak_payload_bytes: 748214, owner_metadata_bytes: 96 }, returned_shape_bytes: 0, private_bytes: Some(818958), fixed_font_bytes: Some(772070), cache_reserved_bytes: 46888, last_call: Some(Report { call_id: 1045, owner_id: 13, allocator_installed: true, host_initial_bytes: 312464, host_final_bytes: 312464, process_initial_bytes: 312464, process_final_bytes: 312464, initial_bytes: 46888, final_bytes: 46888, peak_bytes: 50880, host_peak_bytes: 312464, process_peak_bytes: 312464, exceeded: false }) }) process_registry_bytes=RegistryUsage { registry_heap_bytes: 136, scope_owner_bytes: 1152, call_slots_static_bytes: 9752 }
[SystemTime { tv_sec: 1790343146, tv_nsec: 776751339 }] native attachment ledger {"attachments":{"allocations":[{"allocation":1,"host":1,"last_submission":10,"owner":8,"payload_bytes":32768000,"release_reason":null}],"completed_retirements":1,"current_payload_bytes":32768000,"device_loss_confirmed":false,"device_loss_retirements":0,"observed_allocations":2,"peak_payload_bytes":54886400,"retiring_payload_bytes":0,"unknown_payload_allocations":0},"queue_epoch":1}
[SystemTime { tv_sec: 1790343146, tv_nsec: 776872218 }] native surface attachment {"allocation":1,"allocations_created":1,"extent":[1280,800],"format":"Bgra8UnormSrgb","gpu_retirement_qualified":false,"host":1,"owner":8,"payload_bytes":32768000,"queue_epoch":1,"samples":8,"state":"current_renderer_reference","window":"WindowId(31457284)"}
[SystemTime { tv_sec: 1790343146, tv_nsec: 776925297 }] renderer render end 2ms
[SystemTime { tv_sec: 1790343146, tv_nsec: 776973590 }] frame present begin
[SystemTime { tv_sec: 1790343146, tv_nsec: 777135446 }] native_surface_lifecycle {"acquire_attempts":8,"acquired":8,"active":0,"configuration_generation":1,"configure_attempts":1,"configured_extent":[1280,800],"discarded":0,"frame_submission_receipts_issued":10,"frame_submissions":8,"gpu_completed_through_receipt":9,"host":1,"last_frame_submission_receipt":10,"last_present_receipt":10,"presented":8,"queue_epoch":1,"reason":"present","wgpu_submission":"Some(SubmissionIndex { index: 10 })","window":"WindowId(31457284)"}
[SystemTime { tv_sec: 1790343146, tv_nsec: 777229083 }] frame present end 0ms total=3ms
[SystemTime { tv_sec: 1790343146, tv_nsec: 777321853 }] native redraw ledger {"attempts":13,"counts":{"coalesced":1,"duplicate_tokens":0,"presentations":8,"received":13,"requested":13,"suppressed":9},"damage":13,"device_generation":1,"host_generation":1,"pending":false,"presented_damage":13,"ready":false,"reason":"presented","rendering":null,"window":"WindowId(31457284)"}
[SystemTime { tv_sec: 1790343146, tv_nsec: 777370660 }] redraw handler end
[SystemTime { tv_sec: 1790343146, tv_nsec: 786004708 }] window event WindowId(31457284) keyboard physical=Code(ArrowUp) logical=Named(ArrowUp) state=Released repeat=false text=None synthetic=false
[SystemTime { tv_sec: 1790343146, tv_nsec: 786095595 }] window event WindowId(31457284) redraw requested
[SystemTime { tv_sec: 1790343146, tv_nsec: 786152732 }] native frame round hosts=[WindowId(31457284)]
[SystemTime { tv_sec: 1790343146, tv_nsec: 786201670 }] redraw handler begin
[SystemTime { tv_sec: 1790343146, tv_nsec: 786321188 }] native_surface_lifecycle {"acquire_attempts":8,"acquired":8,"active":0,"configuration_generation":1,"configure_attempts":1,"configured_extent":[1280,800],"discarded":0,"frame_submission_receipts_issued":10,"frame_submissions":8,"gpu_completed_through_receipt":9,"host":1,"last_frame_submission_receipt":10,"last_present_receipt":10,"presented":8,"queue_epoch":1,"reason":"wait_queue","wgpu_submission":"Some(SubmissionIndex { index: 10 })","window":"WindowId(31457284)"}
[SystemTime { tv_sec: 1790343146, tv_nsec: 786412650 }] native redraw ledger {"attempts":14,"counts":{"coalesced":1,"duplicate_tokens":0,"presentations":8,"received":14,"requested":14,"suppressed":9},"damage":14,"device_generation":1,"host_generation":1,"pending":false,"presented_damage":13,"ready":false,"reason":"not_presented","rendering":null,"window":"WindowId(31457284)"}
[SystemTime { tv_sec: 1790343146, tv_nsec: 795158142 }] window event WindowId(31457284) keyboard physical=Code(ArrowRight) logical=Named(ArrowRight) state=Pressed repeat=false text=None synthetic=false
[SystemTime { tv_sec: 1790343146, tv_nsec: 799337917 }] native queue progress epoch=1 submitted=10 completed=10
[SystemTime { tv_sec: 1790343146, tv_nsec: 799434495 }] native attachment ledger {"attachments":{"allocations":[{"allocation":1,"host":1,"last_submission":10,"owner":8,"payload_bytes":32768000,"release_reason":null}],"completed_retirements":1,"current_payload_bytes":32768000,"device_loss_confirmed":false,"device_loss_retirements":0,"observed_allocations":2,"peak_payload_bytes":54886400,"retiring_payload_bytes":0,"unknown_payload_allocations":0},"queue_epoch":1}
[SystemTime { tv_sec: 1790343146, tv_nsec: 799533472 }] window event WindowId(31457284) redraw requested
[SystemTime { tv_sec: 1790343146, tv_nsec: 799588931 }] native frame round hosts=[WindowId(31457284)]
[SystemTime { tv_sec: 1790343146, tv_nsec: 799636691 }] redraw handler begin
[SystemTime { tv_sec: 1790343146, tv_nsec: 799698462 }] render scene prepare begin retained_cached=true
[SystemTime { tv_sec: 1790343146, tv_nsec: 799746031 }] prepared scene build begin
[SystemTime { tv_sec: 1790343146, tv_nsec: 800215688 }] native control_meshes window=WindowId(31457284) builds=1
[SystemTime { tv_sec: 1790343146, tv_nsec: 800271266 }] prepared scene build end 0ms
[SystemTime { tv_sec: 1790343146, tv_nsec: 800323346 }] renderer render begin
[SystemTime { tv_sec: 1790343146, tv_nsec: 802513027 }] native_surface_lifecycle {"acquire_attempts":9,"acquired":9,"active":1,"configuration_generation":1,"configure_attempts":1,"configured_extent":[1280,800],"discarded":0,"frame_submission_receipts_issued":11,"frame_submissions":9,"gpu_completed_through_receipt":10,"host":1,"last_frame_submission_receipt":11,"last_present_receipt":10,"presented":8,"queue_epoch":1,"reason":"submit","wgpu_submission":"Some(SubmissionIndex { index: 11 })","window":"WindowId(31457284)"}
[SystemTime { tv_sec: 1790343146, tv_nsec: 802649794 }] native upload frame window=WindowId(31457284) host=1 renderer=1 queue_epoch=1 surface_generation=1 acquisition=9 submission=11 receipt=Some(UploadFrame { consumers: {"MAIN", "BOARD", "LAYERS", "NAV", "INSPECTOR", "MENU", "TERMINAL"}, owner: 7, attempt: 10, rendered: Some(true), totals: UploadTotals { batches: 1, buffer_payload_bytes: 7800, texture_source_bytes: 387, texture_padding_bytes: 19325, scatter_index_bytes: 0, staging_capacity_bytes: 27512, buffer_copy_bytes: 7800, buffer_copies: 2, texture_copies: 10, scatter_dispatches: 0 } })
[SystemTime { tv_sec: 1790343146, tv_nsec: 802720428 }] native font ownership window=WindowId(31457284) usage=Usage { allocation: Usage { allocator_installed: true, owner_id: 3, label: "renderer-fonts-and-shapes", payload_bytes: 924302, tracking_bytes: 88520, allocations: 11063, peak_payload_bytes: 924464, owner_metadata_bytes: 96 }, returned_shape_bytes: 178048, private_bytes: Some(834774), fixed_font_bytes: Some(772070), cache_reserved_bytes: 62704, last_call: Some(Report { call_id: 1679, owner_id: 3, allocator_installed: true, host_initial_bytes: 358105, host_final_bytes: 358131, process_initial_bytes: 358105, process_final_bytes: 358131, initial_bytes: 62704, final_bytes: 62704, peak_bytes: 62704, host_peak_bytes: 358131, process_peak_bytes: 358131, exceeded: false }) } measurement=Some(Usage { allocation: Usage { allocator_installed: true, owner_id: 13, label: "text-measurement", payload_bytes: 734742, tracking_bytes: 84216, allocations: 10525, peak_payload_bytes: 748214, owner_metadata_bytes: 96 }, returned_shape_bytes: 0, private_bytes: Some(818958), fixed_font_bytes: Some(772070), cache_reserved_bytes: 46888, last_call: Some(Report { call_id: 1657, owner_id: 13, allocator_installed: true, host_initial_bytes: 387312, host_final_bytes: 387312, process_initial_bytes: 387312, process_final_bytes: 387312, initial_bytes: 46888, final_bytes: 46888, peak_bytes: 54192, host_peak_bytes: 387312, process_peak_bytes: 387312, exceeded: false }) }) process_registry_bytes=RegistryUsage { registry_heap_bytes: 136, scope_owner_bytes: 1152, call_slots_static_bytes: 9752 }
[SystemTime { tv_sec: 1790343146, tv_nsec: 802808497 }] native attachment ledger {"attachments":{"allocations":[{"allocation":1,"host":1,"last_submission":11,"owner":8,"payload_bytes":32768000,"release_reason":null}],"completed_retirements":1,"current_payload_bytes":32768000,"device_loss_confirmed":false,"device_loss_retirements":0,"observed_allocations":2,"peak_payload_bytes":54886400,"retiring_payload_bytes":0,"unknown_payload_allocations":0},"queue_epoch":1}
[SystemTime { tv_sec: 1790343146, tv_nsec: 802872179 }] native surface attachment {"allocation":1,"allocations_created":1,"extent":[1280,800],"format":"Bgra8UnormSrgb","gpu_retirement_qualified":false,"host":1,"owner":8,"payload_bytes":32768000,"queue_epoch":1,"samples":8,"state":"current_renderer_reference","window":"WindowId(31457284)"}
[SystemTime { tv_sec: 1790343146, tv_nsec: 802920990 }] renderer render end 2ms
[SystemTime { tv_sec: 1790343146, tv_nsec: 802968695 }] frame present begin
[SystemTime { tv_sec: 1790343146, tv_nsec: 803108914 }] native_surface_lifecycle {"acquire_attempts":9,"acquired":9,"active":0,"configuration_generation":1,"configure_attempts":1,"configured_extent":[1280,800],"discarded":0,"frame_submission_receipts_issued":11,"frame_submissions":9,"gpu_completed_through_receipt":10,"host":1,"last_frame_submission_receipt":11,"last_present_receipt":11,"presented":9,"queue_epoch":1,"reason":"present","wgpu_submission":"Some(SubmissionIndex { index: 11 })","window":"WindowId(31457284)"}
[SystemTime { tv_sec: 1790343146, tv_nsec: 803174914 }] frame present end 0ms total=3ms
[SystemTime { tv_sec: 1790343146, tv_nsec: 803243200 }] native redraw ledger {"attempts":15,"counts":{"coalesced":1,"duplicate_tokens":0,"presentations":9,"received":15,"requested":15,"suppressed":11},"damage":15,"device_generation":1,"host_generation":1,"pending":false,"presented_damage":15,"ready":false,"reason":"presented","rendering":null,"window":"WindowId(31457284)"}
[SystemTime { tv_sec: 1790343146, tv_nsec: 803290914 }] redraw handler end
[SystemTime { tv_sec: 1790343146, tv_nsec: 807590772 }] window event WindowId(31457284) keyboard physical=Code(ArrowRight) logical=Named(ArrowRight) state=Released repeat=false text=None synthetic=false
[SystemTime { tv_sec: 1790343146, tv_nsec: 807676216 }] window event WindowId(31457284) redraw requested
[SystemTime { tv_sec: 1790343146, tv_nsec: 807731505 }] native frame round hosts=[WindowId(31457284)]
[SystemTime { tv_sec: 1790343146, tv_nsec: 807779386 }] redraw handler begin
[SystemTime { tv_sec: 1790343146, tv_nsec: 807886110 }] native_surface_lifecycle {"acquire_attempts":9,"acquired":9,"active":0,"configuration_generation":1,"configure_attempts":1,"configured_extent":[1280,800],"discarded":0,"frame_submission_receipts_issued":11,"frame_submissions":9,"gpu_completed_through_receipt":10,"host":1,"last_frame_submission_receipt":11,"last_present_receipt":11,"presented":9,"queue_epoch":1,"reason":"wait_queue","wgpu_submission":"Some(SubmissionIndex { index: 11 })","window":"WindowId(31457284)"}
[SystemTime { tv_sec: 1790343146, tv_nsec: 807956046 }] native redraw ledger {"attempts":16,"counts":{"coalesced":1,"duplicate_tokens":0,"presentations":9,"received":16,"requested":16,"suppressed":11},"damage":16,"device_generation":1,"host_generation":1,"pending":false,"presented_damage":15,"ready":false,"reason":"not_presented","rendering":null,"window":"WindowId(31457284)"}
[SystemTime { tv_sec: 1790343146, tv_nsec: 816589541 }] native queue progress epoch=1 submitted=11 completed=11
[SystemTime { tv_sec: 1790343146, tv_nsec: 816950603 }] native attachment ledger {"attachments":{"allocations":[{"allocation":1,"host":1,"last_submission":11,"owner":8,"payload_bytes":32768000,"release_reason":null}],"completed_retirements":1,"current_payload_bytes":32768000,"device_loss_confirmed":false,"device_loss_retirements":0,"observed_allocations":2,"peak_payload_bytes":54886400,"retiring_payload_bytes":0,"unknown_payload_allocations":0},"queue_epoch":1}
[SystemTime { tv_sec: 1790343146, tv_nsec: 817143360 }] window event WindowId(31457284) keyboard physical=Code(Enter) logical=Named(Enter) state=Pressed repeat=false text=Some("\r") synthetic=false
[SystemTime { tv_sec: 1790343146, tv_nsec: 817415354 }] window event WindowId(31457284) redraw requested
[SystemTime { tv_sec: 1790343146, tv_nsec: 824778114 }] surface identity window=WindowId(31457320) window_backend=x11 gpu_backend=Vulkan adapter="Intel(R) HD Graphics P630 (KBL GT2)" device_type=IntegratedGpu driver="Intel open-source Mesa driver" driver_info="Mesa 25.0.7-2+deb13u1"
[SystemTime { tv_sec: 1790343146, tv_nsec: 838646279 }] native frame round hosts=[WindowId(31457284)]
[SystemTime { tv_sec: 1790343146, tv_nsec: 838710747 }] redraw handler begin
[SystemTime { tv_sec: 1790343146, tv_nsec: 838788407 }] render scene prepare begin retained_cached=true
[SystemTime { tv_sec: 1790343146, tv_nsec: 838836766 }] prepared scene build begin
[SystemTime { tv_sec: 1790343146, tv_nsec: 839145135 }] native control_meshes window=WindowId(31457284) builds=1
[SystemTime { tv_sec: 1790343146, tv_nsec: 839199014 }] prepared scene build end 0ms
[SystemTime { tv_sec: 1790343146, tv_nsec: 839250873 }] renderer render begin
[SystemTime { tv_sec: 1790343146, tv_nsec: 841117348 }] native_surface_lifecycle {"acquire_attempts":10,"acquired":10,"active":1,"configuration_generation":1,"configure_attempts":1,"configured_extent":[1280,800],"discarded":0,"frame_submission_receipts_issued":12,"frame_submissions":10,"gpu_completed_through_receipt":11,"host":1,"last_frame_submission_receipt":12,"last_present_receipt":11,"presented":9,"queue_epoch":1,"reason":"submit","wgpu_submission":"Some(SubmissionIndex { index: 12 })","window":"WindowId(31457284)"}
[SystemTime { tv_sec: 1790343146, tv_nsec: 841200027 }] native upload frame window=WindowId(31457284) host=1 renderer=1 queue_epoch=1 surface_generation=1 acquisition=10 submission=12 receipt=Some(UploadFrame { consumers: {"MAIN", "BOARD", "LAYERS", "NAV", "INSPECTOR", "MENU", "TERMINAL"}, owner: 7, attempt: 11, rendered: Some(true), totals: UploadTotals { batches: 1, buffer_payload_bytes: 4384, texture_source_bytes: 0, texture_padding_bytes: 0, scatter_index_bytes: 4368, staging_capacity_bytes: 17488, buffer_copy_bytes: 8752, buffer_copies: 5, texture_copies: 0, scatter_dispatches: 1 } })
[SystemTime { tv_sec: 1790343146, tv_nsec: 841266986 }] native font ownership window=WindowId(31457284) usage=Usage { allocation: Usage { allocator_installed: true, owner_id: 3, label: "renderer-fonts-and-shapes", payload_bytes: 924302, tracking_bytes: 88520, allocations: 11063, peak_payload_bytes: 924464, owner_metadata_bytes: 96 }, returned_shape_bytes: 178048, private_bytes: Some(834774), fixed_font_bytes: Some(772070), cache_reserved_bytes: 62704, last_call: Some(Report { call_id: 1679, owner_id: 3, allocator_installed: true, host_initial_bytes: 358105, host_final_bytes: 358131, process_initial_bytes: 358105, process_final_bytes: 358131, initial_bytes: 62704, final_bytes: 62704, peak_bytes: 62704, host_peak_bytes: 358131, process_peak_bytes: 358131, exceeded: false }) } measurement=Some(Usage { allocation: Usage { allocator_installed: true, owner_id: 13, label: "text-measurement", payload_bytes: 734742, tracking_bytes: 84216, allocations: 10525, peak_payload_bytes: 748214, owner_metadata_bytes: 96 }, returned_shape_bytes: 0, private_bytes: Some(818958), fixed_font_bytes: Some(772070), cache_reserved_bytes: 46888, last_call: Some(Report { call_id: 1657, owner_id: 13, allocator_installed: true, host_initial_bytes: 387312, host_final_bytes: 387312, process_initial_bytes: 387312, process_final_bytes: 387312, initial_bytes: 46888, final_bytes: 46888, peak_bytes: 54192, host_peak_bytes: 387312, process_peak_bytes: 387312, exceeded: false }) }) process_registry_bytes=RegistryUsage { registry_heap_bytes: 136, scope_owner_bytes: 1152, call_slots_static_bytes: 9752 }
[SystemTime { tv_sec: 1790343146, tv_nsec: 841347278 }] native attachment ledger {"attachments":{"allocations":[{"allocation":1,"host":1,"last_submission":12,"owner":8,"payload_bytes":32768000,"release_reason":null}],"completed_retirements":1,"current_payload_bytes":32768000,"device_loss_confirmed":false,"device_loss_retirements":0,"observed_allocations":2,"peak_payload_bytes":54886400,"retiring_payload_bytes":0,"unknown_payload_allocations":0},"queue_epoch":1}
[SystemTime { tv_sec: 1790343146, tv_nsec: 841411636 }] native surface attachment {"allocation":1,"allocations_created":1,"extent":[1280,800],"format":"Bgra8UnormSrgb","gpu_retirement_qualified":false,"host":1,"owner":8,"payload_bytes":32768000,"queue_epoch":1,"samples":8,"state":"current_renderer_reference","window":"WindowId(31457284)"}
[SystemTime { tv_sec: 1790343146, tv_nsec: 841462411 }] renderer render end 2ms
[SystemTime { tv_sec: 1790343146, tv_nsec: 841512293 }] frame present begin
[SystemTime { tv_sec: 1790343146, tv_nsec: 841688350 }] native_surface_lifecycle {"acquire_attempts":10,"acquired":10,"active":0,"configuration_generation":1,"configure_attempts":1,"configured_extent":[1280,800],"discarded":0,"frame_submission_receipts_issued":12,"frame_submissions":10,"gpu_completed_through_receipt":11,"host":1,"last_frame_submission_receipt":12,"last_present_receipt":12,"presented":10,"queue_epoch":1,"reason":"present","wgpu_submission":"Some(SubmissionIndex { index: 12 })","window":"WindowId(31457284)"}
[SystemTime { tv_sec: 1790343146, tv_nsec: 841780283 }] frame present end 0ms total=3ms
[SystemTime { tv_sec: 1790343146, tv_nsec: 841896161 }] native redraw ledger {"attempts":17,"counts":{"coalesced":2,"duplicate_tokens":0,"presentations":10,"received":17,"requested":17,"suppressed":12},"damage":17,"device_generation":1,"host_generation":1,"pending":false,"presented_damage":17,"ready":false,"reason":"presented","rendering":null,"window":"WindowId(31457284)"}
[SystemTime { tv_sec: 1790343146, tv_nsec: 841949809 }] redraw handler end
[SystemTime { tv_sec: 1790343146, tv_nsec: 842285614 }] window event WindowId(31457320) ime Disabled
[SystemTime { tv_sec: 1790343146, tv_nsec: 842381714 }] window event WindowId(31457284) keyboard physical=Code(Enter) logical=Named(Enter) state=Released repeat=false text=Some("\r") synthetic=false
[SystemTime { tv_sec: 1790343146, tv_nsec: 843213873 }] window event WindowId(31457320) redraw requested
[SystemTime { tv_sec: 1790343146, tv_nsec: 843468286 }] native frame round hosts=[WindowId(31457320)]
[SystemTime { tv_sec: 1790343146, tv_nsec: 843596021 }] native_surface_lifecycle {"acquire_attempts":0,"acquired":0,"active":0,"configuration_generation":0,"configure_attempts":0,"configured_extent":null,"discarded":0,"frame_submission_receipts_issued":12,"frame_submissions":0,"gpu_completed_through_receipt":11,"host":3,"last_frame_submission_receipt":0,"last_present_receipt":0,"presented":0,"queue_epoch":1,"reason":"wait_queue","wgpu_submission":"None","window":"WindowId(31457320)"}
[SystemTime { tv_sec: 1790343146, tv_nsec: 843683497 }] native redraw ledger {"attempts":1,"counts":{"coalesced":1,"duplicate_tokens":0,"presentations":0,"received":1,"requested":1,"suppressed":0},"damage":3,"device_generation":1,"host_generation":3,"pending":false,"presented_damage":0,"ready":false,"reason":"not_presented","rendering":null,"window":"WindowId(31457320)"}
[SystemTime { tv_sec: 1790343146, tv_nsec: 846993416 }] native queue progress epoch=1 submitted=12 completed=12
[SystemTime { tv_sec: 1790343146, tv_nsec: 847084805 }] native attachment ledger {"attachments":{"allocations":[{"allocation":1,"host":1,"last_submission":12,"owner":8,"payload_bytes":32768000,"release_reason":null}],"completed_retirements":1,"current_payload_bytes":32768000,"device_loss_confirmed":false,"device_loss_retirements":0,"observed_allocations":2,"peak_payload_bytes":54886400,"retiring_payload_bytes":0,"unknown_payload_allocations":0},"queue_epoch":1}
[SystemTime { tv_sec: 1790343146, tv_nsec: 848121180 }] window event WindowId(31457320) redraw requested
[SystemTime { tv_sec: 1790343146, tv_nsec: 848460205 }] native frame round hosts=[WindowId(31457320)]
[SystemTime { tv_sec: 1790343146, tv_nsec: 848534764 }] surface configure begin
[SystemTime { tv_sec: 1790343146, tv_nsec: 857552063 }] surface configure end
[SystemTime { tv_sec: 1790343146, tv_nsec: 857609443 }] native queue configured host=3 configurations=3 submitted=12 completed=12
[SystemTime { tv_sec: 1790343146, tv_nsec: 857776301 }] native control_meshes window=WindowId(31457320) builds=13
[SystemTime { tv_sec: 1790343146, tv_nsec: 870595852 }] native_surface_lifecycle {"acquire_attempts":1,"acquired":1,"active":1,"configuration_generation":1,"configure_attempts":1,"configured_extent":[960,720],"discarded":0,"frame_submission_receipts_issued":13,"frame_submissions":1,"gpu_completed_through_receipt":12,"host":3,"last_frame_submission_receipt":13,"last_present_receipt":0,"presented":0,"queue_epoch":1,"reason":"submit","wgpu_submission":"Some(SubmissionIndex { index: 13 })","window":"WindowId(31457320)"}
[SystemTime { tv_sec: 1790343146, tv_nsec: 870666862 }] native upload frame window=WindowId(31457320) host=3 renderer=3 queue_epoch=1 surface_generation=1 acquisition=1 submission=13 receipt=Some(UploadFrame { consumers: {"GLOBAL"}, owner: 65, attempt: 1, rendered: Some(true), totals: UploadTotals { batches: 1, buffer_payload_bytes: 42328, texture_source_bytes: 8502, texture_padding_bytes: 381642, scatter_index_bytes: 0, staging_capacity_bytes: 432472, buffer_copy_bytes: 42328, buffer_copies: 3, texture_copies: 216, scatter_dispatches: 0 } })
[SystemTime { tv_sec: 1790343146, tv_nsec: 870712722 }] native font ownership window=WindowId(31457320) usage=Usage { allocation: Usage { allocator_installed: true, owner_id: 22, label: "renderer-fonts-and-shapes", payload_bytes: 828598, tracking_bytes: 85448, allocations: 10679, peak_payload_bytes: 828931, owner_metadata_bytes: 96 }, returned_shape_bytes: 95088, private_bytes: Some(818958), fixed_font_bytes: Some(772070), cache_reserved_bytes: 46888, last_call: Some(Report { call_id: 2155, owner_id: 22, allocator_installed: true, host_initial_bytes: 173469, host_final_bytes: 173493, process_initial_bytes: 477165, process_final_bytes: 477189, initial_bytes: 46888, final_bytes: 46888, peak_bytes: 46888, host_peak_bytes: 173493, process_peak_bytes: 477189, exceeded: false }) } measurement=None process_registry_bytes=RegistryUsage { registry_heap_bytes: 136, scope_owner_bytes: 1152, call_slots_static_bytes: 9752 }
[SystemTime { tv_sec: 1790343146, tv_nsec: 870770772 }] native attachment ledger {"attachments":{"allocations":[{"allocation":1,"host":1,"last_submission":12,"owner":8,"payload_bytes":32768000,"release_reason":null},{"allocation":1,"host":3,"last_submission":13,"owner":66,"payload_bytes":22118400,"release_reason":null}],"completed_retirements":1,"current_payload_bytes":54886400,"device_loss_confirmed":false,"device_loss_retirements":0,"observed_allocations":3,"peak_payload_bytes":54886400,"retiring_payload_bytes":0,"unknown_payload_allocations":0},"queue_epoch":1}
[SystemTime { tv_sec: 1790343146, tv_nsec: 870816852 }] native surface attachment {"allocation":1,"allocations_created":1,"extent":[960,720],"format":"Bgra8UnormSrgb","gpu_retirement_qualified":false,"host":3,"owner":66,"payload_bytes":22118400,"queue_epoch":1,"samples":8,"state":"current_renderer_reference","window":"WindowId(31457320)"}
[SystemTime { tv_sec: 1790343146, tv_nsec: 870936220 }] native_surface_lifecycle {"acquire_attempts":1,"acquired":1,"active":0,"configuration_generation":1,"configure_attempts":1,"configured_extent":[960,720],"discarded":0,"frame_submission_receipts_issued":13,"frame_submissions":1,"gpu_completed_through_receipt":12,"host":3,"last_frame_submission_receipt":13,"last_present_receipt":13,"presented":1,"queue_epoch":1,"reason":"present","wgpu_submission":"Some(SubmissionIndex { index: 13 })","window":"WindowId(31457320)"}
[SystemTime { tv_sec: 1790343146, tv_nsec: 870995958 }] native redraw ledger {"attempts":2,"counts":{"coalesced":1,"duplicate_tokens":0,"presentations":1,"received":2,"requested":2,"suppressed":1},"damage":3,"device_generation":1,"host_generation":3,"pending":false,"presented_damage":3,"ready":false,"reason":"presented","rendering":null,"window":"WindowId(31457320)"}
[SystemTime { tv_sec: 1790343146, tv_nsec: 873398508 }] window event WindowId(31457320) focused false
[SystemTime { tv_sec: 1790343146, tv_nsec: 873670456 }] window event WindowId(31457320) occluded false
[SystemTime { tv_sec: 1790343146, tv_nsec: 874173274 }] window event WindowId(31457284) modifiers changed ModifiersState(0x0)
[SystemTime { tv_sec: 1790343146, tv_nsec: 874598952 }] window event WindowId(31457284) focused false
[SystemTime { tv_sec: 1790343146, tv_nsec: 875069166 }] window event WindowId(31457320) focused true
[SystemTime { tv_sec: 1790343146, tv_nsec: 875733960 }] window event WindowId(31457320) modifiers changed ModifiersState(0x0)
[SystemTime { tv_sec: 1790343146, tv_nsec: 875790727 }] window event WindowId(31457320) cursor moved 467.00,170.00
[SystemTime { tv_sec: 1790343146, tv_nsec: 875838282 }] window event WindowId(31457320) occluded false
[SystemTime { tv_sec: 1790343146, tv_nsec: 876161111 }] window event WindowId(31457320) resized 960x720
[SystemTime { tv_sec: 1790343146, tv_nsec: 876223724 }] window event WindowId(31457320) redraw requested
[SystemTime { tv_sec: 1790343146, tv_nsec: 876268990 }] native frame round hosts=[WindowId(31457320)]
[SystemTime { tv_sec: 1790343146, tv_nsec: 876349692 }] native_surface_lifecycle {"acquire_attempts":1,"acquired":1,"active":0,"configuration_generation":1,"configure_attempts":1,"configured_extent":[960,720],"discarded":0,"frame_submission_receipts_issued":13,"frame_submissions":1,"gpu_completed_through_receipt":12,"host":3,"last_frame_submission_receipt":13,"last_present_receipt":13,"presented":1,"queue_epoch":1,"reason":"wait_queue","wgpu_submission":"Some(SubmissionIndex { index: 13 })","window":"WindowId(31457320)"}
[SystemTime { tv_sec: 1790343146, tv_nsec: 876403388 }] native redraw ledger {"attempts":3,"counts":{"coalesced":1,"duplicate_tokens":0,"presentations":1,"received":3,"requested":2,"suppressed":1},"damage":4,"device_generation":1,"host_generation":3,"pending":false,"presented_damage":3,"ready":false,"reason":"not_presented","rendering":null,"window":"WindowId(31457320)"}
[SystemTime { tv_sec: 1790343146, tv_nsec: 891009660 }] native queue progress epoch=1 submitted=13 completed=13
[SystemTime { tv_sec: 1790343146, tv_nsec: 891066678 }] native attachment ledger {"attachments":{"allocations":[{"allocation":1,"host":1,"last_submission":12,"owner":8,"payload_bytes":32768000,"release_reason":null},{"allocation":1,"host":3,"last_submission":13,"owner":66,"payload_bytes":22118400,"release_reason":null}],"completed_retirements":1,"current_payload_bytes":54886400,"device_loss_confirmed":false,"device_loss_retirements":0,"observed_allocations":3,"peak_payload_bytes":54886400,"retiring_payload_bytes":0,"unknown_payload_allocations":0},"queue_epoch":1}
[SystemTime { tv_sec: 1790343146, tv_nsec: 891128251 }] window event WindowId(31457320) redraw requested
[SystemTime { tv_sec: 1790343146, tv_nsec: 891159217 }] native frame round hosts=[WindowId(31457320)]
[SystemTime { tv_sec: 1790343146, tv_nsec: 891711237 }] native_surface_lifecycle {"acquire_attempts":2,"acquired":2,"active":1,"configuration_generation":1,"configure_attempts":1,"configured_extent":[960,720],"discarded":0,"frame_submission_receipts_issued":14,"frame_submissions":2,"gpu_completed_through_receipt":13,"host":3,"last_frame_submission_receipt":14,"last_present_receipt":13,"presented":1,"queue_epoch":1,"reason":"submit","wgpu_submission":"Some(SubmissionIndex { index: 14 })","window":"WindowId(31457320)"}
[SystemTime { tv_sec: 1790343146, tv_nsec: 891771228 }] native upload frame window=WindowId(31457320) host=3 renderer=3 queue_epoch=1 surface_generation=1 acquisition=2 submission=14 receipt=Some(UploadFrame { consumers: {"GLOBAL"}, owner: 65, attempt: 2, rendered: Some(true), totals: UploadTotals { batches: 0, buffer_payload_bytes: 0, texture_source_bytes: 0, texture_padding_bytes: 0, scatter_index_bytes: 0, staging_capacity_bytes: 0, buffer_copy_bytes: 0, buffer_copies: 0, texture_copies: 0, scatter_dispatches: 0 } })
[SystemTime { tv_sec: 1790343146, tv_nsec: 891819062 }] native font ownership window=WindowId(31457320) usage=Usage { allocation: Usage { allocator_installed: true, owner_id: 22, label: "renderer-fonts-and-shapes", payload_bytes: 828598, tracking_bytes: 85448, allocations: 10679, peak_payload_bytes: 828931, owner_metadata_bytes: 96 }, returned_shape_bytes: 95088, private_bytes: Some(818958), fixed_font_bytes: Some(772070), cache_reserved_bytes: 46888, last_call: Some(Report { call_id: 2155, owner_id: 22, allocator_installed: true, host_initial_bytes: 173469, host_final_bytes: 173493, process_initial_bytes: 477165, process_final_bytes: 477189, initial_bytes: 46888, final_bytes: 46888, peak_bytes: 46888, host_peak_bytes: 173493, process_peak_bytes: 477189, exceeded: false }) } measurement=None process_registry_bytes=RegistryUsage { registry_heap_bytes: 136, scope_owner_bytes: 1152, call_slots_static_bytes: 9752 }
[SystemTime { tv_sec: 1790343146, tv_nsec: 891894083 }] native attachment ledger {"attachments":{"allocations":[{"allocation":1,"host":1,"last_submission":12,"owner":8,"payload_bytes":32768000,"release_reason":null},{"allocation":1,"host":3,"last_submission":14,"owner":66,"payload_bytes":22118400,"release_reason":null}],"completed_retirements":1,"current_payload_bytes":54886400,"device_loss_confirmed":false,"device_loss_retirements":0,"observed_allocations":3,"peak_payload_bytes":54886400,"retiring_payload_bytes":0,"unknown_payload_allocations":0},"queue_epoch":1}
[SystemTime { tv_sec: 1790343146, tv_nsec: 891924852 }] native surface attachment {"allocation":1,"allocations_created":1,"extent":[960,720],"format":"Bgra8UnormSrgb","gpu_retirement_qualified":false,"host":3,"owner":66,"payload_bytes":22118400,"queue_epoch":1,"samples":8,"state":"current_renderer_reference","window":"WindowId(31457320)"}
[SystemTime { tv_sec: 1790343146, tv_nsec: 892012089 }] native_surface_lifecycle {"acquire_attempts":2,"acquired":2,"active":0,"configuration_generation":1,"configure_attempts":1,"configured_extent":[960,720],"discarded":0,"frame_submission_receipts_issued":14,"frame_submissions":2,"gpu_completed_through_receipt":13,"host":3,"last_frame_submission_receipt":14,"last_present_receipt":14,"presented":2,"queue_epoch":1,"reason":"present","wgpu_submission":"Some(SubmissionIndex { index: 14 })","window":"WindowId(31457320)"}
[SystemTime { tv_sec: 1790343146, tv_nsec: 892070998 }] native redraw ledger {"attempts":4,"counts":{"coalesced":1,"duplicate_tokens":0,"presentations":2,"received":4,"requested":3,"suppressed":2},"damage":4,"device_generation":1,"host_generation":3,"pending":false,"presented_damage":4,"ready":false,"reason":"presented","rendering":null,"window":"WindowId(31457320)"}
[SystemTime { tv_sec: 1790343146, tv_nsec: 900998495 }] native queue progress epoch=1 submitted=14 completed=14
[SystemTime { tv_sec: 1790343146, tv_nsec: 901063693 }] native attachment ledger {"attachments":{"allocations":[{"allocation":1,"host":1,"last_submission":12,"owner":8,"payload_bytes":32768000,"release_reason":null},{"allocation":1,"host":3,"last_submission":14,"owner":66,"payload_bytes":22118400,"release_reason":null}],"completed_retirements":1,"current_payload_bytes":54886400,"device_loss_confirmed":false,"device_loss_retirements":0,"observed_allocations":3,"peak_payload_bytes":54886400,"retiring_payload_bytes":0,"unknown_payload_allocations":0},"queue_epoch":1}
[SystemTime { tv_sec: 1790343146, tv_nsec: 904080802 }] window event WindowId(31457320) keyboard physical=Code(Escape) logical=Named(Escape) state=Pressed repeat=false text=Some("\u{1b}") synthetic=false
[SystemTime { tv_sec: 1790343146, tv_nsec: 904150467 }] window event WindowId(31457320) redraw requested
[SystemTime { tv_sec: 1790343146, tv_nsec: 904178035 }] window event WindowId(31457284) redraw requested
[SystemTime { tv_sec: 1790343146, tv_nsec: 904676417 }] native redraw ledger {"attempts":4,"counts":{"coalesced":1,"duplicate_tokens":0,"presentations":2,"received":5,"requested":4,"suppressed":2},"damage":5,"device_generation":1,"host_generation":3,"pending":true,"presented_damage":4,"ready":true,"reason":"closed","rendering":null,"window":"WindowId(31457320)"}
[SystemTime { tv_sec: 1790343146, tv_nsec: 927452039 }] native_surface_lifecycle {"acquire_attempts":2,"acquired":2,"active":0,"configuration_generation":1,"configure_attempts":1,"configured_extent":[960,720],"discarded":0,"frame_submission_receipts_issued":14,"frame_submissions":2,"gpu_completed_through_receipt":14,"host":3,"last_frame_submission_receipt":14,"last_present_receipt":14,"presented":2,"queue_epoch":1,"reason":"owner_drop","wgpu_submission":"Some(SubmissionIndex { index: 14 })","window":"WindowId(31457320)"}
[SystemTime { tv_sec: 1790343146, tv_nsec: 927532414 }] native attachment ledger {"attachments":{"allocations":[{"allocation":1,"host":1,"last_submission":12,"owner":8,"payload_bytes":32768000,"release_reason":null}],"completed_retirements":2,"current_payload_bytes":32768000,"device_loss_confirmed":false,"device_loss_retirements":0,"observed_allocations":3,"peak_payload_bytes":54886400,"retiring_payload_bytes":0,"unknown_payload_allocations":0},"queue_epoch":1}
[SystemTime { tv_sec: 1790343146, tv_nsec: 927922284 }] native frame round hosts=[WindowId(31457284)]
[SystemTime { tv_sec: 1790343146, tv_nsec: 927947130 }] redraw handler begin
[SystemTime { tv_sec: 1790343146, tv_nsec: 928005441 }] render scene prepare begin retained_cached=true
[SystemTime { tv_sec: 1790343146, tv_nsec: 928030293 }] prepared scene build begin
[SystemTime { tv_sec: 1790343146, tv_nsec: 928234746 }] native control_meshes window=WindowId(31457284) builds=1
[SystemTime { tv_sec: 1790343146, tv_nsec: 928257949 }] prepared scene build end 0ms
[SystemTime { tv_sec: 1790343146, tv_nsec: 928280754 }] renderer render begin
[SystemTime { tv_sec: 1790343146, tv_nsec: 929556889 }] native_surface_lifecycle {"acquire_attempts":11,"acquired":11,"active":1,"configuration_generation":1,"configure_attempts":1,"configured_extent":[1280,800],"discarded":0,"frame_submission_receipts_issued":15,"frame_submissions":11,"gpu_completed_through_receipt":14,"host":1,"last_frame_submission_receipt":15,"last_present_receipt":12,"presented":10,"queue_epoch":1,"reason":"submit","wgpu_submission":"Some(SubmissionIndex { index: 15 })","window":"WindowId(31457284)"}
[SystemTime { tv_sec: 1790343146, tv_nsec: 929626671 }] native upload frame window=WindowId(31457284) host=1 renderer=1 queue_epoch=1 surface_generation=1 acquisition=11 submission=15 receipt=Some(UploadFrame { consumers: {"MAIN", "BOARD", "LAYERS", "NAV", "INSPECTOR", "MENU", "TERMINAL"}, owner: 7, attempt: 12, rendered: Some(true), totals: UploadTotals { batches: 1, buffer_payload_bytes: 12676, texture_source_bytes: 0, texture_padding_bytes: 0, scatter_index_bytes: 12604, staging_capacity_bytes: 50488, buffer_copy_bytes: 25280, buffer_copies: 19, texture_copies: 0, scatter_dispatches: 1 } })
[SystemTime { tv_sec: 1790343146, tv_nsec: 929679162 }] native font ownership window=WindowId(31457284) usage=Usage { allocation: Usage { allocator_installed: true, owner_id: 3, label: "renderer-fonts-and-shapes", payload_bytes: 925390, tracking_bytes: 88544, allocations: 11066, peak_payload_bytes: 925501, owner_metadata_bytes: 96 }, returned_shape_bytes: 179160, private_bytes: Some(834774), fixed_font_bytes: Some(772070), cache_reserved_bytes: 62704, last_call: Some(Report { call_id: 2156, owner_id: 3, allocator_installed: true, host_initial_bytes: 339856, host_final_bytes: 339856, process_initial_bytes: 339856, process_final_bytes: 339856, initial_bytes: 62704, final_bytes: 63816, peak_bytes: 63959, host_peak_bytes: 339856, process_peak_bytes: 339856, exceeded: false }) } measurement=Some(Usage { allocation: Usage { allocator_installed: true, owner_id: 13, label: "text-measurement", payload_bytes: 734742, tracking_bytes: 84216, allocations: 10525, peak_payload_bytes: 748214, owner_metadata_bytes: 96 }, returned_shape_bytes: 0, private_bytes: Some(818958), fixed_font_bytes: Some(772070), cache_reserved_bytes: 46888, last_call: Some(Report { call_id: 1657, owner_id: 13, allocator_installed: true, host_initial_bytes: 387312, host_final_bytes: 387312, process_initial_bytes: 387312, process_final_bytes: 387312, initial_bytes: 46888, final_bytes: 46888, peak_bytes: 54192, host_peak_bytes: 387312, process_peak_bytes: 387312, exceeded: false }) }) process_registry_bytes=RegistryUsage { registry_heap_bytes: 136, scope_owner_bytes: 1152, call_slots_static_bytes: 9752 }
[SystemTime { tv_sec: 1790343146, tv_nsec: 929732635 }] native attachment ledger {"attachments":{"allocations":[{"allocation":1,"host":1,"last_submission":15,"owner":8,"payload_bytes":32768000,"release_reason":null}],"completed_retirements":2,"current_payload_bytes":32768000,"device_loss_confirmed":false,"device_loss_retirements":0,"observed_allocations":3,"peak_payload_bytes":54886400,"retiring_payload_bytes":0,"unknown_payload_allocations":0},"queue_epoch":1}
[SystemTime { tv_sec: 1790343146, tv_nsec: 929760313 }] native surface attachment {"allocation":1,"allocations_created":1,"extent":[1280,800],"format":"Bgra8UnormSrgb","gpu_retirement_qualified":false,"host":1,"owner":8,"payload_bytes":32768000,"queue_epoch":1,"samples":8,"state":"current_renderer_reference","window":"WindowId(31457284)"}
[SystemTime { tv_sec: 1790343146, tv_nsec: 929781078 }] renderer render end 1ms
[SystemTime { tv_sec: 1790343146, tv_nsec: 929800711 }] frame present begin
[SystemTime { tv_sec: 1790343146, tv_nsec: 929886082 }] native_surface_lifecycle {"acquire_attempts":11,"acquired":11,"active":0,"configuration_generation":1,"configure_attempts":1,"configured_extent":[1280,800],"discarded":0,"frame_submission_receipts_issued":15,"frame_submissions":11,"gpu_completed_through_receipt":14,"host":1,"last_frame_submission_receipt":15,"last_present_receipt":15,"presented":11,"queue_epoch":1,"reason":"present","wgpu_submission":"Some(SubmissionIndex { index: 15 })","window":"WindowId(31457284)"}
[SystemTime { tv_sec: 1790343146, tv_nsec: 929915088 }] frame present end 0ms total=1ms
[SystemTime { tv_sec: 1790343146, tv_nsec: 929971944 }] native redraw ledger {"attempts":18,"counts":{"coalesced":2,"duplicate_tokens":0,"presentations":11,"received":18,"requested":18,"suppressed":13},"damage":18,"device_generation":1,"host_generation":1,"pending":false,"presented_damage":18,"ready":false,"reason":"presented","rendering":null,"window":"WindowId(31457284)"}
[SystemTime { tv_sec: 1790343146, tv_nsec: 929996160 }] redraw handler end
[SystemTime { tv_sec: 1790343146, tv_nsec: 930630739 }] window event WindowId(31457284) focused true
[SystemTime { tv_sec: 1790343146, tv_nsec: 931080383 }] window event WindowId(31457284) modifiers changed ModifiersState(0x0)
[SystemTime { tv_sec: 1790343146, tv_nsec: 931112226 }] window event WindowId(31457284) cursor moved 148.00,16.00
[SystemTime { tv_sec: 1790343146, tv_nsec: 931401971 }] window event WindowId(31457284) modifiers changed ModifiersState(0x0)
[SystemTime { tv_sec: 1790343146, tv_nsec: 931785306 }] window event WindowId(31457284) focused false
[SystemTime { tv_sec: 1790343146, tv_nsec: 932185117 }] window event WindowId(31457284) focused true
[SystemTime { tv_sec: 1790343146, tv_nsec: 932453383 }] window event WindowId(31457284) modifiers changed ModifiersState(0x0)
[SystemTime { tv_sec: 1790343146, tv_nsec: 932493518 }] window event WindowId(31457284) cursor moved 148.00,16.00
[SystemTime { tv_sec: 1790343146, tv_nsec: 932887786 }] window event WindowId(31457284) keyboard physical=Code(Escape) logical=Named(Escape) state=Released repeat=false text=Some("\u{1b}") synthetic=false
[SystemTime { tv_sec: 1790343146, tv_nsec: 932924195 }] pan key physical=Code(Escape) logical=Named(Escape) state=Released repeat=false pointer_in_scene=false held=false consumed=false
[SystemTime { tv_sec: 1790343146, tv_nsec: 933267008 }] window event WindowId(31457320) destroyed
[SystemTime { tv_sec: 1790343146, tv_nsec: 950527590 }] window event WindowId(31457284) modifiers changed ModifiersState(0x0)
[SystemTime { tv_sec: 1790343146, tv_nsec: 950661476 }] window event WindowId(31457284) mouse input Left Pressed
[SystemTime { tv_sec: 1790343146, tv_nsec: 950700911 }] pan primary pressed cursor=Some((148.0, 16.0)) pointer_in_scene=false held=false active=false
[SystemTime { tv_sec: 1790343146, tv_nsec: 950736145 }] window event WindowId(31457284) modifiers changed ModifiersState(0x0)
[SystemTime { tv_sec: 1790343146, tv_nsec: 950820327 }] window event WindowId(31457284) modifiers changed ModifiersState(0x0)
[SystemTime { tv_sec: 1790343146, tv_nsec: 950857721 }] window event WindowId(31457284) mouse input Left Released
[SystemTime { tv_sec: 1790343146, tv_nsec: 950893255 }] pan primary released cursor=Some((148.0, 16.0)) suppress_click=false
[SystemTime { tv_sec: 1790343146, tv_nsec: 951040535 }] window event WindowId(31457284) modifiers changed ModifiersState(0x0)
[SystemTime { tv_sec: 1790343146, tv_nsec: 951076117 }] window event WindowId(31457284) redraw requested
[SystemTime { tv_sec: 1790343146, tv_nsec: 951108434 }] native frame round hosts=[WindowId(31457284)]
[SystemTime { tv_sec: 1790343146, tv_nsec: 951135620 }] redraw handler begin
[SystemTime { tv_sec: 1790343146, tv_nsec: 951203265 }] native_surface_lifecycle {"acquire_attempts":11,"acquired":11,"active":0,"configuration_generation":1,"configure_attempts":1,"configured_extent":[1280,800],"discarded":0,"frame_submission_receipts_issued":15,"frame_submissions":11,"gpu_completed_through_receipt":14,"host":1,"last_frame_submission_receipt":15,"last_present_receipt":15,"presented":11,"queue_epoch":1,"reason":"wait_queue","wgpu_submission":"Some(SubmissionIndex { index: 15 })","window":"WindowId(31457284)"}
[SystemTime { tv_sec: 1790343146, tv_nsec: 951247176 }] native redraw ledger {"attempts":19,"counts":{"coalesced":2,"duplicate_tokens":0,"presentations":11,"received":19,"requested":19,"suppressed":13},"damage":19,"device_generation":1,"host_generation":1,"pending":false,"presented_damage":18,"ready":false,"reason":"not_presented","rendering":null,"window":"WindowId(31457284)"}
[SystemTime { tv_sec: 1790343146, tv_nsec: 952146079 }] native queue progress epoch=1 submitted=15 completed=15
[SystemTime { tv_sec: 1790343146, tv_nsec: 952211742 }] native attachment ledger {"attachments":{"allocations":[{"allocation":1,"host":1,"last_submission":15,"owner":8,"payload_bytes":32768000,"release_reason":null}],"completed_retirements":2,"current_payload_bytes":32768000,"device_loss_confirmed":false,"device_loss_retirements":0,"observed_allocations":3,"peak_payload_bytes":54886400,"retiring_payload_bytes":0,"unknown_payload_allocations":0},"queue_epoch":1}
[SystemTime { tv_sec: 1790343146, tv_nsec: 953206419 }] window event WindowId(31457284) redraw requested
[SystemTime { tv_sec: 1790343146, tv_nsec: 953231189 }] native frame round hosts=[WindowId(31457284)]
[SystemTime { tv_sec: 1790343146, tv_nsec: 953249696 }] redraw handler begin
[SystemTime { tv_sec: 1790343146, tv_nsec: 953277303 }] render scene prepare begin retained_cached=true
[SystemTime { tv_sec: 1790343146, tv_nsec: 953295735 }] prepared scene build begin
[SystemTime { tv_sec: 1790343146, tv_nsec: 953502884 }] native control_meshes window=WindowId(31457284) builds=1
[SystemTime { tv_sec: 1790343146, tv_nsec: 953524009 }] prepared scene build end 0ms
[SystemTime { tv_sec: 1790343146, tv_nsec: 953544640 }] renderer render begin
[SystemTime { tv_sec: 1790343146, tv_nsec: 954887439 }] native_surface_lifecycle {"acquire_attempts":12,"acquired":12,"active":1,"configuration_generation":1,"configure_attempts":1,"configured_extent":[1280,800],"discarded":0,"frame_submission_receipts_issued":16,"frame_submissions":12,"gpu_completed_through_receipt":15,"host":1,"last_frame_submission_receipt":16,"last_present_receipt":15,"presented":11,"queue_epoch":1,"reason":"submit","wgpu_submission":"Some(SubmissionIndex { index: 16 })","window":"WindowId(31457284)"}
[SystemTime { tv_sec: 1790343146, tv_nsec: 955002070 }] native upload frame window=WindowId(31457284) host=1 renderer=1 queue_epoch=1 surface_generation=1 acquisition=12 submission=16 receipt=Some(UploadFrame { consumers: {"MAIN", "BOARD", "LAYERS", "NAV", "INSPECTOR", "MENU", "TERMINAL"}, owner: 7, attempt: 13, rendered: Some(true), totals: UploadTotals { batches: 1, buffer_payload_bytes: 19660, texture_source_bytes: 0, texture_padding_bytes: 0, scatter_index_bytes: 17740, staging_capacity_bytes: 72880, buffer_copy_bytes: 37400, buffer_copies: 3, texture_copies: 0, scatter_dispatches: 2 } })
[SystemTime { tv_sec: 1790343146, tv_nsec: 955036361 }] native font ownership window=WindowId(31457284) usage=Usage { allocation: Usage { allocator_installed: true, owner_id: 3, label: "renderer-fonts-and-shapes", payload_bytes: 925390, tracking_bytes: 88544, allocations: 11066, peak_payload_bytes: 925507, owner_metadata_bytes: 96 }, returned_shape_bytes: 179160, private_bytes: Some(834774), fixed_font_bytes: Some(772070), cache_reserved_bytes: 62704, last_call: Some(Report { call_id: 2157, owner_id: 3, allocator_installed: true, host_initial_bytes: 342664, host_final_bytes: 342664, process_initial_bytes: 342664, process_final_bytes: 342664, initial_bytes: 62704, final_bytes: 63880, peak_bytes: 64029, host_peak_bytes: 342664, process_peak_bytes: 342664, exceeded: false }) } measurement=Some(Usage { allocation: Usage { allocator_installed: true, owner_id: 13, label: "text-measurement", payload_bytes: 734742, tracking_bytes: 84216, allocations: 10525, peak_payload_bytes: 748214, owner_metadata_bytes: 96 }, returned_shape_bytes: 0, private_bytes: Some(818958), fixed_font_bytes: Some(772070), cache_reserved_bytes: 46888, last_call: Some(Report { call_id: 1657, owner_id: 13, allocator_installed: true, host_initial_bytes: 387312, host_final_bytes: 387312, process_initial_bytes: 387312, process_final_bytes: 387312, initial_bytes: 46888, final_bytes: 46888, peak_bytes: 54192, host_peak_bytes: 387312, process_peak_bytes: 387312, exceeded: false }) }) process_registry_bytes=RegistryUsage { registry_heap_bytes: 136, scope_owner_bytes: 1152, call_slots_static_bytes: 9752 }
[SystemTime { tv_sec: 1790343146, tv_nsec: 955072892 }] native attachment ledger {"attachments":{"allocations":[{"allocation":1,"host":1,"last_submission":16,"owner":8,"payload_bytes":32768000,"release_reason":null}],"completed_retirements":2,"current_payload_bytes":32768000,"device_loss_confirmed":false,"device_loss_retirements":0,"observed_allocations":3,"peak_payload_bytes":54886400,"retiring_payload_bytes":0,"unknown_payload_allocations":0},"queue_epoch":1}
[SystemTime { tv_sec: 1790343146, tv_nsec: 955102889 }] native surface attachment {"allocation":1,"allocations_created":1,"extent":[1280,800],"format":"Bgra8UnormSrgb","gpu_retirement_qualified":false,"host":1,"owner":8,"payload_bytes":32768000,"queue_epoch":1,"samples":8,"state":"current_renderer_reference","window":"WindowId(31457284)"}
[SystemTime { tv_sec: 1790343146, tv_nsec: 955125387 }] renderer render end 1ms
[SystemTime { tv_sec: 1790343146, tv_nsec: 955152350 }] frame present begin
[SystemTime { tv_sec: 1790343146, tv_nsec: 955299734 }] native_surface_lifecycle {"acquire_attempts":12,"acquired":12,"active":0,"configuration_generation":1,"configure_attempts":1,"configured_extent":[1280,800],"discarded":0,"frame_submission_receipts_issued":16,"frame_submissions":12,"gpu_completed_through_receipt":15,"host":1,"last_frame_submission_receipt":16,"last_present_receipt":16,"presented":12,"queue_epoch":1,"reason":"present","wgpu_submission":"Some(SubmissionIndex { index: 16 })","window":"WindowId(31457284)"}
[SystemTime { tv_sec: 1790343146, tv_nsec: 955352447 }] frame present end 0ms total=2ms
[SystemTime { tv_sec: 1790343146, tv_nsec: 955397816 }] native redraw ledger {"attempts":20,"counts":{"coalesced":2,"duplicate_tokens":0,"presentations":12,"received":20,"requested":20,"suppressed":14},"damage":19,"device_generation":1,"host_generation":1,"pending":false,"presented_damage":19,"ready":false,"reason":"presented","rendering":null,"window":"WindowId(31457284)"}
[SystemTime { tv_sec: 1790343146, tv_nsec: 955435885 }] redraw handler end
[SystemTime { tv_sec: 1790343146, tv_nsec: 979159363 }] native queue progress epoch=1 submitted=16 completed=16
[SystemTime { tv_sec: 1790343146, tv_nsec: 979197865 }] native attachment ledger {"attachments":{"allocations":[{"allocation":1,"host":1,"last_submission":16,"owner":8,"payload_bytes":32768000,"release_reason":null}],"completed_retirements":2,"current_payload_bytes":32768000,"device_loss_confirmed":false,"device_loss_retirements":0,"observed_allocations":3,"peak_payload_bytes":54886400,"retiring_payload_bytes":0,"unknown_payload_allocations":0},"queue_epoch":1}
[SystemTime { tv_sec: 1790343147, tv_nsec: 60302413 }] window event WindowId(31457284) keyboard physical=Code(ArrowUp) logical=Named(ArrowUp) state=Pressed repeat=false text=None synthetic=false
[SystemTime { tv_sec: 1790343147, tv_nsec: 60535892 }] window event WindowId(31457284) redraw requested
[SystemTime { tv_sec: 1790343147, tv_nsec: 60618382 }] native frame round hosts=[WindowId(31457284)]
[SystemTime { tv_sec: 1790343147, tv_nsec: 60676813 }] redraw handler begin
[SystemTime { tv_sec: 1790343147, tv_nsec: 60755632 }] render scene prepare begin retained_cached=true
[SystemTime { tv_sec: 1790343147, tv_nsec: 60852536 }] prepared scene build begin
[SystemTime { tv_sec: 1790343147, tv_nsec: 61204256 }] native control_meshes window=WindowId(31457284) builds=1
[SystemTime { tv_sec: 1790343147, tv_nsec: 61257023 }] prepared scene build end 0ms
[SystemTime { tv_sec: 1790343147, tv_nsec: 61308224 }] renderer render begin
[SystemTime { tv_sec: 1790343147, tv_nsec: 63143472 }] native_surface_lifecycle {"acquire_attempts":13,"acquired":13,"active":1,"configuration_generation":1,"configure_attempts":1,"configured_extent":[1280,800],"discarded":0,"frame_submission_receipts_issued":17,"frame_submissions":13,"gpu_completed_through_receipt":16,"host":1,"last_frame_submission_receipt":17,"last_present_receipt":16,"presented":12,"queue_epoch":1,"reason":"submit","wgpu_submission":"Some(SubmissionIndex { index: 17 })","window":"WindowId(31457284)"}
[SystemTime { tv_sec: 1790343147, tv_nsec: 63255392 }] native upload frame window=WindowId(31457284) host=1 renderer=1 queue_epoch=1 surface_generation=1 acquisition=13 submission=17 receipt=Some(UploadFrame { consumers: {"MAIN", "BOARD", "LAYERS", "NAV", "INSPECTOR", "MENU", "TERMINAL"}, owner: 7, attempt: 14, rendered: Some(true), totals: UploadTotals { batches: 1, buffer_payload_bytes: 984, texture_source_bytes: 0, texture_padding_bytes: 0, scatter_index_bytes: 0, staging_capacity_bytes: 984, buffer_copy_bytes: 984, buffer_copies: 57, texture_copies: 0, scatter_dispatches: 0 } })
[SystemTime { tv_sec: 1790343147, tv_nsec: 63324628 }] native font ownership window=WindowId(31457284) usage=Usage { allocation: Usage { allocator_installed: true, owner_id: 3, label: "renderer-fonts-and-shapes", payload_bytes: 924302, tracking_bytes: 88520, allocations: 11063, peak_payload_bytes: 925507, owner_metadata_bytes: 96 }, returned_shape_bytes: 178048, private_bytes: Some(834774), fixed_font_bytes: Some(772070), cache_reserved_bytes: 62704, last_call: Some(Report { call_id: 2157, owner_id: 3, allocator_installed: true, host_initial_bytes: 342664, host_final_bytes: 342664, process_initial_bytes: 342664, process_final_bytes: 342664, initial_bytes: 62704, final_bytes: 63880, peak_bytes: 64029, host_peak_bytes: 342664, process_peak_bytes: 342664, exceeded: false }) } measurement=Some(Usage { allocation: Usage { allocator_installed: true, owner_id: 13, label: "text-measurement", payload_bytes: 734742, tracking_bytes: 84216, allocations: 10525, peak_payload_bytes: 748214, owner_metadata_bytes: 96 }, returned_shape_bytes: 0, private_bytes: Some(818958), fixed_font_bytes: Some(772070), cache_reserved_bytes: 46888, last_call: Some(Report { call_id: 1657, owner_id: 13, allocator_installed: true, host_initial_bytes: 387312, host_final_bytes: 387312, process_initial_bytes: 387312, process_final_bytes: 387312, initial_bytes: 46888, final_bytes: 46888, peak_bytes: 54192, host_peak_bytes: 387312, process_peak_bytes: 387312, exceeded: false }) }) process_registry_bytes=RegistryUsage { registry_heap_bytes: 136, scope_owner_bytes: 1152, call_slots_static_bytes: 9752 }
[SystemTime { tv_sec: 1790343147, tv_nsec: 63410171 }] native attachment ledger {"attachments":{"allocations":[{"allocation":1,"host":1,"last_submission":17,"owner":8,"payload_bytes":32768000,"release_reason":null}],"completed_retirements":2,"current_payload_bytes":32768000,"device_loss_confirmed":false,"device_loss_retirements":0,"observed_allocations":3,"peak_payload_bytes":54886400,"retiring_payload_bytes":0,"unknown_payload_allocations":0},"queue_epoch":1}
[SystemTime { tv_sec: 1790343147, tv_nsec: 63473045 }] native surface attachment {"allocation":1,"allocations_created":1,"extent":[1280,800],"format":"Bgra8UnormSrgb","gpu_retirement_qualified":false,"host":1,"owner":8,"payload_bytes":32768000,"queue_epoch":1,"samples":8,"state":"current_renderer_reference","window":"WindowId(31457284)"}
[SystemTime { tv_sec: 1790343147, tv_nsec: 63521930 }] renderer render end 2ms
[SystemTime { tv_sec: 1790343147, tv_nsec: 63569643 }] frame present begin
[SystemTime { tv_sec: 1790343147, tv_nsec: 63719613 }] native_surface_lifecycle {"acquire_attempts":13,"acquired":13,"active":0,"configuration_generation":1,"configure_attempts":1,"configured_extent":[1280,800],"discarded":0,"frame_submission_receipts_issued":17,"frame_submissions":13,"gpu_completed_through_receipt":16,"host":1,"last_frame_submission_receipt":17,"last_present_receipt":17,"presented":13,"queue_epoch":1,"reason":"present","wgpu_submission":"Some(SubmissionIndex { index: 17 })","window":"WindowId(31457284)"}
[SystemTime { tv_sec: 1790343147, tv_nsec: 63783261 }] frame present end 0ms total=3ms
[SystemTime { tv_sec: 1790343147, tv_nsec: 63881171 }] native redraw ledger {"attempts":21,"counts":{"coalesced":2,"duplicate_tokens":0,"presentations":13,"received":21,"requested":21,"suppressed":15},"damage":20,"device_generation":1,"host_generation":1,"pending":false,"presented_damage":20,"ready":false,"reason":"presented","rendering":null,"window":"WindowId(31457284)"}
[SystemTime { tv_sec: 1790343147, tv_nsec: 63931495 }] redraw handler end
[SystemTime { tv_sec: 1790343147, tv_nsec: 71176487 }] window event WindowId(31457284) keyboard physical=Code(ArrowUp) logical=Named(ArrowUp) state=Released repeat=false text=None synthetic=false
[SystemTime { tv_sec: 1790343147, tv_nsec: 71267314 }] window event WindowId(31457284) redraw requested
[SystemTime { tv_sec: 1790343147, tv_nsec: 71324016 }] native frame round hosts=[WindowId(31457284)]
[SystemTime { tv_sec: 1790343147, tv_nsec: 71373289 }] redraw handler begin
[SystemTime { tv_sec: 1790343147, tv_nsec: 71487668 }] native_surface_lifecycle {"acquire_attempts":13,"acquired":13,"active":0,"configuration_generation":1,"configure_attempts":1,"configured_extent":[1280,800],"discarded":0,"frame_submission_receipts_issued":17,"frame_submissions":13,"gpu_completed_through_receipt":16,"host":1,"last_frame_submission_receipt":17,"last_present_receipt":17,"presented":13,"queue_epoch":1,"reason":"wait_queue","wgpu_submission":"Some(SubmissionIndex { index: 17 })","window":"WindowId(31457284)"}
[SystemTime { tv_sec: 1790343147, tv_nsec: 71561533 }] native redraw ledger {"attempts":22,"counts":{"coalesced":2,"duplicate_tokens":0,"presentations":13,"received":22,"requested":22,"suppressed":15},"damage":21,"device_generation":1,"host_generation":1,"pending":false,"presented_damage":20,"ready":false,"reason":"not_presented","rendering":null,"window":"WindowId(31457284)"}
[SystemTime { tv_sec: 1790343147, tv_nsec: 81246791 }] native queue progress epoch=1 submitted=17 completed=17
[SystemTime { tv_sec: 1790343147, tv_nsec: 81353842 }] native attachment ledger {"attachments":{"allocations":[{"allocation":1,"host":1,"last_submission":17,"owner":8,"payload_bytes":32768000,"release_reason":null}],"completed_retirements":2,"current_payload_bytes":32768000,"device_loss_confirmed":false,"device_loss_retirements":0,"observed_allocations":3,"peak_payload_bytes":54886400,"retiring_payload_bytes":0,"unknown_payload_allocations":0},"queue_epoch":1}
[SystemTime { tv_sec: 1790343147, tv_nsec: 82110760 }] window event WindowId(31457284) keyboard physical=Code(ArrowRight) logical=Named(ArrowRight) state=Pressed repeat=false text=None synthetic=false
[SystemTime { tv_sec: 1790343147, tv_nsec: 82332410 }] window event WindowId(31457284) redraw requested
[SystemTime { tv_sec: 1790343147, tv_nsec: 82395889 }] native frame round hosts=[WindowId(31457284)]
[SystemTime { tv_sec: 1790343147, tv_nsec: 82448630 }] redraw handler begin
[SystemTime { tv_sec: 1790343147, tv_nsec: 82529526 }] render scene prepare begin retained_cached=true
[SystemTime { tv_sec: 1790343147, tv_nsec: 82582187 }] prepared scene build begin
[SystemTime { tv_sec: 1790343147, tv_nsec: 82998754 }] native control_meshes window=WindowId(31457284) builds=1
[SystemTime { tv_sec: 1790343147, tv_nsec: 83058957 }] prepared scene build end 0ms
[SystemTime { tv_sec: 1790343147, tv_nsec: 83116365 }] renderer render begin
[SystemTime { tv_sec: 1790343147, tv_nsec: 84560811 }] native_surface_lifecycle {"acquire_attempts":14,"acquired":14,"active":1,"configuration_generation":1,"configure_attempts":1,"configured_extent":[1280,800],"discarded":0,"frame_submission_receipts_issued":18,"frame_submissions":14,"gpu_completed_through_receipt":17,"host":1,"last_frame_submission_receipt":18,"last_present_receipt":17,"presented":13,"queue_epoch":1,"reason":"submit","wgpu_submission":"Some(SubmissionIndex { index: 18 })","window":"WindowId(31457284)"}
[SystemTime { tv_sec: 1790343147, tv_nsec: 84651892 }] native upload frame window=WindowId(31457284) host=1 renderer=1 queue_epoch=1 surface_generation=1 acquisition=14 submission=18 receipt=Some(UploadFrame { consumers: {"MAIN", "BOARD", "LAYERS", "NAV", "INSPECTOR", "MENU", "TERMINAL"}, owner: 7, attempt: 15, rendered: Some(true), totals: UploadTotals { batches: 1, buffer_payload_bytes: 4320, texture_source_bytes: 0, texture_padding_bytes: 0, scatter_index_bytes: 0, staging_capacity_bytes: 4320, buffer_copy_bytes: 4320, buffer_copies: 2, texture_copies: 0, scatter_dispatches: 0 } })
[SystemTime { tv_sec: 1790343147, tv_nsec: 84727174 }] native font ownership window=WindowId(31457284) usage=Usage { allocation: Usage { allocator_installed: true, owner_id: 3, label: "renderer-fonts-and-shapes", payload_bytes: 924302, tracking_bytes: 88520, allocations: 11063, peak_payload_bytes: 925507, owner_metadata_bytes: 96 }, returned_shape_bytes: 178048, private_bytes: Some(834774), fixed_font_bytes: Some(772070), cache_reserved_bytes: 62704, last_call: Some(Report { call_id: 2157, owner_id: 3, allocator_installed: true, host_initial_bytes: 342664, host_final_bytes: 342664, process_initial_bytes: 342664, process_final_bytes: 342664, initial_bytes: 62704, final_bytes: 63880, peak_bytes: 64029, host_peak_bytes: 342664, process_peak_bytes: 342664, exceeded: false }) } measurement=Some(Usage { allocation: Usage { allocator_installed: true, owner_id: 13, label: "text-measurement", payload_bytes: 734742, tracking_bytes: 84216, allocations: 10525, peak_payload_bytes: 748214, owner_metadata_bytes: 96 }, returned_shape_bytes: 0, private_bytes: Some(818958), fixed_font_bytes: Some(772070), cache_reserved_bytes: 46888, last_call: Some(Report { call_id: 1657, owner_id: 13, allocator_installed: true, host_initial_bytes: 387312, host_final_bytes: 387312, process_initial_bytes: 387312, process_final_bytes: 387312, initial_bytes: 46888, final_bytes: 46888, peak_bytes: 54192, host_peak_bytes: 387312, process_peak_bytes: 387312, exceeded: false }) }) process_registry_bytes=RegistryUsage { registry_heap_bytes: 136, scope_owner_bytes: 1152, call_slots_static_bytes: 9752 }
[SystemTime { tv_sec: 1790343147, tv_nsec: 84858213 }] native attachment ledger {"attachments":{"allocations":[{"allocation":1,"host":1,"last_submission":18,"owner":8,"payload_bytes":32768000,"release_reason":null}],"completed_retirements":2,"current_payload_bytes":32768000,"device_loss_confirmed":false,"device_loss_retirements":0,"observed_allocations":3,"peak_payload_bytes":54886400,"retiring_payload_bytes":0,"unknown_payload_allocations":0},"queue_epoch":1}
[SystemTime { tv_sec: 1790343147, tv_nsec: 84951905 }] native surface attachment {"allocation":1,"allocations_created":1,"extent":[1280,800],"format":"Bgra8UnormSrgb","gpu_retirement_qualified":false,"host":1,"owner":8,"payload_bytes":32768000,"queue_epoch":1,"samples":8,"state":"current_renderer_reference","window":"WindowId(31457284)"}
[SystemTime { tv_sec: 1790343147, tv_nsec: 85005847 }] renderer render end 1ms
[SystemTime { tv_sec: 1790343147, tv_nsec: 85058108 }] frame present begin
[SystemTime { tv_sec: 1790343147, tv_nsec: 85214197 }] native_surface_lifecycle {"acquire_attempts":14,"acquired":14,"active":0,"configuration_generation":1,"configure_attempts":1,"configured_extent":[1280,800],"discarded":0,"frame_submission_receipts_issued":18,"frame_submissions":14,"gpu_completed_through_receipt":17,"host":1,"last_frame_submission_receipt":18,"last_present_receipt":18,"presented":14,"queue_epoch":1,"reason":"present","wgpu_submission":"Some(SubmissionIndex { index: 18 })","window":"WindowId(31457284)"}
[SystemTime { tv_sec: 1790343147, tv_nsec: 85287531 }] frame present end 0ms total=2ms
[SystemTime { tv_sec: 1790343147, tv_nsec: 85363412 }] native redraw ledger {"attempts":23,"counts":{"coalesced":2,"duplicate_tokens":0,"presentations":14,"received":23,"requested":23,"suppressed":16},"damage":22,"device_generation":1,"host_generation":1,"pending":false,"presented_damage":22,"ready":false,"reason":"presented","rendering":null,"window":"WindowId(31457284)"}
[SystemTime { tv_sec: 1790343147, tv_nsec: 85415733 }] redraw handler end
[SystemTime { tv_sec: 1790343147, tv_nsec: 92791974 }] window event WindowId(31457284) keyboard physical=Code(ArrowRight) logical=Named(ArrowRight) state=Released repeat=false text=None synthetic=false
[SystemTime { tv_sec: 1790343147, tv_nsec: 92948044 }] window event WindowId(31457284) redraw requested
[SystemTime { tv_sec: 1790343147, tv_nsec: 93008458 }] native frame round hosts=[WindowId(31457284)]
[SystemTime { tv_sec: 1790343147, tv_nsec: 93061012 }] redraw handler begin
[SystemTime { tv_sec: 1790343147, tv_nsec: 93198539 }] native_surface_lifecycle {"acquire_attempts":14,"acquired":14,"active":0,"configuration_generation":1,"configure_attempts":1,"configured_extent":[1280,800],"discarded":0,"frame_submission_receipts_issued":18,"frame_submissions":14,"gpu_completed_through_receipt":17,"host":1,"last_frame_submission_receipt":18,"last_present_receipt":18,"presented":14,"queue_epoch":1,"reason":"wait_queue","wgpu_submission":"Some(SubmissionIndex { index: 18 })","window":"WindowId(31457284)"}
[SystemTime { tv_sec: 1790343147, tv_nsec: 93306292 }] native redraw ledger {"attempts":24,"counts":{"coalesced":2,"duplicate_tokens":0,"presentations":14,"received":24,"requested":24,"suppressed":16},"damage":23,"device_generation":1,"host_generation":1,"pending":false,"presented_damage":22,"ready":false,"reason":"not_presented","rendering":null,"window":"WindowId(31457284)"}
[SystemTime { tv_sec: 1790343147, tv_nsec: 103714977 }] window event WindowId(31457284) keyboard physical=Code(Enter) logical=Named(Enter) state=Pressed repeat=false text=Some("\r") synthetic=false
[SystemTime { tv_sec: 1790343147, tv_nsec: 104008831 }] window event WindowId(31457284) redraw requested
[SystemTime { tv_sec: 1790343147, tv_nsec: 112323312 }] surface identity window=WindowId(31457338) window_backend=x11 gpu_backend=Vulkan adapter="Intel(R) HD Graphics P630 (KBL GT2)" device_type=IntegratedGpu driver="Intel open-source Mesa driver" driver_info="Mesa 25.0.7-2+deb13u1"
[SystemTime { tv_sec: 1790343147, tv_nsec: 124691141 }] native frame round hosts=[WindowId(31457284)]
[SystemTime { tv_sec: 1790343147, tv_nsec: 124752375 }] redraw handler begin
[SystemTime { tv_sec: 1790343147, tv_nsec: 124995921 }] render scene prepare begin retained_cached=true
[SystemTime { tv_sec: 1790343147, tv_nsec: 125051533 }] prepared scene build begin
[SystemTime { tv_sec: 1790343147, tv_nsec: 125552345 }] native control_meshes window=WindowId(31457284) builds=1
[SystemTime { tv_sec: 1790343147, tv_nsec: 125612929 }] prepared scene build end 0ms
[SystemTime { tv_sec: 1790343147, tv_nsec: 125666354 }] renderer render begin
[SystemTime { tv_sec: 1790343147, tv_nsec: 127364917 }] native_surface_lifecycle {"acquire_attempts":15,"acquired":15,"active":1,"configuration_generation":1,"configure_attempts":1,"configured_extent":[1280,800],"discarded":0,"frame_submission_receipts_issued":19,"frame_submissions":15,"gpu_completed_through_receipt":18,"host":1,"last_frame_submission_receipt":19,"last_present_receipt":18,"presented":14,"queue_epoch":1,"reason":"submit","wgpu_submission":"Some(SubmissionIndex { index: 19 })","window":"WindowId(31457284)"}
[SystemTime { tv_sec: 1790343147, tv_nsec: 127441763 }] native upload frame window=WindowId(31457284) host=1 renderer=1 queue_epoch=1 surface_generation=1 acquisition=15 submission=19 receipt=Some(UploadFrame { consumers: {"MAIN", "BOARD", "LAYERS", "NAV", "INSPECTOR", "MENU", "TERMINAL"}, owner: 7, attempt: 16, rendered: Some(true), totals: UploadTotals { batches: 1, buffer_payload_bytes: 4384, texture_source_bytes: 0, texture_padding_bytes: 0, scatter_index_bytes: 4368, staging_capacity_bytes: 17488, buffer_copy_bytes: 8752, buffer_copies: 5, texture_copies: 0, scatter_dispatches: 1 } })
[SystemTime { tv_sec: 1790343147, tv_nsec: 127508404 }] native font ownership window=WindowId(31457284) usage=Usage { allocation: Usage { allocator_installed: true, owner_id: 3, label: "renderer-fonts-and-shapes", payload_bytes: 924302, tracking_bytes: 88520, allocations: 11063, peak_payload_bytes: 925507, owner_metadata_bytes: 96 }, returned_shape_bytes: 178048, private_bytes: Some(834774), fixed_font_bytes: Some(772070), cache_reserved_bytes: 62704, last_call: Some(Report { call_id: 2157, owner_id: 3, allocator_installed: true, host_initial_bytes: 342664, host_final_bytes: 342664, process_initial_bytes: 342664, process_final_bytes: 342664, initial_bytes: 62704, final_bytes: 63880, peak_bytes: 64029, host_peak_bytes: 342664, process_peak_bytes: 342664, exceeded: false }) } measurement=Some(Usage { allocation: Usage { allocator_installed: true, owner_id: 13, label: "text-measurement", payload_bytes: 734742, tracking_bytes: 84216, allocations: 10525, peak_payload_bytes: 748214, owner_metadata_bytes: 96 }, returned_shape_bytes: 0, private_bytes: Some(818958), fixed_font_bytes: Some(772070), cache_reserved_bytes: 46888, last_call: Some(Report { call_id: 1657, owner_id: 13, allocator_installed: true, host_initial_bytes: 387312, host_final_bytes: 387312, process_initial_bytes: 387312, process_final_bytes: 387312, initial_bytes: 46888, final_bytes: 46888, peak_bytes: 54192, host_peak_bytes: 387312, process_peak_bytes: 387312, exceeded: false }) }) process_registry_bytes=RegistryUsage { registry_heap_bytes: 136, scope_owner_bytes: 1152, call_slots_static_bytes: 9752 }
[SystemTime { tv_sec: 1790343147, tv_nsec: 127579394 }] native attachment ledger {"attachments":{"allocations":[{"allocation":1,"host":1,"last_submission":19,"owner":8,"payload_bytes":32768000,"release_reason":null}],"completed_retirements":2,"current_payload_bytes":32768000,"device_loss_confirmed":false,"device_loss_retirements":0,"observed_allocations":3,"peak_payload_bytes":54886400,"retiring_payload_bytes":0,"unknown_payload_allocations":0},"queue_epoch":1}
[SystemTime { tv_sec: 1790343147, tv_nsec: 127642225 }] native surface attachment {"allocation":1,"allocations_created":1,"extent":[1280,800],"format":"Bgra8UnormSrgb","gpu_retirement_qualified":false,"host":1,"owner":8,"payload_bytes":32768000,"queue_epoch":1,"samples":8,"state":"current_renderer_reference","window":"WindowId(31457284)"}
[SystemTime { tv_sec: 1790343147, tv_nsec: 127713793 }] renderer render end 2ms
[SystemTime { tv_sec: 1790343147, tv_nsec: 127785078 }] frame present begin
[SystemTime { tv_sec: 1790343147, tv_nsec: 128032549 }] native_surface_lifecycle {"acquire_attempts":15,"acquired":15,"active":0,"configuration_generation":1,"configure_attempts":1,"configured_extent":[1280,800],"discarded":0,"frame_submission_receipts_issued":19,"frame_submissions":15,"gpu_completed_through_receipt":18,"host":1,"last_frame_submission_receipt":19,"last_present_receipt":19,"presented":15,"queue_epoch":1,"reason":"present","wgpu_submission":"Some(SubmissionIndex { index: 19 })","window":"WindowId(31457284)"}
[SystemTime { tv_sec: 1790343147, tv_nsec: 128184402 }] frame present end 0ms total=3ms
[SystemTime { tv_sec: 1790343147, tv_nsec: 128300788 }] native redraw ledger {"attempts":25,"counts":{"coalesced":2,"duplicate_tokens":0,"presentations":15,"received":25,"requested":25,"suppressed":17},"damage":24,"device_generation":1,"host_generation":1,"pending":false,"presented_damage":24,"ready":false,"reason":"presented","rendering":null,"window":"WindowId(31457284)"}
[SystemTime { tv_sec: 1790343147, tv_nsec: 128373454 }] redraw handler end
[SystemTime { tv_sec: 1790343147, tv_nsec: 128689740 }] native queue progress epoch=1 submitted=19 completed=18
[SystemTime { tv_sec: 1790343147, tv_nsec: 128781430 }] native attachment ledger {"attachments":{"allocations":[{"allocation":1,"host":1,"last_submission":19,"owner":8,"payload_bytes":32768000,"release_reason":null}],"completed_retirements":2,"current_payload_bytes":32768000,"device_loss_confirmed":false,"device_loss_retirements":0,"observed_allocations":3,"peak_payload_bytes":54886400,"retiring_payload_bytes":0,"unknown_payload_allocations":0},"queue_epoch":1}
[SystemTime { tv_sec: 1790343147, tv_nsec: 128948862 }] window event WindowId(31457338) ime Disabled
[SystemTime { tv_sec: 1790343147, tv_nsec: 129076911 }] window event WindowId(31457284) keyboard physical=Code(Enter) logical=Named(Enter) state=Released repeat=false text=Some("\r") synthetic=false
[SystemTime { tv_sec: 1790343147, tv_nsec: 129754493 }] window event WindowId(31457338) redraw requested
[SystemTime { tv_sec: 1790343147, tv_nsec: 130002336 }] native frame round hosts=[WindowId(31457338)]
[SystemTime { tv_sec: 1790343147, tv_nsec: 130137656 }] native_surface_lifecycle {"acquire_attempts":0,"acquired":0,"active":0,"configuration_generation":0,"configure_attempts":0,"configured_extent":null,"discarded":0,"frame_submission_receipts_issued":19,"frame_submissions":0,"gpu_completed_through_receipt":18,"host":4,"last_frame_submission_receipt":0,"last_present_receipt":0,"presented":0,"queue_epoch":1,"reason":"wait_queue","wgpu_submission":"None","window":"WindowId(31457338)"}
[SystemTime { tv_sec: 1790343147, tv_nsec: 130227282 }] native redraw ledger {"attempts":1,"counts":{"coalesced":1,"duplicate_tokens":0,"presentations":0,"received":1,"requested":1,"suppressed":0},"damage":3,"device_generation":1,"host_generation":4,"pending":false,"presented_damage":0,"ready":false,"reason":"not_presented","rendering":null,"window":"WindowId(31457338)"}
[SystemTime { tv_sec: 1790343147, tv_nsec: 133394177 }] native queue progress epoch=1 submitted=19 completed=19
[SystemTime { tv_sec: 1790343147, tv_nsec: 133497060 }] native attachment ledger {"attachments":{"allocations":[{"allocation":1,"host":1,"last_submission":19,"owner":8,"payload_bytes":32768000,"release_reason":null}],"completed_retirements":2,"current_payload_bytes":32768000,"device_loss_confirmed":false,"device_loss_retirements":0,"observed_allocations":3,"peak_payload_bytes":54886400,"retiring_payload_bytes":0,"unknown_payload_allocations":0},"queue_epoch":1}
[SystemTime { tv_sec: 1790343147, tv_nsec: 134436507 }] window event WindowId(31457338) redraw requested
[SystemTime { tv_sec: 1790343147, tv_nsec: 134888771 }] native frame round hosts=[WindowId(31457338)]
[SystemTime { tv_sec: 1790343147, tv_nsec: 134961126 }] surface configure begin
[SystemTime { tv_sec: 1790343147, tv_nsec: 143385643 }] surface configure end
[SystemTime { tv_sec: 1790343147, tv_nsec: 143451659 }] native queue configured host=4 configurations=4 submitted=19 completed=19
[SystemTime { tv_sec: 1790343147, tv_nsec: 143663310 }] native control_meshes window=WindowId(31457338) builds=13
[SystemTime { tv_sec: 1790343147, tv_nsec: 159705557 }] native_surface_lifecycle {"acquire_attempts":1,"acquired":1,"active":1,"configuration_generation":1,"configure_attempts":1,"configured_extent":[960,720],"discarded":0,"frame_submission_receipts_issued":20,"frame_submissions":1,"gpu_completed_through_receipt":19,"host":4,"last_frame_submission_receipt":20,"last_present_receipt":0,"presented":0,"queue_epoch":1,"reason":"submit","wgpu_submission":"Some(SubmissionIndex { index: 20 })","window":"WindowId(31457338)"}
[SystemTime { tv_sec: 1790343147, tv_nsec: 159765827 }] native upload frame window=WindowId(31457338) host=4 renderer=4 queue_epoch=1 surface_generation=1 acquisition=1 submission=20 receipt=Some(UploadFrame { consumers: {"GLOBAL"}, owner: 90, attempt: 1, rendered: Some(true), totals: UploadTotals { batches: 1, buffer_payload_bytes: 42328, texture_source_bytes: 8502, texture_padding_bytes: 381642, scatter_index_bytes: 0, staging_capacity_bytes: 432472, buffer_copy_bytes: 42328, buffer_copies: 3, texture_copies: 216, scatter_dispatches: 0 } })
[SystemTime { tv_sec: 1790343147, tv_nsec: 159803681 }] native font ownership window=WindowId(31457338) usage=Usage { allocation: Usage { allocator_installed: true, owner_id: 26, label: "renderer-fonts-and-shapes", payload_bytes: 828598, tracking_bytes: 85448, allocations: 10679, peak_payload_bytes: 828931, owner_metadata_bytes: 96 }, returned_shape_bytes: 95088, private_bytes: Some(818958), fixed_font_bytes: Some(772070), cache_reserved_bytes: 46888, last_call: Some(Report { call_id: 2633, owner_id: 26, allocator_installed: true, host_initial_bytes: 173469, host_final_bytes: 173493, process_initial_bytes: 477165, process_final_bytes: 477189, initial_bytes: 46888, final_bytes: 46888, peak_bytes: 46888, host_peak_bytes: 173493, process_peak_bytes: 477189, exceeded: false }) } measurement=None process_registry_bytes=RegistryUsage { registry_heap_bytes: 136, scope_owner_bytes: 1152, call_slots_static_bytes: 9752 }
[SystemTime { tv_sec: 1790343147, tv_nsec: 159852220 }] native attachment ledger {"attachments":{"allocations":[{"allocation":1,"host":1,"last_submission":19,"owner":8,"payload_bytes":32768000,"release_reason":null},{"allocation":1,"host":4,"last_submission":20,"owner":91,"payload_bytes":22118400,"release_reason":null}],"completed_retirements":2,"current_payload_bytes":54886400,"device_loss_confirmed":false,"device_loss_retirements":0,"observed_allocations":4,"peak_payload_bytes":54886400,"retiring_payload_bytes":0,"unknown_payload_allocations":0},"queue_epoch":1}
[SystemTime { tv_sec: 1790343147, tv_nsec: 159890807 }] native surface attachment {"allocation":1,"allocations_created":1,"extent":[960,720],"format":"Bgra8UnormSrgb","gpu_retirement_qualified":false,"host":4,"owner":91,"payload_bytes":22118400,"queue_epoch":1,"samples":8,"state":"current_renderer_reference","window":"WindowId(31457338)"}
[SystemTime { tv_sec: 1790343147, tv_nsec: 159993276 }] native_surface_lifecycle {"acquire_attempts":1,"acquired":1,"active":0,"configuration_generation":1,"configure_attempts":1,"configured_extent":[960,720],"discarded":0,"frame_submission_receipts_issued":20,"frame_submissions":1,"gpu_completed_through_receipt":19,"host":4,"last_frame_submission_receipt":20,"last_present_receipt":20,"presented":1,"queue_epoch":1,"reason":"present","wgpu_submission":"Some(SubmissionIndex { index: 20 })","window":"WindowId(31457338)"}
[SystemTime { tv_sec: 1790343147, tv_nsec: 160049044 }] native redraw ledger {"attempts":2,"counts":{"coalesced":1,"duplicate_tokens":0,"presentations":1,"received":2,"requested":2,"suppressed":1},"damage":3,"device_generation":1,"host_generation":4,"pending":false,"presented_damage":3,"ready":false,"reason":"presented","rendering":null,"window":"WindowId(31457338)"}
[SystemTime { tv_sec: 1790343147, tv_nsec: 160336195 }] window event WindowId(31457338) focused false
[SystemTime { tv_sec: 1790343147, tv_nsec: 160502189 }] window event WindowId(31457338) occluded false
[SystemTime { tv_sec: 1790343147, tv_nsec: 160839455 }] window event WindowId(31457284) modifiers changed ModifiersState(0x0)
[SystemTime { tv_sec: 1790343147, tv_nsec: 161234369 }] window event WindowId(31457284) focused false
[SystemTime { tv_sec: 1790343147, tv_nsec: 161700007 }] window event WindowId(31457338) focused true
[SystemTime { tv_sec: 1790343147, tv_nsec: 162224451 }] window event WindowId(31457338) modifiers changed ModifiersState(0x0)
[SystemTime { tv_sec: 1790343147, tv_nsec: 162277850 }] window event WindowId(31457338) cursor moved 467.00,170.00
[SystemTime { tv_sec: 1790343147, tv_nsec: 162328540 }] window event WindowId(31457338) occluded false
[SystemTime { tv_sec: 1790343147, tv_nsec: 162687190 }] window event WindowId(31457338) resized 960x720
[SystemTime { tv_sec: 1790343147, tv_nsec: 162752244 }] window event WindowId(31457338) redraw requested
[SystemTime { tv_sec: 1790343147, tv_nsec: 162796747 }] native frame round hosts=[WindowId(31457338)]
[SystemTime { tv_sec: 1790343147, tv_nsec: 162881099 }] native_surface_lifecycle {"acquire_attempts":1,"acquired":1,"active":0,"configuration_generation":1,"configure_attempts":1,"configured_extent":[960,720],"discarded":0,"frame_submission_receipts_issued":20,"frame_submissions":1,"gpu_completed_through_receipt":19,"host":4,"last_frame_submission_receipt":20,"last_present_receipt":20,"presented":1,"queue_epoch":1,"reason":"wait_queue","wgpu_submission":"Some(SubmissionIndex { index: 20 })","window":"WindowId(31457338)"}
[SystemTime { tv_sec: 1790343147, tv_nsec: 162938030 }] native redraw ledger {"attempts":3,"counts":{"coalesced":1,"duplicate_tokens":0,"presentations":1,"received":3,"requested":2,"suppressed":1},"damage":4,"device_generation":1,"host_generation":4,"pending":false,"presented_damage":3,"ready":false,"reason":"not_presented","rendering":null,"window":"WindowId(31457338)"}
[SystemTime { tv_sec: 1790343147, tv_nsec: 169414818 }] native queue progress epoch=1 submitted=20 completed=20
[SystemTime { tv_sec: 1790343147, tv_nsec: 169459567 }] native attachment ledger {"attachments":{"allocations":[{"allocation":1,"host":1,"last_submission":19,"owner":8,"payload_bytes":32768000,"release_reason":null},{"allocation":1,"host":4,"last_submission":20,"owner":91,"payload_bytes":22118400,"release_reason":null}],"completed_retirements":2,"current_payload_bytes":54886400,"device_loss_confirmed":false,"device_loss_retirements":0,"observed_allocations":4,"peak_payload_bytes":54886400,"retiring_payload_bytes":0,"unknown_payload_allocations":0},"queue_epoch":1}
[SystemTime { tv_sec: 1790343147, tv_nsec: 169505152 }] window event WindowId(31457338) redraw requested
[SystemTime { tv_sec: 1790343147, tv_nsec: 169529387 }] native frame round hosts=[WindowId(31457338)]
[SystemTime { tv_sec: 1790343147, tv_nsec: 169849117 }] native_surface_lifecycle {"acquire_attempts":2,"acquired":2,"active":1,"configuration_generation":1,"configure_attempts":1,"configured_extent":[960,720],"discarded":0,"frame_submission_receipts_issued":21,"frame_submissions":2,"gpu_completed_through_receipt":20,"host":4,"last_frame_submission_receipt":21,"last_present_receipt":20,"presented":1,"queue_epoch":1,"reason":"submit","wgpu_submission":"Some(SubmissionIndex { index: 21 })","window":"WindowId(31457338)"}
[SystemTime { tv_sec: 1790343147, tv_nsec: 169879965 }] native upload frame window=WindowId(31457338) host=4 renderer=4 queue_epoch=1 surface_generation=1 acquisition=2 submission=21 receipt=Some(UploadFrame { consumers: {"GLOBAL"}, owner: 90, attempt: 2, rendered: Some(true), totals: UploadTotals { batches: 0, buffer_payload_bytes: 0, texture_source_bytes: 0, texture_padding_bytes: 0, scatter_index_bytes: 0, staging_capacity_bytes: 0, buffer_copy_bytes: 0, buffer_copies: 0, texture_copies: 0, scatter_dispatches: 0 } })
[SystemTime { tv_sec: 1790343147, tv_nsec: 169907516 }] native font ownership window=WindowId(31457338) usage=Usage { allocation: Usage { allocator_installed: true, owner_id: 26, label: "renderer-fonts-and-shapes", payload_bytes: 828598, tracking_bytes: 85448, allocations: 10679, peak_payload_bytes: 828931, owner_metadata_bytes: 96 }, returned_shape_bytes: 95088, private_bytes: Some(818958), fixed_font_bytes: Some(772070), cache_reserved_bytes: 46888, last_call: Some(Report { call_id: 2633, owner_id: 26, allocator_installed: true, host_initial_bytes: 173469, host_final_bytes: 173493, process_initial_bytes: 477165, process_final_bytes: 477189, initial_bytes: 46888, final_bytes: 46888, peak_bytes: 46888, host_peak_bytes: 173493, process_peak_bytes: 477189, exceeded: false }) } measurement=None process_registry_bytes=RegistryUsage { registry_heap_bytes: 136, scope_owner_bytes: 1152, call_slots_static_bytes: 9752 }
[SystemTime { tv_sec: 1790343147, tv_nsec: 169945056 }] native attachment ledger {"attachments":{"allocations":[{"allocation":1,"host":1,"last_submission":19,"owner":8,"payload_bytes":32768000,"release_reason":null},{"allocation":1,"host":4,"last_submission":21,"owner":91,"payload_bytes":22118400,"release_reason":null}],"completed_retirements":2,"current_payload_bytes":54886400,"device_loss_confirmed":false,"device_loss_retirements":0,"observed_allocations":4,"peak_payload_bytes":54886400,"retiring_payload_bytes":0,"unknown_payload_allocations":0},"queue_epoch":1}
[SystemTime { tv_sec: 1790343147, tv_nsec: 169972139 }] native surface attachment {"allocation":1,"allocations_created":1,"extent":[960,720],"format":"Bgra8UnormSrgb","gpu_retirement_qualified":false,"host":4,"owner":91,"payload_bytes":22118400,"queue_epoch":1,"samples":8,"state":"current_renderer_reference","window":"WindowId(31457338)"}
[SystemTime { tv_sec: 1790343147, tv_nsec: 170038000 }] native_surface_lifecycle {"acquire_attempts":2,"acquired":2,"active":0,"configuration_generation":1,"configure_attempts":1,"configured_extent":[960,720],"discarded":0,"frame_submission_receipts_issued":21,"frame_submissions":2,"gpu_completed_through_receipt":20,"host":4,"last_frame_submission_receipt":21,"last_present_receipt":21,"presented":2,"queue_epoch":1,"reason":"present","wgpu_submission":"Some(SubmissionIndex { index: 21 })","window":"WindowId(31457338)"}
[SystemTime { tv_sec: 1790343147, tv_nsec: 170068241 }] native redraw ledger {"attempts":4,"counts":{"coalesced":1,"duplicate_tokens":0,"presentations":2,"received":4,"requested":3,"suppressed":2},"damage":4,"device_generation":1,"host_generation":4,"pending":false,"presented_damage":4,"ready":false,"reason":"presented","rendering":null,"window":"WindowId(31457338)"}
[SystemTime { tv_sec: 1790343147, tv_nsec: 172507733 }] native queue progress epoch=1 submitted=21 completed=21
[SystemTime { tv_sec: 1790343147, tv_nsec: 172553629 }] native attachment ledger {"attachments":{"allocations":[{"allocation":1,"host":1,"last_submission":19,"owner":8,"payload_bytes":32768000,"release_reason":null},{"allocation":1,"host":4,"last_submission":21,"owner":91,"payload_bytes":22118400,"release_reason":null}],"completed_retirements":2,"current_payload_bytes":54886400,"device_loss_confirmed":false,"device_loss_retirements":0,"observed_allocations":4,"peak_payload_bytes":54886400,"retiring_payload_bytes":0,"unknown_payload_allocations":0},"queue_epoch":1}
[SystemTime { tv_sec: 1790343147, tv_nsec: 192122385 }] window event WindowId(31457338) keyboard physical=Code(Escape) logical=Named(Escape) state=Pressed repeat=false text=Some("\u{1b}") synthetic=false
[SystemTime { tv_sec: 1790343147, tv_nsec: 192193996 }] window event WindowId(31457284) redraw requested
[SystemTime { tv_sec: 1790343147, tv_nsec: 192258837 }] window event WindowId(31457338) redraw requested
[SystemTime { tv_sec: 1790343147, tv_nsec: 192311208 }] native redraw ledger {"attempts":4,"counts":{"coalesced":1,"duplicate_tokens":0,"presentations":2,"received":5,"requested":4,"suppressed":2},"damage":5,"device_generation":1,"host_generation":4,"pending":true,"presented_damage":4,"ready":true,"reason":"closed","rendering":null,"window":"WindowId(31457338)"}
[SystemTime { tv_sec: 1790343147, tv_nsec: 200500382 }] native_surface_lifecycle {"acquire_attempts":2,"acquired":2,"active":0,"configuration_generation":1,"configure_attempts":1,"configured_extent":[960,720],"discarded":0,"frame_submission_receipts_issued":21,"frame_submissions":2,"gpu_completed_through_receipt":21,"host":4,"last_frame_submission_receipt":21,"last_present_receipt":21,"presented":2,"queue_epoch":1,"reason":"owner_drop","wgpu_submission":"Some(SubmissionIndex { index: 21 })","window":"WindowId(31457338)"}
[SystemTime { tv_sec: 1790343147, tv_nsec: 200549296 }] native attachment ledger {"attachments":{"allocations":[{"allocation":1,"host":1,"last_submission":19,"owner":8,"payload_bytes":32768000,"release_reason":null}],"completed_retirements":3,"current_payload_bytes":32768000,"device_loss_confirmed":false,"device_loss_retirements":0,"observed_allocations":4,"peak_payload_bytes":54886400,"retiring_payload_bytes":0,"unknown_payload_allocations":0},"queue_epoch":1}
[SystemTime { tv_sec: 1790343147, tv_nsec: 200894275 }] native frame round hosts=[WindowId(31457284)]
[SystemTime { tv_sec: 1790343147, tv_nsec: 200918676 }] redraw handler begin
[SystemTime { tv_sec: 1790343147, tv_nsec: 200949087 }] render scene prepare begin retained_cached=true
[SystemTime { tv_sec: 1790343147, tv_nsec: 200968305 }] prepared scene build begin
[SystemTime { tv_sec: 1790343147, tv_nsec: 201123320 }] native control_meshes window=WindowId(31457284) builds=1
[SystemTime { tv_sec: 1790343147, tv_nsec: 201144768 }] prepared scene build end 0ms
[SystemTime { tv_sec: 1790343147, tv_nsec: 201183301 }] renderer render begin
[SystemTime { tv_sec: 1790343147, tv_nsec: 202049587 }] native_surface_lifecycle {"acquire_attempts":16,"acquired":16,"active":1,"configuration_generation":1,"configure_attempts":1,"configured_extent":[1280,800],"discarded":0,"frame_submission_receipts_issued":22,"frame_submissions":16,"gpu_completed_through_receipt":21,"host":1,"last_frame_submission_receipt":22,"last_present_receipt":19,"presented":15,"queue_epoch":1,"reason":"submit","wgpu_submission":"Some(SubmissionIndex { index: 22 })","window":"WindowId(31457284)"}
[SystemTime { tv_sec: 1790343147, tv_nsec: 202117694 }] native upload frame window=WindowId(31457284) host=1 renderer=1 queue_epoch=1 surface_generation=1 acquisition=16 submission=22 receipt=Some(UploadFrame { consumers: {"MAIN", "BOARD", "LAYERS", "NAV", "INSPECTOR", "MENU", "TERMINAL"}, owner: 7, attempt: 17, rendered: Some(true), totals: UploadTotals { batches: 1, buffer_payload_bytes: 12676, texture_source_bytes: 0, texture_padding_bytes: 0, scatter_index_bytes: 12604, staging_capacity_bytes: 50488, buffer_copy_bytes: 25280, buffer_copies: 19, texture_copies: 0, scatter_dispatches: 1 } })
[SystemTime { tv_sec: 1790343147, tv_nsec: 202143877 }] native font ownership window=WindowId(31457284) usage=Usage { allocation: Usage { allocator_installed: true, owner_id: 3, label: "renderer-fonts-and-shapes", payload_bytes: 925390, tracking_bytes: 88544, allocations: 11066, peak_payload_bytes: 925507, owner_metadata_bytes: 96 }, returned_shape_bytes: 179160, private_bytes: Some(834774), fixed_font_bytes: Some(772070), cache_reserved_bytes: 62704, last_call: Some(Report { call_id: 2634, owner_id: 3, allocator_installed: true, host_initial_bytes: 339856, host_final_bytes: 339856, process_initial_bytes: 339856, process_final_bytes: 339856, initial_bytes: 62704, final_bytes: 63816, peak_bytes: 63959, host_peak_bytes: 339856, process_peak_bytes: 339856, exceeded: false }) } measurement=Some(Usage { allocation: Usage { allocator_installed: true, owner_id: 13, label: "text-measurement", payload_bytes: 734742, tracking_bytes: 84216, allocations: 10525, peak_payload_bytes: 748214, owner_metadata_bytes: 96 }, returned_shape_bytes: 0, private_bytes: Some(818958), fixed_font_bytes: Some(772070), cache_reserved_bytes: 46888, last_call: Some(Report { call_id: 1657, owner_id: 13, allocator_installed: true, host_initial_bytes: 387312, host_final_bytes: 387312, process_initial_bytes: 387312, process_final_bytes: 387312, initial_bytes: 46888, final_bytes: 46888, peak_bytes: 54192, host_peak_bytes: 387312, process_peak_bytes: 387312, exceeded: false }) }) process_registry_bytes=RegistryUsage { registry_heap_bytes: 136, scope_owner_bytes: 1152, call_slots_static_bytes: 9752 }
[SystemTime { tv_sec: 1790343147, tv_nsec: 202176246 }] native attachment ledger {"attachments":{"allocations":[{"allocation":1,"host":1,"last_submission":22,"owner":8,"payload_bytes":32768000,"release_reason":null}],"completed_retirements":3,"current_payload_bytes":32768000,"device_loss_confirmed":false,"device_loss_retirements":0,"observed_allocations":4,"peak_payload_bytes":54886400,"retiring_payload_bytes":0,"unknown_payload_allocations":0},"queue_epoch":1}
[SystemTime { tv_sec: 1790343147, tv_nsec: 202200776 }] native surface attachment {"allocation":1,"allocations_created":1,"extent":[1280,800],"format":"Bgra8UnormSrgb","gpu_retirement_qualified":false,"host":1,"owner":8,"payload_bytes":32768000,"queue_epoch":1,"samples":8,"state":"current_renderer_reference","window":"WindowId(31457284)"}
[SystemTime { tv_sec: 1790343147, tv_nsec: 202219079 }] renderer render end 1ms
[SystemTime { tv_sec: 1790343147, tv_nsec: 202236954 }] frame present begin
[SystemTime { tv_sec: 1790343147, tv_nsec: 202312297 }] native_surface_lifecycle {"acquire_attempts":16,"acquired":16,"active":0,"configuration_generation":1,"configure_attempts":1,"configured_extent":[1280,800],"discarded":0,"frame_submission_receipts_issued":22,"frame_submissions":16,"gpu_completed_through_receipt":21,"host":1,"last_frame_submission_receipt":22,"last_present_receipt":22,"presented":16,"queue_epoch":1,"reason":"present","wgpu_submission":"Some(SubmissionIndex { index: 22 })","window":"WindowId(31457284)"}
[SystemTime { tv_sec: 1790343147, tv_nsec: 202358592 }] frame present end 0ms total=1ms
[SystemTime { tv_sec: 1790343147, tv_nsec: 202413374 }] native redraw ledger {"attempts":26,"counts":{"coalesced":2,"duplicate_tokens":0,"presentations":16,"received":26,"requested":26,"suppressed":18},"damage":25,"device_generation":1,"host_generation":1,"pending":false,"presented_damage":25,"ready":false,"reason":"presented","rendering":null,"window":"WindowId(31457284)"}
[SystemTime { tv_sec: 1790343147, tv_nsec: 202441487 }] redraw handler end
[SystemTime { tv_sec: 1790343147, tv_nsec: 202856718 }] window event WindowId(31457284) focused true
[SystemTime { tv_sec: 1790343147, tv_nsec: 203309120 }] window event WindowId(31457284) modifiers changed ModifiersState(0x0)
[SystemTime { tv_sec: 1790343147, tv_nsec: 203353579 }] window event WindowId(31457284) cursor moved 148.00,16.00
[SystemTime { tv_sec: 1790343147, tv_nsec: 203576635 }] window event WindowId(31457284) modifiers changed ModifiersState(0x0)
[SystemTime { tv_sec: 1790343147, tv_nsec: 203906262 }] window event WindowId(31457284) focused false
[SystemTime { tv_sec: 1790343147, tv_nsec: 204150471 }] window event WindowId(31457284) focused true
[SystemTime { tv_sec: 1790343147, tv_nsec: 204857937 }] window event WindowId(31457284) modifiers changed ModifiersState(0x0)
[SystemTime { tv_sec: 1790343147, tv_nsec: 204904689 }] window event WindowId(31457284) cursor moved 148.00,16.00
[SystemTime { tv_sec: 1790343147, tv_nsec: 205261384 }] window event WindowId(31457284) keyboard physical=Code(Escape) logical=Named(Escape) state=Released repeat=false text=Some("\u{1b}") synthetic=false
[SystemTime { tv_sec: 1790343147, tv_nsec: 205301036 }] pan key physical=Code(Escape) logical=Named(Escape) state=Released repeat=false pointer_in_scene=false held=false consumed=false
[SystemTime { tv_sec: 1790343147, tv_nsec: 205617370 }] window event WindowId(31457338) destroyed
[SystemTime { tv_sec: 1790343147, tv_nsec: 215305932 }] window event WindowId(31457284) modifiers changed ModifiersState(0x0)
[SystemTime { tv_sec: 1790343147, tv_nsec: 215349061 }] window event WindowId(31457284) mouse input Left Pressed
[SystemTime { tv_sec: 1790343147, tv_nsec: 215385366 }] pan primary pressed cursor=Some((148.0, 16.0)) pointer_in_scene=false held=false active=false
[SystemTime { tv_sec: 1790343147, tv_nsec: 215417317 }] window event WindowId(31457284) modifiers changed ModifiersState(0x0)
[SystemTime { tv_sec: 1790343147, tv_nsec: 215443012 }] window event WindowId(31457284) modifiers changed ModifiersState(0x0)
[SystemTime { tv_sec: 1790343147, tv_nsec: 215467584 }] window event WindowId(31457284) mouse input Left Released
[SystemTime { tv_sec: 1790343147, tv_nsec: 215497033 }] pan primary released cursor=Some((148.0, 16.0)) suppress_click=false
[SystemTime { tv_sec: 1790343147, tv_nsec: 215597440 }] window event WindowId(31457284) modifiers changed ModifiersState(0x0)
[SystemTime { tv_sec: 1790343147, tv_nsec: 215631649 }] window event WindowId(31457284) redraw requested
[SystemTime { tv_sec: 1790343147, tv_nsec: 215662004 }] native frame round hosts=[WindowId(31457284)]
[SystemTime { tv_sec: 1790343147, tv_nsec: 215688054 }] redraw handler begin
[SystemTime { tv_sec: 1790343147, tv_nsec: 215817674 }] render scene prepare begin retained_cached=true
[SystemTime { tv_sec: 1790343147, tv_nsec: 215848477 }] prepared scene build begin
[SystemTime { tv_sec: 1790343147, tv_nsec: 216099418 }] native control_meshes window=WindowId(31457284) builds=1
[SystemTime { tv_sec: 1790343147, tv_nsec: 216123420 }] prepared scene build end 0ms
[SystemTime { tv_sec: 1790343147, tv_nsec: 216147385 }] renderer render begin
[SystemTime { tv_sec: 1790343147, tv_nsec: 217392271 }] native_surface_lifecycle {"acquire_attempts":17,"acquired":17,"active":1,"configuration_generation":1,"configure_attempts":1,"configured_extent":[1280,800],"discarded":0,"frame_submission_receipts_issued":23,"frame_submissions":17,"gpu_completed_through_receipt":22,"host":1,"last_frame_submission_receipt":23,"last_present_receipt":22,"presented":16,"queue_epoch":1,"reason":"submit","wgpu_submission":"Some(SubmissionIndex { index: 23 })","window":"WindowId(31457284)"}
[SystemTime { tv_sec: 1790343147, tv_nsec: 217460387 }] native upload frame window=WindowId(31457284) host=1 renderer=1 queue_epoch=1 surface_generation=1 acquisition=17 submission=23 receipt=Some(UploadFrame { consumers: {"MAIN", "BOARD", "LAYERS", "NAV", "INSPECTOR", "MENU", "TERMINAL"}, owner: 7, attempt: 18, rendered: Some(true), totals: UploadTotals { batches: 1, buffer_payload_bytes: 19660, texture_source_bytes: 0, texture_padding_bytes: 0, scatter_index_bytes: 17740, staging_capacity_bytes: 72880, buffer_copy_bytes: 37400, buffer_copies: 3, texture_copies: 0, scatter_dispatches: 2 } })
[SystemTime { tv_sec: 1790343147, tv_nsec: 217488876 }] native font ownership window=WindowId(31457284) usage=Usage { allocation: Usage { allocator_installed: true, owner_id: 3, label: "renderer-fonts-and-shapes", payload_bytes: 925390, tracking_bytes: 88544, allocations: 11066, peak_payload_bytes: 925507, owner_metadata_bytes: 96 }, returned_shape_bytes: 179160, private_bytes: Some(834774), fixed_font_bytes: Some(772070), cache_reserved_bytes: 62704, last_call: Some(Report { call_id: 2635, owner_id: 3, allocator_installed: true, host_initial_bytes: 342664, host_final_bytes: 342664, process_initial_bytes: 342664, process_final_bytes: 342664, initial_bytes: 62704, final_bytes: 63880, peak_bytes: 64029, host_peak_bytes: 342664, process_peak_bytes: 342664, exceeded: false }) } measurement=Some(Usage { allocation: Usage { allocator_installed: true, owner_id: 13, label: "text-measurement", payload_bytes: 734742, tracking_bytes: 84216, allocations: 10525, peak_payload_bytes: 748214, owner_metadata_bytes: 96 }, returned_shape_bytes: 0, private_bytes: Some(818958), fixed_font_bytes: Some(772070), cache_reserved_bytes: 46888, last_call: Some(Report { call_id: 1657, owner_id: 13, allocator_installed: true, host_initial_bytes: 387312, host_final_bytes: 387312, process_initial_bytes: 387312, process_final_bytes: 387312, initial_bytes: 46888, final_bytes: 46888, peak_bytes: 54192, host_peak_bytes: 387312, process_peak_bytes: 387312, exceeded: false }) }) process_registry_bytes=RegistryUsage { registry_heap_bytes: 136, scope_owner_bytes: 1152, call_slots_static_bytes: 9752 }
[SystemTime { tv_sec: 1790343147, tv_nsec: 217519537 }] native attachment ledger {"attachments":{"allocations":[{"allocation":1,"host":1,"last_submission":23,"owner":8,"payload_bytes":32768000,"release_reason":null}],"completed_retirements":3,"current_payload_bytes":32768000,"device_loss_confirmed":false,"device_loss_retirements":0,"observed_allocations":4,"peak_payload_bytes":54886400,"retiring_payload_bytes":0,"unknown_payload_allocations":0},"queue_epoch":1}
[SystemTime { tv_sec: 1790343147, tv_nsec: 217552545 }] native surface attachment {"allocation":1,"allocations_created":1,"extent":[1280,800],"format":"Bgra8UnormSrgb","gpu_retirement_qualified":false,"host":1,"owner":8,"payload_bytes":32768000,"queue_epoch":1,"samples":8,"state":"current_renderer_reference","window":"WindowId(31457284)"}
[SystemTime { tv_sec: 1790343147, tv_nsec: 217572583 }] renderer render end 1ms
[SystemTime { tv_sec: 1790343147, tv_nsec: 217591960 }] frame present begin
[SystemTime { tv_sec: 1790343147, tv_nsec: 217650944 }] native_surface_lifecycle {"acquire_attempts":17,"acquired":17,"active":0,"configuration_generation":1,"configure_attempts":1,"configured_extent":[1280,800],"discarded":0,"frame_submission_receipts_issued":23,"frame_submissions":17,"gpu_completed_through_receipt":22,"host":1,"last_frame_submission_receipt":23,"last_present_receipt":23,"presented":17,"queue_epoch":1,"reason":"present","wgpu_submission":"Some(SubmissionIndex { index: 23 })","window":"WindowId(31457284)"}
[SystemTime { tv_sec: 1790343147, tv_nsec: 217679194 }] frame present end 0ms total=1ms
[SystemTime { tv_sec: 1790343147, tv_nsec: 217706985 }] native redraw ledger {"attempts":27,"counts":{"coalesced":2,"duplicate_tokens":0,"presentations":17,"received":27,"requested":27,"suppressed":19},"damage":26,"device_generation":1,"host_generation":1,"pending":false,"presented_damage":26,"ready":false,"reason":"presented","rendering":null,"window":"WindowId(31457284)"}
[SystemTime { tv_sec: 1790343147, tv_nsec: 217726070 }] redraw handler end
[SystemTime { tv_sec: 1790343147, tv_nsec: 217753716 }] native queue progress epoch=1 submitted=23 completed=22
[SystemTime { tv_sec: 1790343147, tv_nsec: 217778902 }] native attachment ledger {"attachments":{"allocations":[{"allocation":1,"host":1,"last_submission":23,"owner":8,"payload_bytes":32768000,"release_reason":null}],"completed_retirements":3,"current_payload_bytes":32768000,"device_loss_confirmed":false,"device_loss_retirements":0,"observed_allocations":4,"peak_payload_bytes":54886400,"retiring_payload_bytes":0,"unknown_payload_allocations":0},"queue_epoch":1}
[SystemTime { tv_sec: 1790343147, tv_nsec: 236736346 }] native queue progress epoch=1 submitted=23 completed=23
[SystemTime { tv_sec: 1790343147, tv_nsec: 236779143 }] native attachment ledger {"attachments":{"allocations":[{"allocation":1,"host":1,"last_submission":23,"owner":8,"payload_bytes":32768000,"release_reason":null}],"completed_retirements":3,"current_payload_bytes":32768000,"device_loss_confirmed":false,"device_loss_retirements":0,"observed_allocations":4,"peak_payload_bytes":54886400,"retiring_payload_bytes":0,"unknown_payload_allocations":0},"queue_epoch":1}
[SystemTime { tv_sec: 1790343147, tv_nsec: 323784169 }] window event WindowId(31457284) keyboard physical=Code(ArrowUp) logical=Named(ArrowUp) state=Pressed repeat=false text=None synthetic=false
[SystemTime { tv_sec: 1790343147, tv_nsec: 324011675 }] window event WindowId(31457284) redraw requested
[SystemTime { tv_sec: 1790343147, tv_nsec: 324089134 }] native frame round hosts=[WindowId(31457284)]
[SystemTime { tv_sec: 1790343147, tv_nsec: 324159150 }] redraw handler begin
[SystemTime { tv_sec: 1790343147, tv_nsec: 324243045 }] render scene prepare begin retained_cached=true
[SystemTime { tv_sec: 1790343147, tv_nsec: 324290999 }] prepared scene build begin
[SystemTime { tv_sec: 1790343147, tv_nsec: 324637132 }] native control_meshes window=WindowId(31457284) builds=1
[SystemTime { tv_sec: 1790343147, tv_nsec: 324690001 }] prepared scene build end 0ms
[SystemTime { tv_sec: 1790343147, tv_nsec: 324741921 }] renderer render begin
[SystemTime { tv_sec: 1790343147, tv_nsec: 327337826 }] native_surface_lifecycle {"acquire_attempts":18,"acquired":18,"active":1,"configuration_generation":1,"configure_attempts":1,"configured_extent":[1280,800],"discarded":0,"frame_submission_receipts_issued":24,"frame_submissions":18,"gpu_completed_through_receipt":23,"host":1,"last_frame_submission_receipt":24,"last_present_receipt":23,"presented":17,"queue_epoch":1,"reason":"submit","wgpu_submission":"Some(SubmissionIndex { index: 24 })","window":"WindowId(31457284)"}
[SystemTime { tv_sec: 1790343147, tv_nsec: 327488073 }] native upload frame window=WindowId(31457284) host=1 renderer=1 queue_epoch=1 surface_generation=1 acquisition=18 submission=24 receipt=Some(UploadFrame { consumers: {"MAIN", "BOARD", "LAYERS", "NAV", "INSPECTOR", "MENU", "TERMINAL"}, owner: 7, attempt: 19, rendered: Some(true), totals: UploadTotals { batches: 1, buffer_payload_bytes: 984, texture_source_bytes: 0, texture_padding_bytes: 0, scatter_index_bytes: 0, staging_capacity_bytes: 984, buffer_copy_bytes: 984, buffer_copies: 57, texture_copies: 0, scatter_dispatches: 0 } })
[SystemTime { tv_sec: 1790343147, tv_nsec: 327557251 }] native font ownership window=WindowId(31457284) usage=Usage { allocation: Usage { allocator_installed: true, owner_id: 3, label: "renderer-fonts-and-shapes", payload_bytes: 924302, tracking_bytes: 88520, allocations: 11063, peak_payload_bytes: 925507, owner_metadata_bytes: 96 }, returned_shape_bytes: 178048, private_bytes: Some(834774), fixed_font_bytes: Some(772070), cache_reserved_bytes: 62704, last_call: Some(Report { call_id: 2635, owner_id: 3, allocator_installed: true, host_initial_bytes: 342664, host_final_bytes: 342664, process_initial_bytes: 342664, process_final_bytes: 342664, initial_bytes: 62704, final_bytes: 63880, peak_bytes: 64029, host_peak_bytes: 342664, process_peak_bytes: 342664, exceeded: false }) } measurement=Some(Usage { allocation: Usage { allocator_installed: true, owner_id: 13, label: "text-measurement", payload_bytes: 734742, tracking_bytes: 84216, allocations: 10525, peak_payload_bytes: 748214, owner_metadata_bytes: 96 }, returned_shape_bytes: 0, private_bytes: Some(818958), fixed_font_bytes: Some(772070), cache_reserved_bytes: 46888, last_call: Some(Report { call_id: 1657, owner_id: 13, allocator_installed: true, host_initial_bytes: 387312, host_final_bytes: 387312, process_initial_bytes: 387312, process_final_bytes: 387312, initial_bytes: 46888, final_bytes: 46888, peak_bytes: 54192, host_peak_bytes: 387312, process_peak_bytes: 387312, exceeded: false }) }) process_registry_bytes=RegistryUsage { registry_heap_bytes: 136, scope_owner_bytes: 1152, call_slots_static_bytes: 9752 }
[SystemTime { tv_sec: 1790343147, tv_nsec: 327628962 }] native attachment ledger {"attachments":{"allocations":[{"allocation":1,"host":1,"last_submission":24,"owner":8,"payload_bytes":32768000,"release_reason":null}],"completed_retirements":3,"current_payload_bytes":32768000,"device_loss_confirmed":false,"device_loss_retirements":0,"observed_allocations":4,"peak_payload_bytes":54886400,"retiring_payload_bytes":0,"unknown_payload_allocations":0},"queue_epoch":1}
[SystemTime { tv_sec: 1790343147, tv_nsec: 327691481 }] native surface attachment {"allocation":1,"allocations_created":1,"extent":[1280,800],"format":"Bgra8UnormSrgb","gpu_retirement_qualified":false,"host":1,"owner":8,"payload_bytes":32768000,"queue_epoch":1,"samples":8,"state":"current_renderer_reference","window":"WindowId(31457284)"}
[SystemTime { tv_sec: 1790343147, tv_nsec: 327740549 }] renderer render end 2ms
[SystemTime { tv_sec: 1790343147, tv_nsec: 327789181 }] frame present begin
[SystemTime { tv_sec: 1790343147, tv_nsec: 327945254 }] native_surface_lifecycle {"acquire_attempts":18,"acquired":18,"active":0,"configuration_generation":1,"configure_attempts":1,"configured_extent":[1280,800],"discarded":0,"frame_submission_receipts_issued":24,"frame_submissions":18,"gpu_completed_through_receipt":23,"host":1,"last_frame_submission_receipt":24,"last_present_receipt":24,"presented":18,"queue_epoch":1,"reason":"present","wgpu_submission":"Some(SubmissionIndex { index: 24 })","window":"WindowId(31457284)"}
[SystemTime { tv_sec: 1790343147, tv_nsec: 328013520 }] frame present end 0ms total=3ms
[SystemTime { tv_sec: 1790343147, tv_nsec: 328118567 }] native redraw ledger {"attempts":28,"counts":{"coalesced":2,"duplicate_tokens":0,"presentations":18,"received":28,"requested":28,"suppressed":20},"damage":27,"device_generation":1,"host_generation":1,"pending":false,"presented_damage":27,"ready":false,"reason":"presented","rendering":null,"window":"WindowId(31457284)"}
[SystemTime { tv_sec: 1790343147, tv_nsec: 328461541 }] redraw handler end
[SystemTime { tv_sec: 1790343147, tv_nsec: 334742100 }] window event WindowId(31457284) keyboard physical=Code(ArrowUp) logical=Named(ArrowUp) state=Released repeat=false text=None synthetic=false
[SystemTime { tv_sec: 1790343147, tv_nsec: 334830877 }] window event WindowId(31457284) redraw requested
[SystemTime { tv_sec: 1790343147, tv_nsec: 334887288 }] native frame round hosts=[WindowId(31457284)]
[SystemTime { tv_sec: 1790343147, tv_nsec: 334935886 }] redraw handler begin
[SystemTime { tv_sec: 1790343147, tv_nsec: 335053639 }] native_surface_lifecycle {"acquire_attempts":18,"acquired":18,"active":0,"configuration_generation":1,"configure_attempts":1,"configured_extent":[1280,800],"discarded":0,"frame_submission_receipts_issued":24,"frame_submissions":18,"gpu_completed_through_receipt":23,"host":1,"last_frame_submission_receipt":24,"last_present_receipt":24,"presented":18,"queue_epoch":1,"reason":"wait_queue","wgpu_submission":"Some(SubmissionIndex { index: 24 })","window":"WindowId(31457284)"}
[SystemTime { tv_sec: 1790343147, tv_nsec: 335127553 }] native redraw ledger {"attempts":29,"counts":{"coalesced":2,"duplicate_tokens":0,"presentations":18,"received":29,"requested":29,"suppressed":20},"damage":28,"device_generation":1,"host_generation":1,"pending":false,"presented_damage":27,"ready":false,"reason":"not_presented","rendering":null,"window":"WindowId(31457284)"}
[SystemTime { tv_sec: 1790343147, tv_nsec: 339541112 }] native queue progress epoch=1 submitted=24 completed=24
[SystemTime { tv_sec: 1790343147, tv_nsec: 339651237 }] native attachment ledger {"attachments":{"allocations":[{"allocation":1,"host":1,"last_submission":24,"owner":8,"payload_bytes":32768000,"release_reason":null}],"completed_retirements":3,"current_payload_bytes":32768000,"device_loss_confirmed":false,"device_loss_retirements":0,"observed_allocations":4,"peak_payload_bytes":54886400,"retiring_payload_bytes":0,"unknown_payload_allocations":0},"queue_epoch":1}
[SystemTime { tv_sec: 1790343147, tv_nsec: 341362740 }] window event WindowId(31457284) redraw requested
[SystemTime { tv_sec: 1790343147, tv_nsec: 341428142 }] native frame round hosts=[WindowId(31457284)]
[SystemTime { tv_sec: 1790343147, tv_nsec: 341476966 }] redraw handler begin
[SystemTime { tv_sec: 1790343147, tv_nsec: 341550478 }] renderer render begin
[SystemTime { tv_sec: 1790343147, tv_nsec: 342820226 }] native_surface_lifecycle {"acquire_attempts":19,"acquired":19,"active":1,"configuration_generation":1,"configure_attempts":1,"configured_extent":[1280,800],"discarded":0,"frame_submission_receipts_issued":25,"frame_submissions":19,"gpu_completed_through_receipt":24,"host":1,"last_frame_submission_receipt":25,"last_present_receipt":24,"presented":18,"queue_epoch":1,"reason":"submit","wgpu_submission":"Some(SubmissionIndex { index: 25 })","window":"WindowId(31457284)"}
[SystemTime { tv_sec: 1790343147, tv_nsec: 342909116 }] native upload frame window=WindowId(31457284) host=1 renderer=1 queue_epoch=1 surface_generation=1 acquisition=19 submission=25 receipt=Some(UploadFrame { consumers: {"MAIN", "BOARD", "LAYERS", "NAV", "INSPECTOR", "MENU", "TERMINAL"}, owner: 7, attempt: 20, rendered: Some(true), totals: UploadTotals { batches: 0, buffer_payload_bytes: 0, texture_source_bytes: 0, texture_padding_bytes: 0, scatter_index_bytes: 0, staging_capacity_bytes: 0, buffer_copy_bytes: 0, buffer_copies: 0, texture_copies: 0, scatter_dispatches: 0 } })
[SystemTime { tv_sec: 1790343147, tv_nsec: 342982139 }] native font ownership window=WindowId(31457284) usage=Usage { allocation: Usage { allocator_installed: true, owner_id: 3, label: "renderer-fonts-and-shapes", payload_bytes: 924302, tracking_bytes: 88520, allocations: 11063, peak_payload_bytes: 925507, owner_metadata_bytes: 96 }, returned_shape_bytes: 178048, private_bytes: Some(834774), fixed_font_bytes: Some(772070), cache_reserved_bytes: 62704, last_call: Some(Report { call_id: 2635, owner_id: 3, allocator_installed: true, host_initial_bytes: 342664, host_final_bytes: 342664, process_initial_bytes: 342664, process_final_bytes: 342664, initial_bytes: 62704, final_bytes: 63880, peak_bytes: 64029, host_peak_bytes: 342664, process_peak_bytes: 342664, exceeded: false }) } measurement=Some(Usage { allocation: Usage { allocator_installed: true, owner_id: 13, label: "text-measurement", payload_bytes: 734742, tracking_bytes: 84216, allocations: 10525, peak_payload_bytes: 748214, owner_metadata_bytes: 96 }, returned_shape_bytes: 0, private_bytes: Some(818958), fixed_font_bytes: Some(772070), cache_reserved_bytes: 46888, last_call: Some(Report { call_id: 1657, owner_id: 13, allocator_installed: true, host_initial_bytes: 387312, host_final_bytes: 387312, process_initial_bytes: 387312, process_final_bytes: 387312, initial_bytes: 46888, final_bytes: 46888, peak_bytes: 54192, host_peak_bytes: 387312, process_peak_bytes: 387312, exceeded: false }) }) process_registry_bytes=RegistryUsage { registry_heap_bytes: 136, scope_owner_bytes: 1152, call_slots_static_bytes: 9752 }
[SystemTime { tv_sec: 1790343147, tv_nsec: 343079220 }] native attachment ledger {"attachments":{"allocations":[{"allocation":1,"host":1,"last_submission":25,"owner":8,"payload_bytes":32768000,"release_reason":null}],"completed_retirements":3,"current_payload_bytes":32768000,"device_loss_confirmed":false,"device_loss_retirements":0,"observed_allocations":4,"peak_payload_bytes":54886400,"retiring_payload_bytes":0,"unknown_payload_allocations":0},"queue_epoch":1}
[SystemTime { tv_sec: 1790343147, tv_nsec: 343144277 }] native surface attachment {"allocation":1,"allocations_created":1,"extent":[1280,800],"format":"Bgra8UnormSrgb","gpu_retirement_qualified":false,"host":1,"owner":8,"payload_bytes":32768000,"queue_epoch":1,"samples":8,"state":"current_renderer_reference","window":"WindowId(31457284)"}
[SystemTime { tv_sec: 1790343147, tv_nsec: 343196043 }] renderer render end 1ms
[SystemTime { tv_sec: 1790343147, tv_nsec: 343247613 }] frame present begin
[SystemTime { tv_sec: 1790343147, tv_nsec: 343454637 }] native_surface_lifecycle {"acquire_attempts":19,"acquired":19,"active":0,"configuration_generation":1,"configure_attempts":1,"configured_extent":[1280,800],"discarded":0,"frame_submission_receipts_issued":25,"frame_submissions":19,"gpu_completed_through_receipt":24,"host":1,"last_frame_submission_receipt":25,"last_present_receipt":25,"presented":19,"queue_epoch":1,"reason":"present","wgpu_submission":"Some(SubmissionIndex { index: 25 })","window":"WindowId(31457284)"}
[SystemTime { tv_sec: 1790343147, tv_nsec: 343523240 }] frame present end 0ms total=1ms
[SystemTime { tv_sec: 1790343147, tv_nsec: 343629496 }] native redraw ledger {"attempts":30,"counts":{"coalesced":2,"duplicate_tokens":0,"presentations":19,"received":30,"requested":30,"suppressed":21},"damage":28,"device_generation":1,"host_generation":1,"pending":false,"presented_damage":28,"ready":false,"reason":"presented","rendering":null,"window":"WindowId(31457284)"}
[SystemTime { tv_sec: 1790343147, tv_nsec: 343704320 }] redraw handler end
[SystemTime { tv_sec: 1790343147, tv_nsec: 345581265 }] window event WindowId(31457284) keyboard physical=Code(ArrowRight) logical=Named(ArrowRight) state=Pressed repeat=false text=None synthetic=false
[SystemTime { tv_sec: 1790343147, tv_nsec: 345774428 }] window event WindowId(31457284) redraw requested
[SystemTime { tv_sec: 1790343147, tv_nsec: 345830544 }] native frame round hosts=[WindowId(31457284)]
[SystemTime { tv_sec: 1790343147, tv_nsec: 345878691 }] redraw handler begin
[SystemTime { tv_sec: 1790343147, tv_nsec: 345997900 }] native_surface_lifecycle {"acquire_attempts":19,"acquired":19,"active":0,"configuration_generation":1,"configure_attempts":1,"configured_extent":[1280,800],"discarded":0,"frame_submission_receipts_issued":25,"frame_submissions":19,"gpu_completed_through_receipt":24,"host":1,"last_frame_submission_receipt":25,"last_present_receipt":25,"presented":19,"queue_epoch":1,"reason":"wait_queue","wgpu_submission":"Some(SubmissionIndex { index: 25 })","window":"WindowId(31457284)"}
[SystemTime { tv_sec: 1790343147, tv_nsec: 346103301 }] native redraw ledger {"attempts":31,"counts":{"coalesced":2,"duplicate_tokens":0,"presentations":19,"received":31,"requested":31,"suppressed":21},"damage":29,"device_generation":1,"host_generation":1,"pending":false,"presented_damage":28,"ready":false,"reason":"not_presented","rendering":null,"window":"WindowId(31457284)"}
[SystemTime { tv_sec: 1790343147, tv_nsec: 356777951 }] window event WindowId(31457284) keyboard physical=Code(ArrowRight) logical=Named(ArrowRight) state=Released repeat=false text=None synthetic=false
[SystemTime { tv_sec: 1790343147, tv_nsec: 356928014 }] window event WindowId(31457284) redraw requested
[SystemTime { tv_sec: 1790343147, tv_nsec: 356989820 }] native frame round hosts=[WindowId(31457284)]
[SystemTime { tv_sec: 1790343147, tv_nsec: 357041861 }] redraw handler begin
[SystemTime { tv_sec: 1790343147, tv_nsec: 357158688 }] native_surface_lifecycle {"acquire_attempts":19,"acquired":19,"active":0,"configuration_generation":1,"configure_attempts":1,"configured_extent":[1280,800],"discarded":0,"frame_submission_receipts_issued":25,"frame_submissions":19,"gpu_completed_through_receipt":24,"host":1,"last_frame_submission_receipt":25,"last_present_receipt":25,"presented":19,"queue_epoch":1,"reason":"wait_queue","wgpu_submission":"Some(SubmissionIndex { index: 25 })","window":"WindowId(31457284)"}
[SystemTime { tv_sec: 1790343147, tv_nsec: 357235883 }] native redraw ledger {"attempts":32,"counts":{"coalesced":2,"duplicate_tokens":0,"presentations":19,"received":32,"requested":32,"suppressed":21},"damage":30,"device_generation":1,"host_generation":1,"pending":false,"presented_damage":28,"ready":false,"reason":"not_presented","rendering":null,"window":"WindowId(31457284)"}
[SystemTime { tv_sec: 1790343147, tv_nsec: 363583710 }] native queue progress epoch=1 submitted=25 completed=25
[SystemTime { tv_sec: 1790343147, tv_nsec: 363687870 }] native attachment ledger {"attachments":{"allocations":[{"allocation":1,"host":1,"last_submission":25,"owner":8,"payload_bytes":32768000,"release_reason":null}],"completed_retirements":3,"current_payload_bytes":32768000,"device_loss_confirmed":false,"device_loss_retirements":0,"observed_allocations":4,"peak_payload_bytes":54886400,"retiring_payload_bytes":0,"unknown_payload_allocations":0},"queue_epoch":1}
[SystemTime { tv_sec: 1790343147, tv_nsec: 365560294 }] window event WindowId(31457284) redraw requested
[SystemTime { tv_sec: 1790343147, tv_nsec: 365633576 }] native frame round hosts=[WindowId(31457284)]
[SystemTime { tv_sec: 1790343147, tv_nsec: 365682513 }] redraw handler begin
[SystemTime { tv_sec: 1790343147, tv_nsec: 365763154 }] render scene prepare begin retained_cached=true
[SystemTime { tv_sec: 1790343147, tv_nsec: 365812663 }] prepared scene build begin
[SystemTime { tv_sec: 1790343147, tv_nsec: 366194944 }] native control_meshes window=WindowId(31457284) builds=1
[SystemTime { tv_sec: 1790343147, tv_nsec: 366247719 }] prepared scene build end 0ms
[SystemTime { tv_sec: 1790343147, tv_nsec: 366299004 }] renderer render begin
[SystemTime { tv_sec: 1790343147, tv_nsec: 367549174 }] native_surface_lifecycle {"acquire_attempts":20,"acquired":20,"active":1,"configuration_generation":1,"configure_attempts":1,"configured_extent":[1280,800],"discarded":0,"frame_submission_receipts_issued":26,"frame_submissions":20,"gpu_completed_through_receipt":25,"host":1,"last_frame_submission_receipt":26,"last_present_receipt":25,"presented":19,"queue_epoch":1,"reason":"submit","wgpu_submission":"Some(SubmissionIndex { index: 26 })","window":"WindowId(31457284)"}
[SystemTime { tv_sec: 1790343147, tv_nsec: 367627043 }] native upload frame window=WindowId(31457284) host=1 renderer=1 queue_epoch=1 surface_generation=1 acquisition=20 submission=26 receipt=Some(UploadFrame { consumers: {"MAIN", "BOARD", "LAYERS", "NAV", "INSPECTOR", "MENU", "TERMINAL"}, owner: 7, attempt: 21, rendered: Some(true), totals: UploadTotals { batches: 1, buffer_payload_bytes: 4320, texture_source_bytes: 0, texture_padding_bytes: 0, scatter_index_bytes: 0, staging_capacity_bytes: 4320, buffer_copy_bytes: 4320, buffer_copies: 2, texture_copies: 0, scatter_dispatches: 0 } })
[SystemTime { tv_sec: 1790343147, tv_nsec: 367710626 }] native font ownership window=WindowId(31457284) usage=Usage { allocation: Usage { allocator_installed: true, owner_id: 3, label: "renderer-fonts-and-shapes", payload_bytes: 924302, tracking_bytes: 88520, allocations: 11063, peak_payload_bytes: 925507, owner_metadata_bytes: 96 }, returned_shape_bytes: 178048, private_bytes: Some(834774), fixed_font_bytes: Some(772070), cache_reserved_bytes: 62704, last_call: Some(Report { call_id: 2635, owner_id: 3, allocator_installed: true, host_initial_bytes: 342664, host_final_bytes: 342664, process_initial_bytes: 342664, process_final_bytes: 342664, initial_bytes: 62704, final_bytes: 63880, peak_bytes: 64029, host_peak_bytes: 342664, process_peak_bytes: 342664, exceeded: false }) } measurement=Some(Usage { allocation: Usage { allocator_installed: true, owner_id: 13, label: "text-measurement", payload_bytes: 734742, tracking_bytes: 84216, allocations: 10525, peak_payload_bytes: 748214, owner_metadata_bytes: 96 }, returned_shape_bytes: 0, private_bytes: Some(818958), fixed_font_bytes: Some(772070), cache_reserved_bytes: 46888, last_call: Some(Report { call_id: 1657, owner_id: 13, allocator_installed: true, host_initial_bytes: 387312, host_final_bytes: 387312, process_initial_bytes: 387312, process_final_bytes: 387312, initial_bytes: 46888, final_bytes: 46888, peak_bytes: 54192, host_peak_bytes: 387312, process_peak_bytes: 387312, exceeded: false }) }) process_registry_bytes=RegistryUsage { registry_heap_bytes: 136, scope_owner_bytes: 1152, call_slots_static_bytes: 9752 }
[SystemTime { tv_sec: 1790343147, tv_nsec: 367783466 }] native attachment ledger {"attachments":{"allocations":[{"allocation":1,"host":1,"last_submission":26,"owner":8,"payload_bytes":32768000,"release_reason":null}],"completed_retirements":3,"current_payload_bytes":32768000,"device_loss_confirmed":false,"device_loss_retirements":0,"observed_allocations":4,"peak_payload_bytes":54886400,"retiring_payload_bytes":0,"unknown_payload_allocations":0},"queue_epoch":1}
[SystemTime { tv_sec: 1790343147, tv_nsec: 367847886 }] native surface attachment {"allocation":1,"allocations_created":1,"extent":[1280,800],"format":"Bgra8UnormSrgb","gpu_retirement_qualified":false,"host":1,"owner":8,"payload_bytes":32768000,"queue_epoch":1,"samples":8,"state":"current_renderer_reference","window":"WindowId(31457284)"}
[SystemTime { tv_sec: 1790343147, tv_nsec: 367897723 }] renderer render end 1ms
[SystemTime { tv_sec: 1790343147, tv_nsec: 367947737 }] frame present begin
[SystemTime { tv_sec: 1790343147, tv_nsec: 368106730 }] native_surface_lifecycle {"acquire_attempts":20,"acquired":20,"active":0,"configuration_generation":1,"configure_attempts":1,"configured_extent":[1280,800],"discarded":0,"frame_submission_receipts_issued":26,"frame_submissions":20,"gpu_completed_through_receipt":25,"host":1,"last_frame_submission_receipt":26,"last_present_receipt":26,"presented":20,"queue_epoch":1,"reason":"present","wgpu_submission":"Some(SubmissionIndex { index: 26 })","window":"WindowId(31457284)"}
[SystemTime { tv_sec: 1790343147, tv_nsec: 368181695 }] frame present end 0ms total=2ms
[SystemTime { tv_sec: 1790343147, tv_nsec: 368259477 }] native redraw ledger {"attempts":33,"counts":{"coalesced":2,"duplicate_tokens":0,"presentations":20,"received":33,"requested":33,"suppressed":22},"damage":30,"device_generation":1,"host_generation":1,"pending":false,"presented_damage":30,"ready":false,"reason":"presented","rendering":null,"window":"WindowId(31457284)"}
[SystemTime { tv_sec: 1790343147, tv_nsec: 368313265 }] redraw handler end
[SystemTime { tv_sec: 1790343147, tv_nsec: 368479328 }] window event WindowId(31457284) keyboard physical=Code(ArrowDown) logical=Named(ArrowDown) state=Pressed repeat=false text=None synthetic=false
[SystemTime { tv_sec: 1790343147, tv_nsec: 368712208 }] window event WindowId(31457284) redraw requested
[SystemTime { tv_sec: 1790343147, tv_nsec: 368885767 }] native frame round hosts=[WindowId(31457284)]
[SystemTime { tv_sec: 1790343147, tv_nsec: 368959537 }] redraw handler begin
[SystemTime { tv_sec: 1790343147, tv_nsec: 369083174 }] native_surface_lifecycle {"acquire_attempts":20,"acquired":20,"active":0,"configuration_generation":1,"configure_attempts":1,"configured_extent":[1280,800],"discarded":0,"frame_submission_receipts_issued":26,"frame_submissions":20,"gpu_completed_through_receipt":25,"host":1,"last_frame_submission_receipt":26,"last_present_receipt":26,"presented":20,"queue_epoch":1,"reason":"wait_queue","wgpu_submission":"Some(SubmissionIndex { index: 26 })","window":"WindowId(31457284)"}
[SystemTime { tv_sec: 1790343147, tv_nsec: 369153097 }] native redraw ledger {"attempts":34,"counts":{"coalesced":2,"duplicate_tokens":0,"presentations":20,"received":34,"requested":34,"suppressed":22},"damage":31,"device_generation":1,"host_generation":1,"pending":false,"presented_damage":30,"ready":false,"reason":"not_presented","rendering":null,"window":"WindowId(31457284)"}
[SystemTime { tv_sec: 1790343147, tv_nsec: 378084510 }] window event WindowId(31457284) keyboard physical=Code(ArrowDown) logical=Named(ArrowDown) state=Released repeat=false text=None synthetic=false
[SystemTime { tv_sec: 1790343147, tv_nsec: 381472297 }] native queue progress epoch=1 submitted=26 completed=26
[SystemTime { tv_sec: 1790343147, tv_nsec: 381567828 }] native attachment ledger {"attachments":{"allocations":[{"allocation":1,"host":1,"last_submission":26,"owner":8,"payload_bytes":32768000,"release_reason":null}],"completed_retirements":3,"current_payload_bytes":32768000,"device_loss_confirmed":false,"device_loss_retirements":0,"observed_allocations":4,"peak_payload_bytes":54886400,"retiring_payload_bytes":0,"unknown_payload_allocations":0},"queue_epoch":1}
[SystemTime { tv_sec: 1790343147, tv_nsec: 381660114 }] window event WindowId(31457284) redraw requested
[SystemTime { tv_sec: 1790343147, tv_nsec: 381714659 }] native frame round hosts=[WindowId(31457284)]
[SystemTime { tv_sec: 1790343147, tv_nsec: 381762564 }] redraw handler begin
[SystemTime { tv_sec: 1790343147, tv_nsec: 381823708 }] render scene prepare begin retained_cached=true
[SystemTime { tv_sec: 1790343147, tv_nsec: 381871127 }] prepared scene build begin
[SystemTime { tv_sec: 1790343147, tv_nsec: 382238988 }] native control_meshes window=WindowId(31457284) builds=1
[SystemTime { tv_sec: 1790343147, tv_nsec: 382292216 }] prepared scene build end 0ms
[SystemTime { tv_sec: 1790343147, tv_nsec: 382343590 }] renderer render begin
[SystemTime { tv_sec: 1790343147, tv_nsec: 383633508 }] native_surface_lifecycle {"acquire_attempts":21,"acquired":21,"active":1,"configuration_generation":1,"configure_attempts":1,"configured_extent":[1280,800],"discarded":0,"frame_submission_receipts_issued":27,"frame_submissions":21,"gpu_completed_through_receipt":26,"host":1,"last_frame_submission_receipt":27,"last_present_receipt":26,"presented":20,"queue_epoch":1,"reason":"submit","wgpu_submission":"Some(SubmissionIndex { index: 27 })","window":"WindowId(31457284)"}
[SystemTime { tv_sec: 1790343147, tv_nsec: 383707590 }] native upload frame window=WindowId(31457284) host=1 renderer=1 queue_epoch=1 surface_generation=1 acquisition=21 submission=27 receipt=Some(UploadFrame { consumers: {"MAIN", "BOARD", "LAYERS", "NAV", "INSPECTOR", "MENU", "TERMINAL"}, owner: 7, attempt: 22, rendered: Some(true), totals: UploadTotals { batches: 1, buffer_payload_bytes: 360, texture_source_bytes: 0, texture_padding_bytes: 0, scatter_index_bytes: 0, staging_capacity_bytes: 360, buffer_copy_bytes: 360, buffer_copies: 37, texture_copies: 0, scatter_dispatches: 0 } })
[SystemTime { tv_sec: 1790343147, tv_nsec: 383775500 }] native font ownership window=WindowId(31457284) usage=Usage { allocation: Usage { allocator_installed: true, owner_id: 3, label: "renderer-fonts-and-shapes", payload_bytes: 924302, tracking_bytes: 88520, allocations: 11063, peak_payload_bytes: 925507, owner_metadata_bytes: 96 }, returned_shape_bytes: 178048, private_bytes: Some(834774), fixed_font_bytes: Some(772070), cache_reserved_bytes: 62704, last_call: Some(Report { call_id: 2635, owner_id: 3, allocator_installed: true, host_initial_bytes: 342664, host_final_bytes: 342664, process_initial_bytes: 342664, process_final_bytes: 342664, initial_bytes: 62704, final_bytes: 63880, peak_bytes: 64029, host_peak_bytes: 342664, process_peak_bytes: 342664, exceeded: false }) } measurement=Some(Usage { allocation: Usage { allocator_installed: true, owner_id: 13, label: "text-measurement", payload_bytes: 734742, tracking_bytes: 84216, allocations: 10525, peak_payload_bytes: 748214, owner_metadata_bytes: 96 }, returned_shape_bytes: 0, private_bytes: Some(818958), fixed_font_bytes: Some(772070), cache_reserved_bytes: 46888, last_call: Some(Report { call_id: 1657, owner_id: 13, allocator_installed: true, host_initial_bytes: 387312, host_final_bytes: 387312, process_initial_bytes: 387312, process_final_bytes: 387312, initial_bytes: 46888, final_bytes: 46888, peak_bytes: 54192, host_peak_bytes: 387312, process_peak_bytes: 387312, exceeded: false }) }) process_registry_bytes=RegistryUsage { registry_heap_bytes: 136, scope_owner_bytes: 1152, call_slots_static_bytes: 9752 }
[SystemTime { tv_sec: 1790343147, tv_nsec: 383857132 }] native attachment ledger {"attachments":{"allocations":[{"allocation":1,"host":1,"last_submission":27,"owner":8,"payload_bytes":32768000,"release_reason":null}],"completed_retirements":3,"current_payload_bytes":32768000,"device_loss_confirmed":false,"device_loss_retirements":0,"observed_allocations":4,"peak_payload_bytes":54886400,"retiring_payload_bytes":0,"unknown_payload_allocations":0},"queue_epoch":1}
[SystemTime { tv_sec: 1790343147, tv_nsec: 383919354 }] native surface attachment {"allocation":1,"allocations_created":1,"extent":[1280,800],"format":"Bgra8UnormSrgb","gpu_retirement_qualified":false,"host":1,"owner":8,"payload_bytes":32768000,"queue_epoch":1,"samples":8,"state":"current_renderer_reference","window":"WindowId(31457284)"}
[SystemTime { tv_sec: 1790343147, tv_nsec: 383967437 }] renderer render end 1ms
[SystemTime { tv_sec: 1790343147, tv_nsec: 384015161 }] frame present begin
[SystemTime { tv_sec: 1790343147, tv_nsec: 384148816 }] native_surface_lifecycle {"acquire_attempts":21,"acquired":21,"active":0,"configuration_generation":1,"configure_attempts":1,"configured_extent":[1280,800],"discarded":0,"frame_submission_receipts_issued":27,"frame_submissions":21,"gpu_completed_through_receipt":26,"host":1,"last_frame_submission_receipt":27,"last_present_receipt":27,"presented":21,"queue_epoch":1,"reason":"present","wgpu_submission":"Some(SubmissionIndex { index: 27 })","window":"WindowId(31457284)"}
[SystemTime { tv_sec: 1790343147, tv_nsec: 384212931 }] frame present end 0ms total=2ms
[SystemTime { tv_sec: 1790343147, tv_nsec: 384280824 }] native redraw ledger {"attempts":35,"counts":{"coalesced":2,"duplicate_tokens":0,"presentations":21,"received":35,"requested":35,"suppressed":24},"damage":32,"device_generation":1,"host_generation":1,"pending":false,"presented_damage":32,"ready":false,"reason":"presented","rendering":null,"window":"WindowId(31457284)"}
[SystemTime { tv_sec: 1790343147, tv_nsec: 384328790 }] redraw handler end
[SystemTime { tv_sec: 1790343147, tv_nsec: 388877699 }] window event WindowId(31457284) keyboard physical=Code(Enter) logical=Named(Enter) state=Pressed repeat=false text=Some("\r") synthetic=false
[SystemTime { tv_sec: 1790343147, tv_nsec: 617345534 }] window event WindowId(31457284) keyboard physical=Code(Enter) logical=Named(Enter) state=Released repeat=false text=Some("\r") synthetic=false
[SystemTime { tv_sec: 1790343147, tv_nsec: 617390953 }] window event WindowId(31457284) redraw requested
[SystemTime { tv_sec: 1790343147, tv_nsec: 621792253 }] surface identity window=WindowId(31457356) window_backend=x11 gpu_backend=Vulkan adapter="Intel(R) HD Graphics P630 (KBL GT2)" device_type=IntegratedGpu driver="Intel open-source Mesa driver" driver_info="Mesa 25.0.7-2+deb13u1"
[SystemTime { tv_sec: 1790343147, tv_nsec: 626966064 }] native frame round hosts=[WindowId(31457284)]
[SystemTime { tv_sec: 1790343147, tv_nsec: 627009799 }] redraw handler begin
[SystemTime { tv_sec: 1790343147, tv_nsec: 627128560 }] render scene prepare begin retained_cached=true
[SystemTime { tv_sec: 1790343147, tv_nsec: 627147745 }] prepared scene build begin
[SystemTime { tv_sec: 1790343147, tv_nsec: 627347306 }] native control_meshes window=WindowId(31457284) builds=1
[SystemTime { tv_sec: 1790343147, tv_nsec: 627367719 }] prepared scene build end 0ms
[SystemTime { tv_sec: 1790343147, tv_nsec: 627388354 }] renderer render begin
[SystemTime { tv_sec: 1790343147, tv_nsec: 628128183 }] native_surface_lifecycle {"acquire_attempts":22,"acquired":22,"active":1,"configuration_generation":1,"configure_attempts":1,"configured_extent":[1280,800],"discarded":0,"frame_submission_receipts_issued":28,"frame_submissions":22,"gpu_completed_through_receipt":27,"host":1,"last_frame_submission_receipt":28,"last_present_receipt":27,"presented":21,"queue_epoch":1,"reason":"submit","wgpu_submission":"Some(SubmissionIndex { index: 28 })","window":"WindowId(31457284)"}
[SystemTime { tv_sec: 1790343147, tv_nsec: 628161771 }] native upload frame window=WindowId(31457284) host=1 renderer=1 queue_epoch=1 surface_generation=1 acquisition=22 submission=28 receipt=Some(UploadFrame { consumers: {"MAIN", "BOARD", "LAYERS", "NAV", "INSPECTOR", "MENU", "TERMINAL"}, owner: 7, attempt: 23, rendered: Some(true), totals: UploadTotals { batches: 1, buffer_payload_bytes: 4384, texture_source_bytes: 0, texture_padding_bytes: 0, scatter_index_bytes: 4368, staging_capacity_bytes: 17488, buffer_copy_bytes: 8752, buffer_copies: 5, texture_copies: 0, scatter_dispatches: 1 } })
[SystemTime { tv_sec: 1790343147, tv_nsec: 628188475 }] native font ownership window=WindowId(31457284) usage=Usage { allocation: Usage { allocator_installed: true, owner_id: 3, label: "renderer-fonts-and-shapes", payload_bytes: 924302, tracking_bytes: 88520, allocations: 11063, peak_payload_bytes: 925507, owner_metadata_bytes: 96 }, returned_shape_bytes: 178048, private_bytes: Some(834774), fixed_font_bytes: Some(772070), cache_reserved_bytes: 62704, last_call: Some(Report { call_id: 2635, owner_id: 3, allocator_installed: true, host_initial_bytes: 342664, host_final_bytes: 342664, process_initial_bytes: 342664, process_final_bytes: 342664, initial_bytes: 62704, final_bytes: 63880, peak_bytes: 64029, host_peak_bytes: 342664, process_peak_bytes: 342664, exceeded: false }) } measurement=Some(Usage { allocation: Usage { allocator_installed: true, owner_id: 13, label: "text-measurement", payload_bytes: 734742, tracking_bytes: 84216, allocations: 10525, peak_payload_bytes: 748214, owner_metadata_bytes: 96 }, returned_shape_bytes: 0, private_bytes: Some(818958), fixed_font_bytes: Some(772070), cache_reserved_bytes: 46888, last_call: Some(Report { call_id: 1657, owner_id: 13, allocator_installed: true, host_initial_bytes: 387312, host_final_bytes: 387312, process_initial_bytes: 387312, process_final_bytes: 387312, initial_bytes: 46888, final_bytes: 46888, peak_bytes: 54192, host_peak_bytes: 387312, process_peak_bytes: 387312, exceeded: false }) }) process_registry_bytes=RegistryUsage { registry_heap_bytes: 136, scope_owner_bytes: 1152, call_slots_static_bytes: 9752 }
[SystemTime { tv_sec: 1790343147, tv_nsec: 628217672 }] native attachment ledger {"attachments":{"allocations":[{"allocation":1,"host":1,"last_submission":28,"owner":8,"payload_bytes":32768000,"release_reason":null}],"completed_retirements":3,"current_payload_bytes":32768000,"device_loss_confirmed":false,"device_loss_retirements":0,"observed_allocations":4,"peak_payload_bytes":54886400,"retiring_payload_bytes":0,"unknown_payload_allocations":0},"queue_epoch":1}
[SystemTime { tv_sec: 1790343147, tv_nsec: 628241838 }] native surface attachment {"allocation":1,"allocations_created":1,"extent":[1280,800],"format":"Bgra8UnormSrgb","gpu_retirement_qualified":false,"host":1,"owner":8,"payload_bytes":32768000,"queue_epoch":1,"samples":8,"state":"current_renderer_reference","window":"WindowId(31457284)"}
[SystemTime { tv_sec: 1790343147, tv_nsec: 628268367 }] renderer render end 0ms
[SystemTime { tv_sec: 1790343147, tv_nsec: 628286483 }] frame present begin
[SystemTime { tv_sec: 1790343147, tv_nsec: 628383900 }] native_surface_lifecycle {"acquire_attempts":22,"acquired":22,"active":0,"configuration_generation":1,"configure_attempts":1,"configured_extent":[1280,800],"discarded":0,"frame_submission_receipts_issued":28,"frame_submissions":22,"gpu_completed_through_receipt":27,"host":1,"last_frame_submission_receipt":28,"last_present_receipt":28,"presented":22,"queue_epoch":1,"reason":"present","wgpu_submission":"Some(SubmissionIndex { index: 28 })","window":"WindowId(31457284)"}
[SystemTime { tv_sec: 1790343147, tv_nsec: 628412979 }] frame present end 0ms total=1ms
[SystemTime { tv_sec: 1790343147, tv_nsec: 628463234 }] native redraw ledger {"attempts":36,"counts":{"coalesced":2,"duplicate_tokens":0,"presentations":22,"received":36,"requested":36,"suppressed":25},"damage":33,"device_generation":1,"host_generation":1,"pending":false,"presented_damage":33,"ready":false,"reason":"presented","rendering":null,"window":"WindowId(31457284)"}
[SystemTime { tv_sec: 1790343147, tv_nsec: 628484407 }] redraw handler end
[SystemTime { tv_sec: 1790343147, tv_nsec: 628576355 }] native queue progress epoch=1 submitted=28 completed=27
[SystemTime { tv_sec: 1790343147, tv_nsec: 628602369 }] native attachment ledger {"attachments":{"allocations":[{"allocation":1,"host":1,"last_submission":28,"owner":8,"payload_bytes":32768000,"release_reason":null}],"completed_retirements":3,"current_payload_bytes":32768000,"device_loss_confirmed":false,"device_loss_retirements":0,"observed_allocations":4,"peak_payload_bytes":54886400,"retiring_payload_bytes":0,"unknown_payload_allocations":0},"queue_epoch":1}
[SystemTime { tv_sec: 1790343147, tv_nsec: 628664586 }] window event WindowId(31457356) ime Disabled
[SystemTime { tv_sec: 1790343147, tv_nsec: 629195058 }] window event WindowId(31457356) redraw requested
[SystemTime { tv_sec: 1790343147, tv_nsec: 629361049 }] native frame round hosts=[WindowId(31457356)]
[SystemTime { tv_sec: 1790343147, tv_nsec: 629419562 }] native_surface_lifecycle {"acquire_attempts":0,"acquired":0,"active":0,"configuration_generation":0,"configure_attempts":0,"configured_extent":null,"discarded":0,"frame_submission_receipts_issued":28,"frame_submissions":0,"gpu_completed_through_receipt":27,"host":5,"last_frame_submission_receipt":0,"last_present_receipt":0,"presented":0,"queue_epoch":1,"reason":"wait_queue","wgpu_submission":"None","window":"WindowId(31457356)"}
[SystemTime { tv_sec: 1790343147, tv_nsec: 629444303 }] native redraw ledger {"attempts":1,"counts":{"coalesced":1,"duplicate_tokens":0,"presentations":0,"received":1,"requested":1,"suppressed":0},"damage":3,"device_generation":1,"host_generation":5,"pending":false,"presented_damage":0,"ready":false,"reason":"not_presented","rendering":null,"window":"WindowId(31457356)"}
[SystemTime { tv_sec: 1790343147, tv_nsec: 632322154 }] window event WindowId(31457356) focused false
[SystemTime { tv_sec: 1790343147, tv_nsec: 632425209 }] window event WindowId(31457356) occluded false
[SystemTime { tv_sec: 1790343147, tv_nsec: 632505173 }] window event WindowId(31457356) redraw requested
[SystemTime { tv_sec: 1790343147, tv_nsec: 634896414 }] window event WindowId(31457284) modifiers changed ModifiersState(0x0)
[SystemTime { tv_sec: 1790343147, tv_nsec: 635135141 }] window event WindowId(31457284) focused false
[SystemTime { tv_sec: 1790343147, tv_nsec: 635319791 }] window event WindowId(31457356) focused true
[SystemTime { tv_sec: 1790343147, tv_nsec: 635614752 }] window event WindowId(31457356) modifiers changed ModifiersState(0x0)
[SystemTime { tv_sec: 1790343147, tv_nsec: 635659944 }] window event WindowId(31457356) cursor moved 467.00,170.00
[SystemTime { tv_sec: 1790343147, tv_nsec: 635708418 }] window event WindowId(31457356) occluded false
[SystemTime { tv_sec: 1790343147, tv_nsec: 636031183 }] window event WindowId(31457356) resized 960x720
[SystemTime { tv_sec: 1790343147, tv_nsec: 636076007 }] window event WindowId(31457356) redraw requested
[SystemTime { tv_sec: 1790343147, tv_nsec: 636109334 }] native frame round hosts=[WindowId(31457356)]
[SystemTime { tv_sec: 1790343147, tv_nsec: 636173415 }] native_surface_lifecycle {"acquire_attempts":0,"acquired":0,"active":0,"configuration_generation":0,"configure_attempts":0,"configured_extent":null,"discarded":0,"frame_submission_receipts_issued":28,"frame_submissions":0,"gpu_completed_through_receipt":27,"host":5,"last_frame_submission_receipt":0,"last_present_receipt":0,"presented":0,"queue_epoch":1,"reason":"wait_queue","wgpu_submission":"None","window":"WindowId(31457356)"}
[SystemTime { tv_sec: 1790343147, tv_nsec: 636217561 }] native redraw ledger {"attempts":2,"counts":{"coalesced":1,"duplicate_tokens":0,"presentations":0,"received":3,"requested":1,"suppressed":0},"damage":3,"device_generation":1,"host_generation":5,"pending":false,"presented_damage":0,"ready":false,"reason":"not_presented","rendering":null,"window":"WindowId(31457356)"}
[SystemTime { tv_sec: 1790343147, tv_nsec: 638633547 }] native queue progress epoch=1 submitted=28 completed=28
[SystemTime { tv_sec: 1790343147, tv_nsec: 638681555 }] native attachment ledger {"attachments":{"allocations":[{"allocation":1,"host":1,"last_submission":28,"owner":8,"payload_bytes":32768000,"release_reason":null}],"completed_retirements":3,"current_payload_bytes":32768000,"device_loss_confirmed":false,"device_loss_retirements":0,"observed_allocations":4,"peak_payload_bytes":54886400,"retiring_payload_bytes":0,"unknown_payload_allocations":0},"queue_epoch":1}
[SystemTime { tv_sec: 1790343147, tv_nsec: 640331677 }] window event WindowId(31457356) redraw requested
[SystemTime { tv_sec: 1790343147, tv_nsec: 640362620 }] native frame round hosts=[WindowId(31457356)]
[SystemTime { tv_sec: 1790343147, tv_nsec: 640396571 }] surface configure begin
[SystemTime { tv_sec: 1790343147, tv_nsec: 642765847 }] surface configure end
[SystemTime { tv_sec: 1790343147, tv_nsec: 642804841 }] native queue configured host=5 configurations=5 submitted=28 completed=28
[SystemTime { tv_sec: 1790343147, tv_nsec: 645788072 }] native control_meshes window=WindowId(31457356) builds=18
[SystemTime { tv_sec: 1790343147, tv_nsec: 653100153 }] native_surface_lifecycle {"acquire_attempts":1,"acquired":1,"active":1,"configuration_generation":1,"configure_attempts":1,"configured_extent":[960,720],"discarded":0,"frame_submission_receipts_issued":29,"frame_submissions":1,"gpu_completed_through_receipt":28,"host":5,"last_frame_submission_receipt":29,"last_present_receipt":0,"presented":0,"queue_epoch":1,"reason":"submit","wgpu_submission":"Some(SubmissionIndex { index: 29 })","window":"WindowId(31457356)"}
[SystemTime { tv_sec: 1790343147, tv_nsec: 653186947 }] native upload frame window=WindowId(31457356) host=5 renderer=5 queue_epoch=1 surface_generation=1 acquisition=1 submission=29 receipt=Some(UploadFrame { consumers: {"PROJECT"}, owner: 116, attempt: 1, rendered: Some(true), totals: UploadTotals { batches: 1, buffer_payload_bytes: 81208, texture_source_bytes: 10748, texture_padding_bytes: 482308, scatter_index_bytes: 0, staging_capacity_bytes: 574264, buffer_copy_bytes: 81208, buffer_copies: 3, texture_copies: 267, scatter_dispatches: 0 } })
[SystemTime { tv_sec: 1790343147, tv_nsec: 653228057 }] native font ownership window=WindowId(31457356) usage=Usage { allocation: Usage { allocator_installed: true, owner_id: 30, label: "renderer-fonts-and-shapes", payload_bytes: 933174, tracking_bytes: 86800, allocations: 10848, peak_payload_bytes: 933285, owner_metadata_bytes: 96 }, returned_shape_bytes: 201016, private_bytes: Some(818958), fixed_font_bytes: Some(772070), cache_reserved_bytes: 46888, last_call: Some(Report { call_id: 3233, owner_id: 30, allocator_installed: true, host_initial_bytes: 359902, host_final_bytes: 359940, process_initial_bytes: 663598, process_final_bytes: 663636, initial_bytes: 46888, final_bytes: 46888, peak_bytes: 46888, host_peak_bytes: 359940, process_peak_bytes: 663636, exceeded: false }) } measurement=Some(Usage { allocation: Usage { allocator_installed: true, owner_id: 32, label: "text-measurement", payload_bytes: 734742, tracking_bytes: 84216, allocations: 10525, peak_payload_bytes: 743360, owner_metadata_bytes: 96 }, returned_shape_bytes: 0, private_bytes: Some(818958), fixed_font_bytes: Some(772070), cache_reserved_bytes: 46888, last_call: Some(Report { call_id: 2644, owner_id: 32, allocator_installed: true, host_initial_bytes: 89896, host_final_bytes: 89896, process_initial_bytes: 393592, process_final_bytes: 393592, initial_bytes: 46888, final_bytes: 46888, peak_bytes: 48480, host_peak_bytes: 89896, process_peak_bytes: 393592, exceeded: false }) }) process_registry_bytes=RegistryUsage { registry_heap_bytes: 136, scope_owner_bytes: 1248, call_slots_static_bytes: 9752 }
[SystemTime { tv_sec: 1790343147, tv_nsec: 653283981 }] native attachment ledger {"attachments":{"allocations":[{"allocation":1,"host":1,"last_submission":28,"owner":8,"payload_bytes":32768000,"release_reason":null},{"allocation":1,"host":5,"last_submission":29,"owner":117,"payload_bytes":22118400,"release_reason":null}],"completed_retirements":3,"current_payload_bytes":54886400,"device_loss_confirmed":false,"device_loss_retirements":0,"observed_allocations":5,"peak_payload_bytes":54886400,"retiring_payload_bytes":0,"unknown_payload_allocations":0},"queue_epoch":1}
[SystemTime { tv_sec: 1790343147, tv_nsec: 653323624 }] native surface attachment {"allocation":1,"allocations_created":1,"extent":[960,720],"format":"Bgra8UnormSrgb","gpu_retirement_qualified":false,"host":5,"owner":117,"payload_bytes":22118400,"queue_epoch":1,"samples":8,"state":"current_renderer_reference","window":"WindowId(31457356)"}
[SystemTime { tv_sec: 1790343147, tv_nsec: 653427138 }] native_surface_lifecycle {"acquire_attempts":1,"acquired":1,"active":0,"configuration_generation":1,"configure_attempts":1,"configured_extent":[960,720],"discarded":0,"frame_submission_receipts_issued":29,"frame_submissions":1,"gpu_completed_through_receipt":28,"host":5,"last_frame_submission_receipt":29,"last_present_receipt":29,"presented":1,"queue_epoch":1,"reason":"present","wgpu_submission":"Some(SubmissionIndex { index: 29 })","window":"WindowId(31457356)"}
[SystemTime { tv_sec: 1790343147, tv_nsec: 653468919 }] native redraw ledger {"attempts":3,"counts":{"coalesced":1,"duplicate_tokens":0,"presentations":1,"received":4,"requested":2,"suppressed":1},"damage":3,"device_generation":1,"host_generation":5,"pending":false,"presented_damage":3,"ready":false,"reason":"presented","rendering":null,"window":"WindowId(31457356)"}
[SystemTime { tv_sec: 1790343147, tv_nsec: 669072125 }] native queue progress epoch=1 submitted=29 completed=29
[SystemTime { tv_sec: 1790343147, tv_nsec: 669109838 }] native attachment ledger {"attachments":{"allocations":[{"allocation":1,"host":1,"last_submission":28,"owner":8,"payload_bytes":32768000,"release_reason":null},{"allocation":1,"host":5,"last_submission":29,"owner":117,"payload_bytes":22118400,"release_reason":null}],"completed_retirements":3,"current_payload_bytes":54886400,"device_loss_confirmed":false,"device_loss_retirements":0,"observed_allocations":5,"peak_payload_bytes":54886400,"retiring_payload_bytes":0,"unknown_payload_allocations":0},"queue_epoch":1}
[SystemTime { tv_sec: 1790343147, tv_nsec: 802249637 }] window event WindowId(31457356) keyboard physical=Code(Escape) logical=Named(Escape) state=Pressed repeat=false text=Some("\u{1b}") synthetic=false
[SystemTime { tv_sec: 1790343147, tv_nsec: 802349514 }] window event WindowId(31457284) redraw requested
[SystemTime { tv_sec: 1790343147, tv_nsec: 802510027 }] window event WindowId(31457356) redraw requested
[SystemTime { tv_sec: 1790343147, tv_nsec: 802557072 }] native redraw ledger {"attempts":3,"counts":{"coalesced":1,"duplicate_tokens":0,"presentations":1,"received":5,"requested":3,"suppressed":1},"damage":4,"device_generation":1,"host_generation":5,"pending":true,"presented_damage":3,"ready":true,"reason":"closed","rendering":null,"window":"WindowId(31457356)"}
[SystemTime { tv_sec: 1790343147, tv_nsec: 808422847 }] native_surface_lifecycle {"acquire_attempts":1,"acquired":1,"active":0,"configuration_generation":1,"configure_attempts":1,"configured_extent":[960,720],"discarded":0,"frame_submission_receipts_issued":29,"frame_submissions":1,"gpu_completed_through_receipt":29,"host":5,"last_frame_submission_receipt":29,"last_present_receipt":29,"presented":1,"queue_epoch":1,"reason":"owner_drop","wgpu_submission":"Some(SubmissionIndex { index: 29 })","window":"WindowId(31457356)"}
[SystemTime { tv_sec: 1790343147, tv_nsec: 808481511 }] native attachment ledger {"attachments":{"allocations":[{"allocation":1,"host":1,"last_submission":28,"owner":8,"payload_bytes":32768000,"release_reason":null}],"completed_retirements":4,"current_payload_bytes":32768000,"device_loss_confirmed":false,"device_loss_retirements":0,"observed_allocations":5,"peak_payload_bytes":54886400,"retiring_payload_bytes":0,"unknown_payload_allocations":0},"queue_epoch":1}
[SystemTime { tv_sec: 1790343147, tv_nsec: 808865548 }] native frame round hosts=[WindowId(31457284)]
[SystemTime { tv_sec: 1790343147, tv_nsec: 808906174 }] redraw handler begin
[SystemTime { tv_sec: 1790343147, tv_nsec: 808937613 }] render scene prepare begin retained_cached=true
[SystemTime { tv_sec: 1790343147, tv_nsec: 808972175 }] prepared scene build begin
[SystemTime { tv_sec: 1790343147, tv_nsec: 809295257 }] native control_meshes window=WindowId(31457284) builds=1
[SystemTime { tv_sec: 1790343147, tv_nsec: 809313868 }] prepared scene build end 0ms
[SystemTime { tv_sec: 1790343147, tv_nsec: 809331897 }] renderer render begin
[SystemTime { tv_sec: 1790343147, tv_nsec: 810208084 }] native_surface_lifecycle {"acquire_attempts":23,"acquired":23,"active":1,"configuration_generation":1,"configure_attempts":1,"configured_extent":[1280,800],"discarded":0,"frame_submission_receipts_issued":30,"frame_submissions":23,"gpu_completed_through_receipt":29,"host":1,"last_frame_submission_receipt":30,"last_present_receipt":28,"presented":22,"queue_epoch":1,"reason":"submit","wgpu_submission":"Some(SubmissionIndex { index: 30 })","window":"WindowId(31457284)"}
[SystemTime { tv_sec: 1790343147, tv_nsec: 810282672 }] native upload frame window=WindowId(31457284) host=1 renderer=1 queue_epoch=1 surface_generation=1 acquisition=23 submission=30 receipt=Some(UploadFrame { consumers: {"MAIN", "BOARD", "LAYERS", "NAV", "INSPECTOR", "MENU", "TERMINAL"}, owner: 7, attempt: 24, rendered: Some(true), totals: UploadTotals { batches: 1, buffer_payload_bytes: 12676, texture_source_bytes: 0, texture_padding_bytes: 0, scatter_index_bytes: 12604, staging_capacity_bytes: 50488, buffer_copy_bytes: 25280, buffer_copies: 19, texture_copies: 0, scatter_dispatches: 1 } })
[SystemTime { tv_sec: 1790343147, tv_nsec: 810306945 }] native font ownership window=WindowId(31457284) usage=Usage { allocation: Usage { allocator_installed: true, owner_id: 3, label: "renderer-fonts-and-shapes", payload_bytes: 925390, tracking_bytes: 88544, allocations: 11066, peak_payload_bytes: 925507, owner_metadata_bytes: 96 }, returned_shape_bytes: 179160, private_bytes: Some(834774), fixed_font_bytes: Some(772070), cache_reserved_bytes: 62704, last_call: Some(Report { call_id: 3234, owner_id: 3, allocator_installed: true, host_initial_bytes: 339856, host_final_bytes: 339856, process_initial_bytes: 339856, process_final_bytes: 339856, initial_bytes: 62704, final_bytes: 63816, peak_bytes: 63959, host_peak_bytes: 339856, process_peak_bytes: 339856, exceeded: false }) } measurement=Some(Usage { allocation: Usage { allocator_installed: true, owner_id: 13, label: "text-measurement", payload_bytes: 734742, tracking_bytes: 84216, allocations: 10525, peak_payload_bytes: 748214, owner_metadata_bytes: 96 }, returned_shape_bytes: 0, private_bytes: Some(818958), fixed_font_bytes: Some(772070), cache_reserved_bytes: 46888, last_call: Some(Report { call_id: 1657, owner_id: 13, allocator_installed: true, host_initial_bytes: 387312, host_final_bytes: 387312, process_initial_bytes: 387312, process_final_bytes: 387312, initial_bytes: 46888, final_bytes: 46888, peak_bytes: 54192, host_peak_bytes: 387312, process_peak_bytes: 387312, exceeded: false }) }) process_registry_bytes=RegistryUsage { registry_heap_bytes: 136, scope_owner_bytes: 1248, call_slots_static_bytes: 9752 }
[SystemTime { tv_sec: 1790343147, tv_nsec: 810341586 }] native attachment ledger {"attachments":{"allocations":[{"allocation":1,"host":1,"last_submission":30,"owner":8,"payload_bytes":32768000,"release_reason":null}],"completed_retirements":4,"current_payload_bytes":32768000,"device_loss_confirmed":false,"device_loss_retirements":0,"observed_allocations":5,"peak_payload_bytes":54886400,"retiring_payload_bytes":0,"unknown_payload_allocations":0},"queue_epoch":1}
[SystemTime { tv_sec: 1790343147, tv_nsec: 810361872 }] native surface attachment {"allocation":1,"allocations_created":1,"extent":[1280,800],"format":"Bgra8UnormSrgb","gpu_retirement_qualified":false,"host":1,"owner":8,"payload_bytes":32768000,"queue_epoch":1,"samples":8,"state":"current_renderer_reference","window":"WindowId(31457284)"}
[SystemTime { tv_sec: 1790343147, tv_nsec: 810377701 }] renderer render end 1ms
[SystemTime { tv_sec: 1790343147, tv_nsec: 810393025 }] frame present begin
[SystemTime { tv_sec: 1790343147, tv_nsec: 810465002 }] native_surface_lifecycle {"acquire_attempts":23,"acquired":23,"active":0,"configuration_generation":1,"configure_attempts":1,"configured_extent":[1280,800],"discarded":0,"frame_submission_receipts_issued":30,"frame_submissions":23,"gpu_completed_through_receipt":29,"host":1,"last_frame_submission_receipt":30,"last_present_receipt":30,"presented":23,"queue_epoch":1,"reason":"present","wgpu_submission":"Some(SubmissionIndex { index: 30 })","window":"WindowId(31457284)"}
[SystemTime { tv_sec: 1790343147, tv_nsec: 810491663 }] frame present end 0ms total=1ms
[SystemTime { tv_sec: 1790343147, tv_nsec: 810553366 }] native redraw ledger {"attempts":37,"counts":{"coalesced":2,"duplicate_tokens":0,"presentations":23,"received":37,"requested":37,"suppressed":26},"damage":34,"device_generation":1,"host_generation":1,"pending":false,"presented_damage":34,"ready":false,"reason":"presented","rendering":null,"window":"WindowId(31457284)"}
[SystemTime { tv_sec: 1790343147, tv_nsec: 810596998 }] redraw handler end
[SystemTime { tv_sec: 1790343147, tv_nsec: 811008471 }] window event WindowId(31457284) focused true
[SystemTime { tv_sec: 1790343147, tv_nsec: 811486886 }] window event WindowId(31457284) modifiers changed ModifiersState(0x0)
[SystemTime { tv_sec: 1790343147, tv_nsec: 811532621 }] window event WindowId(31457284) cursor moved 148.00,16.00
[SystemTime { tv_sec: 1790343147, tv_nsec: 811800743 }] window event WindowId(31457284) modifiers changed ModifiersState(0x0)
[SystemTime { tv_sec: 1790343147, tv_nsec: 812176572 }] window event WindowId(31457284) focused false
[SystemTime { tv_sec: 1790343147, tv_nsec: 812391676 }] window event WindowId(31457284) focused true
[SystemTime { tv_sec: 1790343147, tv_nsec: 812657922 }] window event WindowId(31457284) modifiers changed ModifiersState(0x0)
[SystemTime { tv_sec: 1790343147, tv_nsec: 812697096 }] window event WindowId(31457284) cursor moved 148.00,16.00
[SystemTime { tv_sec: 1790343147, tv_nsec: 812993967 }] window event WindowId(31457284) keyboard physical=Code(Escape) logical=Named(Escape) state=Released repeat=false text=Some("\u{1b}") synthetic=false
[SystemTime { tv_sec: 1790343147, tv_nsec: 813029416 }] pan key physical=Code(Escape) logical=Named(Escape) state=Released repeat=false pointer_in_scene=false held=false consumed=false
[SystemTime { tv_sec: 1790343147, tv_nsec: 813309859 }] window event WindowId(31457356) destroyed
[SystemTime { tv_sec: 1790343147, tv_nsec: 823799063 }] window event WindowId(31457284) modifiers changed ModifiersState(0x0)
[SystemTime { tv_sec: 1790343147, tv_nsec: 823835343 }] window event WindowId(31457284) mouse input Left Pressed
[SystemTime { tv_sec: 1790343147, tv_nsec: 823942644 }] pan primary pressed cursor=Some((148.0, 16.0)) pointer_in_scene=false held=false active=false
[SystemTime { tv_sec: 1790343147, tv_nsec: 823979814 }] window event WindowId(31457284) modifiers changed ModifiersState(0x0)
[SystemTime { tv_sec: 1790343147, tv_nsec: 824012060 }] window event WindowId(31457284) modifiers changed ModifiersState(0x0)
[SystemTime { tv_sec: 1790343147, tv_nsec: 824037139 }] window event WindowId(31457284) mouse input Left Released
[SystemTime { tv_sec: 1790343147, tv_nsec: 824061231 }] pan primary released cursor=Some((148.0, 16.0)) suppress_click=false
[SystemTime { tv_sec: 1790343147, tv_nsec: 824168554 }] window event WindowId(31457284) modifiers changed ModifiersState(0x0)
[SystemTime { tv_sec: 1790343147, tv_nsec: 824195105 }] window event WindowId(31457284) redraw requested
[SystemTime { tv_sec: 1790343147, tv_nsec: 824219439 }] native frame round hosts=[WindowId(31457284)]
[SystemTime { tv_sec: 1790343147, tv_nsec: 824240673 }] redraw handler begin
[SystemTime { tv_sec: 1790343147, tv_nsec: 824291859 }] native_surface_lifecycle {"acquire_attempts":23,"acquired":23,"active":0,"configuration_generation":1,"configure_attempts":1,"configured_extent":[1280,800],"discarded":0,"frame_submission_receipts_issued":30,"frame_submissions":23,"gpu_completed_through_receipt":29,"host":1,"last_frame_submission_receipt":30,"last_present_receipt":30,"presented":23,"queue_epoch":1,"reason":"wait_queue","wgpu_submission":"Some(SubmissionIndex { index: 30 })","window":"WindowId(31457284)"}
[SystemTime { tv_sec: 1790343147, tv_nsec: 824328232 }] native redraw ledger {"attempts":38,"counts":{"coalesced":2,"duplicate_tokens":0,"presentations":23,"received":38,"requested":38,"suppressed":26},"damage":35,"device_generation":1,"host_generation":1,"pending":false,"presented_damage":34,"ready":false,"reason":"not_presented","rendering":null,"window":"WindowId(31457284)"}
[SystemTime { tv_sec: 1790343147, tv_nsec: 832029429 }] native queue progress epoch=1 submitted=30 completed=30
[SystemTime { tv_sec: 1790343147, tv_nsec: 832070698 }] native attachment ledger {"attachments":{"allocations":[{"allocation":1,"host":1,"last_submission":30,"owner":8,"payload_bytes":32768000,"release_reason":null}],"completed_retirements":4,"current_payload_bytes":32768000,"device_loss_confirmed":false,"device_loss_retirements":0,"observed_allocations":5,"peak_payload_bytes":54886400,"retiring_payload_bytes":0,"unknown_payload_allocations":0},"queue_epoch":1}
[SystemTime { tv_sec: 1790343147, tv_nsec: 832580739 }] window event WindowId(31457284) redraw requested
[SystemTime { tv_sec: 1790343147, tv_nsec: 832606529 }] native frame round hosts=[WindowId(31457284)]
[SystemTime { tv_sec: 1790343147, tv_nsec: 832625052 }] redraw handler begin
[SystemTime { tv_sec: 1790343147, tv_nsec: 832655676 }] render scene prepare begin retained_cached=true
[SystemTime { tv_sec: 1790343147, tv_nsec: 832673886 }] prepared scene build begin
[SystemTime { tv_sec: 1790343147, tv_nsec: 832923570 }] native control_meshes window=WindowId(31457284) builds=1
[SystemTime { tv_sec: 1790343147, tv_nsec: 832963074 }] prepared scene build end 0ms
[SystemTime { tv_sec: 1790343147, tv_nsec: 832983727 }] renderer render begin
[SystemTime { tv_sec: 1790343147, tv_nsec: 834087288 }] native_surface_lifecycle {"acquire_attempts":24,"acquired":24,"active":1,"configuration_generation":1,"configure_attempts":1,"configured_extent":[1280,800],"discarded":0,"frame_submission_receipts_issued":31,"frame_submissions":24,"gpu_completed_through_receipt":30,"host":1,"last_frame_submission_receipt":31,"last_present_receipt":30,"presented":23,"queue_epoch":1,"reason":"submit","wgpu_submission":"Some(SubmissionIndex { index: 31 })","window":"WindowId(31457284)"}
[SystemTime { tv_sec: 1790343147, tv_nsec: 834151511 }] native upload frame window=WindowId(31457284) host=1 renderer=1 queue_epoch=1 surface_generation=1 acquisition=24 submission=31 receipt=Some(UploadFrame { consumers: {"MAIN", "BOARD", "LAYERS", "NAV", "INSPECTOR", "MENU", "TERMINAL"}, owner: 7, attempt: 25, rendered: Some(true), totals: UploadTotals { batches: 1, buffer_payload_bytes: 19660, texture_source_bytes: 0, texture_padding_bytes: 0, scatter_index_bytes: 17740, staging_capacity_bytes: 72880, buffer_copy_bytes: 37400, buffer_copies: 3, texture_copies: 0, scatter_dispatches: 2 } })
[SystemTime { tv_sec: 1790343147, tv_nsec: 834185485 }] native font ownership window=WindowId(31457284) usage=Usage { allocation: Usage { allocator_installed: true, owner_id: 3, label: "renderer-fonts-and-shapes", payload_bytes: 925390, tracking_bytes: 88544, allocations: 11066, peak_payload_bytes: 925507, owner_metadata_bytes: 96 }, returned_shape_bytes: 179160, private_bytes: Some(834774), fixed_font_bytes: Some(772070), cache_reserved_bytes: 62704, last_call: Some(Report { call_id: 3235, owner_id: 3, allocator_installed: true, host_initial_bytes: 342664, host_final_bytes: 342664, process_initial_bytes: 342664, process_final_bytes: 342664, initial_bytes: 62704, final_bytes: 63880, peak_bytes: 64029, host_peak_bytes: 342664, process_peak_bytes: 342664, exceeded: false }) } measurement=Some(Usage { allocation: Usage { allocator_installed: true, owner_id: 13, label: "text-measurement", payload_bytes: 734742, tracking_bytes: 84216, allocations: 10525, peak_payload_bytes: 748214, owner_metadata_bytes: 96 }, returned_shape_bytes: 0, private_bytes: Some(818958), fixed_font_bytes: Some(772070), cache_reserved_bytes: 46888, last_call: Some(Report { call_id: 1657, owner_id: 13, allocator_installed: true, host_initial_bytes: 387312, host_final_bytes: 387312, process_initial_bytes: 387312, process_final_bytes: 387312, initial_bytes: 46888, final_bytes: 46888, peak_bytes: 54192, host_peak_bytes: 387312, process_peak_bytes: 387312, exceeded: false }) }) process_registry_bytes=RegistryUsage { registry_heap_bytes: 136, scope_owner_bytes: 1248, call_slots_static_bytes: 9752 }
[SystemTime { tv_sec: 1790343147, tv_nsec: 834225023 }] native attachment ledger {"attachments":{"allocations":[{"allocation":1,"host":1,"last_submission":31,"owner":8,"payload_bytes":32768000,"release_reason":null}],"completed_retirements":4,"current_payload_bytes":32768000,"device_loss_confirmed":false,"device_loss_retirements":0,"observed_allocations":5,"peak_payload_bytes":54886400,"retiring_payload_bytes":0,"unknown_payload_allocations":0},"queue_epoch":1}
[SystemTime { tv_sec: 1790343147, tv_nsec: 834259645 }] native surface attachment {"allocation":1,"allocations_created":1,"extent":[1280,800],"format":"Bgra8UnormSrgb","gpu_retirement_qualified":false,"host":1,"owner":8,"payload_bytes":32768000,"queue_epoch":1,"samples":8,"state":"current_renderer_reference","window":"WindowId(31457284)"}
[SystemTime { tv_sec: 1790343147, tv_nsec: 834277055 }] renderer render end 1ms
[SystemTime { tv_sec: 1790343147, tv_nsec: 834293657 }] frame present begin
[SystemTime { tv_sec: 1790343147, tv_nsec: 834372381 }] native_surface_lifecycle {"acquire_attempts":24,"acquired":24,"active":0,"configuration_generation":1,"configure_attempts":1,"configured_extent":[1280,800],"discarded":0,"frame_submission_receipts_issued":31,"frame_submissions":24,"gpu_completed_through_receipt":30,"host":1,"last_frame_submission_receipt":31,"last_present_receipt":31,"presented":24,"queue_epoch":1,"reason":"present","wgpu_submission":"Some(SubmissionIndex { index: 31 })","window":"WindowId(31457284)"}
[SystemTime { tv_sec: 1790343147, tv_nsec: 834405357 }] frame present end 0ms total=1ms
[SystemTime { tv_sec: 1790343147, tv_nsec: 834431767 }] native redraw ledger {"attempts":39,"counts":{"coalesced":2,"duplicate_tokens":0,"presentations":24,"received":39,"requested":39,"suppressed":27},"damage":35,"device_generation":1,"host_generation":1,"pending":false,"presented_damage":35,"ready":false,"reason":"presented","rendering":null,"window":"WindowId(31457284)"}
[SystemTime { tv_sec: 1790343147, tv_nsec: 834448394 }] redraw handler end
[SystemTime { tv_sec: 1790343147, tv_nsec: 860052275 }] native queue progress epoch=1 submitted=31 completed=31
[SystemTime { tv_sec: 1790343147, tv_nsec: 860122743 }] native attachment ledger {"attachments":{"allocations":[{"allocation":1,"host":1,"last_submission":31,"owner":8,"payload_bytes":32768000,"release_reason":null}],"completed_retirements":4,"current_payload_bytes":32768000,"device_loss_confirmed":false,"device_loss_retirements":0,"observed_allocations":5,"peak_payload_bytes":54886400,"retiring_payload_bytes":0,"unknown_payload_allocations":0},"queue_epoch":1}
[SystemTime { tv_sec: 1790343147, tv_nsec: 932145884 }] window event WindowId(31457284) keyboard physical=Code(ArrowUp) logical=Named(ArrowUp) state=Pressed repeat=false text=None synthetic=false
[SystemTime { tv_sec: 1790343147, tv_nsec: 932368238 }] window event WindowId(31457284) redraw requested
[SystemTime { tv_sec: 1790343147, tv_nsec: 932422480 }] native frame round hosts=[WindowId(31457284)]
[SystemTime { tv_sec: 1790343147, tv_nsec: 932466980 }] redraw handler begin
[SystemTime { tv_sec: 1790343147, tv_nsec: 932537067 }] render scene prepare begin retained_cached=true
[SystemTime { tv_sec: 1790343147, tv_nsec: 932581130 }] prepared scene build begin
[SystemTime { tv_sec: 1790343147, tv_nsec: 932977668 }] native control_meshes window=WindowId(31457284) builds=1
[SystemTime { tv_sec: 1790343147, tv_nsec: 933028860 }] prepared scene build end 0ms
[SystemTime { tv_sec: 1790343147, tv_nsec: 933076835 }] renderer render begin
[SystemTime { tv_sec: 1790343147, tv_nsec: 934790261 }] native_surface_lifecycle {"acquire_attempts":25,"acquired":25,"active":1,"configuration_generation":1,"configure_attempts":1,"configured_extent":[1280,800],"discarded":0,"frame_submission_receipts_issued":32,"frame_submissions":25,"gpu_completed_through_receipt":31,"host":1,"last_frame_submission_receipt":32,"last_present_receipt":31,"presented":24,"queue_epoch":1,"reason":"submit","wgpu_submission":"Some(SubmissionIndex { index: 32 })","window":"WindowId(31457284)"}
[SystemTime { tv_sec: 1790343147, tv_nsec: 934895211 }] native upload frame window=WindowId(31457284) host=1 renderer=1 queue_epoch=1 surface_generation=1 acquisition=25 submission=32 receipt=Some(UploadFrame { consumers: {"MAIN", "BOARD", "LAYERS", "NAV", "INSPECTOR", "MENU", "TERMINAL"}, owner: 7, attempt: 26, rendered: Some(true), totals: UploadTotals { batches: 1, buffer_payload_bytes: 984, texture_source_bytes: 0, texture_padding_bytes: 0, scatter_index_bytes: 0, staging_capacity_bytes: 984, buffer_copy_bytes: 984, buffer_copies: 57, texture_copies: 0, scatter_dispatches: 0 } })
[SystemTime { tv_sec: 1790343147, tv_nsec: 934960736 }] native font ownership window=WindowId(31457284) usage=Usage { allocation: Usage { allocator_installed: true, owner_id: 3, label: "renderer-fonts-and-shapes", payload_bytes: 924302, tracking_bytes: 88520, allocations: 11063, peak_payload_bytes: 925507, owner_metadata_bytes: 96 }, returned_shape_bytes: 178048, private_bytes: Some(834774), fixed_font_bytes: Some(772070), cache_reserved_bytes: 62704, last_call: Some(Report { call_id: 3235, owner_id: 3, allocator_installed: true, host_initial_bytes: 342664, host_final_bytes: 342664, process_initial_bytes: 342664, process_final_bytes: 342664, initial_bytes: 62704, final_bytes: 63880, peak_bytes: 64029, host_peak_bytes: 342664, process_peak_bytes: 342664, exceeded: false }) } measurement=Some(Usage { allocation: Usage { allocator_installed: true, owner_id: 13, label: "text-measurement", payload_bytes: 734742, tracking_bytes: 84216, allocations: 10525, peak_payload_bytes: 748214, owner_metadata_bytes: 96 }, returned_shape_bytes: 0, private_bytes: Some(818958), fixed_font_bytes: Some(772070), cache_reserved_bytes: 46888, last_call: Some(Report { call_id: 1657, owner_id: 13, allocator_installed: true, host_initial_bytes: 387312, host_final_bytes: 387312, process_initial_bytes: 387312, process_final_bytes: 387312, initial_bytes: 46888, final_bytes: 46888, peak_bytes: 54192, host_peak_bytes: 387312, process_peak_bytes: 387312, exceeded: false }) }) process_registry_bytes=RegistryUsage { registry_heap_bytes: 136, scope_owner_bytes: 1248, call_slots_static_bytes: 9752 }
[SystemTime { tv_sec: 1790343147, tv_nsec: 935040391 }] native attachment ledger {"attachments":{"allocations":[{"allocation":1,"host":1,"last_submission":32,"owner":8,"payload_bytes":32768000,"release_reason":null}],"completed_retirements":4,"current_payload_bytes":32768000,"device_loss_confirmed":false,"device_loss_retirements":0,"observed_allocations":5,"peak_payload_bytes":54886400,"retiring_payload_bytes":0,"unknown_payload_allocations":0},"queue_epoch":1}
[SystemTime { tv_sec: 1790343147, tv_nsec: 935099813 }] native surface attachment {"allocation":1,"allocations_created":1,"extent":[1280,800],"format":"Bgra8UnormSrgb","gpu_retirement_qualified":false,"host":1,"owner":8,"payload_bytes":32768000,"queue_epoch":1,"samples":8,"state":"current_renderer_reference","window":"WindowId(31457284)"}
[SystemTime { tv_sec: 1790343147, tv_nsec: 935144798 }] renderer render end 2ms
[SystemTime { tv_sec: 1790343147, tv_nsec: 935188868 }] frame present begin
[SystemTime { tv_sec: 1790343147, tv_nsec: 935331639 }] native_surface_lifecycle {"acquire_attempts":25,"acquired":25,"active":0,"configuration_generation":1,"configure_attempts":1,"configured_extent":[1280,800],"discarded":0,"frame_submission_receipts_issued":32,"frame_submissions":25,"gpu_completed_through_receipt":31,"host":1,"last_frame_submission_receipt":32,"last_present_receipt":32,"presented":25,"queue_epoch":1,"reason":"present","wgpu_submission":"Some(SubmissionIndex { index: 32 })","window":"WindowId(31457284)"}
[SystemTime { tv_sec: 1790343147, tv_nsec: 935395629 }] frame present end 0ms total=2ms
[SystemTime { tv_sec: 1790343147, tv_nsec: 935460304 }] native redraw ledger {"attempts":40,"counts":{"coalesced":2,"duplicate_tokens":0,"presentations":25,"received":40,"requested":40,"suppressed":28},"damage":36,"device_generation":1,"host_generation":1,"pending":false,"presented_damage":36,"ready":false,"reason":"presented","rendering":null,"window":"WindowId(31457284)"}
[SystemTime { tv_sec: 1790343147, tv_nsec: 935504888 }] redraw handler end
[SystemTime { tv_sec: 1790343147, tv_nsec: 942939229 }] window event WindowId(31457284) keyboard physical=Code(ArrowUp) logical=Named(ArrowUp) state=Released repeat=false text=None synthetic=false
[SystemTime { tv_sec: 1790343147, tv_nsec: 943053595 }] window event WindowId(31457284) redraw requested
[SystemTime { tv_sec: 1790343147, tv_nsec: 943105850 }] native frame round hosts=[WindowId(31457284)]
[SystemTime { tv_sec: 1790343147, tv_nsec: 943150324 }] redraw handler begin
[SystemTime { tv_sec: 1790343147, tv_nsec: 943250871 }] native_surface_lifecycle {"acquire_attempts":25,"acquired":25,"active":0,"configuration_generation":1,"configure_attempts":1,"configured_extent":[1280,800],"discarded":0,"frame_submission_receipts_issued":32,"frame_submissions":25,"gpu_completed_through_receipt":31,"host":1,"last_frame_submission_receipt":32,"last_present_receipt":32,"presented":25,"queue_epoch":1,"reason":"wait_queue","wgpu_submission":"Some(SubmissionIndex { index: 32 })","window":"WindowId(31457284)"}
[SystemTime { tv_sec: 1790343147, tv_nsec: 943318805 }] native redraw ledger {"attempts":41,"counts":{"coalesced":2,"duplicate_tokens":0,"presentations":25,"received":41,"requested":41,"suppressed":28},"damage":37,"device_generation":1,"host_generation":1,"pending":false,"presented_damage":36,"ready":false,"reason":"not_presented","rendering":null,"window":"WindowId(31457284)"}
[SystemTime { tv_sec: 1790343147, tv_nsec: 953607295 }] window event WindowId(31457284) keyboard physical=Code(ArrowRight) logical=Named(ArrowRight) state=Pressed repeat=false text=None synthetic=false
[SystemTime { tv_sec: 1790343147, tv_nsec: 954010894 }] window event WindowId(31457284) redraw requested
[SystemTime { tv_sec: 1790343147, tv_nsec: 954098570 }] native frame round hosts=[WindowId(31457284)]
[SystemTime { tv_sec: 1790343147, tv_nsec: 954145602 }] redraw handler begin
[SystemTime { tv_sec: 1790343147, tv_nsec: 954253496 }] native_surface_lifecycle {"acquire_attempts":25,"acquired":25,"active":0,"configuration_generation":1,"configure_attempts":1,"configured_extent":[1280,800],"discarded":0,"frame_submission_receipts_issued":32,"frame_submissions":25,"gpu_completed_through_receipt":31,"host":1,"last_frame_submission_receipt":32,"last_present_receipt":32,"presented":25,"queue_epoch":1,"reason":"wait_queue","wgpu_submission":"Some(SubmissionIndex { index: 32 })","window":"WindowId(31457284)"}
[SystemTime { tv_sec: 1790343147, tv_nsec: 954354356 }] native redraw ledger {"attempts":42,"counts":{"coalesced":2,"duplicate_tokens":0,"presentations":25,"received":42,"requested":42,"suppressed":28},"damage":38,"device_generation":1,"host_generation":1,"pending":false,"presented_damage":36,"ready":false,"reason":"not_presented","rendering":null,"window":"WindowId(31457284)"}
[SystemTime { tv_sec: 1790343147, tv_nsec: 958655844 }] native queue progress epoch=1 submitted=32 completed=32
[SystemTime { tv_sec: 1790343147, tv_nsec: 958740824 }] native attachment ledger {"attachments":{"allocations":[{"allocation":1,"host":1,"last_submission":32,"owner":8,"payload_bytes":32768000,"release_reason":null}],"completed_retirements":4,"current_payload_bytes":32768000,"device_loss_confirmed":false,"device_loss_retirements":0,"observed_allocations":5,"peak_payload_bytes":54886400,"retiring_payload_bytes":0,"unknown_payload_allocations":0},"queue_epoch":1}
[SystemTime { tv_sec: 1790343147, tv_nsec: 958825325 }] window event WindowId(31457284) redraw requested
[SystemTime { tv_sec: 1790343147, tv_nsec: 958876808 }] native frame round hosts=[WindowId(31457284)]
[SystemTime { tv_sec: 1790343147, tv_nsec: 958922571 }] redraw handler begin
[SystemTime { tv_sec: 1790343147, tv_nsec: 958983334 }] render scene prepare begin retained_cached=true
[SystemTime { tv_sec: 1790343147, tv_nsec: 959028641 }] prepared scene build begin
[SystemTime { tv_sec: 1790343147, tv_nsec: 959500819 }] native control_meshes window=WindowId(31457284) builds=1
[SystemTime { tv_sec: 1790343147, tv_nsec: 959578342 }] prepared scene build end 0ms
[SystemTime { tv_sec: 1790343147, tv_nsec: 959629642 }] renderer render begin
[SystemTime { tv_sec: 1790343147, tv_nsec: 961060082 }] native_surface_lifecycle {"acquire_attempts":26,"acquired":26,"active":1,"configuration_generation":1,"configure_attempts":1,"configured_extent":[1280,800],"discarded":0,"frame_submission_receipts_issued":33,"frame_submissions":26,"gpu_completed_through_receipt":32,"host":1,"last_frame_submission_receipt":33,"last_present_receipt":32,"presented":25,"queue_epoch":1,"reason":"submit","wgpu_submission":"Some(SubmissionIndex { index: 33 })","window":"WindowId(31457284)"}
[SystemTime { tv_sec: 1790343147, tv_nsec: 961139327 }] native upload frame window=WindowId(31457284) host=1 renderer=1 queue_epoch=1 surface_generation=1 acquisition=26 submission=33 receipt=Some(UploadFrame { consumers: {"MAIN", "BOARD", "LAYERS", "NAV", "INSPECTOR", "MENU", "TERMINAL"}, owner: 7, attempt: 27, rendered: Some(true), totals: UploadTotals { batches: 1, buffer_payload_bytes: 4320, texture_source_bytes: 0, texture_padding_bytes: 0, scatter_index_bytes: 0, staging_capacity_bytes: 4320, buffer_copy_bytes: 4320, buffer_copies: 2, texture_copies: 0, scatter_dispatches: 0 } })
[SystemTime { tv_sec: 1790343147, tv_nsec: 961205685 }] native font ownership window=WindowId(31457284) usage=Usage { allocation: Usage { allocator_installed: true, owner_id: 3, label: "renderer-fonts-and-shapes", payload_bytes: 924302, tracking_bytes: 88520, allocations: 11063, peak_payload_bytes: 925507, owner_metadata_bytes: 96 }, returned_shape_bytes: 178048, private_bytes: Some(834774), fixed_font_bytes: Some(772070), cache_reserved_bytes: 62704, last_call: Some(Report { call_id: 3235, owner_id: 3, allocator_installed: true, host_initial_bytes: 342664, host_final_bytes: 342664, process_initial_bytes: 342664, process_final_bytes: 342664, initial_bytes: 62704, final_bytes: 63880, peak_bytes: 64029, host_peak_bytes: 342664, process_peak_bytes: 342664, exceeded: false }) } measurement=Some(Usage { allocation: Usage { allocator_installed: true, owner_id: 13, label: "text-measurement", payload_bytes: 734742, tracking_bytes: 84216, allocations: 10525, peak_payload_bytes: 748214, owner_metadata_bytes: 96 }, returned_shape_bytes: 0, private_bytes: Some(818958), fixed_font_bytes: Some(772070), cache_reserved_bytes: 46888, last_call: Some(Report { call_id: 1657, owner_id: 13, allocator_installed: true, host_initial_bytes: 387312, host_final_bytes: 387312, process_initial_bytes: 387312, process_final_bytes: 387312, initial_bytes: 46888, final_bytes: 46888, peak_bytes: 54192, host_peak_bytes: 387312, process_peak_bytes: 387312, exceeded: false }) }) process_registry_bytes=RegistryUsage { registry_heap_bytes: 136, scope_owner_bytes: 1248, call_slots_static_bytes: 9752 }
[SystemTime { tv_sec: 1790343147, tv_nsec: 961288249 }] native attachment ledger {"attachments":{"allocations":[{"allocation":1,"host":1,"last_submission":33,"owner":8,"payload_bytes":32768000,"release_reason":null}],"completed_retirements":4,"current_payload_bytes":32768000,"device_loss_confirmed":false,"device_loss_retirements":0,"observed_allocations":5,"peak_payload_bytes":54886400,"retiring_payload_bytes":0,"unknown_payload_allocations":0},"queue_epoch":1}
[SystemTime { tv_sec: 1790343147, tv_nsec: 961348017 }] native surface attachment {"allocation":1,"allocations_created":1,"extent":[1280,800],"format":"Bgra8UnormSrgb","gpu_retirement_qualified":false,"host":1,"owner":8,"payload_bytes":32768000,"queue_epoch":1,"samples":8,"state":"current_renderer_reference","window":"WindowId(31457284)"}
[SystemTime { tv_sec: 1790343147, tv_nsec: 961393877 }] renderer render end 1ms
[SystemTime { tv_sec: 1790343147, tv_nsec: 961438703 }] frame present begin
[SystemTime { tv_sec: 1790343147, tv_nsec: 961577044 }] native_surface_lifecycle {"acquire_attempts":26,"acquired":26,"active":0,"configuration_generation":1,"configure_attempts":1,"configured_extent":[1280,800],"discarded":0,"frame_submission_receipts_issued":33,"frame_submissions":26,"gpu_completed_through_receipt":32,"host":1,"last_frame_submission_receipt":33,"last_present_receipt":33,"presented":26,"queue_epoch":1,"reason":"present","wgpu_submission":"Some(SubmissionIndex { index: 33 })","window":"WindowId(31457284)"}
[SystemTime { tv_sec: 1790343147, tv_nsec: 961642677 }] frame present end 0ms total=2ms
[SystemTime { tv_sec: 1790343147, tv_nsec: 961708052 }] native redraw ledger {"attempts":43,"counts":{"coalesced":2,"duplicate_tokens":0,"presentations":26,"received":43,"requested":43,"suppressed":29},"damage":38,"device_generation":1,"host_generation":1,"pending":false,"presented_damage":38,"ready":false,"reason":"presented","rendering":null,"window":"WindowId(31457284)"}
[SystemTime { tv_sec: 1790343147, tv_nsec: 961752448 }] redraw handler end
[SystemTime { tv_sec: 1790343147, tv_nsec: 964195521 }] window event WindowId(31457284) keyboard physical=Code(ArrowRight) logical=Named(ArrowRight) state=Released repeat=false text=None synthetic=false
[SystemTime { tv_sec: 1790343147, tv_nsec: 964272756 }] window event WindowId(31457284) redraw requested
[SystemTime { tv_sec: 1790343147, tv_nsec: 964323881 }] native frame round hosts=[WindowId(31457284)]
[SystemTime { tv_sec: 1790343147, tv_nsec: 964368139 }] redraw handler begin
[SystemTime { tv_sec: 1790343147, tv_nsec: 964461892 }] native_surface_lifecycle {"acquire_attempts":26,"acquired":26,"active":0,"configuration_generation":1,"configure_attempts":1,"configured_extent":[1280,800],"discarded":0,"frame_submission_receipts_issued":33,"frame_submissions":26,"gpu_completed_through_receipt":32,"host":1,"last_frame_submission_receipt":33,"last_present_receipt":33,"presented":26,"queue_epoch":1,"reason":"wait_queue","wgpu_submission":"Some(SubmissionIndex { index: 33 })","window":"WindowId(31457284)"}
[SystemTime { tv_sec: 1790343147, tv_nsec: 964529443 }] native redraw ledger {"attempts":44,"counts":{"coalesced":2,"duplicate_tokens":0,"presentations":26,"received":44,"requested":44,"suppressed":29},"damage":39,"device_generation":1,"host_generation":1,"pending":false,"presented_damage":38,"ready":false,"reason":"not_presented","rendering":null,"window":"WindowId(31457284)"}
[SystemTime { tv_sec: 1790343147, tv_nsec: 974839595 }] window event WindowId(31457284) keyboard physical=Code(ArrowDown) logical=Named(ArrowDown) state=Pressed repeat=false text=None synthetic=false
[SystemTime { tv_sec: 1790343147, tv_nsec: 975058830 }] window event WindowId(31457284) redraw requested
[SystemTime { tv_sec: 1790343147, tv_nsec: 975111625 }] native frame round hosts=[WindowId(31457284)]
[SystemTime { tv_sec: 1790343147, tv_nsec: 975156642 }] redraw handler begin
[SystemTime { tv_sec: 1790343147, tv_nsec: 975249546 }] native_surface_lifecycle {"acquire_attempts":26,"acquired":26,"active":0,"configuration_generation":1,"configure_attempts":1,"configured_extent":[1280,800],"discarded":0,"frame_submission_receipts_issued":33,"frame_submissions":26,"gpu_completed_through_receipt":32,"host":1,"last_frame_submission_receipt":33,"last_present_receipt":33,"presented":26,"queue_epoch":1,"reason":"wait_queue","wgpu_submission":"Some(SubmissionIndex { index: 33 })","window":"WindowId(31457284)"}
[SystemTime { tv_sec: 1790343147, tv_nsec: 975315755 }] native redraw ledger {"attempts":45,"counts":{"coalesced":2,"duplicate_tokens":0,"presentations":26,"received":45,"requested":45,"suppressed":29},"damage":40,"device_generation":1,"host_generation":1,"pending":false,"presented_damage":38,"ready":false,"reason":"not_presented","rendering":null,"window":"WindowId(31457284)"}
[SystemTime { tv_sec: 1790343147, tv_nsec: 985585284 }] window event WindowId(31457284) keyboard physical=Code(ArrowDown) logical=Named(ArrowDown) state=Released repeat=false text=None synthetic=false
[SystemTime { tv_sec: 1790343147, tv_nsec: 985667162 }] window event WindowId(31457284) redraw requested
[SystemTime { tv_sec: 1790343147, tv_nsec: 985721528 }] native frame round hosts=[WindowId(31457284)]
[SystemTime { tv_sec: 1790343147, tv_nsec: 985769153 }] redraw handler begin
[SystemTime { tv_sec: 1790343147, tv_nsec: 985966937 }] render scene prepare begin retained_cached=true
[SystemTime { tv_sec: 1790343147, tv_nsec: 986015899 }] prepared scene build begin
[SystemTime { tv_sec: 1790343147, tv_nsec: 986436995 }] native control_meshes window=WindowId(31457284) builds=1
[SystemTime { tv_sec: 1790343147, tv_nsec: 986489396 }] prepared scene build end 0ms
[SystemTime { tv_sec: 1790343147, tv_nsec: 986540556 }] renderer render begin
[SystemTime { tv_sec: 1790343147, tv_nsec: 987923254 }] native_surface_lifecycle {"acquire_attempts":27,"acquired":27,"active":1,"configuration_generation":1,"configure_attempts":1,"configured_extent":[1280,800],"discarded":0,"frame_submission_receipts_issued":34,"frame_submissions":27,"gpu_completed_through_receipt":33,"host":1,"last_frame_submission_receipt":34,"last_present_receipt":33,"presented":26,"queue_epoch":1,"reason":"submit","wgpu_submission":"Some(SubmissionIndex { index: 34 })","window":"WindowId(31457284)"}
[SystemTime { tv_sec: 1790343147, tv_nsec: 987998869 }] native upload frame window=WindowId(31457284) host=1 renderer=1 queue_epoch=1 surface_generation=1 acquisition=27 submission=34 receipt=Some(UploadFrame { consumers: {"MAIN", "BOARD", "LAYERS", "NAV", "INSPECTOR", "MENU", "TERMINAL"}, owner: 7, attempt: 28, rendered: Some(true), totals: UploadTotals { batches: 1, buffer_payload_bytes: 360, texture_source_bytes: 0, texture_padding_bytes: 0, scatter_index_bytes: 0, staging_capacity_bytes: 360, buffer_copy_bytes: 360, buffer_copies: 37, texture_copies: 0, scatter_dispatches: 0 } })
[SystemTime { tv_sec: 1790343147, tv_nsec: 988068178 }] native font ownership window=WindowId(31457284) usage=Usage { allocation: Usage { allocator_installed: true, owner_id: 3, label: "renderer-fonts-and-shapes", payload_bytes: 924302, tracking_bytes: 88520, allocations: 11063, peak_payload_bytes: 925507, owner_metadata_bytes: 96 }, returned_shape_bytes: 178048, private_bytes: Some(834774), fixed_font_bytes: Some(772070), cache_reserved_bytes: 62704, last_call: Some(Report { call_id: 3235, owner_id: 3, allocator_installed: true, host_initial_bytes: 342664, host_final_bytes: 342664, process_initial_bytes: 342664, process_final_bytes: 342664, initial_bytes: 62704, final_bytes: 63880, peak_bytes: 64029, host_peak_bytes: 342664, process_peak_bytes: 342664, exceeded: false }) } measurement=Some(Usage { allocation: Usage { allocator_installed: true, owner_id: 13, label: "text-measurement", payload_bytes: 734742, tracking_bytes: 84216, allocations: 10525, peak_payload_bytes: 748214, owner_metadata_bytes: 96 }, returned_shape_bytes: 0, private_bytes: Some(818958), fixed_font_bytes: Some(772070), cache_reserved_bytes: 46888, last_call: Some(Report { call_id: 1657, owner_id: 13, allocator_installed: true, host_initial_bytes: 387312, host_final_bytes: 387312, process_initial_bytes: 387312, process_final_bytes: 387312, initial_bytes: 46888, final_bytes: 46888, peak_bytes: 54192, host_peak_bytes: 387312, process_peak_bytes: 387312, exceeded: false }) }) process_registry_bytes=RegistryUsage { registry_heap_bytes: 136, scope_owner_bytes: 1248, call_slots_static_bytes: 9752 }
[SystemTime { tv_sec: 1790343147, tv_nsec: 988153480 }] native attachment ledger {"attachments":{"allocations":[{"allocation":1,"host":1,"last_submission":34,"owner":8,"payload_bytes":32768000,"release_reason":null}],"completed_retirements":4,"current_payload_bytes":32768000,"device_loss_confirmed":false,"device_loss_retirements":0,"observed_allocations":5,"peak_payload_bytes":54886400,"retiring_payload_bytes":0,"unknown_payload_allocations":0},"queue_epoch":1}
[SystemTime { tv_sec: 1790343147, tv_nsec: 988217186 }] native surface attachment {"allocation":1,"allocations_created":1,"extent":[1280,800],"format":"Bgra8UnormSrgb","gpu_retirement_qualified":false,"host":1,"owner":8,"payload_bytes":32768000,"queue_epoch":1,"samples":8,"state":"current_renderer_reference","window":"WindowId(31457284)"}
[SystemTime { tv_sec: 1790343147, tv_nsec: 988265525 }] renderer render end 1ms
[SystemTime { tv_sec: 1790343147, tv_nsec: 988313066 }] frame present begin
[SystemTime { tv_sec: 1790343147, tv_nsec: 988479699 }] native_surface_lifecycle {"acquire_attempts":27,"acquired":27,"active":0,"configuration_generation":1,"configure_attempts":1,"configured_extent":[1280,800],"discarded":0,"frame_submission_receipts_issued":34,"frame_submissions":27,"gpu_completed_through_receipt":33,"host":1,"last_frame_submission_receipt":34,"last_present_receipt":34,"presented":27,"queue_epoch":1,"reason":"present","wgpu_submission":"Some(SubmissionIndex { index: 34 })","window":"WindowId(31457284)"}
[SystemTime { tv_sec: 1790343147, tv_nsec: 988565121 }] frame present end 0ms total=2ms
[SystemTime { tv_sec: 1790343147, tv_nsec: 988634846 }] native redraw ledger {"attempts":46,"counts":{"coalesced":2,"duplicate_tokens":0,"presentations":27,"received":46,"requested":46,"suppressed":30},"damage":41,"device_generation":1,"host_generation":1,"pending":false,"presented_damage":41,"ready":false,"reason":"presented","rendering":null,"window":"WindowId(31457284)"}
[SystemTime { tv_sec: 1790343147, tv_nsec: 988682777 }] redraw handler end
[SystemTime { tv_sec: 1790343147, tv_nsec: 988744294 }] native queue progress epoch=1 submitted=34 completed=33
[SystemTime { tv_sec: 1790343147, tv_nsec: 988845968 }] native attachment ledger {"attachments":{"allocations":[{"allocation":1,"host":1,"last_submission":34,"owner":8,"payload_bytes":32768000,"release_reason":null}],"completed_retirements":4,"current_payload_bytes":32768000,"device_loss_confirmed":false,"device_loss_retirements":0,"observed_allocations":5,"peak_payload_bytes":54886400,"retiring_payload_bytes":0,"unknown_payload_allocations":0},"queue_epoch":1}
[SystemTime { tv_sec: 1790343147, tv_nsec: 997203373 }] window event WindowId(31457284) keyboard physical=Code(Enter) logical=Named(Enter) state=Pressed repeat=false text=Some("\r") synthetic=false
[SystemTime { tv_sec: 1790343148, tv_nsec: 42796312 }] window event WindowId(31457284) keyboard physical=Code(Enter) logical=Named(Enter) state=Released repeat=false text=Some("\r") synthetic=false
[SystemTime { tv_sec: 1790343148, tv_nsec: 42830338 }] window event WindowId(31457284) redraw requested
[SystemTime { tv_sec: 1790343148, tv_nsec: 45982387 }] surface identity window=WindowId(31457374) window_backend=x11 gpu_backend=Vulkan adapter="Intel(R) HD Graphics P630 (KBL GT2)" device_type=IntegratedGpu driver="Intel open-source Mesa driver" driver_info="Mesa 25.0.7-2+deb13u1"
[SystemTime { tv_sec: 1790343148, tv_nsec: 51159052 }] native frame round hosts=[WindowId(31457284)]
[SystemTime { tv_sec: 1790343148, tv_nsec: 51179552 }] redraw handler begin
[SystemTime { tv_sec: 1790343148, tv_nsec: 51263930 }] render scene prepare begin retained_cached=true
[SystemTime { tv_sec: 1790343148, tv_nsec: 51281594 }] prepared scene build begin
[SystemTime { tv_sec: 1790343148, tv_nsec: 51467879 }] native control_meshes window=WindowId(31457284) builds=1
[SystemTime { tv_sec: 1790343148, tv_nsec: 51486503 }] prepared scene build end 0ms
[SystemTime { tv_sec: 1790343148, tv_nsec: 51511779 }] renderer render begin
[SystemTime { tv_sec: 1790343148, tv_nsec: 52198618 }] native_surface_lifecycle {"acquire_attempts":28,"acquired":28,"active":1,"configuration_generation":1,"configure_attempts":1,"configured_extent":[1280,800],"discarded":0,"frame_submission_receipts_issued":35,"frame_submissions":28,"gpu_completed_through_receipt":34,"host":1,"last_frame_submission_receipt":35,"last_present_receipt":34,"presented":27,"queue_epoch":1,"reason":"submit","wgpu_submission":"Some(SubmissionIndex { index: 35 })","window":"WindowId(31457284)"}
[SystemTime { tv_sec: 1790343148, tv_nsec: 52228241 }] native upload frame window=WindowId(31457284) host=1 renderer=1 queue_epoch=1 surface_generation=1 acquisition=28 submission=35 receipt=Some(UploadFrame { consumers: {"MAIN", "BOARD", "LAYERS", "NAV", "INSPECTOR", "MENU", "TERMINAL"}, owner: 7, attempt: 29, rendered: Some(true), totals: UploadTotals { batches: 1, buffer_payload_bytes: 4384, texture_source_bytes: 0, texture_padding_bytes: 0, scatter_index_bytes: 4368, staging_capacity_bytes: 17488, buffer_copy_bytes: 8752, buffer_copies: 5, texture_copies: 0, scatter_dispatches: 1 } })
[SystemTime { tv_sec: 1790343148, tv_nsec: 52259962 }] native font ownership window=WindowId(31457284) usage=Usage { allocation: Usage { allocator_installed: true, owner_id: 3, label: "renderer-fonts-and-shapes", payload_bytes: 924302, tracking_bytes: 88520, allocations: 11063, peak_payload_bytes: 925507, owner_metadata_bytes: 96 }, returned_shape_bytes: 178048, private_bytes: Some(834774), fixed_font_bytes: Some(772070), cache_reserved_bytes: 62704, last_call: Some(Report { call_id: 3235, owner_id: 3, allocator_installed: true, host_initial_bytes: 342664, host_final_bytes: 342664, process_initial_bytes: 342664, process_final_bytes: 342664, initial_bytes: 62704, final_bytes: 63880, peak_bytes: 64029, host_peak_bytes: 342664, process_peak_bytes: 342664, exceeded: false }) } measurement=Some(Usage { allocation: Usage { allocator_installed: true, owner_id: 13, label: "text-measurement", payload_bytes: 734742, tracking_bytes: 84216, allocations: 10525, peak_payload_bytes: 748214, owner_metadata_bytes: 96 }, returned_shape_bytes: 0, private_bytes: Some(818958), fixed_font_bytes: Some(772070), cache_reserved_bytes: 46888, last_call: Some(Report { call_id: 1657, owner_id: 13, allocator_installed: true, host_initial_bytes: 387312, host_final_bytes: 387312, process_initial_bytes: 387312, process_final_bytes: 387312, initial_bytes: 46888, final_bytes: 46888, peak_bytes: 54192, host_peak_bytes: 387312, process_peak_bytes: 387312, exceeded: false }) }) process_registry_bytes=RegistryUsage { registry_heap_bytes: 136, scope_owner_bytes: 1152, call_slots_static_bytes: 9752 }
[SystemTime { tv_sec: 1790343148, tv_nsec: 52290822 }] native attachment ledger {"attachments":{"allocations":[{"allocation":1,"host":1,"last_submission":35,"owner":8,"payload_bytes":32768000,"release_reason":null}],"completed_retirements":4,"current_payload_bytes":32768000,"device_loss_confirmed":false,"device_loss_retirements":0,"observed_allocations":5,"peak_payload_bytes":54886400,"retiring_payload_bytes":0,"unknown_payload_allocations":0},"queue_epoch":1}
[SystemTime { tv_sec: 1790343148, tv_nsec: 52317293 }] native surface attachment {"allocation":1,"allocations_created":1,"extent":[1280,800],"format":"Bgra8UnormSrgb","gpu_retirement_qualified":false,"host":1,"owner":8,"payload_bytes":32768000,"queue_epoch":1,"samples":8,"state":"current_renderer_reference","window":"WindowId(31457284)"}
[SystemTime { tv_sec: 1790343148, tv_nsec: 52340012 }] renderer render end 0ms
[SystemTime { tv_sec: 1790343148, tv_nsec: 52357090 }] frame present begin
[SystemTime { tv_sec: 1790343148, tv_nsec: 52443771 }] native_surface_lifecycle {"acquire_attempts":28,"acquired":28,"active":0,"configuration_generation":1,"configure_attempts":1,"configured_extent":[1280,800],"discarded":0,"frame_submission_receipts_issued":35,"frame_submissions":28,"gpu_completed_through_receipt":34,"host":1,"last_frame_submission_receipt":35,"last_present_receipt":35,"presented":28,"queue_epoch":1,"reason":"present","wgpu_submission":"Some(SubmissionIndex { index: 35 })","window":"WindowId(31457284)"}
[SystemTime { tv_sec: 1790343148, tv_nsec: 52499294 }] frame present end 0ms total=1ms
[SystemTime { tv_sec: 1790343148, tv_nsec: 52537473 }] native redraw ledger {"attempts":47,"counts":{"coalesced":2,"duplicate_tokens":0,"presentations":28,"received":47,"requested":47,"suppressed":31},"damage":42,"device_generation":1,"host_generation":1,"pending":false,"presented_damage":42,"ready":false,"reason":"presented","rendering":null,"window":"WindowId(31457284)"}
[SystemTime { tv_sec: 1790343148, tv_nsec: 52562364 }] redraw handler end
[SystemTime { tv_sec: 1790343148, tv_nsec: 52674379 }] native queue progress epoch=1 submitted=35 completed=34
[SystemTime { tv_sec: 1790343148, tv_nsec: 52707049 }] native attachment ledger {"attachments":{"allocations":[{"allocation":1,"host":1,"last_submission":35,"owner":8,"payload_bytes":32768000,"release_reason":null}],"completed_retirements":4,"current_payload_bytes":32768000,"device_loss_confirmed":false,"device_loss_retirements":0,"observed_allocations":5,"peak_payload_bytes":54886400,"retiring_payload_bytes":0,"unknown_payload_allocations":0},"queue_epoch":1}
[SystemTime { tv_sec: 1790343148, tv_nsec: 52755392 }] window event WindowId(31457374) ime Disabled
[SystemTime { tv_sec: 1790343148, tv_nsec: 52991196 }] window event WindowId(31457374) redraw requested
[SystemTime { tv_sec: 1790343148, tv_nsec: 53053923 }] native frame round hosts=[WindowId(31457374)]
[SystemTime { tv_sec: 1790343148, tv_nsec: 53098372 }] native_surface_lifecycle {"acquire_attempts":0,"acquired":0,"active":0,"configuration_generation":0,"configure_attempts":0,"configured_extent":null,"discarded":0,"frame_submission_receipts_issued":35,"frame_submissions":0,"gpu_completed_through_receipt":34,"host":6,"last_frame_submission_receipt":0,"last_present_receipt":0,"presented":0,"queue_epoch":1,"reason":"wait_queue","wgpu_submission":"None","window":"WindowId(31457374)"}
[SystemTime { tv_sec: 1790343148, tv_nsec: 53134428 }] native redraw ledger {"attempts":1,"counts":{"coalesced":1,"duplicate_tokens":0,"presentations":0,"received":1,"requested":1,"suppressed":0},"damage":3,"device_generation":1,"host_generation":6,"pending":false,"presented_damage":0,"ready":false,"reason":"not_presented","rendering":null,"window":"WindowId(31457374)"}
[SystemTime { tv_sec: 1790343148, tv_nsec: 55308543 }] window event WindowId(31457374) focused false
[SystemTime { tv_sec: 1790343148, tv_nsec: 55439682 }] window event WindowId(31457374) occluded false
[SystemTime { tv_sec: 1790343148, tv_nsec: 55597135 }] window event WindowId(31457374) redraw requested
[SystemTime { tv_sec: 1790343148, tv_nsec: 58134067 }] window event WindowId(31457284) modifiers changed ModifiersState(0x0)
[SystemTime { tv_sec: 1790343148, tv_nsec: 58475505 }] window event WindowId(31457284) focused false
[SystemTime { tv_sec: 1790343148, tv_nsec: 58762915 }] window event WindowId(31457374) focused true
[SystemTime { tv_sec: 1790343148, tv_nsec: 59086837 }] window event WindowId(31457374) modifiers changed ModifiersState(0x0)
[SystemTime { tv_sec: 1790343148, tv_nsec: 59128137 }] window event WindowId(31457374) cursor moved 467.00,170.00
[SystemTime { tv_sec: 1790343148, tv_nsec: 59170734 }] window event WindowId(31457374) occluded false
[SystemTime { tv_sec: 1790343148, tv_nsec: 59504935 }] window event WindowId(31457374) resized 960x720
[SystemTime { tv_sec: 1790343148, tv_nsec: 59554547 }] window event WindowId(31457374) redraw requested
[SystemTime { tv_sec: 1790343148, tv_nsec: 59586725 }] native frame round hosts=[WindowId(31457374)]
[SystemTime { tv_sec: 1790343148, tv_nsec: 59738061 }] surface configure begin
[SystemTime { tv_sec: 1790343148, tv_nsec: 62525526 }] surface configure end
[SystemTime { tv_sec: 1790343148, tv_nsec: 62554993 }] native queue configured host=6 configurations=6 submitted=35 completed=35
[SystemTime { tv_sec: 1790343148, tv_nsec: 62676481 }] native control_meshes window=WindowId(31457374) builds=18
[SystemTime { tv_sec: 1790343148, tv_nsec: 72380812 }] native_surface_lifecycle {"acquire_attempts":1,"acquired":1,"active":1,"configuration_generation":1,"configure_attempts":1,"configured_extent":[960,720],"discarded":0,"frame_submission_receipts_issued":36,"frame_submissions":1,"gpu_completed_through_receipt":35,"host":6,"last_frame_submission_receipt":36,"last_present_receipt":0,"presented":0,"queue_epoch":1,"reason":"submit","wgpu_submission":"Some(SubmissionIndex { index: 36 })","window":"WindowId(31457374)"}
[SystemTime { tv_sec: 1790343148, tv_nsec: 72429465 }] native upload frame window=WindowId(31457374) host=6 renderer=6 queue_epoch=1 surface_generation=1 acquisition=1 submission=36 receipt=Some(UploadFrame { consumers: {"PROJECT"}, owner: 142, attempt: 1, rendered: Some(true), totals: UploadTotals { batches: 1, buffer_payload_bytes: 81208, texture_source_bytes: 10748, texture_padding_bytes: 482308, scatter_index_bytes: 0, staging_capacity_bytes: 574264, buffer_copy_bytes: 81208, buffer_copies: 3, texture_copies: 267, scatter_dispatches: 0 } })
[SystemTime { tv_sec: 1790343148, tv_nsec: 72459080 }] native font ownership window=WindowId(31457374) usage=Usage { allocation: Usage { allocator_installed: true, owner_id: 35, label: "renderer-fonts-and-shapes", payload_bytes: 933174, tracking_bytes: 86800, allocations: 10848, peak_payload_bytes: 933285, owner_metadata_bytes: 96 }, returned_shape_bytes: 201016, private_bytes: Some(818958), fixed_font_bytes: Some(772070), cache_reserved_bytes: 46888, last_call: Some(Report { call_id: 3825, owner_id: 35, allocator_installed: true, host_initial_bytes: 313014, host_final_bytes: 313052, process_initial_bytes: 616710, process_final_bytes: 616748, initial_bytes: 46888, final_bytes: 46888, peak_bytes: 46888, host_peak_bytes: 313052, process_peak_bytes: 616748, exceeded: false }) } measurement=None process_registry_bytes=RegistryUsage { registry_heap_bytes: 136, scope_owner_bytes: 1152, call_slots_static_bytes: 9752 }
[SystemTime { tv_sec: 1790343148, tv_nsec: 72499082 }] native attachment ledger {"attachments":{"allocations":[{"allocation":1,"host":1,"last_submission":35,"owner":8,"payload_bytes":32768000,"release_reason":null},{"allocation":1,"host":6,"last_submission":36,"owner":143,"payload_bytes":22118400,"release_reason":null}],"completed_retirements":4,"current_payload_bytes":54886400,"device_loss_confirmed":false,"device_loss_retirements":0,"observed_allocations":6,"peak_payload_bytes":54886400,"retiring_payload_bytes":0,"unknown_payload_allocations":0},"queue_epoch":1}
[SystemTime { tv_sec: 1790343148, tv_nsec: 72528780 }] native surface attachment {"allocation":1,"allocations_created":1,"extent":[960,720],"format":"Bgra8UnormSrgb","gpu_retirement_qualified":false,"host":6,"owner":143,"payload_bytes":22118400,"queue_epoch":1,"samples":8,"state":"current_renderer_reference","window":"WindowId(31457374)"}
[SystemTime { tv_sec: 1790343148, tv_nsec: 72636027 }] native_surface_lifecycle {"acquire_attempts":1,"acquired":1,"active":0,"configuration_generation":1,"configure_attempts":1,"configured_extent":[960,720],"discarded":0,"frame_submission_receipts_issued":36,"frame_submissions":1,"gpu_completed_through_receipt":35,"host":6,"last_frame_submission_receipt":36,"last_present_receipt":36,"presented":1,"queue_epoch":1,"reason":"present","wgpu_submission":"Some(SubmissionIndex { index: 36 })","window":"WindowId(31457374)"}
[SystemTime { tv_sec: 1790343148, tv_nsec: 72696219 }] native redraw ledger {"attempts":2,"counts":{"coalesced":1,"duplicate_tokens":0,"presentations":1,"received":3,"requested":1,"suppressed":1},"damage":3,"device_generation":1,"host_generation":6,"pending":false,"presented_damage":3,"ready":false,"reason":"presented","rendering":null,"window":"WindowId(31457374)"}
[SystemTime { tv_sec: 1790343148, tv_nsec: 72916534 }] native queue progress epoch=1 submitted=36 completed=35
[SystemTime { tv_sec: 1790343148, tv_nsec: 72965887 }] native attachment ledger {"attachments":{"allocations":[{"allocation":1,"host":1,"last_submission":35,"owner":8,"payload_bytes":32768000,"release_reason":null},{"allocation":1,"host":6,"last_submission":36,"owner":143,"payload_bytes":22118400,"release_reason":null}],"completed_retirements":4,"current_payload_bytes":54886400,"device_loss_confirmed":false,"device_loss_retirements":0,"observed_allocations":6,"peak_payload_bytes":54886400,"retiring_payload_bytes":0,"unknown_payload_allocations":0},"queue_epoch":1}
[SystemTime { tv_sec: 1790343148, tv_nsec: 81364859 }] native queue progress epoch=1 submitted=36 completed=36
[SystemTime { tv_sec: 1790343148, tv_nsec: 81402361 }] native attachment ledger {"attachments":{"allocations":[{"allocation":1,"host":1,"last_submission":35,"owner":8,"payload_bytes":32768000,"release_reason":null},{"allocation":1,"host":6,"last_submission":36,"owner":143,"payload_bytes":22118400,"release_reason":null}],"completed_retirements":4,"current_payload_bytes":54886400,"device_loss_confirmed":false,"device_loss_retirements":0,"observed_allocations":6,"peak_payload_bytes":54886400,"retiring_payload_bytes":0,"unknown_payload_allocations":0},"queue_epoch":1}
[SystemTime { tv_sec: 1790343148, tv_nsec: 110901666 }] window event WindowId(31457374) keyboard physical=Code(Escape) logical=Named(Escape) state=Pressed repeat=false text=Some("\u{1b}") synthetic=false
[SystemTime { tv_sec: 1790343148, tv_nsec: 111003675 }] window event WindowId(31457374) redraw requested
[SystemTime { tv_sec: 1790343148, tv_nsec: 111024007 }] window event WindowId(31457284) redraw requested
[SystemTime { tv_sec: 1790343148, tv_nsec: 111091831 }] native redraw ledger {"attempts":2,"counts":{"coalesced":1,"duplicate_tokens":0,"presentations":1,"received":4,"requested":2,"suppressed":1},"damage":4,"device_generation":1,"host_generation":6,"pending":true,"presented_damage":3,"ready":true,"reason":"closed","rendering":null,"window":"WindowId(31457374)"}
[SystemTime { tv_sec: 1790343148, tv_nsec: 112750215 }] native_surface_lifecycle {"acquire_attempts":1,"acquired":1,"active":0,"configuration_generation":1,"configure_attempts":1,"configured_extent":[960,720],"discarded":0,"frame_submission_receipts_issued":36,"frame_submissions":1,"gpu_completed_through_receipt":36,"host":6,"last_frame_submission_receipt":36,"last_present_receipt":36,"presented":1,"queue_epoch":1,"reason":"owner_drop","wgpu_submission":"Some(SubmissionIndex { index: 36 })","window":"WindowId(31457374)"}
[SystemTime { tv_sec: 1790343148, tv_nsec: 112782759 }] native attachment ledger {"attachments":{"allocations":[{"allocation":1,"host":1,"last_submission":35,"owner":8,"payload_bytes":32768000,"release_reason":null}],"completed_retirements":5,"current_payload_bytes":32768000,"device_loss_confirmed":false,"device_loss_retirements":0,"observed_allocations":6,"peak_payload_bytes":54886400,"retiring_payload_bytes":0,"unknown_payload_allocations":0},"queue_epoch":1}
[SystemTime { tv_sec: 1790343148, tv_nsec: 114885398 }] native frame round hosts=[WindowId(31457284)]
[SystemTime { tv_sec: 1790343148, tv_nsec: 114939160 }] redraw handler begin
[SystemTime { tv_sec: 1790343148, tv_nsec: 114981239 }] render scene prepare begin retained_cached=true
[SystemTime { tv_sec: 1790343148, tv_nsec: 115045047 }] prepared scene build begin
[SystemTime { tv_sec: 1790343148, tv_nsec: 115414045 }] native control_meshes window=WindowId(31457284) builds=1
[SystemTime { tv_sec: 1790343148, tv_nsec: 115439537 }] prepared scene build end 0ms
[SystemTime { tv_sec: 1790343148, tv_nsec: 115459884 }] renderer render begin
[SystemTime { tv_sec: 1790343148, tv_nsec: 116384428 }] native_surface_lifecycle {"acquire_attempts":29,"acquired":29,"active":1,"configuration_generation":1,"configure_attempts":1,"configured_extent":[1280,800],"discarded":0,"frame_submission_receipts_issued":37,"frame_submissions":29,"gpu_completed_through_receipt":36,"host":1,"last_frame_submission_receipt":37,"last_present_receipt":35,"presented":28,"queue_epoch":1,"reason":"submit","wgpu_submission":"Some(SubmissionIndex { index: 37 })","window":"WindowId(31457284)"}
[SystemTime { tv_sec: 1790343148, tv_nsec: 116475651 }] native upload frame window=WindowId(31457284) host=1 renderer=1 queue_epoch=1 surface_generation=1 acquisition=29 submission=37 receipt=Some(UploadFrame { consumers: {"MAIN", "BOARD", "LAYERS", "NAV", "INSPECTOR", "MENU", "TERMINAL"}, owner: 7, attempt: 30, rendered: Some(true), totals: UploadTotals { batches: 1, buffer_payload_bytes: 12676, texture_source_bytes: 0, texture_padding_bytes: 0, scatter_index_bytes: 12604, staging_capacity_bytes: 50488, buffer_copy_bytes: 25280, buffer_copies: 19, texture_copies: 0, scatter_dispatches: 1 } })
[SystemTime { tv_sec: 1790343148, tv_nsec: 116548972 }] native font ownership window=WindowId(31457284) usage=Usage { allocation: Usage { allocator_installed: true, owner_id: 3, label: "renderer-fonts-and-shapes", payload_bytes: 925390, tracking_bytes: 88544, allocations: 11066, peak_payload_bytes: 925507, owner_metadata_bytes: 96 }, returned_shape_bytes: 179160, private_bytes: Some(834774), fixed_font_bytes: Some(772070), cache_reserved_bytes: 62704, last_call: Some(Report { call_id: 3826, owner_id: 3, allocator_installed: true, host_initial_bytes: 339856, host_final_bytes: 339856, process_initial_bytes: 339856, process_final_bytes: 339856, initial_bytes: 62704, final_bytes: 63816, peak_bytes: 63959, host_peak_bytes: 339856, process_peak_bytes: 339856, exceeded: false }) } measurement=Some(Usage { allocation: Usage { allocator_installed: true, owner_id: 13, label: "text-measurement", payload_bytes: 734742, tracking_bytes: 84216, allocations: 10525, peak_payload_bytes: 748214, owner_metadata_bytes: 96 }, returned_shape_bytes: 0, private_bytes: Some(818958), fixed_font_bytes: Some(772070), cache_reserved_bytes: 46888, last_call: Some(Report { call_id: 1657, owner_id: 13, allocator_installed: true, host_initial_bytes: 387312, host_final_bytes: 387312, process_initial_bytes: 387312, process_final_bytes: 387312, initial_bytes: 46888, final_bytes: 46888, peak_bytes: 54192, host_peak_bytes: 387312, process_peak_bytes: 387312, exceeded: false }) }) process_registry_bytes=RegistryUsage { registry_heap_bytes: 136, scope_owner_bytes: 1152, call_slots_static_bytes: 9752 }
[SystemTime { tv_sec: 1790343148, tv_nsec: 116592246 }] native attachment ledger {"attachments":{"allocations":[{"allocation":1,"host":1,"last_submission":37,"owner":8,"payload_bytes":32768000,"release_reason":null}],"completed_retirements":5,"current_payload_bytes":32768000,"device_loss_confirmed":false,"device_loss_retirements":0,"observed_allocations":6,"peak_payload_bytes":54886400,"retiring_payload_bytes":0,"unknown_payload_allocations":0},"queue_epoch":1}
[SystemTime { tv_sec: 1790343148, tv_nsec: 116639792 }] native surface attachment {"allocation":1,"allocations_created":1,"extent":[1280,800],"format":"Bgra8UnormSrgb","gpu_retirement_qualified":false,"host":1,"owner":8,"payload_bytes":32768000,"queue_epoch":1,"samples":8,"state":"current_renderer_reference","window":"WindowId(31457284)"}
[SystemTime { tv_sec: 1790343148, tv_nsec: 116659454 }] renderer render end 1ms
[SystemTime { tv_sec: 1790343148, tv_nsec: 116678689 }] frame present begin
[SystemTime { tv_sec: 1790343148, tv_nsec: 116774505 }] native_surface_lifecycle {"acquire_attempts":29,"acquired":29,"active":0,"configuration_generation":1,"configure_attempts":1,"configured_extent":[1280,800],"discarded":0,"frame_submission_receipts_issued":37,"frame_submissions":29,"gpu_completed_through_receipt":36,"host":1,"last_frame_submission_receipt":37,"last_present_receipt":37,"presented":29,"queue_epoch":1,"reason":"present","wgpu_submission":"Some(SubmissionIndex { index: 37 })","window":"WindowId(31457284)"}
[SystemTime { tv_sec: 1790343148, tv_nsec: 116841887 }] frame present end 0ms total=1ms
[SystemTime { tv_sec: 1790343148, tv_nsec: 116905933 }] native redraw ledger {"attempts":48,"counts":{"coalesced":2,"duplicate_tokens":0,"presentations":29,"received":48,"requested":48,"suppressed":32},"damage":43,"device_generation":1,"host_generation":1,"pending":false,"presented_damage":43,"ready":false,"reason":"presented","rendering":null,"window":"WindowId(31457284)"}
[SystemTime { tv_sec: 1790343148, tv_nsec: 116931609 }] redraw handler end
[SystemTime { tv_sec: 1790343148, tv_nsec: 117524700 }] window event WindowId(31457284) focused true
[SystemTime { tv_sec: 1790343148, tv_nsec: 117995107 }] window event WindowId(31457284) modifiers changed ModifiersState(0x0)
[SystemTime { tv_sec: 1790343148, tv_nsec: 118043028 }] window event WindowId(31457284) cursor moved 148.00,16.00
[SystemTime { tv_sec: 1790343148, tv_nsec: 118295150 }] window event WindowId(31457284) modifiers changed ModifiersState(0x0)
[SystemTime { tv_sec: 1790343148, tv_nsec: 118551659 }] window event WindowId(31457284) focused false
[SystemTime { tv_sec: 1790343148, tv_nsec: 121976361 }] window event WindowId(31457284) focused true
[SystemTime { tv_sec: 1790343148, tv_nsec: 122351566 }] window event WindowId(31457284) modifiers changed ModifiersState(0x0)
[SystemTime { tv_sec: 1790343148, tv_nsec: 122393541 }] window event WindowId(31457284) cursor moved 148.00,16.00
[SystemTime { tv_sec: 1790343148, tv_nsec: 122899703 }] window event WindowId(31457374) destroyed
[SystemTime { tv_sec: 1790343148, tv_nsec: 122958364 }] window event WindowId(31457284) keyboard physical=Code(Escape) logical=Named(Escape) state=Released repeat=false text=Some("\u{1b}") synthetic=false
[SystemTime { tv_sec: 1790343148, tv_nsec: 122994612 }] pan key physical=Code(Escape) logical=Named(Escape) state=Released repeat=false pointer_in_scene=false held=false consumed=false
[SystemTime { tv_sec: 1790343148, tv_nsec: 129373601 }] native queue progress epoch=1 submitted=37 completed=37
[SystemTime { tv_sec: 1790343148, tv_nsec: 129417516 }] native attachment ledger {"attachments":{"allocations":[{"allocation":1,"host":1,"last_submission":37,"owner":8,"payload_bytes":32768000,"release_reason":null}],"completed_retirements":5,"current_payload_bytes":32768000,"device_loss_confirmed":false,"device_loss_retirements":0,"observed_allocations":6,"peak_payload_bytes":54886400,"retiring_payload_bytes":0,"unknown_payload_allocations":0},"queue_epoch":1}
[SystemTime { tv_sec: 1790343148, tv_nsec: 133550079 }] window event WindowId(31457284) modifiers changed ModifiersState(0x0)
[SystemTime { tv_sec: 1790343148, tv_nsec: 133595552 }] window event WindowId(31457284) mouse input Left Pressed
[SystemTime { tv_sec: 1790343148, tv_nsec: 133634809 }] pan primary pressed cursor=Some((148.0, 16.0)) pointer_in_scene=false held=false active=false
[SystemTime { tv_sec: 1790343148, tv_nsec: 133673865 }] window event WindowId(31457284) modifiers changed ModifiersState(0x0)
[SystemTime { tv_sec: 1790343148, tv_nsec: 133713569 }] window event WindowId(31457284) modifiers changed ModifiersState(0x0)
[SystemTime { tv_sec: 1790343148, tv_nsec: 133751859 }] window event WindowId(31457284) mouse input Left Released
[SystemTime { tv_sec: 1790343148, tv_nsec: 133788929 }] pan primary released cursor=Some((148.0, 16.0)) suppress_click=false
[SystemTime { tv_sec: 1790343148, tv_nsec: 133942807 }] window event WindowId(31457284) modifiers changed ModifiersState(0x0)
[SystemTime { tv_sec: 1790343148, tv_nsec: 133982580 }] window event WindowId(31457284) redraw requested
[SystemTime { tv_sec: 1790343148, tv_nsec: 134017389 }] native frame round hosts=[WindowId(31457284)]
[SystemTime { tv_sec: 1790343148, tv_nsec: 134044244 }] redraw handler begin
[SystemTime { tv_sec: 1790343148, tv_nsec: 134080601 }] render scene prepare begin retained_cached=true
[SystemTime { tv_sec: 1790343148, tv_nsec: 134101967 }] prepared scene build begin
[SystemTime { tv_sec: 1790343148, tv_nsec: 134337667 }] native control_meshes window=WindowId(31457284) builds=1
[SystemTime { tv_sec: 1790343148, tv_nsec: 134367037 }] prepared scene build end 0ms
[SystemTime { tv_sec: 1790343148, tv_nsec: 134396329 }] renderer render begin
[SystemTime { tv_sec: 1790343148, tv_nsec: 135793518 }] native_surface_lifecycle {"acquire_attempts":30,"acquired":30,"active":1,"configuration_generation":1,"configure_attempts":1,"configured_extent":[1280,800],"discarded":0,"frame_submission_receipts_issued":38,"frame_submissions":30,"gpu_completed_through_receipt":37,"host":1,"last_frame_submission_receipt":38,"last_present_receipt":37,"presented":29,"queue_epoch":1,"reason":"submit","wgpu_submission":"Some(SubmissionIndex { index: 38 })","window":"WindowId(31457284)"}
[SystemTime { tv_sec: 1790343148, tv_nsec: 135890790 }] native upload frame window=WindowId(31457284) host=1 renderer=1 queue_epoch=1 surface_generation=1 acquisition=30 submission=38 receipt=Some(UploadFrame { consumers: {"MAIN", "BOARD", "LAYERS", "NAV", "INSPECTOR", "MENU", "TERMINAL"}, owner: 7, attempt: 31, rendered: Some(true), totals: UploadTotals { batches: 1, buffer_payload_bytes: 19660, texture_source_bytes: 0, texture_padding_bytes: 0, scatter_index_bytes: 17740, staging_capacity_bytes: 72880, buffer_copy_bytes: 37400, buffer_copies: 3, texture_copies: 0, scatter_dispatches: 2 } })
[SystemTime { tv_sec: 1790343148, tv_nsec: 135935268 }] native font ownership window=WindowId(31457284) usage=Usage { allocation: Usage { allocator_installed: true, owner_id: 3, label: "renderer-fonts-and-shapes", payload_bytes: 925390, tracking_bytes: 88544, allocations: 11066, peak_payload_bytes: 925507, owner_metadata_bytes: 96 }, returned_shape_bytes: 179160, private_bytes: Some(834774), fixed_font_bytes: Some(772070), cache_reserved_bytes: 62704, last_call: Some(Report { call_id: 3827, owner_id: 3, allocator_installed: true, host_initial_bytes: 342664, host_final_bytes: 342664, process_initial_bytes: 342664, process_final_bytes: 342664, initial_bytes: 62704, final_bytes: 63880, peak_bytes: 64029, host_peak_bytes: 342664, process_peak_bytes: 342664, exceeded: false }) } measurement=Some(Usage { allocation: Usage { allocator_installed: true, owner_id: 13, label: "text-measurement", payload_bytes: 734742, tracking_bytes: 84216, allocations: 10525, peak_payload_bytes: 748214, owner_metadata_bytes: 96 }, returned_shape_bytes: 0, private_bytes: Some(818958), fixed_font_bytes: Some(772070), cache_reserved_bytes: 46888, last_call: Some(Report { call_id: 1657, owner_id: 13, allocator_installed: true, host_initial_bytes: 387312, host_final_bytes: 387312, process_initial_bytes: 387312, process_final_bytes: 387312, initial_bytes: 46888, final_bytes: 46888, peak_bytes: 54192, host_peak_bytes: 387312, process_peak_bytes: 387312, exceeded: false }) }) process_registry_bytes=RegistryUsage { registry_heap_bytes: 136, scope_owner_bytes: 1152, call_slots_static_bytes: 9752 }
[SystemTime { tv_sec: 1790343148, tv_nsec: 135978271 }] native attachment ledger {"attachments":{"allocations":[{"allocation":1,"host":1,"last_submission":38,"owner":8,"payload_bytes":32768000,"release_reason":null}],"completed_retirements":5,"current_payload_bytes":32768000,"device_loss_confirmed":false,"device_loss_retirements":0,"observed_allocations":6,"peak_payload_bytes":54886400,"retiring_payload_bytes":0,"unknown_payload_allocations":0},"queue_epoch":1}
[SystemTime { tv_sec: 1790343148, tv_nsec: 136013253 }] native surface attachment {"allocation":1,"allocations_created":1,"extent":[1280,800],"format":"Bgra8UnormSrgb","gpu_retirement_qualified":false,"host":1,"owner":8,"payload_bytes":32768000,"queue_epoch":1,"samples":8,"state":"current_renderer_reference","window":"WindowId(31457284)"}
[SystemTime { tv_sec: 1790343148, tv_nsec: 136036788 }] renderer render end 1ms
[SystemTime { tv_sec: 1790343148, tv_nsec: 136068544 }] frame present begin
[SystemTime { tv_sec: 1790343148, tv_nsec: 136159261 }] native_surface_lifecycle {"acquire_attempts":30,"acquired":30,"active":0,"configuration_generation":1,"configure_attempts":1,"configured_extent":[1280,800],"discarded":0,"frame_submission_receipts_issued":38,"frame_submissions":30,"gpu_completed_through_receipt":37,"host":1,"last_frame_submission_receipt":38,"last_present_receipt":38,"presented":30,"queue_epoch":1,"reason":"present","wgpu_submission":"Some(SubmissionIndex { index: 38 })","window":"WindowId(31457284)"}
[SystemTime { tv_sec: 1790343148, tv_nsec: 136197128 }] frame present end 0ms total=2ms
[SystemTime { tv_sec: 1790343148, tv_nsec: 136238320 }] native redraw ledger {"attempts":49,"counts":{"coalesced":2,"duplicate_tokens":0,"presentations":30,"received":49,"requested":49,"suppressed":33},"damage":44,"device_generation":1,"host_generation":1,"pending":false,"presented_damage":44,"ready":false,"reason":"presented","rendering":null,"window":"WindowId(31457284)"}
[SystemTime { tv_sec: 1790343148, tv_nsec: 136261265 }] redraw handler end
[SystemTime { tv_sec: 1790343148, tv_nsec: 160264515 }] native queue progress epoch=1 submitted=38 completed=38
[SystemTime { tv_sec: 1790343148, tv_nsec: 160353918 }] native attachment ledger {"attachments":{"allocations":[{"allocation":1,"host":1,"last_submission":38,"owner":8,"payload_bytes":32768000,"release_reason":null}],"completed_retirements":5,"current_payload_bytes":32768000,"device_loss_confirmed":false,"device_loss_retirements":0,"observed_allocations":6,"peak_payload_bytes":54886400,"retiring_payload_bytes":0,"unknown_payload_allocations":0},"queue_epoch":1}
[SystemTime { tv_sec: 1790343148, tv_nsec: 242524821 }] window event WindowId(31457284) keyboard physical=Code(ArrowUp) logical=Named(ArrowUp) state=Pressed repeat=false text=None synthetic=false
[SystemTime { tv_sec: 1790343148, tv_nsec: 242970326 }] window event WindowId(31457284) redraw requested
[SystemTime { tv_sec: 1790343148, tv_nsec: 243032656 }] native frame round hosts=[WindowId(31457284)]
[SystemTime { tv_sec: 1790343148, tv_nsec: 243080797 }] redraw handler begin
[SystemTime { tv_sec: 1790343148, tv_nsec: 243153486 }] render scene prepare begin retained_cached=true
[SystemTime { tv_sec: 1790343148, tv_nsec: 243200990 }] prepared scene build begin
[SystemTime { tv_sec: 1790343148, tv_nsec: 243558026 }] native control_meshes window=WindowId(31457284) builds=1
[SystemTime { tv_sec: 1790343148, tv_nsec: 243610815 }] prepared scene build end 0ms
[SystemTime { tv_sec: 1790343148, tv_nsec: 243662407 }] renderer render begin
[SystemTime { tv_sec: 1790343148, tv_nsec: 246053359 }] native_surface_lifecycle {"acquire_attempts":31,"acquired":31,"active":1,"configuration_generation":1,"configure_attempts":1,"configured_extent":[1280,800],"discarded":0,"frame_submission_receipts_issued":39,"frame_submissions":31,"gpu_completed_through_receipt":38,"host":1,"last_frame_submission_receipt":39,"last_present_receipt":38,"presented":30,"queue_epoch":1,"reason":"submit","wgpu_submission":"Some(SubmissionIndex { index: 39 })","window":"WindowId(31457284)"}
[SystemTime { tv_sec: 1790343148, tv_nsec: 246172061 }] native upload frame window=WindowId(31457284) host=1 renderer=1 queue_epoch=1 surface_generation=1 acquisition=31 submission=39 receipt=Some(UploadFrame { consumers: {"MAIN", "BOARD", "LAYERS", "NAV", "INSPECTOR", "MENU", "TERMINAL"}, owner: 7, attempt: 32, rendered: Some(true), totals: UploadTotals { batches: 1, buffer_payload_bytes: 984, texture_source_bytes: 0, texture_padding_bytes: 0, scatter_index_bytes: 0, staging_capacity_bytes: 984, buffer_copy_bytes: 984, buffer_copies: 57, texture_copies: 0, scatter_dispatches: 0 } })
[SystemTime { tv_sec: 1790343148, tv_nsec: 246242841 }] native font ownership window=WindowId(31457284) usage=Usage { allocation: Usage { allocator_installed: true, owner_id: 3, label: "renderer-fonts-and-shapes", payload_bytes: 924302, tracking_bytes: 88520, allocations: 11063, peak_payload_bytes: 925507, owner_metadata_bytes: 96 }, returned_shape_bytes: 178048, private_bytes: Some(834774), fixed_font_bytes: Some(772070), cache_reserved_bytes: 62704, last_call: Some(Report { call_id: 3827, owner_id: 3, allocator_installed: true, host_initial_bytes: 342664, host_final_bytes: 342664, process_initial_bytes: 342664, process_final_bytes: 342664, initial_bytes: 62704, final_bytes: 63880, peak_bytes: 64029, host_peak_bytes: 342664, process_peak_bytes: 342664, exceeded: false }) } measurement=Some(Usage { allocation: Usage { allocator_installed: true, owner_id: 13, label: "text-measurement", payload_bytes: 734742, tracking_bytes: 84216, allocations: 10525, peak_payload_bytes: 748214, owner_metadata_bytes: 96 }, returned_shape_bytes: 0, private_bytes: Some(818958), fixed_font_bytes: Some(772070), cache_reserved_bytes: 46888, last_call: Some(Report { call_id: 1657, owner_id: 13, allocator_installed: true, host_initial_bytes: 387312, host_final_bytes: 387312, process_initial_bytes: 387312, process_final_bytes: 387312, initial_bytes: 46888, final_bytes: 46888, peak_bytes: 54192, host_peak_bytes: 387312, process_peak_bytes: 387312, exceeded: false }) }) process_registry_bytes=RegistryUsage { registry_heap_bytes: 136, scope_owner_bytes: 1152, call_slots_static_bytes: 9752 }
[SystemTime { tv_sec: 1790343148, tv_nsec: 246328959 }] native attachment ledger {"attachments":{"allocations":[{"allocation":1,"host":1,"last_submission":39,"owner":8,"payload_bytes":32768000,"release_reason":null}],"completed_retirements":5,"current_payload_bytes":32768000,"device_loss_confirmed":false,"device_loss_retirements":0,"observed_allocations":6,"peak_payload_bytes":54886400,"retiring_payload_bytes":0,"unknown_payload_allocations":0},"queue_epoch":1}
[SystemTime { tv_sec: 1790343148, tv_nsec: 246392501 }] native surface attachment {"allocation":1,"allocations_created":1,"extent":[1280,800],"format":"Bgra8UnormSrgb","gpu_retirement_qualified":false,"host":1,"owner":8,"payload_bytes":32768000,"queue_epoch":1,"samples":8,"state":"current_renderer_reference","window":"WindowId(31457284)"}
[SystemTime { tv_sec: 1790343148, tv_nsec: 246441636 }] renderer render end 2ms
[SystemTime { tv_sec: 1790343148, tv_nsec: 246490019 }] frame present begin
[SystemTime { tv_sec: 1790343148, tv_nsec: 246651144 }] native_surface_lifecycle {"acquire_attempts":31,"acquired":31,"active":0,"configuration_generation":1,"configure_attempts":1,"configured_extent":[1280,800],"discarded":0,"frame_submission_receipts_issued":39,"frame_submissions":31,"gpu_completed_through_receipt":38,"host":1,"last_frame_submission_receipt":39,"last_present_receipt":39,"presented":31,"queue_epoch":1,"reason":"present","wgpu_submission":"Some(SubmissionIndex { index: 39 })","window":"WindowId(31457284)"}
[SystemTime { tv_sec: 1790343148, tv_nsec: 246723415 }] frame present end 0ms total=3ms
[SystemTime { tv_sec: 1790343148, tv_nsec: 246795975 }] native redraw ledger {"attempts":50,"counts":{"coalesced":2,"duplicate_tokens":0,"presentations":31,"received":50,"requested":50,"suppressed":34},"damage":45,"device_generation":1,"host_generation":1,"pending":false,"presented_damage":45,"ready":false,"reason":"presented","rendering":null,"window":"WindowId(31457284)"}
[SystemTime { tv_sec: 1790343148, tv_nsec: 246844815 }] redraw handler end
[SystemTime { tv_sec: 1790343148, tv_nsec: 253627921 }] window event WindowId(31457284) keyboard physical=Code(ArrowUp) logical=Named(ArrowUp) state=Released repeat=false text=None synthetic=false
[SystemTime { tv_sec: 1790343148, tv_nsec: 253723838 }] window event WindowId(31457284) redraw requested
[SystemTime { tv_sec: 1790343148, tv_nsec: 253782813 }] native frame round hosts=[WindowId(31457284)]
[SystemTime { tv_sec: 1790343148, tv_nsec: 253832774 }] redraw handler begin
[SystemTime { tv_sec: 1790343148, tv_nsec: 253950822 }] native_surface_lifecycle {"acquire_attempts":31,"acquired":31,"active":0,"configuration_generation":1,"configure_attempts":1,"configured_extent":[1280,800],"discarded":0,"frame_submission_receipts_issued":39,"frame_submissions":31,"gpu_completed_through_receipt":38,"host":1,"last_frame_submission_receipt":39,"last_present_receipt":39,"presented":31,"queue_epoch":1,"reason":"wait_queue","wgpu_submission":"Some(SubmissionIndex { index: 39 })","window":"WindowId(31457284)"}
[SystemTime { tv_sec: 1790343148, tv_nsec: 254041171 }] native redraw ledger {"attempts":51,"counts":{"coalesced":2,"duplicate_tokens":0,"presentations":31,"received":51,"requested":51,"suppressed":34},"damage":46,"device_generation":1,"host_generation":1,"pending":false,"presented_damage":45,"ready":false,"reason":"not_presented","rendering":null,"window":"WindowId(31457284)"}
[SystemTime { tv_sec: 1790343148, tv_nsec: 262651390 }] native queue progress epoch=1 submitted=39 completed=39
[SystemTime { tv_sec: 1790343148, tv_nsec: 262749897 }] native attachment ledger {"attachments":{"allocations":[{"allocation":1,"host":1,"last_submission":39,"owner":8,"payload_bytes":32768000,"release_reason":null}],"completed_retirements":5,"current_payload_bytes":32768000,"device_loss_confirmed":false,"device_loss_retirements":0,"observed_allocations":6,"peak_payload_bytes":54886400,"retiring_payload_bytes":0,"unknown_payload_allocations":0},"queue_epoch":1}
[SystemTime { tv_sec: 1790343148, tv_nsec: 262846869 }] window event WindowId(31457284) redraw requested
[SystemTime { tv_sec: 1790343148, tv_nsec: 262903751 }] native frame round hosts=[WindowId(31457284)]
[SystemTime { tv_sec: 1790343148, tv_nsec: 262952783 }] redraw handler begin
[SystemTime { tv_sec: 1790343148, tv_nsec: 263023026 }] renderer render begin
[SystemTime { tv_sec: 1790343148, tv_nsec: 264438892 }] native_surface_lifecycle {"acquire_attempts":32,"acquired":32,"active":1,"configuration_generation":1,"configure_attempts":1,"configured_extent":[1280,800],"discarded":0,"frame_submission_receipts_issued":40,"frame_submissions":32,"gpu_completed_through_receipt":39,"host":1,"last_frame_submission_receipt":40,"last_present_receipt":39,"presented":31,"queue_epoch":1,"reason":"submit","wgpu_submission":"Some(SubmissionIndex { index: 40 })","window":"WindowId(31457284)"}
[SystemTime { tv_sec: 1790343148, tv_nsec: 264525043 }] native upload frame window=WindowId(31457284) host=1 renderer=1 queue_epoch=1 surface_generation=1 acquisition=32 submission=40 receipt=Some(UploadFrame { consumers: {"MAIN", "BOARD", "LAYERS", "NAV", "INSPECTOR", "MENU", "TERMINAL"}, owner: 7, attempt: 33, rendered: Some(true), totals: UploadTotals { batches: 0, buffer_payload_bytes: 0, texture_source_bytes: 0, texture_padding_bytes: 0, scatter_index_bytes: 0, staging_capacity_bytes: 0, buffer_copy_bytes: 0, buffer_copies: 0, texture_copies: 0, scatter_dispatches: 0 } })
[SystemTime { tv_sec: 1790343148, tv_nsec: 264598139 }] native font ownership window=WindowId(31457284) usage=Usage { allocation: Usage { allocator_installed: true, owner_id: 3, label: "renderer-fonts-and-shapes", payload_bytes: 924302, tracking_bytes: 88520, allocations: 11063, peak_payload_bytes: 925507, owner_metadata_bytes: 96 }, returned_shape_bytes: 178048, private_bytes: Some(834774), fixed_font_bytes: Some(772070), cache_reserved_bytes: 62704, last_call: Some(Report { call_id: 3827, owner_id: 3, allocator_installed: true, host_initial_bytes: 342664, host_final_bytes: 342664, process_initial_bytes: 342664, process_final_bytes: 342664, initial_bytes: 62704, final_bytes: 63880, peak_bytes: 64029, host_peak_bytes: 342664, process_peak_bytes: 342664, exceeded: false }) } measurement=Some(Usage { allocation: Usage { allocator_installed: true, owner_id: 13, label: "text-measurement", payload_bytes: 734742, tracking_bytes: 84216, allocations: 10525, peak_payload_bytes: 748214, owner_metadata_bytes: 96 }, returned_shape_bytes: 0, private_bytes: Some(818958), fixed_font_bytes: Some(772070), cache_reserved_bytes: 46888, last_call: Some(Report { call_id: 1657, owner_id: 13, allocator_installed: true, host_initial_bytes: 387312, host_final_bytes: 387312, process_initial_bytes: 387312, process_final_bytes: 387312, initial_bytes: 46888, final_bytes: 46888, peak_bytes: 54192, host_peak_bytes: 387312, process_peak_bytes: 387312, exceeded: false }) }) process_registry_bytes=RegistryUsage { registry_heap_bytes: 136, scope_owner_bytes: 1152, call_slots_static_bytes: 9752 }
[SystemTime { tv_sec: 1790343148, tv_nsec: 264687954 }] native attachment ledger {"attachments":{"allocations":[{"allocation":1,"host":1,"last_submission":40,"owner":8,"payload_bytes":32768000,"release_reason":null}],"completed_retirements":5,"current_payload_bytes":32768000,"device_loss_confirmed":false,"device_loss_retirements":0,"observed_allocations":6,"peak_payload_bytes":54886400,"retiring_payload_bytes":0,"unknown_payload_allocations":0},"queue_epoch":1}
[SystemTime { tv_sec: 1790343148, tv_nsec: 264753548 }] native surface attachment {"allocation":1,"allocations_created":1,"extent":[1280,800],"format":"Bgra8UnormSrgb","gpu_retirement_qualified":false,"host":1,"owner":8,"payload_bytes":32768000,"queue_epoch":1,"samples":8,"state":"current_renderer_reference","window":"WindowId(31457284)"}
[SystemTime { tv_sec: 1790343148, tv_nsec: 264830960 }] renderer render end 1ms
[SystemTime { tv_sec: 1790343148, tv_nsec: 264883794 }] frame present begin
[SystemTime { tv_sec: 1790343148, tv_nsec: 265031009 }] native_surface_lifecycle {"acquire_attempts":32,"acquired":32,"active":0,"configuration_generation":1,"configure_attempts":1,"configured_extent":[1280,800],"discarded":0,"frame_submission_receipts_issued":40,"frame_submissions":32,"gpu_completed_through_receipt":39,"host":1,"last_frame_submission_receipt":40,"last_present_receipt":40,"presented":32,"queue_epoch":1,"reason":"present","wgpu_submission":"Some(SubmissionIndex { index: 40 })","window":"WindowId(31457284)"}
[SystemTime { tv_sec: 1790343148, tv_nsec: 265084077 }] frame present end 0ms total=2ms
[SystemTime { tv_sec: 1790343148, tv_nsec: 265155618 }] native redraw ledger {"attempts":52,"counts":{"coalesced":2,"duplicate_tokens":0,"presentations":32,"received":52,"requested":52,"suppressed":35},"damage":46,"device_generation":1,"host_generation":1,"pending":false,"presented_damage":46,"ready":false,"reason":"presented","rendering":null,"window":"WindowId(31457284)"}
[SystemTime { tv_sec: 1790343148, tv_nsec: 265204406 }] redraw handler end
[SystemTime { tv_sec: 1790343148, tv_nsec: 265349744 }] window event WindowId(31457284) keyboard physical=Code(ArrowRight) logical=Named(ArrowRight) state=Pressed repeat=false text=None synthetic=false
[SystemTime { tv_sec: 1790343148, tv_nsec: 265537590 }] window event WindowId(31457284) redraw requested
[SystemTime { tv_sec: 1790343148, tv_nsec: 265594519 }] native frame round hosts=[WindowId(31457284)]
[SystemTime { tv_sec: 1790343148, tv_nsec: 265642543 }] redraw handler begin
[SystemTime { tv_sec: 1790343148, tv_nsec: 265731757 }] native_surface_lifecycle {"acquire_attempts":32,"acquired":32,"active":0,"configuration_generation":1,"configure_attempts":1,"configured_extent":[1280,800],"discarded":0,"frame_submission_receipts_issued":40,"frame_submissions":32,"gpu_completed_through_receipt":39,"host":1,"last_frame_submission_receipt":40,"last_present_receipt":40,"presented":32,"queue_epoch":1,"reason":"wait_queue","wgpu_submission":"Some(SubmissionIndex { index: 40 })","window":"WindowId(31457284)"}
[SystemTime { tv_sec: 1790343148, tv_nsec: 265798585 }] native redraw ledger {"attempts":53,"counts":{"coalesced":2,"duplicate_tokens":0,"presentations":32,"received":53,"requested":53,"suppressed":35},"damage":47,"device_generation":1,"host_generation":1,"pending":false,"presented_damage":46,"ready":false,"reason":"not_presented","rendering":null,"window":"WindowId(31457284)"}
[SystemTime { tv_sec: 1790343148, tv_nsec: 275046250 }] window event WindowId(31457284) keyboard physical=Code(ArrowRight) logical=Named(ArrowRight) state=Released repeat=false text=None synthetic=false
[SystemTime { tv_sec: 1790343148, tv_nsec: 285858702 }] window event WindowId(31457284) keyboard physical=Code(ArrowDown) logical=Named(ArrowDown) state=Pressed repeat=false text=None synthetic=false
[SystemTime { tv_sec: 1790343148, tv_nsec: 291309939 }] native queue progress epoch=1 submitted=40 completed=40
[SystemTime { tv_sec: 1790343148, tv_nsec: 291424763 }] native attachment ledger {"attachments":{"allocations":[{"allocation":1,"host":1,"last_submission":40,"owner":8,"payload_bytes":32768000,"release_reason":null}],"completed_retirements":5,"current_payload_bytes":32768000,"device_loss_confirmed":false,"device_loss_retirements":0,"observed_allocations":6,"peak_payload_bytes":54886400,"retiring_payload_bytes":0,"unknown_payload_allocations":0},"queue_epoch":1}
[SystemTime { tv_sec: 1790343148, tv_nsec: 291526645 }] window event WindowId(31457284) redraw requested
[SystemTime { tv_sec: 1790343148, tv_nsec: 291583152 }] native frame round hosts=[WindowId(31457284)]
[SystemTime { tv_sec: 1790343148, tv_nsec: 291634622 }] redraw handler begin
[SystemTime { tv_sec: 1790343148, tv_nsec: 291709879 }] render scene prepare begin retained_cached=true
[SystemTime { tv_sec: 1790343148, tv_nsec: 291764847 }] prepared scene build begin
[SystemTime { tv_sec: 1790343148, tv_nsec: 292186358 }] native control_meshes window=WindowId(31457284) builds=1
[SystemTime { tv_sec: 1790343148, tv_nsec: 292241720 }] prepared scene build end 0ms
[SystemTime { tv_sec: 1790343148, tv_nsec: 292293162 }] renderer render begin
[SystemTime { tv_sec: 1790343148, tv_nsec: 293745199 }] native_surface_lifecycle {"acquire_attempts":33,"acquired":33,"active":1,"configuration_generation":1,"configure_attempts":1,"configured_extent":[1280,800],"discarded":0,"frame_submission_receipts_issued":41,"frame_submissions":33,"gpu_completed_through_receipt":40,"host":1,"last_frame_submission_receipt":41,"last_present_receipt":40,"presented":32,"queue_epoch":1,"reason":"submit","wgpu_submission":"Some(SubmissionIndex { index: 41 })","window":"WindowId(31457284)"}
[SystemTime { tv_sec: 1790343148, tv_nsec: 293831108 }] native upload frame window=WindowId(31457284) host=1 renderer=1 queue_epoch=1 surface_generation=1 acquisition=33 submission=41 receipt=Some(UploadFrame { consumers: {"MAIN", "BOARD", "LAYERS", "NAV", "INSPECTOR", "MENU", "TERMINAL"}, owner: 7, attempt: 34, rendered: Some(true), totals: UploadTotals { batches: 1, buffer_payload_bytes: 4320, texture_source_bytes: 0, texture_padding_bytes: 0, scatter_index_bytes: 0, staging_capacity_bytes: 4320, buffer_copy_bytes: 4320, buffer_copies: 2, texture_copies: 0, scatter_dispatches: 0 } })
[SystemTime { tv_sec: 1790343148, tv_nsec: 293907155 }] native font ownership window=WindowId(31457284) usage=Usage { allocation: Usage { allocator_installed: true, owner_id: 3, label: "renderer-fonts-and-shapes", payload_bytes: 924302, tracking_bytes: 88520, allocations: 11063, peak_payload_bytes: 925507, owner_metadata_bytes: 96 }, returned_shape_bytes: 178048, private_bytes: Some(834774), fixed_font_bytes: Some(772070), cache_reserved_bytes: 62704, last_call: Some(Report { call_id: 3827, owner_id: 3, allocator_installed: true, host_initial_bytes: 342664, host_final_bytes: 342664, process_initial_bytes: 342664, process_final_bytes: 342664, initial_bytes: 62704, final_bytes: 63880, peak_bytes: 64029, host_peak_bytes: 342664, process_peak_bytes: 342664, exceeded: false }) } measurement=Some(Usage { allocation: Usage { allocator_installed: true, owner_id: 13, label: "text-measurement", payload_bytes: 734742, tracking_bytes: 84216, allocations: 10525, peak_payload_bytes: 748214, owner_metadata_bytes: 96 }, returned_shape_bytes: 0, private_bytes: Some(818958), fixed_font_bytes: Some(772070), cache_reserved_bytes: 46888, last_call: Some(Report { call_id: 1657, owner_id: 13, allocator_installed: true, host_initial_bytes: 387312, host_final_bytes: 387312, process_initial_bytes: 387312, process_final_bytes: 387312, initial_bytes: 46888, final_bytes: 46888, peak_bytes: 54192, host_peak_bytes: 387312, process_peak_bytes: 387312, exceeded: false }) }) process_registry_bytes=RegistryUsage { registry_heap_bytes: 136, scope_owner_bytes: 1152, call_slots_static_bytes: 9752 }
[SystemTime { tv_sec: 1790343148, tv_nsec: 293986110 }] native attachment ledger {"attachments":{"allocations":[{"allocation":1,"host":1,"last_submission":41,"owner":8,"payload_bytes":32768000,"release_reason":null}],"completed_retirements":5,"current_payload_bytes":32768000,"device_loss_confirmed":false,"device_loss_retirements":0,"observed_allocations":6,"peak_payload_bytes":54886400,"retiring_payload_bytes":0,"unknown_payload_allocations":0},"queue_epoch":1}
[SystemTime { tv_sec: 1790343148, tv_nsec: 294068568 }] native surface attachment {"allocation":1,"allocations_created":1,"extent":[1280,800],"format":"Bgra8UnormSrgb","gpu_retirement_qualified":false,"host":1,"owner":8,"payload_bytes":32768000,"queue_epoch":1,"samples":8,"state":"current_renderer_reference","window":"WindowId(31457284)"}
[SystemTime { tv_sec: 1790343148, tv_nsec: 294121692 }] renderer render end 1ms
[SystemTime { tv_sec: 1790343148, tv_nsec: 294173405 }] frame present begin
[SystemTime { tv_sec: 1790343148, tv_nsec: 294320669 }] native_surface_lifecycle {"acquire_attempts":33,"acquired":33,"active":0,"configuration_generation":1,"configure_attempts":1,"configured_extent":[1280,800],"discarded":0,"frame_submission_receipts_issued":41,"frame_submissions":33,"gpu_completed_through_receipt":40,"host":1,"last_frame_submission_receipt":41,"last_present_receipt":41,"presented":33,"queue_epoch":1,"reason":"present","wgpu_submission":"Some(SubmissionIndex { index: 41 })","window":"WindowId(31457284)"}
[SystemTime { tv_sec: 1790343148, tv_nsec: 294391434 }] frame present end 0ms total=2ms
[SystemTime { tv_sec: 1790343148, tv_nsec: 294465601 }] native redraw ledger {"attempts":54,"counts":{"coalesced":2,"duplicate_tokens":0,"presentations":33,"received":54,"requested":54,"suppressed":38},"damage":49,"device_generation":1,"host_generation":1,"pending":false,"presented_damage":49,"ready":false,"reason":"presented","rendering":null,"window":"WindowId(31457284)"}
[SystemTime { tv_sec: 1790343148, tv_nsec: 294517004 }] redraw handler end
[SystemTime { tv_sec: 1790343148, tv_nsec: 296629303 }] window event WindowId(31457284) keyboard physical=Code(ArrowDown) logical=Named(ArrowDown) state=Released repeat=false text=None synthetic=false
[SystemTime { tv_sec: 1790343148, tv_nsec: 296714042 }] window event WindowId(31457284) redraw requested
[SystemTime { tv_sec: 1790343148, tv_nsec: 296768631 }] native frame round hosts=[WindowId(31457284)]
[SystemTime { tv_sec: 1790343148, tv_nsec: 296853797 }] redraw handler begin
[SystemTime { tv_sec: 1790343148, tv_nsec: 296959477 }] native_surface_lifecycle {"acquire_attempts":33,"acquired":33,"active":0,"configuration_generation":1,"configure_attempts":1,"configured_extent":[1280,800],"discarded":0,"frame_submission_receipts_issued":41,"frame_submissions":33,"gpu_completed_through_receipt":40,"host":1,"last_frame_submission_receipt":41,"last_present_receipt":41,"presented":33,"queue_epoch":1,"reason":"wait_queue","wgpu_submission":"Some(SubmissionIndex { index: 41 })","window":"WindowId(31457284)"}
[SystemTime { tv_sec: 1790343148, tv_nsec: 297030234 }] native redraw ledger {"attempts":55,"counts":{"coalesced":2,"duplicate_tokens":0,"presentations":33,"received":55,"requested":55,"suppressed":38},"damage":50,"device_generation":1,"host_generation":1,"pending":false,"presented_damage":49,"ready":false,"reason":"not_presented","rendering":null,"window":"WindowId(31457284)"}
[SystemTime { tv_sec: 1790343148, tv_nsec: 301475013 }] native queue progress epoch=1 submitted=41 completed=41
[SystemTime { tv_sec: 1790343148, tv_nsec: 301607707 }] native attachment ledger {"attachments":{"allocations":[{"allocation":1,"host":1,"last_submission":41,"owner":8,"payload_bytes":32768000,"release_reason":null}],"completed_retirements":5,"current_payload_bytes":32768000,"device_loss_confirmed":false,"device_loss_retirements":0,"observed_allocations":6,"peak_payload_bytes":54886400,"retiring_payload_bytes":0,"unknown_payload_allocations":0},"queue_epoch":1}
[SystemTime { tv_sec: 1790343148, tv_nsec: 301729707 }] window event WindowId(31457284) redraw requested
[SystemTime { tv_sec: 1790343148, tv_nsec: 301789794 }] native frame round hosts=[WindowId(31457284)]
[SystemTime { tv_sec: 1790343148, tv_nsec: 301856764 }] redraw handler begin
[SystemTime { tv_sec: 1790343148, tv_nsec: 301943760 }] renderer render begin
[SystemTime { tv_sec: 1790343148, tv_nsec: 305501707 }] native_surface_lifecycle {"acquire_attempts":34,"acquired":34,"active":1,"configuration_generation":1,"configure_attempts":1,"configured_extent":[1280,800],"discarded":0,"frame_submission_receipts_issued":42,"frame_submissions":34,"gpu_completed_through_receipt":41,"host":1,"last_frame_submission_receipt":42,"last_present_receipt":41,"presented":33,"queue_epoch":1,"reason":"submit","wgpu_submission":"Some(SubmissionIndex { index: 42 })","window":"WindowId(31457284)"}
[SystemTime { tv_sec: 1790343148, tv_nsec: 305589864 }] native upload frame window=WindowId(31457284) host=1 renderer=1 queue_epoch=1 surface_generation=1 acquisition=34 submission=42 receipt=Some(UploadFrame { consumers: {"MAIN", "BOARD", "LAYERS", "NAV", "INSPECTOR", "MENU", "TERMINAL"}, owner: 7, attempt: 35, rendered: Some(true), totals: UploadTotals { batches: 0, buffer_payload_bytes: 0, texture_source_bytes: 0, texture_padding_bytes: 0, scatter_index_bytes: 0, staging_capacity_bytes: 0, buffer_copy_bytes: 0, buffer_copies: 0, texture_copies: 0, scatter_dispatches: 0 } })
[SystemTime { tv_sec: 1790343148, tv_nsec: 305665807 }] native font ownership window=WindowId(31457284) usage=Usage { allocation: Usage { allocator_installed: true, owner_id: 3, label: "renderer-fonts-and-shapes", payload_bytes: 924302, tracking_bytes: 88520, allocations: 11063, peak_payload_bytes: 925507, owner_metadata_bytes: 96 }, returned_shape_bytes: 178048, private_bytes: Some(834774), fixed_font_bytes: Some(772070), cache_reserved_bytes: 62704, last_call: Some(Report { call_id: 3827, owner_id: 3, allocator_installed: true, host_initial_bytes: 342664, host_final_bytes: 342664, process_initial_bytes: 342664, process_final_bytes: 342664, initial_bytes: 62704, final_bytes: 63880, peak_bytes: 64029, host_peak_bytes: 342664, process_peak_bytes: 342664, exceeded: false }) } measurement=Some(Usage { allocation: Usage { allocator_installed: true, owner_id: 13, label: "text-measurement", payload_bytes: 734742, tracking_bytes: 84216, allocations: 10525, peak_payload_bytes: 748214, owner_metadata_bytes: 96 }, returned_shape_bytes: 0, private_bytes: Some(818958), fixed_font_bytes: Some(772070), cache_reserved_bytes: 46888, last_call: Some(Report { call_id: 1657, owner_id: 13, allocator_installed: true, host_initial_bytes: 387312, host_final_bytes: 387312, process_initial_bytes: 387312, process_final_bytes: 387312, initial_bytes: 46888, final_bytes: 46888, peak_bytes: 54192, host_peak_bytes: 387312, process_peak_bytes: 387312, exceeded: false }) }) process_registry_bytes=RegistryUsage { registry_heap_bytes: 136, scope_owner_bytes: 1152, call_slots_static_bytes: 9752 }
[SystemTime { tv_sec: 1790343148, tv_nsec: 305744231 }] native attachment ledger {"attachments":{"allocations":[{"allocation":1,"host":1,"last_submission":42,"owner":8,"payload_bytes":32768000,"release_reason":null}],"completed_retirements":5,"current_payload_bytes":32768000,"device_loss_confirmed":false,"device_loss_retirements":0,"observed_allocations":6,"peak_payload_bytes":54886400,"retiring_payload_bytes":0,"unknown_payload_allocations":0},"queue_epoch":1}
[SystemTime { tv_sec: 1790343148, tv_nsec: 305812547 }] native surface attachment {"allocation":1,"allocations_created":1,"extent":[1280,800],"format":"Bgra8UnormSrgb","gpu_retirement_qualified":false,"host":1,"owner":8,"payload_bytes":32768000,"queue_epoch":1,"samples":8,"state":"current_renderer_reference","window":"WindowId(31457284)"}
[SystemTime { tv_sec: 1790343148, tv_nsec: 305880156 }] renderer render end 3ms
[SystemTime { tv_sec: 1790343148, tv_nsec: 305949003 }] frame present begin
[SystemTime { tv_sec: 1790343148, tv_nsec: 306136878 }] native_surface_lifecycle {"acquire_attempts":34,"acquired":34,"active":0,"configuration_generation":1,"configure_attempts":1,"configured_extent":[1280,800],"discarded":0,"frame_submission_receipts_issued":42,"frame_submissions":34,"gpu_completed_through_receipt":41,"host":1,"last_frame_submission_receipt":42,"last_present_receipt":42,"presented":34,"queue_epoch":1,"reason":"present","wgpu_submission":"Some(SubmissionIndex { index: 42 })","window":"WindowId(31457284)"}
[SystemTime { tv_sec: 1790343148, tv_nsec: 306208179 }] frame present end 0ms total=4ms
[SystemTime { tv_sec: 1790343148, tv_nsec: 306289524 }] native redraw ledger {"attempts":56,"counts":{"coalesced":2,"duplicate_tokens":0,"presentations":34,"received":56,"requested":56,"suppressed":39},"damage":50,"device_generation":1,"host_generation":1,"pending":false,"presented_damage":50,"ready":false,"reason":"presented","rendering":null,"window":"WindowId(31457284)"}
[SystemTime { tv_sec: 1790343148, tv_nsec: 306348088 }] redraw handler end
[SystemTime { tv_sec: 1790343148, tv_nsec: 308641598 }] window event WindowId(31457284) keyboard physical=Code(Enter) logical=Named(Enter) state=Pressed repeat=false text=Some("\r") synthetic=false
[SystemTime { tv_sec: 1790343148, tv_nsec: 353900909 }] window event WindowId(31457284) keyboard physical=Code(Enter) logical=Named(Enter) state=Released repeat=false text=Some("\r") synthetic=false
[SystemTime { tv_sec: 1790343148, tv_nsec: 353942343 }] window event WindowId(31457284) redraw requested
[SystemTime { tv_sec: 1790343148, tv_nsec: 357762130 }] surface identity window=WindowId(31457392) window_backend=x11 gpu_backend=Vulkan adapter="Intel(R) HD Graphics P630 (KBL GT2)" device_type=IntegratedGpu driver="Intel open-source Mesa driver" driver_info="Mesa 25.0.7-2+deb13u1"
[SystemTime { tv_sec: 1790343148, tv_nsec: 363121680 }] native frame round hosts=[WindowId(31457284)]
[SystemTime { tv_sec: 1790343148, tv_nsec: 363158712 }] redraw handler begin
[SystemTime { tv_sec: 1790343148, tv_nsec: 363256093 }] render scene prepare begin retained_cached=true
[SystemTime { tv_sec: 1790343148, tv_nsec: 363279843 }] prepared scene build begin
[SystemTime { tv_sec: 1790343148, tv_nsec: 363450516 }] native control_meshes window=WindowId(31457284) builds=1
[SystemTime { tv_sec: 1790343148, tv_nsec: 363475493 }] prepared scene build end 0ms
[SystemTime { tv_sec: 1790343148, tv_nsec: 363500771 }] renderer render begin
[SystemTime { tv_sec: 1790343148, tv_nsec: 364385483 }] native_surface_lifecycle {"acquire_attempts":35,"acquired":35,"active":1,"configuration_generation":1,"configure_attempts":1,"configured_extent":[1280,800],"discarded":0,"frame_submission_receipts_issued":43,"frame_submissions":35,"gpu_completed_through_receipt":42,"host":1,"last_frame_submission_receipt":43,"last_present_receipt":42,"presented":34,"queue_epoch":1,"reason":"submit","wgpu_submission":"Some(SubmissionIndex { index: 43 })","window":"WindowId(31457284)"}
[SystemTime { tv_sec: 1790343148, tv_nsec: 364417143 }] native upload frame window=WindowId(31457284) host=1 renderer=1 queue_epoch=1 surface_generation=1 acquisition=35 submission=43 receipt=Some(UploadFrame { consumers: {"MAIN", "BOARD", "LAYERS", "NAV", "INSPECTOR", "MENU", "TERMINAL"}, owner: 7, attempt: 36, rendered: Some(true), totals: UploadTotals { batches: 1, buffer_payload_bytes: 4384, texture_source_bytes: 0, texture_padding_bytes: 0, scatter_index_bytes: 4368, staging_capacity_bytes: 17488, buffer_copy_bytes: 8752, buffer_copies: 5, texture_copies: 0, scatter_dispatches: 1 } })
[SystemTime { tv_sec: 1790343148, tv_nsec: 364447576 }] native font ownership window=WindowId(31457284) usage=Usage { allocation: Usage { allocator_installed: true, owner_id: 3, label: "renderer-fonts-and-shapes", payload_bytes: 924302, tracking_bytes: 88520, allocations: 11063, peak_payload_bytes: 925507, owner_metadata_bytes: 96 }, returned_shape_bytes: 178048, private_bytes: Some(834774), fixed_font_bytes: Some(772070), cache_reserved_bytes: 62704, last_call: Some(Report { call_id: 3827, owner_id: 3, allocator_installed: true, host_initial_bytes: 342664, host_final_bytes: 342664, process_initial_bytes: 342664, process_final_bytes: 342664, initial_bytes: 62704, final_bytes: 63880, peak_bytes: 64029, host_peak_bytes: 342664, process_peak_bytes: 342664, exceeded: false }) } measurement=Some(Usage { allocation: Usage { allocator_installed: true, owner_id: 13, label: "text-measurement", payload_bytes: 734742, tracking_bytes: 84216, allocations: 10525, peak_payload_bytes: 748214, owner_metadata_bytes: 96 }, returned_shape_bytes: 0, private_bytes: Some(818958), fixed_font_bytes: Some(772070), cache_reserved_bytes: 46888, last_call: Some(Report { call_id: 1657, owner_id: 13, allocator_installed: true, host_initial_bytes: 387312, host_final_bytes: 387312, process_initial_bytes: 387312, process_final_bytes: 387312, initial_bytes: 46888, final_bytes: 46888, peak_bytes: 54192, host_peak_bytes: 387312, process_peak_bytes: 387312, exceeded: false }) }) process_registry_bytes=RegistryUsage { registry_heap_bytes: 136, scope_owner_bytes: 1152, call_slots_static_bytes: 9752 }
[SystemTime { tv_sec: 1790343148, tv_nsec: 364486181 }] native attachment ledger {"attachments":{"allocations":[{"allocation":1,"host":1,"last_submission":43,"owner":8,"payload_bytes":32768000,"release_reason":null}],"completed_retirements":5,"current_payload_bytes":32768000,"device_loss_confirmed":false,"device_loss_retirements":0,"observed_allocations":6,"peak_payload_bytes":54886400,"retiring_payload_bytes":0,"unknown_payload_allocations":0},"queue_epoch":1}
[SystemTime { tv_sec: 1790343148, tv_nsec: 364544246 }] native surface attachment {"allocation":1,"allocations_created":1,"extent":[1280,800],"format":"Bgra8UnormSrgb","gpu_retirement_qualified":false,"host":1,"owner":8,"payload_bytes":32768000,"queue_epoch":1,"samples":8,"state":"current_renderer_reference","window":"WindowId(31457284)"}
[SystemTime { tv_sec: 1790343148, tv_nsec: 364567210 }] renderer render end 1ms
[SystemTime { tv_sec: 1790343148, tv_nsec: 364589658 }] frame present begin
[SystemTime { tv_sec: 1790343148, tv_nsec: 364686386 }] native_surface_lifecycle {"acquire_attempts":35,"acquired":35,"active":0,"configuration_generation":1,"configure_attempts":1,"configured_extent":[1280,800],"discarded":0,"frame_submission_receipts_issued":43,"frame_submissions":35,"gpu_completed_through_receipt":42,"host":1,"last_frame_submission_receipt":43,"last_present_receipt":43,"presented":35,"queue_epoch":1,"reason":"present","wgpu_submission":"Some(SubmissionIndex { index: 43 })","window":"WindowId(31457284)"}
[SystemTime { tv_sec: 1790343148, tv_nsec: 364744443 }] frame present end 0ms total=1ms
[SystemTime { tv_sec: 1790343148, tv_nsec: 364783351 }] native redraw ledger {"attempts":57,"counts":{"coalesced":2,"duplicate_tokens":0,"presentations":35,"received":57,"requested":57,"suppressed":40},"damage":51,"device_generation":1,"host_generation":1,"pending":false,"presented_damage":51,"ready":false,"reason":"presented","rendering":null,"window":"WindowId(31457284)"}
[SystemTime { tv_sec: 1790343148, tv_nsec: 364843758 }] redraw handler end
[SystemTime { tv_sec: 1790343148, tv_nsec: 365048177 }] native queue progress epoch=1 submitted=43 completed=42
[SystemTime { tv_sec: 1790343148, tv_nsec: 365084470 }] native attachment ledger {"attachments":{"allocations":[{"allocation":1,"host":1,"last_submission":43,"owner":8,"payload_bytes":32768000,"release_reason":null}],"completed_retirements":5,"current_payload_bytes":32768000,"device_loss_confirmed":false,"device_loss_retirements":0,"observed_allocations":6,"peak_payload_bytes":54886400,"retiring_payload_bytes":0,"unknown_payload_allocations":0},"queue_epoch":1}
[SystemTime { tv_sec: 1790343148, tv_nsec: 365143384 }] window event WindowId(31457392) ime Disabled
[SystemTime { tv_sec: 1790343148, tv_nsec: 365721701 }] window event WindowId(31457392) redraw requested
[SystemTime { tv_sec: 1790343148, tv_nsec: 365845495 }] native frame round hosts=[WindowId(31457392)]
[SystemTime { tv_sec: 1790343148, tv_nsec: 365927601 }] native_surface_lifecycle {"acquire_attempts":0,"acquired":0,"active":0,"configuration_generation":0,"configure_attempts":0,"configured_extent":null,"discarded":0,"frame_submission_receipts_issued":43,"frame_submissions":0,"gpu_completed_through_receipt":42,"host":7,"last_frame_submission_receipt":0,"last_present_receipt":0,"presented":0,"queue_epoch":1,"reason":"wait_queue","wgpu_submission":"None","window":"WindowId(31457392)"}
[SystemTime { tv_sec: 1790343148, tv_nsec: 365978773 }] native redraw ledger {"attempts":1,"counts":{"coalesced":1,"duplicate_tokens":0,"presentations":0,"received":1,"requested":1,"suppressed":0},"damage":3,"device_generation":1,"host_generation":7,"pending":false,"presented_damage":0,"ready":false,"reason":"not_presented","rendering":null,"window":"WindowId(31457392)"}
[SystemTime { tv_sec: 1790343148, tv_nsec: 370565195 }] window event WindowId(31457392) focused false
[SystemTime { tv_sec: 1790343148, tv_nsec: 370753350 }] window event WindowId(31457392) occluded false
[SystemTime { tv_sec: 1790343148, tv_nsec: 370943980 }] window event WindowId(31457392) redraw requested
[SystemTime { tv_sec: 1790343148, tv_nsec: 373734295 }] window event WindowId(31457284) modifiers changed ModifiersState(0x0)
[SystemTime { tv_sec: 1790343148, tv_nsec: 374178930 }] window event WindowId(31457284) focused false
[SystemTime { tv_sec: 1790343148, tv_nsec: 374548818 }] window event WindowId(31457392) focused true
[SystemTime { tv_sec: 1790343148, tv_nsec: 374976871 }] window event WindowId(31457392) modifiers changed ModifiersState(0x0)
[SystemTime { tv_sec: 1790343148, tv_nsec: 375015433 }] window event WindowId(31457392) cursor moved 467.00,170.00
[SystemTime { tv_sec: 1790343148, tv_nsec: 375047281 }] window event WindowId(31457392) occluded false
[SystemTime { tv_sec: 1790343148, tv_nsec: 375450783 }] window event WindowId(31457392) resized 960x720
[SystemTime { tv_sec: 1790343148, tv_nsec: 375496855 }] window event WindowId(31457392) redraw requested
[SystemTime { tv_sec: 1790343148, tv_nsec: 375529197 }] native frame round hosts=[WindowId(31457392)]
[SystemTime { tv_sec: 1790343148, tv_nsec: 375663251 }] surface configure begin
[SystemTime { tv_sec: 1790343148, tv_nsec: 378637640 }] surface configure end
[SystemTime { tv_sec: 1790343148, tv_nsec: 378666076 }] native queue configured host=7 configurations=7 submitted=43 completed=43
[SystemTime { tv_sec: 1790343148, tv_nsec: 378782832 }] native control_meshes window=WindowId(31457392) builds=18
[SystemTime { tv_sec: 1790343148, tv_nsec: 387064664 }] native_surface_lifecycle {"acquire_attempts":1,"acquired":1,"active":1,"configuration_generation":1,"configure_attempts":1,"configured_extent":[960,720],"discarded":0,"frame_submission_receipts_issued":44,"frame_submissions":1,"gpu_completed_through_receipt":43,"host":7,"last_frame_submission_receipt":44,"last_present_receipt":0,"presented":0,"queue_epoch":1,"reason":"submit","wgpu_submission":"Some(SubmissionIndex { index: 44 })","window":"WindowId(31457392)"}
[SystemTime { tv_sec: 1790343148, tv_nsec: 387117745 }] native upload frame window=WindowId(31457392) host=7 renderer=7 queue_epoch=1 surface_generation=1 acquisition=1 submission=44 receipt=Some(UploadFrame { consumers: {"PROJECT"}, owner: 167, attempt: 1, rendered: Some(true), totals: UploadTotals { batches: 1, buffer_payload_bytes: 81208, texture_source_bytes: 10748, texture_padding_bytes: 482308, scatter_index_bytes: 0, staging_capacity_bytes: 574264, buffer_copy_bytes: 81208, buffer_copies: 3, texture_copies: 267, scatter_dispatches: 0 } })
[SystemTime { tv_sec: 1790343148, tv_nsec: 387145839 }] native font ownership window=WindowId(31457392) usage=Usage { allocation: Usage { allocator_installed: true, owner_id: 39, label: "renderer-fonts-and-shapes", payload_bytes: 933174, tracking_bytes: 86800, allocations: 10848, peak_payload_bytes: 933285, owner_metadata_bytes: 96 }, returned_shape_bytes: 201016, private_bytes: Some(818958), fixed_font_bytes: Some(772070), cache_reserved_bytes: 46888, last_call: Some(Report { call_id: 4417, owner_id: 39, allocator_installed: true, host_initial_bytes: 313014, host_final_bytes: 313052, process_initial_bytes: 616710, process_final_bytes: 616748, initial_bytes: 46888, final_bytes: 46888, peak_bytes: 46888, host_peak_bytes: 313052, process_peak_bytes: 616748, exceeded: false }) } measurement=None process_registry_bytes=RegistryUsage { registry_heap_bytes: 136, scope_owner_bytes: 1152, call_slots_static_bytes: 9752 }
[SystemTime { tv_sec: 1790343148, tv_nsec: 387186057 }] native attachment ledger {"attachments":{"allocations":[{"allocation":1,"host":1,"last_submission":43,"owner":8,"payload_bytes":32768000,"release_reason":null},{"allocation":1,"host":7,"last_submission":44,"owner":168,"payload_bytes":22118400,"release_reason":null}],"completed_retirements":5,"current_payload_bytes":54886400,"device_loss_confirmed":false,"device_loss_retirements":0,"observed_allocations":7,"peak_payload_bytes":54886400,"retiring_payload_bytes":0,"unknown_payload_allocations":0},"queue_epoch":1}
[SystemTime { tv_sec: 1790343148, tv_nsec: 387212796 }] native surface attachment {"allocation":1,"allocations_created":1,"extent":[960,720],"format":"Bgra8UnormSrgb","gpu_retirement_qualified":false,"host":7,"owner":168,"payload_bytes":22118400,"queue_epoch":1,"samples":8,"state":"current_renderer_reference","window":"WindowId(31457392)"}
[SystemTime { tv_sec: 1790343148, tv_nsec: 387295820 }] native_surface_lifecycle {"acquire_attempts":1,"acquired":1,"active":0,"configuration_generation":1,"configure_attempts":1,"configured_extent":[960,720],"discarded":0,"frame_submission_receipts_issued":44,"frame_submissions":1,"gpu_completed_through_receipt":43,"host":7,"last_frame_submission_receipt":44,"last_present_receipt":44,"presented":1,"queue_epoch":1,"reason":"present","wgpu_submission":"Some(SubmissionIndex { index: 44 })","window":"WindowId(31457392)"}
[SystemTime { tv_sec: 1790343148, tv_nsec: 387329876 }] native redraw ledger {"attempts":2,"counts":{"coalesced":1,"duplicate_tokens":0,"presentations":1,"received":3,"requested":1,"suppressed":1},"damage":3,"device_generation":1,"host_generation":7,"pending":false,"presented_damage":3,"ready":false,"reason":"presented","rendering":null,"window":"WindowId(31457392)"}
[SystemTime { tv_sec: 1790343148, tv_nsec: 387498573 }] native queue progress epoch=1 submitted=44 completed=43
[SystemTime { tv_sec: 1790343148, tv_nsec: 387539777 }] native attachment ledger {"attachments":{"allocations":[{"allocation":1,"host":1,"last_submission":43,"owner":8,"payload_bytes":32768000,"release_reason":null},{"allocation":1,"host":7,"last_submission":44,"owner":168,"payload_bytes":22118400,"release_reason":null}],"completed_retirements":5,"current_payload_bytes":54886400,"device_loss_confirmed":false,"device_loss_retirements":0,"observed_allocations":7,"peak_payload_bytes":54886400,"retiring_payload_bytes":0,"unknown_payload_allocations":0},"queue_epoch":1}
[SystemTime { tv_sec: 1790343148, tv_nsec: 398383578 }] native queue progress epoch=1 submitted=44 completed=44
[SystemTime { tv_sec: 1790343148, tv_nsec: 398447751 }] native attachment ledger {"attachments":{"allocations":[{"allocation":1,"host":1,"last_submission":43,"owner":8,"payload_bytes":32768000,"release_reason":null},{"allocation":1,"host":7,"last_submission":44,"owner":168,"payload_bytes":22118400,"release_reason":null}],"completed_retirements":5,"current_payload_bytes":54886400,"device_loss_confirmed":false,"device_loss_retirements":0,"observed_allocations":7,"peak_payload_bytes":54886400,"retiring_payload_bytes":0,"unknown_payload_allocations":0},"queue_epoch":1}
[SystemTime { tv_sec: 1790343148, tv_nsec: 424691657 }] window event WindowId(31457392) keyboard physical=Code(Escape) logical=Named(Escape) state=Pressed repeat=false text=Some("\u{1b}") synthetic=false
[SystemTime { tv_sec: 1790343148, tv_nsec: 424774911 }] window event WindowId(31457284) redraw requested
[SystemTime { tv_sec: 1790343148, tv_nsec: 424877090 }] window event WindowId(31457392) redraw requested
[SystemTime { tv_sec: 1790343148, tv_nsec: 424946571 }] native redraw ledger {"attempts":2,"counts":{"coalesced":1,"duplicate_tokens":0,"presentations":1,"received":4,"requested":2,"suppressed":1},"damage":4,"device_generation":1,"host_generation":7,"pending":true,"presented_damage":3,"ready":true,"reason":"closed","rendering":null,"window":"WindowId(31457392)"}
[SystemTime { tv_sec: 1790343148, tv_nsec: 437727147 }] native_surface_lifecycle {"acquire_attempts":1,"acquired":1,"active":0,"configuration_generation":1,"configure_attempts":1,"configured_extent":[960,720],"discarded":0,"frame_submission_receipts_issued":44,"frame_submissions":1,"gpu_completed_through_receipt":44,"host":7,"last_frame_submission_receipt":44,"last_present_receipt":44,"presented":1,"queue_epoch":1,"reason":"owner_drop","wgpu_submission":"Some(SubmissionIndex { index: 44 })","window":"WindowId(31457392)"}
[SystemTime { tv_sec: 1790343148, tv_nsec: 437785836 }] native attachment ledger {"attachments":{"allocations":[{"allocation":1,"host":1,"last_submission":43,"owner":8,"payload_bytes":32768000,"release_reason":null}],"completed_retirements":6,"current_payload_bytes":32768000,"device_loss_confirmed":false,"device_loss_retirements":0,"observed_allocations":7,"peak_payload_bytes":54886400,"retiring_payload_bytes":0,"unknown_payload_allocations":0},"queue_epoch":1}
[SystemTime { tv_sec: 1790343148, tv_nsec: 438274864 }] native frame round hosts=[WindowId(31457284)]
[SystemTime { tv_sec: 1790343148, tv_nsec: 438300704 }] redraw handler begin
[SystemTime { tv_sec: 1790343148, tv_nsec: 438337912 }] render scene prepare begin retained_cached=true
[SystemTime { tv_sec: 1790343148, tv_nsec: 438358575 }] prepared scene build begin
[SystemTime { tv_sec: 1790343148, tv_nsec: 438635262 }] native control_meshes window=WindowId(31457284) builds=1
[SystemTime { tv_sec: 1790343148, tv_nsec: 438658462 }] prepared scene build end 0ms
[SystemTime { tv_sec: 1790343148, tv_nsec: 438680840 }] renderer render begin
[SystemTime { tv_sec: 1790343148, tv_nsec: 439612233 }] native_surface_lifecycle {"acquire_attempts":36,"acquired":36,"active":1,"configuration_generation":1,"configure_attempts":1,"configured_extent":[1280,800],"discarded":0,"frame_submission_receipts_issued":45,"frame_submissions":36,"gpu_completed_through_receipt":44,"host":1,"last_frame_submission_receipt":45,"last_present_receipt":43,"presented":35,"queue_epoch":1,"reason":"submit","wgpu_submission":"Some(SubmissionIndex { index: 45 })","window":"WindowId(31457284)"}
[SystemTime { tv_sec: 1790343148, tv_nsec: 439695577 }] native upload frame window=WindowId(31457284) host=1 renderer=1 queue_epoch=1 surface_generation=1 acquisition=36 submission=45 receipt=Some(UploadFrame { consumers: {"MAIN", "BOARD", "LAYERS", "NAV", "INSPECTOR", "MENU", "TERMINAL"}, owner: 7, attempt: 37, rendered: Some(true), totals: UploadTotals { batches: 1, buffer_payload_bytes: 12676, texture_source_bytes: 0, texture_padding_bytes: 0, scatter_index_bytes: 12604, staging_capacity_bytes: 50488, buffer_copy_bytes: 25280, buffer_copies: 19, texture_copies: 0, scatter_dispatches: 1 } })
[SystemTime { tv_sec: 1790343148, tv_nsec: 439740117 }] native font ownership window=WindowId(31457284) usage=Usage { allocation: Usage { allocator_installed: true, owner_id: 3, label: "renderer-fonts-and-shapes", payload_bytes: 925390, tracking_bytes: 88544, allocations: 11066, peak_payload_bytes: 925507, owner_metadata_bytes: 96 }, returned_shape_bytes: 179160, private_bytes: Some(834774), fixed_font_bytes: Some(772070), cache_reserved_bytes: 62704, last_call: Some(Report { call_id: 4418, owner_id: 3, allocator_installed: true, host_initial_bytes: 339856, host_final_bytes: 339856, process_initial_bytes: 339856, process_final_bytes: 339856, initial_bytes: 62704, final_bytes: 63816, peak_bytes: 63959, host_peak_bytes: 339856, process_peak_bytes: 339856, exceeded: false }) } measurement=Some(Usage { allocation: Usage { allocator_installed: true, owner_id: 13, label: "text-measurement", payload_bytes: 734742, tracking_bytes: 84216, allocations: 10525, peak_payload_bytes: 748214, owner_metadata_bytes: 96 }, returned_shape_bytes: 0, private_bytes: Some(818958), fixed_font_bytes: Some(772070), cache_reserved_bytes: 46888, last_call: Some(Report { call_id: 1657, owner_id: 13, allocator_installed: true, host_initial_bytes: 387312, host_final_bytes: 387312, process_initial_bytes: 387312, process_final_bytes: 387312, initial_bytes: 46888, final_bytes: 46888, peak_bytes: 54192, host_peak_bytes: 387312, process_peak_bytes: 387312, exceeded: false }) }) process_registry_bytes=RegistryUsage { registry_heap_bytes: 136, scope_owner_bytes: 1152, call_slots_static_bytes: 9752 }
[SystemTime { tv_sec: 1790343148, tv_nsec: 439775250 }] native attachment ledger {"attachments":{"allocations":[{"allocation":1,"host":1,"last_submission":45,"owner":8,"payload_bytes":32768000,"release_reason":null}],"completed_retirements":6,"current_payload_bytes":32768000,"device_loss_confirmed":false,"device_loss_retirements":0,"observed_allocations":7,"peak_payload_bytes":54886400,"retiring_payload_bytes":0,"unknown_payload_allocations":0},"queue_epoch":1}
[SystemTime { tv_sec: 1790343148, tv_nsec: 439799861 }] native surface attachment {"allocation":1,"allocations_created":1,"extent":[1280,800],"format":"Bgra8UnormSrgb","gpu_retirement_qualified":false,"host":1,"owner":8,"payload_bytes":32768000,"queue_epoch":1,"samples":8,"state":"current_renderer_reference","window":"WindowId(31457284)"}
[SystemTime { tv_sec: 1790343148, tv_nsec: 439818636 }] renderer render end 1ms
[SystemTime { tv_sec: 1790343148, tv_nsec: 439836775 }] frame present begin
[SystemTime { tv_sec: 1790343148, tv_nsec: 439900787 }] native_surface_lifecycle {"acquire_attempts":36,"acquired":36,"active":0,"configuration_generation":1,"configure_attempts":1,"configured_extent":[1280,800],"discarded":0,"frame_submission_receipts_issued":45,"frame_submissions":36,"gpu_completed_through_receipt":44,"host":1,"last_frame_submission_receipt":45,"last_present_receipt":45,"presented":36,"queue_epoch":1,"reason":"present","wgpu_submission":"Some(SubmissionIndex { index: 45 })","window":"WindowId(31457284)"}
[SystemTime { tv_sec: 1790343148, tv_nsec: 439933420 }] frame present end 0ms total=1ms
[SystemTime { tv_sec: 1790343148, tv_nsec: 439965042 }] native redraw ledger {"attempts":58,"counts":{"coalesced":2,"duplicate_tokens":0,"presentations":36,"received":58,"requested":58,"suppressed":41},"damage":52,"device_generation":1,"host_generation":1,"pending":false,"presented_damage":52,"ready":false,"reason":"presented","rendering":null,"window":"WindowId(31457284)"}
[SystemTime { tv_sec: 1790343148, tv_nsec: 440000016 }] redraw handler end
[SystemTime { tv_sec: 1790343148, tv_nsec: 440553273 }] window event WindowId(31457284) focused true
[SystemTime { tv_sec: 1790343148, tv_nsec: 441069232 }] window event WindowId(31457284) modifiers changed ModifiersState(0x0)
[SystemTime { tv_sec: 1790343148, tv_nsec: 441100209 }] window event WindowId(31457284) cursor moved 148.00,16.00
[SystemTime { tv_sec: 1790343148, tv_nsec: 441278010 }] window event WindowId(31457284) modifiers changed ModifiersState(0x0)
[SystemTime { tv_sec: 1790343148, tv_nsec: 441537515 }] window event WindowId(31457284) focused false
[SystemTime { tv_sec: 1790343148, tv_nsec: 441783411 }] window event WindowId(31457284) focused true
[SystemTime { tv_sec: 1790343148, tv_nsec: 442182666 }] window event WindowId(31457284) modifiers changed ModifiersState(0x0)
[SystemTime { tv_sec: 1790343148, tv_nsec: 442213585 }] window event WindowId(31457284) cursor moved 148.00,16.00
[SystemTime { tv_sec: 1790343148, tv_nsec: 442495716 }] window event WindowId(31457284) keyboard physical=Code(Escape) logical=Named(Escape) state=Released repeat=false text=Some("\u{1b}") synthetic=false
[SystemTime { tv_sec: 1790343148, tv_nsec: 442523444 }] pan key physical=Code(Escape) logical=Named(Escape) state=Released repeat=false pointer_in_scene=false held=false consumed=false
[SystemTime { tv_sec: 1790343148, tv_nsec: 442840407 }] window event WindowId(31457392) destroyed
[SystemTime { tv_sec: 1790343148, tv_nsec: 450493984 }] window event WindowId(31457284) cursor moved 110.00,16.00
[SystemTime { tv_sec: 1790343148, tv_nsec: 450564465 }] window event WindowId(31457284) modifiers changed ModifiersState(0x0)
[SystemTime { tv_sec: 1790343148, tv_nsec: 450598704 }] window event WindowId(31457284) mouse input Left Pressed
[SystemTime { tv_sec: 1790343148, tv_nsec: 450633124 }] pan primary pressed cursor=Some((110.0, 16.0)) pointer_in_scene=false held=false active=false
[SystemTime { tv_sec: 1790343148, tv_nsec: 450680199 }] window event WindowId(31457284) modifiers changed ModifiersState(0x0)
[SystemTime { tv_sec: 1790343148, tv_nsec: 450716847 }] window event WindowId(31457284) modifiers changed ModifiersState(0x0)
[SystemTime { tv_sec: 1790343148, tv_nsec: 450781024 }] window event WindowId(31457284) mouse input Left Released
[SystemTime { tv_sec: 1790343148, tv_nsec: 450812982 }] pan primary released cursor=Some((110.0, 16.0)) suppress_click=false
[SystemTime { tv_sec: 1790343148, tv_nsec: 450970510 }] window event WindowId(31457284) modifiers changed ModifiersState(0x0)
[SystemTime { tv_sec: 1790343148, tv_nsec: 451002691 }] window event WindowId(31457284) redraw requested
[SystemTime { tv_sec: 1790343148, tv_nsec: 451027319 }] native frame round hosts=[WindowId(31457284)]
[SystemTime { tv_sec: 1790343148, tv_nsec: 451048632 }] redraw handler begin
[SystemTime { tv_sec: 1790343148, tv_nsec: 451115475 }] native_surface_lifecycle {"acquire_attempts":36,"acquired":36,"active":0,"configuration_generation":1,"configure_attempts":1,"configured_extent":[1280,800],"discarded":0,"frame_submission_receipts_issued":45,"frame_submissions":36,"gpu_completed_through_receipt":44,"host":1,"last_frame_submission_receipt":45,"last_present_receipt":45,"presented":36,"queue_epoch":1,"reason":"wait_queue","wgpu_submission":"Some(SubmissionIndex { index: 45 })","window":"WindowId(31457284)"}
[SystemTime { tv_sec: 1790343148, tv_nsec: 451154583 }] native redraw ledger {"attempts":59,"counts":{"coalesced":2,"duplicate_tokens":0,"presentations":36,"received":59,"requested":59,"suppressed":41},"damage":53,"device_generation":1,"host_generation":1,"pending":false,"presented_damage":52,"ready":false,"reason":"not_presented","rendering":null,"window":"WindowId(31457284)"}
[SystemTime { tv_sec: 1790343148, tv_nsec: 453717172 }] native queue progress epoch=1 submitted=45 completed=45
[SystemTime { tv_sec: 1790343148, tv_nsec: 453763776 }] native attachment ledger {"attachments":{"allocations":[{"allocation":1,"host":1,"last_submission":45,"owner":8,"payload_bytes":32768000,"release_reason":null}],"completed_retirements":6,"current_payload_bytes":32768000,"device_loss_confirmed":false,"device_loss_retirements":0,"observed_allocations":7,"peak_payload_bytes":54886400,"retiring_payload_bytes":0,"unknown_payload_allocations":0},"queue_epoch":1}
[SystemTime { tv_sec: 1790343148, tv_nsec: 455311045 }] window event WindowId(31457284) redraw requested
[SystemTime { tv_sec: 1790343148, tv_nsec: 455339844 }] native frame round hosts=[WindowId(31457284)]
[SystemTime { tv_sec: 1790343148, tv_nsec: 455358537 }] redraw handler begin
[SystemTime { tv_sec: 1790343148, tv_nsec: 455390875 }] render scene prepare begin retained_cached=true
[SystemTime { tv_sec: 1790343148, tv_nsec: 455409464 }] prepared scene build begin
[SystemTime { tv_sec: 1790343148, tv_nsec: 455703505 }] native control_meshes window=WindowId(31457284) builds=1
[SystemTime { tv_sec: 1790343148, tv_nsec: 455724964 }] prepared scene build end 0ms
[SystemTime { tv_sec: 1790343148, tv_nsec: 455746201 }] renderer render begin
[SystemTime { tv_sec: 1790343148, tv_nsec: 457459196 }] native_surface_lifecycle {"acquire_attempts":37,"acquired":37,"active":1,"configuration_generation":1,"configure_attempts":1,"configured_extent":[1280,800],"discarded":0,"frame_submission_receipts_issued":46,"frame_submissions":37,"gpu_completed_through_receipt":45,"host":1,"last_frame_submission_receipt":46,"last_present_receipt":45,"presented":36,"queue_epoch":1,"reason":"submit","wgpu_submission":"Some(SubmissionIndex { index: 46 })","window":"WindowId(31457284)"}
[SystemTime { tv_sec: 1790343148, tv_nsec: 457534809 }] native upload frame window=WindowId(31457284) host=1 renderer=1 queue_epoch=1 surface_generation=1 acquisition=37 submission=46 receipt=Some(UploadFrame { consumers: {"MAIN", "BOARD", "LAYERS", "NAV", "INSPECTOR", "MENU", "TERMINAL"}, owner: 7, attempt: 38, rendered: Some(true), totals: UploadTotals { batches: 1, buffer_payload_bytes: 22708, texture_source_bytes: 1520, texture_padding_bytes: 62224, scatter_index_bytes: 20788, staging_capacity_bytes: 148816, buffer_copy_bytes: 43496, buffer_copies: 4, texture_copies: 31, scatter_dispatches: 3 } })
[SystemTime { tv_sec: 1790343148, tv_nsec: 457570954 }] native font ownership window=WindowId(31457284) usage=Usage { allocation: Usage { allocator_installed: true, owner_id: 3, label: "renderer-fonts-and-shapes", payload_bytes: 947982, tracking_bytes: 89000, allocations: 11123, peak_payload_bytes: 948096, owner_metadata_bytes: 96 }, returned_shape_bytes: 202208, private_bytes: Some(834774), fixed_font_bytes: Some(772070), cache_reserved_bytes: 62704, last_call: Some(Report { call_id: 4516, owner_id: 3, allocator_installed: true, host_initial_bytes: 432796, host_final_bytes: 432864, process_initial_bytes: 432796, process_final_bytes: 432864, initial_bytes: 62704, final_bytes: 62704, peak_bytes: 62704, host_peak_bytes: 432864, process_peak_bytes: 432864, exceeded: false }) } measurement=Some(Usage { allocation: Usage { allocator_installed: true, owner_id: 13, label: "text-measurement", payload_bytes: 734742, tracking_bytes: 84216, allocations: 10525, peak_payload_bytes: 748214, owner_metadata_bytes: 96 }, returned_shape_bytes: 0, private_bytes: Some(818958), fixed_font_bytes: Some(772070), cache_reserved_bytes: 46888, last_call: Some(Report { call_id: 4432, owner_id: 13, allocator_installed: true, host_initial_bytes: 336632, host_final_bytes: 336632, process_initial_bytes: 336632, process_final_bytes: 336632, initial_bytes: 46888, final_bytes: 46888, peak_bytes: 49248, host_peak_bytes: 336632, process_peak_bytes: 336632, exceeded: false }) }) process_registry_bytes=RegistryUsage { registry_heap_bytes: 136, scope_owner_bytes: 1152, call_slots_static_bytes: 9752 }
[SystemTime { tv_sec: 1790343148, tv_nsec: 457604854 }] native attachment ledger {"attachments":{"allocations":[{"allocation":1,"host":1,"last_submission":46,"owner":8,"payload_bytes":32768000,"release_reason":null}],"completed_retirements":6,"current_payload_bytes":32768000,"device_loss_confirmed":false,"device_loss_retirements":0,"observed_allocations":7,"peak_payload_bytes":54886400,"retiring_payload_bytes":0,"unknown_payload_allocations":0},"queue_epoch":1}
[SystemTime { tv_sec: 1790343148, tv_nsec: 457632106 }] native surface attachment {"allocation":1,"allocations_created":1,"extent":[1280,800],"format":"Bgra8UnormSrgb","gpu_retirement_qualified":false,"host":1,"owner":8,"payload_bytes":32768000,"queue_epoch":1,"samples":8,"state":"current_renderer_reference","window":"WindowId(31457284)"}
[SystemTime { tv_sec: 1790343148, tv_nsec: 457652534 }] renderer render end 1ms
[SystemTime { tv_sec: 1790343148, tv_nsec: 457672593 }] frame present begin
[SystemTime { tv_sec: 1790343148, tv_nsec: 457738997 }] native_surface_lifecycle {"acquire_attempts":37,"acquired":37,"active":0,"configuration_generation":1,"configure_attempts":1,"configured_extent":[1280,800],"discarded":0,"frame_submission_receipts_issued":46,"frame_submissions":37,"gpu_completed_through_receipt":45,"host":1,"last_frame_submission_receipt":46,"last_present_receipt":46,"presented":37,"queue_epoch":1,"reason":"present","wgpu_submission":"Some(SubmissionIndex { index: 46 })","window":"WindowId(31457284)"}
[SystemTime { tv_sec: 1790343148, tv_nsec: 457780015 }] frame present end 0ms total=2ms
[SystemTime { tv_sec: 1790343148, tv_nsec: 457824239 }] native redraw ledger {"attempts":60,"counts":{"coalesced":2,"duplicate_tokens":0,"presentations":37,"received":60,"requested":60,"suppressed":42},"damage":53,"device_generation":1,"host_generation":1,"pending":false,"presented_damage":53,"ready":false,"reason":"presented","rendering":null,"window":"WindowId(31457284)"}
[SystemTime { tv_sec: 1790343148, tv_nsec: 457853592 }] redraw handler end
[SystemTime { tv_sec: 1790343148, tv_nsec: 474982351 }] native queue progress epoch=1 submitted=46 completed=46
[SystemTime { tv_sec: 1790343148, tv_nsec: 475053834 }] native attachment ledger {"attachments":{"allocations":[{"allocation":1,"host":1,"last_submission":46,"owner":8,"payload_bytes":32768000,"release_reason":null}],"completed_retirements":6,"current_payload_bytes":32768000,"device_loss_confirmed":false,"device_loss_retirements":0,"observed_allocations":7,"peak_payload_bytes":54886400,"retiring_payload_bytes":0,"unknown_payload_allocations":0},"queue_epoch":1}
[SystemTime { tv_sec: 1790343148, tv_nsec: 557641259 }] window event WindowId(31457284) keyboard physical=Code(Enter) logical=Named(Enter) state=Pressed repeat=false text=Some("\r") synthetic=false
[SystemTime { tv_sec: 1790343148, tv_nsec: 558459214 }] window event WindowId(31457284) redraw requested
[SystemTime { tv_sec: 1790343148, tv_nsec: 564427632 }] surface identity window=WindowId(31457410) window_backend=x11 gpu_backend=Vulkan adapter="Intel(R) HD Graphics P630 (KBL GT2)" device_type=IntegratedGpu driver="Intel open-source Mesa driver" driver_info="Mesa 25.0.7-2+deb13u1"
[SystemTime { tv_sec: 1790343148, tv_nsec: 577204356 }] native frame round hosts=[WindowId(31457284)]
[SystemTime { tv_sec: 1790343148, tv_nsec: 577265697 }] redraw handler begin
[SystemTime { tv_sec: 1790343148, tv_nsec: 577340059 }] render scene prepare begin retained_cached=true
[SystemTime { tv_sec: 1790343148, tv_nsec: 577398018 }] prepared scene build begin
[SystemTime { tv_sec: 1790343148, tv_nsec: 577873066 }] native control_meshes window=WindowId(31457284) builds=1
[SystemTime { tv_sec: 1790343148, tv_nsec: 577947542 }] prepared scene build end 0ms
[SystemTime { tv_sec: 1790343148, tv_nsec: 578011657 }] renderer render begin
[SystemTime { tv_sec: 1790343148, tv_nsec: 579760623 }] native_surface_lifecycle {"acquire_attempts":38,"acquired":38,"active":1,"configuration_generation":1,"configure_attempts":1,"configured_extent":[1280,800],"discarded":0,"frame_submission_receipts_issued":47,"frame_submissions":38,"gpu_completed_through_receipt":46,"host":1,"last_frame_submission_receipt":47,"last_present_receipt":46,"presented":37,"queue_epoch":1,"reason":"submit","wgpu_submission":"Some(SubmissionIndex { index: 47 })","window":"WindowId(31457284)"}
[SystemTime { tv_sec: 1790343148, tv_nsec: 579880086 }] native upload frame window=WindowId(31457284) host=1 renderer=1 queue_epoch=1 surface_generation=1 acquisition=38 submission=47 receipt=Some(UploadFrame { consumers: {"MAIN", "BOARD", "LAYERS", "NAV", "INSPECTOR", "MENU", "TERMINAL"}, owner: 7, attempt: 39, rendered: Some(true), totals: UploadTotals { batches: 1, buffer_payload_bytes: 4384, texture_source_bytes: 0, texture_padding_bytes: 0, scatter_index_bytes: 4368, staging_capacity_bytes: 17488, buffer_copy_bytes: 8752, buffer_copies: 5, texture_copies: 0, scatter_dispatches: 1 } })
[SystemTime { tv_sec: 1790343148, tv_nsec: 579944581 }] native font ownership window=WindowId(31457284) usage=Usage { allocation: Usage { allocator_installed: true, owner_id: 3, label: "renderer-fonts-and-shapes", payload_bytes: 946894, tracking_bytes: 88976, allocations: 11120, peak_payload_bytes: 948096, owner_metadata_bytes: 96 }, returned_shape_bytes: 201096, private_bytes: Some(834774), fixed_font_bytes: Some(772070), cache_reserved_bytes: 62704, last_call: Some(Report { call_id: 4516, owner_id: 3, allocator_installed: true, host_initial_bytes: 432796, host_final_bytes: 432864, process_initial_bytes: 432796, process_final_bytes: 432864, initial_bytes: 62704, final_bytes: 62704, peak_bytes: 62704, host_peak_bytes: 432864, process_peak_bytes: 432864, exceeded: false }) } measurement=Some(Usage { allocation: Usage { allocator_installed: true, owner_id: 13, label: "text-measurement", payload_bytes: 734742, tracking_bytes: 84216, allocations: 10525, peak_payload_bytes: 748214, owner_metadata_bytes: 96 }, returned_shape_bytes: 0, private_bytes: Some(818958), fixed_font_bytes: Some(772070), cache_reserved_bytes: 46888, last_call: Some(Report { call_id: 4432, owner_id: 13, allocator_installed: true, host_initial_bytes: 336632, host_final_bytes: 336632, process_initial_bytes: 336632, process_final_bytes: 336632, initial_bytes: 46888, final_bytes: 46888, peak_bytes: 49248, host_peak_bytes: 336632, process_peak_bytes: 336632, exceeded: false }) }) process_registry_bytes=RegistryUsage { registry_heap_bytes: 136, scope_owner_bytes: 1152, call_slots_static_bytes: 9752 }
[SystemTime { tv_sec: 1790343148, tv_nsec: 580023682 }] native attachment ledger {"attachments":{"allocations":[{"allocation":1,"host":1,"last_submission":47,"owner":8,"payload_bytes":32768000,"release_reason":null}],"completed_retirements":6,"current_payload_bytes":32768000,"device_loss_confirmed":false,"device_loss_retirements":0,"observed_allocations":7,"peak_payload_bytes":54886400,"retiring_payload_bytes":0,"unknown_payload_allocations":0},"queue_epoch":1}
[SystemTime { tv_sec: 1790343148, tv_nsec: 580082253 }] native surface attachment {"allocation":1,"allocations_created":1,"extent":[1280,800],"format":"Bgra8UnormSrgb","gpu_retirement_qualified":false,"host":1,"owner":8,"payload_bytes":32768000,"queue_epoch":1,"samples":8,"state":"current_renderer_reference","window":"WindowId(31457284)"}
[SystemTime { tv_sec: 1790343148, tv_nsec: 580127293 }] renderer render end 2ms
[SystemTime { tv_sec: 1790343148, tv_nsec: 580171642 }] frame present begin
[SystemTime { tv_sec: 1790343148, tv_nsec: 580339753 }] native_surface_lifecycle {"acquire_attempts":38,"acquired":38,"active":0,"configuration_generation":1,"configure_attempts":1,"configured_extent":[1280,800],"discarded":0,"frame_submission_receipts_issued":47,"frame_submissions":38,"gpu_completed_through_receipt":46,"host":1,"last_frame_submission_receipt":47,"last_present_receipt":47,"presented":38,"queue_epoch":1,"reason":"present","wgpu_submission":"Some(SubmissionIndex { index: 47 })","window":"WindowId(31457284)"}
[SystemTime { tv_sec: 1790343148, tv_nsec: 580432320 }] frame present end 0ms total=3ms
[SystemTime { tv_sec: 1790343148, tv_nsec: 580517109 }] native redraw ledger {"attempts":61,"counts":{"coalesced":2,"duplicate_tokens":0,"presentations":38,"received":61,"requested":61,"suppressed":43},"damage":54,"device_generation":1,"host_generation":1,"pending":false,"presented_damage":54,"ready":false,"reason":"presented","rendering":null,"window":"WindowId(31457284)"}
[SystemTime { tv_sec: 1790343148, tv_nsec: 580565854 }] redraw handler end
[SystemTime { tv_sec: 1790343148, tv_nsec: 580903943 }] window event WindowId(31457410) ime Disabled
[SystemTime { tv_sec: 1790343148, tv_nsec: 580997769 }] window event WindowId(31457284) keyboard physical=Code(Enter) logical=Named(Enter) state=Released repeat=false text=Some("\r") synthetic=false
[SystemTime { tv_sec: 1790343148, tv_nsec: 581859637 }] window event WindowId(31457410) redraw requested
[SystemTime { tv_sec: 1790343148, tv_nsec: 582103600 }] native frame round hosts=[WindowId(31457410)]
[SystemTime { tv_sec: 1790343148, tv_nsec: 582218576 }] native_surface_lifecycle {"acquire_attempts":0,"acquired":0,"active":0,"configuration_generation":0,"configure_attempts":0,"configured_extent":null,"discarded":0,"frame_submission_receipts_issued":47,"frame_submissions":0,"gpu_completed_through_receipt":46,"host":8,"last_frame_submission_receipt":0,"last_present_receipt":0,"presented":0,"queue_epoch":1,"reason":"wait_queue","wgpu_submission":"None","window":"WindowId(31457410)"}
[SystemTime { tv_sec: 1790343148, tv_nsec: 582286331 }] native redraw ledger {"attempts":1,"counts":{"coalesced":0,"duplicate_tokens":0,"presentations":0,"received":1,"requested":1,"suppressed":0},"damage":2,"device_generation":1,"host_generation":8,"pending":false,"presented_damage":0,"ready":false,"reason":"not_presented","rendering":null,"window":"WindowId(31457410)"}
[SystemTime { tv_sec: 1790343148, tv_nsec: 585781155 }] window event WindowId(31457410) focused false
[SystemTime { tv_sec: 1790343148, tv_nsec: 586240468 }] window event WindowId(31457410) occluded false
[SystemTime { tv_sec: 1790343148, tv_nsec: 586589143 }] window event WindowId(31457410) redraw requested
[SystemTime { tv_sec: 1790343148, tv_nsec: 586885403 }] native frame round hosts=[WindowId(31457410)]
[SystemTime { tv_sec: 1790343148, tv_nsec: 587004445 }] native_surface_lifecycle {"acquire_attempts":0,"acquired":0,"active":0,"configuration_generation":0,"configure_attempts":0,"configured_extent":null,"discarded":0,"frame_submission_receipts_issued":47,"frame_submissions":0,"gpu_completed_through_receipt":46,"host":8,"last_frame_submission_receipt":0,"last_present_receipt":0,"presented":0,"queue_epoch":1,"reason":"wait_queue","wgpu_submission":"None","window":"WindowId(31457410)"}
[SystemTime { tv_sec: 1790343148, tv_nsec: 587088069 }] native redraw ledger {"attempts":2,"counts":{"coalesced":0,"duplicate_tokens":0,"presentations":0,"received":2,"requested":1,"suppressed":0},"damage":2,"device_generation":1,"host_generation":8,"pending":false,"presented_damage":0,"ready":false,"reason":"not_presented","rendering":null,"window":"WindowId(31457410)"}
[SystemTime { tv_sec: 1790343148, tv_nsec: 591529101 }] window event WindowId(31457284) modifiers changed ModifiersState(0x0)
[SystemTime { tv_sec: 1790343148, tv_nsec: 592178805 }] window event WindowId(31457284) focused false
[SystemTime { tv_sec: 1790343148, tv_nsec: 592840952 }] window event WindowId(31457410) focused true
[SystemTime { tv_sec: 1790343148, tv_nsec: 593897010 }] window event WindowId(31457410) modifiers changed ModifiersState(0x0)
[SystemTime { tv_sec: 1790343148, tv_nsec: 593989501 }] window event WindowId(31457410) cursor moved 429.00,170.00
[SystemTime { tv_sec: 1790343148, tv_nsec: 594072977 }] window event WindowId(31457410) occluded false
[SystemTime { tv_sec: 1790343148, tv_nsec: 594855255 }] window event WindowId(31457410) resized 760x720
[SystemTime { tv_sec: 1790343148, tv_nsec: 594964304 }] window event WindowId(31457410) redraw requested
[SystemTime { tv_sec: 1790343148, tv_nsec: 595042402 }] native frame round hosts=[WindowId(31457410)]
[SystemTime { tv_sec: 1790343148, tv_nsec: 595317509 }] surface configure begin
[SystemTime { tv_sec: 1790343148, tv_nsec: 602734127 }] surface configure end
[SystemTime { tv_sec: 1790343148, tv_nsec: 602796982 }] native queue configured host=8 configurations=8 submitted=47 completed=47
[SystemTime { tv_sec: 1790343148, tv_nsec: 607162708 }] native control_meshes window=WindowId(31457410) builds=8
[SystemTime { tv_sec: 1790343148, tv_nsec: 620532396 }] native_surface_lifecycle {"acquire_attempts":1,"acquired":1,"active":1,"configuration_generation":1,"configure_attempts":1,"configured_extent":[760,720],"discarded":0,"frame_submission_receipts_issued":48,"frame_submissions":1,"gpu_completed_through_receipt":47,"host":8,"last_frame_submission_receipt":48,"last_present_receipt":0,"presented":0,"queue_epoch":1,"reason":"submit","wgpu_submission":"Some(SubmissionIndex { index: 48 })","window":"WindowId(31457410)"}
[SystemTime { tv_sec: 1790343148, tv_nsec: 620591132 }] native upload frame window=WindowId(31457410) host=8 renderer=8 queue_epoch=1 surface_generation=1 acquisition=1 submission=48 receipt=Some(UploadFrame { consumers: {"NEW"}, owner: 190, attempt: 1, rendered: Some(true), totals: UploadTotals { batches: 1, buffer_payload_bytes: 38248, texture_source_bytes: 10266, texture_padding_bytes: 475622, scatter_index_bytes: 0, staging_capacity_bytes: 524136, buffer_copy_bytes: 38248, buffer_copies: 3, texture_copies: 266, scatter_dispatches: 0 } })
[SystemTime { tv_sec: 1790343148, tv_nsec: 620637824 }] native font ownership window=WindowId(31457410) usage=Usage { allocation: Usage { allocator_installed: true, owner_id: 43, label: "renderer-fonts-and-shapes", payload_bytes: 845046, tracking_bytes: 85808, allocations: 10724, peak_payload_bytes: 845160, owner_metadata_bytes: 96 }, returned_shape_bytes: 111896, private_bytes: Some(818958), fixed_font_bytes: Some(772070), cache_reserved_bytes: 46888, last_call: Some(Report { call_id: 5125, owner_id: 43, allocator_installed: true, host_initial_bytes: 250978, host_final_bytes: 251016, process_initial_bytes: 628402, process_final_bytes: 628440, initial_bytes: 46888, final_bytes: 46888, peak_bytes: 46888, host_peak_bytes: 251016, process_peak_bytes: 628440, exceeded: false }) } measurement=Some(Usage { allocation: Usage { allocator_installed: true, owner_id: 45, label: "text-measurement", payload_bytes: 703734, tracking_bytes: 84120, allocations: 10513, peak_payload_bytes: 712752, owner_metadata_bytes: 96 }, returned_shape_bytes: 0, private_bytes: Some(787854), fixed_font_bytes: Some(772070), cache_reserved_bytes: 15784, last_call: Some(Report { call_id: 4524, owner_id: 45, allocator_installed: true, host_initial_bytes: 58792, host_final_bytes: 58792, process_initial_bytes: 436216, process_final_bytes: 436216, initial_bytes: 15784, final_bytes: 15784, peak_bytes: 17376, host_peak_bytes: 58792, process_peak_bytes: 436216, exceeded: false }) }) process_registry_bytes=RegistryUsage { registry_heap_bytes: 136, scope_owner_bytes: 1248, call_slots_static_bytes: 9752 }
[SystemTime { tv_sec: 1790343148, tv_nsec: 620692617 }] native attachment ledger {"attachments":{"allocations":[{"allocation":1,"host":1,"last_submission":47,"owner":8,"payload_bytes":32768000,"release_reason":null},{"allocation":1,"host":8,"last_submission":48,"owner":191,"payload_bytes":17510400,"release_reason":null}],"completed_retirements":6,"current_payload_bytes":50278400,"device_loss_confirmed":false,"device_loss_retirements":0,"observed_allocations":8,"peak_payload_bytes":54886400,"retiring_payload_bytes":0,"unknown_payload_allocations":0},"queue_epoch":1}
[SystemTime { tv_sec: 1790343148, tv_nsec: 620731229 }] native surface attachment {"allocation":1,"allocations_created":1,"extent":[760,720],"format":"Bgra8UnormSrgb","gpu_retirement_qualified":false,"host":8,"owner":191,"payload_bytes":17510400,"queue_epoch":1,"samples":8,"state":"current_renderer_reference","window":"WindowId(31457410)"}
[SystemTime { tv_sec: 1790343148, tv_nsec: 620841129 }] native_surface_lifecycle {"acquire_attempts":1,"acquired":1,"active":0,"configuration_generation":1,"configure_attempts":1,"configured_extent":[760,720],"discarded":0,"frame_submission_receipts_issued":48,"frame_submissions":1,"gpu_completed_through_receipt":47,"host":8,"last_frame_submission_receipt":48,"last_present_receipt":48,"presented":1,"queue_epoch":1,"reason":"present","wgpu_submission":"Some(SubmissionIndex { index: 48 })","window":"WindowId(31457410)"}
[SystemTime { tv_sec: 1790343148, tv_nsec: 620889313 }] native redraw ledger {"attempts":3,"counts":{"coalesced":0,"duplicate_tokens":0,"presentations":1,"received":3,"requested":1,"suppressed":1},"damage":2,"device_generation":1,"host_generation":8,"pending":false,"presented_damage":2,"ready":false,"reason":"presented","rendering":null,"window":"WindowId(31457410)"}
[SystemTime { tv_sec: 1790343148, tv_nsec: 621114738 }] native queue progress epoch=1 submitted=48 completed=47
[SystemTime { tv_sec: 1790343148, tv_nsec: 621152484 }] native attachment ledger {"attachments":{"allocations":[{"allocation":1,"host":1,"last_submission":47,"owner":8,"payload_bytes":32768000,"release_reason":null},{"allocation":1,"host":8,"last_submission":48,"owner":191,"payload_bytes":17510400,"release_reason":null}],"completed_retirements":6,"current_payload_bytes":50278400,"device_loss_confirmed":false,"device_loss_retirements":0,"observed_allocations":8,"peak_payload_bytes":54886400,"retiring_payload_bytes":0,"unknown_payload_allocations":0},"queue_epoch":1}
[SystemTime { tv_sec: 1790343148, tv_nsec: 632316487 }] native queue progress epoch=1 submitted=48 completed=48
[SystemTime { tv_sec: 1790343148, tv_nsec: 632368743 }] native attachment ledger {"attachments":{"allocations":[{"allocation":1,"host":1,"last_submission":47,"owner":8,"payload_bytes":32768000,"release_reason":null},{"allocation":1,"host":8,"last_submission":48,"owner":191,"payload_bytes":17510400,"release_reason":null}],"completed_retirements":6,"current_payload_bytes":50278400,"device_loss_confirmed":false,"device_loss_retirements":0,"observed_allocations":8,"peak_payload_bytes":54886400,"retiring_payload_bytes":0,"unknown_payload_allocations":0},"queue_epoch":1}
[SystemTime { tv_sec: 1790343148, tv_nsec: 738843712 }] window event WindowId(31457410) keyboard physical=Code(Escape) logical=Named(Escape) state=Pressed repeat=false text=Some("\u{1b}") synthetic=false
[SystemTime { tv_sec: 1790343148, tv_nsec: 738923484 }] window event WindowId(31457410) redraw requested
[SystemTime { tv_sec: 1790343148, tv_nsec: 738944331 }] window event WindowId(31457284) redraw requested
[SystemTime { tv_sec: 1790343148, tv_nsec: 739075403 }] native redraw ledger {"attempts":3,"counts":{"coalesced":0,"duplicate_tokens":0,"presentations":1,"received":4,"requested":2,"suppressed":1},"damage":3,"device_generation":1,"host_generation":8,"pending":true,"presented_damage":2,"ready":true,"reason":"closed","rendering":null,"window":"WindowId(31457410)"}
[SystemTime { tv_sec: 1790343148, tv_nsec: 746479520 }] native_surface_lifecycle {"acquire_attempts":1,"acquired":1,"active":0,"configuration_generation":1,"configure_attempts":1,"configured_extent":[760,720],"discarded":0,"frame_submission_receipts_issued":48,"frame_submissions":1,"gpu_completed_through_receipt":48,"host":8,"last_frame_submission_receipt":48,"last_present_receipt":48,"presented":1,"queue_epoch":1,"reason":"owner_drop","wgpu_submission":"Some(SubmissionIndex { index: 48 })","window":"WindowId(31457410)"}
[SystemTime { tv_sec: 1790343148, tv_nsec: 746517754 }] native attachment ledger {"attachments":{"allocations":[{"allocation":1,"host":1,"last_submission":47,"owner":8,"payload_bytes":32768000,"release_reason":null}],"completed_retirements":7,"current_payload_bytes":32768000,"device_loss_confirmed":false,"device_loss_retirements":0,"observed_allocations":8,"peak_payload_bytes":54886400,"retiring_payload_bytes":0,"unknown_payload_allocations":0},"queue_epoch":1}
[SystemTime { tv_sec: 1790343148, tv_nsec: 746757476 }] native frame round hosts=[WindowId(31457284)]
[SystemTime { tv_sec: 1790343148, tv_nsec: 746784679 }] redraw handler begin
[SystemTime { tv_sec: 1790343148, tv_nsec: 746819691 }] render scene prepare begin retained_cached=true
[SystemTime { tv_sec: 1790343148, tv_nsec: 746836926 }] prepared scene build begin
[SystemTime { tv_sec: 1790343148, tv_nsec: 747018645 }] native control_meshes window=WindowId(31457284) builds=1
[SystemTime { tv_sec: 1790343148, tv_nsec: 747036725 }] prepared scene build end 0ms
[SystemTime { tv_sec: 1790343148, tv_nsec: 747054922 }] renderer render begin
[SystemTime { tv_sec: 1790343148, tv_nsec: 747754677 }] native_surface_lifecycle {"acquire_attempts":39,"acquired":39,"active":1,"configuration_generation":1,"configure_attempts":1,"configured_extent":[1280,800],"discarded":0,"frame_submission_receipts_issued":49,"frame_submissions":39,"gpu_completed_through_receipt":48,"host":1,"last_frame_submission_receipt":49,"last_present_receipt":47,"presented":38,"queue_epoch":1,"reason":"submit","wgpu_submission":"Some(SubmissionIndex { index: 49 })","window":"WindowId(31457284)"}
[SystemTime { tv_sec: 1790343148, tv_nsec: 747802813 }] native upload frame window=WindowId(31457284) host=1 renderer=1 queue_epoch=1 surface_generation=1 acquisition=39 submission=49 receipt=Some(UploadFrame { consumers: {"MAIN", "BOARD", "LAYERS", "NAV", "INSPECTOR", "MENU", "TERMINAL"}, owner: 7, attempt: 40, rendered: Some(true), totals: UploadTotals { batches: 1, buffer_payload_bytes: 12676, texture_source_bytes: 0, texture_padding_bytes: 0, scatter_index_bytes: 12604, staging_capacity_bytes: 50488, buffer_copy_bytes: 25280, buffer_copies: 19, texture_copies: 0, scatter_dispatches: 1 } })
[SystemTime { tv_sec: 1790343148, tv_nsec: 747827556 }] native font ownership window=WindowId(31457284) usage=Usage { allocation: Usage { allocator_installed: true, owner_id: 3, label: "renderer-fonts-and-shapes", payload_bytes: 947982, tracking_bytes: 89000, allocations: 11123, peak_payload_bytes: 948096, owner_metadata_bytes: 96 }, returned_shape_bytes: 202208, private_bytes: Some(834774), fixed_font_bytes: Some(772070), cache_reserved_bytes: 62704, last_call: Some(Report { call_id: 5126, owner_id: 3, allocator_installed: true, host_initial_bytes: 413584, host_final_bytes: 413584, process_initial_bytes: 413584, process_final_bytes: 413584, initial_bytes: 62704, final_bytes: 63816, peak_bytes: 63959, host_peak_bytes: 413584, process_peak_bytes: 413584, exceeded: false }) } measurement=Some(Usage { allocation: Usage { allocator_installed: true, owner_id: 13, label: "text-measurement", payload_bytes: 734742, tracking_bytes: 84216, allocations: 10525, peak_payload_bytes: 748214, owner_metadata_bytes: 96 }, returned_shape_bytes: 0, private_bytes: Some(818958), fixed_font_bytes: Some(772070), cache_reserved_bytes: 46888, last_call: Some(Report { call_id: 4432, owner_id: 13, allocator_installed: true, host_initial_bytes: 336632, host_final_bytes: 336632, process_initial_bytes: 336632, process_final_bytes: 336632, initial_bytes: 46888, final_bytes: 46888, peak_bytes: 49248, host_peak_bytes: 336632, process_peak_bytes: 336632, exceeded: false }) }) process_registry_bytes=RegistryUsage { registry_heap_bytes: 136, scope_owner_bytes: 1248, call_slots_static_bytes: 9752 }
[SystemTime { tv_sec: 1790343148, tv_nsec: 747857363 }] native attachment ledger {"attachments":{"allocations":[{"allocation":1,"host":1,"last_submission":49,"owner":8,"payload_bytes":32768000,"release_reason":null}],"completed_retirements":7,"current_payload_bytes":32768000,"device_loss_confirmed":false,"device_loss_retirements":0,"observed_allocations":8,"peak_payload_bytes":54886400,"retiring_payload_bytes":0,"unknown_payload_allocations":0},"queue_epoch":1}
[SystemTime { tv_sec: 1790343148, tv_nsec: 747879424 }] native surface attachment {"allocation":1,"allocations_created":1,"extent":[1280,800],"format":"Bgra8UnormSrgb","gpu_retirement_qualified":false,"host":1,"owner":8,"payload_bytes":32768000,"queue_epoch":1,"samples":8,"state":"current_renderer_reference","window":"WindowId(31457284)"}
[SystemTime { tv_sec: 1790343148, tv_nsec: 747896254 }] renderer render end 0ms
[SystemTime { tv_sec: 1790343148, tv_nsec: 747912605 }] frame present begin
[SystemTime { tv_sec: 1790343148, tv_nsec: 747989497 }] native_surface_lifecycle {"acquire_attempts":39,"acquired":39,"active":0,"configuration_generation":1,"configure_attempts":1,"configured_extent":[1280,800],"discarded":0,"frame_submission_receipts_issued":49,"frame_submissions":39,"gpu_completed_through_receipt":48,"host":1,"last_frame_submission_receipt":49,"last_present_receipt":49,"presented":39,"queue_epoch":1,"reason":"present","wgpu_submission":"Some(SubmissionIndex { index: 49 })","window":"WindowId(31457284)"}
[SystemTime { tv_sec: 1790343148, tv_nsec: 748027332 }] frame present end 0ms total=1ms
[SystemTime { tv_sec: 1790343148, tv_nsec: 748094288 }] native redraw ledger {"attempts":62,"counts":{"coalesced":2,"duplicate_tokens":0,"presentations":39,"received":62,"requested":62,"suppressed":44},"damage":55,"device_generation":1,"host_generation":1,"pending":false,"presented_damage":55,"ready":false,"reason":"presented","rendering":null,"window":"WindowId(31457284)"}
[SystemTime { tv_sec: 1790343148, tv_nsec: 748128685 }] redraw handler end
[SystemTime { tv_sec: 1790343148, tv_nsec: 748536033 }] window event WindowId(31457284) focused true
[SystemTime { tv_sec: 1790343148, tv_nsec: 748819102 }] window event WindowId(31457284) modifiers changed ModifiersState(0x0)
[SystemTime { tv_sec: 1790343148, tv_nsec: 748880811 }] window event WindowId(31457284) cursor moved 110.00,16.00
[SystemTime { tv_sec: 1790343148, tv_nsec: 749359503 }] window event WindowId(31457284) modifiers changed ModifiersState(0x0)
[SystemTime { tv_sec: 1790343148, tv_nsec: 749987037 }] window event WindowId(31457284) focused false
[SystemTime { tv_sec: 1790343148, tv_nsec: 750421131 }] window event WindowId(31457284) focused true
[SystemTime { tv_sec: 1790343148, tv_nsec: 750718650 }] window event WindowId(31457284) modifiers changed ModifiersState(0x0)
[SystemTime { tv_sec: 1790343148, tv_nsec: 750759154 }] window event WindowId(31457284) cursor moved 110.00,16.00
[SystemTime { tv_sec: 1790343148, tv_nsec: 751023308 }] window event WindowId(31457284) keyboard physical=Code(Escape) logical=Named(Escape) state=Released repeat=false text=Some("\u{1b}") synthetic=false
[SystemTime { tv_sec: 1790343148, tv_nsec: 751062653 }] pan key physical=Code(Escape) logical=Named(Escape) state=Released repeat=false pointer_in_scene=false held=false consumed=false
[SystemTime { tv_sec: 1790343148, tv_nsec: 751380653 }] window event WindowId(31457410) destroyed
[SystemTime { tv_sec: 1790343148, tv_nsec: 762920124 }] window event WindowId(31457284) modifiers changed ModifiersState(0x0)
[SystemTime { tv_sec: 1790343148, tv_nsec: 762969426 }] window event WindowId(31457284) mouse input Left Pressed
[SystemTime { tv_sec: 1790343148, tv_nsec: 763006156 }] pan primary pressed cursor=Some((110.0, 16.0)) pointer_in_scene=false held=false active=false
[SystemTime { tv_sec: 1790343148, tv_nsec: 763040550 }] window event WindowId(31457284) modifiers changed ModifiersState(0x0)
[SystemTime { tv_sec: 1790343148, tv_nsec: 763074083 }] window event WindowId(31457284) modifiers changed ModifiersState(0x0)
[SystemTime { tv_sec: 1790343148, tv_nsec: 763106951 }] window event WindowId(31457284) mouse input Left Released
[SystemTime { tv_sec: 1790343148, tv_nsec: 763140443 }] pan primary released cursor=Some((110.0, 16.0)) suppress_click=false
[SystemTime { tv_sec: 1790343148, tv_nsec: 763248936 }] window event WindowId(31457284) modifiers changed ModifiersState(0x0)
[SystemTime { tv_sec: 1790343148, tv_nsec: 763282128 }] window event WindowId(31457284) redraw requested
[SystemTime { tv_sec: 1790343148, tv_nsec: 763314253 }] native frame round hosts=[WindowId(31457284)]
[SystemTime { tv_sec: 1790343148, tv_nsec: 763341310 }] redraw handler begin
[SystemTime { tv_sec: 1790343148, tv_nsec: 763471466 }] render scene prepare begin retained_cached=true
[SystemTime { tv_sec: 1790343148, tv_nsec: 763499874 }] prepared scene build begin
[SystemTime { tv_sec: 1790343148, tv_nsec: 763776852 }] native control_meshes window=WindowId(31457284) builds=1
[SystemTime { tv_sec: 1790343148, tv_nsec: 763807368 }] prepared scene build end 0ms
[SystemTime { tv_sec: 1790343148, tv_nsec: 763838166 }] renderer render begin
[SystemTime { tv_sec: 1790343148, tv_nsec: 765279120 }] native_surface_lifecycle {"acquire_attempts":40,"acquired":40,"active":1,"configuration_generation":1,"configure_attempts":1,"configured_extent":[1280,800],"discarded":0,"frame_submission_receipts_issued":50,"frame_submissions":40,"gpu_completed_through_receipt":49,"host":1,"last_frame_submission_receipt":50,"last_present_receipt":49,"presented":39,"queue_epoch":1,"reason":"submit","wgpu_submission":"Some(SubmissionIndex { index: 50 })","window":"WindowId(31457284)"}
[SystemTime { tv_sec: 1790343148, tv_nsec: 765370958 }] native upload frame window=WindowId(31457284) host=1 renderer=1 queue_epoch=1 surface_generation=1 acquisition=40 submission=50 receipt=Some(UploadFrame { consumers: {"MAIN", "BOARD", "LAYERS", "NAV", "INSPECTOR", "MENU", "TERMINAL"}, owner: 7, attempt: 41, rendered: Some(true), totals: UploadTotals { batches: 1, buffer_payload_bytes: 19660, texture_source_bytes: 0, texture_padding_bytes: 0, scatter_index_bytes: 17740, staging_capacity_bytes: 72880, buffer_copy_bytes: 37400, buffer_copies: 3, texture_copies: 0, scatter_dispatches: 2 } })
[SystemTime { tv_sec: 1790343148, tv_nsec: 765415564 }] native font ownership window=WindowId(31457284) usage=Usage { allocation: Usage { allocator_installed: true, owner_id: 3, label: "renderer-fonts-and-shapes", payload_bytes: 947982, tracking_bytes: 89000, allocations: 11123, peak_payload_bytes: 948099, owner_metadata_bytes: 96 }, returned_shape_bytes: 202208, private_bytes: Some(834774), fixed_font_bytes: Some(772070), cache_reserved_bytes: 62704, last_call: Some(Report { call_id: 5127, owner_id: 3, allocator_installed: true, host_initial_bytes: 416392, host_final_bytes: 416392, process_initial_bytes: 416392, process_final_bytes: 416392, initial_bytes: 62704, final_bytes: 63880, peak_bytes: 64029, host_peak_bytes: 416392, process_peak_bytes: 416392, exceeded: false }) } measurement=Some(Usage { allocation: Usage { allocator_installed: true, owner_id: 13, label: "text-measurement", payload_bytes: 734742, tracking_bytes: 84216, allocations: 10525, peak_payload_bytes: 748214, owner_metadata_bytes: 96 }, returned_shape_bytes: 0, private_bytes: Some(818958), fixed_font_bytes: Some(772070), cache_reserved_bytes: 46888, last_call: Some(Report { call_id: 4432, owner_id: 13, allocator_installed: true, host_initial_bytes: 336632, host_final_bytes: 336632, process_initial_bytes: 336632, process_final_bytes: 336632, initial_bytes: 46888, final_bytes: 46888, peak_bytes: 49248, host_peak_bytes: 336632, process_peak_bytes: 336632, exceeded: false }) }) process_registry_bytes=RegistryUsage { registry_heap_bytes: 136, scope_owner_bytes: 1248, call_slots_static_bytes: 9752 }
[SystemTime { tv_sec: 1790343148, tv_nsec: 765469559 }] native attachment ledger {"attachments":{"allocations":[{"allocation":1,"host":1,"last_submission":50,"owner":8,"payload_bytes":32768000,"release_reason":null}],"completed_retirements":7,"current_payload_bytes":32768000,"device_loss_confirmed":false,"device_loss_retirements":0,"observed_allocations":8,"peak_payload_bytes":54886400,"retiring_payload_bytes":0,"unknown_payload_allocations":0},"queue_epoch":1}
[SystemTime { tv_sec: 1790343148, tv_nsec: 765507265 }] native surface attachment {"allocation":1,"allocations_created":1,"extent":[1280,800],"format":"Bgra8UnormSrgb","gpu_retirement_qualified":false,"host":1,"owner":8,"payload_bytes":32768000,"queue_epoch":1,"samples":8,"state":"current_renderer_reference","window":"WindowId(31457284)"}
[SystemTime { tv_sec: 1790343148, tv_nsec: 765535684 }] renderer render end 1ms
[SystemTime { tv_sec: 1790343148, tv_nsec: 765562472 }] frame present begin
[SystemTime { tv_sec: 1790343148, tv_nsec: 765645294 }] native_surface_lifecycle {"acquire_attempts":40,"acquired":40,"active":0,"configuration_generation":1,"configure_attempts":1,"configured_extent":[1280,800],"discarded":0,"frame_submission_receipts_issued":50,"frame_submissions":40,"gpu_completed_through_receipt":49,"host":1,"last_frame_submission_receipt":50,"last_present_receipt":50,"presented":40,"queue_epoch":1,"reason":"present","wgpu_submission":"Some(SubmissionIndex { index: 50 })","window":"WindowId(31457284)"}
[SystemTime { tv_sec: 1790343148, tv_nsec: 765685006 }] frame present end 0ms total=2ms
[SystemTime { tv_sec: 1790343148, tv_nsec: 765726304 }] native redraw ledger {"attempts":63,"counts":{"coalesced":2,"duplicate_tokens":0,"presentations":40,"received":63,"requested":63,"suppressed":45},"damage":56,"device_generation":1,"host_generation":1,"pending":false,"presented_damage":56,"ready":false,"reason":"presented","rendering":null,"window":"WindowId(31457284)"}
[SystemTime { tv_sec: 1790343148, tv_nsec: 765753138 }] redraw handler end
[SystemTime { tv_sec: 1790343148, tv_nsec: 765790306 }] native queue progress epoch=1 submitted=50 completed=49
[SystemTime { tv_sec: 1790343148, tv_nsec: 765828819 }] native attachment ledger {"attachments":{"allocations":[{"allocation":1,"host":1,"last_submission":50,"owner":8,"payload_bytes":32768000,"release_reason":null}],"completed_retirements":7,"current_payload_bytes":32768000,"device_loss_confirmed":false,"device_loss_retirements":0,"observed_allocations":8,"peak_payload_bytes":54886400,"retiring_payload_bytes":0,"unknown_payload_allocations":0},"queue_epoch":1}
[SystemTime { tv_sec: 1790343148, tv_nsec: 795445478 }] native queue progress epoch=1 submitted=50 completed=50
[SystemTime { tv_sec: 1790343148, tv_nsec: 795541477 }] native attachment ledger {"attachments":{"allocations":[{"allocation":1,"host":1,"last_submission":50,"owner":8,"payload_bytes":32768000,"release_reason":null}],"completed_retirements":7,"current_payload_bytes":32768000,"device_loss_confirmed":false,"device_loss_retirements":0,"observed_allocations":8,"peak_payload_bytes":54886400,"retiring_payload_bytes":0,"unknown_payload_allocations":0},"queue_epoch":1}
[SystemTime { tv_sec: 1790343148, tv_nsec: 867138595 }] window event WindowId(31457284) keyboard physical=Code(Enter) logical=Named(Enter) state=Pressed repeat=false text=Some("\r") synthetic=false
[SystemTime { tv_sec: 1790343148, tv_nsec: 867606333 }] window event WindowId(31457284) redraw requested
[SystemTime { tv_sec: 1790343148, tv_nsec: 871882016 }] surface identity window=WindowId(31457428) window_backend=x11 gpu_backend=Vulkan adapter="Intel(R) HD Graphics P630 (KBL GT2)" device_type=IntegratedGpu driver="Intel open-source Mesa driver" driver_info="Mesa 25.0.7-2+deb13u1"
[SystemTime { tv_sec: 1790343148, tv_nsec: 878316246 }] native frame round hosts=[WindowId(31457284)]
[SystemTime { tv_sec: 1790343148, tv_nsec: 878348366 }] redraw handler begin
[SystemTime { tv_sec: 1790343148, tv_nsec: 878387697 }] render scene prepare begin retained_cached=true
[SystemTime { tv_sec: 1790343148, tv_nsec: 878410050 }] prepared scene build begin
[SystemTime { tv_sec: 1790343148, tv_nsec: 878569466 }] native control_meshes window=WindowId(31457284) builds=1
[SystemTime { tv_sec: 1790343148, tv_nsec: 878594433 }] prepared scene build end 0ms
[SystemTime { tv_sec: 1790343148, tv_nsec: 878619464 }] renderer render begin
[SystemTime { tv_sec: 1790343148, tv_nsec: 879610460 }] native_surface_lifecycle {"acquire_attempts":41,"acquired":41,"active":1,"configuration_generation":1,"configure_attempts":1,"configured_extent":[1280,800],"discarded":0,"frame_submission_receipts_issued":51,"frame_submissions":41,"gpu_completed_through_receipt":50,"host":1,"last_frame_submission_receipt":51,"last_present_receipt":50,"presented":40,"queue_epoch":1,"reason":"submit","wgpu_submission":"Some(SubmissionIndex { index: 51 })","window":"WindowId(31457284)"}
[SystemTime { tv_sec: 1790343148, tv_nsec: 879695998 }] native upload frame window=WindowId(31457284) host=1 renderer=1 queue_epoch=1 surface_generation=1 acquisition=41 submission=51 receipt=Some(UploadFrame { consumers: {"MAIN", "BOARD", "LAYERS", "NAV", "INSPECTOR", "MENU", "TERMINAL"}, owner: 7, attempt: 42, rendered: Some(true), totals: UploadTotals { batches: 1, buffer_payload_bytes: 4384, texture_source_bytes: 0, texture_padding_bytes: 0, scatter_index_bytes: 4368, staging_capacity_bytes: 17488, buffer_copy_bytes: 8752, buffer_copies: 5, texture_copies: 0, scatter_dispatches: 1 } })
[SystemTime { tv_sec: 1790343148, tv_nsec: 879730335 }] native font ownership window=WindowId(31457284) usage=Usage { allocation: Usage { allocator_installed: true, owner_id: 3, label: "renderer-fonts-and-shapes", payload_bytes: 946894, tracking_bytes: 88976, allocations: 11120, peak_payload_bytes: 948099, owner_metadata_bytes: 96 }, returned_shape_bytes: 201096, private_bytes: Some(834774), fixed_font_bytes: Some(772070), cache_reserved_bytes: 62704, last_call: Some(Report { call_id: 5127, owner_id: 3, allocator_installed: true, host_initial_bytes: 416392, host_final_bytes: 416392, process_initial_bytes: 416392, process_final_bytes: 416392, initial_bytes: 62704, final_bytes: 63880, peak_bytes: 64029, host_peak_bytes: 416392, process_peak_bytes: 416392, exceeded: false }) } measurement=Some(Usage { allocation: Usage { allocator_installed: true, owner_id: 13, label: "text-measurement", payload_bytes: 734742, tracking_bytes: 84216, allocations: 10525, peak_payload_bytes: 748214, owner_metadata_bytes: 96 }, returned_shape_bytes: 0, private_bytes: Some(818958), fixed_font_bytes: Some(772070), cache_reserved_bytes: 46888, last_call: Some(Report { call_id: 4432, owner_id: 13, allocator_installed: true, host_initial_bytes: 336632, host_final_bytes: 336632, process_initial_bytes: 336632, process_final_bytes: 336632, initial_bytes: 46888, final_bytes: 46888, peak_bytes: 49248, host_peak_bytes: 336632, process_peak_bytes: 336632, exceeded: false }) }) process_registry_bytes=RegistryUsage { registry_heap_bytes: 136, scope_owner_bytes: 1152, call_slots_static_bytes: 9752 }
[SystemTime { tv_sec: 1790343148, tv_nsec: 879765954 }] native attachment ledger {"attachments":{"allocations":[{"allocation":1,"host":1,"last_submission":51,"owner":8,"payload_bytes":32768000,"release_reason":null}],"completed_retirements":7,"current_payload_bytes":32768000,"device_loss_confirmed":false,"device_loss_retirements":0,"observed_allocations":8,"peak_payload_bytes":54886400,"retiring_payload_bytes":0,"unknown_payload_allocations":0},"queue_epoch":1}
[SystemTime { tv_sec: 1790343148, tv_nsec: 879795497 }] native surface attachment {"allocation":1,"allocations_created":1,"extent":[1280,800],"format":"Bgra8UnormSrgb","gpu_retirement_qualified":false,"host":1,"owner":8,"payload_bytes":32768000,"queue_epoch":1,"samples":8,"state":"current_renderer_reference","window":"WindowId(31457284)"}
[SystemTime { tv_sec: 1790343148, tv_nsec: 879828495 }] renderer render end 1ms
[SystemTime { tv_sec: 1790343148, tv_nsec: 879850812 }] frame present begin
[SystemTime { tv_sec: 1790343148, tv_nsec: 879928948 }] native_surface_lifecycle {"acquire_attempts":41,"acquired":41,"active":0,"configuration_generation":1,"configure_attempts":1,"configured_extent":[1280,800],"discarded":0,"frame_submission_receipts_issued":51,"frame_submissions":41,"gpu_completed_through_receipt":50,"host":1,"last_frame_submission_receipt":51,"last_present_receipt":51,"presented":41,"queue_epoch":1,"reason":"present","wgpu_submission":"Some(SubmissionIndex { index: 51 })","window":"WindowId(31457284)"}
[SystemTime { tv_sec: 1790343148, tv_nsec: 879969238 }] frame present end 0ms total=1ms
[SystemTime { tv_sec: 1790343148, tv_nsec: 880002487 }] native redraw ledger {"attempts":64,"counts":{"coalesced":2,"duplicate_tokens":0,"presentations":41,"received":64,"requested":64,"suppressed":46},"damage":57,"device_generation":1,"host_generation":1,"pending":false,"presented_damage":57,"ready":false,"reason":"presented","rendering":null,"window":"WindowId(31457284)"}
[SystemTime { tv_sec: 1790343148, tv_nsec: 880024960 }] redraw handler end
[SystemTime { tv_sec: 1790343148, tv_nsec: 880169222 }] window event WindowId(31457428) ime Disabled
[SystemTime { tv_sec: 1790343148, tv_nsec: 880218682 }] window event WindowId(31457284) keyboard physical=Code(Enter) logical=Named(Enter) state=Released repeat=false text=Some("\r") synthetic=false
[SystemTime { tv_sec: 1790343148, tv_nsec: 880614952 }] window event WindowId(31457428) redraw requested
[SystemTime { tv_sec: 1790343148, tv_nsec: 880696641 }] native frame round hosts=[WindowId(31457428)]
[SystemTime { tv_sec: 1790343148, tv_nsec: 880749775 }] native_surface_lifecycle {"acquire_attempts":0,"acquired":0,"active":0,"configuration_generation":0,"configure_attempts":0,"configured_extent":null,"discarded":0,"frame_submission_receipts_issued":51,"frame_submissions":0,"gpu_completed_through_receipt":50,"host":9,"last_frame_submission_receipt":0,"last_present_receipt":0,"presented":0,"queue_epoch":1,"reason":"wait_queue","wgpu_submission":"None","window":"WindowId(31457428)"}
[SystemTime { tv_sec: 1790343148, tv_nsec: 880782740 }] native redraw ledger {"attempts":1,"counts":{"coalesced":0,"duplicate_tokens":0,"presentations":0,"received":1,"requested":1,"suppressed":0},"damage":2,"device_generation":1,"host_generation":9,"pending":false,"presented_damage":0,"ready":false,"reason":"not_presented","rendering":null,"window":"WindowId(31457428)"}
[SystemTime { tv_sec: 1790343148, tv_nsec: 883220937 }] window event WindowId(31457428) focused false
[SystemTime { tv_sec: 1790343148, tv_nsec: 883435230 }] window event WindowId(31457428) occluded false
[SystemTime { tv_sec: 1790343148, tv_nsec: 883631618 }] window event WindowId(31457428) redraw requested
[SystemTime { tv_sec: 1790343148, tv_nsec: 886576768 }] window event WindowId(31457284) modifiers changed ModifiersState(0x0)
[SystemTime { tv_sec: 1790343148, tv_nsec: 886924141 }] window event WindowId(31457284) focused false
[SystemTime { tv_sec: 1790343148, tv_nsec: 887231408 }] window event WindowId(31457428) focused true
[SystemTime { tv_sec: 1790343148, tv_nsec: 887655861 }] window event WindowId(31457428) modifiers changed ModifiersState(0x0)
[SystemTime { tv_sec: 1790343148, tv_nsec: 887699211 }] window event WindowId(31457428) cursor moved 429.00,170.00
[SystemTime { tv_sec: 1790343148, tv_nsec: 887870106 }] window event WindowId(31457428) occluded false
[SystemTime { tv_sec: 1790343148, tv_nsec: 888429875 }] window event WindowId(31457428) resized 760x720
[SystemTime { tv_sec: 1790343148, tv_nsec: 888475600 }] window event WindowId(31457428) redraw requested
[SystemTime { tv_sec: 1790343148, tv_nsec: 888501560 }] native frame round hosts=[WindowId(31457428)]
[SystemTime { tv_sec: 1790343148, tv_nsec: 888565181 }] native_surface_lifecycle {"acquire_attempts":0,"acquired":0,"active":0,"configuration_generation":0,"configure_attempts":0,"configured_extent":null,"discarded":0,"frame_submission_receipts_issued":51,"frame_submissions":0,"gpu_completed_through_receipt":50,"host":9,"last_frame_submission_receipt":0,"last_present_receipt":0,"presented":0,"queue_epoch":1,"reason":"wait_queue","wgpu_submission":"None","window":"WindowId(31457428)"}
[SystemTime { tv_sec: 1790343148, tv_nsec: 888602683 }] native redraw ledger {"attempts":2,"counts":{"coalesced":0,"duplicate_tokens":0,"presentations":0,"received":3,"requested":1,"suppressed":0},"damage":2,"device_generation":1,"host_generation":9,"pending":false,"presented_damage":0,"ready":false,"reason":"not_presented","rendering":null,"window":"WindowId(31457428)"}
[SystemTime { tv_sec: 1790343148, tv_nsec: 893382805 }] native queue progress epoch=1 submitted=51 completed=51
[SystemTime { tv_sec: 1790343148, tv_nsec: 893432154 }] native attachment ledger {"attachments":{"allocations":[{"allocation":1,"host":1,"last_submission":51,"owner":8,"payload_bytes":32768000,"release_reason":null}],"completed_retirements":7,"current_payload_bytes":32768000,"device_loss_confirmed":false,"device_loss_retirements":0,"observed_allocations":8,"peak_payload_bytes":54886400,"retiring_payload_bytes":0,"unknown_payload_allocations":0},"queue_epoch":1}
[SystemTime { tv_sec: 1790343148, tv_nsec: 894943939 }] window event WindowId(31457428) redraw requested
[SystemTime { tv_sec: 1790343148, tv_nsec: 894986404 }] native frame round hosts=[WindowId(31457428)]
[SystemTime { tv_sec: 1790343148, tv_nsec: 895020835 }] surface configure begin
[SystemTime { tv_sec: 1790343148, tv_nsec: 899482144 }] surface configure end
[SystemTime { tv_sec: 1790343148, tv_nsec: 899507913 }] native queue configured host=9 configurations=9 submitted=51 completed=51
[SystemTime { tv_sec: 1790343148, tv_nsec: 899591294 }] native control_meshes window=WindowId(31457428) builds=8
[SystemTime { tv_sec: 1790343148, tv_nsec: 905280520 }] native_surface_lifecycle {"acquire_attempts":1,"acquired":1,"active":1,"configuration_generation":1,"configure_attempts":1,"configured_extent":[760,720],"discarded":0,"frame_submission_receipts_issued":52,"frame_submissions":1,"gpu_completed_through_receipt":51,"host":9,"last_frame_submission_receipt":52,"last_present_receipt":0,"presented":0,"queue_epoch":1,"reason":"submit","wgpu_submission":"Some(SubmissionIndex { index: 52 })","window":"WindowId(31457428)"}
[SystemTime { tv_sec: 1790343148, tv_nsec: 905325026 }] native upload frame window=WindowId(31457428) host=9 renderer=9 queue_epoch=1 surface_generation=1 acquisition=1 submission=52 receipt=Some(UploadFrame { consumers: {"NEW"}, owner: 212, attempt: 1, rendered: Some(true), totals: UploadTotals { batches: 1, buffer_payload_bytes: 38248, texture_source_bytes: 10266, texture_padding_bytes: 475622, scatter_index_bytes: 0, staging_capacity_bytes: 524136, buffer_copy_bytes: 38248, buffer_copies: 3, texture_copies: 266, scatter_dispatches: 0 } })
[SystemTime { tv_sec: 1790343148, tv_nsec: 905350087 }] native font ownership window=WindowId(31457428) usage=Usage { allocation: Usage { allocator_installed: true, owner_id: 48, label: "renderer-fonts-and-shapes", payload_bytes: 845046, tracking_bytes: 85808, allocations: 10724, peak_payload_bytes: 845160, owner_metadata_bytes: 96 }, returned_shape_bytes: 111896, private_bytes: Some(818958), fixed_font_bytes: Some(772070), cache_reserved_bytes: 46888, last_call: Some(Report { call_id: 5729, owner_id: 48, allocator_installed: true, host_initial_bytes: 235194, host_final_bytes: 235232, process_initial_bytes: 612618, process_final_bytes: 612656, initial_bytes: 46888, final_bytes: 46888, peak_bytes: 46888, host_peak_bytes: 235232, process_peak_bytes: 612656, exceeded: false }) } measurement=None process_registry_bytes=RegistryUsage { registry_heap_bytes: 136, scope_owner_bytes: 1152, call_slots_static_bytes: 9752 }
[SystemTime { tv_sec: 1790343148, tv_nsec: 905385468 }] native attachment ledger {"attachments":{"allocations":[{"allocation":1,"host":1,"last_submission":51,"owner":8,"payload_bytes":32768000,"release_reason":null},{"allocation":1,"host":9,"last_submission":52,"owner":213,"payload_bytes":17510400,"release_reason":null}],"completed_retirements":7,"current_payload_bytes":50278400,"device_loss_confirmed":false,"device_loss_retirements":0,"observed_allocations":9,"peak_payload_bytes":54886400,"retiring_payload_bytes":0,"unknown_payload_allocations":0},"queue_epoch":1}
[SystemTime { tv_sec: 1790343148, tv_nsec: 905409673 }] native surface attachment {"allocation":1,"allocations_created":1,"extent":[760,720],"format":"Bgra8UnormSrgb","gpu_retirement_qualified":false,"host":9,"owner":213,"payload_bytes":17510400,"queue_epoch":1,"samples":8,"state":"current_renderer_reference","window":"WindowId(31457428)"}
[SystemTime { tv_sec: 1790343148, tv_nsec: 905478512 }] native_surface_lifecycle {"acquire_attempts":1,"acquired":1,"active":0,"configuration_generation":1,"configure_attempts":1,"configured_extent":[760,720],"discarded":0,"frame_submission_receipts_issued":52,"frame_submissions":1,"gpu_completed_through_receipt":51,"host":9,"last_frame_submission_receipt":52,"last_present_receipt":52,"presented":1,"queue_epoch":1,"reason":"present","wgpu_submission":"Some(SubmissionIndex { index: 52 })","window":"WindowId(31457428)"}
[SystemTime { tv_sec: 1790343148, tv_nsec: 905514586 }] native redraw ledger {"attempts":3,"counts":{"coalesced":0,"duplicate_tokens":0,"presentations":1,"received":4,"requested":2,"suppressed":1},"damage":2,"device_generation":1,"host_generation":9,"pending":false,"presented_damage":2,"ready":false,"reason":"presented","rendering":null,"window":"WindowId(31457428)"}
[SystemTime { tv_sec: 1790343148, tv_nsec: 914408130 }] native queue progress epoch=1 submitted=52 completed=52
[SystemTime { tv_sec: 1790343148, tv_nsec: 914455162 }] native attachment ledger {"attachments":{"allocations":[{"allocation":1,"host":1,"last_submission":51,"owner":8,"payload_bytes":32768000,"release_reason":null},{"allocation":1,"host":9,"last_submission":52,"owner":213,"payload_bytes":17510400,"release_reason":null}],"completed_retirements":7,"current_payload_bytes":50278400,"device_loss_confirmed":false,"device_loss_retirements":0,"observed_allocations":9,"peak_payload_bytes":54886400,"retiring_payload_bytes":0,"unknown_payload_allocations":0},"queue_epoch":1}
[SystemTime { tv_sec: 1790343148, tv_nsec: 929197834 }] window event WindowId(31457428) keyboard physical=Code(Escape) logical=Named(Escape) state=Pressed repeat=false text=Some("\u{1b}") synthetic=false
[SystemTime { tv_sec: 1790343148, tv_nsec: 929290279 }] window event WindowId(31457428) redraw requested
[SystemTime { tv_sec: 1790343148, tv_nsec: 929315468 }] window event WindowId(31457284) redraw requested
[SystemTime { tv_sec: 1790343148, tv_nsec: 929447077 }] native redraw ledger {"attempts":3,"counts":{"coalesced":0,"duplicate_tokens":0,"presentations":1,"received":5,"requested":3,"suppressed":1},"damage":3,"device_generation":1,"host_generation":9,"pending":true,"presented_damage":2,"ready":true,"reason":"closed","rendering":null,"window":"WindowId(31457428)"}
[SystemTime { tv_sec: 1790343148, tv_nsec: 931627135 }] native_surface_lifecycle {"acquire_attempts":1,"acquired":1,"active":0,"configuration_generation":1,"configure_attempts":1,"configured_extent":[760,720],"discarded":0,"frame_submission_receipts_issued":52,"frame_submissions":1,"gpu_completed_through_receipt":52,"host":9,"last_frame_submission_receipt":52,"last_present_receipt":52,"presented":1,"queue_epoch":1,"reason":"owner_drop","wgpu_submission":"Some(SubmissionIndex { index: 52 })","window":"WindowId(31457428)"}
[SystemTime { tv_sec: 1790343148, tv_nsec: 931672043 }] native attachment ledger {"attachments":{"allocations":[{"allocation":1,"host":1,"last_submission":51,"owner":8,"payload_bytes":32768000,"release_reason":null}],"completed_retirements":8,"current_payload_bytes":32768000,"device_loss_confirmed":false,"device_loss_retirements":0,"observed_allocations":9,"peak_payload_bytes":54886400,"retiring_payload_bytes":0,"unknown_payload_allocations":0},"queue_epoch":1}
[SystemTime { tv_sec: 1790343148, tv_nsec: 933233934 }] native frame round hosts=[WindowId(31457284)]
[SystemTime { tv_sec: 1790343148, tv_nsec: 933269874 }] redraw handler begin
[SystemTime { tv_sec: 1790343148, tv_nsec: 933320717 }] render scene prepare begin retained_cached=true
[SystemTime { tv_sec: 1790343148, tv_nsec: 933351958 }] prepared scene build begin
[SystemTime { tv_sec: 1790343148, tv_nsec: 933709853 }] native control_meshes window=WindowId(31457284) builds=1
[SystemTime { tv_sec: 1790343148, tv_nsec: 933733883 }] prepared scene build end 0ms
[SystemTime { tv_sec: 1790343148, tv_nsec: 933756858 }] renderer render begin
[SystemTime { tv_sec: 1790343148, tv_nsec: 934715517 }] native_surface_lifecycle {"acquire_attempts":42,"acquired":42,"active":1,"configuration_generation":1,"configure_attempts":1,"configured_extent":[1280,800],"discarded":0,"frame_submission_receipts_issued":53,"frame_submissions":42,"gpu_completed_through_receipt":52,"host":1,"last_frame_submission_receipt":53,"last_present_receipt":51,"presented":41,"queue_epoch":1,"reason":"submit","wgpu_submission":"Some(SubmissionIndex { index: 53 })","window":"WindowId(31457284)"}
[SystemTime { tv_sec: 1790343148, tv_nsec: 934779994 }] native upload frame window=WindowId(31457284) host=1 renderer=1 queue_epoch=1 surface_generation=1 acquisition=42 submission=53 receipt=Some(UploadFrame { consumers: {"MAIN", "BOARD", "LAYERS", "NAV", "INSPECTOR", "MENU", "TERMINAL"}, owner: 7, attempt: 43, rendered: Some(true), totals: UploadTotals { batches: 1, buffer_payload_bytes: 12676, texture_source_bytes: 0, texture_padding_bytes: 0, scatter_index_bytes: 12604, staging_capacity_bytes: 50488, buffer_copy_bytes: 25280, buffer_copies: 19, texture_copies: 0, scatter_dispatches: 1 } })
[SystemTime { tv_sec: 1790343148, tv_nsec: 934811129 }] native font ownership window=WindowId(31457284) usage=Usage { allocation: Usage { allocator_installed: true, owner_id: 3, label: "renderer-fonts-and-shapes", payload_bytes: 947982, tracking_bytes: 89000, allocations: 11123, peak_payload_bytes: 948099, owner_metadata_bytes: 96 }, returned_shape_bytes: 202208, private_bytes: Some(834774), fixed_font_bytes: Some(772070), cache_reserved_bytes: 62704, last_call: Some(Report { call_id: 5730, owner_id: 3, allocator_installed: true, host_initial_bytes: 413584, host_final_bytes: 413584, process_initial_bytes: 413584, process_final_bytes: 413584, initial_bytes: 62704, final_bytes: 63816, peak_bytes: 63959, host_peak_bytes: 413584, process_peak_bytes: 413584, exceeded: false }) } measurement=Some(Usage { allocation: Usage { allocator_installed: true, owner_id: 13, label: "text-measurement", payload_bytes: 734742, tracking_bytes: 84216, allocations: 10525, peak_payload_bytes: 748214, owner_metadata_bytes: 96 }, returned_shape_bytes: 0, private_bytes: Some(818958), fixed_font_bytes: Some(772070), cache_reserved_bytes: 46888, last_call: Some(Report { call_id: 4432, owner_id: 13, allocator_installed: true, host_initial_bytes: 336632, host_final_bytes: 336632, process_initial_bytes: 336632, process_final_bytes: 336632, initial_bytes: 46888, final_bytes: 46888, peak_bytes: 49248, host_peak_bytes: 336632, process_peak_bytes: 336632, exceeded: false }) }) process_registry_bytes=RegistryUsage { registry_heap_bytes: 136, scope_owner_bytes: 1152, call_slots_static_bytes: 9752 }
[SystemTime { tv_sec: 1790343148, tv_nsec: 934844682 }] native attachment ledger {"attachments":{"allocations":[{"allocation":1,"host":1,"last_submission":53,"owner":8,"payload_bytes":32768000,"release_reason":null}],"completed_retirements":8,"current_payload_bytes":32768000,"device_loss_confirmed":false,"device_loss_retirements":0,"observed_allocations":9,"peak_payload_bytes":54886400,"retiring_payload_bytes":0,"unknown_payload_allocations":0},"queue_epoch":1}
[SystemTime { tv_sec: 1790343148, tv_nsec: 934872258 }] native surface attachment {"allocation":1,"allocations_created":1,"extent":[1280,800],"format":"Bgra8UnormSrgb","gpu_retirement_qualified":false,"host":1,"owner":8,"payload_bytes":32768000,"queue_epoch":1,"samples":8,"state":"current_renderer_reference","window":"WindowId(31457284)"}
[SystemTime { tv_sec: 1790343148, tv_nsec: 934899015 }] renderer render end 1ms
[SystemTime { tv_sec: 1790343148, tv_nsec: 934919640 }] frame present begin
[SystemTime { tv_sec: 1790343148, tv_nsec: 934990190 }] native_surface_lifecycle {"acquire_attempts":42,"acquired":42,"active":0,"configuration_generation":1,"configure_attempts":1,"configured_extent":[1280,800],"discarded":0,"frame_submission_receipts_issued":53,"frame_submissions":42,"gpu_completed_through_receipt":52,"host":1,"last_frame_submission_receipt":53,"last_present_receipt":53,"presented":42,"queue_epoch":1,"reason":"present","wgpu_submission":"Some(SubmissionIndex { index: 53 })","window":"WindowId(31457284)"}
[SystemTime { tv_sec: 1790343148, tv_nsec: 935017655 }] frame present end 0ms total=1ms
[SystemTime { tv_sec: 1790343148, tv_nsec: 935048623 }] native redraw ledger {"attempts":65,"counts":{"coalesced":2,"duplicate_tokens":0,"presentations":42,"received":65,"requested":65,"suppressed":47},"damage":58,"device_generation":1,"host_generation":1,"pending":false,"presented_damage":58,"ready":false,"reason":"presented","rendering":null,"window":"WindowId(31457284)"}
[SystemTime { tv_sec: 1790343148, tv_nsec: 935069197 }] redraw handler end
[SystemTime { tv_sec: 1790343148, tv_nsec: 935419242 }] window event WindowId(31457284) focused true
[SystemTime { tv_sec: 1790343148, tv_nsec: 935737131 }] window event WindowId(31457284) modifiers changed ModifiersState(0x0)
[SystemTime { tv_sec: 1790343148, tv_nsec: 935782583 }] window event WindowId(31457284) cursor moved 110.00,16.00
[SystemTime { tv_sec: 1790343148, tv_nsec: 936020757 }] window event WindowId(31457284) modifiers changed ModifiersState(0x0)
[SystemTime { tv_sec: 1790343148, tv_nsec: 936354230 }] window event WindowId(31457284) focused false
[SystemTime { tv_sec: 1790343148, tv_nsec: 936627944 }] window event WindowId(31457284) focused true
[SystemTime { tv_sec: 1790343148, tv_nsec: 936984144 }] window event WindowId(31457284) modifiers changed ModifiersState(0x0)
[SystemTime { tv_sec: 1790343148, tv_nsec: 937023547 }] window event WindowId(31457284) cursor moved 110.00,16.00
[SystemTime { tv_sec: 1790343148, tv_nsec: 937597414 }] window event WindowId(31457428) destroyed
[SystemTime { tv_sec: 1790343148, tv_nsec: 937662724 }] window event WindowId(31457284) keyboard physical=Code(Escape) logical=Named(Escape) state=Released repeat=false text=Some("\u{1b}") synthetic=false
[SystemTime { tv_sec: 1790343148, tv_nsec: 937695187 }] pan key physical=Code(Escape) logical=Named(Escape) state=Released repeat=false pointer_in_scene=false held=false consumed=false
[SystemTime { tv_sec: 1790343148, tv_nsec: 948086039 }] native queue progress epoch=1 submitted=53 completed=53
[SystemTime { tv_sec: 1790343148, tv_nsec: 948133690 }] native attachment ledger {"attachments":{"allocations":[{"allocation":1,"host":1,"last_submission":53,"owner":8,"payload_bytes":32768000,"release_reason":null}],"completed_retirements":8,"current_payload_bytes":32768000,"device_loss_confirmed":false,"device_loss_retirements":0,"observed_allocations":9,"peak_payload_bytes":54886400,"retiring_payload_bytes":0,"unknown_payload_allocations":0},"queue_epoch":1}
[SystemTime { tv_sec: 1790343148, tv_nsec: 954387279 }] window event WindowId(31457284) modifiers changed ModifiersState(0x0)
[SystemTime { tv_sec: 1790343148, tv_nsec: 954678526 }] window event WindowId(31457284) mouse input Left Pressed
[SystemTime { tv_sec: 1790343148, tv_nsec: 954723919 }] pan primary pressed cursor=Some((110.0, 16.0)) pointer_in_scene=false held=false active=false
[SystemTime { tv_sec: 1790343148, tv_nsec: 954800391 }] window event WindowId(31457284) modifiers changed ModifiersState(0x0)
[SystemTime { tv_sec: 1790343148, tv_nsec: 954835816 }] window event WindowId(31457284) modifiers changed ModifiersState(0x0)
[SystemTime { tv_sec: 1790343148, tv_nsec: 954976461 }] window event WindowId(31457284) mouse input Left Released
[SystemTime { tv_sec: 1790343148, tv_nsec: 955012664 }] pan primary released cursor=Some((110.0, 16.0)) suppress_click=false
[SystemTime { tv_sec: 1790343148, tv_nsec: 955145529 }] window event WindowId(31457284) modifiers changed ModifiersState(0x0)
[SystemTime { tv_sec: 1790343148, tv_nsec: 955182082 }] window event WindowId(31457284) redraw requested
[SystemTime { tv_sec: 1790343148, tv_nsec: 955215055 }] native frame round hosts=[WindowId(31457284)]
[SystemTime { tv_sec: 1790343148, tv_nsec: 955243370 }] redraw handler begin
[SystemTime { tv_sec: 1790343148, tv_nsec: 955305059 }] render scene prepare begin retained_cached=true
[SystemTime { tv_sec: 1790343148, tv_nsec: 955332576 }] prepared scene build begin
[SystemTime { tv_sec: 1790343148, tv_nsec: 955630312 }] native control_meshes window=WindowId(31457284) builds=1
[SystemTime { tv_sec: 1790343148, tv_nsec: 955660654 }] prepared scene build end 0ms
[SystemTime { tv_sec: 1790343148, tv_nsec: 955690080 }] renderer render begin
[SystemTime { tv_sec: 1790343148, tv_nsec: 957118298 }] native_surface_lifecycle {"acquire_attempts":43,"acquired":43,"active":1,"configuration_generation":1,"configure_attempts":1,"configured_extent":[1280,800],"discarded":0,"frame_submission_receipts_issued":54,"frame_submissions":43,"gpu_completed_through_receipt":53,"host":1,"last_frame_submission_receipt":54,"last_present_receipt":53,"presented":42,"queue_epoch":1,"reason":"submit","wgpu_submission":"Some(SubmissionIndex { index: 54 })","window":"WindowId(31457284)"}
[SystemTime { tv_sec: 1790343148, tv_nsec: 957197183 }] native upload frame window=WindowId(31457284) host=1 renderer=1 queue_epoch=1 surface_generation=1 acquisition=43 submission=54 receipt=Some(UploadFrame { consumers: {"MAIN", "BOARD", "LAYERS", "NAV", "INSPECTOR", "MENU", "TERMINAL"}, owner: 7, attempt: 44, rendered: Some(true), totals: UploadTotals { batches: 1, buffer_payload_bytes: 19660, texture_source_bytes: 0, texture_padding_bytes: 0, scatter_index_bytes: 17740, staging_capacity_bytes: 72880, buffer_copy_bytes: 37400, buffer_copies: 3, texture_copies: 0, scatter_dispatches: 2 } })
[SystemTime { tv_sec: 1790343148, tv_nsec: 957238184 }] native font ownership window=WindowId(31457284) usage=Usage { allocation: Usage { allocator_installed: true, owner_id: 3, label: "renderer-fonts-and-shapes", payload_bytes: 947982, tracking_bytes: 89000, allocations: 11123, peak_payload_bytes: 948099, owner_metadata_bytes: 96 }, returned_shape_bytes: 202208, private_bytes: Some(834774), fixed_font_bytes: Some(772070), cache_reserved_bytes: 62704, last_call: Some(Report { call_id: 5731, owner_id: 3, allocator_installed: true, host_initial_bytes: 416392, host_final_bytes: 416392, process_initial_bytes: 416392, process_final_bytes: 416392, initial_bytes: 62704, final_bytes: 63880, peak_bytes: 64029, host_peak_bytes: 416392, process_peak_bytes: 416392, exceeded: false }) } measurement=Some(Usage { allocation: Usage { allocator_installed: true, owner_id: 13, label: "text-measurement", payload_bytes: 734742, tracking_bytes: 84216, allocations: 10525, peak_payload_bytes: 748214, owner_metadata_bytes: 96 }, returned_shape_bytes: 0, private_bytes: Some(818958), fixed_font_bytes: Some(772070), cache_reserved_bytes: 46888, last_call: Some(Report { call_id: 4432, owner_id: 13, allocator_installed: true, host_initial_bytes: 336632, host_final_bytes: 336632, process_initial_bytes: 336632, process_final_bytes: 336632, initial_bytes: 46888, final_bytes: 46888, peak_bytes: 49248, host_peak_bytes: 336632, process_peak_bytes: 336632, exceeded: false }) }) process_registry_bytes=RegistryUsage { registry_heap_bytes: 136, scope_owner_bytes: 1152, call_slots_static_bytes: 9752 }
[SystemTime { tv_sec: 1790343148, tv_nsec: 957280679 }] native attachment ledger {"attachments":{"allocations":[{"allocation":1,"host":1,"last_submission":54,"owner":8,"payload_bytes":32768000,"release_reason":null}],"completed_retirements":8,"current_payload_bytes":32768000,"device_loss_confirmed":false,"device_loss_retirements":0,"observed_allocations":9,"peak_payload_bytes":54886400,"retiring_payload_bytes":0,"unknown_payload_allocations":0},"queue_epoch":1}
[SystemTime { tv_sec: 1790343148, tv_nsec: 957322664 }] native surface attachment {"allocation":1,"allocations_created":1,"extent":[1280,800],"format":"Bgra8UnormSrgb","gpu_retirement_qualified":false,"host":1,"owner":8,"payload_bytes":32768000,"queue_epoch":1,"samples":8,"state":"current_renderer_reference","window":"WindowId(31457284)"}
[SystemTime { tv_sec: 1790343148, tv_nsec: 957349759 }] renderer render end 1ms
[SystemTime { tv_sec: 1790343148, tv_nsec: 957375550 }] frame present begin
[SystemTime { tv_sec: 1790343148, tv_nsec: 957458438 }] native_surface_lifecycle {"acquire_attempts":43,"acquired":43,"active":0,"configuration_generation":1,"configure_attempts":1,"configured_extent":[1280,800],"discarded":0,"frame_submission_receipts_issued":54,"frame_submissions":43,"gpu_completed_through_receipt":53,"host":1,"last_frame_submission_receipt":54,"last_present_receipt":54,"presented":43,"queue_epoch":1,"reason":"present","wgpu_submission":"Some(SubmissionIndex { index: 54 })","window":"WindowId(31457284)"}
[SystemTime { tv_sec: 1790343148, tv_nsec: 957517292 }] frame present end 0ms total=2ms
[SystemTime { tv_sec: 1790343148, tv_nsec: 957558527 }] native redraw ledger {"attempts":66,"counts":{"coalesced":2,"duplicate_tokens":0,"presentations":43,"received":66,"requested":66,"suppressed":48},"damage":59,"device_generation":1,"host_generation":1,"pending":false,"presented_damage":59,"ready":false,"reason":"presented","rendering":null,"window":"WindowId(31457284)"}
[SystemTime { tv_sec: 1790343148, tv_nsec: 957586690 }] redraw handler end
[SystemTime { tv_sec: 1790343148, tv_nsec: 978346391 }] native queue progress epoch=1 submitted=54 completed=54
[SystemTime { tv_sec: 1790343148, tv_nsec: 978405412 }] native attachment ledger {"attachments":{"allocations":[{"allocation":1,"host":1,"last_submission":54,"owner":8,"payload_bytes":32768000,"release_reason":null}],"completed_retirements":8,"current_payload_bytes":32768000,"device_loss_confirmed":false,"device_loss_retirements":0,"observed_allocations":9,"peak_payload_bytes":54886400,"retiring_payload_bytes":0,"unknown_payload_allocations":0},"queue_epoch":1}
[SystemTime { tv_sec: 1790343149, tv_nsec: 62575921 }] window event WindowId(31457284) keyboard physical=Code(Enter) logical=Named(Enter) state=Pressed repeat=false text=Some("\r") synthetic=false
[SystemTime { tv_sec: 1790343149, tv_nsec: 63485847 }] window event WindowId(31457284) redraw requested
[SystemTime { tv_sec: 1790343149, tv_nsec: 70023398 }] surface identity window=WindowId(31457446) window_backend=x11 gpu_backend=Vulkan adapter="Intel(R) HD Graphics P630 (KBL GT2)" device_type=IntegratedGpu driver="Intel open-source Mesa driver" driver_info="Mesa 25.0.7-2+deb13u1"
[SystemTime { tv_sec: 1790343149, tv_nsec: 81183082 }] native frame round hosts=[WindowId(31457284)]
[SystemTime { tv_sec: 1790343149, tv_nsec: 81243785 }] redraw handler begin
[SystemTime { tv_sec: 1790343149, tv_nsec: 81310055 }] render scene prepare begin retained_cached=true
[SystemTime { tv_sec: 1790343149, tv_nsec: 81351545 }] prepared scene build begin
[SystemTime { tv_sec: 1790343149, tv_nsec: 81626033 }] native control_meshes window=WindowId(31457284) builds=1
[SystemTime { tv_sec: 1790343149, tv_nsec: 81672373 }] prepared scene build end 0ms
[SystemTime { tv_sec: 1790343149, tv_nsec: 81717791 }] renderer render begin
[SystemTime { tv_sec: 1790343149, tv_nsec: 83283738 }] native_surface_lifecycle {"acquire_attempts":44,"acquired":44,"active":1,"configuration_generation":1,"configure_attempts":1,"configured_extent":[1280,800],"discarded":0,"frame_submission_receipts_issued":55,"frame_submissions":44,"gpu_completed_through_receipt":54,"host":1,"last_frame_submission_receipt":55,"last_present_receipt":54,"presented":43,"queue_epoch":1,"reason":"submit","wgpu_submission":"Some(SubmissionIndex { index: 55 })","window":"WindowId(31457284)"}
[SystemTime { tv_sec: 1790343149, tv_nsec: 83441947 }] native upload frame window=WindowId(31457284) host=1 renderer=1 queue_epoch=1 surface_generation=1 acquisition=44 submission=55 receipt=Some(UploadFrame { consumers: {"MAIN", "BOARD", "LAYERS", "NAV", "INSPECTOR", "MENU", "TERMINAL"}, owner: 7, attempt: 45, rendered: Some(true), totals: UploadTotals { batches: 1, buffer_payload_bytes: 4384, texture_source_bytes: 0, texture_padding_bytes: 0, scatter_index_bytes: 4368, staging_capacity_bytes: 17488, buffer_copy_bytes: 8752, buffer_copies: 5, texture_copies: 0, scatter_dispatches: 1 } })
[SystemTime { tv_sec: 1790343149, tv_nsec: 83503665 }] native font ownership window=WindowId(31457284) usage=Usage { allocation: Usage { allocator_installed: true, owner_id: 3, label: "renderer-fonts-and-shapes", payload_bytes: 946894, tracking_bytes: 88976, allocations: 11120, peak_payload_bytes: 948099, owner_metadata_bytes: 96 }, returned_shape_bytes: 201096, private_bytes: Some(834774), fixed_font_bytes: Some(772070), cache_reserved_bytes: 62704, last_call: Some(Report { call_id: 5731, owner_id: 3, allocator_installed: true, host_initial_bytes: 416392, host_final_bytes: 416392, process_initial_bytes: 416392, process_final_bytes: 416392, initial_bytes: 62704, final_bytes: 63880, peak_bytes: 64029, host_peak_bytes: 416392, process_peak_bytes: 416392, exceeded: false }) } measurement=Some(Usage { allocation: Usage { allocator_installed: true, owner_id: 13, label: "text-measurement", payload_bytes: 734742, tracking_bytes: 84216, allocations: 10525, peak_payload_bytes: 748214, owner_metadata_bytes: 96 }, returned_shape_bytes: 0, private_bytes: Some(818958), fixed_font_bytes: Some(772070), cache_reserved_bytes: 46888, last_call: Some(Report { call_id: 4432, owner_id: 13, allocator_installed: true, host_initial_bytes: 336632, host_final_bytes: 336632, process_initial_bytes: 336632, process_final_bytes: 336632, initial_bytes: 46888, final_bytes: 46888, peak_bytes: 49248, host_peak_bytes: 336632, process_peak_bytes: 336632, exceeded: false }) }) process_registry_bytes=RegistryUsage { registry_heap_bytes: 136, scope_owner_bytes: 1152, call_slots_static_bytes: 9752 }
[SystemTime { tv_sec: 1790343149, tv_nsec: 83568503 }] native attachment ledger {"attachments":{"allocations":[{"allocation":1,"host":1,"last_submission":55,"owner":8,"payload_bytes":32768000,"release_reason":null}],"completed_retirements":8,"current_payload_bytes":32768000,"device_loss_confirmed":false,"device_loss_retirements":0,"observed_allocations":9,"peak_payload_bytes":54886400,"retiring_payload_bytes":0,"unknown_payload_allocations":0},"queue_epoch":1}
[SystemTime { tv_sec: 1790343149, tv_nsec: 83624982 }] native surface attachment {"allocation":1,"allocations_created":1,"extent":[1280,800],"format":"Bgra8UnormSrgb","gpu_retirement_qualified":false,"host":1,"owner":8,"payload_bytes":32768000,"queue_epoch":1,"samples":8,"state":"current_renderer_reference","window":"WindowId(31457284)"}
[SystemTime { tv_sec: 1790343149, tv_nsec: 83668560 }] renderer render end 1ms
[SystemTime { tv_sec: 1790343149, tv_nsec: 83711291 }] frame present begin
[SystemTime { tv_sec: 1790343149, tv_nsec: 83873482 }] native_surface_lifecycle {"acquire_attempts":44,"acquired":44,"active":0,"configuration_generation":1,"configure_attempts":1,"configured_extent":[1280,800],"discarded":0,"frame_submission_receipts_issued":55,"frame_submissions":44,"gpu_completed_through_receipt":54,"host":1,"last_frame_submission_receipt":55,"last_present_receipt":55,"presented":44,"queue_epoch":1,"reason":"present","wgpu_submission":"Some(SubmissionIndex { index: 55 })","window":"WindowId(31457284)"}
[SystemTime { tv_sec: 1790343149, tv_nsec: 83943546 }] frame present end 0ms total=2ms
[SystemTime { tv_sec: 1790343149, tv_nsec: 84008606 }] native redraw ledger {"attempts":67,"counts":{"coalesced":2,"duplicate_tokens":0,"presentations":44,"received":67,"requested":67,"suppressed":49},"damage":60,"device_generation":1,"host_generation":1,"pending":false,"presented_damage":60,"ready":false,"reason":"presented","rendering":null,"window":"WindowId(31457284)"}
[SystemTime { tv_sec: 1790343149, tv_nsec: 84063357 }] redraw handler end
[SystemTime { tv_sec: 1790343149, tv_nsec: 84380824 }] window event WindowId(31457446) ime Disabled
[SystemTime { tv_sec: 1790343149, tv_nsec: 84463636 }] window event WindowId(31457284) keyboard physical=Code(Enter) logical=Named(Enter) state=Released repeat=false text=Some("\r") synthetic=false
[SystemTime { tv_sec: 1790343149, tv_nsec: 85154382 }] window event WindowId(31457446) redraw requested
[SystemTime { tv_sec: 1790343149, tv_nsec: 85377870 }] native frame round hosts=[WindowId(31457446)]
[SystemTime { tv_sec: 1790343149, tv_nsec: 85477702 }] native_surface_lifecycle {"acquire_attempts":0,"acquired":0,"active":0,"configuration_generation":0,"configure_attempts":0,"configured_extent":null,"discarded":0,"frame_submission_receipts_issued":55,"frame_submissions":0,"gpu_completed_through_receipt":54,"host":10,"last_frame_submission_receipt":0,"last_present_receipt":0,"presented":0,"queue_epoch":1,"reason":"wait_queue","wgpu_submission":"None","window":"WindowId(31457446)"}
[SystemTime { tv_sec: 1790343149, tv_nsec: 85540355 }] native redraw ledger {"attempts":1,"counts":{"coalesced":0,"duplicate_tokens":0,"presentations":0,"received":1,"requested":1,"suppressed":0},"damage":2,"device_generation":1,"host_generation":10,"pending":false,"presented_damage":0,"ready":false,"reason":"not_presented","rendering":null,"window":"WindowId(31457446)"}
[SystemTime { tv_sec: 1790343149, tv_nsec: 91585175 }] window event WindowId(31457446) focused false
[SystemTime { tv_sec: 1790343149, tv_nsec: 91888060 }] window event WindowId(31457446) occluded false
[SystemTime { tv_sec: 1790343149, tv_nsec: 92200751 }] window event WindowId(31457446) redraw requested
[SystemTime { tv_sec: 1790343149, tv_nsec: 92474391 }] native frame round hosts=[WindowId(31457446)]
[SystemTime { tv_sec: 1790343149, tv_nsec: 92573980 }] native_surface_lifecycle {"acquire_attempts":0,"acquired":0,"active":0,"configuration_generation":0,"configure_attempts":0,"configured_extent":null,"discarded":0,"frame_submission_receipts_issued":55,"frame_submissions":0,"gpu_completed_through_receipt":54,"host":10,"last_frame_submission_receipt":0,"last_present_receipt":0,"presented":0,"queue_epoch":1,"reason":"wait_queue","wgpu_submission":"None","window":"WindowId(31457446)"}
[SystemTime { tv_sec: 1790343149, tv_nsec: 92635687 }] native redraw ledger {"attempts":2,"counts":{"coalesced":0,"duplicate_tokens":0,"presentations":0,"received":2,"requested":1,"suppressed":0},"damage":2,"device_generation":1,"host_generation":10,"pending":false,"presented_damage":0,"ready":false,"reason":"not_presented","rendering":null,"window":"WindowId(31457446)"}
[SystemTime { tv_sec: 1790343149, tv_nsec: 97335554 }] window event WindowId(31457284) modifiers changed ModifiersState(0x0)
[SystemTime { tv_sec: 1790343149, tv_nsec: 97827976 }] window event WindowId(31457284) focused false
[SystemTime { tv_sec: 1790343149, tv_nsec: 98205766 }] window event WindowId(31457446) focused true
[SystemTime { tv_sec: 1790343149, tv_nsec: 100985876 }] window event WindowId(31457446) modifiers changed ModifiersState(0x0)
[SystemTime { tv_sec: 1790343149, tv_nsec: 101068030 }] window event WindowId(31457446) cursor moved 429.00,170.00
[SystemTime { tv_sec: 1790343149, tv_nsec: 101138745 }] window event WindowId(31457446) occluded false
[SystemTime { tv_sec: 1790343149, tv_nsec: 101897578 }] window event WindowId(31457446) resized 760x720
[SystemTime { tv_sec: 1790343149, tv_nsec: 101985331 }] window event WindowId(31457446) redraw requested
[SystemTime { tv_sec: 1790343149, tv_nsec: 102056740 }] native frame round hosts=[WindowId(31457446)]
[SystemTime { tv_sec: 1790343149, tv_nsec: 102296831 }] surface configure begin
[SystemTime { tv_sec: 1790343149, tv_nsec: 114046890 }] surface configure end
[SystemTime { tv_sec: 1790343149, tv_nsec: 114079521 }] native queue configured host=10 configurations=10 submitted=55 completed=55
[SystemTime { tv_sec: 1790343149, tv_nsec: 114180524 }] native control_meshes window=WindowId(31457446) builds=8
[SystemTime { tv_sec: 1790343149, tv_nsec: 120042445 }] native_surface_lifecycle {"acquire_attempts":1,"acquired":1,"active":1,"configuration_generation":1,"configure_attempts":1,"configured_extent":[760,720],"discarded":0,"frame_submission_receipts_issued":56,"frame_submissions":1,"gpu_completed_through_receipt":55,"host":10,"last_frame_submission_receipt":56,"last_present_receipt":0,"presented":0,"queue_epoch":1,"reason":"submit","wgpu_submission":"Some(SubmissionIndex { index: 56 })","window":"WindowId(31457446)"}
[SystemTime { tv_sec: 1790343149, tv_nsec: 120091870 }] native upload frame window=WindowId(31457446) host=10 renderer=10 queue_epoch=1 surface_generation=1 acquisition=1 submission=56 receipt=Some(UploadFrame { consumers: {"NEW"}, owner: 234, attempt: 1, rendered: Some(true), totals: UploadTotals { batches: 1, buffer_payload_bytes: 38248, texture_source_bytes: 10266, texture_padding_bytes: 475622, scatter_index_bytes: 0, staging_capacity_bytes: 524136, buffer_copy_bytes: 38248, buffer_copies: 3, texture_copies: 266, scatter_dispatches: 0 } })
[SystemTime { tv_sec: 1790343149, tv_nsec: 120118794 }] native font ownership window=WindowId(31457446) usage=Usage { allocation: Usage { allocator_installed: true, owner_id: 52, label: "renderer-fonts-and-shapes", payload_bytes: 845046, tracking_bytes: 85808, allocations: 10724, peak_payload_bytes: 845160, owner_metadata_bytes: 96 }, returned_shape_bytes: 111896, private_bytes: Some(818958), fixed_font_bytes: Some(772070), cache_reserved_bytes: 46888, last_call: Some(Report { call_id: 6333, owner_id: 52, allocator_installed: true, host_initial_bytes: 235194, host_final_bytes: 235232, process_initial_bytes: 612618, process_final_bytes: 612656, initial_bytes: 46888, final_bytes: 46888, peak_bytes: 46888, host_peak_bytes: 235232, process_peak_bytes: 612656, exceeded: false }) } measurement=None process_registry_bytes=RegistryUsage { registry_heap_bytes: 136, scope_owner_bytes: 1152, call_slots_static_bytes: 9752 }
[SystemTime { tv_sec: 1790343149, tv_nsec: 120152957 }] native attachment ledger {"attachments":{"allocations":[{"allocation":1,"host":1,"last_submission":55,"owner":8,"payload_bytes":32768000,"release_reason":null},{"allocation":1,"host":10,"last_submission":56,"owner":235,"payload_bytes":17510400,"release_reason":null}],"completed_retirements":8,"current_payload_bytes":50278400,"device_loss_confirmed":false,"device_loss_retirements":0,"observed_allocations":10,"peak_payload_bytes":54886400,"retiring_payload_bytes":0,"unknown_payload_allocations":0},"queue_epoch":1}
[SystemTime { tv_sec: 1790343149, tv_nsec: 120178672 }] native surface attachment {"allocation":1,"allocations_created":1,"extent":[760,720],"format":"Bgra8UnormSrgb","gpu_retirement_qualified":false,"host":10,"owner":235,"payload_bytes":17510400,"queue_epoch":1,"samples":8,"state":"current_renderer_reference","window":"WindowId(31457446)"}
[SystemTime { tv_sec: 1790343149, tv_nsec: 120247045 }] native_surface_lifecycle {"acquire_attempts":1,"acquired":1,"active":0,"configuration_generation":1,"configure_attempts":1,"configured_extent":[760,720],"discarded":0,"frame_submission_receipts_issued":56,"frame_submissions":1,"gpu_completed_through_receipt":55,"host":10,"last_frame_submission_receipt":56,"last_present_receipt":56,"presented":1,"queue_epoch":1,"reason":"present","wgpu_submission":"Some(SubmissionIndex { index: 56 })","window":"WindowId(31457446)"}
[SystemTime { tv_sec: 1790343149, tv_nsec: 120277019 }] native redraw ledger {"attempts":3,"counts":{"coalesced":0,"duplicate_tokens":0,"presentations":1,"received":3,"requested":1,"suppressed":1},"damage":2,"device_generation":1,"host_generation":10,"pending":false,"presented_damage":2,"ready":false,"reason":"presented","rendering":null,"window":"WindowId(31457446)"}
[SystemTime { tv_sec: 1790343149, tv_nsec: 120572374 }] native queue progress epoch=1 submitted=56 completed=55
[SystemTime { tv_sec: 1790343149, tv_nsec: 120603308 }] native attachment ledger {"attachments":{"allocations":[{"allocation":1,"host":1,"last_submission":55,"owner":8,"payload_bytes":32768000,"release_reason":null},{"allocation":1,"host":10,"last_submission":56,"owner":235,"payload_bytes":17510400,"release_reason":null}],"completed_retirements":8,"current_payload_bytes":50278400,"device_loss_confirmed":false,"device_loss_retirements":0,"observed_allocations":10,"peak_payload_bytes":54886400,"retiring_payload_bytes":0,"unknown_payload_allocations":0},"queue_epoch":1}
[SystemTime { tv_sec: 1790343149, tv_nsec: 134075908 }] native queue progress epoch=1 submitted=56 completed=56
[SystemTime { tv_sec: 1790343149, tv_nsec: 134156242 }] native attachment ledger {"attachments":{"allocations":[{"allocation":1,"host":1,"last_submission":55,"owner":8,"payload_bytes":32768000,"release_reason":null},{"allocation":1,"host":10,"last_submission":56,"owner":235,"payload_bytes":17510400,"release_reason":null}],"completed_retirements":8,"current_payload_bytes":50278400,"device_loss_confirmed":false,"device_loss_retirements":0,"observed_allocations":10,"peak_payload_bytes":54886400,"retiring_payload_bytes":0,"unknown_payload_allocations":0},"queue_epoch":1}
[SystemTime { tv_sec: 1790343149, tv_nsec: 154696442 }] window event WindowId(31457446) keyboard physical=Code(Escape) logical=Named(Escape) state=Pressed repeat=false text=Some("\u{1b}") synthetic=false
[SystemTime { tv_sec: 1790343149, tv_nsec: 154793379 }] window event WindowId(31457446) redraw requested
[SystemTime { tv_sec: 1790343149, tv_nsec: 154819828 }] window event WindowId(31457284) redraw requested
[SystemTime { tv_sec: 1790343149, tv_nsec: 154892066 }] native redraw ledger {"attempts":3,"counts":{"coalesced":0,"duplicate_tokens":0,"presentations":1,"received":4,"requested":2,"suppressed":1},"damage":3,"device_generation":1,"host_generation":10,"pending":true,"presented_damage":2,"ready":true,"reason":"closed","rendering":null,"window":"WindowId(31457446)"}
[SystemTime { tv_sec: 1790343149, tv_nsec: 159914619 }] native_surface_lifecycle {"acquire_attempts":1,"acquired":1,"active":0,"configuration_generation":1,"configure_attempts":1,"configured_extent":[760,720],"discarded":0,"frame_submission_receipts_issued":56,"frame_submissions":1,"gpu_completed_through_receipt":56,"host":10,"last_frame_submission_receipt":56,"last_present_receipt":56,"presented":1,"queue_epoch":1,"reason":"owner_drop","wgpu_submission":"Some(SubmissionIndex { index: 56 })","window":"WindowId(31457446)"}
[SystemTime { tv_sec: 1790343149, tv_nsec: 159949891 }] native attachment ledger {"attachments":{"allocations":[{"allocation":1,"host":1,"last_submission":55,"owner":8,"payload_bytes":32768000,"release_reason":null}],"completed_retirements":9,"current_payload_bytes":32768000,"device_loss_confirmed":false,"device_loss_retirements":0,"observed_allocations":10,"peak_payload_bytes":54886400,"retiring_payload_bytes":0,"unknown_payload_allocations":0},"queue_epoch":1}
[SystemTime { tv_sec: 1790343149, tv_nsec: 160434771 }] native frame round hosts=[WindowId(31457284)]
[SystemTime { tv_sec: 1790343149, tv_nsec: 160457936 }] redraw handler begin
[SystemTime { tv_sec: 1790343149, tv_nsec: 160489687 }] render scene prepare begin retained_cached=true
[SystemTime { tv_sec: 1790343149, tv_nsec: 160509373 }] prepared scene build begin
[SystemTime { tv_sec: 1790343149, tv_nsec: 160823241 }] native control_meshes window=WindowId(31457284) builds=1
[SystemTime { tv_sec: 1790343149, tv_nsec: 160892276 }] prepared scene build end 0ms
[SystemTime { tv_sec: 1790343149, tv_nsec: 160923925 }] renderer render begin
[SystemTime { tv_sec: 1790343149, tv_nsec: 161883897 }] native_surface_lifecycle {"acquire_attempts":45,"acquired":45,"active":1,"configuration_generation":1,"configure_attempts":1,"configured_extent":[1280,800],"discarded":0,"frame_submission_receipts_issued":57,"frame_submissions":45,"gpu_completed_through_receipt":56,"host":1,"last_frame_submission_receipt":57,"last_present_receipt":55,"presented":44,"queue_epoch":1,"reason":"submit","wgpu_submission":"Some(SubmissionIndex { index: 57 })","window":"WindowId(31457284)"}
[SystemTime { tv_sec: 1790343149, tv_nsec: 161952831 }] native upload frame window=WindowId(31457284) host=1 renderer=1 queue_epoch=1 surface_generation=1 acquisition=45 submission=57 receipt=Some(UploadFrame { consumers: {"MAIN", "BOARD", "LAYERS", "NAV", "INSPECTOR", "MENU", "TERMINAL"}, owner: 7, attempt: 46, rendered: Some(true), totals: UploadTotals { batches: 1, buffer_payload_bytes: 12676, texture_source_bytes: 0, texture_padding_bytes: 0, scatter_index_bytes: 12604, staging_capacity_bytes: 50488, buffer_copy_bytes: 25280, buffer_copies: 19, texture_copies: 0, scatter_dispatches: 1 } })
[SystemTime { tv_sec: 1790343149, tv_nsec: 162000481 }] native font ownership window=WindowId(31457284) usage=Usage { allocation: Usage { allocator_installed: true, owner_id: 3, label: "renderer-fonts-and-shapes", payload_bytes: 947982, tracking_bytes: 89000, allocations: 11123, peak_payload_bytes: 948099, owner_metadata_bytes: 96 }, returned_shape_bytes: 202208, private_bytes: Some(834774), fixed_font_bytes: Some(772070), cache_reserved_bytes: 62704, last_call: Some(Report { call_id: 6334, owner_id: 3, allocator_installed: true, host_initial_bytes: 413584, host_final_bytes: 413584, process_initial_bytes: 413584, process_final_bytes: 413584, initial_bytes: 62704, final_bytes: 63816, peak_bytes: 63959, host_peak_bytes: 413584, process_peak_bytes: 413584, exceeded: false }) } measurement=Some(Usage { allocation: Usage { allocator_installed: true, owner_id: 13, label: "text-measurement", payload_bytes: 734742, tracking_bytes: 84216, allocations: 10525, peak_payload_bytes: 748214, owner_metadata_bytes: 96 }, returned_shape_bytes: 0, private_bytes: Some(818958), fixed_font_bytes: Some(772070), cache_reserved_bytes: 46888, last_call: Some(Report { call_id: 4432, owner_id: 13, allocator_installed: true, host_initial_bytes: 336632, host_final_bytes: 336632, process_initial_bytes: 336632, process_final_bytes: 336632, initial_bytes: 46888, final_bytes: 46888, peak_bytes: 49248, host_peak_bytes: 336632, process_peak_bytes: 336632, exceeded: false }) }) process_registry_bytes=RegistryUsage { registry_heap_bytes: 136, scope_owner_bytes: 1152, call_slots_static_bytes: 9752 }
[SystemTime { tv_sec: 1790343149, tv_nsec: 162039865 }] native attachment ledger {"attachments":{"allocations":[{"allocation":1,"host":1,"last_submission":57,"owner":8,"payload_bytes":32768000,"release_reason":null}],"completed_retirements":9,"current_payload_bytes":32768000,"device_loss_confirmed":false,"device_loss_retirements":0,"observed_allocations":10,"peak_payload_bytes":54886400,"retiring_payload_bytes":0,"unknown_payload_allocations":0},"queue_epoch":1}
[SystemTime { tv_sec: 1790343149, tv_nsec: 162073029 }] native surface attachment {"allocation":1,"allocations_created":1,"extent":[1280,800],"format":"Bgra8UnormSrgb","gpu_retirement_qualified":false,"host":1,"owner":8,"payload_bytes":32768000,"queue_epoch":1,"samples":8,"state":"current_renderer_reference","window":"WindowId(31457284)"}
[SystemTime { tv_sec: 1790343149, tv_nsec: 162095218 }] renderer render end 1ms
[SystemTime { tv_sec: 1790343149, tv_nsec: 162116678 }] frame present begin
[SystemTime { tv_sec: 1790343149, tv_nsec: 162207944 }] native_surface_lifecycle {"acquire_attempts":45,"acquired":45,"active":0,"configuration_generation":1,"configure_attempts":1,"configured_extent":[1280,800],"discarded":0,"frame_submission_receipts_issued":57,"frame_submissions":45,"gpu_completed_through_receipt":56,"host":1,"last_frame_submission_receipt":57,"last_present_receipt":57,"presented":45,"queue_epoch":1,"reason":"present","wgpu_submission":"Some(SubmissionIndex { index: 57 })","window":"WindowId(31457284)"}
[SystemTime { tv_sec: 1790343149, tv_nsec: 162236931 }] frame present end 0ms total=1ms
[SystemTime { tv_sec: 1790343149, tv_nsec: 162267843 }] native redraw ledger {"attempts":68,"counts":{"coalesced":2,"duplicate_tokens":0,"presentations":45,"received":68,"requested":68,"suppressed":50},"damage":61,"device_generation":1,"host_generation":1,"pending":false,"presented_damage":61,"ready":false,"reason":"presented","rendering":null,"window":"WindowId(31457284)"}
[SystemTime { tv_sec: 1790343149, tv_nsec: 162292868 }] redraw handler end
[SystemTime { tv_sec: 1790343149, tv_nsec: 162647382 }] window event WindowId(31457284) focused true
[SystemTime { tv_sec: 1790343149, tv_nsec: 163243039 }] window event WindowId(31457284) modifiers changed ModifiersState(0x0)
[SystemTime { tv_sec: 1790343149, tv_nsec: 163288337 }] window event WindowId(31457284) cursor moved 110.00,16.00
[SystemTime { tv_sec: 1790343149, tv_nsec: 163528490 }] window event WindowId(31457284) modifiers changed ModifiersState(0x0)
[SystemTime { tv_sec: 1790343149, tv_nsec: 163821179 }] window event WindowId(31457284) focused false
[SystemTime { tv_sec: 1790343149, tv_nsec: 164257313 }] window event WindowId(31457284) focused true
[SystemTime { tv_sec: 1790343149, tv_nsec: 164743035 }] window event WindowId(31457284) modifiers changed ModifiersState(0x0)
[SystemTime { tv_sec: 1790343149, tv_nsec: 164777824 }] window event WindowId(31457284) cursor moved 110.00,16.00
[SystemTime { tv_sec: 1790343149, tv_nsec: 165321318 }] window event WindowId(31457446) destroyed
[SystemTime { tv_sec: 1790343149, tv_nsec: 165368168 }] window event WindowId(31457284) keyboard physical=Code(Escape) logical=Named(Escape) state=Released repeat=false text=Some("\u{1b}") synthetic=false
[SystemTime { tv_sec: 1790343149, tv_nsec: 165393434 }] pan key physical=Code(Escape) logical=Named(Escape) state=Released repeat=false pointer_in_scene=false held=false consumed=false
[SystemTime { tv_sec: 1790343149, tv_nsec: 169703234 }] native queue progress epoch=1 submitted=57 completed=57
[SystemTime { tv_sec: 1790343149, tv_nsec: 169757156 }] native attachment ledger {"attachments":{"allocations":[{"allocation":1,"host":1,"last_submission":57,"owner":8,"payload_bytes":32768000,"release_reason":null}],"completed_retirements":9,"current_payload_bytes":32768000,"device_loss_confirmed":false,"device_loss_retirements":0,"observed_allocations":10,"peak_payload_bytes":54886400,"retiring_payload_bytes":0,"unknown_payload_allocations":0},"queue_epoch":1}
