signal time=1788730790.543394 sender=org.freedesktop.DBus -> destination=:1.0 serial=2 path=/org/freedesktop/DBus; interface=org.freedesktop.DBus; member=NameAcquired
   string ":1.0"
signal time=1788730790.543437 sender=org.freedesktop.DBus -> destination=:1.0 serial=4 path=/org/freedesktop/DBus; interface=org.freedesktop.DBus; member=NameLost
   string ":1.0"
signal time=1788730797.350054 sender=org.freedesktop.DBus -> destination=(null destination) serial=5 path=/org/freedesktop/DBus; interface=org.freedesktop.DBus; member=NameOwnerChanged
   string ":1.1"
   string ""
   string ":1.1"
signal time=1788730797.350097 sender=org.freedesktop.DBus -> destination=:1.1 serial=2 path=/org/freedesktop/DBus; interface=org.freedesktop.DBus; member=NameAcquired
   string ":1.1"
signal time=1788730797.359392 sender=org.freedesktop.DBus -> destination=(null destination) serial=6 path=/org/freedesktop/DBus; interface=org.freedesktop.DBus; member=NameOwnerChanged
   string ":1.2"
   string ""
   string ":1.2"
signal time=1788730797.359523 sender=org.freedesktop.DBus -> destination=:1.2 serial=2 path=/org/freedesktop/DBus; interface=org.freedesktop.DBus; member=NameAcquired
   string ":1.2"
signal time=1788730797.360158 sender=org.freedesktop.DBus -> destination=(null destination) serial=7 path=/org/freedesktop/DBus; interface=org.freedesktop.DBus; member=NameOwnerChanged
   string "org.a11y.atspi.Registry"
   string ""
   string ":1.2"
signal time=1788730797.360371 sender=org.freedesktop.DBus -> destination=:1.2 serial=3 path=/org/freedesktop/DBus; interface=org.freedesktop.DBus; member=NameAcquired
   string "org.a11y.atspi.Registry"
signal time=1788730797.362137 sender=:1.2 -> destination=(null destination) serial=4 path=/org/a11y/atspi/accessible/root; interface=org.a11y.atspi.Socket; member=Available
   struct {
      string "org.a11y.atspi.Registry"
      object path "/org/a11y/atspi/accessible/root"
   }
signal time=1788730797.367325 sender=:1.2 -> destination=(null destination) serial=5 path=/org/a11y/atspi/accessible/root; interface=org.a11y.atspi.Event.Object; member=ChildrenChanged
   string "add"
   int32 0
   int32 0
   variant       struct {
         string ":1.1"
         object path "/org/a11y/atspi/accessible/root"
      }
   array [
   ]
signal time=1788730797.368312 sender=:1.1 -> destination=(null destination) serial=4 path=/org/a11y/atspi/accessible/terminal; interface=org.a11y.atspi.Event.Object; member=TextChanged
   string "insert"
   int32 0
   int32 1403
   variant       string "bfadmin@debian3520:/tmp/datum-wdq-native-2i_z46e0/project$                                                                                                 
                                                                                                                                                           
                                                                                                                                                           
                                                                                                                                                           
                                                                                                                                                           
                                                                                                                                                           
                                                                                                                                                           
                                                                                                                                                           
                                                                                                                                                           "
   array [
   ]
signal time=1788730797.368670 sender=:1.1 -> destination=(null destination) serial=5 path=/org/a11y/atspi/accessible/terminal; interface=org.a11y.atspi.Event.Object; member=TextCaretMoved
   string ""
   int32 59
   int32 0
   variant       string ""
   array [
   ]
signal time=1788730797.368906 sender=:1.1 -> destination=(null destination) serial=6 path=/org/a11y/atspi/accessible/terminal; interface=org.a11y.atspi.Event.Object; member=StateChanged
   string "focused"
   int32 0
   int32 0
   variant       boolean false
   array [
   ]
signal time=1788730797.369195 sender=:1.1 -> destination=(null destination) serial=7 path=/org/a11y/atspi/accessible/terminal; interface=org.a11y.atspi.Event.Object; member=BoundsChanged
   string ""
   int32 0
   int32 0
   variant       struct {
         int32 24
         int32 574
         int32 1225
         int32 144
      }
   array [
   ]
signal time=1788730799.447244 sender=:1.1 -> destination=(null destination) serial=8 path=/org/a11y/atspi/accessible/root; interface=org.a11y.atspi.Event.Object; member=ChildrenChanged
   string "add"
   int32 1
   int32 0
   variant       struct {
         string ":1.1"
         object path "/org/a11y/atspi/accessible/menus/n6d656e753a48656c70"
      }
   array [
   ]
signal time=1788730799.447381 sender=:1.1 -> destination=(null destination) serial=9 path=/org/a11y/atspi/accessible/menus/n6d656e753a48656c70; interface=org.a11y.atspi.Event.Object; member=StateChanged
   string "focused"
   int32 0
   int32 0
   variant       boolean false
   array [
   ]
signal time=1788730799.447437 sender=:1.1 -> destination=(null destination) serial=10 path=/org/a11y/atspi/accessible/menus/n6d656e753a48656c70; interface=org.a11y.atspi.Event.Object; member=StateChanged
   string "enabled"
   int32 1
   int32 0
   variant       boolean true
   array [
   ]
signal time=1788730799.447492 sender=:1.1 -> destination=(null destination) serial=11 path=/org/a11y/atspi/accessible/menus/n6d656e753a48656c70; interface=org.a11y.atspi.Event.Object; member=StateChanged
   string "sensitive"
   int32 1
   int32 0
   variant       boolean true
   array [
   ]
signal time=1788730799.447545 sender=:1.1 -> destination=(null destination) serial=12 path=/org/a11y/atspi/accessible/menus/n6d656e753a48656c70; interface=org.a11y.atspi.Event.Object; member=ChildrenChanged
   string "add"
   int32 0
   int32 0
   variant       struct {
         string ":1.1"
         object path "/org/a11y/atspi/accessible/menus/n6d656e753a48656c702f68656c702e61626f7574"
      }
   array [
   ]
signal time=1788730799.447621 sender=:1.1 -> destination=(null destination) serial=13 path=/org/a11y/atspi/accessible/menus/n6d656e753a48656c702f68656c702e61626f7574; interface=org.a11y.atspi.Event.Object; member=StateChanged
   string "focused"
   int32 1
   int32 0
   variant       boolean true
   array [
   ]
signal time=1788730799.447674 sender=:1.1 -> destination=(null destination) serial=14 path=/org/a11y/atspi/accessible/menus/n6d656e753a48656c702f68656c702e61626f7574; interface=org.a11y.atspi.Event.Object; member=StateChanged
   string "enabled"
   int32 0
   int32 0
   variant       boolean false
   array [
   ]
signal time=1788730799.447727 sender=:1.1 -> destination=(null destination) serial=15 path=/org/a11y/atspi/accessible/menus/n6d656e753a48656c702f68656c702e61626f7574; interface=org.a11y.atspi.Event.Object; member=StateChanged
   string "sensitive"
   int32 0
   int32 0
   variant       boolean false
   array [
   ]
signal time=1788730799.447866 sender=:1.1 -> destination=(null destination) serial=16 path=/org/a11y/atspi/accessible/menus/n6d656e753a48656c70; interface=org.a11y.atspi.Event.Object; member=ChildrenChanged
   string "add"
   int32 1
   int32 0
   variant       struct {
         string ":1.1"
         object path "/org/a11y/atspi/accessible/menus/n6d656e753a48656c702f68656c702e646961676e6f7374696373"
      }
   array [
   ]
signal time=1788730799.447965 sender=:1.1 -> destination=(null destination) serial=17 path=/org/a11y/atspi/accessible/menus/n6d656e753a48656c702f68656c702e646961676e6f7374696373; interface=org.a11y.atspi.Event.Object; member=StateChanged
   string "focused"
   int32 0
   int32 0
   variant       boolean false
   array [
   ]
signal time=1788730799.448308 sender=:1.1 -> destination=(null destination) serial=18 path=/org/a11y/atspi/accessible/menus/n6d656e753a48656c702f68656c702e646961676e6f7374696373; interface=org.a11y.atspi.Event.Object; member=StateChanged
   string "enabled"
   int32 1
   int32 0
   variant       boolean true
   array [
   ]
signal time=1788730799.448389 sender=:1.1 -> destination=(null destination) serial=19 path=/org/a11y/atspi/accessible/menus/n6d656e753a48656c702f68656c702e646961676e6f7374696373; interface=org.a11y.atspi.Event.Object; member=StateChanged
   string "sensitive"
   int32 1
   int32 0
   variant       boolean true
   array [
   ]
signal time=1788730799.448459 sender=:1.1 -> destination=(null destination) serial=20 path=/org/a11y/atspi/accessible/menus/n6d656e753a48656c70; interface=org.a11y.atspi.Event.Object; member=ChildrenChanged
   string "add"
   int32 2
   int32 0
   variant       struct {
         string ":1.1"
         object path "/org/a11y/atspi/accessible/menus/n6d656e753a48656c702f68656c702e636f6d6d616e6473"
      }
   array [
   ]
signal time=1788730799.448563 sender=:1.1 -> destination=(null destination) serial=21 path=/org/a11y/atspi/accessible/menus/n6d656e753a48656c702f68656c702e636f6d6d616e6473; interface=org.a11y.atspi.Event.Object; member=StateChanged
   string "focused"
   int32 0
   int32 0
   variant       boolean false
   array [
   ]
signal time=1788730799.448632 sender=:1.1 -> destination=(null destination) serial=22 path=/org/a11y/atspi/accessible/menus/n6d656e753a48656c702f68656c702e636f6d6d616e6473; interface=org.a11y.atspi.Event.Object; member=StateChanged
   string "enabled"
   int32 1
   int32 0
   variant       boolean true
   array [
   ]
signal time=1788730799.448704 sender=:1.1 -> destination=(null destination) serial=23 path=/org/a11y/atspi/accessible/menus/n6d656e753a48656c702f68656c702e636f6d6d616e6473; interface=org.a11y.atspi.Event.Object; member=StateChanged
   string "sensitive"
   int32 1
   int32 0
   variant       boolean true
   array [
   ]
signal time=1788730801.158348 sender=org.freedesktop.DBus -> destination=(null destination) serial=5 path=/org/freedesktop/DBus; interface=org.freedesktop.DBus; member=NameOwnerChanged
   string ":1.3"
   string ""
   string ":1.3"
signal time=1788730801.158470 sender=org.freedesktop.DBus -> destination=:1.3 serial=2 path=/org/freedesktop/DBus; interface=org.freedesktop.DBus; member=NameAcquired
   string ":1.3"
signal time=1788730801.162511 sender=org.freedesktop.DBus -> destination=:1.3 serial=3 path=/org/freedesktop/DBus; interface=org.freedesktop.DBus; member=NameLost
   string ":1.3"
signal time=1788730801.162593 sender=org.freedesktop.DBus -> destination=(null destination) serial=6 path=/org/freedesktop/DBus; interface=org.freedesktop.DBus; member=NameOwnerChanged
   string ":1.3"
   string ":1.3"
   string ""
signal time=1788730801.163000 sender=:1.2 -> destination=(null destination) serial=10 path=/org/a11y/atspi/registry; interface=org.a11y.atspi.Registry; member=EventListenerDeregistered
   string ":1.3"
   string ""
signal time=1788730801.175568 sender=org.freedesktop.DBus -> destination=(null destination) serial=7 path=/org/freedesktop/DBus; interface=org.freedesktop.DBus; member=NameOwnerChanged
   string ":1.4"
   string ""
   string ":1.4"
signal time=1788730801.175663 sender=org.freedesktop.DBus -> destination=:1.4 serial=2 path=/org/freedesktop/DBus; interface=org.freedesktop.DBus; member=NameAcquired
   string ":1.4"
signal time=1788730801.179054 sender=org.freedesktop.DBus -> destination=:1.4 serial=5 path=/org/freedesktop/DBus; interface=org.freedesktop.DBus; member=NameLost
   string ":1.4"
signal time=1788730801.179119 sender=org.freedesktop.DBus -> destination=(null destination) serial=8 path=/org/freedesktop/DBus; interface=org.freedesktop.DBus; member=NameOwnerChanged
   string ":1.4"
   string ":1.4"
   string ""
signal time=1788730801.179292 sender=:1.2 -> destination=(null destination) serial=11 path=/org/a11y/atspi/registry; interface=org.a11y.atspi.Registry; member=EventListenerDeregistered
   string ":1.4"
   string ""
signal time=1788730801.190076 sender=org.freedesktop.DBus -> destination=(null destination) serial=9 path=/org/freedesktop/DBus; interface=org.freedesktop.DBus; member=NameOwnerChanged
   string ":1.5"
   string ""
   string ":1.5"
signal time=1788730801.190172 sender=org.freedesktop.DBus -> destination=:1.5 serial=2 path=/org/freedesktop/DBus; interface=org.freedesktop.DBus; member=NameAcquired
   string ":1.5"
signal time=1788730801.193138 sender=org.freedesktop.DBus -> destination=:1.5 serial=3 path=/org/freedesktop/DBus; interface=org.freedesktop.DBus; member=NameLost
   string ":1.5"
signal time=1788730801.193197 sender=org.freedesktop.DBus -> destination=(null destination) serial=10 path=/org/freedesktop/DBus; interface=org.freedesktop.DBus; member=NameOwnerChanged
   string ":1.5"
   string ":1.5"
   string ""
signal time=1788730801.193375 sender=:1.2 -> destination=(null destination) serial=12 path=/org/a11y/atspi/registry; interface=org.a11y.atspi.Registry; member=EventListenerDeregistered
   string ":1.5"
   string ""
signal time=1788730801.204990 sender=org.freedesktop.DBus -> destination=(null destination) serial=11 path=/org/freedesktop/DBus; interface=org.freedesktop.DBus; member=NameOwnerChanged
   string ":1.6"
   string ""
   string ":1.6"
signal time=1788730801.205054 sender=org.freedesktop.DBus -> destination=:1.6 serial=2 path=/org/freedesktop/DBus; interface=org.freedesktop.DBus; member=NameAcquired
   string ":1.6"
signal time=1788730801.207315 sender=org.freedesktop.DBus -> destination=:1.6 serial=3 path=/org/freedesktop/DBus; interface=org.freedesktop.DBus; member=NameLost
   string ":1.6"
signal time=1788730801.207348 sender=org.freedesktop.DBus -> destination=(null destination) serial=12 path=/org/freedesktop/DBus; interface=org.freedesktop.DBus; member=NameOwnerChanged
   string ":1.6"
   string ":1.6"
   string ""
signal time=1788730801.207417 sender=:1.2 -> destination=(null destination) serial=13 path=/org/a11y/atspi/registry; interface=org.a11y.atspi.Registry; member=EventListenerDeregistered
   string ":1.6"
   string ""
signal time=1788730801.213142 sender=org.freedesktop.DBus -> destination=(null destination) serial=13 path=/org/freedesktop/DBus; interface=org.freedesktop.DBus; member=NameOwnerChanged
   string ":1.7"
   string ""
   string ":1.7"
signal time=1788730801.213192 sender=org.freedesktop.DBus -> destination=:1.7 serial=2 path=/org/freedesktop/DBus; interface=org.freedesktop.DBus; member=NameAcquired
   string ":1.7"
signal time=1788730801.215222 sender=org.freedesktop.DBus -> destination=:1.7 serial=3 path=/org/freedesktop/DBus; interface=org.freedesktop.DBus; member=NameLost
   string ":1.7"
signal time=1788730801.215267 sender=org.freedesktop.DBus -> destination=(null destination) serial=14 path=/org/freedesktop/DBus; interface=org.freedesktop.DBus; member=NameOwnerChanged
   string ":1.7"
   string ":1.7"
   string ""
signal time=1788730801.215385 sender=:1.2 -> destination=(null destination) serial=14 path=/org/a11y/atspi/registry; interface=org.a11y.atspi.Registry; member=EventListenerDeregistered
   string ":1.7"
   string ""
signal time=1788730801.221810 sender=org.freedesktop.DBus -> destination=(null destination) serial=15 path=/org/freedesktop/DBus; interface=org.freedesktop.DBus; member=NameOwnerChanged
   string ":1.8"
   string ""
   string ":1.8"
signal time=1788730801.221861 sender=org.freedesktop.DBus -> destination=:1.8 serial=2 path=/org/freedesktop/DBus; interface=org.freedesktop.DBus; member=NameAcquired
   string ":1.8"
signal time=1788730801.223941 sender=org.freedesktop.DBus -> destination=:1.8 serial=3 path=/org/freedesktop/DBus; interface=org.freedesktop.DBus; member=NameLost
   string ":1.8"
signal time=1788730801.223969 sender=org.freedesktop.DBus -> destination=(null destination) serial=16 path=/org/freedesktop/DBus; interface=org.freedesktop.DBus; member=NameOwnerChanged
   string ":1.8"
   string ":1.8"
   string ""
signal time=1788730801.224083 sender=:1.2 -> destination=(null destination) serial=15 path=/org/a11y/atspi/registry; interface=org.a11y.atspi.Registry; member=EventListenerDeregistered
   string ":1.8"
   string ""
signal time=1788730801.230324 sender=org.freedesktop.DBus -> destination=(null destination) serial=17 path=/org/freedesktop/DBus; interface=org.freedesktop.DBus; member=NameOwnerChanged
   string ":1.9"
   string ""
   string ":1.9"
signal time=1788730801.230385 sender=org.freedesktop.DBus -> destination=:1.9 serial=2 path=/org/freedesktop/DBus; interface=org.freedesktop.DBus; member=NameAcquired
   string ":1.9"
signal time=1788730801.232724 sender=org.freedesktop.DBus -> destination=:1.9 serial=3 path=/org/freedesktop/DBus; interface=org.freedesktop.DBus; member=NameLost
   string ":1.9"
signal time=1788730801.232768 sender=org.freedesktop.DBus -> destination=(null destination) serial=18 path=/org/freedesktop/DBus; interface=org.freedesktop.DBus; member=NameOwnerChanged
   string ":1.9"
   string ":1.9"
   string ""
signal time=1788730801.232865 sender=:1.2 -> destination=(null destination) serial=16 path=/org/a11y/atspi/registry; interface=org.a11y.atspi.Registry; member=EventListenerDeregistered
   string ":1.9"
   string ""
signal time=1788730801.239634 sender=org.freedesktop.DBus -> destination=(null destination) serial=19 path=/org/freedesktop/DBus; interface=org.freedesktop.DBus; member=NameOwnerChanged
   string ":1.10"
   string ""
   string ":1.10"
signal time=1788730801.239684 sender=org.freedesktop.DBus -> destination=:1.10 serial=2 path=/org/freedesktop/DBus; interface=org.freedesktop.DBus; member=NameAcquired
   string ":1.10"
signal time=1788730801.241705 sender=org.freedesktop.DBus -> destination=:1.10 serial=3 path=/org/freedesktop/DBus; interface=org.freedesktop.DBus; member=NameLost
   string ":1.10"
signal time=1788730801.241739 sender=org.freedesktop.DBus -> destination=(null destination) serial=20 path=/org/freedesktop/DBus; interface=org.freedesktop.DBus; member=NameOwnerChanged
   string ":1.10"
   string ":1.10"
   string ""
signal time=1788730801.241962 sender=:1.2 -> destination=(null destination) serial=17 path=/org/a11y/atspi/registry; interface=org.a11y.atspi.Registry; member=EventListenerDeregistered
   string ":1.10"
   string ""
signal time=1788730801.247650 sender=org.freedesktop.DBus -> destination=(null destination) serial=21 path=/org/freedesktop/DBus; interface=org.freedesktop.DBus; member=NameOwnerChanged
   string ":1.11"
   string ""
   string ":1.11"
signal time=1788730801.247703 sender=org.freedesktop.DBus -> destination=:1.11 serial=2 path=/org/freedesktop/DBus; interface=org.freedesktop.DBus; member=NameAcquired
   string ":1.11"
signal time=1788730801.249960 sender=org.freedesktop.DBus -> destination=:1.11 serial=3 path=/org/freedesktop/DBus; interface=org.freedesktop.DBus; member=NameLost
   string ":1.11"
signal time=1788730801.250009 sender=org.freedesktop.DBus -> destination=(null destination) serial=22 path=/org/freedesktop/DBus; interface=org.freedesktop.DBus; member=NameOwnerChanged
   string ":1.11"
   string ":1.11"
   string ""
signal time=1788730801.250122 sender=:1.2 -> destination=(null destination) serial=18 path=/org/a11y/atspi/registry; interface=org.a11y.atspi.Registry; member=EventListenerDeregistered
   string ":1.11"
   string ""
signal time=1788730801.255760 sender=org.freedesktop.DBus -> destination=(null destination) serial=23 path=/org/freedesktop/DBus; interface=org.freedesktop.DBus; member=NameOwnerChanged
   string ":1.12"
   string ""
   string ":1.12"
signal time=1788730801.255815 sender=org.freedesktop.DBus -> destination=:1.12 serial=2 path=/org/freedesktop/DBus; interface=org.freedesktop.DBus; member=NameAcquired
   string ":1.12"
signal time=1788730801.257764 sender=org.freedesktop.DBus -> destination=:1.12 serial=3 path=/org/freedesktop/DBus; interface=org.freedesktop.DBus; member=NameLost
   string ":1.12"
signal time=1788730801.257795 sender=org.freedesktop.DBus -> destination=(null destination) serial=24 path=/org/freedesktop/DBus; interface=org.freedesktop.DBus; member=NameOwnerChanged
   string ":1.12"
   string ":1.12"
   string ""
signal time=1788730801.257861 sender=:1.2 -> destination=(null destination) serial=19 path=/org/a11y/atspi/registry; interface=org.a11y.atspi.Registry; member=EventListenerDeregistered
   string ":1.12"
   string ""
signal time=1788730801.263892 sender=org.freedesktop.DBus -> destination=(null destination) serial=25 path=/org/freedesktop/DBus; interface=org.freedesktop.DBus; member=NameOwnerChanged
   string ":1.13"
   string ""
   string ":1.13"
signal time=1788730801.263952 sender=org.freedesktop.DBus -> destination=:1.13 serial=2 path=/org/freedesktop/DBus; interface=org.freedesktop.DBus; member=NameAcquired
   string ":1.13"
signal time=1788730801.265717 sender=org.freedesktop.DBus -> destination=:1.13 serial=3 path=/org/freedesktop/DBus; interface=org.freedesktop.DBus; member=NameLost
   string ":1.13"
signal time=1788730801.265760 sender=org.freedesktop.DBus -> destination=(null destination) serial=26 path=/org/freedesktop/DBus; interface=org.freedesktop.DBus; member=NameOwnerChanged
   string ":1.13"
   string ":1.13"
   string ""
signal time=1788730801.265829 sender=:1.2 -> destination=(null destination) serial=20 path=/org/a11y/atspi/registry; interface=org.a11y.atspi.Registry; member=EventListenerDeregistered
   string ":1.13"
   string ""
signal time=1788730801.273404 sender=org.freedesktop.DBus -> destination=(null destination) serial=27 path=/org/freedesktop/DBus; interface=org.freedesktop.DBus; member=NameOwnerChanged
   string ":1.14"
   string ""
   string ":1.14"
signal time=1788730801.273441 sender=org.freedesktop.DBus -> destination=:1.14 serial=2 path=/org/freedesktop/DBus; interface=org.freedesktop.DBus; member=NameAcquired
   string ":1.14"
signal time=1788730801.275561 sender=org.freedesktop.DBus -> destination=:1.14 serial=3 path=/org/freedesktop/DBus; interface=org.freedesktop.DBus; member=NameLost
   string ":1.14"
signal time=1788730801.275597 sender=org.freedesktop.DBus -> destination=(null destination) serial=28 path=/org/freedesktop/DBus; interface=org.freedesktop.DBus; member=NameOwnerChanged
   string ":1.14"
   string ":1.14"
   string ""
signal time=1788730801.275771 sender=:1.2 -> destination=(null destination) serial=21 path=/org/a11y/atspi/registry; interface=org.a11y.atspi.Registry; member=EventListenerDeregistered
   string ":1.14"
   string ""
signal time=1788730801.281491 sender=org.freedesktop.DBus -> destination=(null destination) serial=29 path=/org/freedesktop/DBus; interface=org.freedesktop.DBus; member=NameOwnerChanged
   string ":1.15"
   string ""
   string ":1.15"
signal time=1788730801.281551 sender=org.freedesktop.DBus -> destination=:1.15 serial=2 path=/org/freedesktop/DBus; interface=org.freedesktop.DBus; member=NameAcquired
   string ":1.15"
signal time=1788730801.283579 sender=org.freedesktop.DBus -> destination=:1.15 serial=3 path=/org/freedesktop/DBus; interface=org.freedesktop.DBus; member=NameLost
   string ":1.15"
signal time=1788730801.283623 sender=org.freedesktop.DBus -> destination=(null destination) serial=30 path=/org/freedesktop/DBus; interface=org.freedesktop.DBus; member=NameOwnerChanged
   string ":1.15"
   string ":1.15"
   string ""
signal time=1788730801.283697 sender=:1.2 -> destination=(null destination) serial=22 path=/org/a11y/atspi/registry; interface=org.a11y.atspi.Registry; member=EventListenerDeregistered
   string ":1.15"
   string ""
signal time=1788730801.289640 sender=org.freedesktop.DBus -> destination=(null destination) serial=31 path=/org/freedesktop/DBus; interface=org.freedesktop.DBus; member=NameOwnerChanged
   string ":1.16"
   string ""
   string ":1.16"
signal time=1788730801.289682 sender=org.freedesktop.DBus -> destination=:1.16 serial=2 path=/org/freedesktop/DBus; interface=org.freedesktop.DBus; member=NameAcquired
   string ":1.16"
signal time=1788730801.291673 sender=org.freedesktop.DBus -> destination=:1.16 serial=3 path=/org/freedesktop/DBus; interface=org.freedesktop.DBus; member=NameLost
   string ":1.16"
signal time=1788730801.291706 sender=org.freedesktop.DBus -> destination=(null destination) serial=32 path=/org/freedesktop/DBus; interface=org.freedesktop.DBus; member=NameOwnerChanged
   string ":1.16"
   string ":1.16"
   string ""
signal time=1788730801.291780 sender=:1.2 -> destination=(null destination) serial=23 path=/org/a11y/atspi/registry; interface=org.a11y.atspi.Registry; member=EventListenerDeregistered
   string ":1.16"
   string ""
signal time=1788730801.298089 sender=org.freedesktop.DBus -> destination=(null destination) serial=33 path=/org/freedesktop/DBus; interface=org.freedesktop.DBus; member=NameOwnerChanged
   string ":1.17"
   string ""
   string ":1.17"
signal time=1788730801.298137 sender=org.freedesktop.DBus -> destination=:1.17 serial=2 path=/org/freedesktop/DBus; interface=org.freedesktop.DBus; member=NameAcquired
   string ":1.17"
signal time=1788730801.300190 sender=org.freedesktop.DBus -> destination=:1.17 serial=3 path=/org/freedesktop/DBus; interface=org.freedesktop.DBus; member=NameLost
   string ":1.17"
signal time=1788730801.300221 sender=org.freedesktop.DBus -> destination=(null destination) serial=34 path=/org/freedesktop/DBus; interface=org.freedesktop.DBus; member=NameOwnerChanged
   string ":1.17"
   string ":1.17"
   string ""
signal time=1788730801.300366 sender=:1.2 -> destination=(null destination) serial=24 path=/org/a11y/atspi/registry; interface=org.a11y.atspi.Registry; member=EventListenerDeregistered
   string ":1.17"
   string ""
signal time=1788730801.306276 sender=org.freedesktop.DBus -> destination=(null destination) serial=35 path=/org/freedesktop/DBus; interface=org.freedesktop.DBus; member=NameOwnerChanged
   string ":1.18"
   string ""
   string ":1.18"
signal time=1788730801.306323 sender=org.freedesktop.DBus -> destination=:1.18 serial=2 path=/org/freedesktop/DBus; interface=org.freedesktop.DBus; member=NameAcquired
   string ":1.18"
signal time=1788730801.308370 sender=org.freedesktop.DBus -> destination=:1.18 serial=3 path=/org/freedesktop/DBus; interface=org.freedesktop.DBus; member=NameLost
   string ":1.18"
signal time=1788730801.308398 sender=org.freedesktop.DBus -> destination=(null destination) serial=36 path=/org/freedesktop/DBus; interface=org.freedesktop.DBus; member=NameOwnerChanged
   string ":1.18"
   string ":1.18"
   string ""
signal time=1788730801.308532 sender=:1.2 -> destination=(null destination) serial=25 path=/org/a11y/atspi/registry; interface=org.a11y.atspi.Registry; member=EventListenerDeregistered
   string ":1.18"
   string ""
signal time=1788730801.314140 sender=org.freedesktop.DBus -> destination=(null destination) serial=37 path=/org/freedesktop/DBus; interface=org.freedesktop.DBus; member=NameOwnerChanged
   string ":1.19"
   string ""
   string ":1.19"
signal time=1788730801.314189 sender=org.freedesktop.DBus -> destination=:1.19 serial=2 path=/org/freedesktop/DBus; interface=org.freedesktop.DBus; member=NameAcquired
   string ":1.19"
signal time=1788730801.316494 sender=org.freedesktop.DBus -> destination=:1.19 serial=3 path=/org/freedesktop/DBus; interface=org.freedesktop.DBus; member=NameLost
   string ":1.19"
signal time=1788730801.316533 sender=org.freedesktop.DBus -> destination=(null destination) serial=38 path=/org/freedesktop/DBus; interface=org.freedesktop.DBus; member=NameOwnerChanged
   string ":1.19"
   string ":1.19"
   string ""
signal time=1788730801.316645 sender=:1.2 -> destination=(null destination) serial=26 path=/org/a11y/atspi/registry; interface=org.a11y.atspi.Registry; member=EventListenerDeregistered
   string ":1.19"
   string ""
signal time=1788730801.322557 sender=org.freedesktop.DBus -> destination=(null destination) serial=39 path=/org/freedesktop/DBus; interface=org.freedesktop.DBus; member=NameOwnerChanged
   string ":1.20"
   string ""
   string ":1.20"
signal time=1788730801.322604 sender=org.freedesktop.DBus -> destination=:1.20 serial=2 path=/org/freedesktop/DBus; interface=org.freedesktop.DBus; member=NameAcquired
   string ":1.20"
signal time=1788730801.324555 sender=org.freedesktop.DBus -> destination=:1.20 serial=3 path=/org/freedesktop/DBus; interface=org.freedesktop.DBus; member=NameLost
   string ":1.20"
signal time=1788730801.324595 sender=org.freedesktop.DBus -> destination=(null destination) serial=40 path=/org/freedesktop/DBus; interface=org.freedesktop.DBus; member=NameOwnerChanged
   string ":1.20"
   string ":1.20"
   string ""
signal time=1788730801.324769 sender=:1.2 -> destination=(null destination) serial=27 path=/org/a11y/atspi/registry; interface=org.a11y.atspi.Registry; member=EventListenerDeregistered
   string ":1.20"
   string ""
signal time=1788730801.331839 sender=org.freedesktop.DBus -> destination=(null destination) serial=41 path=/org/freedesktop/DBus; interface=org.freedesktop.DBus; member=NameOwnerChanged
   string ":1.21"
   string ""
   string ":1.21"
signal time=1788730801.331893 sender=org.freedesktop.DBus -> destination=:1.21 serial=2 path=/org/freedesktop/DBus; interface=org.freedesktop.DBus; member=NameAcquired
   string ":1.21"
signal time=1788730801.333531 sender=org.freedesktop.DBus -> destination=:1.21 serial=3 path=/org/freedesktop/DBus; interface=org.freedesktop.DBus; member=NameLost
   string ":1.21"
signal time=1788730801.333557 sender=org.freedesktop.DBus -> destination=(null destination) serial=42 path=/org/freedesktop/DBus; interface=org.freedesktop.DBus; member=NameOwnerChanged
   string ":1.21"
   string ":1.21"
   string ""
signal time=1788730801.333714 sender=:1.2 -> destination=(null destination) serial=28 path=/org/a11y/atspi/registry; interface=org.a11y.atspi.Registry; member=EventListenerDeregistered
   string ":1.21"
   string ""
signal time=1788730801.339738 sender=org.freedesktop.DBus -> destination=(null destination) serial=43 path=/org/freedesktop/DBus; interface=org.freedesktop.DBus; member=NameOwnerChanged
   string ":1.22"
   string ""
   string ":1.22"
signal time=1788730801.339780 sender=org.freedesktop.DBus -> destination=:1.22 serial=2 path=/org/freedesktop/DBus; interface=org.freedesktop.DBus; member=NameAcquired
   string ":1.22"
signal time=1788730801.341664 sender=org.freedesktop.DBus -> destination=:1.22 serial=3 path=/org/freedesktop/DBus; interface=org.freedesktop.DBus; member=NameLost
   string ":1.22"
signal time=1788730801.341700 sender=org.freedesktop.DBus -> destination=(null destination) serial=44 path=/org/freedesktop/DBus; interface=org.freedesktop.DBus; member=NameOwnerChanged
   string ":1.22"
   string ":1.22"
   string ""
signal time=1788730801.341942 sender=:1.2 -> destination=(null destination) serial=29 path=/org/a11y/atspi/registry; interface=org.a11y.atspi.Registry; member=EventListenerDeregistered
   string ":1.22"
   string ""
signal time=1788730801.748692 sender=org.freedesktop.DBus -> destination=(null destination) serial=45 path=/org/freedesktop/DBus; interface=org.freedesktop.DBus; member=NameOwnerChanged
   string ":1.23"
   string ""
   string ":1.23"
signal time=1788730801.748728 sender=org.freedesktop.DBus -> destination=:1.23 serial=2 path=/org/freedesktop/DBus; interface=org.freedesktop.DBus; member=NameAcquired
   string ":1.23"
signal time=1788730801.750686 sender=org.freedesktop.DBus -> destination=:1.23 serial=3 path=/org/freedesktop/DBus; interface=org.freedesktop.DBus; member=NameLost
   string ":1.23"
signal time=1788730801.750739 sender=org.freedesktop.DBus -> destination=(null destination) serial=46 path=/org/freedesktop/DBus; interface=org.freedesktop.DBus; member=NameOwnerChanged
   string ":1.23"
   string ":1.23"
   string ""
signal time=1788730801.750897 sender=:1.2 -> destination=(null destination) serial=32 path=/org/a11y/atspi/registry; interface=org.a11y.atspi.Registry; member=EventListenerDeregistered
   string ":1.23"
   string ""
signal time=1788730801.754797 sender=org.freedesktop.DBus -> destination=(null destination) serial=47 path=/org/freedesktop/DBus; interface=org.freedesktop.DBus; member=NameOwnerChanged
   string ":1.24"
   string ""
   string ":1.24"
signal time=1788730801.754849 sender=org.freedesktop.DBus -> destination=:1.24 serial=2 path=/org/freedesktop/DBus; interface=org.freedesktop.DBus; member=NameAcquired
   string ":1.24"
signal time=1788730801.756056 sender=org.freedesktop.DBus -> destination=:1.24 serial=5 path=/org/freedesktop/DBus; interface=org.freedesktop.DBus; member=NameLost
   string ":1.24"
signal time=1788730801.756078 sender=org.freedesktop.DBus -> destination=(null destination) serial=48 path=/org/freedesktop/DBus; interface=org.freedesktop.DBus; member=NameOwnerChanged
   string ":1.24"
   string ":1.24"
   string ""
signal time=1788730801.756240 sender=:1.2 -> destination=(null destination) serial=33 path=/org/a11y/atspi/registry; interface=org.a11y.atspi.Registry; member=EventListenerDeregistered
   string ":1.24"
   string ""
signal time=1788730801.760530 sender=org.freedesktop.DBus -> destination=(null destination) serial=49 path=/org/freedesktop/DBus; interface=org.freedesktop.DBus; member=NameOwnerChanged
   string ":1.25"
   string ""
   string ":1.25"
signal time=1788730801.760558 sender=org.freedesktop.DBus -> destination=:1.25 serial=2 path=/org/freedesktop/DBus; interface=org.freedesktop.DBus; member=NameAcquired
   string ":1.25"
signal time=1788730801.761706 sender=org.freedesktop.DBus -> destination=:1.25 serial=3 path=/org/freedesktop/DBus; interface=org.freedesktop.DBus; member=NameLost
   string ":1.25"
signal time=1788730801.761730 sender=org.freedesktop.DBus -> destination=(null destination) serial=50 path=/org/freedesktop/DBus; interface=org.freedesktop.DBus; member=NameOwnerChanged
   string ":1.25"
   string ":1.25"
   string ""
signal time=1788730801.761835 sender=:1.2 -> destination=(null destination) serial=34 path=/org/a11y/atspi/registry; interface=org.a11y.atspi.Registry; member=EventListenerDeregistered
   string ":1.25"
   string ""
signal time=1788730801.766990 sender=org.freedesktop.DBus -> destination=(null destination) serial=51 path=/org/freedesktop/DBus; interface=org.freedesktop.DBus; member=NameOwnerChanged
   string ":1.26"
   string ""
   string ":1.26"
signal time=1788730801.767022 sender=org.freedesktop.DBus -> destination=:1.26 serial=2 path=/org/freedesktop/DBus; interface=org.freedesktop.DBus; member=NameAcquired
   string ":1.26"
signal time=1788730801.768091 sender=org.freedesktop.DBus -> destination=:1.26 serial=3 path=/org/freedesktop/DBus; interface=org.freedesktop.DBus; member=NameLost
   string ":1.26"
signal time=1788730801.768112 sender=org.freedesktop.DBus -> destination=(null destination) serial=52 path=/org/freedesktop/DBus; interface=org.freedesktop.DBus; member=NameOwnerChanged
   string ":1.26"
   string ":1.26"
   string ""
signal time=1788730801.768204 sender=:1.2 -> destination=(null destination) serial=35 path=/org/a11y/atspi/registry; interface=org.a11y.atspi.Registry; member=EventListenerDeregistered
   string ":1.26"
   string ""
signal time=1788730801.772316 sender=org.freedesktop.DBus -> destination=(null destination) serial=53 path=/org/freedesktop/DBus; interface=org.freedesktop.DBus; member=NameOwnerChanged
   string ":1.27"
   string ""
   string ":1.27"
signal time=1788730801.772342 sender=org.freedesktop.DBus -> destination=:1.27 serial=2 path=/org/freedesktop/DBus; interface=org.freedesktop.DBus; member=NameAcquired
   string ":1.27"
signal time=1788730801.773639 sender=org.freedesktop.DBus -> destination=:1.27 serial=3 path=/org/freedesktop/DBus; interface=org.freedesktop.DBus; member=NameLost
   string ":1.27"
signal time=1788730801.773662 sender=org.freedesktop.DBus -> destination=(null destination) serial=54 path=/org/freedesktop/DBus; interface=org.freedesktop.DBus; member=NameOwnerChanged
   string ":1.27"
   string ":1.27"
   string ""
signal time=1788730801.773712 sender=:1.2 -> destination=(null destination) serial=36 path=/org/a11y/atspi/registry; interface=org.a11y.atspi.Registry; member=EventListenerDeregistered
   string ":1.27"
   string ""
signal time=1788730801.777224 sender=org.freedesktop.DBus -> destination=(null destination) serial=55 path=/org/freedesktop/DBus; interface=org.freedesktop.DBus; member=NameOwnerChanged
   string ":1.28"
   string ""
   string ":1.28"
signal time=1788730801.777250 sender=org.freedesktop.DBus -> destination=:1.28 serial=2 path=/org/freedesktop/DBus; interface=org.freedesktop.DBus; member=NameAcquired
   string ":1.28"
signal time=1788730801.778540 sender=org.freedesktop.DBus -> destination=:1.28 serial=3 path=/org/freedesktop/DBus; interface=org.freedesktop.DBus; member=NameLost
   string ":1.28"
signal time=1788730801.778564 sender=org.freedesktop.DBus -> destination=(null destination) serial=56 path=/org/freedesktop/DBus; interface=org.freedesktop.DBus; member=NameOwnerChanged
   string ":1.28"
   string ":1.28"
   string ""
signal time=1788730801.778739 sender=:1.2 -> destination=(null destination) serial=37 path=/org/a11y/atspi/registry; interface=org.a11y.atspi.Registry; member=EventListenerDeregistered
   string ":1.28"
   string ""
signal time=1788730801.783064 sender=org.freedesktop.DBus -> destination=(null destination) serial=57 path=/org/freedesktop/DBus; interface=org.freedesktop.DBus; member=NameOwnerChanged
   string ":1.29"
   string ""
   string ":1.29"
signal time=1788730801.783107 sender=org.freedesktop.DBus -> destination=:1.29 serial=2 path=/org/freedesktop/DBus; interface=org.freedesktop.DBus; member=NameAcquired
   string ":1.29"
signal time=1788730801.784202 sender=org.freedesktop.DBus -> destination=:1.29 serial=3 path=/org/freedesktop/DBus; interface=org.freedesktop.DBus; member=NameLost
   string ":1.29"
signal time=1788730801.784231 sender=org.freedesktop.DBus -> destination=(null destination) serial=58 path=/org/freedesktop/DBus; interface=org.freedesktop.DBus; member=NameOwnerChanged
   string ":1.29"
   string ":1.29"
   string ""
signal time=1788730801.784374 sender=:1.2 -> destination=(null destination) serial=38 path=/org/a11y/atspi/registry; interface=org.a11y.atspi.Registry; member=EventListenerDeregistered
   string ":1.29"
   string ""
signal time=1788730801.788232 sender=org.freedesktop.DBus -> destination=(null destination) serial=59 path=/org/freedesktop/DBus; interface=org.freedesktop.DBus; member=NameOwnerChanged
   string ":1.30"
   string ""
   string ":1.30"
signal time=1788730801.788271 sender=org.freedesktop.DBus -> destination=:1.30 serial=2 path=/org/freedesktop/DBus; interface=org.freedesktop.DBus; member=NameAcquired
   string ":1.30"
signal time=1788730801.789539 sender=org.freedesktop.DBus -> destination=:1.30 serial=3 path=/org/freedesktop/DBus; interface=org.freedesktop.DBus; member=NameLost
   string ":1.30"
signal time=1788730801.789562 sender=org.freedesktop.DBus -> destination=(null destination) serial=60 path=/org/freedesktop/DBus; interface=org.freedesktop.DBus; member=NameOwnerChanged
   string ":1.30"
   string ":1.30"
   string ""
signal time=1788730801.789704 sender=:1.2 -> destination=(null destination) serial=39 path=/org/a11y/atspi/registry; interface=org.a11y.atspi.Registry; member=EventListenerDeregistered
   string ":1.30"
   string ""
signal time=1788730801.793478 sender=org.freedesktop.DBus -> destination=(null destination) serial=61 path=/org/freedesktop/DBus; interface=org.freedesktop.DBus; member=NameOwnerChanged
   string ":1.31"
   string ""
   string ":1.31"
signal time=1788730801.793506 sender=org.freedesktop.DBus -> destination=:1.31 serial=2 path=/org/freedesktop/DBus; interface=org.freedesktop.DBus; member=NameAcquired
   string ":1.31"
signal time=1788730801.794914 sender=org.freedesktop.DBus -> destination=:1.31 serial=3 path=/org/freedesktop/DBus; interface=org.freedesktop.DBus; member=NameLost
   string ":1.31"
signal time=1788730801.794951 sender=org.freedesktop.DBus -> destination=(null destination) serial=62 path=/org/freedesktop/DBus; interface=org.freedesktop.DBus; member=NameOwnerChanged
   string ":1.31"
   string ":1.31"
   string ""
signal time=1788730801.795073 sender=:1.2 -> destination=(null destination) serial=40 path=/org/a11y/atspi/registry; interface=org.a11y.atspi.Registry; member=EventListenerDeregistered
   string ":1.31"
   string ""
signal time=1788730801.799807 sender=org.freedesktop.DBus -> destination=(null destination) serial=63 path=/org/freedesktop/DBus; interface=org.freedesktop.DBus; member=NameOwnerChanged
   string ":1.32"
   string ""
   string ":1.32"
signal time=1788730801.799855 sender=org.freedesktop.DBus -> destination=:1.32 serial=2 path=/org/freedesktop/DBus; interface=org.freedesktop.DBus; member=NameAcquired
   string ":1.32"
signal time=1788730801.801066 sender=org.freedesktop.DBus -> destination=:1.32 serial=3 path=/org/freedesktop/DBus; interface=org.freedesktop.DBus; member=NameLost
   string ":1.32"
signal time=1788730801.801087 sender=org.freedesktop.DBus -> destination=(null destination) serial=64 path=/org/freedesktop/DBus; interface=org.freedesktop.DBus; member=NameOwnerChanged
   string ":1.32"
   string ":1.32"
   string ""
signal time=1788730801.801160 sender=:1.2 -> destination=(null destination) serial=41 path=/org/a11y/atspi/registry; interface=org.a11y.atspi.Registry; member=EventListenerDeregistered
   string ":1.32"
   string ""
signal time=1788730801.805687 sender=org.freedesktop.DBus -> destination=(null destination) serial=65 path=/org/freedesktop/DBus; interface=org.freedesktop.DBus; member=NameOwnerChanged
   string ":1.33"
   string ""
   string ":1.33"
signal time=1788730801.805714 sender=org.freedesktop.DBus -> destination=:1.33 serial=2 path=/org/freedesktop/DBus; interface=org.freedesktop.DBus; member=NameAcquired
   string ":1.33"
signal time=1788730801.807133 sender=org.freedesktop.DBus -> destination=:1.33 serial=3 path=/org/freedesktop/DBus; interface=org.freedesktop.DBus; member=NameLost
   string ":1.33"
signal time=1788730801.807155 sender=org.freedesktop.DBus -> destination=(null destination) serial=66 path=/org/freedesktop/DBus; interface=org.freedesktop.DBus; member=NameOwnerChanged
   string ":1.33"
   string ":1.33"
   string ""
signal time=1788730801.807306 sender=:1.2 -> destination=(null destination) serial=42 path=/org/a11y/atspi/registry; interface=org.a11y.atspi.Registry; member=EventListenerDeregistered
   string ":1.33"
   string ""
signal time=1788730801.811313 sender=org.freedesktop.DBus -> destination=(null destination) serial=67 path=/org/freedesktop/DBus; interface=org.freedesktop.DBus; member=NameOwnerChanged
   string ":1.34"
   string ""
   string ":1.34"
signal time=1788730801.811346 sender=org.freedesktop.DBus -> destination=:1.34 serial=2 path=/org/freedesktop/DBus; interface=org.freedesktop.DBus; member=NameAcquired
   string ":1.34"
signal time=1788730801.812233 sender=org.freedesktop.DBus -> destination=:1.34 serial=3 path=/org/freedesktop/DBus; interface=org.freedesktop.DBus; member=NameLost
   string ":1.34"
signal time=1788730801.812251 sender=org.freedesktop.DBus -> destination=(null destination) serial=68 path=/org/freedesktop/DBus; interface=org.freedesktop.DBus; member=NameOwnerChanged
   string ":1.34"
   string ":1.34"
   string ""
signal time=1788730801.812363 sender=:1.2 -> destination=(null destination) serial=43 path=/org/a11y/atspi/registry; interface=org.a11y.atspi.Registry; member=EventListenerDeregistered
   string ":1.34"
   string ""
signal time=1788730801.817063 sender=org.freedesktop.DBus -> destination=(null destination) serial=69 path=/org/freedesktop/DBus; interface=org.freedesktop.DBus; member=NameOwnerChanged
   string ":1.35"
   string ""
   string ":1.35"
signal time=1788730801.817122 sender=org.freedesktop.DBus -> destination=:1.35 serial=2 path=/org/freedesktop/DBus; interface=org.freedesktop.DBus; member=NameAcquired
   string ":1.35"
signal time=1788730801.818831 sender=org.freedesktop.DBus -> destination=:1.35 serial=3 path=/org/freedesktop/DBus; interface=org.freedesktop.DBus; member=NameLost
   string ":1.35"
signal time=1788730801.818865 sender=org.freedesktop.DBus -> destination=(null destination) serial=70 path=/org/freedesktop/DBus; interface=org.freedesktop.DBus; member=NameOwnerChanged
   string ":1.35"
   string ":1.35"
   string ""
signal time=1788730801.818952 sender=:1.2 -> destination=(null destination) serial=44 path=/org/a11y/atspi/registry; interface=org.a11y.atspi.Registry; member=EventListenerDeregistered
   string ":1.35"
   string ""
signal time=1788730801.823054 sender=org.freedesktop.DBus -> destination=(null destination) serial=71 path=/org/freedesktop/DBus; interface=org.freedesktop.DBus; member=NameOwnerChanged
   string ":1.36"
   string ""
   string ":1.36"
signal time=1788730801.823094 sender=org.freedesktop.DBus -> destination=:1.36 serial=2 path=/org/freedesktop/DBus; interface=org.freedesktop.DBus; member=NameAcquired
   string ":1.36"
signal time=1788730801.824183 sender=org.freedesktop.DBus -> destination=:1.36 serial=3 path=/org/freedesktop/DBus; interface=org.freedesktop.DBus; member=NameLost
   string ":1.36"
signal time=1788730801.824200 sender=org.freedesktop.DBus -> destination=(null destination) serial=72 path=/org/freedesktop/DBus; interface=org.freedesktop.DBus; member=NameOwnerChanged
   string ":1.36"
   string ":1.36"
   string ""
signal time=1788730801.824312 sender=:1.2 -> destination=(null destination) serial=45 path=/org/a11y/atspi/registry; interface=org.a11y.atspi.Registry; member=EventListenerDeregistered
   string ":1.36"
   string ""
signal time=1788730801.828779 sender=org.freedesktop.DBus -> destination=(null destination) serial=73 path=/org/freedesktop/DBus; interface=org.freedesktop.DBus; member=NameOwnerChanged
   string ":1.37"
   string ""
   string ":1.37"
signal time=1788730801.828825 sender=org.freedesktop.DBus -> destination=:1.37 serial=2 path=/org/freedesktop/DBus; interface=org.freedesktop.DBus; member=NameAcquired
   string ":1.37"
signal time=1788730801.830209 sender=org.freedesktop.DBus -> destination=:1.37 serial=3 path=/org/freedesktop/DBus; interface=org.freedesktop.DBus; member=NameLost
   string ":1.37"
signal time=1788730801.830249 sender=org.freedesktop.DBus -> destination=(null destination) serial=74 path=/org/freedesktop/DBus; interface=org.freedesktop.DBus; member=NameOwnerChanged
   string ":1.37"
   string ":1.37"
   string ""
signal time=1788730801.830361 sender=:1.2 -> destination=(null destination) serial=46 path=/org/a11y/atspi/registry; interface=org.a11y.atspi.Registry; member=EventListenerDeregistered
   string ":1.37"
   string ""
signal time=1788730801.835424 sender=org.freedesktop.DBus -> destination=(null destination) serial=75 path=/org/freedesktop/DBus; interface=org.freedesktop.DBus; member=NameOwnerChanged
   string ":1.38"
   string ""
   string ":1.38"
signal time=1788730801.835463 sender=org.freedesktop.DBus -> destination=:1.38 serial=2 path=/org/freedesktop/DBus; interface=org.freedesktop.DBus; member=NameAcquired
   string ":1.38"
signal time=1788730801.836886 sender=org.freedesktop.DBus -> destination=:1.38 serial=3 path=/org/freedesktop/DBus; interface=org.freedesktop.DBus; member=NameLost
   string ":1.38"
signal time=1788730801.836906 sender=org.freedesktop.DBus -> destination=(null destination) serial=76 path=/org/freedesktop/DBus; interface=org.freedesktop.DBus; member=NameOwnerChanged
   string ":1.38"
   string ":1.38"
   string ""
signal time=1788730801.836984 sender=:1.2 -> destination=(null destination) serial=47 path=/org/a11y/atspi/registry; interface=org.a11y.atspi.Registry; member=EventListenerDeregistered
   string ":1.38"
   string ""
signal time=1788730801.840901 sender=org.freedesktop.DBus -> destination=(null destination) serial=77 path=/org/freedesktop/DBus; interface=org.freedesktop.DBus; member=NameOwnerChanged
   string ":1.39"
   string ""
   string ":1.39"
signal time=1788730801.840933 sender=org.freedesktop.DBus -> destination=:1.39 serial=2 path=/org/freedesktop/DBus; interface=org.freedesktop.DBus; member=NameAcquired
   string ":1.39"
signal time=1788730801.842148 sender=org.freedesktop.DBus -> destination=:1.39 serial=3 path=/org/freedesktop/DBus; interface=org.freedesktop.DBus; member=NameLost
   string ":1.39"
signal time=1788730801.842173 sender=org.freedesktop.DBus -> destination=(null destination) serial=78 path=/org/freedesktop/DBus; interface=org.freedesktop.DBus; member=NameOwnerChanged
   string ":1.39"
   string ":1.39"
   string ""
signal time=1788730801.842306 sender=:1.2 -> destination=(null destination) serial=48 path=/org/a11y/atspi/registry; interface=org.a11y.atspi.Registry; member=EventListenerDeregistered
   string ":1.39"
   string ""
signal time=1788730801.846655 sender=org.freedesktop.DBus -> destination=(null destination) serial=79 path=/org/freedesktop/DBus; interface=org.freedesktop.DBus; member=NameOwnerChanged
   string ":1.40"
   string ""
   string ":1.40"
signal time=1788730801.846697 sender=org.freedesktop.DBus -> destination=:1.40 serial=2 path=/org/freedesktop/DBus; interface=org.freedesktop.DBus; member=NameAcquired
   string ":1.40"
signal time=1788730801.848188 sender=org.freedesktop.DBus -> destination=:1.40 serial=3 path=/org/freedesktop/DBus; interface=org.freedesktop.DBus; member=NameLost
   string ":1.40"
signal time=1788730801.848219 sender=org.freedesktop.DBus -> destination=(null destination) serial=80 path=/org/freedesktop/DBus; interface=org.freedesktop.DBus; member=NameOwnerChanged
   string ":1.40"
   string ":1.40"
   string ""
signal time=1788730801.848349 sender=:1.2 -> destination=(null destination) serial=49 path=/org/a11y/atspi/registry; interface=org.a11y.atspi.Registry; member=EventListenerDeregistered
   string ":1.40"
   string ""
signal time=1788730801.852879 sender=org.freedesktop.DBus -> destination=(null destination) serial=81 path=/org/freedesktop/DBus; interface=org.freedesktop.DBus; member=NameOwnerChanged
   string ":1.41"
   string ""
   string ":1.41"
signal time=1788730801.852922 sender=org.freedesktop.DBus -> destination=:1.41 serial=2 path=/org/freedesktop/DBus; interface=org.freedesktop.DBus; member=NameAcquired
   string ":1.41"
signal time=1788730801.853995 sender=org.freedesktop.DBus -> destination=:1.41 serial=3 path=/org/freedesktop/DBus; interface=org.freedesktop.DBus; member=NameLost
   string ":1.41"
signal time=1788730801.854018 sender=org.freedesktop.DBus -> destination=(null destination) serial=82 path=/org/freedesktop/DBus; interface=org.freedesktop.DBus; member=NameOwnerChanged
   string ":1.41"
   string ":1.41"
   string ""
signal time=1788730801.854129 sender=:1.2 -> destination=(null destination) serial=50 path=/org/a11y/atspi/registry; interface=org.a11y.atspi.Registry; member=EventListenerDeregistered
   string ":1.41"
   string ""
signal time=1788730801.858336 sender=org.freedesktop.DBus -> destination=(null destination) serial=83 path=/org/freedesktop/DBus; interface=org.freedesktop.DBus; member=NameOwnerChanged
   string ":1.42"
   string ""
   string ":1.42"
signal time=1788730801.858365 sender=org.freedesktop.DBus -> destination=:1.42 serial=2 path=/org/freedesktop/DBus; interface=org.freedesktop.DBus; member=NameAcquired
   string ":1.42"
signal time=1788730801.859647 sender=org.freedesktop.DBus -> destination=:1.42 serial=3 path=/org/freedesktop/DBus; interface=org.freedesktop.DBus; member=NameLost
   string ":1.42"
signal time=1788730801.859667 sender=org.freedesktop.DBus -> destination=(null destination) serial=84 path=/org/freedesktop/DBus; interface=org.freedesktop.DBus; member=NameOwnerChanged
   string ":1.42"
   string ":1.42"
   string ""
signal time=1788730801.859783 sender=:1.2 -> destination=(null destination) serial=51 path=/org/a11y/atspi/registry; interface=org.a11y.atspi.Registry; member=EventListenerDeregistered
   string ":1.42"
   string ""
signal time=1788730802.179400 sender=:1.1 -> destination=(null destination) serial=96 path=/org/a11y/atspi/accessible/root; interface=org.a11y.atspi.Event.Object; member=Announcement
   string "Action refused. Error: Help / About Datum: About Datum is unavailable in this build."
   int32 1
   int32 0
   variant       string "Action refused. Error: Help / About Datum: About Datum is unavailable in this build."
   array [
   ]
signal time=1788730802.183112 sender=:1.1 -> destination=(null destination) serial=97 path=/org/a11y/atspi/accessible/menus/n6d656e753a48656c70; interface=org.a11y.atspi.Event.Object; member=ChildrenChanged
   string "remove"
   int32 2
   int32 0
   variant       struct {
         string ":1.1"
         object path "/org/a11y/atspi/accessible/menus/n6d656e753a48656c702f68656c702e636f6d6d616e6473"
      }
   array [
   ]
signal time=1788730802.183265 sender=:1.1 -> destination=(null destination) serial=98 path=/org/a11y/atspi/accessible/menus/n6d656e753a48656c70; interface=org.a11y.atspi.Event.Object; member=ChildrenChanged
   string "remove"
   int32 1
   int32 0
   variant       struct {
         string ":1.1"
         object path "/org/a11y/atspi/accessible/menus/n6d656e753a48656c702f68656c702e646961676e6f7374696373"
      }
   array [
   ]
signal time=1788730802.183389 sender=:1.1 -> destination=(null destination) serial=99 path=/org/a11y/atspi/accessible/menus/n6d656e753a48656c70; interface=org.a11y.atspi.Event.Object; member=ChildrenChanged
   string "remove"
   int32 0
   int32 0
   variant       struct {
         string ":1.1"
         object path "/org/a11y/atspi/accessible/menus/n6d656e753a48656c702f68656c702e61626f7574"
      }
   array [
   ]
signal time=1788730802.183483 sender=:1.1 -> destination=(null destination) serial=100 path=/org/a11y/atspi/accessible/root; interface=org.a11y.atspi.Event.Object; member=ChildrenChanged
   string "remove"
   int32 1
   int32 0
   variant       struct {
         string ":1.1"
         object path "/org/a11y/atspi/accessible/menus/n6d656e753a48656c70"
      }
   array [
   ]
signal time=1788730803.584005 sender=org.freedesktop.DBus -> destination=(null destination) serial=85 path=/org/freedesktop/DBus; interface=org.freedesktop.DBus; member=NameOwnerChanged
   string ":1.43"
   string ""
   string ":1.43"
signal time=1788730803.584119 sender=org.freedesktop.DBus -> destination=:1.43 serial=2 path=/org/freedesktop/DBus; interface=org.freedesktop.DBus; member=NameAcquired
   string ":1.43"
signal time=1788730803.588283 sender=org.freedesktop.DBus -> destination=:1.43 serial=3 path=/org/freedesktop/DBus; interface=org.freedesktop.DBus; member=NameLost
   string ":1.43"
signal time=1788730803.588363 sender=org.freedesktop.DBus -> destination=(null destination) serial=86 path=/org/freedesktop/DBus; interface=org.freedesktop.DBus; member=NameOwnerChanged
   string ":1.43"
   string ":1.43"
   string ""
signal time=1788730803.588558 sender=:1.2 -> destination=(null destination) serial=54 path=/org/a11y/atspi/registry; interface=org.a11y.atspi.Registry; member=EventListenerDeregistered
   string ":1.43"
   string ""
signal time=1788730803.600547 sender=org.freedesktop.DBus -> destination=(null destination) serial=87 path=/org/freedesktop/DBus; interface=org.freedesktop.DBus; member=NameOwnerChanged
   string ":1.44"
   string ""
   string ":1.44"
signal time=1788730803.600679 sender=org.freedesktop.DBus -> destination=:1.44 serial=2 path=/org/freedesktop/DBus; interface=org.freedesktop.DBus; member=NameAcquired
   string ":1.44"
signal time=1788730803.604342 sender=org.freedesktop.DBus -> destination=:1.44 serial=5 path=/org/freedesktop/DBus; interface=org.freedesktop.DBus; member=NameLost
   string ":1.44"
signal time=1788730803.604406 sender=org.freedesktop.DBus -> destination=(null destination) serial=88 path=/org/freedesktop/DBus; interface=org.freedesktop.DBus; member=NameOwnerChanged
   string ":1.44"
   string ":1.44"
   string ""
signal time=1788730803.604602 sender=:1.2 -> destination=(null destination) serial=55 path=/org/a11y/atspi/registry; interface=org.a11y.atspi.Registry; member=EventListenerDeregistered
   string ":1.44"
   string ""
signal time=1788730803.614027 sender=org.freedesktop.DBus -> destination=(null destination) serial=89 path=/org/freedesktop/DBus; interface=org.freedesktop.DBus; member=NameOwnerChanged
   string ":1.45"
   string ""
   string ":1.45"
signal time=1788730803.614101 sender=org.freedesktop.DBus -> destination=:1.45 serial=2 path=/org/freedesktop/DBus; interface=org.freedesktop.DBus; member=NameAcquired
   string ":1.45"
signal time=1788730803.617890 sender=org.freedesktop.DBus -> destination=:1.45 serial=3 path=/org/freedesktop/DBus; interface=org.freedesktop.DBus; member=NameLost
   string ":1.45"
signal time=1788730803.617953 sender=org.freedesktop.DBus -> destination=(null destination) serial=90 path=/org/freedesktop/DBus; interface=org.freedesktop.DBus; member=NameOwnerChanged
   string ":1.45"
   string ":1.45"
   string ""
signal time=1788730803.618143 sender=:1.2 -> destination=(null destination) serial=56 path=/org/a11y/atspi/registry; interface=org.a11y.atspi.Registry; member=EventListenerDeregistered
   string ":1.45"
   string ""
signal time=1788730803.627877 sender=org.freedesktop.DBus -> destination=(null destination) serial=91 path=/org/freedesktop/DBus; interface=org.freedesktop.DBus; member=NameOwnerChanged
   string ":1.46"
   string ""
   string ":1.46"
signal time=1788730803.627992 sender=org.freedesktop.DBus -> destination=:1.46 serial=2 path=/org/freedesktop/DBus; interface=org.freedesktop.DBus; member=NameAcquired
   string ":1.46"
signal time=1788730803.631770 sender=org.freedesktop.DBus -> destination=:1.46 serial=3 path=/org/freedesktop/DBus; interface=org.freedesktop.DBus; member=NameLost
   string ":1.46"
signal time=1788730803.631859 sender=org.freedesktop.DBus -> destination=(null destination) serial=92 path=/org/freedesktop/DBus; interface=org.freedesktop.DBus; member=NameOwnerChanged
   string ":1.46"
   string ":1.46"
   string ""
signal time=1788730803.632075 sender=:1.2 -> destination=(null destination) serial=57 path=/org/a11y/atspi/registry; interface=org.a11y.atspi.Registry; member=EventListenerDeregistered
   string ":1.46"
   string ""
signal time=1788730803.641746 sender=org.freedesktop.DBus -> destination=(null destination) serial=93 path=/org/freedesktop/DBus; interface=org.freedesktop.DBus; member=NameOwnerChanged
   string ":1.47"
   string ""
   string ":1.47"
signal time=1788730803.641826 sender=org.freedesktop.DBus -> destination=:1.47 serial=2 path=/org/freedesktop/DBus; interface=org.freedesktop.DBus; member=NameAcquired
   string ":1.47"
signal time=1788730803.645112 sender=org.freedesktop.DBus -> destination=:1.47 serial=3 path=/org/freedesktop/DBus; interface=org.freedesktop.DBus; member=NameLost
   string ":1.47"
signal time=1788730803.645156 sender=org.freedesktop.DBus -> destination=(null destination) serial=94 path=/org/freedesktop/DBus; interface=org.freedesktop.DBus; member=NameOwnerChanged
   string ":1.47"
   string ":1.47"
   string ""
signal time=1788730803.645365 sender=:1.2 -> destination=(null destination) serial=58 path=/org/a11y/atspi/registry; interface=org.a11y.atspi.Registry; member=EventListenerDeregistered
   string ":1.47"
   string ""
signal time=1788730803.655780 sender=org.freedesktop.DBus -> destination=(null destination) serial=95 path=/org/freedesktop/DBus; interface=org.freedesktop.DBus; member=NameOwnerChanged
   string ":1.48"
   string ""
   string ":1.48"
signal time=1788730803.655868 sender=org.freedesktop.DBus -> destination=:1.48 serial=2 path=/org/freedesktop/DBus; interface=org.freedesktop.DBus; member=NameAcquired
   string ":1.48"
signal time=1788730803.659584 sender=org.freedesktop.DBus -> destination=:1.48 serial=3 path=/org/freedesktop/DBus; interface=org.freedesktop.DBus; member=NameLost
   string ":1.48"
signal time=1788730803.659651 sender=org.freedesktop.DBus -> destination=(null destination) serial=96 path=/org/freedesktop/DBus; interface=org.freedesktop.DBus; member=NameOwnerChanged
   string ":1.48"
   string ":1.48"
   string ""
signal time=1788730803.659836 sender=:1.2 -> destination=(null destination) serial=59 path=/org/a11y/atspi/registry; interface=org.a11y.atspi.Registry; member=EventListenerDeregistered
   string ":1.48"
   string ""
signal time=1788730803.670534 sender=org.freedesktop.DBus -> destination=(null destination) serial=97 path=/org/freedesktop/DBus; interface=org.freedesktop.DBus; member=NameOwnerChanged
   string ":1.49"
   string ""
   string ":1.49"
signal time=1788730803.670621 sender=org.freedesktop.DBus -> destination=:1.49 serial=2 path=/org/freedesktop/DBus; interface=org.freedesktop.DBus; member=NameAcquired
   string ":1.49"
signal time=1788730803.672597 sender=org.freedesktop.DBus -> destination=:1.49 serial=3 path=/org/freedesktop/DBus; interface=org.freedesktop.DBus; member=NameLost
   string ":1.49"
signal time=1788730803.672635 sender=org.freedesktop.DBus -> destination=(null destination) serial=98 path=/org/freedesktop/DBus; interface=org.freedesktop.DBus; member=NameOwnerChanged
   string ":1.49"
   string ":1.49"
   string ""
signal time=1788730803.672801 sender=:1.2 -> destination=(null destination) serial=60 path=/org/a11y/atspi/registry; interface=org.a11y.atspi.Registry; member=EventListenerDeregistered
   string ":1.49"
   string ""
signal time=1788730803.679744 sender=org.freedesktop.DBus -> destination=(null destination) serial=99 path=/org/freedesktop/DBus; interface=org.freedesktop.DBus; member=NameOwnerChanged
   string ":1.50"
   string ""
   string ":1.50"
signal time=1788730803.679797 sender=org.freedesktop.DBus -> destination=:1.50 serial=2 path=/org/freedesktop/DBus; interface=org.freedesktop.DBus; member=NameAcquired
   string ":1.50"
signal time=1788730803.681165 sender=org.freedesktop.DBus -> destination=:1.50 serial=3 path=/org/freedesktop/DBus; interface=org.freedesktop.DBus; member=NameLost
   string ":1.50"
signal time=1788730803.681193 sender=org.freedesktop.DBus -> destination=(null destination) serial=100 path=/org/freedesktop/DBus; interface=org.freedesktop.DBus; member=NameOwnerChanged
   string ":1.50"
   string ":1.50"
   string ""
signal time=1788730803.681268 sender=:1.2 -> destination=(null destination) serial=61 path=/org/a11y/atspi/registry; interface=org.a11y.atspi.Registry; member=EventListenerDeregistered
   string ":1.50"
   string ""
signal time=1788730804.093373 sender=org.freedesktop.DBus -> destination=(null destination) serial=101 path=/org/freedesktop/DBus; interface=org.freedesktop.DBus; member=NameOwnerChanged
   string ":1.51"
   string ""
   string ":1.51"
signal time=1788730804.093400 sender=org.freedesktop.DBus -> destination=:1.51 serial=2 path=/org/freedesktop/DBus; interface=org.freedesktop.DBus; member=NameAcquired
   string ":1.51"
signal time=1788730804.095158 sender=org.freedesktop.DBus -> destination=:1.51 serial=3 path=/org/freedesktop/DBus; interface=org.freedesktop.DBus; member=NameLost
   string ":1.51"
signal time=1788730804.095183 sender=org.freedesktop.DBus -> destination=(null destination) serial=102 path=/org/freedesktop/DBus; interface=org.freedesktop.DBus; member=NameOwnerChanged
   string ":1.51"
   string ":1.51"
   string ""
signal time=1788730804.095340 sender=:1.2 -> destination=(null destination) serial=64 path=/org/a11y/atspi/registry; interface=org.a11y.atspi.Registry; member=EventListenerDeregistered
   string ":1.51"
   string ""
signal time=1788730804.100295 sender=org.freedesktop.DBus -> destination=(null destination) serial=103 path=/org/freedesktop/DBus; interface=org.freedesktop.DBus; member=NameOwnerChanged
   string ":1.52"
   string ""
   string ":1.52"
signal time=1788730804.100381 sender=org.freedesktop.DBus -> destination=:1.52 serial=2 path=/org/freedesktop/DBus; interface=org.freedesktop.DBus; member=NameAcquired
   string ":1.52"
signal time=1788730804.101552 sender=org.freedesktop.DBus -> destination=:1.52 serial=5 path=/org/freedesktop/DBus; interface=org.freedesktop.DBus; member=NameLost
   string ":1.52"
signal time=1788730804.101573 sender=org.freedesktop.DBus -> destination=(null destination) serial=104 path=/org/freedesktop/DBus; interface=org.freedesktop.DBus; member=NameOwnerChanged
   string ":1.52"
   string ":1.52"
   string ""
signal time=1788730804.101674 sender=:1.2 -> destination=(null destination) serial=65 path=/org/a11y/atspi/registry; interface=org.a11y.atspi.Registry; member=EventListenerDeregistered
   string ":1.52"
   string ""
signal time=1788730804.105557 sender=org.freedesktop.DBus -> destination=(null destination) serial=105 path=/org/freedesktop/DBus; interface=org.freedesktop.DBus; member=NameOwnerChanged
   string ":1.53"
   string ""
   string ":1.53"
signal time=1788730804.105577 sender=org.freedesktop.DBus -> destination=:1.53 serial=2 path=/org/freedesktop/DBus; interface=org.freedesktop.DBus; member=NameAcquired
   string ":1.53"
signal time=1788730804.106998 sender=org.freedesktop.DBus -> destination=:1.53 serial=3 path=/org/freedesktop/DBus; interface=org.freedesktop.DBus; member=NameLost
   string ":1.53"
signal time=1788730804.107026 sender=org.freedesktop.DBus -> destination=(null destination) serial=106 path=/org/freedesktop/DBus; interface=org.freedesktop.DBus; member=NameOwnerChanged
   string ":1.53"
   string ":1.53"
   string ""
signal time=1788730804.107128 sender=:1.2 -> destination=(null destination) serial=66 path=/org/a11y/atspi/registry; interface=org.a11y.atspi.Registry; member=EventListenerDeregistered
   string ":1.53"
   string ""
signal time=1788730804.110914 sender=org.freedesktop.DBus -> destination=(null destination) serial=107 path=/org/freedesktop/DBus; interface=org.freedesktop.DBus; member=NameOwnerChanged
   string ":1.54"
   string ""
   string ":1.54"
signal time=1788730804.110941 sender=org.freedesktop.DBus -> destination=:1.54 serial=2 path=/org/freedesktop/DBus; interface=org.freedesktop.DBus; member=NameAcquired
   string ":1.54"
signal time=1788730804.111926 sender=org.freedesktop.DBus -> destination=:1.54 serial=3 path=/org/freedesktop/DBus; interface=org.freedesktop.DBus; member=NameLost
   string ":1.54"
signal time=1788730804.111944 sender=org.freedesktop.DBus -> destination=(null destination) serial=108 path=/org/freedesktop/DBus; interface=org.freedesktop.DBus; member=NameOwnerChanged
   string ":1.54"
   string ":1.54"
   string ""
signal time=1788730804.112163 sender=:1.2 -> destination=(null destination) serial=67 path=/org/a11y/atspi/registry; interface=org.a11y.atspi.Registry; member=EventListenerDeregistered
   string ":1.54"
   string ""
signal time=1788730804.116790 sender=org.freedesktop.DBus -> destination=(null destination) serial=109 path=/org/freedesktop/DBus; interface=org.freedesktop.DBus; member=NameOwnerChanged
   string ":1.55"
   string ""
   string ":1.55"
signal time=1788730804.116886 sender=org.freedesktop.DBus -> destination=:1.55 serial=2 path=/org/freedesktop/DBus; interface=org.freedesktop.DBus; member=NameAcquired
   string ":1.55"
signal time=1788730804.118258 sender=org.freedesktop.DBus -> destination=:1.55 serial=3 path=/org/freedesktop/DBus; interface=org.freedesktop.DBus; member=NameLost
   string ":1.55"
signal time=1788730804.118331 sender=org.freedesktop.DBus -> destination=(null destination) serial=110 path=/org/freedesktop/DBus; interface=org.freedesktop.DBus; member=NameOwnerChanged
   string ":1.55"
   string ":1.55"
   string ""
signal time=1788730804.118427 sender=:1.2 -> destination=(null destination) serial=68 path=/org/a11y/atspi/registry; interface=org.a11y.atspi.Registry; member=EventListenerDeregistered
   string ":1.55"
   string ""
signal time=1788730804.122541 sender=org.freedesktop.DBus -> destination=(null destination) serial=111 path=/org/freedesktop/DBus; interface=org.freedesktop.DBus; member=NameOwnerChanged
   string ":1.56"
   string ""
   string ":1.56"
signal time=1788730804.122593 sender=org.freedesktop.DBus -> destination=:1.56 serial=2 path=/org/freedesktop/DBus; interface=org.freedesktop.DBus; member=NameAcquired
   string ":1.56"
signal time=1788730804.123586 sender=org.freedesktop.DBus -> destination=:1.56 serial=3 path=/org/freedesktop/DBus; interface=org.freedesktop.DBus; member=NameLost
   string ":1.56"
signal time=1788730804.123607 sender=org.freedesktop.DBus -> destination=(null destination) serial=112 path=/org/freedesktop/DBus; interface=org.freedesktop.DBus; member=NameOwnerChanged
   string ":1.56"
   string ":1.56"
   string ""
signal time=1788730804.123779 sender=:1.2 -> destination=(null destination) serial=69 path=/org/a11y/atspi/registry; interface=org.a11y.atspi.Registry; member=EventListenerDeregistered
   string ":1.56"
   string ""
signal time=1788730804.128060 sender=org.freedesktop.DBus -> destination=(null destination) serial=113 path=/org/freedesktop/DBus; interface=org.freedesktop.DBus; member=NameOwnerChanged
   string ":1.57"
   string ""
   string ":1.57"
signal time=1788730804.128101 sender=org.freedesktop.DBus -> destination=:1.57 serial=2 path=/org/freedesktop/DBus; interface=org.freedesktop.DBus; member=NameAcquired
   string ":1.57"
signal time=1788730804.129065 sender=org.freedesktop.DBus -> destination=:1.57 serial=3 path=/org/freedesktop/DBus; interface=org.freedesktop.DBus; member=NameLost
   string ":1.57"
signal time=1788730804.129102 sender=org.freedesktop.DBus -> destination=(null destination) serial=114 path=/org/freedesktop/DBus; interface=org.freedesktop.DBus; member=NameOwnerChanged
   string ":1.57"
   string ":1.57"
   string ""
signal time=1788730804.129208 sender=:1.2 -> destination=(null destination) serial=70 path=/org/a11y/atspi/registry; interface=org.a11y.atspi.Registry; member=EventListenerDeregistered
   string ":1.57"
   string ""
signal time=1788730804.134048 sender=org.freedesktop.DBus -> destination=(null destination) serial=115 path=/org/freedesktop/DBus; interface=org.freedesktop.DBus; member=NameOwnerChanged
   string ":1.58"
   string ""
   string ":1.58"
signal time=1788730804.134089 sender=org.freedesktop.DBus -> destination=:1.58 serial=2 path=/org/freedesktop/DBus; interface=org.freedesktop.DBus; member=NameAcquired
   string ":1.58"
signal time=1788730804.135248 sender=org.freedesktop.DBus -> destination=:1.58 serial=3 path=/org/freedesktop/DBus; interface=org.freedesktop.DBus; member=NameLost
   string ":1.58"
signal time=1788730804.135266 sender=org.freedesktop.DBus -> destination=(null destination) serial=116 path=/org/freedesktop/DBus; interface=org.freedesktop.DBus; member=NameOwnerChanged
   string ":1.58"
   string ":1.58"
   string ""
signal time=1788730804.135355 sender=:1.2 -> destination=(null destination) serial=71 path=/org/a11y/atspi/registry; interface=org.a11y.atspi.Registry; member=EventListenerDeregistered
   string ":1.58"
   string ""
signal time=1788730804.456691 sender=:1.1 -> destination=(null destination) serial=125 path=/org/a11y/atspi/accessible/root; interface=org.a11y.atspi.Event.Object; member=ChildrenChanged
   string "add"
   int32 1
   int32 0
   variant       struct {
         string ":1.1"
         object path "/org/a11y/atspi/accessible/menus/n6d656e753a48656c70"
      }
   array [
   ]
signal time=1788730804.456832 sender=:1.1 -> destination=(null destination) serial=126 path=/org/a11y/atspi/accessible/menus/n6d656e753a48656c70; interface=org.a11y.atspi.Event.Object; member=StateChanged
   string "focused"
   int32 0
   int32 0
   variant       boolean false
   array [
   ]
signal time=1788730804.456899 sender=:1.1 -> destination=(null destination) serial=127 path=/org/a11y/atspi/accessible/menus/n6d656e753a48656c70; interface=org.a11y.atspi.Event.Object; member=StateChanged
   string "enabled"
   int32 1
   int32 0
   variant       boolean true
   array [
   ]
signal time=1788730804.456939 sender=:1.1 -> destination=(null destination) serial=128 path=/org/a11y/atspi/accessible/menus/n6d656e753a48656c70; interface=org.a11y.atspi.Event.Object; member=StateChanged
   string "sensitive"
   int32 1
   int32 0
   variant       boolean true
   array [
   ]
signal time=1788730804.456977 sender=:1.1 -> destination=(null destination) serial=129 path=/org/a11y/atspi/accessible/menus/n6d656e753a48656c70; interface=org.a11y.atspi.Event.Object; member=ChildrenChanged
   string "add"
   int32 0
   int32 0
   variant       struct {
         string ":1.1"
         object path "/org/a11y/atspi/accessible/menus/n6d656e753a48656c702f68656c702e61626f7574"
      }
   array [
   ]
signal time=1788730804.457032 sender=:1.1 -> destination=(null destination) serial=130 path=/org/a11y/atspi/accessible/menus/n6d656e753a48656c702f68656c702e61626f7574; interface=org.a11y.atspi.Event.Object; member=StateChanged
   string "focused"
   int32 1
   int32 0
   variant       boolean true
   array [
   ]
signal time=1788730804.457071 sender=:1.1 -> destination=(null destination) serial=131 path=/org/a11y/atspi/accessible/menus/n6d656e753a48656c702f68656c702e61626f7574; interface=org.a11y.atspi.Event.Object; member=StateChanged
   string "enabled"
   int32 0
   int32 0
   variant       boolean false
   array [
   ]
signal time=1788730804.457138 sender=:1.1 -> destination=(null destination) serial=132 path=/org/a11y/atspi/accessible/menus/n6d656e753a48656c702f68656c702e61626f7574; interface=org.a11y.atspi.Event.Object; member=StateChanged
   string "sensitive"
   int32 0
   int32 0
   variant       boolean false
   array [
   ]
signal time=1788730804.457237 sender=:1.1 -> destination=(null destination) serial=133 path=/org/a11y/atspi/accessible/menus/n6d656e753a48656c70; interface=org.a11y.atspi.Event.Object; member=ChildrenChanged
   string "add"
   int32 1
   int32 0
   variant       struct {
         string ":1.1"
         object path "/org/a11y/atspi/accessible/menus/n6d656e753a48656c702f68656c702e646961676e6f7374696373"
      }
   array [
   ]
signal time=1788730804.457326 sender=:1.1 -> destination=(null destination) serial=134 path=/org/a11y/atspi/accessible/menus/n6d656e753a48656c702f68656c702e646961676e6f7374696373; interface=org.a11y.atspi.Event.Object; member=StateChanged
   string "focused"
   int32 0
   int32 0
   variant       boolean false
   array [
   ]
signal time=1788730804.457380 sender=:1.1 -> destination=(null destination) serial=135 path=/org/a11y/atspi/accessible/menus/n6d656e753a48656c702f68656c702e646961676e6f7374696373; interface=org.a11y.atspi.Event.Object; member=StateChanged
   string "enabled"
   int32 1
   int32 0
   variant       boolean true
   array [
   ]
signal time=1788730804.457645 sender=:1.1 -> destination=(null destination) serial=136 path=/org/a11y/atspi/accessible/menus/n6d656e753a48656c702f68656c702e646961676e6f7374696373; interface=org.a11y.atspi.Event.Object; member=StateChanged
   string "sensitive"
   int32 1
   int32 0
   variant       boolean true
   array [
   ]
signal time=1788730804.457701 sender=:1.1 -> destination=(null destination) serial=137 path=/org/a11y/atspi/accessible/menus/n6d656e753a48656c70; interface=org.a11y.atspi.Event.Object; member=ChildrenChanged
   string "add"
   int32 2
   int32 0
   variant       struct {
         string ":1.1"
         object path "/org/a11y/atspi/accessible/menus/n6d656e753a48656c702f68656c702e636f6d6d616e6473"
      }
   array [
   ]
signal time=1788730804.457757 sender=:1.1 -> destination=(null destination) serial=138 path=/org/a11y/atspi/accessible/menus/n6d656e753a48656c702f68656c702e636f6d6d616e6473; interface=org.a11y.atspi.Event.Object; member=StateChanged
   string "focused"
   int32 0
   int32 0
   variant       boolean false
   array [
   ]
signal time=1788730804.457796 sender=:1.1 -> destination=(null destination) serial=139 path=/org/a11y/atspi/accessible/menus/n6d656e753a48656c702f68656c702e636f6d6d616e6473; interface=org.a11y.atspi.Event.Object; member=StateChanged
   string "enabled"
   int32 1
   int32 0
   variant       boolean true
   array [
   ]
signal time=1788730804.457832 sender=:1.1 -> destination=(null destination) serial=140 path=/org/a11y/atspi/accessible/menus/n6d656e753a48656c702f68656c702e636f6d6d616e6473; interface=org.a11y.atspi.Event.Object; member=StateChanged
   string "sensitive"
   int32 1
   int32 0
   variant       boolean true
   array [
   ]
signal time=1788730805.857617 sender=org.freedesktop.DBus -> destination=(null destination) serial=117 path=/org/freedesktop/DBus; interface=org.freedesktop.DBus; member=NameOwnerChanged
   string ":1.59"
   string ""
   string ":1.59"
signal time=1788730805.857700 sender=org.freedesktop.DBus -> destination=:1.59 serial=2 path=/org/freedesktop/DBus; interface=org.freedesktop.DBus; member=NameAcquired
   string ":1.59"
signal time=1788730805.862141 sender=org.freedesktop.DBus -> destination=:1.59 serial=3 path=/org/freedesktop/DBus; interface=org.freedesktop.DBus; member=NameLost
   string ":1.59"
signal time=1788730805.862219 sender=org.freedesktop.DBus -> destination=(null destination) serial=118 path=/org/freedesktop/DBus; interface=org.freedesktop.DBus; member=NameOwnerChanged
   string ":1.59"
   string ":1.59"
   string ""
signal time=1788730805.862374 sender=:1.2 -> destination=(null destination) serial=74 path=/org/a11y/atspi/registry; interface=org.a11y.atspi.Registry; member=EventListenerDeregistered
   string ":1.59"
   string ""
signal time=1788730805.872757 sender=org.freedesktop.DBus -> destination=(null destination) serial=119 path=/org/freedesktop/DBus; interface=org.freedesktop.DBus; member=NameOwnerChanged
   string ":1.60"
   string ""
   string ":1.60"
signal time=1788730805.872843 sender=org.freedesktop.DBus -> destination=:1.60 serial=2 path=/org/freedesktop/DBus; interface=org.freedesktop.DBus; member=NameAcquired
   string ":1.60"
signal time=1788730805.876238 sender=org.freedesktop.DBus -> destination=:1.60 serial=5 path=/org/freedesktop/DBus; interface=org.freedesktop.DBus; member=NameLost
   string ":1.60"
signal time=1788730805.876294 sender=org.freedesktop.DBus -> destination=(null destination) serial=120 path=/org/freedesktop/DBus; interface=org.freedesktop.DBus; member=NameOwnerChanged
   string ":1.60"
   string ":1.60"
   string ""
signal time=1788730805.876469 sender=:1.2 -> destination=(null destination) serial=75 path=/org/a11y/atspi/registry; interface=org.a11y.atspi.Registry; member=EventListenerDeregistered
   string ":1.60"
   string ""
signal time=1788730805.886082 sender=org.freedesktop.DBus -> destination=(null destination) serial=121 path=/org/freedesktop/DBus; interface=org.freedesktop.DBus; member=NameOwnerChanged
   string ":1.61"
   string ""
   string ":1.61"
signal time=1788730805.886144 sender=org.freedesktop.DBus -> destination=:1.61 serial=2 path=/org/freedesktop/DBus; interface=org.freedesktop.DBus; member=NameAcquired
   string ":1.61"
signal time=1788730805.889016 sender=org.freedesktop.DBus -> destination=:1.61 serial=3 path=/org/freedesktop/DBus; interface=org.freedesktop.DBus; member=NameLost
   string ":1.61"
signal time=1788730805.889055 sender=org.freedesktop.DBus -> destination=(null destination) serial=122 path=/org/freedesktop/DBus; interface=org.freedesktop.DBus; member=NameOwnerChanged
   string ":1.61"
   string ":1.61"
   string ""
signal time=1788730805.889282 sender=:1.2 -> destination=(null destination) serial=76 path=/org/a11y/atspi/registry; interface=org.a11y.atspi.Registry; member=EventListenerDeregistered
   string ":1.61"
   string ""
signal time=1788730805.899185 sender=org.freedesktop.DBus -> destination=(null destination) serial=123 path=/org/freedesktop/DBus; interface=org.freedesktop.DBus; member=NameOwnerChanged
   string ":1.62"
   string ""
   string ":1.62"
signal time=1788730805.899236 sender=org.freedesktop.DBus -> destination=:1.62 serial=2 path=/org/freedesktop/DBus; interface=org.freedesktop.DBus; member=NameAcquired
   string ":1.62"
signal time=1788730805.901662 sender=org.freedesktop.DBus -> destination=:1.62 serial=3 path=/org/freedesktop/DBus; interface=org.freedesktop.DBus; member=NameLost
   string ":1.62"
signal time=1788730805.901696 sender=org.freedesktop.DBus -> destination=(null destination) serial=124 path=/org/freedesktop/DBus; interface=org.freedesktop.DBus; member=NameOwnerChanged
   string ":1.62"
   string ":1.62"
   string ""
signal time=1788730805.901837 sender=:1.2 -> destination=(null destination) serial=77 path=/org/a11y/atspi/registry; interface=org.a11y.atspi.Registry; member=EventListenerDeregistered
   string ":1.62"
   string ""
signal time=1788730805.908939 sender=org.freedesktop.DBus -> destination=(null destination) serial=125 path=/org/freedesktop/DBus; interface=org.freedesktop.DBus; member=NameOwnerChanged
   string ":1.63"
   string ""
   string ":1.63"
signal time=1788730805.908995 sender=org.freedesktop.DBus -> destination=:1.63 serial=2 path=/org/freedesktop/DBus; interface=org.freedesktop.DBus; member=NameAcquired
   string ":1.63"
signal time=1788730805.911255 sender=org.freedesktop.DBus -> destination=:1.63 serial=3 path=/org/freedesktop/DBus; interface=org.freedesktop.DBus; member=NameLost
   string ":1.63"
signal time=1788730805.911295 sender=org.freedesktop.DBus -> destination=(null destination) serial=126 path=/org/freedesktop/DBus; interface=org.freedesktop.DBus; member=NameOwnerChanged
   string ":1.63"
   string ":1.63"
   string ""
signal time=1788730805.911434 sender=:1.2 -> destination=(null destination) serial=78 path=/org/a11y/atspi/registry; interface=org.a11y.atspi.Registry; member=EventListenerDeregistered
   string ":1.63"
   string ""
signal time=1788730805.918263 sender=org.freedesktop.DBus -> destination=(null destination) serial=127 path=/org/freedesktop/DBus; interface=org.freedesktop.DBus; member=NameOwnerChanged
   string ":1.64"
   string ""
   string ":1.64"
signal time=1788730805.918327 sender=org.freedesktop.DBus -> destination=:1.64 serial=2 path=/org/freedesktop/DBus; interface=org.freedesktop.DBus; member=NameAcquired
   string ":1.64"
signal time=1788730805.920860 sender=org.freedesktop.DBus -> destination=:1.64 serial=3 path=/org/freedesktop/DBus; interface=org.freedesktop.DBus; member=NameLost
   string ":1.64"
signal time=1788730805.920890 sender=org.freedesktop.DBus -> destination=(null destination) serial=128 path=/org/freedesktop/DBus; interface=org.freedesktop.DBus; member=NameOwnerChanged
   string ":1.64"
   string ":1.64"
   string ""
signal time=1788730805.921094 sender=:1.2 -> destination=(null destination) serial=79 path=/org/a11y/atspi/registry; interface=org.a11y.atspi.Registry; member=EventListenerDeregistered
   string ":1.64"
   string ""
signal time=1788730805.927817 sender=org.freedesktop.DBus -> destination=(null destination) serial=129 path=/org/freedesktop/DBus; interface=org.freedesktop.DBus; member=NameOwnerChanged
   string ":1.65"
   string ""
   string ":1.65"
signal time=1788730805.927867 sender=org.freedesktop.DBus -> destination=:1.65 serial=2 path=/org/freedesktop/DBus; interface=org.freedesktop.DBus; member=NameAcquired
   string ":1.65"
signal time=1788730805.929975 sender=org.freedesktop.DBus -> destination=:1.65 serial=3 path=/org/freedesktop/DBus; interface=org.freedesktop.DBus; member=NameLost
   string ":1.65"
signal time=1788730805.930024 sender=org.freedesktop.DBus -> destination=(null destination) serial=130 path=/org/freedesktop/DBus; interface=org.freedesktop.DBus; member=NameOwnerChanged
   string ":1.65"
   string ":1.65"
   string ""
signal time=1788730805.930251 sender=:1.2 -> destination=(null destination) serial=80 path=/org/a11y/atspi/registry; interface=org.a11y.atspi.Registry; member=EventListenerDeregistered
   string ":1.65"
   string ""
signal time=1788730805.938231 sender=org.freedesktop.DBus -> destination=(null destination) serial=131 path=/org/freedesktop/DBus; interface=org.freedesktop.DBus; member=NameOwnerChanged
   string ":1.66"
   string ""
   string ":1.66"
signal time=1788730805.938297 sender=org.freedesktop.DBus -> destination=:1.66 serial=2 path=/org/freedesktop/DBus; interface=org.freedesktop.DBus; member=NameAcquired
   string ":1.66"
signal time=1788730805.940128 sender=org.freedesktop.DBus -> destination=:1.66 serial=3 path=/org/freedesktop/DBus; interface=org.freedesktop.DBus; member=NameLost
   string ":1.66"
signal time=1788730805.940157 sender=org.freedesktop.DBus -> destination=(null destination) serial=132 path=/org/freedesktop/DBus; interface=org.freedesktop.DBus; member=NameOwnerChanged
   string ":1.66"
   string ":1.66"
   string ""
signal time=1788730805.940420 sender=:1.2 -> destination=(null destination) serial=81 path=/org/a11y/atspi/registry; interface=org.a11y.atspi.Registry; member=EventListenerDeregistered
   string ":1.66"
   string ""
signal time=1788730805.949084 sender=org.freedesktop.DBus -> destination=(null destination) serial=133 path=/org/freedesktop/DBus; interface=org.freedesktop.DBus; member=NameOwnerChanged
   string ":1.67"
   string ""
   string ":1.67"
signal time=1788730805.949136 sender=org.freedesktop.DBus -> destination=:1.67 serial=2 path=/org/freedesktop/DBus; interface=org.freedesktop.DBus; member=NameAcquired
   string ":1.67"
signal time=1788730805.951352 sender=org.freedesktop.DBus -> destination=:1.67 serial=3 path=/org/freedesktop/DBus; interface=org.freedesktop.DBus; member=NameLost
   string ":1.67"
signal time=1788730805.951398 sender=org.freedesktop.DBus -> destination=(null destination) serial=134 path=/org/freedesktop/DBus; interface=org.freedesktop.DBus; member=NameOwnerChanged
   string ":1.67"
   string ":1.67"
   string ""
signal time=1788730805.951541 sender=:1.2 -> destination=(null destination) serial=82 path=/org/a11y/atspi/registry; interface=org.a11y.atspi.Registry; member=EventListenerDeregistered
   string ":1.67"
   string ""
signal time=1788730805.959145 sender=org.freedesktop.DBus -> destination=(null destination) serial=135 path=/org/freedesktop/DBus; interface=org.freedesktop.DBus; member=NameOwnerChanged
   string ":1.68"
   string ""
   string ":1.68"
signal time=1788730805.959201 sender=org.freedesktop.DBus -> destination=:1.68 serial=2 path=/org/freedesktop/DBus; interface=org.freedesktop.DBus; member=NameAcquired
   string ":1.68"
signal time=1788730805.961354 sender=org.freedesktop.DBus -> destination=:1.68 serial=3 path=/org/freedesktop/DBus; interface=org.freedesktop.DBus; member=NameLost
   string ":1.68"
signal time=1788730805.961391 sender=org.freedesktop.DBus -> destination=(null destination) serial=136 path=/org/freedesktop/DBus; interface=org.freedesktop.DBus; member=NameOwnerChanged
   string ":1.68"
   string ":1.68"
   string ""
signal time=1788730805.961561 sender=:1.2 -> destination=(null destination) serial=83 path=/org/a11y/atspi/registry; interface=org.a11y.atspi.Registry; member=EventListenerDeregistered
   string ":1.68"
   string ""
signal time=1788730805.969055 sender=org.freedesktop.DBus -> destination=(null destination) serial=137 path=/org/freedesktop/DBus; interface=org.freedesktop.DBus; member=NameOwnerChanged
   string ":1.69"
   string ""
   string ":1.69"
signal time=1788730805.969115 sender=org.freedesktop.DBus -> destination=:1.69 serial=2 path=/org/freedesktop/DBus; interface=org.freedesktop.DBus; member=NameAcquired
   string ":1.69"
signal time=1788730805.971600 sender=org.freedesktop.DBus -> destination=:1.69 serial=3 path=/org/freedesktop/DBus; interface=org.freedesktop.DBus; member=NameLost
   string ":1.69"
signal time=1788730805.971645 sender=org.freedesktop.DBus -> destination=(null destination) serial=138 path=/org/freedesktop/DBus; interface=org.freedesktop.DBus; member=NameOwnerChanged
   string ":1.69"
   string ":1.69"
   string ""
signal time=1788730805.971856 sender=:1.2 -> destination=(null destination) serial=84 path=/org/a11y/atspi/registry; interface=org.a11y.atspi.Registry; member=EventListenerDeregistered
   string ":1.69"
   string ""
signal time=1788730805.978877 sender=org.freedesktop.DBus -> destination=(null destination) serial=139 path=/org/freedesktop/DBus; interface=org.freedesktop.DBus; member=NameOwnerChanged
   string ":1.70"
   string ""
   string ":1.70"
signal time=1788730805.978929 sender=org.freedesktop.DBus -> destination=:1.70 serial=2 path=/org/freedesktop/DBus; interface=org.freedesktop.DBus; member=NameAcquired
   string ":1.70"
signal time=1788730805.981428 sender=org.freedesktop.DBus -> destination=:1.70 serial=3 path=/org/freedesktop/DBus; interface=org.freedesktop.DBus; member=NameLost
   string ":1.70"
signal time=1788730805.981467 sender=org.freedesktop.DBus -> destination=(null destination) serial=140 path=/org/freedesktop/DBus; interface=org.freedesktop.DBus; member=NameOwnerChanged
   string ":1.70"
   string ":1.70"
   string ""
signal time=1788730805.981557 sender=:1.2 -> destination=(null destination) serial=85 path=/org/a11y/atspi/registry; interface=org.a11y.atspi.Registry; member=EventListenerDeregistered
   string ":1.70"
   string ""
signal time=1788730805.988547 sender=org.freedesktop.DBus -> destination=(null destination) serial=141 path=/org/freedesktop/DBus; interface=org.freedesktop.DBus; member=NameOwnerChanged
   string ":1.71"
   string ""
   string ":1.71"
signal time=1788730805.988602 sender=org.freedesktop.DBus -> destination=:1.71 serial=2 path=/org/freedesktop/DBus; interface=org.freedesktop.DBus; member=NameAcquired
   string ":1.71"
signal time=1788730805.991097 sender=org.freedesktop.DBus -> destination=:1.71 serial=3 path=/org/freedesktop/DBus; interface=org.freedesktop.DBus; member=NameLost
   string ":1.71"
signal time=1788730805.991141 sender=org.freedesktop.DBus -> destination=(null destination) serial=142 path=/org/freedesktop/DBus; interface=org.freedesktop.DBus; member=NameOwnerChanged
   string ":1.71"
   string ":1.71"
   string ""
signal time=1788730805.991278 sender=:1.2 -> destination=(null destination) serial=86 path=/org/a11y/atspi/registry; interface=org.a11y.atspi.Registry; member=EventListenerDeregistered
   string ":1.71"
   string ""
signal time=1788730805.998228 sender=org.freedesktop.DBus -> destination=(null destination) serial=143 path=/org/freedesktop/DBus; interface=org.freedesktop.DBus; member=NameOwnerChanged
   string ":1.72"
   string ""
   string ":1.72"
signal time=1788730805.998286 sender=org.freedesktop.DBus -> destination=:1.72 serial=2 path=/org/freedesktop/DBus; interface=org.freedesktop.DBus; member=NameAcquired
   string ":1.72"
signal time=1788730806.000752 sender=org.freedesktop.DBus -> destination=:1.72 serial=3 path=/org/freedesktop/DBus; interface=org.freedesktop.DBus; member=NameLost
   string ":1.72"
signal time=1788730806.000788 sender=org.freedesktop.DBus -> destination=(null destination) serial=144 path=/org/freedesktop/DBus; interface=org.freedesktop.DBus; member=NameOwnerChanged
   string ":1.72"
   string ":1.72"
   string ""
signal time=1788730806.000918 sender=:1.2 -> destination=(null destination) serial=87 path=/org/a11y/atspi/registry; interface=org.a11y.atspi.Registry; member=EventListenerDeregistered
   string ":1.72"
   string ""
signal time=1788730806.007912 sender=org.freedesktop.DBus -> destination=(null destination) serial=145 path=/org/freedesktop/DBus; interface=org.freedesktop.DBus; member=NameOwnerChanged
   string ":1.73"
   string ""
   string ":1.73"
signal time=1788730806.007970 sender=org.freedesktop.DBus -> destination=:1.73 serial=2 path=/org/freedesktop/DBus; interface=org.freedesktop.DBus; member=NameAcquired
   string ":1.73"
signal time=1788730806.010528 sender=org.freedesktop.DBus -> destination=:1.73 serial=3 path=/org/freedesktop/DBus; interface=org.freedesktop.DBus; member=NameLost
   string ":1.73"
signal time=1788730806.010575 sender=org.freedesktop.DBus -> destination=(null destination) serial=146 path=/org/freedesktop/DBus; interface=org.freedesktop.DBus; member=NameOwnerChanged
   string ":1.73"
   string ":1.73"
   string ""
signal time=1788730806.010715 sender=:1.2 -> destination=(null destination) serial=88 path=/org/a11y/atspi/registry; interface=org.a11y.atspi.Registry; member=EventListenerDeregistered
   string ":1.73"
   string ""
signal time=1788730806.016470 sender=org.freedesktop.DBus -> destination=(null destination) serial=147 path=/org/freedesktop/DBus; interface=org.freedesktop.DBus; member=NameOwnerChanged
   string ":1.74"
   string ""
   string ":1.74"
signal time=1788730806.016519 sender=org.freedesktop.DBus -> destination=:1.74 serial=2 path=/org/freedesktop/DBus; interface=org.freedesktop.DBus; member=NameAcquired
   string ":1.74"
signal time=1788730806.017804 sender=org.freedesktop.DBus -> destination=:1.74 serial=3 path=/org/freedesktop/DBus; interface=org.freedesktop.DBus; member=NameLost
   string ":1.74"
signal time=1788730806.017843 sender=org.freedesktop.DBus -> destination=(null destination) serial=148 path=/org/freedesktop/DBus; interface=org.freedesktop.DBus; member=NameOwnerChanged
   string ":1.74"
   string ":1.74"
   string ""
signal time=1788730806.017976 sender=:1.2 -> destination=(null destination) serial=89 path=/org/a11y/atspi/registry; interface=org.a11y.atspi.Registry; member=EventListenerDeregistered
   string ":1.74"
   string ""
signal time=1788730806.023226 sender=org.freedesktop.DBus -> destination=(null destination) serial=149 path=/org/freedesktop/DBus; interface=org.freedesktop.DBus; member=NameOwnerChanged
   string ":1.75"
   string ""
   string ":1.75"
signal time=1788730806.023260 sender=org.freedesktop.DBus -> destination=:1.75 serial=2 path=/org/freedesktop/DBus; interface=org.freedesktop.DBus; member=NameAcquired
   string ":1.75"
signal time=1788730806.024709 sender=org.freedesktop.DBus -> destination=:1.75 serial=3 path=/org/freedesktop/DBus; interface=org.freedesktop.DBus; member=NameLost
   string ":1.75"
signal time=1788730806.024737 sender=org.freedesktop.DBus -> destination=(null destination) serial=150 path=/org/freedesktop/DBus; interface=org.freedesktop.DBus; member=NameOwnerChanged
   string ":1.75"
   string ":1.75"
   string ""
signal time=1788730806.024794 sender=:1.2 -> destination=(null destination) serial=90 path=/org/a11y/atspi/registry; interface=org.a11y.atspi.Registry; member=EventListenerDeregistered
   string ":1.75"
   string ""
signal time=1788730806.028801 sender=org.freedesktop.DBus -> destination=(null destination) serial=151 path=/org/freedesktop/DBus; interface=org.freedesktop.DBus; member=NameOwnerChanged
   string ":1.76"
   string ""
   string ":1.76"
signal time=1788730806.028836 sender=org.freedesktop.DBus -> destination=:1.76 serial=2 path=/org/freedesktop/DBus; interface=org.freedesktop.DBus; member=NameAcquired
   string ":1.76"
signal time=1788730806.030463 sender=org.freedesktop.DBus -> destination=:1.76 serial=3 path=/org/freedesktop/DBus; interface=org.freedesktop.DBus; member=NameLost
   string ":1.76"
signal time=1788730806.030514 sender=org.freedesktop.DBus -> destination=(null destination) serial=152 path=/org/freedesktop/DBus; interface=org.freedesktop.DBus; member=NameOwnerChanged
   string ":1.76"
   string ":1.76"
   string ""
signal time=1788730806.030619 sender=:1.2 -> destination=(null destination) serial=91 path=/org/a11y/atspi/registry; interface=org.a11y.atspi.Registry; member=EventListenerDeregistered
   string ":1.76"
   string ""
signal time=1788730806.034582 sender=org.freedesktop.DBus -> destination=(null destination) serial=153 path=/org/freedesktop/DBus; interface=org.freedesktop.DBus; member=NameOwnerChanged
   string ":1.77"
   string ""
   string ":1.77"
signal time=1788730806.034610 sender=org.freedesktop.DBus -> destination=:1.77 serial=2 path=/org/freedesktop/DBus; interface=org.freedesktop.DBus; member=NameAcquired
   string ":1.77"
signal time=1788730806.036047 sender=org.freedesktop.DBus -> destination=:1.77 serial=3 path=/org/freedesktop/DBus; interface=org.freedesktop.DBus; member=NameLost
   string ":1.77"
signal time=1788730806.036080 sender=org.freedesktop.DBus -> destination=(null destination) serial=154 path=/org/freedesktop/DBus; interface=org.freedesktop.DBus; member=NameOwnerChanged
   string ":1.77"
   string ":1.77"
   string ""
signal time=1788730806.036181 sender=:1.2 -> destination=(null destination) serial=92 path=/org/a11y/atspi/registry; interface=org.a11y.atspi.Registry; member=EventListenerDeregistered
   string ":1.77"
   string ""
signal time=1788730806.040067 sender=org.freedesktop.DBus -> destination=(null destination) serial=155 path=/org/freedesktop/DBus; interface=org.freedesktop.DBus; member=NameOwnerChanged
   string ":1.78"
   string ""
   string ":1.78"
signal time=1788730806.040091 sender=org.freedesktop.DBus -> destination=:1.78 serial=2 path=/org/freedesktop/DBus; interface=org.freedesktop.DBus; member=NameAcquired
   string ":1.78"
signal time=1788730806.041249 sender=org.freedesktop.DBus -> destination=:1.78 serial=3 path=/org/freedesktop/DBus; interface=org.freedesktop.DBus; member=NameLost
   string ":1.78"
signal time=1788730806.041265 sender=org.freedesktop.DBus -> destination=(null destination) serial=156 path=/org/freedesktop/DBus; interface=org.freedesktop.DBus; member=NameOwnerChanged
   string ":1.78"
   string ":1.78"
   string ""
signal time=1788730806.041385 sender=:1.2 -> destination=(null destination) serial=93 path=/org/a11y/atspi/registry; interface=org.a11y.atspi.Registry; member=EventListenerDeregistered
   string ":1.78"
   string ""
signal time=1788730806.444892 sender=org.freedesktop.DBus -> destination=(null destination) serial=157 path=/org/freedesktop/DBus; interface=org.freedesktop.DBus; member=NameOwnerChanged
   string ":1.79"
   string ""
   string ":1.79"
signal time=1788730806.444960 sender=org.freedesktop.DBus -> destination=:1.79 serial=2 path=/org/freedesktop/DBus; interface=org.freedesktop.DBus; member=NameAcquired
   string ":1.79"
signal time=1788730806.446516 sender=org.freedesktop.DBus -> destination=:1.79 serial=3 path=/org/freedesktop/DBus; interface=org.freedesktop.DBus; member=NameLost
   string ":1.79"
signal time=1788730806.446585 sender=org.freedesktop.DBus -> destination=(null destination) serial=158 path=/org/freedesktop/DBus; interface=org.freedesktop.DBus; member=NameOwnerChanged
   string ":1.79"
   string ":1.79"
   string ""
signal time=1788730806.446645 sender=:1.2 -> destination=(null destination) serial=96 path=/org/a11y/atspi/registry; interface=org.a11y.atspi.Registry; member=EventListenerDeregistered
   string ":1.79"
   string ""
signal time=1788730806.450894 sender=org.freedesktop.DBus -> destination=(null destination) serial=159 path=/org/freedesktop/DBus; interface=org.freedesktop.DBus; member=NameOwnerChanged
   string ":1.80"
   string ""
   string ":1.80"
signal time=1788730806.450937 sender=org.freedesktop.DBus -> destination=:1.80 serial=2 path=/org/freedesktop/DBus; interface=org.freedesktop.DBus; member=NameAcquired
   string ":1.80"
signal time=1788730806.451821 sender=org.freedesktop.DBus -> destination=:1.80 serial=5 path=/org/freedesktop/DBus; interface=org.freedesktop.DBus; member=NameLost
   string ":1.80"
signal time=1788730806.451837 sender=org.freedesktop.DBus -> destination=(null destination) serial=160 path=/org/freedesktop/DBus; interface=org.freedesktop.DBus; member=NameOwnerChanged
   string ":1.80"
   string ":1.80"
   string ""
signal time=1788730806.452019 sender=:1.2 -> destination=(null destination) serial=97 path=/org/a11y/atspi/registry; interface=org.a11y.atspi.Registry; member=EventListenerDeregistered
   string ":1.80"
   string ""
signal time=1788730806.456003 sender=org.freedesktop.DBus -> destination=(null destination) serial=161 path=/org/freedesktop/DBus; interface=org.freedesktop.DBus; member=NameOwnerChanged
   string ":1.81"
   string ""
   string ":1.81"
signal time=1788730806.456026 sender=org.freedesktop.DBus -> destination=:1.81 serial=2 path=/org/freedesktop/DBus; interface=org.freedesktop.DBus; member=NameAcquired
   string ":1.81"
signal time=1788730806.457369 sender=org.freedesktop.DBus -> destination=:1.81 serial=3 path=/org/freedesktop/DBus; interface=org.freedesktop.DBus; member=NameLost
   string ":1.81"
signal time=1788730806.457398 sender=org.freedesktop.DBus -> destination=(null destination) serial=162 path=/org/freedesktop/DBus; interface=org.freedesktop.DBus; member=NameOwnerChanged
   string ":1.81"
   string ":1.81"
   string ""
signal time=1788730806.457476 sender=:1.2 -> destination=(null destination) serial=98 path=/org/a11y/atspi/registry; interface=org.a11y.atspi.Registry; member=EventListenerDeregistered
   string ":1.81"
   string ""
signal time=1788730806.461390 sender=org.freedesktop.DBus -> destination=(null destination) serial=163 path=/org/freedesktop/DBus; interface=org.freedesktop.DBus; member=NameOwnerChanged
   string ":1.82"
   string ""
   string ":1.82"
signal time=1788730806.461423 sender=org.freedesktop.DBus -> destination=:1.82 serial=2 path=/org/freedesktop/DBus; interface=org.freedesktop.DBus; member=NameAcquired
   string ":1.82"
signal time=1788730806.463049 sender=org.freedesktop.DBus -> destination=:1.82 serial=3 path=/org/freedesktop/DBus; interface=org.freedesktop.DBus; member=NameLost
   string ":1.82"
signal time=1788730806.463091 sender=org.freedesktop.DBus -> destination=(null destination) serial=164 path=/org/freedesktop/DBus; interface=org.freedesktop.DBus; member=NameOwnerChanged
   string ":1.82"
   string ":1.82"
   string ""
signal time=1788730806.463295 sender=:1.2 -> destination=(null destination) serial=99 path=/org/a11y/atspi/registry; interface=org.a11y.atspi.Registry; member=EventListenerDeregistered
   string ":1.82"
   string ""
signal time=1788730806.467181 sender=org.freedesktop.DBus -> destination=(null destination) serial=165 path=/org/freedesktop/DBus; interface=org.freedesktop.DBus; member=NameOwnerChanged
   string ":1.83"
   string ""
   string ":1.83"
signal time=1788730806.467213 sender=org.freedesktop.DBus -> destination=:1.83 serial=2 path=/org/freedesktop/DBus; interface=org.freedesktop.DBus; member=NameAcquired
   string ":1.83"
signal time=1788730806.468502 sender=org.freedesktop.DBus -> destination=:1.83 serial=3 path=/org/freedesktop/DBus; interface=org.freedesktop.DBus; member=NameLost
   string ":1.83"
signal time=1788730806.468516 sender=org.freedesktop.DBus -> destination=(null destination) serial=166 path=/org/freedesktop/DBus; interface=org.freedesktop.DBus; member=NameOwnerChanged
   string ":1.83"
   string ":1.83"
   string ""
signal time=1788730806.468605 sender=:1.2 -> destination=(null destination) serial=100 path=/org/a11y/atspi/registry; interface=org.a11y.atspi.Registry; member=EventListenerDeregistered
   string ":1.83"
   string ""
signal time=1788730806.472232 sender=org.freedesktop.DBus -> destination=(null destination) serial=167 path=/org/freedesktop/DBus; interface=org.freedesktop.DBus; member=NameOwnerChanged
   string ":1.84"
   string ""
   string ":1.84"
signal time=1788730806.472254 sender=org.freedesktop.DBus -> destination=:1.84 serial=2 path=/org/freedesktop/DBus; interface=org.freedesktop.DBus; member=NameAcquired
   string ":1.84"
signal time=1788730806.473405 sender=org.freedesktop.DBus -> destination=:1.84 serial=3 path=/org/freedesktop/DBus; interface=org.freedesktop.DBus; member=NameLost
   string ":1.84"
signal time=1788730806.473420 sender=org.freedesktop.DBus -> destination=(null destination) serial=168 path=/org/freedesktop/DBus; interface=org.freedesktop.DBus; member=NameOwnerChanged
   string ":1.84"
   string ":1.84"
   string ""
signal time=1788730806.473496 sender=:1.2 -> destination=(null destination) serial=101 path=/org/a11y/atspi/registry; interface=org.a11y.atspi.Registry; member=EventListenerDeregistered
   string ":1.84"
   string ""
signal time=1788730806.476952 sender=org.freedesktop.DBus -> destination=(null destination) serial=169 path=/org/freedesktop/DBus; interface=org.freedesktop.DBus; member=NameOwnerChanged
   string ":1.85"
   string ""
   string ":1.85"
signal time=1788730806.476978 sender=org.freedesktop.DBus -> destination=:1.85 serial=2 path=/org/freedesktop/DBus; interface=org.freedesktop.DBus; member=NameAcquired
   string ":1.85"
signal time=1788730806.478319 sender=org.freedesktop.DBus -> destination=:1.85 serial=3 path=/org/freedesktop/DBus; interface=org.freedesktop.DBus; member=NameLost
   string ":1.85"
signal time=1788730806.478338 sender=org.freedesktop.DBus -> destination=(null destination) serial=170 path=/org/freedesktop/DBus; interface=org.freedesktop.DBus; member=NameOwnerChanged
   string ":1.85"
   string ":1.85"
   string ""
signal time=1788730806.478432 sender=:1.2 -> destination=(null destination) serial=102 path=/org/a11y/atspi/registry; interface=org.a11y.atspi.Registry; member=EventListenerDeregistered
   string ":1.85"
   string ""
signal time=1788730806.481986 sender=org.freedesktop.DBus -> destination=(null destination) serial=171 path=/org/freedesktop/DBus; interface=org.freedesktop.DBus; member=NameOwnerChanged
   string ":1.86"
   string ""
   string ":1.86"
signal time=1788730806.482009 sender=org.freedesktop.DBus -> destination=:1.86 serial=2 path=/org/freedesktop/DBus; interface=org.freedesktop.DBus; member=NameAcquired
   string ":1.86"
signal time=1788730806.483189 sender=org.freedesktop.DBus -> destination=:1.86 serial=3 path=/org/freedesktop/DBus; interface=org.freedesktop.DBus; member=NameLost
   string ":1.86"
signal time=1788730806.483209 sender=org.freedesktop.DBus -> destination=(null destination) serial=172 path=/org/freedesktop/DBus; interface=org.freedesktop.DBus; member=NameOwnerChanged
   string ":1.86"
   string ":1.86"
   string ""
signal time=1788730806.483253 sender=:1.2 -> destination=(null destination) serial=103 path=/org/a11y/atspi/registry; interface=org.a11y.atspi.Registry; member=EventListenerDeregistered
   string ":1.86"
   string ""
signal time=1788730806.486830 sender=org.freedesktop.DBus -> destination=(null destination) serial=173 path=/org/freedesktop/DBus; interface=org.freedesktop.DBus; member=NameOwnerChanged
   string ":1.87"
   string ""
   string ":1.87"
signal time=1788730806.486867 sender=org.freedesktop.DBus -> destination=:1.87 serial=2 path=/org/freedesktop/DBus; interface=org.freedesktop.DBus; member=NameAcquired
   string ":1.87"
signal time=1788730806.488000 sender=org.freedesktop.DBus -> destination=:1.87 serial=3 path=/org/freedesktop/DBus; interface=org.freedesktop.DBus; member=NameLost
   string ":1.87"
signal time=1788730806.488021 sender=org.freedesktop.DBus -> destination=(null destination) serial=174 path=/org/freedesktop/DBus; interface=org.freedesktop.DBus; member=NameOwnerChanged
   string ":1.87"
   string ":1.87"
   string ""
signal time=1788730806.488102 sender=:1.2 -> destination=(null destination) serial=104 path=/org/a11y/atspi/registry; interface=org.a11y.atspi.Registry; member=EventListenerDeregistered
   string ":1.87"
   string ""
signal time=1788730806.491886 sender=org.freedesktop.DBus -> destination=(null destination) serial=175 path=/org/freedesktop/DBus; interface=org.freedesktop.DBus; member=NameOwnerChanged
   string ":1.88"
   string ""
   string ":1.88"
signal time=1788730806.491910 sender=org.freedesktop.DBus -> destination=:1.88 serial=2 path=/org/freedesktop/DBus; interface=org.freedesktop.DBus; member=NameAcquired
   string ":1.88"
signal time=1788730806.493125 sender=org.freedesktop.DBus -> destination=:1.88 serial=3 path=/org/freedesktop/DBus; interface=org.freedesktop.DBus; member=NameLost
   string ":1.88"
signal time=1788730806.493141 sender=org.freedesktop.DBus -> destination=(null destination) serial=176 path=/org/freedesktop/DBus; interface=org.freedesktop.DBus; member=NameOwnerChanged
   string ":1.88"
   string ":1.88"
   string ""
signal time=1788730806.493231 sender=:1.2 -> destination=(null destination) serial=105 path=/org/a11y/atspi/registry; interface=org.a11y.atspi.Registry; member=EventListenerDeregistered
   string ":1.88"
   string ""
signal time=1788730806.496911 sender=org.freedesktop.DBus -> destination=(null destination) serial=177 path=/org/freedesktop/DBus; interface=org.freedesktop.DBus; member=NameOwnerChanged
   string ":1.89"
   string ""
   string ":1.89"
signal time=1788730806.496936 sender=org.freedesktop.DBus -> destination=:1.89 serial=2 path=/org/freedesktop/DBus; interface=org.freedesktop.DBus; member=NameAcquired
   string ":1.89"
signal time=1788730806.498319 sender=org.freedesktop.DBus -> destination=:1.89 serial=3 path=/org/freedesktop/DBus; interface=org.freedesktop.DBus; member=NameLost
   string ":1.89"
signal time=1788730806.498343 sender=org.freedesktop.DBus -> destination=(null destination) serial=178 path=/org/freedesktop/DBus; interface=org.freedesktop.DBus; member=NameOwnerChanged
   string ":1.89"
   string ":1.89"
   string ""
signal time=1788730806.498390 sender=:1.2 -> destination=(null destination) serial=106 path=/org/a11y/atspi/registry; interface=org.a11y.atspi.Registry; member=EventListenerDeregistered
   string ":1.89"
   string ""
signal time=1788730806.501908 sender=org.freedesktop.DBus -> destination=(null destination) serial=179 path=/org/freedesktop/DBus; interface=org.freedesktop.DBus; member=NameOwnerChanged
   string ":1.90"
   string ""
   string ":1.90"
signal time=1788730806.501936 sender=org.freedesktop.DBus -> destination=:1.90 serial=2 path=/org/freedesktop/DBus; interface=org.freedesktop.DBus; member=NameAcquired
   string ":1.90"
signal time=1788730806.503128 sender=org.freedesktop.DBus -> destination=:1.90 serial=3 path=/org/freedesktop/DBus; interface=org.freedesktop.DBus; member=NameLost
   string ":1.90"
signal time=1788730806.503144 sender=org.freedesktop.DBus -> destination=(null destination) serial=180 path=/org/freedesktop/DBus; interface=org.freedesktop.DBus; member=NameOwnerChanged
   string ":1.90"
   string ":1.90"
   string ""
signal time=1788730806.503244 sender=:1.2 -> destination=(null destination) serial=107 path=/org/a11y/atspi/registry; interface=org.a11y.atspi.Registry; member=EventListenerDeregistered
   string ":1.90"
   string ""
signal time=1788730806.507146 sender=org.freedesktop.DBus -> destination=(null destination) serial=181 path=/org/freedesktop/DBus; interface=org.freedesktop.DBus; member=NameOwnerChanged
   string ":1.91"
   string ""
   string ":1.91"
signal time=1788730806.507184 sender=org.freedesktop.DBus -> destination=:1.91 serial=2 path=/org/freedesktop/DBus; interface=org.freedesktop.DBus; member=NameAcquired
   string ":1.91"
signal time=1788730806.508441 sender=org.freedesktop.DBus -> destination=:1.91 serial=3 path=/org/freedesktop/DBus; interface=org.freedesktop.DBus; member=NameLost
   string ":1.91"
signal time=1788730806.508460 sender=org.freedesktop.DBus -> destination=(null destination) serial=182 path=/org/freedesktop/DBus; interface=org.freedesktop.DBus; member=NameOwnerChanged
   string ":1.91"
   string ":1.91"
   string ""
signal time=1788730806.508545 sender=:1.2 -> destination=(null destination) serial=108 path=/org/a11y/atspi/registry; interface=org.a11y.atspi.Registry; member=EventListenerDeregistered
   string ":1.91"
   string ""
signal time=1788730806.512648 sender=org.freedesktop.DBus -> destination=(null destination) serial=183 path=/org/freedesktop/DBus; interface=org.freedesktop.DBus; member=NameOwnerChanged
   string ":1.92"
   string ""
   string ":1.92"
signal time=1788730806.512673 sender=org.freedesktop.DBus -> destination=:1.92 serial=2 path=/org/freedesktop/DBus; interface=org.freedesktop.DBus; member=NameAcquired
   string ":1.92"
signal time=1788730806.513695 sender=org.freedesktop.DBus -> destination=:1.92 serial=3 path=/org/freedesktop/DBus; interface=org.freedesktop.DBus; member=NameLost
   string ":1.92"
signal time=1788730806.513712 sender=org.freedesktop.DBus -> destination=(null destination) serial=184 path=/org/freedesktop/DBus; interface=org.freedesktop.DBus; member=NameOwnerChanged
   string ":1.92"
   string ":1.92"
   string ""
signal time=1788730806.513830 sender=:1.2 -> destination=(null destination) serial=109 path=/org/a11y/atspi/registry; interface=org.a11y.atspi.Registry; member=EventListenerDeregistered
   string ":1.92"
   string ""
signal time=1788730806.517360 sender=org.freedesktop.DBus -> destination=(null destination) serial=185 path=/org/freedesktop/DBus; interface=org.freedesktop.DBus; member=NameOwnerChanged
   string ":1.93"
   string ""
   string ":1.93"
signal time=1788730806.517379 sender=org.freedesktop.DBus -> destination=:1.93 serial=2 path=/org/freedesktop/DBus; interface=org.freedesktop.DBus; member=NameAcquired
   string ":1.93"
signal time=1788730806.518420 sender=org.freedesktop.DBus -> destination=:1.93 serial=3 path=/org/freedesktop/DBus; interface=org.freedesktop.DBus; member=NameLost
   string ":1.93"
signal time=1788730806.518439 sender=org.freedesktop.DBus -> destination=(null destination) serial=186 path=/org/freedesktop/DBus; interface=org.freedesktop.DBus; member=NameOwnerChanged
   string ":1.93"
   string ":1.93"
   string ""
signal time=1788730806.518569 sender=:1.2 -> destination=(null destination) serial=110 path=/org/a11y/atspi/registry; interface=org.a11y.atspi.Registry; member=EventListenerDeregistered
   string ":1.93"
   string ""
signal time=1788730806.522480 sender=org.freedesktop.DBus -> destination=(null destination) serial=187 path=/org/freedesktop/DBus; interface=org.freedesktop.DBus; member=NameOwnerChanged
   string ":1.94"
   string ""
   string ":1.94"
signal time=1788730806.522512 sender=org.freedesktop.DBus -> destination=:1.94 serial=2 path=/org/freedesktop/DBus; interface=org.freedesktop.DBus; member=NameAcquired
   string ":1.94"
signal time=1788730806.523958 sender=org.freedesktop.DBus -> destination=:1.94 serial=3 path=/org/freedesktop/DBus; interface=org.freedesktop.DBus; member=NameLost
   string ":1.94"
signal time=1788730806.523978 sender=org.freedesktop.DBus -> destination=(null destination) serial=188 path=/org/freedesktop/DBus; interface=org.freedesktop.DBus; member=NameOwnerChanged
   string ":1.94"
   string ":1.94"
   string ""
signal time=1788730806.524024 sender=:1.2 -> destination=(null destination) serial=111 path=/org/a11y/atspi/registry; interface=org.a11y.atspi.Registry; member=EventListenerDeregistered
   string ":1.94"
   string ""
signal time=1788730806.528088 sender=org.freedesktop.DBus -> destination=(null destination) serial=189 path=/org/freedesktop/DBus; interface=org.freedesktop.DBus; member=NameOwnerChanged
   string ":1.95"
   string ""
   string ":1.95"
signal time=1788730806.528157 sender=org.freedesktop.DBus -> destination=:1.95 serial=2 path=/org/freedesktop/DBus; interface=org.freedesktop.DBus; member=NameAcquired
   string ":1.95"
signal time=1788730806.529354 sender=org.freedesktop.DBus -> destination=:1.95 serial=3 path=/org/freedesktop/DBus; interface=org.freedesktop.DBus; member=NameLost
   string ":1.95"
signal time=1788730806.529382 sender=org.freedesktop.DBus -> destination=(null destination) serial=190 path=/org/freedesktop/DBus; interface=org.freedesktop.DBus; member=NameOwnerChanged
   string ":1.95"
   string ":1.95"
   string ""
signal time=1788730806.529446 sender=:1.2 -> destination=(null destination) serial=112 path=/org/a11y/atspi/registry; interface=org.a11y.atspi.Registry; member=EventListenerDeregistered
   string ":1.95"
   string ""
signal time=1788730806.533847 sender=org.freedesktop.DBus -> destination=(null destination) serial=191 path=/org/freedesktop/DBus; interface=org.freedesktop.DBus; member=NameOwnerChanged
   string ":1.96"
   string ""
   string ":1.96"
signal time=1788730806.533876 sender=org.freedesktop.DBus -> destination=:1.96 serial=2 path=/org/freedesktop/DBus; interface=org.freedesktop.DBus; member=NameAcquired
   string ":1.96"
signal time=1788730806.535375 sender=org.freedesktop.DBus -> destination=:1.96 serial=3 path=/org/freedesktop/DBus; interface=org.freedesktop.DBus; member=NameLost
   string ":1.96"
signal time=1788730806.535390 sender=org.freedesktop.DBus -> destination=(null destination) serial=192 path=/org/freedesktop/DBus; interface=org.freedesktop.DBus; member=NameOwnerChanged
   string ":1.96"
   string ":1.96"
   string ""
signal time=1788730806.535549 sender=:1.2 -> destination=(null destination) serial=113 path=/org/a11y/atspi/registry; interface=org.a11y.atspi.Registry; member=EventListenerDeregistered
   string ":1.96"
   string ""
signal time=1788730806.539286 sender=org.freedesktop.DBus -> destination=(null destination) serial=193 path=/org/freedesktop/DBus; interface=org.freedesktop.DBus; member=NameOwnerChanged
   string ":1.97"
   string ""
   string ":1.97"
signal time=1788730806.539332 sender=org.freedesktop.DBus -> destination=:1.97 serial=2 path=/org/freedesktop/DBus; interface=org.freedesktop.DBus; member=NameAcquired
   string ":1.97"
signal time=1788730806.540607 sender=org.freedesktop.DBus -> destination=:1.97 serial=3 path=/org/freedesktop/DBus; interface=org.freedesktop.DBus; member=NameLost
   string ":1.97"
signal time=1788730806.540639 sender=org.freedesktop.DBus -> destination=(null destination) serial=194 path=/org/freedesktop/DBus; interface=org.freedesktop.DBus; member=NameOwnerChanged
   string ":1.97"
   string ":1.97"
   string ""
signal time=1788730806.540719 sender=:1.2 -> destination=(null destination) serial=114 path=/org/a11y/atspi/registry; interface=org.a11y.atspi.Registry; member=EventListenerDeregistered
   string ":1.97"
   string ""
signal time=1788730806.545913 sender=org.freedesktop.DBus -> destination=(null destination) serial=195 path=/org/freedesktop/DBus; interface=org.freedesktop.DBus; member=NameOwnerChanged
   string ":1.98"
   string ""
   string ":1.98"
signal time=1788730806.545969 sender=org.freedesktop.DBus -> destination=:1.98 serial=2 path=/org/freedesktop/DBus; interface=org.freedesktop.DBus; member=NameAcquired
   string ":1.98"
signal time=1788730806.547018 sender=org.freedesktop.DBus -> destination=:1.98 serial=3 path=/org/freedesktop/DBus; interface=org.freedesktop.DBus; member=NameLost
   string ":1.98"
signal time=1788730806.547036 sender=org.freedesktop.DBus -> destination=(null destination) serial=196 path=/org/freedesktop/DBus; interface=org.freedesktop.DBus; member=NameOwnerChanged
   string ":1.98"
   string ":1.98"
   string ""
signal time=1788730806.547196 sender=:1.2 -> destination=(null destination) serial=115 path=/org/a11y/atspi/registry; interface=org.a11y.atspi.Registry; member=EventListenerDeregistered
   string ":1.98"
   string ""
signal time=1788730806.866474 sender=:1.1 -> destination=(null destination) serial=213 path=/org/a11y/atspi/accessible/root; interface=org.a11y.atspi.Event.Object; member=Announcement
   string "Action refused. Error: Help / About Datum: About Datum is unavailable in this build."
   int32 1
   int32 0
   variant       string "Action refused. Error: Help / About Datum: About Datum is unavailable in this build."
   array [
   ]
signal time=1788730806.869473 sender=:1.1 -> destination=(null destination) serial=214 path=/org/a11y/atspi/accessible/menus/n6d656e753a48656c70; interface=org.a11y.atspi.Event.Object; member=ChildrenChanged
   string "remove"
   int32 2
   int32 0
   variant       struct {
         string ":1.1"
         object path "/org/a11y/atspi/accessible/menus/n6d656e753a48656c702f68656c702e636f6d6d616e6473"
      }
   array [
   ]
signal time=1788730806.869612 sender=:1.1 -> destination=(null destination) serial=215 path=/org/a11y/atspi/accessible/menus/n6d656e753a48656c70; interface=org.a11y.atspi.Event.Object; member=ChildrenChanged
   string "remove"
   int32 1
   int32 0
   variant       struct {
         string ":1.1"
         object path "/org/a11y/atspi/accessible/menus/n6d656e753a48656c702f68656c702e646961676e6f7374696373"
      }
   array [
   ]
signal time=1788730806.869712 sender=:1.1 -> destination=(null destination) serial=216 path=/org/a11y/atspi/accessible/menus/n6d656e753a48656c70; interface=org.a11y.atspi.Event.Object; member=ChildrenChanged
   string "remove"
   int32 0
   int32 0
   variant       struct {
         string ":1.1"
         object path "/org/a11y/atspi/accessible/menus/n6d656e753a48656c702f68656c702e61626f7574"
      }
   array [
   ]
signal time=1788730806.869793 sender=:1.1 -> destination=(null destination) serial=217 path=/org/a11y/atspi/accessible/root; interface=org.a11y.atspi.Event.Object; member=ChildrenChanged
   string "remove"
   int32 1
   int32 0
   variant       struct {
         string ":1.1"
         object path "/org/a11y/atspi/accessible/menus/n6d656e753a48656c70"
      }
   array [
   ]
signal time=1788730808.187178 sender=org.freedesktop.DBus -> destination=(null destination) serial=197 path=/org/freedesktop/DBus; interface=org.freedesktop.DBus; member=NameOwnerChanged
   string ":1.99"
   string ""
   string ":1.99"
signal time=1788730808.187276 sender=org.freedesktop.DBus -> destination=:1.99 serial=2 path=/org/freedesktop/DBus; interface=org.freedesktop.DBus; member=NameAcquired
   string ":1.99"
signal time=1788730808.191316 sender=org.freedesktop.DBus -> destination=:1.99 serial=3 path=/org/freedesktop/DBus; interface=org.freedesktop.DBus; member=NameLost
   string ":1.99"
signal time=1788730808.191382 sender=org.freedesktop.DBus -> destination=(null destination) serial=198 path=/org/freedesktop/DBus; interface=org.freedesktop.DBus; member=NameOwnerChanged
   string ":1.99"
   string ":1.99"
   string ""
signal time=1788730808.191708 sender=:1.2 -> destination=(null destination) serial=118 path=/org/a11y/atspi/registry; interface=org.a11y.atspi.Registry; member=EventListenerDeregistered
   string ":1.99"
   string ""
signal time=1788730808.201311 sender=org.freedesktop.DBus -> destination=(null destination) serial=199 path=/org/freedesktop/DBus; interface=org.freedesktop.DBus; member=NameOwnerChanged
   string ":1.100"
   string ""
   string ":1.100"
signal time=1788730808.201396 sender=org.freedesktop.DBus -> destination=:1.100 serial=2 path=/org/freedesktop/DBus; interface=org.freedesktop.DBus; member=NameAcquired
   string ":1.100"
signal time=1788730808.203984 sender=org.freedesktop.DBus -> destination=:1.100 serial=5 path=/org/freedesktop/DBus; interface=org.freedesktop.DBus; member=NameLost
   string ":1.100"
signal time=1788730808.204048 sender=org.freedesktop.DBus -> destination=(null destination) serial=200 path=/org/freedesktop/DBus; interface=org.freedesktop.DBus; member=NameOwnerChanged
   string ":1.100"
   string ":1.100"
   string ""
signal time=1788730808.204189 sender=:1.2 -> destination=(null destination) serial=119 path=/org/a11y/atspi/registry; interface=org.a11y.atspi.Registry; member=EventListenerDeregistered
   string ":1.100"
   string ""
signal time=1788730808.214309 sender=org.freedesktop.DBus -> destination=(null destination) serial=201 path=/org/freedesktop/DBus; interface=org.freedesktop.DBus; member=NameOwnerChanged
   string ":1.101"
   string ""
   string ":1.101"
signal time=1788730808.214375 sender=org.freedesktop.DBus -> destination=:1.101 serial=2 path=/org/freedesktop/DBus; interface=org.freedesktop.DBus; member=NameAcquired
   string ":1.101"
signal time=1788730808.217451 sender=org.freedesktop.DBus -> destination=:1.101 serial=3 path=/org/freedesktop/DBus; interface=org.freedesktop.DBus; member=NameLost
   string ":1.101"
signal time=1788730808.217492 sender=org.freedesktop.DBus -> destination=(null destination) serial=202 path=/org/freedesktop/DBus; interface=org.freedesktop.DBus; member=NameOwnerChanged
   string ":1.101"
   string ":1.101"
   string ""
signal time=1788730808.217776 sender=:1.2 -> destination=(null destination) serial=120 path=/org/a11y/atspi/registry; interface=org.a11y.atspi.Registry; member=EventListenerDeregistered
   string ":1.101"
   string ""
signal time=1788730808.227389 sender=org.freedesktop.DBus -> destination=(null destination) serial=203 path=/org/freedesktop/DBus; interface=org.freedesktop.DBus; member=NameOwnerChanged
   string ":1.102"
   string ""
   string ":1.102"
signal time=1788730808.227447 sender=org.freedesktop.DBus -> destination=:1.102 serial=2 path=/org/freedesktop/DBus; interface=org.freedesktop.DBus; member=NameAcquired
   string ":1.102"
signal time=1788730808.229835 sender=org.freedesktop.DBus -> destination=:1.102 serial=3 path=/org/freedesktop/DBus; interface=org.freedesktop.DBus; member=NameLost
   string ":1.102"
signal time=1788730808.229889 sender=org.freedesktop.DBus -> destination=(null destination) serial=204 path=/org/freedesktop/DBus; interface=org.freedesktop.DBus; member=NameOwnerChanged
   string ":1.102"
   string ":1.102"
   string ""
signal time=1788730808.230055 sender=:1.2 -> destination=(null destination) serial=121 path=/org/a11y/atspi/registry; interface=org.a11y.atspi.Registry; member=EventListenerDeregistered
   string ":1.102"
   string ""
signal time=1788730808.239201 sender=org.freedesktop.DBus -> destination=(null destination) serial=205 path=/org/freedesktop/DBus; interface=org.freedesktop.DBus; member=NameOwnerChanged
   string ":1.103"
   string ""
   string ":1.103"
signal time=1788730808.239272 sender=org.freedesktop.DBus -> destination=:1.103 serial=2 path=/org/freedesktop/DBus; interface=org.freedesktop.DBus; member=NameAcquired
   string ":1.103"
signal time=1788730808.241451 sender=org.freedesktop.DBus -> destination=:1.103 serial=3 path=/org/freedesktop/DBus; interface=org.freedesktop.DBus; member=NameLost
   string ":1.103"
signal time=1788730808.241498 sender=org.freedesktop.DBus -> destination=(null destination) serial=206 path=/org/freedesktop/DBus; interface=org.freedesktop.DBus; member=NameOwnerChanged
   string ":1.103"
   string ":1.103"
   string ""
signal time=1788730808.241792 sender=:1.2 -> destination=(null destination) serial=122 path=/org/a11y/atspi/registry; interface=org.a11y.atspi.Registry; member=EventListenerDeregistered
   string ":1.103"
   string ""
signal time=1788730808.250740 sender=org.freedesktop.DBus -> destination=(null destination) serial=207 path=/org/freedesktop/DBus; interface=org.freedesktop.DBus; member=NameOwnerChanged
   string ":1.104"
   string ""
   string ":1.104"
signal time=1788730808.250818 sender=org.freedesktop.DBus -> destination=:1.104 serial=2 path=/org/freedesktop/DBus; interface=org.freedesktop.DBus; member=NameAcquired
   string ":1.104"
signal time=1788730808.253124 sender=org.freedesktop.DBus -> destination=:1.104 serial=3 path=/org/freedesktop/DBus; interface=org.freedesktop.DBus; member=NameLost
   string ":1.104"
signal time=1788730808.253176 sender=org.freedesktop.DBus -> destination=(null destination) serial=208 path=/org/freedesktop/DBus; interface=org.freedesktop.DBus; member=NameOwnerChanged
   string ":1.104"
   string ":1.104"
   string ""
signal time=1788730808.253392 sender=:1.2 -> destination=(null destination) serial=123 path=/org/a11y/atspi/registry; interface=org.a11y.atspi.Registry; member=EventListenerDeregistered
   string ":1.104"
   string ""
signal time=1788730808.262443 sender=org.freedesktop.DBus -> destination=(null destination) serial=209 path=/org/freedesktop/DBus; interface=org.freedesktop.DBus; member=NameOwnerChanged
   string ":1.105"
   string ""
   string ":1.105"
signal time=1788730808.262507 sender=org.freedesktop.DBus -> destination=:1.105 serial=2 path=/org/freedesktop/DBus; interface=org.freedesktop.DBus; member=NameAcquired
   string ":1.105"
signal time=1788730808.264825 sender=org.freedesktop.DBus -> destination=:1.105 serial=3 path=/org/freedesktop/DBus; interface=org.freedesktop.DBus; member=NameLost
   string ":1.105"
signal time=1788730808.264881 sender=org.freedesktop.DBus -> destination=(null destination) serial=210 path=/org/freedesktop/DBus; interface=org.freedesktop.DBus; member=NameOwnerChanged
   string ":1.105"
   string ":1.105"
   string ""
signal time=1788730808.265097 sender=:1.2 -> destination=(null destination) serial=124 path=/org/a11y/atspi/registry; interface=org.a11y.atspi.Registry; member=EventListenerDeregistered
   string ":1.105"
   string ""
signal time=1788730808.273902 sender=org.freedesktop.DBus -> destination=(null destination) serial=211 path=/org/freedesktop/DBus; interface=org.freedesktop.DBus; member=NameOwnerChanged
   string ":1.106"
   string ""
   string ":1.106"
signal time=1788730808.273975 sender=org.freedesktop.DBus -> destination=:1.106 serial=2 path=/org/freedesktop/DBus; interface=org.freedesktop.DBus; member=NameAcquired
   string ":1.106"
signal time=1788730808.277639 sender=org.freedesktop.DBus -> destination=:1.106 serial=3 path=/org/freedesktop/DBus; interface=org.freedesktop.DBus; member=NameLost
   string ":1.106"
signal time=1788730808.277708 sender=org.freedesktop.DBus -> destination=(null destination) serial=212 path=/org/freedesktop/DBus; interface=org.freedesktop.DBus; member=NameOwnerChanged
   string ":1.106"
   string ":1.106"
   string ""
signal time=1788730808.277877 sender=:1.2 -> destination=(null destination) serial=125 path=/org/a11y/atspi/registry; interface=org.a11y.atspi.Registry; member=EventListenerDeregistered
   string ":1.106"
   string ""
signal time=1788730808.675297 sender=org.freedesktop.DBus -> destination=(null destination) serial=213 path=/org/freedesktop/DBus; interface=org.freedesktop.DBus; member=NameOwnerChanged
   string ":1.107"
   string ""
   string ":1.107"
signal time=1788730808.675333 sender=org.freedesktop.DBus -> destination=:1.107 serial=2 path=/org/freedesktop/DBus; interface=org.freedesktop.DBus; member=NameAcquired
   string ":1.107"
signal time=1788730808.676896 sender=org.freedesktop.DBus -> destination=:1.107 serial=3 path=/org/freedesktop/DBus; interface=org.freedesktop.DBus; member=NameLost
   string ":1.107"
signal time=1788730808.676921 sender=org.freedesktop.DBus -> destination=(null destination) serial=214 path=/org/freedesktop/DBus; interface=org.freedesktop.DBus; member=NameOwnerChanged
   string ":1.107"
   string ":1.107"
   string ""
signal time=1788730808.676957 sender=:1.2 -> destination=(null destination) serial=128 path=/org/a11y/atspi/registry; interface=org.a11y.atspi.Registry; member=EventListenerDeregistered
   string ":1.107"
   string ""
signal time=1788730808.681685 sender=org.freedesktop.DBus -> destination=(null destination) serial=215 path=/org/freedesktop/DBus; interface=org.freedesktop.DBus; member=NameOwnerChanged
   string ":1.108"
   string ""
   string ":1.108"
signal time=1788730808.681779 sender=org.freedesktop.DBus -> destination=:1.108 serial=2 path=/org/freedesktop/DBus; interface=org.freedesktop.DBus; member=NameAcquired
   string ":1.108"
signal time=1788730808.683288 sender=org.freedesktop.DBus -> destination=:1.108 serial=5 path=/org/freedesktop/DBus; interface=org.freedesktop.DBus; member=NameLost
   string ":1.108"
signal time=1788730808.683302 sender=org.freedesktop.DBus -> destination=(null destination) serial=216 path=/org/freedesktop/DBus; interface=org.freedesktop.DBus; member=NameOwnerChanged
   string ":1.108"
   string ":1.108"
   string ""
signal time=1788730808.683457 sender=:1.2 -> destination=(null destination) serial=129 path=/org/a11y/atspi/registry; interface=org.a11y.atspi.Registry; member=EventListenerDeregistered
   string ":1.108"
   string ""
signal time=1788730808.687099 sender=org.freedesktop.DBus -> destination=(null destination) serial=217 path=/org/freedesktop/DBus; interface=org.freedesktop.DBus; member=NameOwnerChanged
   string ":1.109"
   string ""
   string ":1.109"
signal time=1788730808.687123 sender=org.freedesktop.DBus -> destination=:1.109 serial=2 path=/org/freedesktop/DBus; interface=org.freedesktop.DBus; member=NameAcquired
   string ":1.109"
signal time=1788730808.688447 sender=org.freedesktop.DBus -> destination=:1.109 serial=3 path=/org/freedesktop/DBus; interface=org.freedesktop.DBus; member=NameLost
   string ":1.109"
signal time=1788730808.688459 sender=org.freedesktop.DBus -> destination=(null destination) serial=218 path=/org/freedesktop/DBus; interface=org.freedesktop.DBus; member=NameOwnerChanged
   string ":1.109"
   string ":1.109"
   string ""
signal time=1788730808.688563 sender=:1.2 -> destination=(null destination) serial=130 path=/org/a11y/atspi/registry; interface=org.a11y.atspi.Registry; member=EventListenerDeregistered
   string ":1.109"
   string ""
signal time=1788730808.692226 sender=org.freedesktop.DBus -> destination=(null destination) serial=219 path=/org/freedesktop/DBus; interface=org.freedesktop.DBus; member=NameOwnerChanged
   string ":1.110"
   string ""
   string ":1.110"
signal time=1788730808.692254 sender=org.freedesktop.DBus -> destination=:1.110 serial=2 path=/org/freedesktop/DBus; interface=org.freedesktop.DBus; member=NameAcquired
   string ":1.110"
signal time=1788730808.693522 sender=org.freedesktop.DBus -> destination=:1.110 serial=3 path=/org/freedesktop/DBus; interface=org.freedesktop.DBus; member=NameLost
   string ":1.110"
signal time=1788730808.693538 sender=org.freedesktop.DBus -> destination=(null destination) serial=220 path=/org/freedesktop/DBus; interface=org.freedesktop.DBus; member=NameOwnerChanged
   string ":1.110"
   string ":1.110"
   string ""
signal time=1788730808.693566 sender=:1.2 -> destination=(null destination) serial=131 path=/org/a11y/atspi/registry; interface=org.a11y.atspi.Registry; member=EventListenerDeregistered
   string ":1.110"
   string ""
signal time=1788730808.697428 sender=org.freedesktop.DBus -> destination=(null destination) serial=221 path=/org/freedesktop/DBus; interface=org.freedesktop.DBus; member=NameOwnerChanged
   string ":1.111"
   string ""
   string ":1.111"
signal time=1788730808.697462 sender=org.freedesktop.DBus -> destination=:1.111 serial=2 path=/org/freedesktop/DBus; interface=org.freedesktop.DBus; member=NameAcquired
   string ":1.111"
signal time=1788730808.698523 sender=org.freedesktop.DBus -> destination=:1.111 serial=3 path=/org/freedesktop/DBus; interface=org.freedesktop.DBus; member=NameLost
   string ":1.111"
signal time=1788730808.698543 sender=org.freedesktop.DBus -> destination=(null destination) serial=222 path=/org/freedesktop/DBus; interface=org.freedesktop.DBus; member=NameOwnerChanged
   string ":1.111"
   string ":1.111"
   string ""
signal time=1788730808.698654 sender=:1.2 -> destination=(null destination) serial=132 path=/org/a11y/atspi/registry; interface=org.a11y.atspi.Registry; member=EventListenerDeregistered
   string ":1.111"
   string ""
signal time=1788730808.702519 sender=org.freedesktop.DBus -> destination=(null destination) serial=223 path=/org/freedesktop/DBus; interface=org.freedesktop.DBus; member=NameOwnerChanged
   string ":1.112"
   string ""
   string ":1.112"
signal time=1788730808.702542 sender=org.freedesktop.DBus -> destination=:1.112 serial=2 path=/org/freedesktop/DBus; interface=org.freedesktop.DBus; member=NameAcquired
   string ":1.112"
signal time=1788730808.703606 sender=org.freedesktop.DBus -> destination=:1.112 serial=3 path=/org/freedesktop/DBus; interface=org.freedesktop.DBus; member=NameLost
   string ":1.112"
signal time=1788730808.703621 sender=org.freedesktop.DBus -> destination=(null destination) serial=224 path=/org/freedesktop/DBus; interface=org.freedesktop.DBus; member=NameOwnerChanged
   string ":1.112"
   string ":1.112"
   string ""
signal time=1788730808.703715 sender=:1.2 -> destination=(null destination) serial=133 path=/org/a11y/atspi/registry; interface=org.a11y.atspi.Registry; member=EventListenerDeregistered
   string ":1.112"
   string ""
signal time=1788730808.707601 sender=org.freedesktop.DBus -> destination=(null destination) serial=225 path=/org/freedesktop/DBus; interface=org.freedesktop.DBus; member=NameOwnerChanged
   string ":1.113"
   string ""
   string ":1.113"
signal time=1788730808.707625 sender=org.freedesktop.DBus -> destination=:1.113 serial=2 path=/org/freedesktop/DBus; interface=org.freedesktop.DBus; member=NameAcquired
   string ":1.113"
signal time=1788730808.708846 sender=org.freedesktop.DBus -> destination=:1.113 serial=3 path=/org/freedesktop/DBus; interface=org.freedesktop.DBus; member=NameLost
   string ":1.113"
signal time=1788730808.708865 sender=org.freedesktop.DBus -> destination=(null destination) serial=226 path=/org/freedesktop/DBus; interface=org.freedesktop.DBus; member=NameOwnerChanged
   string ":1.113"
   string ":1.113"
   string ""
signal time=1788730808.708992 sender=:1.2 -> destination=(null destination) serial=134 path=/org/a11y/atspi/registry; interface=org.a11y.atspi.Registry; member=EventListenerDeregistered
   string ":1.113"
   string ""
signal time=1788730808.713193 sender=org.freedesktop.DBus -> destination=(null destination) serial=227 path=/org/freedesktop/DBus; interface=org.freedesktop.DBus; member=NameOwnerChanged
   string ":1.114"
   string ""
   string ":1.114"
signal time=1788730808.713226 sender=org.freedesktop.DBus -> destination=:1.114 serial=2 path=/org/freedesktop/DBus; interface=org.freedesktop.DBus; member=NameAcquired
   string ":1.114"
signal time=1788730808.714462 sender=org.freedesktop.DBus -> destination=:1.114 serial=3 path=/org/freedesktop/DBus; interface=org.freedesktop.DBus; member=NameLost
   string ":1.114"
signal time=1788730808.714480 sender=org.freedesktop.DBus -> destination=(null destination) serial=228 path=/org/freedesktop/DBus; interface=org.freedesktop.DBus; member=NameOwnerChanged
   string ":1.114"
   string ":1.114"
   string ""
signal time=1788730808.714609 sender=:1.2 -> destination=(null destination) serial=135 path=/org/a11y/atspi/registry; interface=org.a11y.atspi.Registry; member=EventListenerDeregistered
   string ":1.114"
   string ""
signal time=1788730809.034062 sender=:1.1 -> destination=(null destination) serial=242 path=/org/a11y/atspi/accessible/root; interface=org.a11y.atspi.Event.Object; member=ChildrenChanged
   string "add"
   int32 1
   int32 0
   variant       struct {
         string ":1.1"
         object path "/org/a11y/atspi/accessible/menus/n6d656e753a57696e646f77"
      }
   array [
   ]
signal time=1788730809.034194 sender=:1.1 -> destination=(null destination) serial=243 path=/org/a11y/atspi/accessible/menus/n6d656e753a57696e646f77; interface=org.a11y.atspi.Event.Object; member=StateChanged
   string "focused"
   int32 0
   int32 0
   variant       boolean false
   array [
   ]
signal time=1788730809.034252 sender=:1.1 -> destination=(null destination) serial=244 path=/org/a11y/atspi/accessible/menus/n6d656e753a57696e646f77; interface=org.a11y.atspi.Event.Object; member=StateChanged
   string "enabled"
   int32 1
   int32 0
   variant       boolean true
   array [
   ]
signal time=1788730809.034306 sender=:1.1 -> destination=(null destination) serial=245 path=/org/a11y/atspi/accessible/menus/n6d656e753a57696e646f77; interface=org.a11y.atspi.Event.Object; member=StateChanged
   string "sensitive"
   int32 1
   int32 0
   variant       boolean true
   array [
   ]
signal time=1788730809.034384 sender=:1.1 -> destination=(null destination) serial=246 path=/org/a11y/atspi/accessible/menus/n6d656e753a57696e646f77; interface=org.a11y.atspi.Event.Object; member=ChildrenChanged
   string "add"
   int32 0
   int32 0
   variant       struct {
         string ":1.1"
         object path "/org/a11y/atspi/accessible/menus/n6d656e753a57696e646f772f77696e646f772e646f63756d656e7473"
      }
   array [
   ]
signal time=1788730809.034460 sender=:1.1 -> destination=(null destination) serial=247 path=/org/a11y/atspi/accessible/menus/n6d656e753a57696e646f772f77696e646f772e646f63756d656e7473; interface=org.a11y.atspi.Event.Object; member=StateChanged
   string "focused"
   int32 1
   int32 0
   variant       boolean true
   array [
   ]
signal time=1788730809.034514 sender=:1.1 -> destination=(null destination) serial=248 path=/org/a11y/atspi/accessible/menus/n6d656e753a57696e646f772f77696e646f772e646f63756d656e7473; interface=org.a11y.atspi.Event.Object; member=StateChanged
   string "enabled"
   int32 0
   int32 0
   variant       boolean false
   array [
   ]
signal time=1788730809.034567 sender=:1.1 -> destination=(null destination) serial=249 path=/org/a11y/atspi/accessible/menus/n6d656e753a57696e646f772f77696e646f772e646f63756d656e7473; interface=org.a11y.atspi.Event.Object; member=StateChanged
   string "sensitive"
   int32 0
   int32 0
   variant       boolean false
   array [
   ]
signal time=1788730809.034630 sender=:1.1 -> destination=(null destination) serial=250 path=/org/a11y/atspi/accessible/menus/n6d656e753a57696e646f77; interface=org.a11y.atspi.Event.Object; member=ChildrenChanged
   string "add"
   int32 1
   int32 0
   variant       struct {
         string ":1.1"
         object path "/org/a11y/atspi/accessible/menus/n6d656e753a57696e646f772f77696e646f772e7465726d696e616c"
      }
   array [
   ]
signal time=1788730809.034727 sender=:1.1 -> destination=(null destination) serial=251 path=/org/a11y/atspi/accessible/menus/n6d656e753a57696e646f772f77696e646f772e7465726d696e616c; interface=org.a11y.atspi.Event.Object; member=StateChanged
   string "focused"
   int32 0
   int32 0
   variant       boolean false
   array [
   ]
signal time=1788730809.034797 sender=:1.1 -> destination=(null destination) serial=252 path=/org/a11y/atspi/accessible/menus/n6d656e753a57696e646f772f77696e646f772e7465726d696e616c; interface=org.a11y.atspi.Event.Object; member=StateChanged
   string "enabled"
   int32 1
   int32 0
   variant       boolean true
   array [
   ]
signal time=1788730809.035092 sender=:1.1 -> destination=(null destination) serial=253 path=/org/a11y/atspi/accessible/menus/n6d656e753a57696e646f772f77696e646f772e7465726d696e616c; interface=org.a11y.atspi.Event.Object; member=StateChanged
   string "sensitive"
   int32 1
   int32 0
   variant       boolean true
   array [
   ]
signal time=1788730809.035166 sender=:1.1 -> destination=(null destination) serial=254 path=/org/a11y/atspi/accessible/menus/n6d656e753a57696e646f77; interface=org.a11y.atspi.Event.Object; member=ChildrenChanged
   string "add"
   int32 2
   int32 0
   variant       struct {
         string ":1.1"
         object path "/org/a11y/atspi/accessible/menus/n6d656e753a57696e646f772f77696e646f772e6c61796f7574"
      }
   array [
   ]
signal time=1788730809.035270 sender=:1.1 -> destination=(null destination) serial=255 path=/org/a11y/atspi/accessible/menus/n6d656e753a57696e646f772f77696e646f772e6c61796f7574; interface=org.a11y.atspi.Event.Object; member=StateChanged
   string "focused"
   int32 0
   int32 0
   variant       boolean false
   array [
   ]
signal time=1788730809.035341 sender=:1.1 -> destination=(null destination) serial=256 path=/org/a11y/atspi/accessible/menus/n6d656e753a57696e646f772f77696e646f772e6c61796f7574; interface=org.a11y.atspi.Event.Object; member=StateChanged
   string "enabled"
   int32 1
   int32 0
   variant       boolean true
   array [
   ]
signal time=1788730809.035408 sender=:1.1 -> destination=(null destination) serial=257 path=/org/a11y/atspi/accessible/menus/n6d656e753a57696e646f772f77696e646f772e6c61796f7574; interface=org.a11y.atspi.Event.Object; member=StateChanged
   string "sensitive"
   int32 1
   int32 0
   variant       boolean true
   array [
   ]
signal time=1788730810.743314 sender=org.freedesktop.DBus -> destination=(null destination) serial=229 path=/org/freedesktop/DBus; interface=org.freedesktop.DBus; member=NameOwnerChanged
   string ":1.115"
   string ""
   string ":1.115"
signal time=1788730810.743394 sender=org.freedesktop.DBus -> destination=:1.115 serial=2 path=/org/freedesktop/DBus; interface=org.freedesktop.DBus; member=NameAcquired
   string ":1.115"
signal time=1788730810.747185 sender=org.freedesktop.DBus -> destination=:1.115 serial=3 path=/org/freedesktop/DBus; interface=org.freedesktop.DBus; member=NameLost
   string ":1.115"
signal time=1788730810.749305 sender=org.freedesktop.DBus -> destination=(null destination) serial=230 path=/org/freedesktop/DBus; interface=org.freedesktop.DBus; member=NameOwnerChanged
   string ":1.115"
   string ":1.115"
   string ""
signal time=1788730810.749375 sender=:1.2 -> destination=(null destination) serial=138 path=/org/a11y/atspi/registry; interface=org.a11y.atspi.Registry; member=EventListenerDeregistered
   string ":1.115"
   string ""
signal time=1788730810.757155 sender=org.freedesktop.DBus -> destination=(null destination) serial=231 path=/org/freedesktop/DBus; interface=org.freedesktop.DBus; member=NameOwnerChanged
   string ":1.116"
   string ""
   string ":1.116"
signal time=1788730810.757239 sender=org.freedesktop.DBus -> destination=:1.116 serial=2 path=/org/freedesktop/DBus; interface=org.freedesktop.DBus; member=NameAcquired
   string ":1.116"
signal time=1788730810.760663 sender=org.freedesktop.DBus -> destination=:1.116 serial=5 path=/org/freedesktop/DBus; interface=org.freedesktop.DBus; member=NameLost
   string ":1.116"
signal time=1788730810.760723 sender=org.freedesktop.DBus -> destination=(null destination) serial=232 path=/org/freedesktop/DBus; interface=org.freedesktop.DBus; member=NameOwnerChanged
   string ":1.116"
   string ":1.116"
   string ""
signal time=1788730810.760899 sender=:1.2 -> destination=(null destination) serial=139 path=/org/a11y/atspi/registry; interface=org.a11y.atspi.Registry; member=EventListenerDeregistered
   string ":1.116"
   string ""
signal time=1788730810.770330 sender=org.freedesktop.DBus -> destination=(null destination) serial=233 path=/org/freedesktop/DBus; interface=org.freedesktop.DBus; member=NameOwnerChanged
   string ":1.117"
   string ""
   string ":1.117"
signal time=1788730810.770410 sender=org.freedesktop.DBus -> destination=:1.117 serial=2 path=/org/freedesktop/DBus; interface=org.freedesktop.DBus; member=NameAcquired
   string ":1.117"
signal time=1788730810.773906 sender=org.freedesktop.DBus -> destination=:1.117 serial=3 path=/org/freedesktop/DBus; interface=org.freedesktop.DBus; member=NameLost
   string ":1.117"
signal time=1788730810.773970 sender=org.freedesktop.DBus -> destination=(null destination) serial=234 path=/org/freedesktop/DBus; interface=org.freedesktop.DBus; member=NameOwnerChanged
   string ":1.117"
   string ":1.117"
   string ""
signal time=1788730810.774133 sender=:1.2 -> destination=(null destination) serial=140 path=/org/a11y/atspi/registry; interface=org.a11y.atspi.Registry; member=EventListenerDeregistered
   string ":1.117"
   string ""
signal time=1788730810.782820 sender=org.freedesktop.DBus -> destination=(null destination) serial=235 path=/org/freedesktop/DBus; interface=org.freedesktop.DBus; member=NameOwnerChanged
   string ":1.118"
   string ""
   string ":1.118"
signal time=1788730810.782900 sender=org.freedesktop.DBus -> destination=:1.118 serial=2 path=/org/freedesktop/DBus; interface=org.freedesktop.DBus; member=NameAcquired
   string ":1.118"
signal time=1788730810.785211 sender=org.freedesktop.DBus -> destination=:1.118 serial=3 path=/org/freedesktop/DBus; interface=org.freedesktop.DBus; member=NameLost
   string ":1.118"
signal time=1788730810.785276 sender=org.freedesktop.DBus -> destination=(null destination) serial=236 path=/org/freedesktop/DBus; interface=org.freedesktop.DBus; member=NameOwnerChanged
   string ":1.118"
   string ":1.118"
   string ""
signal time=1788730810.785482 sender=:1.2 -> destination=(null destination) serial=141 path=/org/a11y/atspi/registry; interface=org.a11y.atspi.Registry; member=EventListenerDeregistered
   string ":1.118"
   string ""
signal time=1788730810.795436 sender=org.freedesktop.DBus -> destination=(null destination) serial=237 path=/org/freedesktop/DBus; interface=org.freedesktop.DBus; member=NameOwnerChanged
   string ":1.119"
   string ""
   string ":1.119"
signal time=1788730810.795531 sender=org.freedesktop.DBus -> destination=:1.119 serial=2 path=/org/freedesktop/DBus; interface=org.freedesktop.DBus; member=NameAcquired
   string ":1.119"
signal time=1788730810.798391 sender=org.freedesktop.DBus -> destination=:1.119 serial=3 path=/org/freedesktop/DBus; interface=org.freedesktop.DBus; member=NameLost
   string ":1.119"
signal time=1788730810.798447 sender=org.freedesktop.DBus -> destination=(null destination) serial=238 path=/org/freedesktop/DBus; interface=org.freedesktop.DBus; member=NameOwnerChanged
   string ":1.119"
   string ":1.119"
   string ""
signal time=1788730810.798704 sender=:1.2 -> destination=(null destination) serial=142 path=/org/a11y/atspi/registry; interface=org.a11y.atspi.Registry; member=EventListenerDeregistered
   string ":1.119"
   string ""
signal time=1788730810.806574 sender=org.freedesktop.DBus -> destination=(null destination) serial=239 path=/org/freedesktop/DBus; interface=org.freedesktop.DBus; member=NameOwnerChanged
   string ":1.120"
   string ""
   string ":1.120"
signal time=1788730810.806629 sender=org.freedesktop.DBus -> destination=:1.120 serial=2 path=/org/freedesktop/DBus; interface=org.freedesktop.DBus; member=NameAcquired
   string ":1.120"
signal time=1788730810.809057 sender=org.freedesktop.DBus -> destination=:1.120 serial=3 path=/org/freedesktop/DBus; interface=org.freedesktop.DBus; member=NameLost
   string ":1.120"
signal time=1788730810.809094 sender=org.freedesktop.DBus -> destination=(null destination) serial=240 path=/org/freedesktop/DBus; interface=org.freedesktop.DBus; member=NameOwnerChanged
   string ":1.120"
   string ":1.120"
   string ""
signal time=1788730810.809220 sender=:1.2 -> destination=(null destination) serial=143 path=/org/a11y/atspi/registry; interface=org.a11y.atspi.Registry; member=EventListenerDeregistered
   string ":1.120"
   string ""
signal time=1788730810.814621 sender=org.freedesktop.DBus -> destination=(null destination) serial=241 path=/org/freedesktop/DBus; interface=org.freedesktop.DBus; member=NameOwnerChanged
   string ":1.121"
   string ""
   string ":1.121"
signal time=1788730810.814666 sender=org.freedesktop.DBus -> destination=:1.121 serial=2 path=/org/freedesktop/DBus; interface=org.freedesktop.DBus; member=NameAcquired
   string ":1.121"
signal time=1788730810.816109 sender=org.freedesktop.DBus -> destination=:1.121 serial=3 path=/org/freedesktop/DBus; interface=org.freedesktop.DBus; member=NameLost
   string ":1.121"
signal time=1788730810.816137 sender=org.freedesktop.DBus -> destination=(null destination) serial=242 path=/org/freedesktop/DBus; interface=org.freedesktop.DBus; member=NameOwnerChanged
   string ":1.121"
   string ":1.121"
   string ""
signal time=1788730810.816186 sender=:1.2 -> destination=(null destination) serial=144 path=/org/a11y/atspi/registry; interface=org.a11y.atspi.Registry; member=EventListenerDeregistered
   string ":1.121"
   string ""
signal time=1788730810.821720 sender=org.freedesktop.DBus -> destination=(null destination) serial=243 path=/org/freedesktop/DBus; interface=org.freedesktop.DBus; member=NameOwnerChanged
   string ":1.122"
   string ""
   string ":1.122"
signal time=1788730810.821773 sender=org.freedesktop.DBus -> destination=:1.122 serial=2 path=/org/freedesktop/DBus; interface=org.freedesktop.DBus; member=NameAcquired
   string ":1.122"
signal time=1788730810.823269 sender=org.freedesktop.DBus -> destination=:1.122 serial=3 path=/org/freedesktop/DBus; interface=org.freedesktop.DBus; member=NameLost
   string ":1.122"
signal time=1788730810.823312 sender=org.freedesktop.DBus -> destination=(null destination) serial=244 path=/org/freedesktop/DBus; interface=org.freedesktop.DBus; member=NameOwnerChanged
   string ":1.122"
   string ":1.122"
   string ""
signal time=1788730810.823453 sender=:1.2 -> destination=(null destination) serial=145 path=/org/a11y/atspi/registry; interface=org.a11y.atspi.Registry; member=EventListenerDeregistered
   string ":1.122"
   string ""
signal time=1788730810.829141 sender=org.freedesktop.DBus -> destination=(null destination) serial=245 path=/org/freedesktop/DBus; interface=org.freedesktop.DBus; member=NameOwnerChanged
   string ":1.123"
   string ""
   string ":1.123"
signal time=1788730810.829188 sender=org.freedesktop.DBus -> destination=:1.123 serial=2 path=/org/freedesktop/DBus; interface=org.freedesktop.DBus; member=NameAcquired
   string ":1.123"
signal time=1788730810.831228 sender=org.freedesktop.DBus -> destination=:1.123 serial=3 path=/org/freedesktop/DBus; interface=org.freedesktop.DBus; member=NameLost
   string ":1.123"
signal time=1788730810.831261 sender=org.freedesktop.DBus -> destination=(null destination) serial=246 path=/org/freedesktop/DBus; interface=org.freedesktop.DBus; member=NameOwnerChanged
   string ":1.123"
   string ":1.123"
   string ""
signal time=1788730810.831411 sender=:1.2 -> destination=(null destination) serial=146 path=/org/a11y/atspi/registry; interface=org.a11y.atspi.Registry; member=EventListenerDeregistered
   string ":1.123"
   string ""
signal time=1788730810.836490 sender=org.freedesktop.DBus -> destination=(null destination) serial=247 path=/org/freedesktop/DBus; interface=org.freedesktop.DBus; member=NameOwnerChanged
   string ":1.124"
   string ""
   string ":1.124"
signal time=1788730810.836530 sender=org.freedesktop.DBus -> destination=:1.124 serial=2 path=/org/freedesktop/DBus; interface=org.freedesktop.DBus; member=NameAcquired
   string ":1.124"
signal time=1788730810.838507 sender=org.freedesktop.DBus -> destination=:1.124 serial=3 path=/org/freedesktop/DBus; interface=org.freedesktop.DBus; member=NameLost
   string ":1.124"
signal time=1788730810.838540 sender=org.freedesktop.DBus -> destination=(null destination) serial=248 path=/org/freedesktop/DBus; interface=org.freedesktop.DBus; member=NameOwnerChanged
   string ":1.124"
   string ":1.124"
   string ""
signal time=1788730810.838688 sender=:1.2 -> destination=(null destination) serial=147 path=/org/a11y/atspi/registry; interface=org.a11y.atspi.Registry; member=EventListenerDeregistered
   string ":1.124"
   string ""
signal time=1788730810.843986 sender=org.freedesktop.DBus -> destination=(null destination) serial=249 path=/org/freedesktop/DBus; interface=org.freedesktop.DBus; member=NameOwnerChanged
   string ":1.125"
   string ""
   string ":1.125"
signal time=1788730810.844030 sender=org.freedesktop.DBus -> destination=:1.125 serial=2 path=/org/freedesktop/DBus; interface=org.freedesktop.DBus; member=NameAcquired
   string ":1.125"
signal time=1788730810.845807 sender=org.freedesktop.DBus -> destination=:1.125 serial=3 path=/org/freedesktop/DBus; interface=org.freedesktop.DBus; member=NameLost
   string ":1.125"
signal time=1788730810.845840 sender=org.freedesktop.DBus -> destination=(null destination) serial=250 path=/org/freedesktop/DBus; interface=org.freedesktop.DBus; member=NameOwnerChanged
   string ":1.125"
   string ":1.125"
   string ""
signal time=1788730810.846009 sender=:1.2 -> destination=(null destination) serial=148 path=/org/a11y/atspi/registry; interface=org.a11y.atspi.Registry; member=EventListenerDeregistered
   string ":1.125"
   string ""
signal time=1788730810.851269 sender=org.freedesktop.DBus -> destination=(null destination) serial=251 path=/org/freedesktop/DBus; interface=org.freedesktop.DBus; member=NameOwnerChanged
   string ":1.126"
   string ""
   string ":1.126"
signal time=1788730810.851317 sender=org.freedesktop.DBus -> destination=:1.126 serial=2 path=/org/freedesktop/DBus; interface=org.freedesktop.DBus; member=NameAcquired
   string ":1.126"
signal time=1788730810.853194 sender=org.freedesktop.DBus -> destination=:1.126 serial=3 path=/org/freedesktop/DBus; interface=org.freedesktop.DBus; member=NameLost
   string ":1.126"
signal time=1788730810.853223 sender=org.freedesktop.DBus -> destination=(null destination) serial=252 path=/org/freedesktop/DBus; interface=org.freedesktop.DBus; member=NameOwnerChanged
   string ":1.126"
   string ":1.126"
   string ""
signal time=1788730810.853346 sender=:1.2 -> destination=(null destination) serial=149 path=/org/a11y/atspi/registry; interface=org.a11y.atspi.Registry; member=EventListenerDeregistered
   string ":1.126"
   string ""
signal time=1788730810.858438 sender=org.freedesktop.DBus -> destination=(null destination) serial=253 path=/org/freedesktop/DBus; interface=org.freedesktop.DBus; member=NameOwnerChanged
   string ":1.127"
   string ""
   string ":1.127"
signal time=1788730810.858483 sender=org.freedesktop.DBus -> destination=:1.127 serial=2 path=/org/freedesktop/DBus; interface=org.freedesktop.DBus; member=NameAcquired
   string ":1.127"
signal time=1788730810.860480 sender=org.freedesktop.DBus -> destination=:1.127 serial=3 path=/org/freedesktop/DBus; interface=org.freedesktop.DBus; member=NameLost
   string ":1.127"
signal time=1788730810.860509 sender=org.freedesktop.DBus -> destination=(null destination) serial=254 path=/org/freedesktop/DBus; interface=org.freedesktop.DBus; member=NameOwnerChanged
   string ":1.127"
   string ":1.127"
   string ""
signal time=1788730810.860660 sender=:1.2 -> destination=(null destination) serial=150 path=/org/a11y/atspi/registry; interface=org.a11y.atspi.Registry; member=EventListenerDeregistered
   string ":1.127"
   string ""
signal time=1788730810.865829 sender=org.freedesktop.DBus -> destination=(null destination) serial=255 path=/org/freedesktop/DBus; interface=org.freedesktop.DBus; member=NameOwnerChanged
   string ":1.128"
   string ""
   string ":1.128"
signal time=1788730810.865864 sender=org.freedesktop.DBus -> destination=:1.128 serial=2 path=/org/freedesktop/DBus; interface=org.freedesktop.DBus; member=NameAcquired
   string ":1.128"
signal time=1788730810.867295 sender=org.freedesktop.DBus -> destination=:1.128 serial=3 path=/org/freedesktop/DBus; interface=org.freedesktop.DBus; member=NameLost
   string ":1.128"
signal time=1788730810.867318 sender=org.freedesktop.DBus -> destination=(null destination) serial=256 path=/org/freedesktop/DBus; interface=org.freedesktop.DBus; member=NameOwnerChanged
   string ":1.128"
   string ":1.128"
   string ""
signal time=1788730810.867474 sender=:1.2 -> destination=(null destination) serial=151 path=/org/a11y/atspi/registry; interface=org.a11y.atspi.Registry; member=EventListenerDeregistered
   string ":1.128"
   string ""
signal time=1788730810.871711 sender=org.freedesktop.DBus -> destination=(null destination) serial=257 path=/org/freedesktop/DBus; interface=org.freedesktop.DBus; member=NameOwnerChanged
   string ":1.129"
   string ""
   string ":1.129"
signal time=1788730810.871747 sender=org.freedesktop.DBus -> destination=:1.129 serial=2 path=/org/freedesktop/DBus; interface=org.freedesktop.DBus; member=NameAcquired
   string ":1.129"
signal time=1788730810.873037 sender=org.freedesktop.DBus -> destination=:1.129 serial=3 path=/org/freedesktop/DBus; interface=org.freedesktop.DBus; member=NameLost
   string ":1.129"
signal time=1788730810.873058 sender=org.freedesktop.DBus -> destination=(null destination) serial=258 path=/org/freedesktop/DBus; interface=org.freedesktop.DBus; member=NameOwnerChanged
   string ":1.129"
   string ":1.129"
   string ""
signal time=1788730810.873190 sender=:1.2 -> destination=(null destination) serial=152 path=/org/a11y/atspi/registry; interface=org.a11y.atspi.Registry; member=EventListenerDeregistered
   string ":1.129"
   string ""
signal time=1788730810.878379 sender=org.freedesktop.DBus -> destination=(null destination) serial=259 path=/org/freedesktop/DBus; interface=org.freedesktop.DBus; member=NameOwnerChanged
   string ":1.130"
   string ""
   string ":1.130"
signal time=1788730810.878427 sender=org.freedesktop.DBus -> destination=:1.130 serial=2 path=/org/freedesktop/DBus; interface=org.freedesktop.DBus; member=NameAcquired
   string ":1.130"
signal time=1788730810.880432 sender=org.freedesktop.DBus -> destination=:1.130 serial=3 path=/org/freedesktop/DBus; interface=org.freedesktop.DBus; member=NameLost
   string ":1.130"
signal time=1788730810.880463 sender=org.freedesktop.DBus -> destination=(null destination) serial=260 path=/org/freedesktop/DBus; interface=org.freedesktop.DBus; member=NameOwnerChanged
   string ":1.130"
   string ":1.130"
   string ""
signal time=1788730810.880558 sender=:1.2 -> destination=(null destination) serial=153 path=/org/a11y/atspi/registry; interface=org.a11y.atspi.Registry; member=EventListenerDeregistered
   string ":1.130"
   string ""
signal time=1788730810.885371 sender=org.freedesktop.DBus -> destination=(null destination) serial=261 path=/org/freedesktop/DBus; interface=org.freedesktop.DBus; member=NameOwnerChanged
   string ":1.131"
   string ""
   string ":1.131"
signal time=1788730810.885410 sender=org.freedesktop.DBus -> destination=:1.131 serial=2 path=/org/freedesktop/DBus; interface=org.freedesktop.DBus; member=NameAcquired
   string ":1.131"
signal time=1788730810.886958 sender=org.freedesktop.DBus -> destination=:1.131 serial=3 path=/org/freedesktop/DBus; interface=org.freedesktop.DBus; member=NameLost
   string ":1.131"
signal time=1788730810.886985 sender=org.freedesktop.DBus -> destination=(null destination) serial=262 path=/org/freedesktop/DBus; interface=org.freedesktop.DBus; member=NameOwnerChanged
   string ":1.131"
   string ":1.131"
   string ""
signal time=1788730810.887130 sender=:1.2 -> destination=(null destination) serial=154 path=/org/a11y/atspi/registry; interface=org.a11y.atspi.Registry; member=EventListenerDeregistered
   string ":1.131"
   string ""
signal time=1788730810.892148 sender=org.freedesktop.DBus -> destination=(null destination) serial=263 path=/org/freedesktop/DBus; interface=org.freedesktop.DBus; member=NameOwnerChanged
   string ":1.132"
   string ""
   string ":1.132"
signal time=1788730810.892195 sender=org.freedesktop.DBus -> destination=:1.132 serial=2 path=/org/freedesktop/DBus; interface=org.freedesktop.DBus; member=NameAcquired
   string ":1.132"
signal time=1788730810.893789 sender=org.freedesktop.DBus -> destination=:1.132 serial=3 path=/org/freedesktop/DBus; interface=org.freedesktop.DBus; member=NameLost
   string ":1.132"
signal time=1788730810.893825 sender=org.freedesktop.DBus -> destination=(null destination) serial=264 path=/org/freedesktop/DBus; interface=org.freedesktop.DBus; member=NameOwnerChanged
   string ":1.132"
   string ":1.132"
   string ""
signal time=1788730810.893995 sender=:1.2 -> destination=(null destination) serial=155 path=/org/a11y/atspi/registry; interface=org.a11y.atspi.Registry; member=EventListenerDeregistered
   string ":1.132"
   string ""
signal time=1788730810.899201 sender=org.freedesktop.DBus -> destination=(null destination) serial=265 path=/org/freedesktop/DBus; interface=org.freedesktop.DBus; member=NameOwnerChanged
   string ":1.133"
   string ""
   string ":1.133"
signal time=1788730810.899243 sender=org.freedesktop.DBus -> destination=:1.133 serial=2 path=/org/freedesktop/DBus; interface=org.freedesktop.DBus; member=NameAcquired
   string ":1.133"
signal time=1788730810.900974 sender=org.freedesktop.DBus -> destination=:1.133 serial=3 path=/org/freedesktop/DBus; interface=org.freedesktop.DBus; member=NameLost
   string ":1.133"
signal time=1788730810.900995 sender=org.freedesktop.DBus -> destination=(null destination) serial=266 path=/org/freedesktop/DBus; interface=org.freedesktop.DBus; member=NameOwnerChanged
   string ":1.133"
   string ":1.133"
   string ""
signal time=1788730810.901139 sender=:1.2 -> destination=(null destination) serial=156 path=/org/a11y/atspi/registry; interface=org.a11y.atspi.Registry; member=EventListenerDeregistered
   string ":1.133"
   string ""
signal time=1788730810.905709 sender=org.freedesktop.DBus -> destination=(null destination) serial=267 path=/org/freedesktop/DBus; interface=org.freedesktop.DBus; member=NameOwnerChanged
   string ":1.134"
   string ""
   string ":1.134"
signal time=1788730810.905745 sender=org.freedesktop.DBus -> destination=:1.134 serial=2 path=/org/freedesktop/DBus; interface=org.freedesktop.DBus; member=NameAcquired
   string ":1.134"
signal time=1788730810.907417 sender=org.freedesktop.DBus -> destination=:1.134 serial=3 path=/org/freedesktop/DBus; interface=org.freedesktop.DBus; member=NameLost
   string ":1.134"
signal time=1788730810.907443 sender=org.freedesktop.DBus -> destination=(null destination) serial=268 path=/org/freedesktop/DBus; interface=org.freedesktop.DBus; member=NameOwnerChanged
   string ":1.134"
   string ":1.134"
   string ""
signal time=1788730810.907526 sender=:1.2 -> destination=(null destination) serial=157 path=/org/a11y/atspi/registry; interface=org.a11y.atspi.Registry; member=EventListenerDeregistered
   string ":1.134"
   string ""
signal time=1788730811.313796 sender=org.freedesktop.DBus -> destination=(null destination) serial=269 path=/org/freedesktop/DBus; interface=org.freedesktop.DBus; member=NameOwnerChanged
   string ":1.135"
   string ""
   string ":1.135"
signal time=1788730811.313845 sender=org.freedesktop.DBus -> destination=:1.135 serial=2 path=/org/freedesktop/DBus; interface=org.freedesktop.DBus; member=NameAcquired
   string ":1.135"
signal time=1788730811.315323 sender=org.freedesktop.DBus -> destination=:1.135 serial=3 path=/org/freedesktop/DBus; interface=org.freedesktop.DBus; member=NameLost
   string ":1.135"
signal time=1788730811.315337 sender=org.freedesktop.DBus -> destination=(null destination) serial=270 path=/org/freedesktop/DBus; interface=org.freedesktop.DBus; member=NameOwnerChanged
   string ":1.135"
   string ":1.135"
   string ""
signal time=1788730811.315444 sender=:1.2 -> destination=(null destination) serial=160 path=/org/a11y/atspi/registry; interface=org.a11y.atspi.Registry; member=EventListenerDeregistered
   string ":1.135"
   string ""
signal time=1788730811.319004 sender=org.freedesktop.DBus -> destination=(null destination) serial=271 path=/org/freedesktop/DBus; interface=org.freedesktop.DBus; member=NameOwnerChanged
   string ":1.136"
   string ""
   string ":1.136"
signal time=1788730811.319031 sender=org.freedesktop.DBus -> destination=:1.136 serial=2 path=/org/freedesktop/DBus; interface=org.freedesktop.DBus; member=NameAcquired
   string ":1.136"
signal time=1788730811.320121 sender=org.freedesktop.DBus -> destination=:1.136 serial=5 path=/org/freedesktop/DBus; interface=org.freedesktop.DBus; member=NameLost
   string ":1.136"
signal time=1788730811.320137 sender=org.freedesktop.DBus -> destination=(null destination) serial=272 path=/org/freedesktop/DBus; interface=org.freedesktop.DBus; member=NameOwnerChanged
   string ":1.136"
   string ":1.136"
   string ""
signal time=1788730811.320232 sender=:1.2 -> destination=(null destination) serial=161 path=/org/a11y/atspi/registry; interface=org.a11y.atspi.Registry; member=EventListenerDeregistered
   string ":1.136"
   string ""
signal time=1788730811.324215 sender=org.freedesktop.DBus -> destination=(null destination) serial=273 path=/org/freedesktop/DBus; interface=org.freedesktop.DBus; member=NameOwnerChanged
   string ":1.137"
   string ""
   string ":1.137"
signal time=1788730811.324247 sender=org.freedesktop.DBus -> destination=:1.137 serial=2 path=/org/freedesktop/DBus; interface=org.freedesktop.DBus; member=NameAcquired
   string ":1.137"
signal time=1788730811.325504 sender=org.freedesktop.DBus -> destination=:1.137 serial=3 path=/org/freedesktop/DBus; interface=org.freedesktop.DBus; member=NameLost
   string ":1.137"
signal time=1788730811.325527 sender=org.freedesktop.DBus -> destination=(null destination) serial=274 path=/org/freedesktop/DBus; interface=org.freedesktop.DBus; member=NameOwnerChanged
   string ":1.137"
   string ":1.137"
   string ""
signal time=1788730811.325623 sender=:1.2 -> destination=(null destination) serial=162 path=/org/a11y/atspi/registry; interface=org.a11y.atspi.Registry; member=EventListenerDeregistered
   string ":1.137"
   string ""
signal time=1788730811.329495 sender=org.freedesktop.DBus -> destination=(null destination) serial=275 path=/org/freedesktop/DBus; interface=org.freedesktop.DBus; member=NameOwnerChanged
   string ":1.138"
   string ""
   string ":1.138"
signal time=1788730811.329532 sender=org.freedesktop.DBus -> destination=:1.138 serial=2 path=/org/freedesktop/DBus; interface=org.freedesktop.DBus; member=NameAcquired
   string ":1.138"
signal time=1788730811.330897 sender=org.freedesktop.DBus -> destination=:1.138 serial=3 path=/org/freedesktop/DBus; interface=org.freedesktop.DBus; member=NameLost
   string ":1.138"
signal time=1788730811.330916 sender=org.freedesktop.DBus -> destination=(null destination) serial=276 path=/org/freedesktop/DBus; interface=org.freedesktop.DBus; member=NameOwnerChanged
   string ":1.138"
   string ":1.138"
   string ""
signal time=1788730811.331069 sender=:1.2 -> destination=(null destination) serial=163 path=/org/a11y/atspi/registry; interface=org.a11y.atspi.Registry; member=EventListenerDeregistered
   string ":1.138"
   string ""
signal time=1788730811.334795 sender=org.freedesktop.DBus -> destination=(null destination) serial=277 path=/org/freedesktop/DBus; interface=org.freedesktop.DBus; member=NameOwnerChanged
   string ":1.139"
   string ""
   string ":1.139"
signal time=1788730811.334838 sender=org.freedesktop.DBus -> destination=:1.139 serial=2 path=/org/freedesktop/DBus; interface=org.freedesktop.DBus; member=NameAcquired
   string ":1.139"
signal time=1788730811.336621 sender=org.freedesktop.DBus -> destination=:1.139 serial=3 path=/org/freedesktop/DBus; interface=org.freedesktop.DBus; member=NameLost
   string ":1.139"
signal time=1788730811.336639 sender=org.freedesktop.DBus -> destination=(null destination) serial=278 path=/org/freedesktop/DBus; interface=org.freedesktop.DBus; member=NameOwnerChanged
   string ":1.139"
   string ":1.139"
   string ""
signal time=1788730811.336673 sender=:1.2 -> destination=(null destination) serial=164 path=/org/a11y/atspi/registry; interface=org.a11y.atspi.Registry; member=EventListenerDeregistered
   string ":1.139"
   string ""
signal time=1788730811.340222 sender=org.freedesktop.DBus -> destination=(null destination) serial=279 path=/org/freedesktop/DBus; interface=org.freedesktop.DBus; member=NameOwnerChanged
   string ":1.140"
   string ""
   string ":1.140"
signal time=1788730811.340254 sender=org.freedesktop.DBus -> destination=:1.140 serial=2 path=/org/freedesktop/DBus; interface=org.freedesktop.DBus; member=NameAcquired
   string ":1.140"
signal time=1788730811.341605 sender=org.freedesktop.DBus -> destination=:1.140 serial=3 path=/org/freedesktop/DBus; interface=org.freedesktop.DBus; member=NameLost
   string ":1.140"
signal time=1788730811.341623 sender=org.freedesktop.DBus -> destination=(null destination) serial=280 path=/org/freedesktop/DBus; interface=org.freedesktop.DBus; member=NameOwnerChanged
   string ":1.140"
   string ":1.140"
   string ""
signal time=1788730811.341973 sender=:1.2 -> destination=(null destination) serial=165 path=/org/a11y/atspi/registry; interface=org.a11y.atspi.Registry; member=EventListenerDeregistered
   string ":1.140"
   string ""
signal time=1788730811.345356 sender=org.freedesktop.DBus -> destination=(null destination) serial=281 path=/org/freedesktop/DBus; interface=org.freedesktop.DBus; member=NameOwnerChanged
   string ":1.141"
   string ""
   string ":1.141"
signal time=1788730811.345380 sender=org.freedesktop.DBus -> destination=:1.141 serial=2 path=/org/freedesktop/DBus; interface=org.freedesktop.DBus; member=NameAcquired
   string ":1.141"
signal time=1788730811.346624 sender=org.freedesktop.DBus -> destination=:1.141 serial=3 path=/org/freedesktop/DBus; interface=org.freedesktop.DBus; member=NameLost
   string ":1.141"
signal time=1788730811.346647 sender=org.freedesktop.DBus -> destination=(null destination) serial=282 path=/org/freedesktop/DBus; interface=org.freedesktop.DBus; member=NameOwnerChanged
   string ":1.141"
   string ":1.141"
   string ""
signal time=1788730811.346782 sender=:1.2 -> destination=(null destination) serial=166 path=/org/a11y/atspi/registry; interface=org.a11y.atspi.Registry; member=EventListenerDeregistered
   string ":1.141"
   string ""
signal time=1788730811.349969 sender=org.freedesktop.DBus -> destination=(null destination) serial=283 path=/org/freedesktop/DBus; interface=org.freedesktop.DBus; member=NameOwnerChanged
   string ":1.142"
   string ""
   string ":1.142"
signal time=1788730811.349994 sender=org.freedesktop.DBus -> destination=:1.142 serial=2 path=/org/freedesktop/DBus; interface=org.freedesktop.DBus; member=NameAcquired
   string ":1.142"
signal time=1788730811.351073 sender=org.freedesktop.DBus -> destination=:1.142 serial=3 path=/org/freedesktop/DBus; interface=org.freedesktop.DBus; member=NameLost
   string ":1.142"
signal time=1788730811.351087 sender=org.freedesktop.DBus -> destination=(null destination) serial=284 path=/org/freedesktop/DBus; interface=org.freedesktop.DBus; member=NameOwnerChanged
   string ":1.142"
   string ":1.142"
   string ""
signal time=1788730811.351196 sender=:1.2 -> destination=(null destination) serial=167 path=/org/a11y/atspi/registry; interface=org.a11y.atspi.Registry; member=EventListenerDeregistered
   string ":1.142"
   string ""
signal time=1788730811.354721 sender=org.freedesktop.DBus -> destination=(null destination) serial=285 path=/org/freedesktop/DBus; interface=org.freedesktop.DBus; member=NameOwnerChanged
   string ":1.143"
   string ""
   string ":1.143"
signal time=1788730811.354743 sender=org.freedesktop.DBus -> destination=:1.143 serial=2 path=/org/freedesktop/DBus; interface=org.freedesktop.DBus; member=NameAcquired
   string ":1.143"
signal time=1788730811.355864 sender=org.freedesktop.DBus -> destination=:1.143 serial=3 path=/org/freedesktop/DBus; interface=org.freedesktop.DBus; member=NameLost
   string ":1.143"
signal time=1788730811.355895 sender=org.freedesktop.DBus -> destination=(null destination) serial=286 path=/org/freedesktop/DBus; interface=org.freedesktop.DBus; member=NameOwnerChanged
   string ":1.143"
   string ":1.143"
   string ""
signal time=1788730811.356039 sender=:1.2 -> destination=(null destination) serial=168 path=/org/a11y/atspi/registry; interface=org.a11y.atspi.Registry; member=EventListenerDeregistered
   string ":1.143"
   string ""
signal time=1788730811.360339 sender=org.freedesktop.DBus -> destination=(null destination) serial=287 path=/org/freedesktop/DBus; interface=org.freedesktop.DBus; member=NameOwnerChanged
   string ":1.144"
   string ""
   string ":1.144"
signal time=1788730811.360396 sender=org.freedesktop.DBus -> destination=:1.144 serial=2 path=/org/freedesktop/DBus; interface=org.freedesktop.DBus; member=NameAcquired
   string ":1.144"
signal time=1788730811.361691 sender=org.freedesktop.DBus -> destination=:1.144 serial=3 path=/org/freedesktop/DBus; interface=org.freedesktop.DBus; member=NameLost
   string ":1.144"
signal time=1788730811.361721 sender=org.freedesktop.DBus -> destination=(null destination) serial=288 path=/org/freedesktop/DBus; interface=org.freedesktop.DBus; member=NameOwnerChanged
   string ":1.144"
   string ":1.144"
   string ""
signal time=1788730811.361829 sender=:1.2 -> destination=(null destination) serial=169 path=/org/a11y/atspi/registry; interface=org.a11y.atspi.Registry; member=EventListenerDeregistered
   string ":1.144"
   string ""
signal time=1788730811.365903 sender=org.freedesktop.DBus -> destination=(null destination) serial=289 path=/org/freedesktop/DBus; interface=org.freedesktop.DBus; member=NameOwnerChanged
   string ":1.145"
   string ""
   string ":1.145"
signal time=1788730811.365978 sender=org.freedesktop.DBus -> destination=:1.145 serial=2 path=/org/freedesktop/DBus; interface=org.freedesktop.DBus; member=NameAcquired
   string ":1.145"
signal time=1788730811.367467 sender=org.freedesktop.DBus -> destination=:1.145 serial=3 path=/org/freedesktop/DBus; interface=org.freedesktop.DBus; member=NameLost
   string ":1.145"
signal time=1788730811.367495 sender=org.freedesktop.DBus -> destination=(null destination) serial=290 path=/org/freedesktop/DBus; interface=org.freedesktop.DBus; member=NameOwnerChanged
   string ":1.145"
   string ":1.145"
   string ""
signal time=1788730811.367656 sender=:1.2 -> destination=(null destination) serial=170 path=/org/a11y/atspi/registry; interface=org.a11y.atspi.Registry; member=EventListenerDeregistered
   string ":1.145"
   string ""
signal time=1788730811.371315 sender=org.freedesktop.DBus -> destination=(null destination) serial=291 path=/org/freedesktop/DBus; interface=org.freedesktop.DBus; member=NameOwnerChanged
   string ":1.146"
   string ""
   string ":1.146"
signal time=1788730811.371346 sender=org.freedesktop.DBus -> destination=:1.146 serial=2 path=/org/freedesktop/DBus; interface=org.freedesktop.DBus; member=NameAcquired
   string ":1.146"
signal time=1788730811.372567 sender=org.freedesktop.DBus -> destination=:1.146 serial=3 path=/org/freedesktop/DBus; interface=org.freedesktop.DBus; member=NameLost
   string ":1.146"
signal time=1788730811.372584 sender=org.freedesktop.DBus -> destination=(null destination) serial=292 path=/org/freedesktop/DBus; interface=org.freedesktop.DBus; member=NameOwnerChanged
   string ":1.146"
   string ":1.146"
   string ""
signal time=1788730811.372718 sender=:1.2 -> destination=(null destination) serial=171 path=/org/a11y/atspi/registry; interface=org.a11y.atspi.Registry; member=EventListenerDeregistered
   string ":1.146"
   string ""
signal time=1788730811.376695 sender=org.freedesktop.DBus -> destination=(null destination) serial=293 path=/org/freedesktop/DBus; interface=org.freedesktop.DBus; member=NameOwnerChanged
   string ":1.147"
   string ""
   string ":1.147"
signal time=1788730811.376729 sender=org.freedesktop.DBus -> destination=:1.147 serial=2 path=/org/freedesktop/DBus; interface=org.freedesktop.DBus; member=NameAcquired
   string ":1.147"
signal time=1788730811.377788 sender=org.freedesktop.DBus -> destination=:1.147 serial=3 path=/org/freedesktop/DBus; interface=org.freedesktop.DBus; member=NameLost
   string ":1.147"
signal time=1788730811.377810 sender=org.freedesktop.DBus -> destination=(null destination) serial=294 path=/org/freedesktop/DBus; interface=org.freedesktop.DBus; member=NameOwnerChanged
   string ":1.147"
   string ":1.147"
   string ""
signal time=1788730811.377909 sender=:1.2 -> destination=(null destination) serial=172 path=/org/a11y/atspi/registry; interface=org.a11y.atspi.Registry; member=EventListenerDeregistered
   string ":1.147"
   string ""
signal time=1788730811.381817 sender=org.freedesktop.DBus -> destination=(null destination) serial=295 path=/org/freedesktop/DBus; interface=org.freedesktop.DBus; member=NameOwnerChanged
   string ":1.148"
   string ""
   string ":1.148"
signal time=1788730811.381848 sender=org.freedesktop.DBus -> destination=:1.148 serial=2 path=/org/freedesktop/DBus; interface=org.freedesktop.DBus; member=NameAcquired
   string ":1.148"
signal time=1788730811.383199 sender=org.freedesktop.DBus -> destination=:1.148 serial=3 path=/org/freedesktop/DBus; interface=org.freedesktop.DBus; member=NameLost
   string ":1.148"
signal time=1788730811.383215 sender=org.freedesktop.DBus -> destination=(null destination) serial=296 path=/org/freedesktop/DBus; interface=org.freedesktop.DBus; member=NameOwnerChanged
   string ":1.148"
   string ":1.148"
   string ""
signal time=1788730811.383295 sender=:1.2 -> destination=(null destination) serial=173 path=/org/a11y/atspi/registry; interface=org.a11y.atspi.Registry; member=EventListenerDeregistered
   string ":1.148"
   string ""
signal time=1788730811.387027 sender=org.freedesktop.DBus -> destination=(null destination) serial=297 path=/org/freedesktop/DBus; interface=org.freedesktop.DBus; member=NameOwnerChanged
   string ":1.149"
   string ""
   string ":1.149"
signal time=1788730811.387050 sender=org.freedesktop.DBus -> destination=:1.149 serial=2 path=/org/freedesktop/DBus; interface=org.freedesktop.DBus; member=NameAcquired
   string ":1.149"
signal time=1788730811.388457 sender=org.freedesktop.DBus -> destination=:1.149 serial=3 path=/org/freedesktop/DBus; interface=org.freedesktop.DBus; member=NameLost
   string ":1.149"
signal time=1788730811.388472 sender=org.freedesktop.DBus -> destination=(null destination) serial=298 path=/org/freedesktop/DBus; interface=org.freedesktop.DBus; member=NameOwnerChanged
   string ":1.149"
   string ":1.149"
   string ""
signal time=1788730811.388557 sender=:1.2 -> destination=(null destination) serial=174 path=/org/a11y/atspi/registry; interface=org.a11y.atspi.Registry; member=EventListenerDeregistered
   string ":1.149"
   string ""
signal time=1788730811.392226 sender=org.freedesktop.DBus -> destination=(null destination) serial=299 path=/org/freedesktop/DBus; interface=org.freedesktop.DBus; member=NameOwnerChanged
   string ":1.150"
   string ""
   string ":1.150"
signal time=1788730811.392265 sender=org.freedesktop.DBus -> destination=:1.150 serial=2 path=/org/freedesktop/DBus; interface=org.freedesktop.DBus; member=NameAcquired
   string ":1.150"
signal time=1788730811.393803 sender=org.freedesktop.DBus -> destination=:1.150 serial=3 path=/org/freedesktop/DBus; interface=org.freedesktop.DBus; member=NameLost
   string ":1.150"
signal time=1788730811.393851 sender=org.freedesktop.DBus -> destination=(null destination) serial=300 path=/org/freedesktop/DBus; interface=org.freedesktop.DBus; member=NameOwnerChanged
   string ":1.150"
   string ":1.150"
   string ""
signal time=1788730811.393913 sender=:1.2 -> destination=(null destination) serial=175 path=/org/a11y/atspi/registry; interface=org.a11y.atspi.Registry; member=EventListenerDeregistered
   string ":1.150"
   string ""
signal time=1788730811.397827 sender=org.freedesktop.DBus -> destination=(null destination) serial=301 path=/org/freedesktop/DBus; interface=org.freedesktop.DBus; member=NameOwnerChanged
   string ":1.151"
   string ""
   string ":1.151"
signal time=1788730811.397896 sender=org.freedesktop.DBus -> destination=:1.151 serial=2 path=/org/freedesktop/DBus; interface=org.freedesktop.DBus; member=NameAcquired
   string ":1.151"
signal time=1788730811.399216 sender=org.freedesktop.DBus -> destination=:1.151 serial=3 path=/org/freedesktop/DBus; interface=org.freedesktop.DBus; member=NameLost
   string ":1.151"
signal time=1788730811.399233 sender=org.freedesktop.DBus -> destination=(null destination) serial=302 path=/org/freedesktop/DBus; interface=org.freedesktop.DBus; member=NameOwnerChanged
   string ":1.151"
   string ":1.151"
   string ""
signal time=1788730811.399388 sender=:1.2 -> destination=(null destination) serial=176 path=/org/a11y/atspi/registry; interface=org.a11y.atspi.Registry; member=EventListenerDeregistered
   string ":1.151"
   string ""
signal time=1788730811.403564 sender=org.freedesktop.DBus -> destination=(null destination) serial=303 path=/org/freedesktop/DBus; interface=org.freedesktop.DBus; member=NameOwnerChanged
   string ":1.152"
   string ""
   string ":1.152"
signal time=1788730811.403590 sender=org.freedesktop.DBus -> destination=:1.152 serial=2 path=/org/freedesktop/DBus; interface=org.freedesktop.DBus; member=NameAcquired
   string ":1.152"
signal time=1788730811.404870 sender=org.freedesktop.DBus -> destination=:1.152 serial=3 path=/org/freedesktop/DBus; interface=org.freedesktop.DBus; member=NameLost
   string ":1.152"
signal time=1788730811.404889 sender=org.freedesktop.DBus -> destination=(null destination) serial=304 path=/org/freedesktop/DBus; interface=org.freedesktop.DBus; member=NameOwnerChanged
   string ":1.152"
   string ":1.152"
   string ""
signal time=1788730811.404942 sender=:1.2 -> destination=(null destination) serial=177 path=/org/a11y/atspi/registry; interface=org.a11y.atspi.Registry; member=EventListenerDeregistered
   string ":1.152"
   string ""
signal time=1788730811.409758 sender=org.freedesktop.DBus -> destination=(null destination) serial=305 path=/org/freedesktop/DBus; interface=org.freedesktop.DBus; member=NameOwnerChanged
   string ":1.153"
   string ""
   string ":1.153"
signal time=1788730811.409804 sender=org.freedesktop.DBus -> destination=:1.153 serial=2 path=/org/freedesktop/DBus; interface=org.freedesktop.DBus; member=NameAcquired
   string ":1.153"
signal time=1788730811.411210 sender=org.freedesktop.DBus -> destination=:1.153 serial=3 path=/org/freedesktop/DBus; interface=org.freedesktop.DBus; member=NameLost
   string ":1.153"
signal time=1788730811.411245 sender=org.freedesktop.DBus -> destination=(null destination) serial=306 path=/org/freedesktop/DBus; interface=org.freedesktop.DBus; member=NameOwnerChanged
   string ":1.153"
   string ":1.153"
   string ""
signal time=1788730811.411361 sender=:1.2 -> destination=(null destination) serial=178 path=/org/a11y/atspi/registry; interface=org.a11y.atspi.Registry; member=EventListenerDeregistered
   string ":1.153"
   string ""
signal time=1788730811.415885 sender=org.freedesktop.DBus -> destination=(null destination) serial=307 path=/org/freedesktop/DBus; interface=org.freedesktop.DBus; member=NameOwnerChanged
   string ":1.154"
   string ""
   string ":1.154"
signal time=1788730811.415919 sender=org.freedesktop.DBus -> destination=:1.154 serial=2 path=/org/freedesktop/DBus; interface=org.freedesktop.DBus; member=NameAcquired
   string ":1.154"
signal time=1788730811.416929 sender=org.freedesktop.DBus -> destination=:1.154 serial=3 path=/org/freedesktop/DBus; interface=org.freedesktop.DBus; member=NameLost
   string ":1.154"
signal time=1788730811.416947 sender=org.freedesktop.DBus -> destination=(null destination) serial=308 path=/org/freedesktop/DBus; interface=org.freedesktop.DBus; member=NameOwnerChanged
   string ":1.154"
   string ":1.154"
   string ""
signal time=1788730811.417088 sender=:1.2 -> destination=(null destination) serial=179 path=/org/a11y/atspi/registry; interface=org.a11y.atspi.Registry; member=EventListenerDeregistered
   string ":1.154"
   string ""
signal time=1788730811.733402 sender=:1.1 -> destination=(null destination) serial=330 path=/org/a11y/atspi/accessible/root; interface=org.a11y.atspi.Event.Object; member=Announcement
   string "Action refused. Error: Window / Documents: Documents menu action is unavailable in this build."
   int32 1
   int32 0
   variant       string "Action refused. Error: Window / Documents: Documents menu action is unavailable in this build."
   array [
   ]
signal time=1788730811.737308 sender=:1.1 -> destination=(null destination) serial=331 path=/org/a11y/atspi/accessible/menus/n6d656e753a57696e646f77; interface=org.a11y.atspi.Event.Object; member=ChildrenChanged
   string "remove"
   int32 2
   int32 0
   variant       struct {
         string ":1.1"
         object path "/org/a11y/atspi/accessible/menus/n6d656e753a57696e646f772f77696e646f772e6c61796f7574"
      }
   array [
   ]
signal time=1788730811.737416 sender=:1.1 -> destination=(null destination) serial=332 path=/org/a11y/atspi/accessible/menus/n6d656e753a57696e646f77; interface=org.a11y.atspi.Event.Object; member=ChildrenChanged
   string "remove"
   int32 1
   int32 0
   variant       struct {
         string ":1.1"
         object path "/org/a11y/atspi/accessible/menus/n6d656e753a57696e646f772f77696e646f772e7465726d696e616c"
      }
   array [
   ]
signal time=1788730811.737487 sender=:1.1 -> destination=(null destination) serial=333 path=/org/a11y/atspi/accessible/menus/n6d656e753a57696e646f77; interface=org.a11y.atspi.Event.Object; member=ChildrenChanged
   string "remove"
   int32 0
   int32 0
   variant       struct {
         string ":1.1"
         object path "/org/a11y/atspi/accessible/menus/n6d656e753a57696e646f772f77696e646f772e646f63756d656e7473"
      }
   array [
   ]
signal time=1788730811.737557 sender=:1.1 -> destination=(null destination) serial=334 path=/org/a11y/atspi/accessible/root; interface=org.a11y.atspi.Event.Object; member=ChildrenChanged
   string "remove"
   int32 1
   int32 0
   variant       struct {
         string ":1.1"
         object path "/org/a11y/atspi/accessible/menus/n6d656e753a57696e646f77"
      }
   array [
   ]
signal time=1788730813.135644 sender=org.freedesktop.DBus -> destination=(null destination) serial=309 path=/org/freedesktop/DBus; interface=org.freedesktop.DBus; member=NameOwnerChanged
   string ":1.155"
   string ""
   string ":1.155"
signal time=1788730813.135668 sender=org.freedesktop.DBus -> destination=:1.155 serial=2 path=/org/freedesktop/DBus; interface=org.freedesktop.DBus; member=NameAcquired
   string ":1.155"
signal time=1788730813.137244 sender=org.freedesktop.DBus -> destination=:1.155 serial=3 path=/org/freedesktop/DBus; interface=org.freedesktop.DBus; member=NameLost
   string ":1.155"
signal time=1788730813.137263 sender=org.freedesktop.DBus -> destination=(null destination) serial=310 path=/org/freedesktop/DBus; interface=org.freedesktop.DBus; member=NameOwnerChanged
   string ":1.155"
   string ":1.155"
   string ""
signal time=1788730813.137346 sender=:1.2 -> destination=(null destination) serial=182 path=/org/a11y/atspi/registry; interface=org.a11y.atspi.Registry; member=EventListenerDeregistered
   string ":1.155"
   string ""
signal time=1788730813.141808 sender=org.freedesktop.DBus -> destination=(null destination) serial=311 path=/org/freedesktop/DBus; interface=org.freedesktop.DBus; member=NameOwnerChanged
   string ":1.156"
   string ""
   string ":1.156"
signal time=1788730813.141847 sender=org.freedesktop.DBus -> destination=:1.156 serial=2 path=/org/freedesktop/DBus; interface=org.freedesktop.DBus; member=NameAcquired
   string ":1.156"
signal time=1788730813.143340 sender=org.freedesktop.DBus -> destination=:1.156 serial=5 path=/org/freedesktop/DBus; interface=org.freedesktop.DBus; member=NameLost
   string ":1.156"
signal time=1788730813.143359 sender=org.freedesktop.DBus -> destination=(null destination) serial=312 path=/org/freedesktop/DBus; interface=org.freedesktop.DBus; member=NameOwnerChanged
   string ":1.156"
   string ":1.156"
   string ""
signal time=1788730813.143452 sender=:1.2 -> destination=(null destination) serial=183 path=/org/a11y/atspi/registry; interface=org.a11y.atspi.Registry; member=EventListenerDeregistered
   string ":1.156"
   string ""
signal time=1788730813.148302 sender=org.freedesktop.DBus -> destination=(null destination) serial=313 path=/org/freedesktop/DBus; interface=org.freedesktop.DBus; member=NameOwnerChanged
   string ":1.157"
   string ""
   string ":1.157"
signal time=1788730813.148337 sender=org.freedesktop.DBus -> destination=:1.157 serial=2 path=/org/freedesktop/DBus; interface=org.freedesktop.DBus; member=NameAcquired
   string ":1.157"
signal time=1788730813.149703 sender=org.freedesktop.DBus -> destination=:1.157 serial=3 path=/org/freedesktop/DBus; interface=org.freedesktop.DBus; member=NameLost
   string ":1.157"
signal time=1788730813.149735 sender=org.freedesktop.DBus -> destination=(null destination) serial=314 path=/org/freedesktop/DBus; interface=org.freedesktop.DBus; member=NameOwnerChanged
   string ":1.157"
   string ":1.157"
   string ""
signal time=1788730813.149922 sender=:1.2 -> destination=(null destination) serial=184 path=/org/a11y/atspi/registry; interface=org.a11y.atspi.Registry; member=EventListenerDeregistered
   string ":1.157"
   string ""
signal time=1788730813.155671 sender=org.freedesktop.DBus -> destination=(null destination) serial=315 path=/org/freedesktop/DBus; interface=org.freedesktop.DBus; member=NameOwnerChanged
   string ":1.158"
   string ""
   string ":1.158"
signal time=1788730813.155719 sender=org.freedesktop.DBus -> destination=:1.158 serial=2 path=/org/freedesktop/DBus; interface=org.freedesktop.DBus; member=NameAcquired
   string ":1.158"
signal time=1788730813.158195 sender=org.freedesktop.DBus -> destination=:1.158 serial=3 path=/org/freedesktop/DBus; interface=org.freedesktop.DBus; member=NameLost
   string ":1.158"
signal time=1788730813.158254 sender=org.freedesktop.DBus -> destination=(null destination) serial=316 path=/org/freedesktop/DBus; interface=org.freedesktop.DBus; member=NameOwnerChanged
   string ":1.158"
   string ":1.158"
   string ""
signal time=1788730813.158437 sender=:1.2 -> destination=(null destination) serial=185 path=/org/a11y/atspi/registry; interface=org.a11y.atspi.Registry; member=EventListenerDeregistered
   string ":1.158"
   string ""
signal time=1788730813.165865 sender=org.freedesktop.DBus -> destination=(null destination) serial=317 path=/org/freedesktop/DBus; interface=org.freedesktop.DBus; member=NameOwnerChanged
   string ":1.159"
   string ""
   string ":1.159"
signal time=1788730813.165927 sender=org.freedesktop.DBus -> destination=:1.159 serial=2 path=/org/freedesktop/DBus; interface=org.freedesktop.DBus; member=NameAcquired
   string ":1.159"
signal time=1788730813.167584 sender=org.freedesktop.DBus -> destination=:1.159 serial=3 path=/org/freedesktop/DBus; interface=org.freedesktop.DBus; member=NameLost
   string ":1.159"
signal time=1788730813.167619 sender=org.freedesktop.DBus -> destination=(null destination) serial=318 path=/org/freedesktop/DBus; interface=org.freedesktop.DBus; member=NameOwnerChanged
   string ":1.159"
   string ":1.159"
   string ""
signal time=1788730813.167762 sender=:1.2 -> destination=(null destination) serial=186 path=/org/a11y/atspi/registry; interface=org.a11y.atspi.Registry; member=EventListenerDeregistered
   string ":1.159"
   string ""
signal time=1788730813.176048 sender=org.freedesktop.DBus -> destination=(null destination) serial=319 path=/org/freedesktop/DBus; interface=org.freedesktop.DBus; member=NameOwnerChanged
   string ":1.160"
   string ""
   string ":1.160"
signal time=1788730813.176112 sender=org.freedesktop.DBus -> destination=:1.160 serial=2 path=/org/freedesktop/DBus; interface=org.freedesktop.DBus; member=NameAcquired
   string ":1.160"
signal time=1788730813.178701 sender=org.freedesktop.DBus -> destination=:1.160 serial=3 path=/org/freedesktop/DBus; interface=org.freedesktop.DBus; member=NameLost
   string ":1.160"
signal time=1788730813.178746 sender=org.freedesktop.DBus -> destination=(null destination) serial=320 path=/org/freedesktop/DBus; interface=org.freedesktop.DBus; member=NameOwnerChanged
   string ":1.160"
   string ":1.160"
   string ""
signal time=1788730813.178925 sender=:1.2 -> destination=(null destination) serial=187 path=/org/a11y/atspi/registry; interface=org.a11y.atspi.Registry; member=EventListenerDeregistered
   string ":1.160"
   string ""
signal time=1788730813.185287 sender=org.freedesktop.DBus -> destination=(null destination) serial=321 path=/org/freedesktop/DBus; interface=org.freedesktop.DBus; member=NameOwnerChanged
   string ":1.161"
   string ""
   string ":1.161"
signal time=1788730813.185343 sender=org.freedesktop.DBus -> destination=:1.161 serial=2 path=/org/freedesktop/DBus; interface=org.freedesktop.DBus; member=NameAcquired
   string ":1.161"
signal time=1788730813.187437 sender=org.freedesktop.DBus -> destination=:1.161 serial=3 path=/org/freedesktop/DBus; interface=org.freedesktop.DBus; member=NameLost
   string ":1.161"
signal time=1788730813.187481 sender=org.freedesktop.DBus -> destination=(null destination) serial=322 path=/org/freedesktop/DBus; interface=org.freedesktop.DBus; member=NameOwnerChanged
   string ":1.161"
   string ":1.161"
   string ""
signal time=1788730813.187676 sender=:1.2 -> destination=(null destination) serial=188 path=/org/a11y/atspi/registry; interface=org.a11y.atspi.Registry; member=EventListenerDeregistered
   string ":1.161"
   string ""
signal time=1788730813.194274 sender=org.freedesktop.DBus -> destination=(null destination) serial=323 path=/org/freedesktop/DBus; interface=org.freedesktop.DBus; member=NameOwnerChanged
   string ":1.162"
   string ""
   string ":1.162"
signal time=1788730813.194327 sender=org.freedesktop.DBus -> destination=:1.162 serial=2 path=/org/freedesktop/DBus; interface=org.freedesktop.DBus; member=NameAcquired
   string ":1.162"
signal time=1788730813.196704 sender=org.freedesktop.DBus -> destination=:1.162 serial=3 path=/org/freedesktop/DBus; interface=org.freedesktop.DBus; member=NameLost
   string ":1.162"
signal time=1788730813.196734 sender=org.freedesktop.DBus -> destination=(null destination) serial=324 path=/org/freedesktop/DBus; interface=org.freedesktop.DBus; member=NameOwnerChanged
   string ":1.162"
   string ":1.162"
   string ""
signal time=1788730813.196927 sender=:1.2 -> destination=(null destination) serial=189 path=/org/a11y/atspi/registry; interface=org.a11y.atspi.Registry; member=EventListenerDeregistered
   string ":1.162"
   string ""
signal time=1788730813.596575 sender=org.freedesktop.DBus -> destination=(null destination) serial=325 path=/org/freedesktop/DBus; interface=org.freedesktop.DBus; member=NameOwnerChanged
   string ":1.163"
   string ""
   string ":1.163"
signal time=1788730813.596602 sender=org.freedesktop.DBus -> destination=:1.163 serial=2 path=/org/freedesktop/DBus; interface=org.freedesktop.DBus; member=NameAcquired
   string ":1.163"
signal time=1788730813.597607 sender=org.freedesktop.DBus -> destination=:1.163 serial=3 path=/org/freedesktop/DBus; interface=org.freedesktop.DBus; member=NameLost
   string ":1.163"
signal time=1788730813.597627 sender=org.freedesktop.DBus -> destination=(null destination) serial=326 path=/org/freedesktop/DBus; interface=org.freedesktop.DBus; member=NameOwnerChanged
   string ":1.163"
   string ":1.163"
   string ""
signal time=1788730813.597829 sender=:1.2 -> destination=(null destination) serial=192 path=/org/a11y/atspi/registry; interface=org.a11y.atspi.Registry; member=EventListenerDeregistered
   string ":1.163"
   string ""
signal time=1788730813.601527 sender=org.freedesktop.DBus -> destination=(null destination) serial=327 path=/org/freedesktop/DBus; interface=org.freedesktop.DBus; member=NameOwnerChanged
   string ":1.164"
   string ""
   string ":1.164"
signal time=1788730813.601554 sender=org.freedesktop.DBus -> destination=:1.164 serial=2 path=/org/freedesktop/DBus; interface=org.freedesktop.DBus; member=NameAcquired
   string ":1.164"
signal time=1788730813.602680 sender=org.freedesktop.DBus -> destination=:1.164 serial=5 path=/org/freedesktop/DBus; interface=org.freedesktop.DBus; member=NameLost
   string ":1.164"
signal time=1788730813.602696 sender=org.freedesktop.DBus -> destination=(null destination) serial=328 path=/org/freedesktop/DBus; interface=org.freedesktop.DBus; member=NameOwnerChanged
   string ":1.164"
   string ":1.164"
   string ""
signal time=1788730813.602833 sender=:1.2 -> destination=(null destination) serial=193 path=/org/a11y/atspi/registry; interface=org.a11y.atspi.Registry; member=EventListenerDeregistered
   string ":1.164"
   string ""
signal time=1788730813.606494 sender=org.freedesktop.DBus -> destination=(null destination) serial=329 path=/org/freedesktop/DBus; interface=org.freedesktop.DBus; member=NameOwnerChanged
   string ":1.165"
   string ""
   string ":1.165"
signal time=1788730813.606519 sender=org.freedesktop.DBus -> destination=:1.165 serial=2 path=/org/freedesktop/DBus; interface=org.freedesktop.DBus; member=NameAcquired
   string ":1.165"
signal time=1788730813.607625 sender=org.freedesktop.DBus -> destination=:1.165 serial=3 path=/org/freedesktop/DBus; interface=org.freedesktop.DBus; member=NameLost
   string ":1.165"
signal time=1788730813.607639 sender=org.freedesktop.DBus -> destination=(null destination) serial=330 path=/org/freedesktop/DBus; interface=org.freedesktop.DBus; member=NameOwnerChanged
   string ":1.165"
   string ":1.165"
   string ""
signal time=1788730813.607766 sender=:1.2 -> destination=(null destination) serial=194 path=/org/a11y/atspi/registry; interface=org.a11y.atspi.Registry; member=EventListenerDeregistered
   string ":1.165"
   string ""
signal time=1788730813.611774 sender=org.freedesktop.DBus -> destination=(null destination) serial=331 path=/org/freedesktop/DBus; interface=org.freedesktop.DBus; member=NameOwnerChanged
   string ":1.166"
   string ""
   string ":1.166"
signal time=1788730813.611833 sender=org.freedesktop.DBus -> destination=:1.166 serial=2 path=/org/freedesktop/DBus; interface=org.freedesktop.DBus; member=NameAcquired
   string ":1.166"
signal time=1788730813.613172 sender=org.freedesktop.DBus -> destination=:1.166 serial=3 path=/org/freedesktop/DBus; interface=org.freedesktop.DBus; member=NameLost
   string ":1.166"
signal time=1788730813.613192 sender=org.freedesktop.DBus -> destination=(null destination) serial=332 path=/org/freedesktop/DBus; interface=org.freedesktop.DBus; member=NameOwnerChanged
   string ":1.166"
   string ":1.166"
   string ""
signal time=1788730813.613332 sender=:1.2 -> destination=(null destination) serial=195 path=/org/a11y/atspi/registry; interface=org.a11y.atspi.Registry; member=EventListenerDeregistered
   string ":1.166"
   string ""
signal time=1788730813.616809 sender=org.freedesktop.DBus -> destination=(null destination) serial=333 path=/org/freedesktop/DBus; interface=org.freedesktop.DBus; member=NameOwnerChanged
   string ":1.167"
   string ""
   string ":1.167"
signal time=1788730813.616830 sender=org.freedesktop.DBus -> destination=:1.167 serial=2 path=/org/freedesktop/DBus; interface=org.freedesktop.DBus; member=NameAcquired
   string ":1.167"
signal time=1788730813.617714 sender=org.freedesktop.DBus -> destination=:1.167 serial=3 path=/org/freedesktop/DBus; interface=org.freedesktop.DBus; member=NameLost
   string ":1.167"
signal time=1788730813.617731 sender=org.freedesktop.DBus -> destination=(null destination) serial=334 path=/org/freedesktop/DBus; interface=org.freedesktop.DBus; member=NameOwnerChanged
   string ":1.167"
   string ":1.167"
   string ""
signal time=1788730813.617884 sender=:1.2 -> destination=(null destination) serial=196 path=/org/a11y/atspi/registry; interface=org.a11y.atspi.Registry; member=EventListenerDeregistered
   string ":1.167"
   string ""
signal time=1788730813.621722 sender=org.freedesktop.DBus -> destination=(null destination) serial=335 path=/org/freedesktop/DBus; interface=org.freedesktop.DBus; member=NameOwnerChanged
   string ":1.168"
   string ""
   string ":1.168"
signal time=1788730813.621746 sender=org.freedesktop.DBus -> destination=:1.168 serial=2 path=/org/freedesktop/DBus; interface=org.freedesktop.DBus; member=NameAcquired
   string ":1.168"
signal time=1788730813.623022 sender=org.freedesktop.DBus -> destination=:1.168 serial=3 path=/org/freedesktop/DBus; interface=org.freedesktop.DBus; member=NameLost
   string ":1.168"
signal time=1788730813.623036 sender=org.freedesktop.DBus -> destination=(null destination) serial=336 path=/org/freedesktop/DBus; interface=org.freedesktop.DBus; member=NameOwnerChanged
   string ":1.168"
   string ":1.168"
   string ""
signal time=1788730813.623096 sender=:1.2 -> destination=(null destination) serial=197 path=/org/a11y/atspi/registry; interface=org.a11y.atspi.Registry; member=EventListenerDeregistered
   string ":1.168"
   string ""
signal time=1788730813.626741 sender=org.freedesktop.DBus -> destination=(null destination) serial=337 path=/org/freedesktop/DBus; interface=org.freedesktop.DBus; member=NameOwnerChanged
   string ":1.169"
   string ""
   string ":1.169"
signal time=1788730813.626766 sender=org.freedesktop.DBus -> destination=:1.169 serial=2 path=/org/freedesktop/DBus; interface=org.freedesktop.DBus; member=NameAcquired
   string ":1.169"
signal time=1788730813.627649 sender=org.freedesktop.DBus -> destination=:1.169 serial=3 path=/org/freedesktop/DBus; interface=org.freedesktop.DBus; member=NameLost
   string ":1.169"
signal time=1788730813.627669 sender=org.freedesktop.DBus -> destination=(null destination) serial=338 path=/org/freedesktop/DBus; interface=org.freedesktop.DBus; member=NameOwnerChanged
   string ":1.169"
   string ":1.169"
   string ""
signal time=1788730813.627736 sender=:1.2 -> destination=(null destination) serial=198 path=/org/a11y/atspi/registry; interface=org.a11y.atspi.Registry; member=EventListenerDeregistered
   string ":1.169"
   string ""
signal time=1788730813.631518 sender=org.freedesktop.DBus -> destination=(null destination) serial=339 path=/org/freedesktop/DBus; interface=org.freedesktop.DBus; member=NameOwnerChanged
   string ":1.170"
   string ""
   string ":1.170"
signal time=1788730813.631546 sender=org.freedesktop.DBus -> destination=:1.170 serial=2 path=/org/freedesktop/DBus; interface=org.freedesktop.DBus; member=NameAcquired
   string ":1.170"
signal time=1788730813.632718 sender=org.freedesktop.DBus -> destination=:1.170 serial=3 path=/org/freedesktop/DBus; interface=org.freedesktop.DBus; member=NameLost
   string ":1.170"
signal time=1788730813.632737 sender=org.freedesktop.DBus -> destination=(null destination) serial=340 path=/org/freedesktop/DBus; interface=org.freedesktop.DBus; member=NameOwnerChanged
   string ":1.170"
   string ":1.170"
   string ""
signal time=1788730813.632824 sender=:1.2 -> destination=(null destination) serial=199 path=/org/a11y/atspi/registry; interface=org.a11y.atspi.Registry; member=EventListenerDeregistered
   string ":1.170"
   string ""
signal time=1788730813.952072 sender=:1.1 -> destination=(null destination) serial=359 path=/org/a11y/atspi/accessible/root; interface=org.a11y.atspi.Event.Object; member=ChildrenChanged
   string "add"
   int32 1
   int32 0
   variant       struct {
         string ":1.1"
         object path "/org/a11y/atspi/accessible/menus/n6d656e753a57696e646f77"
      }
   array [
   ]
signal time=1788730813.952218 sender=:1.1 -> destination=(null destination) serial=360 path=/org/a11y/atspi/accessible/menus/n6d656e753a57696e646f77; interface=org.a11y.atspi.Event.Object; member=StateChanged
   string "focused"
   int32 0
   int32 0
   variant       boolean false
   array [
   ]
signal time=1788730813.952260 sender=:1.1 -> destination=(null destination) serial=361 path=/org/a11y/atspi/accessible/menus/n6d656e753a57696e646f77; interface=org.a11y.atspi.Event.Object; member=StateChanged
   string "enabled"
   int32 1
   int32 0
   variant       boolean true
   array [
   ]
signal time=1788730813.952300 sender=:1.1 -> destination=(null destination) serial=362 path=/org/a11y/atspi/accessible/menus/n6d656e753a57696e646f77; interface=org.a11y.atspi.Event.Object; member=StateChanged
   string "sensitive"
   int32 1
   int32 0
   variant       boolean true
   array [
   ]
signal time=1788730813.952337 sender=:1.1 -> destination=(null destination) serial=363 path=/org/a11y/atspi/accessible/menus/n6d656e753a57696e646f77; interface=org.a11y.atspi.Event.Object; member=ChildrenChanged
   string "add"
   int32 0
   int32 0
   variant       struct {
         string ":1.1"
         object path "/org/a11y/atspi/accessible/menus/n6d656e753a57696e646f772f77696e646f772e646f63756d656e7473"
      }
   array [
   ]
signal time=1788730813.952392 sender=:1.1 -> destination=(null destination) serial=364 path=/org/a11y/atspi/accessible/menus/n6d656e753a57696e646f772f77696e646f772e646f63756d656e7473; interface=org.a11y.atspi.Event.Object; member=StateChanged
   string "focused"
   int32 1
   int32 0
   variant       boolean true
   array [
   ]
signal time=1788730813.952430 sender=:1.1 -> destination=(null destination) serial=365 path=/org/a11y/atspi/accessible/menus/n6d656e753a57696e646f772f77696e646f772e646f63756d656e7473; interface=org.a11y.atspi.Event.Object; member=StateChanged
   string "enabled"
   int32 0
   int32 0
   variant       boolean false
   array [
   ]
signal time=1788730813.952467 sender=:1.1 -> destination=(null destination) serial=366 path=/org/a11y/atspi/accessible/menus/n6d656e753a57696e646f772f77696e646f772e646f63756d656e7473; interface=org.a11y.atspi.Event.Object; member=StateChanged
   string "sensitive"
   int32 0
   int32 0
   variant       boolean false
   array [
   ]
signal time=1788730813.952505 sender=:1.1 -> destination=(null destination) serial=367 path=/org/a11y/atspi/accessible/menus/n6d656e753a57696e646f77; interface=org.a11y.atspi.Event.Object; member=ChildrenChanged
   string "add"
   int32 1
   int32 0
   variant       struct {
         string ":1.1"
         object path "/org/a11y/atspi/accessible/menus/n6d656e753a57696e646f772f77696e646f772e7465726d696e616c"
      }
   array [
   ]
signal time=1788730813.952559 sender=:1.1 -> destination=(null destination) serial=368 path=/org/a11y/atspi/accessible/menus/n6d656e753a57696e646f772f77696e646f772e7465726d696e616c; interface=org.a11y.atspi.Event.Object; member=StateChanged
   string "focused"
   int32 0
   int32 0
   variant       boolean false
   array [
   ]
signal time=1788730813.952617 sender=:1.1 -> destination=(null destination) serial=369 path=/org/a11y/atspi/accessible/menus/n6d656e753a57696e646f772f77696e646f772e7465726d696e616c; interface=org.a11y.atspi.Event.Object; member=StateChanged
   string "enabled"
   int32 1
   int32 0
   variant       boolean true
   array [
   ]
signal time=1788730813.952745 sender=:1.1 -> destination=(null destination) serial=370 path=/org/a11y/atspi/accessible/menus/n6d656e753a57696e646f772f77696e646f772e7465726d696e616c; interface=org.a11y.atspi.Event.Object; member=StateChanged
   string "sensitive"
   int32 1
   int32 0
   variant       boolean true
   array [
   ]
signal time=1788730813.952788 sender=:1.1 -> destination=(null destination) serial=371 path=/org/a11y/atspi/accessible/menus/n6d656e753a57696e646f77; interface=org.a11y.atspi.Event.Object; member=ChildrenChanged
   string "add"
   int32 2
   int32 0
   variant       struct {
         string ":1.1"
         object path "/org/a11y/atspi/accessible/menus/n6d656e753a57696e646f772f77696e646f772e6c61796f7574"
      }
   array [
   ]
signal time=1788730813.952842 sender=:1.1 -> destination=(null destination) serial=372 path=/org/a11y/atspi/accessible/menus/n6d656e753a57696e646f772f77696e646f772e6c61796f7574; interface=org.a11y.atspi.Event.Object; member=StateChanged
   string "focused"
   int32 0
   int32 0
   variant       boolean false
   array [
   ]
signal time=1788730813.952907 sender=:1.1 -> destination=(null destination) serial=373 path=/org/a11y/atspi/accessible/menus/n6d656e753a57696e646f772f77696e646f772e6c61796f7574; interface=org.a11y.atspi.Event.Object; member=StateChanged
   string "enabled"
   int32 1
   int32 0
   variant       boolean true
   array [
   ]
signal time=1788730813.952965 sender=:1.1 -> destination=(null destination) serial=374 path=/org/a11y/atspi/accessible/menus/n6d656e753a57696e646f772f77696e646f772e6c61796f7574; interface=org.a11y.atspi.Event.Object; member=StateChanged
   string "sensitive"
   int32 1
   int32 0
   variant       boolean true
   array [
   ]
signal time=1788730815.354381 sender=org.freedesktop.DBus -> destination=(null destination) serial=341 path=/org/freedesktop/DBus; interface=org.freedesktop.DBus; member=NameOwnerChanged
   string ":1.171"
   string ""
   string ":1.171"
signal time=1788730815.354479 sender=org.freedesktop.DBus -> destination=:1.171 serial=2 path=/org/freedesktop/DBus; interface=org.freedesktop.DBus; member=NameAcquired
   string ":1.171"
signal time=1788730815.358104 sender=org.freedesktop.DBus -> destination=:1.171 serial=3 path=/org/freedesktop/DBus; interface=org.freedesktop.DBus; member=NameLost
   string ":1.171"
signal time=1788730815.358174 sender=org.freedesktop.DBus -> destination=(null destination) serial=342 path=/org/freedesktop/DBus; interface=org.freedesktop.DBus; member=NameOwnerChanged
   string ":1.171"
   string ":1.171"
   string ""
signal time=1788730815.358371 sender=:1.2 -> destination=(null destination) serial=202 path=/org/a11y/atspi/registry; interface=org.a11y.atspi.Registry; member=EventListenerDeregistered
   string ":1.171"
   string ""
signal time=1788730815.368079 sender=org.freedesktop.DBus -> destination=(null destination) serial=343 path=/org/freedesktop/DBus; interface=org.freedesktop.DBus; member=NameOwnerChanged
   string ":1.172"
   string ""
   string ":1.172"
signal time=1788730815.368168 sender=org.freedesktop.DBus -> destination=:1.172 serial=2 path=/org/freedesktop/DBus; interface=org.freedesktop.DBus; member=NameAcquired
   string ":1.172"
signal time=1788730815.371109 sender=org.freedesktop.DBus -> destination=:1.172 serial=5 path=/org/freedesktop/DBus; interface=org.freedesktop.DBus; member=NameLost
   string ":1.172"
signal time=1788730815.371175 sender=org.freedesktop.DBus -> destination=(null destination) serial=344 path=/org/freedesktop/DBus; interface=org.freedesktop.DBus; member=NameOwnerChanged
   string ":1.172"
   string ":1.172"
   string ""
signal time=1788730815.371357 sender=:1.2 -> destination=(null destination) serial=203 path=/org/a11y/atspi/registry; interface=org.a11y.atspi.Registry; member=EventListenerDeregistered
   string ":1.172"
   string ""
signal time=1788730815.381658 sender=org.freedesktop.DBus -> destination=(null destination) serial=345 path=/org/freedesktop/DBus; interface=org.freedesktop.DBus; member=NameOwnerChanged
   string ":1.173"
   string ""
   string ":1.173"
signal time=1788730815.381721 sender=org.freedesktop.DBus -> destination=:1.173 serial=2 path=/org/freedesktop/DBus; interface=org.freedesktop.DBus; member=NameAcquired
   string ":1.173"
signal time=1788730815.383955 sender=org.freedesktop.DBus -> destination=:1.173 serial=3 path=/org/freedesktop/DBus; interface=org.freedesktop.DBus; member=NameLost
   string ":1.173"
signal time=1788730815.383989 sender=org.freedesktop.DBus -> destination=(null destination) serial=346 path=/org/freedesktop/DBus; interface=org.freedesktop.DBus; member=NameOwnerChanged
   string ":1.173"
   string ":1.173"
   string ""
signal time=1788730815.384185 sender=:1.2 -> destination=(null destination) serial=204 path=/org/a11y/atspi/registry; interface=org.a11y.atspi.Registry; member=EventListenerDeregistered
   string ":1.173"
   string ""
signal time=1788730815.390508 sender=org.freedesktop.DBus -> destination=(null destination) serial=347 path=/org/freedesktop/DBus; interface=org.freedesktop.DBus; member=NameOwnerChanged
   string ":1.174"
   string ""
   string ":1.174"
signal time=1788730815.390566 sender=org.freedesktop.DBus -> destination=:1.174 serial=2 path=/org/freedesktop/DBus; interface=org.freedesktop.DBus; member=NameAcquired
   string ":1.174"
signal time=1788730815.392569 sender=org.freedesktop.DBus -> destination=:1.174 serial=3 path=/org/freedesktop/DBus; interface=org.freedesktop.DBus; member=NameLost
   string ":1.174"
signal time=1788730815.392597 sender=org.freedesktop.DBus -> destination=(null destination) serial=348 path=/org/freedesktop/DBus; interface=org.freedesktop.DBus; member=NameOwnerChanged
   string ":1.174"
   string ":1.174"
   string ""
signal time=1788730815.392753 sender=:1.2 -> destination=(null destination) serial=205 path=/org/a11y/atspi/registry; interface=org.a11y.atspi.Registry; member=EventListenerDeregistered
   string ":1.174"
   string ""
signal time=1788730815.397806 sender=org.freedesktop.DBus -> destination=(null destination) serial=349 path=/org/freedesktop/DBus; interface=org.freedesktop.DBus; member=NameOwnerChanged
   string ":1.175"
   string ""
   string ":1.175"
signal time=1788730815.397842 sender=org.freedesktop.DBus -> destination=:1.175 serial=2 path=/org/freedesktop/DBus; interface=org.freedesktop.DBus; member=NameAcquired
   string ":1.175"
signal time=1788730815.398774 sender=org.freedesktop.DBus -> destination=:1.175 serial=3 path=/org/freedesktop/DBus; interface=org.freedesktop.DBus; member=NameLost
   string ":1.175"
signal time=1788730815.398796 sender=org.freedesktop.DBus -> destination=(null destination) serial=350 path=/org/freedesktop/DBus; interface=org.freedesktop.DBus; member=NameOwnerChanged
   string ":1.175"
   string ":1.175"
   string ""
signal time=1788730815.398928 sender=:1.2 -> destination=(null destination) serial=206 path=/org/a11y/atspi/registry; interface=org.a11y.atspi.Registry; member=EventListenerDeregistered
   string ":1.175"
   string ""
signal time=1788730815.403513 sender=org.freedesktop.DBus -> destination=(null destination) serial=351 path=/org/freedesktop/DBus; interface=org.freedesktop.DBus; member=NameOwnerChanged
   string ":1.176"
   string ""
   string ":1.176"
signal time=1788730815.403550 sender=org.freedesktop.DBus -> destination=:1.176 serial=2 path=/org/freedesktop/DBus; interface=org.freedesktop.DBus; member=NameAcquired
   string ":1.176"
signal time=1788730815.404888 sender=org.freedesktop.DBus -> destination=:1.176 serial=3 path=/org/freedesktop/DBus; interface=org.freedesktop.DBus; member=NameLost
   string ":1.176"
signal time=1788730815.404915 sender=org.freedesktop.DBus -> destination=(null destination) serial=352 path=/org/freedesktop/DBus; interface=org.freedesktop.DBus; member=NameOwnerChanged
   string ":1.176"
   string ":1.176"
   string ""
signal time=1788730815.405021 sender=:1.2 -> destination=(null destination) serial=207 path=/org/a11y/atspi/registry; interface=org.a11y.atspi.Registry; member=EventListenerDeregistered
   string ":1.176"
   string ""
signal time=1788730815.409539 sender=org.freedesktop.DBus -> destination=(null destination) serial=353 path=/org/freedesktop/DBus; interface=org.freedesktop.DBus; member=NameOwnerChanged
   string ":1.177"
   string ""
   string ":1.177"
signal time=1788730815.409592 sender=org.freedesktop.DBus -> destination=:1.177 serial=2 path=/org/freedesktop/DBus; interface=org.freedesktop.DBus; member=NameAcquired
   string ":1.177"
signal time=1788730815.411410 sender=org.freedesktop.DBus -> destination=:1.177 serial=3 path=/org/freedesktop/DBus; interface=org.freedesktop.DBus; member=NameLost
   string ":1.177"
signal time=1788730815.411430 sender=org.freedesktop.DBus -> destination=(null destination) serial=354 path=/org/freedesktop/DBus; interface=org.freedesktop.DBus; member=NameOwnerChanged
   string ":1.177"
   string ":1.177"
   string ""
signal time=1788730815.411552 sender=:1.2 -> destination=(null destination) serial=208 path=/org/a11y/atspi/registry; interface=org.a11y.atspi.Registry; member=EventListenerDeregistered
   string ":1.177"
   string ""
signal time=1788730815.415814 sender=org.freedesktop.DBus -> destination=(null destination) serial=355 path=/org/freedesktop/DBus; interface=org.freedesktop.DBus; member=NameOwnerChanged
   string ":1.178"
   string ""
   string ":1.178"
signal time=1788730815.415848 sender=org.freedesktop.DBus -> destination=:1.178 serial=2 path=/org/freedesktop/DBus; interface=org.freedesktop.DBus; member=NameAcquired
   string ":1.178"
signal time=1788730815.417203 sender=org.freedesktop.DBus -> destination=:1.178 serial=3 path=/org/freedesktop/DBus; interface=org.freedesktop.DBus; member=NameLost
   string ":1.178"
signal time=1788730815.417223 sender=org.freedesktop.DBus -> destination=(null destination) serial=356 path=/org/freedesktop/DBus; interface=org.freedesktop.DBus; member=NameOwnerChanged
   string ":1.178"
   string ":1.178"
   string ""
signal time=1788730815.417338 sender=:1.2 -> destination=(null destination) serial=209 path=/org/a11y/atspi/registry; interface=org.a11y.atspi.Registry; member=EventListenerDeregistered
   string ":1.178"
   string ""
signal time=1788730815.421714 sender=org.freedesktop.DBus -> destination=(null destination) serial=357 path=/org/freedesktop/DBus; interface=org.freedesktop.DBus; member=NameOwnerChanged
   string ":1.179"
   string ""
   string ":1.179"
signal time=1788730815.421745 sender=org.freedesktop.DBus -> destination=:1.179 serial=2 path=/org/freedesktop/DBus; interface=org.freedesktop.DBus; member=NameAcquired
   string ":1.179"
signal time=1788730815.423104 sender=org.freedesktop.DBus -> destination=:1.179 serial=3 path=/org/freedesktop/DBus; interface=org.freedesktop.DBus; member=NameLost
   string ":1.179"
signal time=1788730815.423121 sender=org.freedesktop.DBus -> destination=(null destination) serial=358 path=/org/freedesktop/DBus; interface=org.freedesktop.DBus; member=NameOwnerChanged
   string ":1.179"
   string ":1.179"
   string ""
signal time=1788730815.423224 sender=:1.2 -> destination=(null destination) serial=210 path=/org/a11y/atspi/registry; interface=org.a11y.atspi.Registry; member=EventListenerDeregistered
   string ":1.179"
   string ""
signal time=1788730815.427219 sender=org.freedesktop.DBus -> destination=(null destination) serial=359 path=/org/freedesktop/DBus; interface=org.freedesktop.DBus; member=NameOwnerChanged
   string ":1.180"
   string ""
   string ":1.180"
signal time=1788730815.427252 sender=org.freedesktop.DBus -> destination=:1.180 serial=2 path=/org/freedesktop/DBus; interface=org.freedesktop.DBus; member=NameAcquired
   string ":1.180"
signal time=1788730815.428570 sender=org.freedesktop.DBus -> destination=:1.180 serial=3 path=/org/freedesktop/DBus; interface=org.freedesktop.DBus; member=NameLost
   string ":1.180"
signal time=1788730815.428599 sender=org.freedesktop.DBus -> destination=(null destination) serial=360 path=/org/freedesktop/DBus; interface=org.freedesktop.DBus; member=NameOwnerChanged
   string ":1.180"
   string ":1.180"
   string ""
signal time=1788730815.428665 sender=:1.2 -> destination=(null destination) serial=211 path=/org/a11y/atspi/registry; interface=org.a11y.atspi.Registry; member=EventListenerDeregistered
   string ":1.180"
   string ""
signal time=1788730815.432546 sender=org.freedesktop.DBus -> destination=(null destination) serial=361 path=/org/freedesktop/DBus; interface=org.freedesktop.DBus; member=NameOwnerChanged
   string ":1.181"
   string ""
   string ":1.181"
signal time=1788730815.432585 sender=org.freedesktop.DBus -> destination=:1.181 serial=2 path=/org/freedesktop/DBus; interface=org.freedesktop.DBus; member=NameAcquired
   string ":1.181"
signal time=1788730815.433711 sender=org.freedesktop.DBus -> destination=:1.181 serial=3 path=/org/freedesktop/DBus; interface=org.freedesktop.DBus; member=NameLost
   string ":1.181"
signal time=1788730815.433731 sender=org.freedesktop.DBus -> destination=(null destination) serial=362 path=/org/freedesktop/DBus; interface=org.freedesktop.DBus; member=NameOwnerChanged
   string ":1.181"
   string ":1.181"
   string ""
signal time=1788730815.433753 sender=:1.2 -> destination=(null destination) serial=212 path=/org/a11y/atspi/registry; interface=org.a11y.atspi.Registry; member=EventListenerDeregistered
   string ":1.181"
   string ""
signal time=1788730815.438557 sender=org.freedesktop.DBus -> destination=(null destination) serial=363 path=/org/freedesktop/DBus; interface=org.freedesktop.DBus; member=NameOwnerChanged
   string ":1.182"
   string ""
   string ":1.182"
signal time=1788730815.438586 sender=org.freedesktop.DBus -> destination=:1.182 serial=2 path=/org/freedesktop/DBus; interface=org.freedesktop.DBus; member=NameAcquired
   string ":1.182"
signal time=1788730815.440048 sender=org.freedesktop.DBus -> destination=:1.182 serial=3 path=/org/freedesktop/DBus; interface=org.freedesktop.DBus; member=NameLost
   string ":1.182"
signal time=1788730815.440064 sender=org.freedesktop.DBus -> destination=(null destination) serial=364 path=/org/freedesktop/DBus; interface=org.freedesktop.DBus; member=NameOwnerChanged
   string ":1.182"
   string ":1.182"
   string ""
signal time=1788730815.440179 sender=:1.2 -> destination=(null destination) serial=213 path=/org/a11y/atspi/registry; interface=org.a11y.atspi.Registry; member=EventListenerDeregistered
   string ":1.182"
   string ""
signal time=1788730815.444262 sender=org.freedesktop.DBus -> destination=(null destination) serial=365 path=/org/freedesktop/DBus; interface=org.freedesktop.DBus; member=NameOwnerChanged
   string ":1.183"
   string ""
   string ":1.183"
signal time=1788730815.444295 sender=org.freedesktop.DBus -> destination=:1.183 serial=2 path=/org/freedesktop/DBus; interface=org.freedesktop.DBus; member=NameAcquired
   string ":1.183"
signal time=1788730815.445474 sender=org.freedesktop.DBus -> destination=:1.183 serial=3 path=/org/freedesktop/DBus; interface=org.freedesktop.DBus; member=NameLost
   string ":1.183"
signal time=1788730815.445494 sender=org.freedesktop.DBus -> destination=(null destination) serial=366 path=/org/freedesktop/DBus; interface=org.freedesktop.DBus; member=NameOwnerChanged
   string ":1.183"
   string ":1.183"
   string ""
signal time=1788730815.445544 sender=:1.2 -> destination=(null destination) serial=214 path=/org/a11y/atspi/registry; interface=org.a11y.atspi.Registry; member=EventListenerDeregistered
   string ":1.183"
   string ""
signal time=1788730815.449669 sender=org.freedesktop.DBus -> destination=(null destination) serial=367 path=/org/freedesktop/DBus; interface=org.freedesktop.DBus; member=NameOwnerChanged
   string ":1.184"
   string ""
   string ":1.184"
signal time=1788730815.449702 sender=org.freedesktop.DBus -> destination=:1.184 serial=2 path=/org/freedesktop/DBus; interface=org.freedesktop.DBus; member=NameAcquired
   string ":1.184"
signal time=1788730815.450833 sender=org.freedesktop.DBus -> destination=:1.184 serial=3 path=/org/freedesktop/DBus; interface=org.freedesktop.DBus; member=NameLost
   string ":1.184"
signal time=1788730815.450850 sender=org.freedesktop.DBus -> destination=(null destination) serial=368 path=/org/freedesktop/DBus; interface=org.freedesktop.DBus; member=NameOwnerChanged
   string ":1.184"
   string ":1.184"
   string ""
signal time=1788730815.450870 sender=:1.2 -> destination=(null destination) serial=215 path=/org/a11y/atspi/registry; interface=org.a11y.atspi.Registry; member=EventListenerDeregistered
   string ":1.184"
   string ""
signal time=1788730815.455488 sender=org.freedesktop.DBus -> destination=(null destination) serial=369 path=/org/freedesktop/DBus; interface=org.freedesktop.DBus; member=NameOwnerChanged
   string ":1.185"
   string ""
   string ":1.185"
signal time=1788730815.455517 sender=org.freedesktop.DBus -> destination=:1.185 serial=2 path=/org/freedesktop/DBus; interface=org.freedesktop.DBus; member=NameAcquired
   string ":1.185"
signal time=1788730815.456908 sender=org.freedesktop.DBus -> destination=:1.185 serial=3 path=/org/freedesktop/DBus; interface=org.freedesktop.DBus; member=NameLost
   string ":1.185"
signal time=1788730815.456933 sender=org.freedesktop.DBus -> destination=(null destination) serial=370 path=/org/freedesktop/DBus; interface=org.freedesktop.DBus; member=NameOwnerChanged
   string ":1.185"
   string ":1.185"
   string ""
signal time=1788730815.457066 sender=:1.2 -> destination=(null destination) serial=216 path=/org/a11y/atspi/registry; interface=org.a11y.atspi.Registry; member=EventListenerDeregistered
   string ":1.185"
   string ""
signal time=1788730815.461398 sender=org.freedesktop.DBus -> destination=(null destination) serial=371 path=/org/freedesktop/DBus; interface=org.freedesktop.DBus; member=NameOwnerChanged
   string ":1.186"
   string ""
   string ":1.186"
signal time=1788730815.461431 sender=org.freedesktop.DBus -> destination=:1.186 serial=2 path=/org/freedesktop/DBus; interface=org.freedesktop.DBus; member=NameAcquired
   string ":1.186"
signal time=1788730815.462898 sender=org.freedesktop.DBus -> destination=:1.186 serial=3 path=/org/freedesktop/DBus; interface=org.freedesktop.DBus; member=NameLost
   string ":1.186"
signal time=1788730815.462921 sender=org.freedesktop.DBus -> destination=(null destination) serial=372 path=/org/freedesktop/DBus; interface=org.freedesktop.DBus; member=NameOwnerChanged
   string ":1.186"
   string ":1.186"
   string ""
signal time=1788730815.462993 sender=:1.2 -> destination=(null destination) serial=217 path=/org/a11y/atspi/registry; interface=org.a11y.atspi.Registry; member=EventListenerDeregistered
   string ":1.186"
   string ""
signal time=1788730815.467080 sender=org.freedesktop.DBus -> destination=(null destination) serial=373 path=/org/freedesktop/DBus; interface=org.freedesktop.DBus; member=NameOwnerChanged
   string ":1.187"
   string ""
   string ":1.187"
signal time=1788730815.467110 sender=org.freedesktop.DBus -> destination=:1.187 serial=2 path=/org/freedesktop/DBus; interface=org.freedesktop.DBus; member=NameAcquired
   string ":1.187"
signal time=1788730815.468441 sender=org.freedesktop.DBus -> destination=:1.187 serial=3 path=/org/freedesktop/DBus; interface=org.freedesktop.DBus; member=NameLost
   string ":1.187"
signal time=1788730815.468461 sender=org.freedesktop.DBus -> destination=(null destination) serial=374 path=/org/freedesktop/DBus; interface=org.freedesktop.DBus; member=NameOwnerChanged
   string ":1.187"
   string ":1.187"
   string ""
signal time=1788730815.468540 sender=:1.2 -> destination=(null destination) serial=218 path=/org/a11y/atspi/registry; interface=org.a11y.atspi.Registry; member=EventListenerDeregistered
   string ":1.187"
   string ""
signal time=1788730815.472503 sender=org.freedesktop.DBus -> destination=(null destination) serial=375 path=/org/freedesktop/DBus; interface=org.freedesktop.DBus; member=NameOwnerChanged
   string ":1.188"
   string ""
   string ":1.188"
signal time=1788730815.472548 sender=org.freedesktop.DBus -> destination=:1.188 serial=2 path=/org/freedesktop/DBus; interface=org.freedesktop.DBus; member=NameAcquired
   string ":1.188"
signal time=1788730815.473863 sender=org.freedesktop.DBus -> destination=:1.188 serial=3 path=/org/freedesktop/DBus; interface=org.freedesktop.DBus; member=NameLost
   string ":1.188"
signal time=1788730815.473891 sender=org.freedesktop.DBus -> destination=(null destination) serial=376 path=/org/freedesktop/DBus; interface=org.freedesktop.DBus; member=NameOwnerChanged
   string ":1.188"
   string ":1.188"
   string ""
signal time=1788730815.473965 sender=:1.2 -> destination=(null destination) serial=219 path=/org/a11y/atspi/registry; interface=org.a11y.atspi.Registry; member=EventListenerDeregistered
   string ":1.188"
   string ""
signal time=1788730815.478382 sender=org.freedesktop.DBus -> destination=(null destination) serial=377 path=/org/freedesktop/DBus; interface=org.freedesktop.DBus; member=NameOwnerChanged
   string ":1.189"
   string ""
   string ":1.189"
signal time=1788730815.478411 sender=org.freedesktop.DBus -> destination=:1.189 serial=2 path=/org/freedesktop/DBus; interface=org.freedesktop.DBus; member=NameAcquired
   string ":1.189"
signal time=1788730815.479964 sender=org.freedesktop.DBus -> destination=:1.189 serial=3 path=/org/freedesktop/DBus; interface=org.freedesktop.DBus; member=NameLost
   string ":1.189"
signal time=1788730815.479982 sender=org.freedesktop.DBus -> destination=(null destination) serial=378 path=/org/freedesktop/DBus; interface=org.freedesktop.DBus; member=NameOwnerChanged
   string ":1.189"
   string ":1.189"
   string ""
signal time=1788730815.480108 sender=:1.2 -> destination=(null destination) serial=220 path=/org/a11y/atspi/registry; interface=org.a11y.atspi.Registry; member=EventListenerDeregistered
   string ":1.189"
   string ""
signal time=1788730815.484006 sender=org.freedesktop.DBus -> destination=(null destination) serial=379 path=/org/freedesktop/DBus; interface=org.freedesktop.DBus; member=NameOwnerChanged
   string ":1.190"
   string ""
   string ":1.190"
signal time=1788730815.484033 sender=org.freedesktop.DBus -> destination=:1.190 serial=2 path=/org/freedesktop/DBus; interface=org.freedesktop.DBus; member=NameAcquired
   string ":1.190"
signal time=1788730815.485329 sender=org.freedesktop.DBus -> destination=:1.190 serial=3 path=/org/freedesktop/DBus; interface=org.freedesktop.DBus; member=NameLost
   string ":1.190"
signal time=1788730815.485346 sender=org.freedesktop.DBus -> destination=(null destination) serial=380 path=/org/freedesktop/DBus; interface=org.freedesktop.DBus; member=NameOwnerChanged
   string ":1.190"
   string ":1.190"
   string ""
signal time=1788730815.485455 sender=:1.2 -> destination=(null destination) serial=221 path=/org/a11y/atspi/registry; interface=org.a11y.atspi.Registry; member=EventListenerDeregistered
   string ":1.190"
   string ""
signal time=1788730815.886742 sender=org.freedesktop.DBus -> destination=(null destination) serial=381 path=/org/freedesktop/DBus; interface=org.freedesktop.DBus; member=NameOwnerChanged
   string ":1.191"
   string ""
   string ":1.191"
signal time=1788730815.886768 sender=org.freedesktop.DBus -> destination=:1.191 serial=2 path=/org/freedesktop/DBus; interface=org.freedesktop.DBus; member=NameAcquired
   string ":1.191"
signal time=1788730815.888129 sender=org.freedesktop.DBus -> destination=:1.191 serial=3 path=/org/freedesktop/DBus; interface=org.freedesktop.DBus; member=NameLost
   string ":1.191"
signal time=1788730815.888151 sender=org.freedesktop.DBus -> destination=(null destination) serial=382 path=/org/freedesktop/DBus; interface=org.freedesktop.DBus; member=NameOwnerChanged
   string ":1.191"
   string ":1.191"
   string ""
signal time=1788730815.888209 sender=:1.2 -> destination=(null destination) serial=224 path=/org/a11y/atspi/registry; interface=org.a11y.atspi.Registry; member=EventListenerDeregistered
   string ":1.191"
   string ""
signal time=1788730815.892773 sender=org.freedesktop.DBus -> destination=(null destination) serial=383 path=/org/freedesktop/DBus; interface=org.freedesktop.DBus; member=NameOwnerChanged
   string ":1.192"
   string ""
   string ":1.192"
signal time=1788730815.892812 sender=org.freedesktop.DBus -> destination=:1.192 serial=2 path=/org/freedesktop/DBus; interface=org.freedesktop.DBus; member=NameAcquired
   string ":1.192"
signal time=1788730815.893945 sender=org.freedesktop.DBus -> destination=:1.192 serial=5 path=/org/freedesktop/DBus; interface=org.freedesktop.DBus; member=NameLost
   string ":1.192"
signal time=1788730815.893985 sender=org.freedesktop.DBus -> destination=(null destination) serial=384 path=/org/freedesktop/DBus; interface=org.freedesktop.DBus; member=NameOwnerChanged
   string ":1.192"
   string ":1.192"
   string ""
signal time=1788730815.894020 sender=:1.2 -> destination=(null destination) serial=225 path=/org/a11y/atspi/registry; interface=org.a11y.atspi.Registry; member=EventListenerDeregistered
   string ":1.192"
   string ""
signal time=1788730815.898257 sender=org.freedesktop.DBus -> destination=(null destination) serial=385 path=/org/freedesktop/DBus; interface=org.freedesktop.DBus; member=NameOwnerChanged
   string ":1.193"
   string ""
   string ":1.193"
signal time=1788730815.898283 sender=org.freedesktop.DBus -> destination=:1.193 serial=2 path=/org/freedesktop/DBus; interface=org.freedesktop.DBus; member=NameAcquired
   string ":1.193"
signal time=1788730815.900049 sender=org.freedesktop.DBus -> destination=:1.193 serial=3 path=/org/freedesktop/DBus; interface=org.freedesktop.DBus; member=NameLost
   string ":1.193"
signal time=1788730815.900104 sender=org.freedesktop.DBus -> destination=(null destination) serial=386 path=/org/freedesktop/DBus; interface=org.freedesktop.DBus; member=NameOwnerChanged
   string ":1.193"
   string ":1.193"
   string ""
signal time=1788730815.900299 sender=:1.2 -> destination=(null destination) serial=226 path=/org/a11y/atspi/registry; interface=org.a11y.atspi.Registry; member=EventListenerDeregistered
   string ":1.193"
   string ""
signal time=1788730815.904207 sender=org.freedesktop.DBus -> destination=(null destination) serial=387 path=/org/freedesktop/DBus; interface=org.freedesktop.DBus; member=NameOwnerChanged
   string ":1.194"
   string ""
   string ":1.194"
signal time=1788730815.904237 sender=org.freedesktop.DBus -> destination=:1.194 serial=2 path=/org/freedesktop/DBus; interface=org.freedesktop.DBus; member=NameAcquired
   string ":1.194"
signal time=1788730815.905638 sender=org.freedesktop.DBus -> destination=:1.194 serial=3 path=/org/freedesktop/DBus; interface=org.freedesktop.DBus; member=NameLost
   string ":1.194"
signal time=1788730815.905708 sender=org.freedesktop.DBus -> destination=(null destination) serial=388 path=/org/freedesktop/DBus; interface=org.freedesktop.DBus; member=NameOwnerChanged
   string ":1.194"
   string ":1.194"
   string ""
signal time=1788730815.905800 sender=:1.2 -> destination=(null destination) serial=227 path=/org/a11y/atspi/registry; interface=org.a11y.atspi.Registry; member=EventListenerDeregistered
   string ":1.194"
   string ""
signal time=1788730815.910670 sender=org.freedesktop.DBus -> destination=(null destination) serial=389 path=/org/freedesktop/DBus; interface=org.freedesktop.DBus; member=NameOwnerChanged
   string ":1.195"
   string ""
   string ":1.195"
signal time=1788730815.910705 sender=org.freedesktop.DBus -> destination=:1.195 serial=2 path=/org/freedesktop/DBus; interface=org.freedesktop.DBus; member=NameAcquired
   string ":1.195"
signal time=1788730815.912410 sender=org.freedesktop.DBus -> destination=:1.195 serial=3 path=/org/freedesktop/DBus; interface=org.freedesktop.DBus; member=NameLost
   string ":1.195"
signal time=1788730815.912428 sender=org.freedesktop.DBus -> destination=(null destination) serial=390 path=/org/freedesktop/DBus; interface=org.freedesktop.DBus; member=NameOwnerChanged
   string ":1.195"
   string ":1.195"
   string ""
signal time=1788730815.912499 sender=:1.2 -> destination=(null destination) serial=228 path=/org/a11y/atspi/registry; interface=org.a11y.atspi.Registry; member=EventListenerDeregistered
   string ":1.195"
   string ""
signal time=1788730815.916703 sender=org.freedesktop.DBus -> destination=(null destination) serial=391 path=/org/freedesktop/DBus; interface=org.freedesktop.DBus; member=NameOwnerChanged
   string ":1.196"
   string ""
   string ":1.196"
signal time=1788730815.916730 sender=org.freedesktop.DBus -> destination=:1.196 serial=2 path=/org/freedesktop/DBus; interface=org.freedesktop.DBus; member=NameAcquired
   string ":1.196"
signal time=1788730815.918085 sender=org.freedesktop.DBus -> destination=:1.196 serial=3 path=/org/freedesktop/DBus; interface=org.freedesktop.DBus; member=NameLost
   string ":1.196"
signal time=1788730815.918107 sender=org.freedesktop.DBus -> destination=(null destination) serial=392 path=/org/freedesktop/DBus; interface=org.freedesktop.DBus; member=NameOwnerChanged
   string ":1.196"
   string ":1.196"
   string ""
signal time=1788730815.918193 sender=:1.2 -> destination=(null destination) serial=229 path=/org/a11y/atspi/registry; interface=org.a11y.atspi.Registry; member=EventListenerDeregistered
   string ":1.196"
   string ""
signal time=1788730815.922683 sender=org.freedesktop.DBus -> destination=(null destination) serial=393 path=/org/freedesktop/DBus; interface=org.freedesktop.DBus; member=NameOwnerChanged
   string ":1.197"
   string ""
   string ":1.197"
signal time=1788730815.922718 sender=org.freedesktop.DBus -> destination=:1.197 serial=2 path=/org/freedesktop/DBus; interface=org.freedesktop.DBus; member=NameAcquired
   string ":1.197"
signal time=1788730815.924328 sender=org.freedesktop.DBus -> destination=:1.197 serial=3 path=/org/freedesktop/DBus; interface=org.freedesktop.DBus; member=NameLost
   string ":1.197"
signal time=1788730815.924350 sender=org.freedesktop.DBus -> destination=(null destination) serial=394 path=/org/freedesktop/DBus; interface=org.freedesktop.DBus; member=NameOwnerChanged
   string ":1.197"
   string ":1.197"
   string ""
signal time=1788730815.924483 sender=:1.2 -> destination=(null destination) serial=230 path=/org/a11y/atspi/registry; interface=org.a11y.atspi.Registry; member=EventListenerDeregistered
   string ":1.197"
   string ""
signal time=1788730815.928394 sender=org.freedesktop.DBus -> destination=(null destination) serial=395 path=/org/freedesktop/DBus; interface=org.freedesktop.DBus; member=NameOwnerChanged
   string ":1.198"
   string ""
   string ":1.198"
signal time=1788730815.928426 sender=org.freedesktop.DBus -> destination=:1.198 serial=2 path=/org/freedesktop/DBus; interface=org.freedesktop.DBus; member=NameAcquired
   string ":1.198"
signal time=1788730815.929923 sender=org.freedesktop.DBus -> destination=:1.198 serial=3 path=/org/freedesktop/DBus; interface=org.freedesktop.DBus; member=NameLost
   string ":1.198"
signal time=1788730815.929947 sender=org.freedesktop.DBus -> destination=(null destination) serial=396 path=/org/freedesktop/DBus; interface=org.freedesktop.DBus; member=NameOwnerChanged
   string ":1.198"
   string ":1.198"
   string ""
signal time=1788730815.930105 sender=:1.2 -> destination=(null destination) serial=231 path=/org/a11y/atspi/registry; interface=org.a11y.atspi.Registry; member=EventListenerDeregistered
   string ":1.198"
   string ""
signal time=1788730815.933843 sender=org.freedesktop.DBus -> destination=(null destination) serial=397 path=/org/freedesktop/DBus; interface=org.freedesktop.DBus; member=NameOwnerChanged
   string ":1.199"
   string ""
   string ":1.199"
signal time=1788730815.933873 sender=org.freedesktop.DBus -> destination=:1.199 serial=2 path=/org/freedesktop/DBus; interface=org.freedesktop.DBus; member=NameAcquired
   string ":1.199"
signal time=1788730815.935309 sender=org.freedesktop.DBus -> destination=:1.199 serial=3 path=/org/freedesktop/DBus; interface=org.freedesktop.DBus; member=NameLost
   string ":1.199"
signal time=1788730815.935329 sender=org.freedesktop.DBus -> destination=(null destination) serial=398 path=/org/freedesktop/DBus; interface=org.freedesktop.DBus; member=NameOwnerChanged
   string ":1.199"
   string ":1.199"
   string ""
signal time=1788730815.935414 sender=:1.2 -> destination=(null destination) serial=232 path=/org/a11y/atspi/registry; interface=org.a11y.atspi.Registry; member=EventListenerDeregistered
   string ":1.199"
   string ""
signal time=1788730815.939534 sender=org.freedesktop.DBus -> destination=(null destination) serial=399 path=/org/freedesktop/DBus; interface=org.freedesktop.DBus; member=NameOwnerChanged
   string ":1.200"
   string ""
   string ":1.200"
signal time=1788730815.939562 sender=org.freedesktop.DBus -> destination=:1.200 serial=2 path=/org/freedesktop/DBus; interface=org.freedesktop.DBus; member=NameAcquired
   string ":1.200"
signal time=1788730815.941183 sender=org.freedesktop.DBus -> destination=:1.200 serial=3 path=/org/freedesktop/DBus; interface=org.freedesktop.DBus; member=NameLost
   string ":1.200"
signal time=1788730815.941202 sender=org.freedesktop.DBus -> destination=(null destination) serial=400 path=/org/freedesktop/DBus; interface=org.freedesktop.DBus; member=NameOwnerChanged
   string ":1.200"
   string ":1.200"
   string ""
signal time=1788730815.941275 sender=:1.2 -> destination=(null destination) serial=233 path=/org/a11y/atspi/registry; interface=org.a11y.atspi.Registry; member=EventListenerDeregistered
   string ":1.200"
   string ""
signal time=1788730815.945203 sender=org.freedesktop.DBus -> destination=(null destination) serial=401 path=/org/freedesktop/DBus; interface=org.freedesktop.DBus; member=NameOwnerChanged
   string ":1.201"
   string ""
   string ":1.201"
signal time=1788730815.945232 sender=org.freedesktop.DBus -> destination=:1.201 serial=2 path=/org/freedesktop/DBus; interface=org.freedesktop.DBus; member=NameAcquired
   string ":1.201"
signal time=1788730815.946797 sender=org.freedesktop.DBus -> destination=:1.201 serial=3 path=/org/freedesktop/DBus; interface=org.freedesktop.DBus; member=NameLost
   string ":1.201"
signal time=1788730815.946817 sender=org.freedesktop.DBus -> destination=(null destination) serial=402 path=/org/freedesktop/DBus; interface=org.freedesktop.DBus; member=NameOwnerChanged
   string ":1.201"
   string ":1.201"
   string ""
signal time=1788730815.946884 sender=:1.2 -> destination=(null destination) serial=234 path=/org/a11y/atspi/registry; interface=org.a11y.atspi.Registry; member=EventListenerDeregistered
   string ":1.201"
   string ""
signal time=1788730815.950811 sender=org.freedesktop.DBus -> destination=(null destination) serial=403 path=/org/freedesktop/DBus; interface=org.freedesktop.DBus; member=NameOwnerChanged
   string ":1.202"
   string ""
   string ":1.202"
signal time=1788730815.950836 sender=org.freedesktop.DBus -> destination=:1.202 serial=2 path=/org/freedesktop/DBus; interface=org.freedesktop.DBus; member=NameAcquired
   string ":1.202"
signal time=1788730815.952551 sender=org.freedesktop.DBus -> destination=:1.202 serial=3 path=/org/freedesktop/DBus; interface=org.freedesktop.DBus; member=NameLost
   string ":1.202"
signal time=1788730815.952570 sender=org.freedesktop.DBus -> destination=(null destination) serial=404 path=/org/freedesktop/DBus; interface=org.freedesktop.DBus; member=NameOwnerChanged
   string ":1.202"
   string ":1.202"
   string ""
signal time=1788730815.952637 sender=:1.2 -> destination=(null destination) serial=235 path=/org/a11y/atspi/registry; interface=org.a11y.atspi.Registry; member=EventListenerDeregistered
   string ":1.202"
   string ""
signal time=1788730815.956659 sender=org.freedesktop.DBus -> destination=(null destination) serial=405 path=/org/freedesktop/DBus; interface=org.freedesktop.DBus; member=NameOwnerChanged
   string ":1.203"
   string ""
   string ":1.203"
signal time=1788730815.956689 sender=org.freedesktop.DBus -> destination=:1.203 serial=2 path=/org/freedesktop/DBus; interface=org.freedesktop.DBus; member=NameAcquired
   string ":1.203"
signal time=1788730815.958170 sender=org.freedesktop.DBus -> destination=:1.203 serial=3 path=/org/freedesktop/DBus; interface=org.freedesktop.DBus; member=NameLost
   string ":1.203"
signal time=1788730815.958190 sender=org.freedesktop.DBus -> destination=(null destination) serial=406 path=/org/freedesktop/DBus; interface=org.freedesktop.DBus; member=NameOwnerChanged
   string ":1.203"
   string ":1.203"
   string ""
signal time=1788730815.958263 sender=:1.2 -> destination=(null destination) serial=236 path=/org/a11y/atspi/registry; interface=org.a11y.atspi.Registry; member=EventListenerDeregistered
   string ":1.203"
   string ""
signal time=1788730815.962117 sender=org.freedesktop.DBus -> destination=(null destination) serial=407 path=/org/freedesktop/DBus; interface=org.freedesktop.DBus; member=NameOwnerChanged
   string ":1.204"
   string ""
   string ":1.204"
signal time=1788730815.962141 sender=org.freedesktop.DBus -> destination=:1.204 serial=2 path=/org/freedesktop/DBus; interface=org.freedesktop.DBus; member=NameAcquired
   string ":1.204"
signal time=1788730815.963579 sender=org.freedesktop.DBus -> destination=:1.204 serial=3 path=/org/freedesktop/DBus; interface=org.freedesktop.DBus; member=NameLost
   string ":1.204"
signal time=1788730815.963597 sender=org.freedesktop.DBus -> destination=(null destination) serial=408 path=/org/freedesktop/DBus; interface=org.freedesktop.DBus; member=NameOwnerChanged
   string ":1.204"
   string ":1.204"
   string ""
signal time=1788730815.963703 sender=:1.2 -> destination=(null destination) serial=237 path=/org/a11y/atspi/registry; interface=org.a11y.atspi.Registry; member=EventListenerDeregistered
   string ":1.204"
   string ""
signal time=1788730815.968949 sender=org.freedesktop.DBus -> destination=(null destination) serial=409 path=/org/freedesktop/DBus; interface=org.freedesktop.DBus; member=NameOwnerChanged
   string ":1.205"
   string ""
   string ":1.205"
signal time=1788730815.968977 sender=org.freedesktop.DBus -> destination=:1.205 serial=2 path=/org/freedesktop/DBus; interface=org.freedesktop.DBus; member=NameAcquired
   string ":1.205"
signal time=1788730815.970513 sender=org.freedesktop.DBus -> destination=:1.205 serial=3 path=/org/freedesktop/DBus; interface=org.freedesktop.DBus; member=NameLost
   string ":1.205"
signal time=1788730815.970533 sender=org.freedesktop.DBus -> destination=(null destination) serial=410 path=/org/freedesktop/DBus; interface=org.freedesktop.DBus; member=NameOwnerChanged
   string ":1.205"
   string ":1.205"
   string ""
signal time=1788730815.970676 sender=:1.2 -> destination=(null destination) serial=238 path=/org/a11y/atspi/registry; interface=org.a11y.atspi.Registry; member=EventListenerDeregistered
   string ":1.205"
   string ""
signal time=1788730815.974726 sender=org.freedesktop.DBus -> destination=(null destination) serial=411 path=/org/freedesktop/DBus; interface=org.freedesktop.DBus; member=NameOwnerChanged
   string ":1.206"
   string ""
   string ":1.206"
signal time=1788730815.974757 sender=org.freedesktop.DBus -> destination=:1.206 serial=2 path=/org/freedesktop/DBus; interface=org.freedesktop.DBus; member=NameAcquired
   string ":1.206"
signal time=1788730815.976089 sender=org.freedesktop.DBus -> destination=:1.206 serial=3 path=/org/freedesktop/DBus; interface=org.freedesktop.DBus; member=NameLost
   string ":1.206"
signal time=1788730815.976105 sender=org.freedesktop.DBus -> destination=(null destination) serial=412 path=/org/freedesktop/DBus; interface=org.freedesktop.DBus; member=NameOwnerChanged
   string ":1.206"
   string ":1.206"
   string ""
signal time=1788730815.976201 sender=:1.2 -> destination=(null destination) serial=239 path=/org/a11y/atspi/registry; interface=org.a11y.atspi.Registry; member=EventListenerDeregistered
   string ":1.206"
   string ""
signal time=1788730815.980190 sender=org.freedesktop.DBus -> destination=(null destination) serial=413 path=/org/freedesktop/DBus; interface=org.freedesktop.DBus; member=NameOwnerChanged
   string ":1.207"
   string ""
   string ":1.207"
signal time=1788730815.980225 sender=org.freedesktop.DBus -> destination=:1.207 serial=2 path=/org/freedesktop/DBus; interface=org.freedesktop.DBus; member=NameAcquired
   string ":1.207"
signal time=1788730815.981682 sender=org.freedesktop.DBus -> destination=:1.207 serial=3 path=/org/freedesktop/DBus; interface=org.freedesktop.DBus; member=NameLost
   string ":1.207"
signal time=1788730815.981717 sender=org.freedesktop.DBus -> destination=(null destination) serial=414 path=/org/freedesktop/DBus; interface=org.freedesktop.DBus; member=NameOwnerChanged
   string ":1.207"
   string ":1.207"
   string ""
signal time=1788730815.981765 sender=:1.2 -> destination=(null destination) serial=240 path=/org/a11y/atspi/registry; interface=org.a11y.atspi.Registry; member=EventListenerDeregistered
   string ":1.207"
   string ""
signal time=1788730815.985780 sender=org.freedesktop.DBus -> destination=(null destination) serial=415 path=/org/freedesktop/DBus; interface=org.freedesktop.DBus; member=NameOwnerChanged
   string ":1.208"
   string ""
   string ":1.208"
signal time=1788730815.985816 sender=org.freedesktop.DBus -> destination=:1.208 serial=2 path=/org/freedesktop/DBus; interface=org.freedesktop.DBus; member=NameAcquired
   string ":1.208"
signal time=1788730815.986742 sender=org.freedesktop.DBus -> destination=:1.208 serial=3 path=/org/freedesktop/DBus; interface=org.freedesktop.DBus; member=NameLost
   string ":1.208"
signal time=1788730815.986765 sender=org.freedesktop.DBus -> destination=(null destination) serial=416 path=/org/freedesktop/DBus; interface=org.freedesktop.DBus; member=NameOwnerChanged
   string ":1.208"
   string ":1.208"
   string ""
signal time=1788730815.986824 sender=:1.2 -> destination=(null destination) serial=241 path=/org/a11y/atspi/registry; interface=org.a11y.atspi.Registry; member=EventListenerDeregistered
   string ":1.208"
   string ""
signal time=1788730815.991512 sender=org.freedesktop.DBus -> destination=(null destination) serial=417 path=/org/freedesktop/DBus; interface=org.freedesktop.DBus; member=NameOwnerChanged
   string ":1.209"
   string ""
   string ":1.209"
signal time=1788730815.991547 sender=org.freedesktop.DBus -> destination=:1.209 serial=2 path=/org/freedesktop/DBus; interface=org.freedesktop.DBus; member=NameAcquired
   string ":1.209"
signal time=1788730815.992732 sender=org.freedesktop.DBus -> destination=:1.209 serial=3 path=/org/freedesktop/DBus; interface=org.freedesktop.DBus; member=NameLost
   string ":1.209"
signal time=1788730815.992756 sender=org.freedesktop.DBus -> destination=(null destination) serial=418 path=/org/freedesktop/DBus; interface=org.freedesktop.DBus; member=NameOwnerChanged
   string ":1.209"
   string ":1.209"
   string ""
signal time=1788730815.992899 sender=:1.2 -> destination=(null destination) serial=242 path=/org/a11y/atspi/registry; interface=org.a11y.atspi.Registry; member=EventListenerDeregistered
   string ":1.209"
   string ""
signal time=1788730815.997480 sender=org.freedesktop.DBus -> destination=(null destination) serial=419 path=/org/freedesktop/DBus; interface=org.freedesktop.DBus; member=NameOwnerChanged
   string ":1.210"
   string ""
   string ":1.210"
signal time=1788730815.997517 sender=org.freedesktop.DBus -> destination=:1.210 serial=2 path=/org/freedesktop/DBus; interface=org.freedesktop.DBus; member=NameAcquired
   string ":1.210"
signal time=1788730815.999113 sender=org.freedesktop.DBus -> destination=:1.210 serial=3 path=/org/freedesktop/DBus; interface=org.freedesktop.DBus; member=NameLost
   string ":1.210"
signal time=1788730815.999134 sender=org.freedesktop.DBus -> destination=(null destination) serial=420 path=/org/freedesktop/DBus; interface=org.freedesktop.DBus; member=NameOwnerChanged
   string ":1.210"
   string ":1.210"
   string ""
signal time=1788730815.999165 sender=:1.2 -> destination=(null destination) serial=243 path=/org/a11y/atspi/registry; interface=org.a11y.atspi.Registry; member=EventListenerDeregistered
   string ":1.210"
   string ""
signal time=1788730816.320475 sender=:1.1 -> destination=(null destination) serial=447 path=/org/a11y/atspi/accessible/root; interface=org.a11y.atspi.Event.Object; member=Announcement
   string "Action refused. Error: Window / Documents: Documents menu action is unavailable in this build."
   int32 1
   int32 0
   variant       string "Action refused. Error: Window / Documents: Documents menu action is unavailable in this build."
   array [
   ]
signal time=1788730816.323454 sender=:1.1 -> destination=(null destination) serial=448 path=/org/a11y/atspi/accessible/menus/n6d656e753a57696e646f77; interface=org.a11y.atspi.Event.Object; member=ChildrenChanged
   string "remove"
   int32 2
   int32 0
   variant       struct {
         string ":1.1"
         object path "/org/a11y/atspi/accessible/menus/n6d656e753a57696e646f772f77696e646f772e6c61796f7574"
      }
   array [
   ]
signal time=1788730816.323547 sender=:1.1 -> destination=(null destination) serial=449 path=/org/a11y/atspi/accessible/menus/n6d656e753a57696e646f77; interface=org.a11y.atspi.Event.Object; member=ChildrenChanged
   string "remove"
   int32 1
   int32 0
   variant       struct {
         string ":1.1"
         object path "/org/a11y/atspi/accessible/menus/n6d656e753a57696e646f772f77696e646f772e7465726d696e616c"
      }
   array [
   ]
signal time=1788730816.323600 sender=:1.1 -> destination=(null destination) serial=450 path=/org/a11y/atspi/accessible/menus/n6d656e753a57696e646f77; interface=org.a11y.atspi.Event.Object; member=ChildrenChanged
   string "remove"
   int32 0
   int32 0
   variant       struct {
         string ":1.1"
         object path "/org/a11y/atspi/accessible/menus/n6d656e753a57696e646f772f77696e646f772e646f63756d656e7473"
      }
   array [
   ]
signal time=1788730816.323651 sender=:1.1 -> destination=(null destination) serial=451 path=/org/a11y/atspi/accessible/root; interface=org.a11y.atspi.Event.Object; member=ChildrenChanged
   string "remove"
   int32 1
   int32 0
   variant       struct {
         string ":1.1"
         object path "/org/a11y/atspi/accessible/menus/n6d656e753a57696e646f77"
      }
   array [
   ]
signal time=1788730817.636956 sender=org.freedesktop.DBus -> destination=(null destination) serial=421 path=/org/freedesktop/DBus; interface=org.freedesktop.DBus; member=NameOwnerChanged
   string ":1.211"
   string ""
   string ":1.211"
signal time=1788730817.637039 sender=org.freedesktop.DBus -> destination=:1.211 serial=2 path=/org/freedesktop/DBus; interface=org.freedesktop.DBus; member=NameAcquired
   string ":1.211"
signal time=1788730817.640256 sender=org.freedesktop.DBus -> destination=:1.211 serial=3 path=/org/freedesktop/DBus; interface=org.freedesktop.DBus; member=NameLost
   string ":1.211"
signal time=1788730817.640329 sender=org.freedesktop.DBus -> destination=(null destination) serial=422 path=/org/freedesktop/DBus; interface=org.freedesktop.DBus; member=NameOwnerChanged
   string ":1.211"
   string ":1.211"
   string ""
signal time=1788730817.640518 sender=:1.2 -> destination=(null destination) serial=246 path=/org/a11y/atspi/registry; interface=org.a11y.atspi.Registry; member=EventListenerDeregistered
   string ":1.211"
   string ""
signal time=1788730817.652148 sender=org.freedesktop.DBus -> destination=(null destination) serial=423 path=/org/freedesktop/DBus; interface=org.freedesktop.DBus; member=NameOwnerChanged
   string ":1.212"
   string ""
   string ":1.212"
signal time=1788730817.652255 sender=org.freedesktop.DBus -> destination=:1.212 serial=2 path=/org/freedesktop/DBus; interface=org.freedesktop.DBus; member=NameAcquired
   string ":1.212"
signal time=1788730817.655126 sender=org.freedesktop.DBus -> destination=:1.212 serial=5 path=/org/freedesktop/DBus; interface=org.freedesktop.DBus; member=NameLost
   string ":1.212"
signal time=1788730817.655208 sender=org.freedesktop.DBus -> destination=(null destination) serial=424 path=/org/freedesktop/DBus; interface=org.freedesktop.DBus; member=NameOwnerChanged
   string ":1.212"
   string ":1.212"
   string ""
signal time=1788730817.655316 sender=:1.2 -> destination=(null destination) serial=247 path=/org/a11y/atspi/registry; interface=org.a11y.atspi.Registry; member=EventListenerDeregistered
   string ":1.212"
   string ""
signal time=1788730817.665463 sender=org.freedesktop.DBus -> destination=(null destination) serial=425 path=/org/freedesktop/DBus; interface=org.freedesktop.DBus; member=NameOwnerChanged
   string ":1.213"
   string ""
   string ":1.213"
signal time=1788730817.665543 sender=org.freedesktop.DBus -> destination=:1.213 serial=2 path=/org/freedesktop/DBus; interface=org.freedesktop.DBus; member=NameAcquired
   string ":1.213"
signal time=1788730817.668638 sender=org.freedesktop.DBus -> destination=:1.213 serial=3 path=/org/freedesktop/DBus; interface=org.freedesktop.DBus; member=NameLost
   string ":1.213"
signal time=1788730817.668715 sender=org.freedesktop.DBus -> destination=(null destination) serial=426 path=/org/freedesktop/DBus; interface=org.freedesktop.DBus; member=NameOwnerChanged
   string ":1.213"
   string ":1.213"
   string ""
signal time=1788730817.668926 sender=:1.2 -> destination=(null destination) serial=248 path=/org/a11y/atspi/registry; interface=org.a11y.atspi.Registry; member=EventListenerDeregistered
   string ":1.213"
   string ""
signal time=1788730817.679100 sender=org.freedesktop.DBus -> destination=(null destination) serial=427 path=/org/freedesktop/DBus; interface=org.freedesktop.DBus; member=NameOwnerChanged
   string ":1.214"
   string ""
   string ":1.214"
signal time=1788730817.679165 sender=org.freedesktop.DBus -> destination=:1.214 serial=2 path=/org/freedesktop/DBus; interface=org.freedesktop.DBus; member=NameAcquired
   string ":1.214"
signal time=1788730817.682438 sender=org.freedesktop.DBus -> destination=:1.214 serial=3 path=/org/freedesktop/DBus; interface=org.freedesktop.DBus; member=NameLost
   string ":1.214"
signal time=1788730817.682487 sender=org.freedesktop.DBus -> destination=(null destination) serial=428 path=/org/freedesktop/DBus; interface=org.freedesktop.DBus; member=NameOwnerChanged
   string ":1.214"
   string ":1.214"
   string ""
signal time=1788730817.682736 sender=:1.2 -> destination=(null destination) serial=249 path=/org/a11y/atspi/registry; interface=org.a11y.atspi.Registry; member=EventListenerDeregistered
   string ":1.214"
   string ""
signal time=1788730817.691988 sender=org.freedesktop.DBus -> destination=(null destination) serial=429 path=/org/freedesktop/DBus; interface=org.freedesktop.DBus; member=NameOwnerChanged
   string ":1.215"
   string ""
   string ":1.215"
signal time=1788730817.692048 sender=org.freedesktop.DBus -> destination=:1.215 serial=2 path=/org/freedesktop/DBus; interface=org.freedesktop.DBus; member=NameAcquired
   string ":1.215"
signal time=1788730817.695103 sender=org.freedesktop.DBus -> destination=:1.215 serial=3 path=/org/freedesktop/DBus; interface=org.freedesktop.DBus; member=NameLost
   string ":1.215"
signal time=1788730817.695150 sender=org.freedesktop.DBus -> destination=(null destination) serial=430 path=/org/freedesktop/DBus; interface=org.freedesktop.DBus; member=NameOwnerChanged
   string ":1.215"
   string ":1.215"
   string ""
signal time=1788730817.695329 sender=:1.2 -> destination=(null destination) serial=250 path=/org/a11y/atspi/registry; interface=org.a11y.atspi.Registry; member=EventListenerDeregistered
   string ":1.215"
   string ""
signal time=1788730817.703896 sender=org.freedesktop.DBus -> destination=(null destination) serial=431 path=/org/freedesktop/DBus; interface=org.freedesktop.DBus; member=NameOwnerChanged
   string ":1.216"
   string ""
   string ":1.216"
signal time=1788730817.703956 sender=org.freedesktop.DBus -> destination=:1.216 serial=2 path=/org/freedesktop/DBus; interface=org.freedesktop.DBus; member=NameAcquired
   string ":1.216"
signal time=1788730817.707197 sender=org.freedesktop.DBus -> destination=:1.216 serial=3 path=/org/freedesktop/DBus; interface=org.freedesktop.DBus; member=NameLost
   string ":1.216"
signal time=1788730817.707249 sender=org.freedesktop.DBus -> destination=(null destination) serial=432 path=/org/freedesktop/DBus; interface=org.freedesktop.DBus; member=NameOwnerChanged
   string ":1.216"
   string ":1.216"
   string ""
signal time=1788730817.707405 sender=:1.2 -> destination=(null destination) serial=251 path=/org/a11y/atspi/registry; interface=org.a11y.atspi.Registry; member=EventListenerDeregistered
   string ":1.216"
   string ""
signal time=1788730817.716371 sender=org.freedesktop.DBus -> destination=(null destination) serial=433 path=/org/freedesktop/DBus; interface=org.freedesktop.DBus; member=NameOwnerChanged
   string ":1.217"
   string ""
   string ":1.217"
signal time=1788730817.716433 sender=org.freedesktop.DBus -> destination=:1.217 serial=2 path=/org/freedesktop/DBus; interface=org.freedesktop.DBus; member=NameAcquired
   string ":1.217"
signal time=1788730817.719338 sender=org.freedesktop.DBus -> destination=:1.217 serial=3 path=/org/freedesktop/DBus; interface=org.freedesktop.DBus; member=NameLost
   string ":1.217"
signal time=1788730817.719405 sender=org.freedesktop.DBus -> destination=(null destination) serial=434 path=/org/freedesktop/DBus; interface=org.freedesktop.DBus; member=NameOwnerChanged
   string ":1.217"
   string ":1.217"
   string ""
signal time=1788730817.719613 sender=:1.2 -> destination=(null destination) serial=252 path=/org/a11y/atspi/registry; interface=org.a11y.atspi.Registry; member=EventListenerDeregistered
   string ":1.217"
   string ""
signal time=1788730817.728382 sender=org.freedesktop.DBus -> destination=(null destination) serial=435 path=/org/freedesktop/DBus; interface=org.freedesktop.DBus; member=NameOwnerChanged
   string ":1.218"
   string ""
   string ":1.218"
signal time=1788730817.728439 sender=org.freedesktop.DBus -> destination=:1.218 serial=2 path=/org/freedesktop/DBus; interface=org.freedesktop.DBus; member=NameAcquired
   string ":1.218"
signal time=1788730817.731240 sender=org.freedesktop.DBus -> destination=:1.218 serial=3 path=/org/freedesktop/DBus; interface=org.freedesktop.DBus; member=NameLost
   string ":1.218"
signal time=1788730817.731295 sender=org.freedesktop.DBus -> destination=(null destination) serial=436 path=/org/freedesktop/DBus; interface=org.freedesktop.DBus; member=NameOwnerChanged
   string ":1.218"
   string ":1.218"
   string ""
signal time=1788730817.731462 sender=:1.2 -> destination=(null destination) serial=253 path=/org/a11y/atspi/registry; interface=org.a11y.atspi.Registry; member=EventListenerDeregistered
   string ":1.218"
   string ""
signal time=1788730818.129572 sender=org.freedesktop.DBus -> destination=(null destination) serial=437 path=/org/freedesktop/DBus; interface=org.freedesktop.DBus; member=NameOwnerChanged
   string ":1.219"
   string ""
   string ":1.219"
signal time=1788730818.129637 sender=org.freedesktop.DBus -> destination=:1.219 serial=2 path=/org/freedesktop/DBus; interface=org.freedesktop.DBus; member=NameAcquired
   string ":1.219"
signal time=1788730818.130817 sender=org.freedesktop.DBus -> destination=:1.219 serial=3 path=/org/freedesktop/DBus; interface=org.freedesktop.DBus; member=NameLost
   string ":1.219"
signal time=1788730818.130830 sender=org.freedesktop.DBus -> destination=(null destination) serial=438 path=/org/freedesktop/DBus; interface=org.freedesktop.DBus; member=NameOwnerChanged
   string ":1.219"
   string ":1.219"
   string ""
signal time=1788730818.130969 sender=:1.2 -> destination=(null destination) serial=256 path=/org/a11y/atspi/registry; interface=org.a11y.atspi.Registry; member=EventListenerDeregistered
   string ":1.219"
   string ""
signal time=1788730818.134430 sender=org.freedesktop.DBus -> destination=(null destination) serial=439 path=/org/freedesktop/DBus; interface=org.freedesktop.DBus; member=NameOwnerChanged
   string ":1.220"
   string ""
   string ":1.220"
signal time=1788730818.134455 sender=org.freedesktop.DBus -> destination=:1.220 serial=2 path=/org/freedesktop/DBus; interface=org.freedesktop.DBus; member=NameAcquired
   string ":1.220"
signal time=1788730818.135602 sender=org.freedesktop.DBus -> destination=:1.220 serial=5 path=/org/freedesktop/DBus; interface=org.freedesktop.DBus; member=NameLost
   string ":1.220"
signal time=1788730818.135615 sender=org.freedesktop.DBus -> destination=(null destination) serial=440 path=/org/freedesktop/DBus; interface=org.freedesktop.DBus; member=NameOwnerChanged
   string ":1.220"
   string ":1.220"
   string ""
signal time=1788730818.135705 sender=:1.2 -> destination=(null destination) serial=257 path=/org/a11y/atspi/registry; interface=org.a11y.atspi.Registry; member=EventListenerDeregistered
   string ":1.220"
   string ""
signal time=1788730818.140043 sender=org.freedesktop.DBus -> destination=(null destination) serial=441 path=/org/freedesktop/DBus; interface=org.freedesktop.DBus; member=NameOwnerChanged
   string ":1.221"
   string ""
   string ":1.221"
signal time=1788730818.140067 sender=org.freedesktop.DBus -> destination=:1.221 serial=2 path=/org/freedesktop/DBus; interface=org.freedesktop.DBus; member=NameAcquired
   string ":1.221"
signal time=1788730818.141424 sender=org.freedesktop.DBus -> destination=:1.221 serial=3 path=/org/freedesktop/DBus; interface=org.freedesktop.DBus; member=NameLost
   string ":1.221"
signal time=1788730818.141441 sender=org.freedesktop.DBus -> destination=(null destination) serial=442 path=/org/freedesktop/DBus; interface=org.freedesktop.DBus; member=NameOwnerChanged
   string ":1.221"
   string ":1.221"
   string ""
signal time=1788730818.141496 sender=:1.2 -> destination=(null destination) serial=258 path=/org/a11y/atspi/registry; interface=org.a11y.atspi.Registry; member=EventListenerDeregistered
   string ":1.221"
   string ""
signal time=1788730818.145005 sender=org.freedesktop.DBus -> destination=(null destination) serial=443 path=/org/freedesktop/DBus; interface=org.freedesktop.DBus; member=NameOwnerChanged
   string ":1.222"
   string ""
   string ":1.222"
signal time=1788730818.145027 sender=org.freedesktop.DBus -> destination=:1.222 serial=2 path=/org/freedesktop/DBus; interface=org.freedesktop.DBus; member=NameAcquired
   string ":1.222"
signal time=1788730818.145986 sender=org.freedesktop.DBus -> destination=:1.222 serial=3 path=/org/freedesktop/DBus; interface=org.freedesktop.DBus; member=NameLost
   string ":1.222"
signal time=1788730818.146004 sender=org.freedesktop.DBus -> destination=(null destination) serial=444 path=/org/freedesktop/DBus; interface=org.freedesktop.DBus; member=NameOwnerChanged
   string ":1.222"
   string ":1.222"
   string ""
signal time=1788730818.146143 sender=:1.2 -> destination=(null destination) serial=259 path=/org/a11y/atspi/registry; interface=org.a11y.atspi.Registry; member=EventListenerDeregistered
   string ":1.222"
   string ""
signal time=1788730818.149942 sender=org.freedesktop.DBus -> destination=(null destination) serial=445 path=/org/freedesktop/DBus; interface=org.freedesktop.DBus; member=NameOwnerChanged
   string ":1.223"
   string ""
   string ":1.223"
signal time=1788730818.149967 sender=org.freedesktop.DBus -> destination=:1.223 serial=2 path=/org/freedesktop/DBus; interface=org.freedesktop.DBus; member=NameAcquired
   string ":1.223"
signal time=1788730818.151407 sender=org.freedesktop.DBus -> destination=:1.223 serial=3 path=/org/freedesktop/DBus; interface=org.freedesktop.DBus; member=NameLost
   string ":1.223"
signal time=1788730818.151425 sender=org.freedesktop.DBus -> destination=(null destination) serial=446 path=/org/freedesktop/DBus; interface=org.freedesktop.DBus; member=NameOwnerChanged
   string ":1.223"
   string ":1.223"
   string ""
signal time=1788730818.151554 sender=:1.2 -> destination=(null destination) serial=260 path=/org/a11y/atspi/registry; interface=org.a11y.atspi.Registry; member=EventListenerDeregistered
   string ":1.223"
   string ""
signal time=1788730818.155682 sender=org.freedesktop.DBus -> destination=(null destination) serial=447 path=/org/freedesktop/DBus; interface=org.freedesktop.DBus; member=NameOwnerChanged
   string ":1.224"
   string ""
   string ":1.224"
signal time=1788730818.155720 sender=org.freedesktop.DBus -> destination=:1.224 serial=2 path=/org/freedesktop/DBus; interface=org.freedesktop.DBus; member=NameAcquired
   string ":1.224"
signal time=1788730818.157303 sender=org.freedesktop.DBus -> destination=:1.224 serial=3 path=/org/freedesktop/DBus; interface=org.freedesktop.DBus; member=NameLost
   string ":1.224"
signal time=1788730818.157327 sender=org.freedesktop.DBus -> destination=(null destination) serial=448 path=/org/freedesktop/DBus; interface=org.freedesktop.DBus; member=NameOwnerChanged
   string ":1.224"
   string ":1.224"
   string ""
signal time=1788730818.157419 sender=:1.2 -> destination=(null destination) serial=261 path=/org/a11y/atspi/registry; interface=org.a11y.atspi.Registry; member=EventListenerDeregistered
   string ":1.224"
   string ""
signal time=1788730818.161493 sender=org.freedesktop.DBus -> destination=(null destination) serial=449 path=/org/freedesktop/DBus; interface=org.freedesktop.DBus; member=NameOwnerChanged
   string ":1.225"
   string ""
   string ":1.225"
signal time=1788730818.161547 sender=org.freedesktop.DBus -> destination=:1.225 serial=2 path=/org/freedesktop/DBus; interface=org.freedesktop.DBus; member=NameAcquired
   string ":1.225"
signal time=1788730818.162639 sender=org.freedesktop.DBus -> destination=:1.225 serial=3 path=/org/freedesktop/DBus; interface=org.freedesktop.DBus; member=NameLost
   string ":1.225"
signal time=1788730818.162669 sender=org.freedesktop.DBus -> destination=(null destination) serial=450 path=/org/freedesktop/DBus; interface=org.freedesktop.DBus; member=NameOwnerChanged
   string ":1.225"
   string ":1.225"
   string ""
signal time=1788730818.162786 sender=:1.2 -> destination=(null destination) serial=262 path=/org/a11y/atspi/registry; interface=org.a11y.atspi.Registry; member=EventListenerDeregistered
   string ":1.225"
   string ""
signal time=1788730818.167170 sender=org.freedesktop.DBus -> destination=(null destination) serial=451 path=/org/freedesktop/DBus; interface=org.freedesktop.DBus; member=NameOwnerChanged
   string ":1.226"
   string ""
   string ":1.226"
signal time=1788730818.167211 sender=org.freedesktop.DBus -> destination=:1.226 serial=2 path=/org/freedesktop/DBus; interface=org.freedesktop.DBus; member=NameAcquired
   string ":1.226"
signal time=1788730818.168558 sender=org.freedesktop.DBus -> destination=:1.226 serial=3 path=/org/freedesktop/DBus; interface=org.freedesktop.DBus; member=NameLost
   string ":1.226"
signal time=1788730818.168584 sender=org.freedesktop.DBus -> destination=(null destination) serial=452 path=/org/freedesktop/DBus; interface=org.freedesktop.DBus; member=NameOwnerChanged
   string ":1.226"
   string ":1.226"
   string ""
signal time=1788730818.168722 sender=:1.2 -> destination=(null destination) serial=263 path=/org/a11y/atspi/registry; interface=org.a11y.atspi.Registry; member=EventListenerDeregistered
   string ":1.226"
   string ""
signal time=1788730818.489977 sender=:1.1 -> destination=(null destination) serial=476 path=/org/a11y/atspi/accessible/root; interface=org.a11y.atspi.Event.Object; member=ChildrenChanged
   string "add"
   int32 1
   int32 0
   variant       struct {
         string ":1.1"
         object path "/org/a11y/atspi/accessible/menus/n6d656e753a56696577"
      }
   array [
   ]
signal time=1788730818.490112 sender=:1.1 -> destination=(null destination) serial=477 path=/org/a11y/atspi/accessible/menus/n6d656e753a56696577; interface=org.a11y.atspi.Event.Object; member=StateChanged
   string "focused"
   int32 0
   int32 0
   variant       boolean false
   array [
   ]
signal time=1788730818.490173 sender=:1.1 -> destination=(null destination) serial=478 path=/org/a11y/atspi/accessible/menus/n6d656e753a56696577; interface=org.a11y.atspi.Event.Object; member=StateChanged
   string "enabled"
   int32 1
   int32 0
   variant       boolean true
   array [
   ]
signal time=1788730818.490231 sender=:1.1 -> destination=(null destination) serial=479 path=/org/a11y/atspi/accessible/menus/n6d656e753a56696577; interface=org.a11y.atspi.Event.Object; member=StateChanged
   string "sensitive"
   int32 1
   int32 0
   variant       boolean true
   array [
   ]
signal time=1788730818.490287 sender=:1.1 -> destination=(null destination) serial=480 path=/org/a11y/atspi/accessible/menus/n6d656e753a56696577; interface=org.a11y.atspi.Event.Object; member=ChildrenChanged
   string "add"
   int32 0
   int32 0
   variant       struct {
         string ":1.1"
         object path "/org/a11y/atspi/accessible/menus/n6d656e753a566965772f766965772e666974"
      }
   array [
   ]
signal time=1788730818.490392 sender=:1.1 -> destination=(null destination) serial=481 path=/org/a11y/atspi/accessible/menus/n6d656e753a566965772f766965772e666974; interface=org.a11y.atspi.Event.Object; member=StateChanged
   string "focused"
   int32 1
   int32 0
   variant       boolean true
   array [
   ]
signal time=1788730818.490452 sender=:1.1 -> destination=(null destination) serial=482 path=/org/a11y/atspi/accessible/menus/n6d656e753a566965772f766965772e666974; interface=org.a11y.atspi.Event.Object; member=StateChanged
   string "enabled"
   int32 1
   int32 0
   variant       boolean true
   array [
   ]
signal time=1788730818.490512 sender=:1.1 -> destination=(null destination) serial=483 path=/org/a11y/atspi/accessible/menus/n6d656e753a566965772f766965772e666974; interface=org.a11y.atspi.Event.Object; member=StateChanged
   string "sensitive"
   int32 1
   int32 0
   variant       boolean true
   array [
   ]
signal time=1788730818.490583 sender=:1.1 -> destination=(null destination) serial=484 path=/org/a11y/atspi/accessible/menus/n6d656e753a56696577; interface=org.a11y.atspi.Event.Object; member=ChildrenChanged
   string "add"
   int32 1
   int32 0
   variant       struct {
         string ":1.1"
         object path "/org/a11y/atspi/accessible/menus/n6d656e753a566965772f766965772e7a6f6f6d5f696e"
      }
   array [
   ]
signal time=1788730818.490930 sender=:1.1 -> destination=(null destination) serial=485 path=/org/a11y/atspi/accessible/menus/n6d656e753a566965772f766965772e7a6f6f6d5f696e; interface=org.a11y.atspi.Event.Object; member=StateChanged
   string "focused"
   int32 0
   int32 0
   variant       boolean false
   array [
   ]
signal time=1788730818.490997 sender=:1.1 -> destination=(null destination) serial=486 path=/org/a11y/atspi/accessible/menus/n6d656e753a566965772f766965772e7a6f6f6d5f696e; interface=org.a11y.atspi.Event.Object; member=StateChanged
   string "enabled"
   int32 1
   int32 0
   variant       boolean true
   array [
   ]
signal time=1788730818.491054 sender=:1.1 -> destination=(null destination) serial=487 path=/org/a11y/atspi/accessible/menus/n6d656e753a566965772f766965772e7a6f6f6d5f696e; interface=org.a11y.atspi.Event.Object; member=StateChanged
   string "sensitive"
   int32 1
   int32 0
   variant       boolean true
   array [
   ]
signal time=1788730818.491111 sender=:1.1 -> destination=(null destination) serial=488 path=/org/a11y/atspi/accessible/menus/n6d656e753a56696577; interface=org.a11y.atspi.Event.Object; member=ChildrenChanged
   string "add"
   int32 2
   int32 0
   variant       struct {
         string ":1.1"
         object path "/org/a11y/atspi/accessible/menus/n6d656e753a566965772f766965772e7a6f6f6d5f6f7574"
      }
   array [
   ]
signal time=1788730818.491192 sender=:1.1 -> destination=(null destination) serial=489 path=/org/a11y/atspi/accessible/menus/n6d656e753a566965772f766965772e7a6f6f6d5f6f7574; interface=org.a11y.atspi.Event.Object; member=StateChanged
   string "focused"
   int32 0
   int32 0
   variant       boolean false
   array [
   ]
signal time=1788730818.491247 sender=:1.1 -> destination=(null destination) serial=490 path=/org/a11y/atspi/accessible/menus/n6d656e753a566965772f766965772e7a6f6f6d5f6f7574; interface=org.a11y.atspi.Event.Object; member=StateChanged
   string "enabled"
   int32 1
   int32 0
   variant       boolean true
   array [
   ]
signal time=1788730818.491304 sender=:1.1 -> destination=(null destination) serial=491 path=/org/a11y/atspi/accessible/menus/n6d656e753a566965772f766965772e7a6f6f6d5f6f7574; interface=org.a11y.atspi.Event.Object; member=StateChanged
   string "sensitive"
   int32 1
   int32 0
   variant       boolean true
   array [
   ]
signal time=1788730818.491361 sender=:1.1 -> destination=(null destination) serial=492 path=/org/a11y/atspi/accessible/menus/n6d656e753a56696577; interface=org.a11y.atspi.Event.Object; member=ChildrenChanged
   string "add"
   int32 3
   int32 0
   variant       struct {
         string ":1.1"
         object path "/org/a11y/atspi/accessible/menus/n6d656e753a566965772f766965772e70616e655f7a6f6f6d"
      }
   array [
   ]
signal time=1788730818.491461 sender=:1.1 -> destination=(null destination) serial=493 path=/org/a11y/atspi/accessible/menus/n6d656e753a566965772f766965772e70616e655f7a6f6f6d; interface=org.a11y.atspi.Event.Object; member=StateChanged
   string "focused"
   int32 0
   int32 0
   variant       boolean false
   array [
   ]
signal time=1788730818.491941 sender=:1.1 -> destination=(null destination) serial=494 path=/org/a11y/atspi/accessible/menus/n6d656e753a566965772f766965772e70616e655f7a6f6f6d; interface=org.a11y.atspi.Event.Object; member=StateChanged
   string "enabled"
   int32 1
   int32 0
   variant       boolean true
   array [
   ]
signal time=1788730818.492006 sender=:1.1 -> destination=(null destination) serial=495 path=/org/a11y/atspi/accessible/menus/n6d656e753a566965772f766965772e70616e655f7a6f6f6d; interface=org.a11y.atspi.Event.Object; member=StateChanged
   string "sensitive"
   int32 1
   int32 0
   variant       boolean true
   array [
   ]
signal time=1788730818.492065 sender=:1.1 -> destination=(null destination) serial=496 path=/org/a11y/atspi/accessible/menus/n6d656e753a56696577; interface=org.a11y.atspi.Event.Object; member=ChildrenChanged
   string "add"
   int32 4
   int32 0
   variant       struct {
         string ":1.1"
         object path "/org/a11y/atspi/accessible/menus/n6d656e753a566965772f766965772e66756c6c73637265656e5f7374616765"
      }
   array [
   ]
signal time=1788730818.492149 sender=:1.1 -> destination=(null destination) serial=497 path=/org/a11y/atspi/accessible/menus/n6d656e753a566965772f766965772e66756c6c73637265656e5f7374616765; interface=org.a11y.atspi.Event.Object; member=StateChanged
   string "focused"
   int32 0
   int32 0
   variant       boolean false
   array [
   ]
signal time=1788730818.492207 sender=:1.1 -> destination=(null destination) serial=498 path=/org/a11y/atspi/accessible/menus/n6d656e753a566965772f766965772e66756c6c73637265656e5f7374616765; interface=org.a11y.atspi.Event.Object; member=StateChanged
   string "enabled"
   int32 1
   int32 0
   variant       boolean true
   array [
   ]
signal time=1788730818.492263 sender=:1.1 -> destination=(null destination) serial=499 path=/org/a11y/atspi/accessible/menus/n6d656e753a566965772f766965772e66756c6c73637265656e5f7374616765; interface=org.a11y.atspi.Event.Object; member=StateChanged
   string "sensitive"
   int32 1
   int32 0
   variant       boolean true
   array [
   ]
signal time=1788730818.492321 sender=:1.1 -> destination=(null destination) serial=500 path=/org/a11y/atspi/accessible/menus/n6d656e753a56696577; interface=org.a11y.atspi.Event.Object; member=ChildrenChanged
   string "add"
   int32 5
   int32 0
   variant       struct {
         string ":1.1"
         object path "/org/a11y/atspi/accessible/menus/n6d656e753a566965772f766965772e6c6179657273"
      }
   array [
   ]
signal time=1788730818.492402 sender=:1.1 -> destination=(null destination) serial=501 path=/org/a11y/atspi/accessible/menus/n6d656e753a566965772f766965772e6c6179657273; interface=org.a11y.atspi.Event.Object; member=StateChanged
   string "focused"
   int32 0
   int32 0
   variant       boolean false
   array [
   ]
signal time=1788730818.492458 sender=:1.1 -> destination=(null destination) serial=502 path=/org/a11y/atspi/accessible/menus/n6d656e753a566965772f766965772e6c6179657273; interface=org.a11y.atspi.Event.Object; member=StateChanged
   string "enabled"
   int32 0
   int32 0
   variant       boolean false
   array [
   ]
signal time=1788730818.492515 sender=:1.1 -> destination=(null destination) serial=503 path=/org/a11y/atspi/accessible/menus/n6d656e753a566965772f766965772e6c6179657273; interface=org.a11y.atspi.Event.Object; member=StateChanged
   string "sensitive"
   int32 0
   int32 0
   variant       boolean false
   array [
   ]
signal time=1788730818.492570 sender=:1.1 -> destination=(null destination) serial=504 path=/org/a11y/atspi/accessible/menus/n6d656e753a56696577; interface=org.a11y.atspi.Event.Object; member=ChildrenChanged
   string "add"
   int32 6
   int32 0
   variant       struct {
         string ":1.1"
         object path "/org/a11y/atspi/accessible/menus/n6d656e753a566965772f766965772e70616e656c73"
      }
   array [
   ]
signal time=1788730818.492665 sender=:1.1 -> destination=(null destination) serial=505 path=/org/a11y/atspi/accessible/menus/n6d656e753a566965772f766965772e70616e656c73; interface=org.a11y.atspi.Event.Object; member=StateChanged
   string "focused"
   int32 0
   int32 0
   variant       boolean false
   array [
   ]
signal time=1788730818.492720 sender=:1.1 -> destination=(null destination) serial=506 path=/org/a11y/atspi/accessible/menus/n6d656e753a566965772f766965772e70616e656c73; interface=org.a11y.atspi.Event.Object; member=StateChanged
   string "enabled"
   int32 1
   int32 0
   variant       boolean true
   array [
   ]
signal time=1788730818.492776 sender=:1.1 -> destination=(null destination) serial=507 path=/org/a11y/atspi/accessible/menus/n6d656e753a566965772f766965772e70616e656c73; interface=org.a11y.atspi.Event.Object; member=StateChanged
   string "sensitive"
   int32 1
   int32 0
   variant       boolean true
   array [
   ]
signal time=1788730818.492831 sender=:1.1 -> destination=(null destination) serial=508 path=/org/a11y/atspi/accessible/menus/n6d656e753a56696577; interface=org.a11y.atspi.Event.Object; member=ChildrenChanged
   string "add"
   int32 7
   int32 0
   variant       struct {
         string ":1.1"
         object path "/org/a11y/atspi/accessible/menus/n6d656e753a566965772f766965772e7265736574"
      }
   array [
   ]
signal time=1788730818.493370 sender=:1.1 -> destination=(null destination) serial=509 path=/org/a11y/atspi/accessible/menus/n6d656e753a566965772f766965772e7265736574; interface=org.a11y.atspi.Event.Object; member=StateChanged
   string "focused"
   int32 0
   int32 0
   variant       boolean false
   array [
   ]
signal time=1788730818.493436 sender=:1.1 -> destination=(null destination) serial=510 path=/org/a11y/atspi/accessible/menus/n6d656e753a566965772f766965772e7265736574; interface=org.a11y.atspi.Event.Object; member=StateChanged
   string "enabled"
   int32 1
   int32 0
   variant       boolean true
   array [
   ]
signal time=1788730818.493495 sender=:1.1 -> destination=(null destination) serial=511 path=/org/a11y/atspi/accessible/menus/n6d656e753a566965772f766965772e7265736574; interface=org.a11y.atspi.Event.Object; member=StateChanged
   string "sensitive"
   int32 1
   int32 0
   variant       boolean true
   array [
   ]
signal time=1788730818.493551 sender=:1.1 -> destination=(null destination) serial=512 path=/org/a11y/atspi/accessible/menus/n6d656e753a56696577; interface=org.a11y.atspi.Event.Object; member=ChildrenChanged
   string "add"
   int32 8
   int32 0
   variant       struct {
         string ":1.1"
         object path "/org/a11y/atspi/accessible/menus/n6d656e753a566965772f766965772e73706c69745f766572746963616c"
      }
   array [
   ]
signal time=1788730818.493677 sender=:1.1 -> destination=(null destination) serial=513 path=/org/a11y/atspi/accessible/menus/n6d656e753a566965772f766965772e73706c69745f766572746963616c; interface=org.a11y.atspi.Event.Object; member=StateChanged
   string "focused"
   int32 0
   int32 0
   variant       boolean false
   array [
   ]
signal time=1788730818.493741 sender=:1.1 -> destination=(null destination) serial=514 path=/org/a11y/atspi/accessible/menus/n6d656e753a566965772f766965772e73706c69745f766572746963616c; interface=org.a11y.atspi.Event.Object; member=StateChanged
   string "enabled"
   int32 1
   int32 0
   variant       boolean true
   array [
   ]
signal time=1788730818.493798 sender=:1.1 -> destination=(null destination) serial=515 path=/org/a11y/atspi/accessible/menus/n6d656e753a566965772f766965772e73706c69745f766572746963616c; interface=org.a11y.atspi.Event.Object; member=StateChanged
   string "sensitive"
   int32 1
   int32 0
   variant       boolean true
   array [
   ]
signal time=1788730818.493853 sender=:1.1 -> destination=(null destination) serial=516 path=/org/a11y/atspi/accessible/menus/n6d656e753a56696577; interface=org.a11y.atspi.Event.Object; member=ChildrenChanged
   string "add"
   int32 9
   int32 0
   variant       struct {
         string ":1.1"
         object path "/org/a11y/atspi/accessible/menus/n6d656e753a566965772f766965772e73706c69745f686f72697a6f6e74616c"
      }
   array [
   ]
signal time=1788730818.493952 sender=:1.1 -> destination=(null destination) serial=517 path=/org/a11y/atspi/accessible/menus/n6d656e753a566965772f766965772e73706c69745f686f72697a6f6e74616c; interface=org.a11y.atspi.Event.Object; member=StateChanged
   string "focused"
   int32 0
   int32 0
   variant       boolean false
   array [
   ]
signal time=1788730818.494007 sender=:1.1 -> destination=(null destination) serial=518 path=/org/a11y/atspi/accessible/menus/n6d656e753a566965772f766965772e73706c69745f686f72697a6f6e74616c; interface=org.a11y.atspi.Event.Object; member=StateChanged
   string "enabled"
   int32 1
   int32 0
   variant       boolean true
   array [
   ]
signal time=1788730818.494068 sender=:1.1 -> destination=(null destination) serial=519 path=/org/a11y/atspi/accessible/menus/n6d656e753a566965772f766965772e73706c69745f686f72697a6f6e74616c; interface=org.a11y.atspi.Event.Object; member=StateChanged
   string "sensitive"
   int32 1
   int32 0
   variant       boolean true
   array [
   ]
signal time=1788730818.494122 sender=:1.1 -> destination=(null destination) serial=520 path=/org/a11y/atspi/accessible/menus/n6d656e753a56696577; interface=org.a11y.atspi.Event.Object; member=ChildrenChanged
   string "add"
   int32 10
   int32 0
   variant       struct {
         string ":1.1"
         object path "/org/a11y/atspi/accessible/menus/n6d656e753a566965772f766965772e636c6f73655f70616e65"
      }
   array [
   ]
signal time=1788730818.494201 sender=:1.1 -> destination=(null destination) serial=521 path=/org/a11y/atspi/accessible/menus/n6d656e753a566965772f766965772e636c6f73655f70616e65; interface=org.a11y.atspi.Event.Object; member=StateChanged
   string "focused"
   int32 0
   int32 0
   variant       boolean false
   array [
   ]
signal time=1788730818.494257 sender=:1.1 -> destination=(null destination) serial=522 path=/org/a11y/atspi/accessible/menus/n6d656e753a566965772f766965772e636c6f73655f70616e65; interface=org.a11y.atspi.Event.Object; member=StateChanged
   string "enabled"
   int32 1
   int32 0
   variant       boolean true
   array [
   ]
signal time=1788730818.494315 sender=:1.1 -> destination=(null destination) serial=523 path=/org/a11y/atspi/accessible/menus/n6d656e753a566965772f766965772e636c6f73655f70616e65; interface=org.a11y.atspi.Event.Object; member=StateChanged
   string "sensitive"
   int32 1
   int32 0
   variant       boolean true
   array [
   ]
signal time=1788730818.494372 sender=:1.1 -> destination=(null destination) serial=524 path=/org/a11y/atspi/accessible/menus/n6d656e753a56696577; interface=org.a11y.atspi.Event.Object; member=ChildrenChanged
   string "add"
   int32 11
   int32 0
   variant       struct {
         string ":1.1"
         object path "/org/a11y/atspi/accessible/menus/n6d656e753a566965772f766965772e6d6178696d697a655f70616e65"
      }
   array [
   ]
signal time=1788730818.494865 sender=:1.1 -> destination=(null destination) serial=525 path=/org/a11y/atspi/accessible/menus/n6d656e753a566965772f766965772e6d6178696d697a655f70616e65; interface=org.a11y.atspi.Event.Object; member=StateChanged
   string "focused"
   int32 0
   int32 0
   variant       boolean false
   array [
   ]
signal time=1788730818.494943 sender=:1.1 -> destination=(null destination) serial=526 path=/org/a11y/atspi/accessible/menus/n6d656e753a566965772f766965772e6d6178696d697a655f70616e65; interface=org.a11y.atspi.Event.Object; member=StateChanged
   string "enabled"
   int32 1
   int32 0
   variant       boolean true
   array [
   ]
signal time=1788730818.494995 sender=:1.1 -> destination=(null destination) serial=527 path=/org/a11y/atspi/accessible/menus/n6d656e753a566965772f766965772e6d6178696d697a655f70616e65; interface=org.a11y.atspi.Event.Object; member=StateChanged
   string "sensitive"
   int32 1
   int32 0
   variant       boolean true
   array [
   ]
signal time=1788730818.495061 sender=:1.1 -> destination=(null destination) serial=528 path=/org/a11y/atspi/accessible/menus/n6d656e753a56696577; interface=org.a11y.atspi.Event.Object; member=ChildrenChanged
   string "add"
   int32 12
   int32 0
   variant       struct {
         string ":1.1"
         object path "/org/a11y/atspi/accessible/menus/n6d656e753a566965772f766965772e666f6375735f6e657874"
      }
   array [
   ]
signal time=1788730818.495133 sender=:1.1 -> destination=(null destination) serial=529 path=/org/a11y/atspi/accessible/menus/n6d656e753a566965772f766965772e666f6375735f6e657874; interface=org.a11y.atspi.Event.Object; member=StateChanged
   string "focused"
   int32 0
   int32 0
   variant       boolean false
   array [
   ]
signal time=1788730818.495184 sender=:1.1 -> destination=(null destination) serial=530 path=/org/a11y/atspi/accessible/menus/n6d656e753a566965772f766965772e666f6375735f6e657874; interface=org.a11y.atspi.Event.Object; member=StateChanged
   string "enabled"
   int32 1
   int32 0
   variant       boolean true
   array [
   ]
signal time=1788730818.495235 sender=:1.1 -> destination=(null destination) serial=531 path=/org/a11y/atspi/accessible/menus/n6d656e753a566965772f766965772e666f6375735f6e657874; interface=org.a11y.atspi.Event.Object; member=StateChanged
   string "sensitive"
   int32 1
   int32 0
   variant       boolean true
   array [
   ]
signal time=1788730818.495286 sender=:1.1 -> destination=(null destination) serial=532 path=/org/a11y/atspi/accessible/menus/n6d656e753a56696577; interface=org.a11y.atspi.Event.Object; member=ChildrenChanged
   string "add"
   int32 13
   int32 0
   variant       struct {
         string ":1.1"
         object path "/org/a11y/atspi/accessible/menus/n6d656e753a566965772f766965772e666f6375735f70726576"
      }
   array [
   ]
signal time=1788730818.495360 sender=:1.1 -> destination=(null destination) serial=533 path=/org/a11y/atspi/accessible/menus/n6d656e753a566965772f766965772e666f6375735f70726576; interface=org.a11y.atspi.Event.Object; member=StateChanged
   string "focused"
   int32 0
   int32 0
   variant       boolean false
   array [
   ]
signal time=1788730818.495411 sender=:1.1 -> destination=(null destination) serial=534 path=/org/a11y/atspi/accessible/menus/n6d656e753a566965772f766965772e666f6375735f70726576; interface=org.a11y.atspi.Event.Object; member=StateChanged
   string "enabled"
   int32 1
   int32 0
   variant       boolean true
   array [
   ]
signal time=1788730818.495462 sender=:1.1 -> destination=(null destination) serial=535 path=/org/a11y/atspi/accessible/menus/n6d656e753a566965772f766965772e666f6375735f70726576; interface=org.a11y.atspi.Event.Object; member=StateChanged
   string "sensitive"
   int32 1
   int32 0
   variant       boolean true
   array [
   ]
signal time=1788730818.495513 sender=:1.1 -> destination=(null destination) serial=536 path=/org/a11y/atspi/accessible/menus/n6d656e753a56696577; interface=org.a11y.atspi.Event.Object; member=ChildrenChanged
   string "add"
   int32 14
   int32 0
   variant       struct {
         string ":1.1"
         object path "/org/a11y/atspi/accessible/menus/n6d656e753a566965772f766965772e66696c6c5f626f617264"
      }
   array [
   ]
signal time=1788730818.495586 sender=:1.1 -> destination=(null destination) serial=537 path=/org/a11y/atspi/accessible/menus/n6d656e753a566965772f766965772e66696c6c5f626f617264; interface=org.a11y.atspi.Event.Object; member=StateChanged
   string "focused"
   int32 0
   int32 0
   variant       boolean false
   array [
   ]
signal time=1788730818.495637 sender=:1.1 -> destination=(null destination) serial=538 path=/org/a11y/atspi/accessible/menus/n6d656e753a566965772f766965772e66696c6c5f626f617264; interface=org.a11y.atspi.Event.Object; member=StateChanged
   string "enabled"
   int32 1
   int32 0
   variant       boolean true
   array [
   ]
signal time=1788730818.495688 sender=:1.1 -> destination=(null destination) serial=539 path=/org/a11y/atspi/accessible/menus/n6d656e753a566965772f766965772e66696c6c5f626f617264; interface=org.a11y.atspi.Event.Object; member=StateChanged
   string "sensitive"
   int32 1
   int32 0
   variant       boolean true
   array [
   ]
signal time=1788730818.496268 sender=:1.1 -> destination=(null destination) serial=540 path=/org/a11y/atspi/accessible/menus/n6d656e753a56696577; interface=org.a11y.atspi.Event.Object; member=ChildrenChanged
   string "add"
   int32 15
   int32 0
   variant       struct {
         string ":1.1"
         object path "/org/a11y/atspi/accessible/menus/n6d656e753a566965772f766965772e66696c6c5f736368656d61746963"
      }
   array [
   ]
signal time=1788730818.496359 sender=:1.1 -> destination=(null destination) serial=541 path=/org/a11y/atspi/accessible/menus/n6d656e753a566965772f766965772e66696c6c5f736368656d61746963; interface=org.a11y.atspi.Event.Object; member=StateChanged
   string "focused"
   int32 0
   int32 0
   variant       boolean false
   array [
   ]
signal time=1788730818.496416 sender=:1.1 -> destination=(null destination) serial=542 path=/org/a11y/atspi/accessible/menus/n6d656e753a566965772f766965772e66696c6c5f736368656d61746963; interface=org.a11y.atspi.Event.Object; member=StateChanged
   string "enabled"
   int32 1
   int32 0
   variant       boolean true
   array [
   ]
signal time=1788730818.496471 sender=:1.1 -> destination=(null destination) serial=543 path=/org/a11y/atspi/accessible/menus/n6d656e753a566965772f766965772e66696c6c5f736368656d61746963; interface=org.a11y.atspi.Event.Object; member=StateChanged
   string "sensitive"
   int32 1
   int32 0
   variant       boolean true
   array [
   ]
signal time=1788730818.496530 sender=:1.1 -> destination=(null destination) serial=544 path=/org/a11y/atspi/accessible/menus/n6d656e753a56696577; interface=org.a11y.atspi.Event.Object; member=ChildrenChanged
   string "add"
   int32 16
   int32 0
   variant       struct {
         string ":1.1"
         object path "/org/a11y/atspi/accessible/menus/n6d656e753a566965772f766965772e7072657365745f73696e676c65"
      }
   array [
   ]
signal time=1788730818.496607 sender=:1.1 -> destination=(null destination) serial=545 path=/org/a11y/atspi/accessible/menus/n6d656e753a566965772f766965772e7072657365745f73696e676c65; interface=org.a11y.atspi.Event.Object; member=StateChanged
   string "focused"
   int32 0
   int32 0
   variant       boolean false
   array [
   ]
signal time=1788730818.496663 sender=:1.1 -> destination=(null destination) serial=546 path=/org/a11y/atspi/accessible/menus/n6d656e753a566965772f766965772e7072657365745f73696e676c65; interface=org.a11y.atspi.Event.Object; member=StateChanged
   string "enabled"
   int32 1
   int32 0
   variant       boolean true
   array [
   ]
signal time=1788730818.496718 sender=:1.1 -> destination=(null destination) serial=547 path=/org/a11y/atspi/accessible/menus/n6d656e753a566965772f766965772e7072657365745f73696e676c65; interface=org.a11y.atspi.Event.Object; member=StateChanged
   string "sensitive"
   int32 1
   int32 0
   variant       boolean true
   array [
   ]
signal time=1788730818.496777 sender=:1.1 -> destination=(null destination) serial=548 path=/org/a11y/atspi/accessible/menus/n6d656e753a56696577; interface=org.a11y.atspi.Event.Object; member=ChildrenChanged
   string "add"
   int32 17
   int32 0
   variant       struct {
         string ":1.1"
         object path "/org/a11y/atspi/accessible/menus/n6d656e753a566965772f766965772e7072657365745f626f6172645f736368656d61746963"
      }
   array [
   ]
signal time=1788730818.496854 sender=:1.1 -> destination=(null destination) serial=549 path=/org/a11y/atspi/accessible/menus/n6d656e753a566965772f766965772e7072657365745f626f6172645f736368656d61746963; interface=org.a11y.atspi.Event.Object; member=StateChanged
   string "focused"
   int32 0
   int32 0
   variant       boolean false
   array [
   ]
signal time=1788730818.496924 sender=:1.1 -> destination=(null destination) serial=550 path=/org/a11y/atspi/accessible/menus/n6d656e753a566965772f766965772e7072657365745f626f6172645f736368656d61746963; interface=org.a11y.atspi.Event.Object; member=StateChanged
   string "enabled"
   int32 1
   int32 0
   variant       boolean true
   array [
   ]
signal time=1788730818.496992 sender=:1.1 -> destination=(null destination) serial=551 path=/org/a11y/atspi/accessible/menus/n6d656e753a566965772f766965772e7072657365745f626f6172645f736368656d61746963; interface=org.a11y.atspi.Event.Object; member=StateChanged
   string "sensitive"
   int32 1
   int32 0
   variant       boolean true
   array [
   ]
signal time=1788730818.497044 sender=:1.1 -> destination=(null destination) serial=552 path=/org/a11y/atspi/accessible/menus/n6d656e753a56696577; interface=org.a11y.atspi.Event.Object; member=ChildrenChanged
   string "add"
   int32 18
   int32 0
   variant       struct {
         string ":1.1"
         object path "/org/a11y/atspi/accessible/menus/n6d656e753a566965772f766965772e637572736f722e66756c6c"
      }
   array [
   ]
signal time=1788730818.497116 sender=:1.1 -> destination=(null destination) serial=553 path=/org/a11y/atspi/accessible/menus/n6d656e753a566965772f766965772e637572736f722e66756c6c; interface=org.a11y.atspi.Event.Object; member=StateChanged
   string "focused"
   int32 0
   int32 0
   variant       boolean false
   array [
   ]
signal time=1788730818.497169 sender=:1.1 -> destination=(null destination) serial=554 path=/org/a11y/atspi/accessible/menus/n6d656e753a566965772f766965772e637572736f722e66756c6c; interface=org.a11y.atspi.Event.Object; member=StateChanged
   string "enabled"
   int32 1
   int32 0
   variant       boolean true
   array [
   ]
signal time=1788730818.497220 sender=:1.1 -> destination=(null destination) serial=555 path=/org/a11y/atspi/accessible/menus/n6d656e753a566965772f766965772e637572736f722e66756c6c; interface=org.a11y.atspi.Event.Object; member=StateChanged
   string "sensitive"
   int32 1
   int32 0
   variant       boolean true
   array [
   ]
signal time=1788730818.497611 sender=:1.1 -> destination=(null destination) serial=556 path=/org/a11y/atspi/accessible/menus/n6d656e753a56696577; interface=org.a11y.atspi.Event.Object; member=ChildrenChanged
   string "add"
   int32 19
   int32 0
   variant       struct {
         string ":1.1"
         object path "/org/a11y/atspi/accessible/menus/n6d656e753a566965772f766965772e637572736f722e736d616c6c"
      }
   array [
   ]
signal time=1788730818.497702 sender=:1.1 -> destination=(null destination) serial=557 path=/org/a11y/atspi/accessible/menus/n6d656e753a566965772f766965772e637572736f722e736d616c6c; interface=org.a11y.atspi.Event.Object; member=StateChanged
   string "focused"
   int32 0
   int32 0
   variant       boolean false
   array [
   ]
signal time=1788730818.497754 sender=:1.1 -> destination=(null destination) serial=558 path=/org/a11y/atspi/accessible/menus/n6d656e753a566965772f766965772e637572736f722e736d616c6c; interface=org.a11y.atspi.Event.Object; member=StateChanged
   string "enabled"
   int32 1
   int32 0
   variant       boolean true
   array [
   ]
signal time=1788730818.497805 sender=:1.1 -> destination=(null destination) serial=559 path=/org/a11y/atspi/accessible/menus/n6d656e753a566965772f766965772e637572736f722e736d616c6c; interface=org.a11y.atspi.Event.Object; member=StateChanged
   string "sensitive"
   int32 1
   int32 0
   variant       boolean true
   array [
   ]
signal time=1788730818.497856 sender=:1.1 -> destination=(null destination) serial=560 path=/org/a11y/atspi/accessible/menus/n6d656e753a56696577; interface=org.a11y.atspi.Event.Object; member=ChildrenChanged
   string "add"
   int32 20
   int32 0
   variant       struct {
         string ":1.1"
         object path "/org/a11y/atspi/accessible/menus/n6d656e753a566965772f766965772e637572736f722e6e6f6e65"
      }
   array [
   ]
signal time=1788730818.497927 sender=:1.1 -> destination=(null destination) serial=561 path=/org/a11y/atspi/accessible/menus/n6d656e753a566965772f766965772e637572736f722e6e6f6e65; interface=org.a11y.atspi.Event.Object; member=StateChanged
   string "focused"
   int32 0
   int32 0
   variant       boolean false
   array [
   ]
signal time=1788730818.497994 sender=:1.1 -> destination=(null destination) serial=562 path=/org/a11y/atspi/accessible/menus/n6d656e753a566965772f766965772e637572736f722e6e6f6e65; interface=org.a11y.atspi.Event.Object; member=StateChanged
   string "enabled"
   int32 1
   int32 0
   variant       boolean true
   array [
   ]
signal time=1788730818.498046 sender=:1.1 -> destination=(null destination) serial=563 path=/org/a11y/atspi/accessible/menus/n6d656e753a566965772f766965772e637572736f722e6e6f6e65; interface=org.a11y.atspi.Event.Object; member=StateChanged
   string "sensitive"
   int32 1
   int32 0
   variant       boolean true
   array [
   ]
signal time=1788730818.498098 sender=:1.1 -> destination=(null destination) serial=564 path=/org/a11y/atspi/accessible/menus/n6d656e753a56696577; interface=org.a11y.atspi.Event.Object; member=ChildrenChanged
   string "add"
   int32 21
   int32 0
   variant       struct {
         string ":1.1"
         object path "/org/a11y/atspi/accessible/menus/n6d656e753a566965772f766965772e636f6e736f6c655f686973746f7279"
      }
   array [
   ]
signal time=1788730818.498171 sender=:1.1 -> destination=(null destination) serial=565 path=/org/a11y/atspi/accessible/menus/n6d656e753a566965772f766965772e636f6e736f6c655f686973746f7279; interface=org.a11y.atspi.Event.Object; member=StateChanged
   string "focused"
   int32 0
   int32 0
   variant       boolean false
   array [
   ]
signal time=1788730818.498222 sender=:1.1 -> destination=(null destination) serial=566 path=/org/a11y/atspi/accessible/menus/n6d656e753a566965772f766965772e636f6e736f6c655f686973746f7279; interface=org.a11y.atspi.Event.Object; member=StateChanged
   string "enabled"
   int32 1
   int32 0
   variant       boolean true
   array [
   ]
signal time=1788730818.498273 sender=:1.1 -> destination=(null destination) serial=567 path=/org/a11y/atspi/accessible/menus/n6d656e753a566965772f766965772e636f6e736f6c655f686973746f7279; interface=org.a11y.atspi.Event.Object; member=StateChanged
   string "sensitive"
   int32 1
   int32 0
   variant       boolean true
   array [
   ]
signal time=1788730818.888034 sender=:1.1 -> destination=(null destination) serial=568 path=/org/a11y/atspi/accessible/menus/n6d656e753a566965772f766965772e666974; interface=org.a11y.atspi.Event.Object; member=StateChanged
   string "focused"
   int32 0
   int32 0
   variant       boolean false
   array [
   ]
signal time=1788730818.888070 sender=:1.1 -> destination=(null destination) serial=569 path=/org/a11y/atspi/accessible/menus/n6d656e753a566965772f766965772e6c6179657273; interface=org.a11y.atspi.Event.Object; member=StateChanged
   string "focused"
   int32 1
   int32 0
   variant       boolean true
   array [
   ]
signal time=1788730820.197361 sender=org.freedesktop.DBus -> destination=(null destination) serial=453 path=/org/freedesktop/DBus; interface=org.freedesktop.DBus; member=NameOwnerChanged
   string ":1.227"
   string ""
   string ":1.227"
signal time=1788730820.197455 sender=org.freedesktop.DBus -> destination=:1.227 serial=2 path=/org/freedesktop/DBus; interface=org.freedesktop.DBus; member=NameAcquired
   string ":1.227"
signal time=1788730820.201108 sender=org.freedesktop.DBus -> destination=:1.227 serial=3 path=/org/freedesktop/DBus; interface=org.freedesktop.DBus; member=NameLost
   string ":1.227"
signal time=1788730820.201199 sender=org.freedesktop.DBus -> destination=(null destination) serial=454 path=/org/freedesktop/DBus; interface=org.freedesktop.DBus; member=NameOwnerChanged
   string ":1.227"
   string ":1.227"
   string ""
signal time=1788730820.201292 sender=:1.2 -> destination=(null destination) serial=266 path=/org/a11y/atspi/registry; interface=org.a11y.atspi.Registry; member=EventListenerDeregistered
   string ":1.227"
   string ""
signal time=1788730820.212768 sender=org.freedesktop.DBus -> destination=(null destination) serial=455 path=/org/freedesktop/DBus; interface=org.freedesktop.DBus; member=NameOwnerChanged
   string ":1.228"
   string ""
   string ":1.228"
signal time=1788730820.212863 sender=org.freedesktop.DBus -> destination=:1.228 serial=2 path=/org/freedesktop/DBus; interface=org.freedesktop.DBus; member=NameAcquired
   string ":1.228"
signal time=1788730820.215937 sender=org.freedesktop.DBus -> destination=:1.228 serial=5 path=/org/freedesktop/DBus; interface=org.freedesktop.DBus; member=NameLost
   string ":1.228"
signal time=1788730820.215991 sender=org.freedesktop.DBus -> destination=(null destination) serial=456 path=/org/freedesktop/DBus; interface=org.freedesktop.DBus; member=NameOwnerChanged
   string ":1.228"
   string ":1.228"
   string ""
signal time=1788730820.216230 sender=:1.2 -> destination=(null destination) serial=267 path=/org/a11y/atspi/registry; interface=org.a11y.atspi.Registry; member=EventListenerDeregistered
   string ":1.228"
   string ""
signal time=1788730820.225668 sender=org.freedesktop.DBus -> destination=(null destination) serial=457 path=/org/freedesktop/DBus; interface=org.freedesktop.DBus; member=NameOwnerChanged
   string ":1.229"
   string ""
   string ":1.229"
signal time=1788730820.225734 sender=org.freedesktop.DBus -> destination=:1.229 serial=2 path=/org/freedesktop/DBus; interface=org.freedesktop.DBus; member=NameAcquired
   string ":1.229"
signal time=1788730820.228950 sender=org.freedesktop.DBus -> destination=:1.229 serial=3 path=/org/freedesktop/DBus; interface=org.freedesktop.DBus; member=NameLost
   string ":1.229"
signal time=1788730820.228991 sender=org.freedesktop.DBus -> destination=(null destination) serial=458 path=/org/freedesktop/DBus; interface=org.freedesktop.DBus; member=NameOwnerChanged
   string ":1.229"
   string ":1.229"
   string ""
signal time=1788730820.229208 sender=:1.2 -> destination=(null destination) serial=268 path=/org/a11y/atspi/registry; interface=org.a11y.atspi.Registry; member=EventListenerDeregistered
   string ":1.229"
   string ""
signal time=1788730820.237820 sender=org.freedesktop.DBus -> destination=(null destination) serial=459 path=/org/freedesktop/DBus; interface=org.freedesktop.DBus; member=NameOwnerChanged
   string ":1.230"
   string ""
   string ":1.230"
signal time=1788730820.237890 sender=org.freedesktop.DBus -> destination=:1.230 serial=2 path=/org/freedesktop/DBus; interface=org.freedesktop.DBus; member=NameAcquired
   string ":1.230"
signal time=1788730820.240709 sender=org.freedesktop.DBus -> destination=:1.230 serial=3 path=/org/freedesktop/DBus; interface=org.freedesktop.DBus; member=NameLost
   string ":1.230"
signal time=1788730820.240748 sender=org.freedesktop.DBus -> destination=(null destination) serial=460 path=/org/freedesktop/DBus; interface=org.freedesktop.DBus; member=NameOwnerChanged
   string ":1.230"
   string ":1.230"
   string ""
signal time=1788730820.240950 sender=:1.2 -> destination=(null destination) serial=269 path=/org/a11y/atspi/registry; interface=org.a11y.atspi.Registry; member=EventListenerDeregistered
   string ":1.230"
   string ""
signal time=1788730820.249354 sender=org.freedesktop.DBus -> destination=(null destination) serial=461 path=/org/freedesktop/DBus; interface=org.freedesktop.DBus; member=NameOwnerChanged
   string ":1.231"
   string ""
   string ":1.231"
signal time=1788730820.249435 sender=org.freedesktop.DBus -> destination=:1.231 serial=2 path=/org/freedesktop/DBus; interface=org.freedesktop.DBus; member=NameAcquired
   string ":1.231"
signal time=1788730820.252207 sender=org.freedesktop.DBus -> destination=:1.231 serial=3 path=/org/freedesktop/DBus; interface=org.freedesktop.DBus; member=NameLost
   string ":1.231"
signal time=1788730820.252257 sender=org.freedesktop.DBus -> destination=(null destination) serial=462 path=/org/freedesktop/DBus; interface=org.freedesktop.DBus; member=NameOwnerChanged
   string ":1.231"
   string ":1.231"
   string ""
signal time=1788730820.252469 sender=:1.2 -> destination=(null destination) serial=270 path=/org/a11y/atspi/registry; interface=org.a11y.atspi.Registry; member=EventListenerDeregistered
   string ":1.231"
   string ""
signal time=1788730820.260659 sender=org.freedesktop.DBus -> destination=(null destination) serial=463 path=/org/freedesktop/DBus; interface=org.freedesktop.DBus; member=NameOwnerChanged
   string ":1.232"
   string ""
   string ":1.232"
signal time=1788730820.260727 sender=org.freedesktop.DBus -> destination=:1.232 serial=2 path=/org/freedesktop/DBus; interface=org.freedesktop.DBus; member=NameAcquired
   string ":1.232"
signal time=1788730820.263527 sender=org.freedesktop.DBus -> destination=:1.232 serial=3 path=/org/freedesktop/DBus; interface=org.freedesktop.DBus; member=NameLost
   string ":1.232"
signal time=1788730820.263568 sender=org.freedesktop.DBus -> destination=(null destination) serial=464 path=/org/freedesktop/DBus; interface=org.freedesktop.DBus; member=NameOwnerChanged
   string ":1.232"
   string ":1.232"
   string ""
signal time=1788730820.263767 sender=:1.2 -> destination=(null destination) serial=271 path=/org/a11y/atspi/registry; interface=org.a11y.atspi.Registry; member=EventListenerDeregistered
   string ":1.232"
   string ""
signal time=1788730820.273124 sender=org.freedesktop.DBus -> destination=(null destination) serial=465 path=/org/freedesktop/DBus; interface=org.freedesktop.DBus; member=NameOwnerChanged
   string ":1.233"
   string ""
   string ":1.233"
signal time=1788730820.273189 sender=org.freedesktop.DBus -> destination=:1.233 serial=2 path=/org/freedesktop/DBus; interface=org.freedesktop.DBus; member=NameAcquired
   string ":1.233"
signal time=1788730820.276067 sender=org.freedesktop.DBus -> destination=:1.233 serial=3 path=/org/freedesktop/DBus; interface=org.freedesktop.DBus; member=NameLost
   string ":1.233"
signal time=1788730820.276121 sender=org.freedesktop.DBus -> destination=(null destination) serial=466 path=/org/freedesktop/DBus; interface=org.freedesktop.DBus; member=NameOwnerChanged
   string ":1.233"
   string ":1.233"
   string ""
signal time=1788730820.276282 sender=:1.2 -> destination=(null destination) serial=272 path=/org/a11y/atspi/registry; interface=org.a11y.atspi.Registry; member=EventListenerDeregistered
   string ":1.233"
   string ""
signal time=1788730820.285650 sender=org.freedesktop.DBus -> destination=(null destination) serial=467 path=/org/freedesktop/DBus; interface=org.freedesktop.DBus; member=NameOwnerChanged
   string ":1.234"
   string ""
   string ":1.234"
signal time=1788730820.285716 sender=org.freedesktop.DBus -> destination=:1.234 serial=2 path=/org/freedesktop/DBus; interface=org.freedesktop.DBus; member=NameAcquired
   string ":1.234"
signal time=1788730820.287779 sender=org.freedesktop.DBus -> destination=:1.234 serial=3 path=/org/freedesktop/DBus; interface=org.freedesktop.DBus; member=NameLost
   string ":1.234"
signal time=1788730820.287812 sender=org.freedesktop.DBus -> destination=(null destination) serial=468 path=/org/freedesktop/DBus; interface=org.freedesktop.DBus; member=NameOwnerChanged
   string ":1.234"
   string ":1.234"
   string ""
signal time=1788730820.287983 sender=:1.2 -> destination=(null destination) serial=273 path=/org/a11y/atspi/registry; interface=org.a11y.atspi.Registry; member=EventListenerDeregistered
   string ":1.234"
   string ""
signal time=1788730820.293870 sender=org.freedesktop.DBus -> destination=(null destination) serial=469 path=/org/freedesktop/DBus; interface=org.freedesktop.DBus; member=NameOwnerChanged
   string ":1.235"
   string ""
   string ":1.235"
signal time=1788730820.293921 sender=org.freedesktop.DBus -> destination=:1.235 serial=2 path=/org/freedesktop/DBus; interface=org.freedesktop.DBus; member=NameAcquired
   string ":1.235"
signal time=1788730820.295333 sender=org.freedesktop.DBus -> destination=:1.235 serial=3 path=/org/freedesktop/DBus; interface=org.freedesktop.DBus; member=NameLost
   string ":1.235"
signal time=1788730820.295350 sender=org.freedesktop.DBus -> destination=(null destination) serial=470 path=/org/freedesktop/DBus; interface=org.freedesktop.DBus; member=NameOwnerChanged
   string ":1.235"
   string ":1.235"
   string ""
signal time=1788730820.295470 sender=:1.2 -> destination=(null destination) serial=274 path=/org/a11y/atspi/registry; interface=org.a11y.atspi.Registry; member=EventListenerDeregistered
   string ":1.235"
   string ""
signal time=1788730820.300216 sender=org.freedesktop.DBus -> destination=(null destination) serial=471 path=/org/freedesktop/DBus; interface=org.freedesktop.DBus; member=NameOwnerChanged
   string ":1.236"
   string ""
   string ":1.236"
signal time=1788730820.300247 sender=org.freedesktop.DBus -> destination=:1.236 serial=2 path=/org/freedesktop/DBus; interface=org.freedesktop.DBus; member=NameAcquired
   string ":1.236"
signal time=1788730820.301801 sender=org.freedesktop.DBus -> destination=:1.236 serial=3 path=/org/freedesktop/DBus; interface=org.freedesktop.DBus; member=NameLost
   string ":1.236"
signal time=1788730820.301823 sender=org.freedesktop.DBus -> destination=(null destination) serial=472 path=/org/freedesktop/DBus; interface=org.freedesktop.DBus; member=NameOwnerChanged
   string ":1.236"
   string ":1.236"
   string ""
signal time=1788730820.301932 sender=:1.2 -> destination=(null destination) serial=275 path=/org/a11y/atspi/registry; interface=org.a11y.atspi.Registry; member=EventListenerDeregistered
   string ":1.236"
   string ""
signal time=1788730820.305619 sender=org.freedesktop.DBus -> destination=(null destination) serial=473 path=/org/freedesktop/DBus; interface=org.freedesktop.DBus; member=NameOwnerChanged
   string ":1.237"
   string ""
   string ":1.237"
signal time=1788730820.305648 sender=org.freedesktop.DBus -> destination=:1.237 serial=2 path=/org/freedesktop/DBus; interface=org.freedesktop.DBus; member=NameAcquired
   string ":1.237"
signal time=1788730820.307038 sender=org.freedesktop.DBus -> destination=:1.237 serial=3 path=/org/freedesktop/DBus; interface=org.freedesktop.DBus; member=NameLost
   string ":1.237"
signal time=1788730820.307057 sender=org.freedesktop.DBus -> destination=(null destination) serial=474 path=/org/freedesktop/DBus; interface=org.freedesktop.DBus; member=NameOwnerChanged
   string ":1.237"
   string ":1.237"
   string ""
signal time=1788730820.307143 sender=:1.2 -> destination=(null destination) serial=276 path=/org/a11y/atspi/registry; interface=org.a11y.atspi.Registry; member=EventListenerDeregistered
   string ":1.237"
   string ""
signal time=1788730820.310775 sender=org.freedesktop.DBus -> destination=(null destination) serial=475 path=/org/freedesktop/DBus; interface=org.freedesktop.DBus; member=NameOwnerChanged
   string ":1.238"
   string ""
   string ":1.238"
signal time=1788730820.310817 sender=org.freedesktop.DBus -> destination=:1.238 serial=2 path=/org/freedesktop/DBus; interface=org.freedesktop.DBus; member=NameAcquired
   string ":1.238"
signal time=1788730820.312276 sender=org.freedesktop.DBus -> destination=:1.238 serial=3 path=/org/freedesktop/DBus; interface=org.freedesktop.DBus; member=NameLost
   string ":1.238"
signal time=1788730820.312293 sender=org.freedesktop.DBus -> destination=(null destination) serial=476 path=/org/freedesktop/DBus; interface=org.freedesktop.DBus; member=NameOwnerChanged
   string ":1.238"
   string ":1.238"
   string ""
signal time=1788730820.312391 sender=:1.2 -> destination=(null destination) serial=277 path=/org/a11y/atspi/registry; interface=org.a11y.atspi.Registry; member=EventListenerDeregistered
   string ":1.238"
   string ""
signal time=1788730820.316319 sender=org.freedesktop.DBus -> destination=(null destination) serial=477 path=/org/freedesktop/DBus; interface=org.freedesktop.DBus; member=NameOwnerChanged
   string ":1.239"
   string ""
   string ":1.239"
signal time=1788730820.316347 sender=org.freedesktop.DBus -> destination=:1.239 serial=2 path=/org/freedesktop/DBus; interface=org.freedesktop.DBus; member=NameAcquired
   string ":1.239"
signal time=1788730820.317322 sender=org.freedesktop.DBus -> destination=:1.239 serial=3 path=/org/freedesktop/DBus; interface=org.freedesktop.DBus; member=NameLost
   string ":1.239"
signal time=1788730820.317340 sender=org.freedesktop.DBus -> destination=(null destination) serial=478 path=/org/freedesktop/DBus; interface=org.freedesktop.DBus; member=NameOwnerChanged
   string ":1.239"
   string ":1.239"
   string ""
signal time=1788730820.317487 sender=:1.2 -> destination=(null destination) serial=278 path=/org/a11y/atspi/registry; interface=org.a11y.atspi.Registry; member=EventListenerDeregistered
   string ":1.239"
   string ""
signal time=1788730820.320984 sender=org.freedesktop.DBus -> destination=(null destination) serial=479 path=/org/freedesktop/DBus; interface=org.freedesktop.DBus; member=NameOwnerChanged
   string ":1.240"
   string ""
   string ":1.240"
signal time=1788730820.321030 sender=org.freedesktop.DBus -> destination=:1.240 serial=2 path=/org/freedesktop/DBus; interface=org.freedesktop.DBus; member=NameAcquired
   string ":1.240"
signal time=1788730820.321945 sender=org.freedesktop.DBus -> destination=:1.240 serial=3 path=/org/freedesktop/DBus; interface=org.freedesktop.DBus; member=NameLost
   string ":1.240"
signal time=1788730820.321974 sender=org.freedesktop.DBus -> destination=(null destination) serial=480 path=/org/freedesktop/DBus; interface=org.freedesktop.DBus; member=NameOwnerChanged
   string ":1.240"
   string ":1.240"
   string ""
signal time=1788730820.322097 sender=:1.2 -> destination=(null destination) serial=279 path=/org/a11y/atspi/registry; interface=org.a11y.atspi.Registry; member=EventListenerDeregistered
   string ":1.240"
   string ""
signal time=1788730820.325636 sender=org.freedesktop.DBus -> destination=(null destination) serial=481 path=/org/freedesktop/DBus; interface=org.freedesktop.DBus; member=NameOwnerChanged
   string ":1.241"
   string ""
   string ":1.241"
signal time=1788730820.325676 sender=org.freedesktop.DBus -> destination=:1.241 serial=2 path=/org/freedesktop/DBus; interface=org.freedesktop.DBus; member=NameAcquired
   string ":1.241"
signal time=1788730820.326658 sender=org.freedesktop.DBus -> destination=:1.241 serial=3 path=/org/freedesktop/DBus; interface=org.freedesktop.DBus; member=NameLost
   string ":1.241"
signal time=1788730820.326689 sender=org.freedesktop.DBus -> destination=(null destination) serial=482 path=/org/freedesktop/DBus; interface=org.freedesktop.DBus; member=NameOwnerChanged
   string ":1.241"
   string ":1.241"
   string ""
signal time=1788730820.326782 sender=:1.2 -> destination=(null destination) serial=280 path=/org/a11y/atspi/registry; interface=org.a11y.atspi.Registry; member=EventListenerDeregistered
   string ":1.241"
   string ""
signal time=1788730820.330373 sender=org.freedesktop.DBus -> destination=(null destination) serial=483 path=/org/freedesktop/DBus; interface=org.freedesktop.DBus; member=NameOwnerChanged
   string ":1.242"
   string ""
   string ":1.242"
signal time=1788730820.330400 sender=org.freedesktop.DBus -> destination=:1.242 serial=2 path=/org/freedesktop/DBus; interface=org.freedesktop.DBus; member=NameAcquired
   string ":1.242"
signal time=1788730820.332092 sender=org.freedesktop.DBus -> destination=:1.242 serial=3 path=/org/freedesktop/DBus; interface=org.freedesktop.DBus; member=NameLost
   string ":1.242"
signal time=1788730820.332111 sender=org.freedesktop.DBus -> destination=(null destination) serial=484 path=/org/freedesktop/DBus; interface=org.freedesktop.DBus; member=NameOwnerChanged
   string ":1.242"
   string ":1.242"
   string ""
signal time=1788730820.332201 sender=:1.2 -> destination=(null destination) serial=281 path=/org/a11y/atspi/registry; interface=org.a11y.atspi.Registry; member=EventListenerDeregistered
   string ":1.242"
   string ""
signal time=1788730820.336065 sender=org.freedesktop.DBus -> destination=(null destination) serial=485 path=/org/freedesktop/DBus; interface=org.freedesktop.DBus; member=NameOwnerChanged
   string ":1.243"
   string ""
   string ":1.243"
signal time=1788730820.336093 sender=org.freedesktop.DBus -> destination=:1.243 serial=2 path=/org/freedesktop/DBus; interface=org.freedesktop.DBus; member=NameAcquired
   string ":1.243"
signal time=1788730820.337426 sender=org.freedesktop.DBus -> destination=:1.243 serial=3 path=/org/freedesktop/DBus; interface=org.freedesktop.DBus; member=NameLost
   string ":1.243"
signal time=1788730820.337457 sender=org.freedesktop.DBus -> destination=(null destination) serial=486 path=/org/freedesktop/DBus; interface=org.freedesktop.DBus; member=NameOwnerChanged
   string ":1.243"
   string ":1.243"
   string ""
signal time=1788730820.337499 sender=:1.2 -> destination=(null destination) serial=282 path=/org/a11y/atspi/registry; interface=org.a11y.atspi.Registry; member=EventListenerDeregistered
   string ":1.243"
   string ""
signal time=1788730820.341093 sender=org.freedesktop.DBus -> destination=(null destination) serial=487 path=/org/freedesktop/DBus; interface=org.freedesktop.DBus; member=NameOwnerChanged
   string ":1.244"
   string ""
   string ":1.244"
signal time=1788730820.341121 sender=org.freedesktop.DBus -> destination=:1.244 serial=2 path=/org/freedesktop/DBus; interface=org.freedesktop.DBus; member=NameAcquired
   string ":1.244"
signal time=1788730820.342181 sender=org.freedesktop.DBus -> destination=:1.244 serial=3 path=/org/freedesktop/DBus; interface=org.freedesktop.DBus; member=NameLost
   string ":1.244"
signal time=1788730820.342201 sender=org.freedesktop.DBus -> destination=(null destination) serial=488 path=/org/freedesktop/DBus; interface=org.freedesktop.DBus; member=NameOwnerChanged
   string ":1.244"
   string ":1.244"
   string ""
signal time=1788730820.342275 sender=:1.2 -> destination=(null destination) serial=283 path=/org/a11y/atspi/registry; interface=org.a11y.atspi.Registry; member=EventListenerDeregistered
   string ":1.244"
   string ""
signal time=1788730820.345885 sender=org.freedesktop.DBus -> destination=(null destination) serial=489 path=/org/freedesktop/DBus; interface=org.freedesktop.DBus; member=NameOwnerChanged
   string ":1.245"
   string ""
   string ":1.245"
signal time=1788730820.345907 sender=org.freedesktop.DBus -> destination=:1.245 serial=2 path=/org/freedesktop/DBus; interface=org.freedesktop.DBus; member=NameAcquired
   string ":1.245"
signal time=1788730820.347331 sender=org.freedesktop.DBus -> destination=:1.245 serial=3 path=/org/freedesktop/DBus; interface=org.freedesktop.DBus; member=NameLost
   string ":1.245"
signal time=1788730820.347347 sender=org.freedesktop.DBus -> destination=(null destination) serial=490 path=/org/freedesktop/DBus; interface=org.freedesktop.DBus; member=NameOwnerChanged
   string ":1.245"
   string ":1.245"
   string ""
signal time=1788730820.347470 sender=:1.2 -> destination=(null destination) serial=284 path=/org/a11y/atspi/registry; interface=org.a11y.atspi.Registry; member=EventListenerDeregistered
   string ":1.245"
   string ""
signal time=1788730820.351097 sender=org.freedesktop.DBus -> destination=(null destination) serial=491 path=/org/freedesktop/DBus; interface=org.freedesktop.DBus; member=NameOwnerChanged
   string ":1.246"
   string ""
   string ":1.246"
signal time=1788730820.351130 sender=org.freedesktop.DBus -> destination=:1.246 serial=2 path=/org/freedesktop/DBus; interface=org.freedesktop.DBus; member=NameAcquired
   string ":1.246"
signal time=1788730820.352207 sender=org.freedesktop.DBus -> destination=:1.246 serial=3 path=/org/freedesktop/DBus; interface=org.freedesktop.DBus; member=NameLost
   string ":1.246"
signal time=1788730820.352226 sender=org.freedesktop.DBus -> destination=(null destination) serial=492 path=/org/freedesktop/DBus; interface=org.freedesktop.DBus; member=NameOwnerChanged
   string ":1.246"
   string ":1.246"
   string ""
signal time=1788730820.352307 sender=:1.2 -> destination=(null destination) serial=285 path=/org/a11y/atspi/registry; interface=org.a11y.atspi.Registry; member=EventListenerDeregistered
   string ":1.246"
   string ""
signal time=1788730820.356092 sender=org.freedesktop.DBus -> destination=(null destination) serial=493 path=/org/freedesktop/DBus; interface=org.freedesktop.DBus; member=NameOwnerChanged
   string ":1.247"
   string ""
   string ":1.247"
signal time=1788730820.356115 sender=org.freedesktop.DBus -> destination=:1.247 serial=2 path=/org/freedesktop/DBus; interface=org.freedesktop.DBus; member=NameAcquired
   string ":1.247"
signal time=1788730820.357604 sender=org.freedesktop.DBus -> destination=:1.247 serial=3 path=/org/freedesktop/DBus; interface=org.freedesktop.DBus; member=NameLost
   string ":1.247"
signal time=1788730820.357642 sender=org.freedesktop.DBus -> destination=(null destination) serial=494 path=/org/freedesktop/DBus; interface=org.freedesktop.DBus; member=NameOwnerChanged
   string ":1.247"
   string ":1.247"
   string ""
signal time=1788730820.357690 sender=:1.2 -> destination=(null destination) serial=286 path=/org/a11y/atspi/registry; interface=org.a11y.atspi.Registry; member=EventListenerDeregistered
   string ":1.247"
   string ""
signal time=1788730820.360970 sender=org.freedesktop.DBus -> destination=(null destination) serial=495 path=/org/freedesktop/DBus; interface=org.freedesktop.DBus; member=NameOwnerChanged
   string ":1.248"
   string ""
   string ":1.248"
signal time=1788730820.360988 sender=org.freedesktop.DBus -> destination=:1.248 serial=2 path=/org/freedesktop/DBus; interface=org.freedesktop.DBus; member=NameAcquired
   string ":1.248"
signal time=1788730820.362097 sender=org.freedesktop.DBus -> destination=:1.248 serial=3 path=/org/freedesktop/DBus; interface=org.freedesktop.DBus; member=NameLost
   string ":1.248"
signal time=1788730820.362139 sender=org.freedesktop.DBus -> destination=(null destination) serial=496 path=/org/freedesktop/DBus; interface=org.freedesktop.DBus; member=NameOwnerChanged
   string ":1.248"
   string ":1.248"
   string ""
signal time=1788730820.362198 sender=:1.2 -> destination=(null destination) serial=287 path=/org/a11y/atspi/registry; interface=org.a11y.atspi.Registry; member=EventListenerDeregistered
   string ":1.248"
   string ""
signal time=1788730820.365786 sender=org.freedesktop.DBus -> destination=(null destination) serial=497 path=/org/freedesktop/DBus; interface=org.freedesktop.DBus; member=NameOwnerChanged
   string ":1.249"
   string ""
   string ":1.249"
signal time=1788730820.365832 sender=org.freedesktop.DBus -> destination=:1.249 serial=2 path=/org/freedesktop/DBus; interface=org.freedesktop.DBus; member=NameAcquired
   string ":1.249"
signal time=1788730820.367334 sender=org.freedesktop.DBus -> destination=:1.249 serial=3 path=/org/freedesktop/DBus; interface=org.freedesktop.DBus; member=NameLost
   string ":1.249"
signal time=1788730820.367357 sender=org.freedesktop.DBus -> destination=(null destination) serial=498 path=/org/freedesktop/DBus; interface=org.freedesktop.DBus; member=NameOwnerChanged
   string ":1.249"
   string ":1.249"
   string ""
signal time=1788730820.367469 sender=:1.2 -> destination=(null destination) serial=288 path=/org/a11y/atspi/registry; interface=org.a11y.atspi.Registry; member=EventListenerDeregistered
   string ":1.249"
   string ""
signal time=1788730820.371729 sender=org.freedesktop.DBus -> destination=(null destination) serial=499 path=/org/freedesktop/DBus; interface=org.freedesktop.DBus; member=NameOwnerChanged
   string ":1.250"
   string ""
   string ":1.250"
signal time=1788730820.371768 sender=org.freedesktop.DBus -> destination=:1.250 serial=2 path=/org/freedesktop/DBus; interface=org.freedesktop.DBus; member=NameAcquired
   string ":1.250"
signal time=1788730820.373149 sender=org.freedesktop.DBus -> destination=:1.250 serial=3 path=/org/freedesktop/DBus; interface=org.freedesktop.DBus; member=NameLost
   string ":1.250"
signal time=1788730820.373176 sender=org.freedesktop.DBus -> destination=(null destination) serial=500 path=/org/freedesktop/DBus; interface=org.freedesktop.DBus; member=NameOwnerChanged
   string ":1.250"
   string ":1.250"
   string ""
signal time=1788730820.373283 sender=:1.2 -> destination=(null destination) serial=289 path=/org/a11y/atspi/registry; interface=org.a11y.atspi.Registry; member=EventListenerDeregistered
   string ":1.250"
   string ""
signal time=1788730820.377446 sender=org.freedesktop.DBus -> destination=(null destination) serial=501 path=/org/freedesktop/DBus; interface=org.freedesktop.DBus; member=NameOwnerChanged
   string ":1.251"
   string ""
   string ":1.251"
signal time=1788730820.377479 sender=org.freedesktop.DBus -> destination=:1.251 serial=2 path=/org/freedesktop/DBus; interface=org.freedesktop.DBus; member=NameAcquired
   string ":1.251"
signal time=1788730820.378245 sender=org.freedesktop.DBus -> destination=:1.251 serial=3 path=/org/freedesktop/DBus; interface=org.freedesktop.DBus; member=NameLost
   string ":1.251"
signal time=1788730820.378266 sender=org.freedesktop.DBus -> destination=(null destination) serial=502 path=/org/freedesktop/DBus; interface=org.freedesktop.DBus; member=NameOwnerChanged
   string ":1.251"
   string ":1.251"
   string ""
signal time=1788730820.378416 sender=:1.2 -> destination=(null destination) serial=290 path=/org/a11y/atspi/registry; interface=org.a11y.atspi.Registry; member=EventListenerDeregistered
   string ":1.251"
   string ""
signal time=1788730820.382751 sender=org.freedesktop.DBus -> destination=(null destination) serial=503 path=/org/freedesktop/DBus; interface=org.freedesktop.DBus; member=NameOwnerChanged
   string ":1.252"
   string ""
   string ":1.252"
signal time=1788730820.382857 sender=org.freedesktop.DBus -> destination=:1.252 serial=2 path=/org/freedesktop/DBus; interface=org.freedesktop.DBus; member=NameAcquired
   string ":1.252"
signal time=1788730820.384257 sender=org.freedesktop.DBus -> destination=:1.252 serial=3 path=/org/freedesktop/DBus; interface=org.freedesktop.DBus; member=NameLost
   string ":1.252"
signal time=1788730820.384305 sender=org.freedesktop.DBus -> destination=(null destination) serial=504 path=/org/freedesktop/DBus; interface=org.freedesktop.DBus; member=NameOwnerChanged
   string ":1.252"
   string ":1.252"
   string ""
signal time=1788730820.384395 sender=:1.2 -> destination=(null destination) serial=291 path=/org/a11y/atspi/registry; interface=org.a11y.atspi.Registry; member=EventListenerDeregistered
   string ":1.252"
   string ""
signal time=1788730820.389079 sender=org.freedesktop.DBus -> destination=(null destination) serial=505 path=/org/freedesktop/DBus; interface=org.freedesktop.DBus; member=NameOwnerChanged
   string ":1.253"
   string ""
   string ":1.253"
signal time=1788730820.389137 sender=org.freedesktop.DBus -> destination=:1.253 serial=2 path=/org/freedesktop/DBus; interface=org.freedesktop.DBus; member=NameAcquired
   string ":1.253"
signal time=1788730820.391020 sender=org.freedesktop.DBus -> destination=:1.253 serial=3 path=/org/freedesktop/DBus; interface=org.freedesktop.DBus; member=NameLost
   string ":1.253"
signal time=1788730820.391059 sender=org.freedesktop.DBus -> destination=(null destination) serial=506 path=/org/freedesktop/DBus; interface=org.freedesktop.DBus; member=NameOwnerChanged
   string ":1.253"
   string ":1.253"
   string ""
signal time=1788730820.391166 sender=:1.2 -> destination=(null destination) serial=292 path=/org/a11y/atspi/registry; interface=org.a11y.atspi.Registry; member=EventListenerDeregistered
   string ":1.253"
   string ""
signal time=1788730820.394863 sender=org.freedesktop.DBus -> destination=(null destination) serial=507 path=/org/freedesktop/DBus; interface=org.freedesktop.DBus; member=NameOwnerChanged
   string ":1.254"
   string ""
   string ":1.254"
signal time=1788730820.394891 sender=org.freedesktop.DBus -> destination=:1.254 serial=2 path=/org/freedesktop/DBus; interface=org.freedesktop.DBus; member=NameAcquired
   string ":1.254"
signal time=1788730820.396202 sender=org.freedesktop.DBus -> destination=:1.254 serial=3 path=/org/freedesktop/DBus; interface=org.freedesktop.DBus; member=NameLost
   string ":1.254"
signal time=1788730820.396233 sender=org.freedesktop.DBus -> destination=(null destination) serial=508 path=/org/freedesktop/DBus; interface=org.freedesktop.DBus; member=NameOwnerChanged
   string ":1.254"
   string ":1.254"
   string ""
signal time=1788730820.396284 sender=:1.2 -> destination=(null destination) serial=293 path=/org/a11y/atspi/registry; interface=org.a11y.atspi.Registry; member=EventListenerDeregistered
   string ":1.254"
   string ""
signal time=1788730820.400048 sender=org.freedesktop.DBus -> destination=(null destination) serial=509 path=/org/freedesktop/DBus; interface=org.freedesktop.DBus; member=NameOwnerChanged
   string ":1.255"
   string ""
   string ":1.255"
signal time=1788730820.400087 sender=org.freedesktop.DBus -> destination=:1.255 serial=2 path=/org/freedesktop/DBus; interface=org.freedesktop.DBus; member=NameAcquired
   string ":1.255"
signal time=1788730820.401787 sender=org.freedesktop.DBus -> destination=:1.255 serial=3 path=/org/freedesktop/DBus; interface=org.freedesktop.DBus; member=NameLost
   string ":1.255"
signal time=1788730820.401827 sender=org.freedesktop.DBus -> destination=(null destination) serial=510 path=/org/freedesktop/DBus; interface=org.freedesktop.DBus; member=NameOwnerChanged
   string ":1.255"
   string ":1.255"
   string ""
signal time=1788730820.401911 sender=:1.2 -> destination=(null destination) serial=294 path=/org/a11y/atspi/registry; interface=org.a11y.atspi.Registry; member=EventListenerDeregistered
   string ":1.255"
   string ""
signal time=1788730820.405190 sender=org.freedesktop.DBus -> destination=(null destination) serial=511 path=/org/freedesktop/DBus; interface=org.freedesktop.DBus; member=NameOwnerChanged
   string ":1.256"
   string ""
   string ":1.256"
signal time=1788730820.405216 sender=org.freedesktop.DBus -> destination=:1.256 serial=2 path=/org/freedesktop/DBus; interface=org.freedesktop.DBus; member=NameAcquired
   string ":1.256"
signal time=1788730820.406179 sender=org.freedesktop.DBus -> destination=:1.256 serial=3 path=/org/freedesktop/DBus; interface=org.freedesktop.DBus; member=NameLost
   string ":1.256"
signal time=1788730820.406213 sender=org.freedesktop.DBus -> destination=(null destination) serial=512 path=/org/freedesktop/DBus; interface=org.freedesktop.DBus; member=NameOwnerChanged
   string ":1.256"
   string ":1.256"
   string ""
signal time=1788730820.406294 sender=:1.2 -> destination=(null destination) serial=295 path=/org/a11y/atspi/registry; interface=org.a11y.atspi.Registry; member=EventListenerDeregistered
   string ":1.256"
   string ""
signal time=1788730820.410000 sender=org.freedesktop.DBus -> destination=(null destination) serial=513 path=/org/freedesktop/DBus; interface=org.freedesktop.DBus; member=NameOwnerChanged
   string ":1.257"
   string ""
   string ":1.257"
signal time=1788730820.410029 sender=org.freedesktop.DBus -> destination=:1.257 serial=2 path=/org/freedesktop/DBus; interface=org.freedesktop.DBus; member=NameAcquired
   string ":1.257"
signal time=1788730820.411002 sender=org.freedesktop.DBus -> destination=:1.257 serial=3 path=/org/freedesktop/DBus; interface=org.freedesktop.DBus; member=NameLost
   string ":1.257"
signal time=1788730820.411020 sender=org.freedesktop.DBus -> destination=(null destination) serial=514 path=/org/freedesktop/DBus; interface=org.freedesktop.DBus; member=NameOwnerChanged
   string ":1.257"
   string ":1.257"
   string ""
signal time=1788730820.411082 sender=:1.2 -> destination=(null destination) serial=296 path=/org/a11y/atspi/registry; interface=org.a11y.atspi.Registry; member=EventListenerDeregistered
   string ":1.257"
   string ""
signal time=1788730820.414917 sender=org.freedesktop.DBus -> destination=(null destination) serial=515 path=/org/freedesktop/DBus; interface=org.freedesktop.DBus; member=NameOwnerChanged
   string ":1.258"
   string ""
   string ":1.258"
signal time=1788730820.414942 sender=org.freedesktop.DBus -> destination=:1.258 serial=2 path=/org/freedesktop/DBus; interface=org.freedesktop.DBus; member=NameAcquired
   string ":1.258"
signal time=1788730820.415830 sender=org.freedesktop.DBus -> destination=:1.258 serial=3 path=/org/freedesktop/DBus; interface=org.freedesktop.DBus; member=NameLost
   string ":1.258"
signal time=1788730820.415842 sender=org.freedesktop.DBus -> destination=(null destination) serial=516 path=/org/freedesktop/DBus; interface=org.freedesktop.DBus; member=NameOwnerChanged
   string ":1.258"
   string ":1.258"
   string ""
signal time=1788730820.415982 sender=:1.2 -> destination=(null destination) serial=297 path=/org/a11y/atspi/registry; interface=org.a11y.atspi.Registry; member=EventListenerDeregistered
   string ":1.258"
   string ""
signal time=1788730820.419931 sender=org.freedesktop.DBus -> destination=(null destination) serial=517 path=/org/freedesktop/DBus; interface=org.freedesktop.DBus; member=NameOwnerChanged
   string ":1.259"
   string ""
   string ":1.259"
signal time=1788730820.419971 sender=org.freedesktop.DBus -> destination=:1.259 serial=2 path=/org/freedesktop/DBus; interface=org.freedesktop.DBus; member=NameAcquired
   string ":1.259"
signal time=1788730820.421453 sender=org.freedesktop.DBus -> destination=:1.259 serial=3 path=/org/freedesktop/DBus; interface=org.freedesktop.DBus; member=NameLost
   string ":1.259"
signal time=1788730820.421473 sender=org.freedesktop.DBus -> destination=(null destination) serial=518 path=/org/freedesktop/DBus; interface=org.freedesktop.DBus; member=NameOwnerChanged
   string ":1.259"
   string ":1.259"
   string ""
signal time=1788730820.421524 sender=:1.2 -> destination=(null destination) serial=298 path=/org/a11y/atspi/registry; interface=org.a11y.atspi.Registry; member=EventListenerDeregistered
   string ":1.259"
   string ""
signal time=1788730820.424937 sender=org.freedesktop.DBus -> destination=(null destination) serial=519 path=/org/freedesktop/DBus; interface=org.freedesktop.DBus; member=NameOwnerChanged
   string ":1.260"
   string ""
   string ":1.260"
signal time=1788730820.424965 sender=org.freedesktop.DBus -> destination=:1.260 serial=2 path=/org/freedesktop/DBus; interface=org.freedesktop.DBus; member=NameAcquired
   string ":1.260"
signal time=1788730820.426088 sender=org.freedesktop.DBus -> destination=:1.260 serial=3 path=/org/freedesktop/DBus; interface=org.freedesktop.DBus; member=NameLost
   string ":1.260"
signal time=1788730820.426127 sender=org.freedesktop.DBus -> destination=(null destination) serial=520 path=/org/freedesktop/DBus; interface=org.freedesktop.DBus; member=NameOwnerChanged
   string ":1.260"
   string ":1.260"
   string ""
signal time=1788730820.426192 sender=:1.2 -> destination=(null destination) serial=299 path=/org/a11y/atspi/registry; interface=org.a11y.atspi.Registry; member=EventListenerDeregistered
   string ":1.260"
   string ""
signal time=1788730820.429650 sender=org.freedesktop.DBus -> destination=(null destination) serial=521 path=/org/freedesktop/DBus; interface=org.freedesktop.DBus; member=NameOwnerChanged
   string ":1.261"
   string ""
   string ":1.261"
signal time=1788730820.429676 sender=org.freedesktop.DBus -> destination=:1.261 serial=2 path=/org/freedesktop/DBus; interface=org.freedesktop.DBus; member=NameAcquired
   string ":1.261"
signal time=1788730820.431389 sender=org.freedesktop.DBus -> destination=:1.261 serial=3 path=/org/freedesktop/DBus; interface=org.freedesktop.DBus; member=NameLost
   string ":1.261"
signal time=1788730820.431407 sender=org.freedesktop.DBus -> destination=(null destination) serial=522 path=/org/freedesktop/DBus; interface=org.freedesktop.DBus; member=NameOwnerChanged
   string ":1.261"
   string ":1.261"
   string ""
signal time=1788730820.431486 sender=:1.2 -> destination=(null destination) serial=300 path=/org/a11y/atspi/registry; interface=org.a11y.atspi.Registry; member=EventListenerDeregistered
   string ":1.261"
   string ""
signal time=1788730820.435032 sender=org.freedesktop.DBus -> destination=(null destination) serial=523 path=/org/freedesktop/DBus; interface=org.freedesktop.DBus; member=NameOwnerChanged
   string ":1.262"
   string ""
   string ":1.262"
signal time=1788730820.435055 sender=org.freedesktop.DBus -> destination=:1.262 serial=2 path=/org/freedesktop/DBus; interface=org.freedesktop.DBus; member=NameAcquired
   string ":1.262"
signal time=1788730820.436185 sender=org.freedesktop.DBus -> destination=:1.262 serial=3 path=/org/freedesktop/DBus; interface=org.freedesktop.DBus; member=NameLost
   string ":1.262"
signal time=1788730820.436201 sender=org.freedesktop.DBus -> destination=(null destination) serial=524 path=/org/freedesktop/DBus; interface=org.freedesktop.DBus; member=NameOwnerChanged
   string ":1.262"
   string ":1.262"
   string ""
signal time=1788730820.436323 sender=:1.2 -> destination=(null destination) serial=301 path=/org/a11y/atspi/registry; interface=org.a11y.atspi.Registry; member=EventListenerDeregistered
   string ":1.262"
   string ""
signal time=1788730820.440218 sender=org.freedesktop.DBus -> destination=(null destination) serial=525 path=/org/freedesktop/DBus; interface=org.freedesktop.DBus; member=NameOwnerChanged
   string ":1.263"
   string ""
   string ":1.263"
signal time=1788730820.440264 sender=org.freedesktop.DBus -> destination=:1.263 serial=2 path=/org/freedesktop/DBus; interface=org.freedesktop.DBus; member=NameAcquired
   string ":1.263"
signal time=1788730820.441444 sender=org.freedesktop.DBus -> destination=:1.263 serial=3 path=/org/freedesktop/DBus; interface=org.freedesktop.DBus; member=NameLost
   string ":1.263"
signal time=1788730820.441462 sender=org.freedesktop.DBus -> destination=(null destination) serial=526 path=/org/freedesktop/DBus; interface=org.freedesktop.DBus; member=NameOwnerChanged
   string ":1.263"
   string ":1.263"
   string ""
signal time=1788730820.441549 sender=:1.2 -> destination=(null destination) serial=302 path=/org/a11y/atspi/registry; interface=org.a11y.atspi.Registry; member=EventListenerDeregistered
   string ":1.263"
   string ""
signal time=1788730820.445421 sender=org.freedesktop.DBus -> destination=(null destination) serial=527 path=/org/freedesktop/DBus; interface=org.freedesktop.DBus; member=NameOwnerChanged
   string ":1.264"
   string ""
   string ":1.264"
signal time=1788730820.445449 sender=org.freedesktop.DBus -> destination=:1.264 serial=2 path=/org/freedesktop/DBus; interface=org.freedesktop.DBus; member=NameAcquired
   string ":1.264"
signal time=1788730820.446785 sender=org.freedesktop.DBus -> destination=:1.264 serial=3 path=/org/freedesktop/DBus; interface=org.freedesktop.DBus; member=NameLost
   string ":1.264"
signal time=1788730820.446804 sender=org.freedesktop.DBus -> destination=(null destination) serial=528 path=/org/freedesktop/DBus; interface=org.freedesktop.DBus; member=NameOwnerChanged
   string ":1.264"
   string ":1.264"
   string ""
signal time=1788730820.446904 sender=:1.2 -> destination=(null destination) serial=303 path=/org/a11y/atspi/registry; interface=org.a11y.atspi.Registry; member=EventListenerDeregistered
   string ":1.264"
   string ""
signal time=1788730820.450984 sender=org.freedesktop.DBus -> destination=(null destination) serial=529 path=/org/freedesktop/DBus; interface=org.freedesktop.DBus; member=NameOwnerChanged
   string ":1.265"
   string ""
   string ":1.265"
signal time=1788730820.451028 sender=org.freedesktop.DBus -> destination=:1.265 serial=2 path=/org/freedesktop/DBus; interface=org.freedesktop.DBus; member=NameAcquired
   string ":1.265"
signal time=1788730820.452088 sender=org.freedesktop.DBus -> destination=:1.265 serial=3 path=/org/freedesktop/DBus; interface=org.freedesktop.DBus; member=NameLost
   string ":1.265"
signal time=1788730820.452108 sender=org.freedesktop.DBus -> destination=(null destination) serial=530 path=/org/freedesktop/DBus; interface=org.freedesktop.DBus; member=NameOwnerChanged
   string ":1.265"
   string ":1.265"
   string ""
signal time=1788730820.452161 sender=:1.2 -> destination=(null destination) serial=304 path=/org/a11y/atspi/registry; interface=org.a11y.atspi.Registry; member=EventListenerDeregistered
   string ":1.265"
   string ""
signal time=1788730820.456200 sender=org.freedesktop.DBus -> destination=(null destination) serial=531 path=/org/freedesktop/DBus; interface=org.freedesktop.DBus; member=NameOwnerChanged
   string ":1.266"
   string ""
   string ":1.266"
signal time=1788730820.456222 sender=org.freedesktop.DBus -> destination=:1.266 serial=2 path=/org/freedesktop/DBus; interface=org.freedesktop.DBus; member=NameAcquired
   string ":1.266"
signal time=1788730820.457339 sender=org.freedesktop.DBus -> destination=:1.266 serial=3 path=/org/freedesktop/DBus; interface=org.freedesktop.DBus; member=NameLost
   string ":1.266"
signal time=1788730820.457384 sender=org.freedesktop.DBus -> destination=(null destination) serial=532 path=/org/freedesktop/DBus; interface=org.freedesktop.DBus; member=NameOwnerChanged
   string ":1.266"
   string ":1.266"
   string ""
signal time=1788730820.457452 sender=:1.2 -> destination=(null destination) serial=305 path=/org/a11y/atspi/registry; interface=org.a11y.atspi.Registry; member=EventListenerDeregistered
   string ":1.266"
   string ""
signal time=1788730820.460862 sender=org.freedesktop.DBus -> destination=(null destination) serial=533 path=/org/freedesktop/DBus; interface=org.freedesktop.DBus; member=NameOwnerChanged
   string ":1.267"
   string ""
   string ":1.267"
signal time=1788730820.460889 sender=org.freedesktop.DBus -> destination=:1.267 serial=2 path=/org/freedesktop/DBus; interface=org.freedesktop.DBus; member=NameAcquired
   string ":1.267"
signal time=1788730820.461716 sender=org.freedesktop.DBus -> destination=:1.267 serial=3 path=/org/freedesktop/DBus; interface=org.freedesktop.DBus; member=NameLost
   string ":1.267"
signal time=1788730820.461731 sender=org.freedesktop.DBus -> destination=(null destination) serial=534 path=/org/freedesktop/DBus; interface=org.freedesktop.DBus; member=NameOwnerChanged
   string ":1.267"
   string ":1.267"
   string ""
signal time=1788730820.461901 sender=:1.2 -> destination=(null destination) serial=306 path=/org/a11y/atspi/registry; interface=org.a11y.atspi.Registry; member=EventListenerDeregistered
   string ":1.267"
   string ""
signal time=1788730820.466003 sender=org.freedesktop.DBus -> destination=(null destination) serial=535 path=/org/freedesktop/DBus; interface=org.freedesktop.DBus; member=NameOwnerChanged
   string ":1.268"
   string ""
   string ":1.268"
signal time=1788730820.466038 sender=org.freedesktop.DBus -> destination=:1.268 serial=2 path=/org/freedesktop/DBus; interface=org.freedesktop.DBus; member=NameAcquired
   string ":1.268"
signal time=1788730820.467277 sender=org.freedesktop.DBus -> destination=:1.268 serial=3 path=/org/freedesktop/DBus; interface=org.freedesktop.DBus; member=NameLost
   string ":1.268"
signal time=1788730820.467298 sender=org.freedesktop.DBus -> destination=(null destination) serial=536 path=/org/freedesktop/DBus; interface=org.freedesktop.DBus; member=NameOwnerChanged
   string ":1.268"
   string ":1.268"
   string ""
signal time=1788730820.467398 sender=:1.2 -> destination=(null destination) serial=307 path=/org/a11y/atspi/registry; interface=org.a11y.atspi.Registry; member=EventListenerDeregistered
   string ":1.268"
   string ""
signal time=1788730820.471348 sender=org.freedesktop.DBus -> destination=(null destination) serial=537 path=/org/freedesktop/DBus; interface=org.freedesktop.DBus; member=NameOwnerChanged
   string ":1.269"
   string ""
   string ":1.269"
signal time=1788730820.471378 sender=org.freedesktop.DBus -> destination=:1.269 serial=2 path=/org/freedesktop/DBus; interface=org.freedesktop.DBus; member=NameAcquired
   string ":1.269"
signal time=1788730820.472929 sender=org.freedesktop.DBus -> destination=:1.269 serial=3 path=/org/freedesktop/DBus; interface=org.freedesktop.DBus; member=NameLost
   string ":1.269"
signal time=1788730820.472960 sender=org.freedesktop.DBus -> destination=(null destination) serial=538 path=/org/freedesktop/DBus; interface=org.freedesktop.DBus; member=NameOwnerChanged
   string ":1.269"
   string ":1.269"
   string ""
signal time=1788730820.473058 sender=:1.2 -> destination=(null destination) serial=308 path=/org/a11y/atspi/registry; interface=org.a11y.atspi.Registry; member=EventListenerDeregistered
   string ":1.269"
   string ""
signal time=1788730820.476466 sender=org.freedesktop.DBus -> destination=(null destination) serial=539 path=/org/freedesktop/DBus; interface=org.freedesktop.DBus; member=NameOwnerChanged
   string ":1.270"
   string ""
   string ":1.270"
signal time=1788730820.476490 sender=org.freedesktop.DBus -> destination=:1.270 serial=2 path=/org/freedesktop/DBus; interface=org.freedesktop.DBus; member=NameAcquired
   string ":1.270"
signal time=1788730820.477802 sender=org.freedesktop.DBus -> destination=:1.270 serial=3 path=/org/freedesktop/DBus; interface=org.freedesktop.DBus; member=NameLost
   string ":1.270"
signal time=1788730820.477845 sender=org.freedesktop.DBus -> destination=(null destination) serial=540 path=/org/freedesktop/DBus; interface=org.freedesktop.DBus; member=NameOwnerChanged
   string ":1.270"
   string ":1.270"
   string ""
signal time=1788730820.477943 sender=:1.2 -> destination=(null destination) serial=309 path=/org/a11y/atspi/registry; interface=org.a11y.atspi.Registry; member=EventListenerDeregistered
   string ":1.270"
   string ""
signal time=1788730820.481135 sender=org.freedesktop.DBus -> destination=(null destination) serial=541 path=/org/freedesktop/DBus; interface=org.freedesktop.DBus; member=NameOwnerChanged
   string ":1.271"
   string ""
   string ":1.271"
signal time=1788730820.481158 sender=org.freedesktop.DBus -> destination=:1.271 serial=2 path=/org/freedesktop/DBus; interface=org.freedesktop.DBus; member=NameAcquired
   string ":1.271"
signal time=1788730820.482861 sender=org.freedesktop.DBus -> destination=:1.271 serial=3 path=/org/freedesktop/DBus; interface=org.freedesktop.DBus; member=NameLost
   string ":1.271"
signal time=1788730820.482880 sender=org.freedesktop.DBus -> destination=(null destination) serial=542 path=/org/freedesktop/DBus; interface=org.freedesktop.DBus; member=NameOwnerChanged
   string ":1.271"
   string ":1.271"
   string ""
signal time=1788730820.483016 sender=:1.2 -> destination=(null destination) serial=310 path=/org/a11y/atspi/registry; interface=org.a11y.atspi.Registry; member=EventListenerDeregistered
   string ":1.271"
   string ""
signal time=1788730820.487046 sender=org.freedesktop.DBus -> destination=(null destination) serial=543 path=/org/freedesktop/DBus; interface=org.freedesktop.DBus; member=NameOwnerChanged
   string ":1.272"
   string ""
   string ":1.272"
signal time=1788730820.487079 sender=org.freedesktop.DBus -> destination=:1.272 serial=2 path=/org/freedesktop/DBus; interface=org.freedesktop.DBus; member=NameAcquired
   string ":1.272"
signal time=1788730820.488712 sender=org.freedesktop.DBus -> destination=:1.272 serial=3 path=/org/freedesktop/DBus; interface=org.freedesktop.DBus; member=NameLost
   string ":1.272"
signal time=1788730820.488752 sender=org.freedesktop.DBus -> destination=(null destination) serial=544 path=/org/freedesktop/DBus; interface=org.freedesktop.DBus; member=NameOwnerChanged
   string ":1.272"
   string ":1.272"
   string ""
signal time=1788730820.488887 sender=:1.2 -> destination=(null destination) serial=311 path=/org/a11y/atspi/registry; interface=org.a11y.atspi.Registry; member=EventListenerDeregistered
   string ":1.272"
   string ""
signal time=1788730820.492719 sender=org.freedesktop.DBus -> destination=(null destination) serial=545 path=/org/freedesktop/DBus; interface=org.freedesktop.DBus; member=NameOwnerChanged
   string ":1.273"
   string ""
   string ":1.273"
signal time=1788730820.492787 sender=org.freedesktop.DBus -> destination=:1.273 serial=2 path=/org/freedesktop/DBus; interface=org.freedesktop.DBus; member=NameAcquired
   string ":1.273"
signal time=1788730820.494466 sender=org.freedesktop.DBus -> destination=:1.273 serial=3 path=/org/freedesktop/DBus; interface=org.freedesktop.DBus; member=NameLost
   string ":1.273"
signal time=1788730820.494483 sender=org.freedesktop.DBus -> destination=(null destination) serial=546 path=/org/freedesktop/DBus; interface=org.freedesktop.DBus; member=NameOwnerChanged
   string ":1.273"
   string ":1.273"
   string ""
signal time=1788730820.494665 sender=:1.2 -> destination=(null destination) serial=312 path=/org/a11y/atspi/registry; interface=org.a11y.atspi.Registry; member=EventListenerDeregistered
   string ":1.273"
   string ""
signal time=1788730820.498678 sender=org.freedesktop.DBus -> destination=(null destination) serial=547 path=/org/freedesktop/DBus; interface=org.freedesktop.DBus; member=NameOwnerChanged
   string ":1.274"
   string ""
   string ":1.274"
signal time=1788730820.498710 sender=org.freedesktop.DBus -> destination=:1.274 serial=2 path=/org/freedesktop/DBus; interface=org.freedesktop.DBus; member=NameAcquired
   string ":1.274"
signal time=1788730820.500512 sender=org.freedesktop.DBus -> destination=:1.274 serial=3 path=/org/freedesktop/DBus; interface=org.freedesktop.DBus; member=NameLost
   string ":1.274"
signal time=1788730820.500555 sender=org.freedesktop.DBus -> destination=(null destination) serial=548 path=/org/freedesktop/DBus; interface=org.freedesktop.DBus; member=NameOwnerChanged
   string ":1.274"
   string ":1.274"
   string ""
signal time=1788730820.500617 sender=:1.2 -> destination=(null destination) serial=313 path=/org/a11y/atspi/registry; interface=org.a11y.atspi.Registry; member=EventListenerDeregistered
   string ":1.274"
   string ""
signal time=1788730820.505382 sender=org.freedesktop.DBus -> destination=(null destination) serial=549 path=/org/freedesktop/DBus; interface=org.freedesktop.DBus; member=NameOwnerChanged
   string ":1.275"
   string ""
   string ":1.275"
signal time=1788730820.505445 sender=org.freedesktop.DBus -> destination=:1.275 serial=2 path=/org/freedesktop/DBus; interface=org.freedesktop.DBus; member=NameAcquired
   string ":1.275"
signal time=1788730820.506972 sender=org.freedesktop.DBus -> destination=:1.275 serial=3 path=/org/freedesktop/DBus; interface=org.freedesktop.DBus; member=NameLost
   string ":1.275"
signal time=1788730820.507010 sender=org.freedesktop.DBus -> destination=(null destination) serial=550 path=/org/freedesktop/DBus; interface=org.freedesktop.DBus; member=NameOwnerChanged
   string ":1.275"
   string ":1.275"
   string ""
signal time=1788730820.507209 sender=:1.2 -> destination=(null destination) serial=314 path=/org/a11y/atspi/registry; interface=org.a11y.atspi.Registry; member=EventListenerDeregistered
   string ":1.275"
   string ""
signal time=1788730820.510933 sender=org.freedesktop.DBus -> destination=(null destination) serial=551 path=/org/freedesktop/DBus; interface=org.freedesktop.DBus; member=NameOwnerChanged
   string ":1.276"
   string ""
   string ":1.276"
signal time=1788730820.510959 sender=org.freedesktop.DBus -> destination=:1.276 serial=2 path=/org/freedesktop/DBus; interface=org.freedesktop.DBus; member=NameAcquired
   string ":1.276"
signal time=1788730820.512418 sender=org.freedesktop.DBus -> destination=:1.276 serial=3 path=/org/freedesktop/DBus; interface=org.freedesktop.DBus; member=NameLost
   string ":1.276"
signal time=1788730820.512433 sender=org.freedesktop.DBus -> destination=(null destination) serial=552 path=/org/freedesktop/DBus; interface=org.freedesktop.DBus; member=NameOwnerChanged
   string ":1.276"
   string ":1.276"
   string ""
signal time=1788730820.512460 sender=:1.2 -> destination=(null destination) serial=315 path=/org/a11y/atspi/registry; interface=org.a11y.atspi.Registry; member=EventListenerDeregistered
   string ":1.276"
   string ""
signal time=1788730820.516454 sender=org.freedesktop.DBus -> destination=(null destination) serial=553 path=/org/freedesktop/DBus; interface=org.freedesktop.DBus; member=NameOwnerChanged
   string ":1.277"
   string ""
   string ":1.277"
signal time=1788730820.516498 sender=org.freedesktop.DBus -> destination=:1.277 serial=2 path=/org/freedesktop/DBus; interface=org.freedesktop.DBus; member=NameAcquired
   string ":1.277"
signal time=1788730820.517854 sender=org.freedesktop.DBus -> destination=:1.277 serial=3 path=/org/freedesktop/DBus; interface=org.freedesktop.DBus; member=NameLost
   string ":1.277"
signal time=1788730820.517877 sender=org.freedesktop.DBus -> destination=(null destination) serial=554 path=/org/freedesktop/DBus; interface=org.freedesktop.DBus; member=NameOwnerChanged
   string ":1.277"
   string ":1.277"
   string ""
signal time=1788730820.518019 sender=:1.2 -> destination=(null destination) serial=316 path=/org/a11y/atspi/registry; interface=org.a11y.atspi.Registry; member=EventListenerDeregistered
   string ":1.277"
   string ""
signal time=1788730820.521744 sender=org.freedesktop.DBus -> destination=(null destination) serial=555 path=/org/freedesktop/DBus; interface=org.freedesktop.DBus; member=NameOwnerChanged
   string ":1.278"
   string ""
   string ":1.278"
signal time=1788730820.521774 sender=org.freedesktop.DBus -> destination=:1.278 serial=2 path=/org/freedesktop/DBus; interface=org.freedesktop.DBus; member=NameAcquired
   string ":1.278"
signal time=1788730820.522842 sender=org.freedesktop.DBus -> destination=:1.278 serial=3 path=/org/freedesktop/DBus; interface=org.freedesktop.DBus; member=NameLost
   string ":1.278"
signal time=1788730820.522861 sender=org.freedesktop.DBus -> destination=(null destination) serial=556 path=/org/freedesktop/DBus; interface=org.freedesktop.DBus; member=NameOwnerChanged
   string ":1.278"
   string ":1.278"
   string ""
signal time=1788730820.522999 sender=:1.2 -> destination=(null destination) serial=317 path=/org/a11y/atspi/registry; interface=org.a11y.atspi.Registry; member=EventListenerDeregistered
   string ":1.278"
   string ""
signal time=1788730820.526791 sender=org.freedesktop.DBus -> destination=(null destination) serial=557 path=/org/freedesktop/DBus; interface=org.freedesktop.DBus; member=NameOwnerChanged
   string ":1.279"
   string ""
   string ":1.279"
signal time=1788730820.526814 sender=org.freedesktop.DBus -> destination=:1.279 serial=2 path=/org/freedesktop/DBus; interface=org.freedesktop.DBus; member=NameAcquired
   string ":1.279"
signal time=1788730820.528334 sender=org.freedesktop.DBus -> destination=:1.279 serial=3 path=/org/freedesktop/DBus; interface=org.freedesktop.DBus; member=NameLost
   string ":1.279"
signal time=1788730820.528349 sender=org.freedesktop.DBus -> destination=(null destination) serial=558 path=/org/freedesktop/DBus; interface=org.freedesktop.DBus; member=NameOwnerChanged
   string ":1.279"
   string ":1.279"
   string ""
signal time=1788730820.528378 sender=:1.2 -> destination=(null destination) serial=318 path=/org/a11y/atspi/registry; interface=org.a11y.atspi.Registry; member=EventListenerDeregistered
   string ":1.279"
   string ""
signal time=1788730820.531970 sender=org.freedesktop.DBus -> destination=(null destination) serial=559 path=/org/freedesktop/DBus; interface=org.freedesktop.DBus; member=NameOwnerChanged
   string ":1.280"
   string ""
   string ":1.280"
signal time=1788730820.532027 sender=org.freedesktop.DBus -> destination=:1.280 serial=2 path=/org/freedesktop/DBus; interface=org.freedesktop.DBus; member=NameAcquired
   string ":1.280"
signal time=1788730820.533106 sender=org.freedesktop.DBus -> destination=:1.280 serial=3 path=/org/freedesktop/DBus; interface=org.freedesktop.DBus; member=NameLost
   string ":1.280"
signal time=1788730820.533119 sender=org.freedesktop.DBus -> destination=(null destination) serial=560 path=/org/freedesktop/DBus; interface=org.freedesktop.DBus; member=NameOwnerChanged
   string ":1.280"
   string ":1.280"
   string ""
signal time=1788730820.533205 sender=:1.2 -> destination=(null destination) serial=319 path=/org/a11y/atspi/registry; interface=org.a11y.atspi.Registry; member=EventListenerDeregistered
   string ":1.280"
   string ""
signal time=1788730820.537078 sender=org.freedesktop.DBus -> destination=(null destination) serial=561 path=/org/freedesktop/DBus; interface=org.freedesktop.DBus; member=NameOwnerChanged
   string ":1.281"
   string ""
   string ":1.281"
signal time=1788730820.537103 sender=org.freedesktop.DBus -> destination=:1.281 serial=2 path=/org/freedesktop/DBus; interface=org.freedesktop.DBus; member=NameAcquired
   string ":1.281"
signal time=1788730820.538850 sender=org.freedesktop.DBus -> destination=:1.281 serial=3 path=/org/freedesktop/DBus; interface=org.freedesktop.DBus; member=NameLost
   string ":1.281"
signal time=1788730820.538871 sender=org.freedesktop.DBus -> destination=(null destination) serial=562 path=/org/freedesktop/DBus; interface=org.freedesktop.DBus; member=NameOwnerChanged
   string ":1.281"
   string ":1.281"
   string ""
signal time=1788730820.538998 sender=:1.2 -> destination=(null destination) serial=320 path=/org/a11y/atspi/registry; interface=org.a11y.atspi.Registry; member=EventListenerDeregistered
   string ":1.281"
   string ""
signal time=1788730820.542445 sender=org.freedesktop.DBus -> destination=(null destination) serial=563 path=/org/freedesktop/DBus; interface=org.freedesktop.DBus; member=NameOwnerChanged
   string ":1.282"
   string ""
   string ":1.282"
signal time=1788730820.542498 sender=org.freedesktop.DBus -> destination=:1.282 serial=2 path=/org/freedesktop/DBus; interface=org.freedesktop.DBus; member=NameAcquired
   string ":1.282"
signal time=1788730820.543763 sender=org.freedesktop.DBus -> destination=:1.282 serial=3 path=/org/freedesktop/DBus; interface=org.freedesktop.DBus; member=NameLost
   string ":1.282"
signal time=1788730820.543779 sender=org.freedesktop.DBus -> destination=(null destination) serial=564 path=/org/freedesktop/DBus; interface=org.freedesktop.DBus; member=NameOwnerChanged
   string ":1.282"
   string ":1.282"
   string ""
signal time=1788730820.543909 sender=:1.2 -> destination=(null destination) serial=321 path=/org/a11y/atspi/registry; interface=org.a11y.atspi.Registry; member=EventListenerDeregistered
   string ":1.282"
   string ""
signal time=1788730820.547421 sender=org.freedesktop.DBus -> destination=(null destination) serial=565 path=/org/freedesktop/DBus; interface=org.freedesktop.DBus; member=NameOwnerChanged
   string ":1.283"
   string ""
   string ":1.283"
signal time=1788730820.547449 sender=org.freedesktop.DBus -> destination=:1.283 serial=2 path=/org/freedesktop/DBus; interface=org.freedesktop.DBus; member=NameAcquired
   string ":1.283"
signal time=1788730820.548701 sender=org.freedesktop.DBus -> destination=:1.283 serial=3 path=/org/freedesktop/DBus; interface=org.freedesktop.DBus; member=NameLost
   string ":1.283"
signal time=1788730820.548719 sender=org.freedesktop.DBus -> destination=(null destination) serial=566 path=/org/freedesktop/DBus; interface=org.freedesktop.DBus; member=NameOwnerChanged
   string ":1.283"
   string ":1.283"
   string ""
signal time=1788730820.548851 sender=:1.2 -> destination=(null destination) serial=322 path=/org/a11y/atspi/registry; interface=org.a11y.atspi.Registry; member=EventListenerDeregistered
   string ":1.283"
   string ""
signal time=1788730820.552628 sender=org.freedesktop.DBus -> destination=(null destination) serial=567 path=/org/freedesktop/DBus; interface=org.freedesktop.DBus; member=NameOwnerChanged
   string ":1.284"
   string ""
   string ":1.284"
signal time=1788730820.552656 sender=org.freedesktop.DBus -> destination=:1.284 serial=2 path=/org/freedesktop/DBus; interface=org.freedesktop.DBus; member=NameAcquired
   string ":1.284"
signal time=1788730820.553711 sender=org.freedesktop.DBus -> destination=:1.284 serial=3 path=/org/freedesktop/DBus; interface=org.freedesktop.DBus; member=NameLost
   string ":1.284"
signal time=1788730820.553732 sender=org.freedesktop.DBus -> destination=(null destination) serial=568 path=/org/freedesktop/DBus; interface=org.freedesktop.DBus; member=NameOwnerChanged
   string ":1.284"
   string ":1.284"
   string ""
signal time=1788730820.553901 sender=:1.2 -> destination=(null destination) serial=323 path=/org/a11y/atspi/registry; interface=org.a11y.atspi.Registry; member=EventListenerDeregistered
   string ":1.284"
   string ""
signal time=1788730820.557386 sender=org.freedesktop.DBus -> destination=(null destination) serial=569 path=/org/freedesktop/DBus; interface=org.freedesktop.DBus; member=NameOwnerChanged
   string ":1.285"
   string ""
   string ":1.285"
signal time=1788730820.557424 sender=org.freedesktop.DBus -> destination=:1.285 serial=2 path=/org/freedesktop/DBus; interface=org.freedesktop.DBus; member=NameAcquired
   string ":1.285"
signal time=1788730820.558834 sender=org.freedesktop.DBus -> destination=:1.285 serial=3 path=/org/freedesktop/DBus; interface=org.freedesktop.DBus; member=NameLost
   string ":1.285"
signal time=1788730820.558855 sender=org.freedesktop.DBus -> destination=(null destination) serial=570 path=/org/freedesktop/DBus; interface=org.freedesktop.DBus; member=NameOwnerChanged
   string ":1.285"
   string ":1.285"
   string ""
signal time=1788730820.558959 sender=:1.2 -> destination=(null destination) serial=324 path=/org/a11y/atspi/registry; interface=org.a11y.atspi.Registry; member=EventListenerDeregistered
   string ":1.285"
   string ""
signal time=1788730820.562376 sender=org.freedesktop.DBus -> destination=(null destination) serial=571 path=/org/freedesktop/DBus; interface=org.freedesktop.DBus; member=NameOwnerChanged
   string ":1.286"
   string ""
   string ":1.286"
signal time=1788730820.562420 sender=org.freedesktop.DBus -> destination=:1.286 serial=2 path=/org/freedesktop/DBus; interface=org.freedesktop.DBus; member=NameAcquired
   string ":1.286"
signal time=1788730820.563812 sender=org.freedesktop.DBus -> destination=:1.286 serial=3 path=/org/freedesktop/DBus; interface=org.freedesktop.DBus; member=NameLost
   string ":1.286"
signal time=1788730820.563827 sender=org.freedesktop.DBus -> destination=(null destination) serial=572 path=/org/freedesktop/DBus; interface=org.freedesktop.DBus; member=NameOwnerChanged
   string ":1.286"
   string ":1.286"
   string ""
signal time=1788730820.563899 sender=:1.2 -> destination=(null destination) serial=325 path=/org/a11y/atspi/registry; interface=org.a11y.atspi.Registry; member=EventListenerDeregistered
   string ":1.286"
   string ""
signal time=1788730820.567714 sender=org.freedesktop.DBus -> destination=(null destination) serial=573 path=/org/freedesktop/DBus; interface=org.freedesktop.DBus; member=NameOwnerChanged
   string ":1.287"
   string ""
   string ":1.287"
signal time=1788730820.567749 sender=org.freedesktop.DBus -> destination=:1.287 serial=2 path=/org/freedesktop/DBus; interface=org.freedesktop.DBus; member=NameAcquired
   string ":1.287"
signal time=1788730820.569157 sender=org.freedesktop.DBus -> destination=:1.287 serial=3 path=/org/freedesktop/DBus; interface=org.freedesktop.DBus; member=NameLost
   string ":1.287"
signal time=1788730820.569173 sender=org.freedesktop.DBus -> destination=(null destination) serial=574 path=/org/freedesktop/DBus; interface=org.freedesktop.DBus; member=NameOwnerChanged
   string ":1.287"
   string ":1.287"
   string ""
signal time=1788730820.569284 sender=:1.2 -> destination=(null destination) serial=326 path=/org/a11y/atspi/registry; interface=org.a11y.atspi.Registry; member=EventListenerDeregistered
   string ":1.287"
   string ""
signal time=1788730820.573051 sender=org.freedesktop.DBus -> destination=(null destination) serial=575 path=/org/freedesktop/DBus; interface=org.freedesktop.DBus; member=NameOwnerChanged
   string ":1.288"
   string ""
   string ":1.288"
signal time=1788730820.573076 sender=org.freedesktop.DBus -> destination=:1.288 serial=2 path=/org/freedesktop/DBus; interface=org.freedesktop.DBus; member=NameAcquired
   string ":1.288"
signal time=1788730820.574695 sender=org.freedesktop.DBus -> destination=:1.288 serial=3 path=/org/freedesktop/DBus; interface=org.freedesktop.DBus; member=NameLost
   string ":1.288"
signal time=1788730820.574711 sender=org.freedesktop.DBus -> destination=(null destination) serial=576 path=/org/freedesktop/DBus; interface=org.freedesktop.DBus; member=NameOwnerChanged
   string ":1.288"
   string ":1.288"
   string ""
signal time=1788730820.574730 sender=:1.2 -> destination=(null destination) serial=327 path=/org/a11y/atspi/registry; interface=org.a11y.atspi.Registry; member=EventListenerDeregistered
   string ":1.288"
   string ""
signal time=1788730820.578037 sender=org.freedesktop.DBus -> destination=(null destination) serial=577 path=/org/freedesktop/DBus; interface=org.freedesktop.DBus; member=NameOwnerChanged
   string ":1.289"
   string ""
   string ":1.289"
signal time=1788730820.578058 sender=org.freedesktop.DBus -> destination=:1.289 serial=2 path=/org/freedesktop/DBus; interface=org.freedesktop.DBus; member=NameAcquired
   string ":1.289"
signal time=1788730820.579390 sender=org.freedesktop.DBus -> destination=:1.289 serial=3 path=/org/freedesktop/DBus; interface=org.freedesktop.DBus; member=NameLost
   string ":1.289"
signal time=1788730820.579403 sender=org.freedesktop.DBus -> destination=(null destination) serial=578 path=/org/freedesktop/DBus; interface=org.freedesktop.DBus; member=NameOwnerChanged
   string ":1.289"
   string ":1.289"
   string ""
signal time=1788730820.579437 sender=:1.2 -> destination=(null destination) serial=328 path=/org/a11y/atspi/registry; interface=org.a11y.atspi.Registry; member=EventListenerDeregistered
   string ":1.289"
   string ""
signal time=1788730820.583076 sender=org.freedesktop.DBus -> destination=(null destination) serial=579 path=/org/freedesktop/DBus; interface=org.freedesktop.DBus; member=NameOwnerChanged
   string ":1.290"
   string ""
   string ":1.290"
signal time=1788730820.583111 sender=org.freedesktop.DBus -> destination=:1.290 serial=2 path=/org/freedesktop/DBus; interface=org.freedesktop.DBus; member=NameAcquired
   string ":1.290"
signal time=1788730820.584423 sender=org.freedesktop.DBus -> destination=:1.290 serial=3 path=/org/freedesktop/DBus; interface=org.freedesktop.DBus; member=NameLost
   string ":1.290"
signal time=1788730820.584440 sender=org.freedesktop.DBus -> destination=(null destination) serial=580 path=/org/freedesktop/DBus; interface=org.freedesktop.DBus; member=NameOwnerChanged
   string ":1.290"
   string ":1.290"
   string ""
signal time=1788730820.584704 sender=:1.2 -> destination=(null destination) serial=329 path=/org/a11y/atspi/registry; interface=org.a11y.atspi.Registry; member=EventListenerDeregistered
   string ":1.290"
   string ""
signal time=1788730820.589258 sender=org.freedesktop.DBus -> destination=(null destination) serial=581 path=/org/freedesktop/DBus; interface=org.freedesktop.DBus; member=NameOwnerChanged
   string ":1.291"
   string ""
   string ":1.291"
signal time=1788730820.589315 sender=org.freedesktop.DBus -> destination=:1.291 serial=2 path=/org/freedesktop/DBus; interface=org.freedesktop.DBus; member=NameAcquired
   string ":1.291"
signal time=1788730820.591044 sender=org.freedesktop.DBus -> destination=:1.291 serial=3 path=/org/freedesktop/DBus; interface=org.freedesktop.DBus; member=NameLost
   string ":1.291"
signal time=1788730820.591082 sender=org.freedesktop.DBus -> destination=(null destination) serial=582 path=/org/freedesktop/DBus; interface=org.freedesktop.DBus; member=NameOwnerChanged
   string ":1.291"
   string ":1.291"
   string ""
signal time=1788730820.591262 sender=:1.2 -> destination=(null destination) serial=330 path=/org/a11y/atspi/registry; interface=org.a11y.atspi.Registry; member=EventListenerDeregistered
   string ":1.291"
   string ""
signal time=1788730820.595318 sender=org.freedesktop.DBus -> destination=(null destination) serial=583 path=/org/freedesktop/DBus; interface=org.freedesktop.DBus; member=NameOwnerChanged
   string ":1.292"
   string ""
   string ":1.292"
signal time=1788730820.595365 sender=org.freedesktop.DBus -> destination=:1.292 serial=2 path=/org/freedesktop/DBus; interface=org.freedesktop.DBus; member=NameAcquired
   string ":1.292"
signal time=1788730820.596964 sender=org.freedesktop.DBus -> destination=:1.292 serial=3 path=/org/freedesktop/DBus; interface=org.freedesktop.DBus; member=NameLost
   string ":1.292"
signal time=1788730820.596979 sender=org.freedesktop.DBus -> destination=(null destination) serial=584 path=/org/freedesktop/DBus; interface=org.freedesktop.DBus; member=NameOwnerChanged
   string ":1.292"
   string ":1.292"
   string ""
signal time=1788730820.597202 sender=:1.2 -> destination=(null destination) serial=331 path=/org/a11y/atspi/registry; interface=org.a11y.atspi.Registry; member=EventListenerDeregistered
   string ":1.292"
   string ""
signal time=1788730820.601638 sender=org.freedesktop.DBus -> destination=(null destination) serial=585 path=/org/freedesktop/DBus; interface=org.freedesktop.DBus; member=NameOwnerChanged
   string ":1.293"
   string ""
   string ":1.293"
signal time=1788730820.601691 sender=org.freedesktop.DBus -> destination=:1.293 serial=2 path=/org/freedesktop/DBus; interface=org.freedesktop.DBus; member=NameAcquired
   string ":1.293"
signal time=1788730820.603563 sender=org.freedesktop.DBus -> destination=:1.293 serial=3 path=/org/freedesktop/DBus; interface=org.freedesktop.DBus; member=NameLost
   string ":1.293"
signal time=1788730820.603587 sender=org.freedesktop.DBus -> destination=(null destination) serial=586 path=/org/freedesktop/DBus; interface=org.freedesktop.DBus; member=NameOwnerChanged
   string ":1.293"
   string ":1.293"
   string ""
signal time=1788730820.603766 sender=:1.2 -> destination=(null destination) serial=332 path=/org/a11y/atspi/registry; interface=org.a11y.atspi.Registry; member=EventListenerDeregistered
   string ":1.293"
   string ""
signal time=1788730820.607665 sender=org.freedesktop.DBus -> destination=(null destination) serial=587 path=/org/freedesktop/DBus; interface=org.freedesktop.DBus; member=NameOwnerChanged
   string ":1.294"
   string ""
   string ":1.294"
signal time=1788730820.607694 sender=org.freedesktop.DBus -> destination=:1.294 serial=2 path=/org/freedesktop/DBus; interface=org.freedesktop.DBus; member=NameAcquired
   string ":1.294"
signal time=1788730820.609159 sender=org.freedesktop.DBus -> destination=:1.294 serial=3 path=/org/freedesktop/DBus; interface=org.freedesktop.DBus; member=NameLost
   string ":1.294"
signal time=1788730820.609176 sender=org.freedesktop.DBus -> destination=(null destination) serial=588 path=/org/freedesktop/DBus; interface=org.freedesktop.DBus; member=NameOwnerChanged
   string ":1.294"
   string ":1.294"
   string ""
signal time=1788730820.609288 sender=:1.2 -> destination=(null destination) serial=333 path=/org/a11y/atspi/registry; interface=org.a11y.atspi.Registry; member=EventListenerDeregistered
   string ":1.294"
   string ""
signal time=1788730820.613045 sender=org.freedesktop.DBus -> destination=(null destination) serial=589 path=/org/freedesktop/DBus; interface=org.freedesktop.DBus; member=NameOwnerChanged
   string ":1.295"
   string ""
   string ":1.295"
signal time=1788730820.613073 sender=org.freedesktop.DBus -> destination=:1.295 serial=2 path=/org/freedesktop/DBus; interface=org.freedesktop.DBus; member=NameAcquired
   string ":1.295"
signal time=1788730820.614877 sender=org.freedesktop.DBus -> destination=:1.295 serial=3 path=/org/freedesktop/DBus; interface=org.freedesktop.DBus; member=NameLost
   string ":1.295"
signal time=1788730820.614900 sender=org.freedesktop.DBus -> destination=(null destination) serial=590 path=/org/freedesktop/DBus; interface=org.freedesktop.DBus; member=NameOwnerChanged
   string ":1.295"
   string ":1.295"
   string ""
signal time=1788730820.615003 sender=:1.2 -> destination=(null destination) serial=334 path=/org/a11y/atspi/registry; interface=org.a11y.atspi.Registry; member=EventListenerDeregistered
   string ":1.295"
   string ""
signal time=1788730820.618906 sender=org.freedesktop.DBus -> destination=(null destination) serial=591 path=/org/freedesktop/DBus; interface=org.freedesktop.DBus; member=NameOwnerChanged
   string ":1.296"
   string ""
   string ":1.296"
signal time=1788730820.618932 sender=org.freedesktop.DBus -> destination=:1.296 serial=2 path=/org/freedesktop/DBus; interface=org.freedesktop.DBus; member=NameAcquired
   string ":1.296"
signal time=1788730820.620150 sender=org.freedesktop.DBus -> destination=:1.296 serial=3 path=/org/freedesktop/DBus; interface=org.freedesktop.DBus; member=NameLost
   string ":1.296"
signal time=1788730820.620165 sender=org.freedesktop.DBus -> destination=(null destination) serial=592 path=/org/freedesktop/DBus; interface=org.freedesktop.DBus; member=NameOwnerChanged
   string ":1.296"
   string ":1.296"
   string ""
signal time=1788730820.620257 sender=:1.2 -> destination=(null destination) serial=335 path=/org/a11y/atspi/registry; interface=org.a11y.atspi.Registry; member=EventListenerDeregistered
   string ":1.296"
   string ""
signal time=1788730820.624262 sender=org.freedesktop.DBus -> destination=(null destination) serial=593 path=/org/freedesktop/DBus; interface=org.freedesktop.DBus; member=NameOwnerChanged
   string ":1.297"
   string ""
   string ":1.297"
signal time=1788730820.624290 sender=org.freedesktop.DBus -> destination=:1.297 serial=2 path=/org/freedesktop/DBus; interface=org.freedesktop.DBus; member=NameAcquired
   string ":1.297"
signal time=1788730820.625869 sender=org.freedesktop.DBus -> destination=:1.297 serial=3 path=/org/freedesktop/DBus; interface=org.freedesktop.DBus; member=NameLost
   string ":1.297"
signal time=1788730820.625893 sender=org.freedesktop.DBus -> destination=(null destination) serial=594 path=/org/freedesktop/DBus; interface=org.freedesktop.DBus; member=NameOwnerChanged
   string ":1.297"
   string ":1.297"
   string ""
signal time=1788730820.625913 sender=:1.2 -> destination=(null destination) serial=336 path=/org/a11y/atspi/registry; interface=org.a11y.atspi.Registry; member=EventListenerDeregistered
   string ":1.297"
   string ""
signal time=1788730820.629552 sender=org.freedesktop.DBus -> destination=(null destination) serial=595 path=/org/freedesktop/DBus; interface=org.freedesktop.DBus; member=NameOwnerChanged
   string ":1.298"
   string ""
   string ":1.298"
signal time=1788730820.629571 sender=org.freedesktop.DBus -> destination=:1.298 serial=2 path=/org/freedesktop/DBus; interface=org.freedesktop.DBus; member=NameAcquired
   string ":1.298"
signal time=1788730820.631156 sender=org.freedesktop.DBus -> destination=:1.298 serial=3 path=/org/freedesktop/DBus; interface=org.freedesktop.DBus; member=NameLost
   string ":1.298"
signal time=1788730820.631182 sender=org.freedesktop.DBus -> destination=(null destination) serial=596 path=/org/freedesktop/DBus; interface=org.freedesktop.DBus; member=NameOwnerChanged
   string ":1.298"
   string ":1.298"
   string ""
signal time=1788730820.631297 sender=:1.2 -> destination=(null destination) serial=337 path=/org/a11y/atspi/registry; interface=org.a11y.atspi.Registry; member=EventListenerDeregistered
   string ":1.298"
   string ""
signal time=1788730820.635186 sender=org.freedesktop.DBus -> destination=(null destination) serial=597 path=/org/freedesktop/DBus; interface=org.freedesktop.DBus; member=NameOwnerChanged
   string ":1.299"
   string ""
   string ":1.299"
signal time=1788730820.635213 sender=org.freedesktop.DBus -> destination=:1.299 serial=2 path=/org/freedesktop/DBus; interface=org.freedesktop.DBus; member=NameAcquired
   string ":1.299"
signal time=1788730820.636740 sender=org.freedesktop.DBus -> destination=:1.299 serial=3 path=/org/freedesktop/DBus; interface=org.freedesktop.DBus; member=NameLost
   string ":1.299"
signal time=1788730820.636755 sender=org.freedesktop.DBus -> destination=(null destination) serial=598 path=/org/freedesktop/DBus; interface=org.freedesktop.DBus; member=NameOwnerChanged
   string ":1.299"
   string ":1.299"
   string ""
signal time=1788730820.636854 sender=:1.2 -> destination=(null destination) serial=338 path=/org/a11y/atspi/registry; interface=org.a11y.atspi.Registry; member=EventListenerDeregistered
   string ":1.299"
   string ""
signal time=1788730820.640601 sender=org.freedesktop.DBus -> destination=(null destination) serial=599 path=/org/freedesktop/DBus; interface=org.freedesktop.DBus; member=NameOwnerChanged
   string ":1.300"
   string ""
   string ":1.300"
signal time=1788730820.640626 sender=org.freedesktop.DBus -> destination=:1.300 serial=2 path=/org/freedesktop/DBus; interface=org.freedesktop.DBus; member=NameAcquired
   string ":1.300"
signal time=1788730820.641710 sender=org.freedesktop.DBus -> destination=:1.300 serial=3 path=/org/freedesktop/DBus; interface=org.freedesktop.DBus; member=NameLost
   string ":1.300"
signal time=1788730820.641728 sender=org.freedesktop.DBus -> destination=(null destination) serial=600 path=/org/freedesktop/DBus; interface=org.freedesktop.DBus; member=NameOwnerChanged
   string ":1.300"
   string ":1.300"
   string ""
signal time=1788730820.641748 sender=:1.2 -> destination=(null destination) serial=339 path=/org/a11y/atspi/registry; interface=org.a11y.atspi.Registry; member=EventListenerDeregistered
   string ":1.300"
   string ""
signal time=1788730820.645730 sender=org.freedesktop.DBus -> destination=(null destination) serial=601 path=/org/freedesktop/DBus; interface=org.freedesktop.DBus; member=NameOwnerChanged
   string ":1.301"
   string ""
   string ":1.301"
signal time=1788730820.645754 sender=org.freedesktop.DBus -> destination=:1.301 serial=2 path=/org/freedesktop/DBus; interface=org.freedesktop.DBus; member=NameAcquired
   string ":1.301"
signal time=1788730820.647307 sender=org.freedesktop.DBus -> destination=:1.301 serial=3 path=/org/freedesktop/DBus; interface=org.freedesktop.DBus; member=NameLost
   string ":1.301"
signal time=1788730820.647325 sender=org.freedesktop.DBus -> destination=(null destination) serial=602 path=/org/freedesktop/DBus; interface=org.freedesktop.DBus; member=NameOwnerChanged
   string ":1.301"
   string ":1.301"
   string ""
signal time=1788730820.647367 sender=:1.2 -> destination=(null destination) serial=340 path=/org/a11y/atspi/registry; interface=org.a11y.atspi.Registry; member=EventListenerDeregistered
   string ":1.301"
   string ""
signal time=1788730820.651089 sender=org.freedesktop.DBus -> destination=(null destination) serial=603 path=/org/freedesktop/DBus; interface=org.freedesktop.DBus; member=NameOwnerChanged
   string ":1.302"
   string ""
   string ":1.302"
signal time=1788730820.651116 sender=org.freedesktop.DBus -> destination=:1.302 serial=2 path=/org/freedesktop/DBus; interface=org.freedesktop.DBus; member=NameAcquired
   string ":1.302"
signal time=1788730820.652544 sender=org.freedesktop.DBus -> destination=:1.302 serial=3 path=/org/freedesktop/DBus; interface=org.freedesktop.DBus; member=NameLost
   string ":1.302"
signal time=1788730820.652557 sender=org.freedesktop.DBus -> destination=(null destination) serial=604 path=/org/freedesktop/DBus; interface=org.freedesktop.DBus; member=NameOwnerChanged
   string ":1.302"
   string ":1.302"
   string ""
signal time=1788730820.652664 sender=:1.2 -> destination=(null destination) serial=341 path=/org/a11y/atspi/registry; interface=org.a11y.atspi.Registry; member=EventListenerDeregistered
   string ":1.302"
   string ""
signal time=1788730820.656335 sender=org.freedesktop.DBus -> destination=(null destination) serial=605 path=/org/freedesktop/DBus; interface=org.freedesktop.DBus; member=NameOwnerChanged
   string ":1.303"
   string ""
   string ":1.303"
signal time=1788730820.656361 sender=org.freedesktop.DBus -> destination=:1.303 serial=2 path=/org/freedesktop/DBus; interface=org.freedesktop.DBus; member=NameAcquired
   string ":1.303"
signal time=1788730820.657500 sender=org.freedesktop.DBus -> destination=:1.303 serial=3 path=/org/freedesktop/DBus; interface=org.freedesktop.DBus; member=NameLost
   string ":1.303"
signal time=1788730820.657515 sender=org.freedesktop.DBus -> destination=(null destination) serial=606 path=/org/freedesktop/DBus; interface=org.freedesktop.DBus; member=NameOwnerChanged
   string ":1.303"
   string ":1.303"
   string ""
signal time=1788730820.657572 sender=:1.2 -> destination=(null destination) serial=342 path=/org/a11y/atspi/registry; interface=org.a11y.atspi.Registry; member=EventListenerDeregistered
   string ":1.303"
   string ""
signal time=1788730821.061742 sender=org.freedesktop.DBus -> destination=(null destination) serial=607 path=/org/freedesktop/DBus; interface=org.freedesktop.DBus; member=NameOwnerChanged
   string ":1.304"
   string ""
   string ":1.304"
signal time=1788730821.061772 sender=org.freedesktop.DBus -> destination=:1.304 serial=2 path=/org/freedesktop/DBus; interface=org.freedesktop.DBus; member=NameAcquired
   string ":1.304"
signal time=1788730821.063275 sender=org.freedesktop.DBus -> destination=:1.304 serial=3 path=/org/freedesktop/DBus; interface=org.freedesktop.DBus; member=NameLost
   string ":1.304"
signal time=1788730821.063292 sender=org.freedesktop.DBus -> destination=(null destination) serial=608 path=/org/freedesktop/DBus; interface=org.freedesktop.DBus; member=NameOwnerChanged
   string ":1.304"
   string ":1.304"
   string ""
signal time=1788730821.063356 sender=:1.2 -> destination=(null destination) serial=345 path=/org/a11y/atspi/registry; interface=org.a11y.atspi.Registry; member=EventListenerDeregistered
   string ":1.304"
   string ""
signal time=1788730821.067170 sender=org.freedesktop.DBus -> destination=(null destination) serial=609 path=/org/freedesktop/DBus; interface=org.freedesktop.DBus; member=NameOwnerChanged
   string ":1.305"
   string ""
   string ":1.305"
signal time=1788730821.067207 sender=org.freedesktop.DBus -> destination=:1.305 serial=2 path=/org/freedesktop/DBus; interface=org.freedesktop.DBus; member=NameAcquired
   string ":1.305"
signal time=1788730821.067981 sender=org.freedesktop.DBus -> destination=:1.305 serial=5 path=/org/freedesktop/DBus; interface=org.freedesktop.DBus; member=NameLost
   string ":1.305"
signal time=1788730821.068012 sender=org.freedesktop.DBus -> destination=(null destination) serial=610 path=/org/freedesktop/DBus; interface=org.freedesktop.DBus; member=NameOwnerChanged
   string ":1.305"
   string ":1.305"
   string ""
signal time=1788730821.068114 sender=:1.2 -> destination=(null destination) serial=346 path=/org/a11y/atspi/registry; interface=org.a11y.atspi.Registry; member=EventListenerDeregistered
   string ":1.305"
   string ""
signal time=1788730821.071906 sender=org.freedesktop.DBus -> destination=(null destination) serial=611 path=/org/freedesktop/DBus; interface=org.freedesktop.DBus; member=NameOwnerChanged
   string ":1.306"
   string ""
   string ":1.306"
signal time=1788730821.071928 sender=org.freedesktop.DBus -> destination=:1.306 serial=2 path=/org/freedesktop/DBus; interface=org.freedesktop.DBus; member=NameAcquired
   string ":1.306"
signal time=1788730821.073043 sender=org.freedesktop.DBus -> destination=:1.306 serial=3 path=/org/freedesktop/DBus; interface=org.freedesktop.DBus; member=NameLost
   string ":1.306"
signal time=1788730821.073060 sender=org.freedesktop.DBus -> destination=(null destination) serial=612 path=/org/freedesktop/DBus; interface=org.freedesktop.DBus; member=NameOwnerChanged
   string ":1.306"
   string ":1.306"
   string ""
signal time=1788730821.073158 sender=:1.2 -> destination=(null destination) serial=347 path=/org/a11y/atspi/registry; interface=org.a11y.atspi.Registry; member=EventListenerDeregistered
   string ":1.306"
   string ""
signal time=1788730821.077163 sender=org.freedesktop.DBus -> destination=(null destination) serial=613 path=/org/freedesktop/DBus; interface=org.freedesktop.DBus; member=NameOwnerChanged
   string ":1.307"
   string ""
   string ":1.307"
signal time=1788730821.077192 sender=org.freedesktop.DBus -> destination=:1.307 serial=2 path=/org/freedesktop/DBus; interface=org.freedesktop.DBus; member=NameAcquired
   string ":1.307"
signal time=1788730821.078566 sender=org.freedesktop.DBus -> destination=:1.307 serial=3 path=/org/freedesktop/DBus; interface=org.freedesktop.DBus; member=NameLost
   string ":1.307"
signal time=1788730821.078586 sender=org.freedesktop.DBus -> destination=(null destination) serial=614 path=/org/freedesktop/DBus; interface=org.freedesktop.DBus; member=NameOwnerChanged
   string ":1.307"
   string ":1.307"
   string ""
signal time=1788730821.078713 sender=:1.2 -> destination=(null destination) serial=348 path=/org/a11y/atspi/registry; interface=org.a11y.atspi.Registry; member=EventListenerDeregistered
   string ":1.307"
   string ""
signal time=1788730821.082408 sender=org.freedesktop.DBus -> destination=(null destination) serial=615 path=/org/freedesktop/DBus; interface=org.freedesktop.DBus; member=NameOwnerChanged
   string ":1.308"
   string ""
   string ":1.308"
signal time=1788730821.082433 sender=org.freedesktop.DBus -> destination=:1.308 serial=2 path=/org/freedesktop/DBus; interface=org.freedesktop.DBus; member=NameAcquired
   string ":1.308"
signal time=1788730821.083984 sender=org.freedesktop.DBus -> destination=:1.308 serial=3 path=/org/freedesktop/DBus; interface=org.freedesktop.DBus; member=NameLost
   string ":1.308"
signal time=1788730821.084001 sender=org.freedesktop.DBus -> destination=(null destination) serial=616 path=/org/freedesktop/DBus; interface=org.freedesktop.DBus; member=NameOwnerChanged
   string ":1.308"
   string ":1.308"
   string ""
signal time=1788730821.084176 sender=:1.2 -> destination=(null destination) serial=349 path=/org/a11y/atspi/registry; interface=org.a11y.atspi.Registry; member=EventListenerDeregistered
   string ":1.308"
   string ""
signal time=1788730821.088534 sender=org.freedesktop.DBus -> destination=(null destination) serial=617 path=/org/freedesktop/DBus; interface=org.freedesktop.DBus; member=NameOwnerChanged
   string ":1.309"
   string ""
   string ":1.309"
signal time=1788730821.088584 sender=org.freedesktop.DBus -> destination=:1.309 serial=2 path=/org/freedesktop/DBus; interface=org.freedesktop.DBus; member=NameAcquired
   string ":1.309"
signal time=1788730821.090403 sender=org.freedesktop.DBus -> destination=:1.309 serial=3 path=/org/freedesktop/DBus; interface=org.freedesktop.DBus; member=NameLost
   string ":1.309"
signal time=1788730821.090447 sender=org.freedesktop.DBus -> destination=(null destination) serial=618 path=/org/freedesktop/DBus; interface=org.freedesktop.DBus; member=NameOwnerChanged
   string ":1.309"
   string ":1.309"
   string ""
signal time=1788730821.090624 sender=:1.2 -> destination=(null destination) serial=350 path=/org/a11y/atspi/registry; interface=org.a11y.atspi.Registry; member=EventListenerDeregistered
   string ":1.309"
   string ""
signal time=1788730821.094728 sender=org.freedesktop.DBus -> destination=(null destination) serial=619 path=/org/freedesktop/DBus; interface=org.freedesktop.DBus; member=NameOwnerChanged
   string ":1.310"
   string ""
   string ":1.310"
signal time=1788730821.094791 sender=org.freedesktop.DBus -> destination=:1.310 serial=2 path=/org/freedesktop/DBus; interface=org.freedesktop.DBus; member=NameAcquired
   string ":1.310"
signal time=1788730821.096485 sender=org.freedesktop.DBus -> destination=:1.310 serial=3 path=/org/freedesktop/DBus; interface=org.freedesktop.DBus; member=NameLost
   string ":1.310"
signal time=1788730821.096499 sender=org.freedesktop.DBus -> destination=(null destination) serial=620 path=/org/freedesktop/DBus; interface=org.freedesktop.DBus; member=NameOwnerChanged
   string ":1.310"
   string ":1.310"
   string ""
signal time=1788730821.096676 sender=:1.2 -> destination=(null destination) serial=351 path=/org/a11y/atspi/registry; interface=org.a11y.atspi.Registry; member=EventListenerDeregistered
   string ":1.310"
   string ""
signal time=1788730821.100695 sender=org.freedesktop.DBus -> destination=(null destination) serial=621 path=/org/freedesktop/DBus; interface=org.freedesktop.DBus; member=NameOwnerChanged
   string ":1.311"
   string ""
   string ":1.311"
signal time=1788730821.100725 sender=org.freedesktop.DBus -> destination=:1.311 serial=2 path=/org/freedesktop/DBus; interface=org.freedesktop.DBus; member=NameAcquired
   string ":1.311"
signal time=1788730821.102412 sender=org.freedesktop.DBus -> destination=:1.311 serial=3 path=/org/freedesktop/DBus; interface=org.freedesktop.DBus; member=NameLost
   string ":1.311"
signal time=1788730821.102462 sender=org.freedesktop.DBus -> destination=(null destination) serial=622 path=/org/freedesktop/DBus; interface=org.freedesktop.DBus; member=NameOwnerChanged
   string ":1.311"
   string ":1.311"
   string ""
signal time=1788730821.102522 sender=:1.2 -> destination=(null destination) serial=352 path=/org/a11y/atspi/registry; interface=org.a11y.atspi.Registry; member=EventListenerDeregistered
   string ":1.311"
   string ""
signal time=1788730821.106918 sender=org.freedesktop.DBus -> destination=(null destination) serial=623 path=/org/freedesktop/DBus; interface=org.freedesktop.DBus; member=NameOwnerChanged
   string ":1.312"
   string ""
   string ":1.312"
signal time=1788730821.106949 sender=org.freedesktop.DBus -> destination=:1.312 serial=2 path=/org/freedesktop/DBus; interface=org.freedesktop.DBus; member=NameAcquired
   string ":1.312"
signal time=1788730821.108579 sender=org.freedesktop.DBus -> destination=:1.312 serial=3 path=/org/freedesktop/DBus; interface=org.freedesktop.DBus; member=NameLost
   string ":1.312"
signal time=1788730821.108593 sender=org.freedesktop.DBus -> destination=(null destination) serial=624 path=/org/freedesktop/DBus; interface=org.freedesktop.DBus; member=NameOwnerChanged
   string ":1.312"
   string ":1.312"
   string ""
signal time=1788730821.108686 sender=:1.2 -> destination=(null destination) serial=353 path=/org/a11y/atspi/registry; interface=org.a11y.atspi.Registry; member=EventListenerDeregistered
   string ":1.312"
   string ""
signal time=1788730821.112548 sender=org.freedesktop.DBus -> destination=(null destination) serial=625 path=/org/freedesktop/DBus; interface=org.freedesktop.DBus; member=NameOwnerChanged
   string ":1.313"
   string ""
   string ":1.313"
signal time=1788730821.112574 sender=org.freedesktop.DBus -> destination=:1.313 serial=2 path=/org/freedesktop/DBus; interface=org.freedesktop.DBus; member=NameAcquired
   string ":1.313"
signal time=1788730821.113527 sender=org.freedesktop.DBus -> destination=:1.313 serial=3 path=/org/freedesktop/DBus; interface=org.freedesktop.DBus; member=NameLost
   string ":1.313"
signal time=1788730821.113547 sender=org.freedesktop.DBus -> destination=(null destination) serial=626 path=/org/freedesktop/DBus; interface=org.freedesktop.DBus; member=NameOwnerChanged
   string ":1.313"
   string ":1.313"
   string ""
signal time=1788730821.113611 sender=:1.2 -> destination=(null destination) serial=354 path=/org/a11y/atspi/registry; interface=org.a11y.atspi.Registry; member=EventListenerDeregistered
   string ":1.313"
   string ""
signal time=1788730821.117628 sender=org.freedesktop.DBus -> destination=(null destination) serial=627 path=/org/freedesktop/DBus; interface=org.freedesktop.DBus; member=NameOwnerChanged
   string ":1.314"
   string ""
   string ":1.314"
signal time=1788730821.117655 sender=org.freedesktop.DBus -> destination=:1.314 serial=2 path=/org/freedesktop/DBus; interface=org.freedesktop.DBus; member=NameAcquired
   string ":1.314"
signal time=1788730821.119288 sender=org.freedesktop.DBus -> destination=:1.314 serial=3 path=/org/freedesktop/DBus; interface=org.freedesktop.DBus; member=NameLost
   string ":1.314"
signal time=1788730821.119302 sender=org.freedesktop.DBus -> destination=(null destination) serial=628 path=/org/freedesktop/DBus; interface=org.freedesktop.DBus; member=NameOwnerChanged
   string ":1.314"
   string ":1.314"
   string ""
signal time=1788730821.119408 sender=:1.2 -> destination=(null destination) serial=355 path=/org/a11y/atspi/registry; interface=org.a11y.atspi.Registry; member=EventListenerDeregistered
   string ":1.314"
   string ""
signal time=1788730821.123088 sender=org.freedesktop.DBus -> destination=(null destination) serial=629 path=/org/freedesktop/DBus; interface=org.freedesktop.DBus; member=NameOwnerChanged
   string ":1.315"
   string ""
   string ":1.315"
signal time=1788730821.123112 sender=org.freedesktop.DBus -> destination=:1.315 serial=2 path=/org/freedesktop/DBus; interface=org.freedesktop.DBus; member=NameAcquired
   string ":1.315"
signal time=1788730821.124514 sender=org.freedesktop.DBus -> destination=:1.315 serial=3 path=/org/freedesktop/DBus; interface=org.freedesktop.DBus; member=NameLost
   string ":1.315"
signal time=1788730821.124529 sender=org.freedesktop.DBus -> destination=(null destination) serial=630 path=/org/freedesktop/DBus; interface=org.freedesktop.DBus; member=NameOwnerChanged
   string ":1.315"
   string ":1.315"
   string ""
signal time=1788730821.124614 sender=:1.2 -> destination=(null destination) serial=356 path=/org/a11y/atspi/registry; interface=org.a11y.atspi.Registry; member=EventListenerDeregistered
   string ":1.315"
   string ""
signal time=1788730821.128345 sender=org.freedesktop.DBus -> destination=(null destination) serial=631 path=/org/freedesktop/DBus; interface=org.freedesktop.DBus; member=NameOwnerChanged
   string ":1.316"
   string ""
   string ":1.316"
signal time=1788730821.128368 sender=org.freedesktop.DBus -> destination=:1.316 serial=2 path=/org/freedesktop/DBus; interface=org.freedesktop.DBus; member=NameAcquired
   string ":1.316"
signal time=1788730821.129578 sender=org.freedesktop.DBus -> destination=:1.316 serial=3 path=/org/freedesktop/DBus; interface=org.freedesktop.DBus; member=NameLost
   string ":1.316"
signal time=1788730821.129607 sender=org.freedesktop.DBus -> destination=(null destination) serial=632 path=/org/freedesktop/DBus; interface=org.freedesktop.DBus; member=NameOwnerChanged
   string ":1.316"
   string ":1.316"
   string ""
signal time=1788730821.129725 sender=:1.2 -> destination=(null destination) serial=357 path=/org/a11y/atspi/registry; interface=org.a11y.atspi.Registry; member=EventListenerDeregistered
   string ":1.316"
   string ""
signal time=1788730821.133710 sender=org.freedesktop.DBus -> destination=(null destination) serial=633 path=/org/freedesktop/DBus; interface=org.freedesktop.DBus; member=NameOwnerChanged
   string ":1.317"
   string ""
   string ":1.317"
signal time=1788730821.133738 sender=org.freedesktop.DBus -> destination=:1.317 serial=2 path=/org/freedesktop/DBus; interface=org.freedesktop.DBus; member=NameAcquired
   string ":1.317"
signal time=1788730821.134841 sender=org.freedesktop.DBus -> destination=:1.317 serial=3 path=/org/freedesktop/DBus; interface=org.freedesktop.DBus; member=NameLost
   string ":1.317"
signal time=1788730821.134856 sender=org.freedesktop.DBus -> destination=(null destination) serial=634 path=/org/freedesktop/DBus; interface=org.freedesktop.DBus; member=NameOwnerChanged
   string ":1.317"
   string ":1.317"
   string ""
signal time=1788730821.134890 sender=:1.2 -> destination=(null destination) serial=358 path=/org/a11y/atspi/registry; interface=org.a11y.atspi.Registry; member=EventListenerDeregistered
   string ":1.317"
   string ""
signal time=1788730821.138574 sender=org.freedesktop.DBus -> destination=(null destination) serial=635 path=/org/freedesktop/DBus; interface=org.freedesktop.DBus; member=NameOwnerChanged
   string ":1.318"
   string ""
   string ":1.318"
signal time=1788730821.138598 sender=org.freedesktop.DBus -> destination=:1.318 serial=2 path=/org/freedesktop/DBus; interface=org.freedesktop.DBus; member=NameAcquired
   string ":1.318"
signal time=1788730821.139654 sender=org.freedesktop.DBus -> destination=:1.318 serial=3 path=/org/freedesktop/DBus; interface=org.freedesktop.DBus; member=NameLost
   string ":1.318"
signal time=1788730821.139670 sender=org.freedesktop.DBus -> destination=(null destination) serial=636 path=/org/freedesktop/DBus; interface=org.freedesktop.DBus; member=NameOwnerChanged
   string ":1.318"
   string ":1.318"
   string ""
signal time=1788730821.139763 sender=:1.2 -> destination=(null destination) serial=359 path=/org/a11y/atspi/registry; interface=org.a11y.atspi.Registry; member=EventListenerDeregistered
   string ":1.318"
   string ""
signal time=1788730821.143754 sender=org.freedesktop.DBus -> destination=(null destination) serial=637 path=/org/freedesktop/DBus; interface=org.freedesktop.DBus; member=NameOwnerChanged
   string ":1.319"
   string ""
   string ":1.319"
signal time=1788730821.143787 sender=org.freedesktop.DBus -> destination=:1.319 serial=2 path=/org/freedesktop/DBus; interface=org.freedesktop.DBus; member=NameAcquired
   string ":1.319"
signal time=1788730821.144620 sender=org.freedesktop.DBus -> destination=:1.319 serial=3 path=/org/freedesktop/DBus; interface=org.freedesktop.DBus; member=NameLost
   string ":1.319"
signal time=1788730821.144639 sender=org.freedesktop.DBus -> destination=(null destination) serial=638 path=/org/freedesktop/DBus; interface=org.freedesktop.DBus; member=NameOwnerChanged
   string ":1.319"
   string ":1.319"
   string ""
signal time=1788730821.144716 sender=:1.2 -> destination=(null destination) serial=360 path=/org/a11y/atspi/registry; interface=org.a11y.atspi.Registry; member=EventListenerDeregistered
   string ":1.319"
   string ""
signal time=1788730821.148884 sender=org.freedesktop.DBus -> destination=(null destination) serial=639 path=/org/freedesktop/DBus; interface=org.freedesktop.DBus; member=NameOwnerChanged
   string ":1.320"
   string ""
   string ":1.320"
signal time=1788730821.148922 sender=org.freedesktop.DBus -> destination=:1.320 serial=2 path=/org/freedesktop/DBus; interface=org.freedesktop.DBus; member=NameAcquired
   string ":1.320"
signal time=1788730821.149735 sender=org.freedesktop.DBus -> destination=:1.320 serial=3 path=/org/freedesktop/DBus; interface=org.freedesktop.DBus; member=NameLost
   string ":1.320"
signal time=1788730821.149759 sender=org.freedesktop.DBus -> destination=(null destination) serial=640 path=/org/freedesktop/DBus; interface=org.freedesktop.DBus; member=NameOwnerChanged
   string ":1.320"
   string ":1.320"
   string ""
signal time=1788730821.149860 sender=:1.2 -> destination=(null destination) serial=361 path=/org/a11y/atspi/registry; interface=org.a11y.atspi.Registry; member=EventListenerDeregistered
   string ":1.320"
   string ""
signal time=1788730821.153605 sender=org.freedesktop.DBus -> destination=(null destination) serial=641 path=/org/freedesktop/DBus; interface=org.freedesktop.DBus; member=NameOwnerChanged
   string ":1.321"
   string ""
   string ":1.321"
signal time=1788730821.153627 sender=org.freedesktop.DBus -> destination=:1.321 serial=2 path=/org/freedesktop/DBus; interface=org.freedesktop.DBus; member=NameAcquired
   string ":1.321"
signal time=1788730821.155113 sender=org.freedesktop.DBus -> destination=:1.321 serial=3 path=/org/freedesktop/DBus; interface=org.freedesktop.DBus; member=NameLost
   string ":1.321"
signal time=1788730821.155131 sender=org.freedesktop.DBus -> destination=(null destination) serial=642 path=/org/freedesktop/DBus; interface=org.freedesktop.DBus; member=NameOwnerChanged
   string ":1.321"
   string ":1.321"
   string ""
signal time=1788730821.155199 sender=:1.2 -> destination=(null destination) serial=362 path=/org/a11y/atspi/registry; interface=org.a11y.atspi.Registry; member=EventListenerDeregistered
   string ":1.321"
   string ""
signal time=1788730821.158793 sender=org.freedesktop.DBus -> destination=(null destination) serial=643 path=/org/freedesktop/DBus; interface=org.freedesktop.DBus; member=NameOwnerChanged
   string ":1.322"
   string ""
   string ":1.322"
signal time=1788730821.158820 sender=org.freedesktop.DBus -> destination=:1.322 serial=2 path=/org/freedesktop/DBus; interface=org.freedesktop.DBus; member=NameAcquired
   string ":1.322"
signal time=1788730821.160062 sender=org.freedesktop.DBus -> destination=:1.322 serial=3 path=/org/freedesktop/DBus; interface=org.freedesktop.DBus; member=NameLost
   string ":1.322"
signal time=1788730821.160080 sender=org.freedesktop.DBus -> destination=(null destination) serial=644 path=/org/freedesktop/DBus; interface=org.freedesktop.DBus; member=NameOwnerChanged
   string ":1.322"
   string ":1.322"
   string ""
signal time=1788730821.160146 sender=:1.2 -> destination=(null destination) serial=363 path=/org/a11y/atspi/registry; interface=org.a11y.atspi.Registry; member=EventListenerDeregistered
   string ":1.322"
   string ""
signal time=1788730821.164025 sender=org.freedesktop.DBus -> destination=(null destination) serial=645 path=/org/freedesktop/DBus; interface=org.freedesktop.DBus; member=NameOwnerChanged
   string ":1.323"
   string ""
   string ":1.323"
signal time=1788730821.164066 sender=org.freedesktop.DBus -> destination=:1.323 serial=2 path=/org/freedesktop/DBus; interface=org.freedesktop.DBus; member=NameAcquired
   string ":1.323"
signal time=1788730821.165136 sender=org.freedesktop.DBus -> destination=:1.323 serial=3 path=/org/freedesktop/DBus; interface=org.freedesktop.DBus; member=NameLost
   string ":1.323"
signal time=1788730821.165153 sender=org.freedesktop.DBus -> destination=(null destination) serial=646 path=/org/freedesktop/DBus; interface=org.freedesktop.DBus; member=NameOwnerChanged
   string ":1.323"
   string ":1.323"
   string ""
signal time=1788730821.165200 sender=:1.2 -> destination=(null destination) serial=364 path=/org/a11y/atspi/registry; interface=org.a11y.atspi.Registry; member=EventListenerDeregistered
   string ":1.323"
   string ""
signal time=1788730821.169375 sender=org.freedesktop.DBus -> destination=(null destination) serial=647 path=/org/freedesktop/DBus; interface=org.freedesktop.DBus; member=NameOwnerChanged
   string ":1.324"
   string ""
   string ":1.324"
signal time=1788730821.169404 sender=org.freedesktop.DBus -> destination=:1.324 serial=2 path=/org/freedesktop/DBus; interface=org.freedesktop.DBus; member=NameAcquired
   string ":1.324"
signal time=1788730821.170443 sender=org.freedesktop.DBus -> destination=:1.324 serial=3 path=/org/freedesktop/DBus; interface=org.freedesktop.DBus; member=NameLost
   string ":1.324"
signal time=1788730821.170464 sender=org.freedesktop.DBus -> destination=(null destination) serial=648 path=/org/freedesktop/DBus; interface=org.freedesktop.DBus; member=NameOwnerChanged
   string ":1.324"
   string ":1.324"
   string ""
signal time=1788730821.170566 sender=:1.2 -> destination=(null destination) serial=365 path=/org/a11y/atspi/registry; interface=org.a11y.atspi.Registry; member=EventListenerDeregistered
   string ":1.324"
   string ""
signal time=1788730821.174471 sender=org.freedesktop.DBus -> destination=(null destination) serial=649 path=/org/freedesktop/DBus; interface=org.freedesktop.DBus; member=NameOwnerChanged
   string ":1.325"
   string ""
   string ":1.325"
signal time=1788730821.174499 sender=org.freedesktop.DBus -> destination=:1.325 serial=2 path=/org/freedesktop/DBus; interface=org.freedesktop.DBus; member=NameAcquired
   string ":1.325"
signal time=1788730821.175768 sender=org.freedesktop.DBus -> destination=:1.325 serial=3 path=/org/freedesktop/DBus; interface=org.freedesktop.DBus; member=NameLost
   string ":1.325"
signal time=1788730821.175784 sender=org.freedesktop.DBus -> destination=(null destination) serial=650 path=/org/freedesktop/DBus; interface=org.freedesktop.DBus; member=NameOwnerChanged
   string ":1.325"
   string ":1.325"
   string ""
signal time=1788730821.175892 sender=:1.2 -> destination=(null destination) serial=366 path=/org/a11y/atspi/registry; interface=org.a11y.atspi.Registry; member=EventListenerDeregistered
   string ":1.325"
   string ""
signal time=1788730821.179572 sender=org.freedesktop.DBus -> destination=(null destination) serial=651 path=/org/freedesktop/DBus; interface=org.freedesktop.DBus; member=NameOwnerChanged
   string ":1.326"
   string ""
   string ":1.326"
signal time=1788730821.179601 sender=org.freedesktop.DBus -> destination=:1.326 serial=2 path=/org/freedesktop/DBus; interface=org.freedesktop.DBus; member=NameAcquired
   string ":1.326"
signal time=1788730821.180818 sender=org.freedesktop.DBus -> destination=:1.326 serial=3 path=/org/freedesktop/DBus; interface=org.freedesktop.DBus; member=NameLost
   string ":1.326"
signal time=1788730821.180839 sender=org.freedesktop.DBus -> destination=(null destination) serial=652 path=/org/freedesktop/DBus; interface=org.freedesktop.DBus; member=NameOwnerChanged
   string ":1.326"
   string ":1.326"
   string ""
signal time=1788730821.180936 sender=:1.2 -> destination=(null destination) serial=367 path=/org/a11y/atspi/registry; interface=org.a11y.atspi.Registry; member=EventListenerDeregistered
   string ":1.326"
   string ""
signal time=1788730821.185064 sender=org.freedesktop.DBus -> destination=(null destination) serial=653 path=/org/freedesktop/DBus; interface=org.freedesktop.DBus; member=NameOwnerChanged
   string ":1.327"
   string ""
   string ":1.327"
signal time=1788730821.185118 sender=org.freedesktop.DBus -> destination=:1.327 serial=2 path=/org/freedesktop/DBus; interface=org.freedesktop.DBus; member=NameAcquired
   string ":1.327"
signal time=1788730821.186747 sender=org.freedesktop.DBus -> destination=:1.327 serial=3 path=/org/freedesktop/DBus; interface=org.freedesktop.DBus; member=NameLost
   string ":1.327"
signal time=1788730821.186776 sender=org.freedesktop.DBus -> destination=(null destination) serial=654 path=/org/freedesktop/DBus; interface=org.freedesktop.DBus; member=NameOwnerChanged
   string ":1.327"
   string ":1.327"
   string ""
signal time=1788730821.186932 sender=:1.2 -> destination=(null destination) serial=368 path=/org/a11y/atspi/registry; interface=org.a11y.atspi.Registry; member=EventListenerDeregistered
   string ":1.327"
   string ""
signal time=1788730821.191033 sender=org.freedesktop.DBus -> destination=(null destination) serial=655 path=/org/freedesktop/DBus; interface=org.freedesktop.DBus; member=NameOwnerChanged
   string ":1.328"
   string ""
   string ":1.328"
signal time=1788730821.191070 sender=org.freedesktop.DBus -> destination=:1.328 serial=2 path=/org/freedesktop/DBus; interface=org.freedesktop.DBus; member=NameAcquired
   string ":1.328"
signal time=1788730821.192711 sender=org.freedesktop.DBus -> destination=:1.328 serial=3 path=/org/freedesktop/DBus; interface=org.freedesktop.DBus; member=NameLost
   string ":1.328"
signal time=1788730821.192755 sender=org.freedesktop.DBus -> destination=(null destination) serial=656 path=/org/freedesktop/DBus; interface=org.freedesktop.DBus; member=NameOwnerChanged
   string ":1.328"
   string ":1.328"
   string ""
signal time=1788730821.192893 sender=:1.2 -> destination=(null destination) serial=369 path=/org/a11y/atspi/registry; interface=org.a11y.atspi.Registry; member=EventListenerDeregistered
   string ":1.328"
   string ""
signal time=1788730821.196554 sender=org.freedesktop.DBus -> destination=(null destination) serial=657 path=/org/freedesktop/DBus; interface=org.freedesktop.DBus; member=NameOwnerChanged
   string ":1.329"
   string ""
   string ":1.329"
signal time=1788730821.196581 sender=org.freedesktop.DBus -> destination=:1.329 serial=2 path=/org/freedesktop/DBus; interface=org.freedesktop.DBus; member=NameAcquired
   string ":1.329"
signal time=1788730821.197698 sender=org.freedesktop.DBus -> destination=:1.329 serial=3 path=/org/freedesktop/DBus; interface=org.freedesktop.DBus; member=NameLost
   string ":1.329"
signal time=1788730821.197721 sender=org.freedesktop.DBus -> destination=(null destination) serial=658 path=/org/freedesktop/DBus; interface=org.freedesktop.DBus; member=NameOwnerChanged
   string ":1.329"
   string ":1.329"
   string ""
signal time=1788730821.197820 sender=:1.2 -> destination=(null destination) serial=370 path=/org/a11y/atspi/registry; interface=org.a11y.atspi.Registry; member=EventListenerDeregistered
   string ":1.329"
   string ""
signal time=1788730821.203040 sender=org.freedesktop.DBus -> destination=(null destination) serial=659 path=/org/freedesktop/DBus; interface=org.freedesktop.DBus; member=NameOwnerChanged
   string ":1.330"
   string ""
   string ":1.330"
signal time=1788730821.203085 sender=org.freedesktop.DBus -> destination=:1.330 serial=2 path=/org/freedesktop/DBus; interface=org.freedesktop.DBus; member=NameAcquired
   string ":1.330"
signal time=1788730821.204200 sender=org.freedesktop.DBus -> destination=:1.330 serial=3 path=/org/freedesktop/DBus; interface=org.freedesktop.DBus; member=NameLost
   string ":1.330"
signal time=1788730821.204224 sender=org.freedesktop.DBus -> destination=(null destination) serial=660 path=/org/freedesktop/DBus; interface=org.freedesktop.DBus; member=NameOwnerChanged
   string ":1.330"
   string ":1.330"
   string ""
signal time=1788730821.204281 sender=:1.2 -> destination=(null destination) serial=371 path=/org/a11y/atspi/registry; interface=org.a11y.atspi.Registry; member=EventListenerDeregistered
   string ":1.330"
   string ""
signal time=1788730821.208351 sender=org.freedesktop.DBus -> destination=(null destination) serial=661 path=/org/freedesktop/DBus; interface=org.freedesktop.DBus; member=NameOwnerChanged
   string ":1.331"
   string ""
   string ":1.331"
signal time=1788730821.208378 sender=org.freedesktop.DBus -> destination=:1.331 serial=2 path=/org/freedesktop/DBus; interface=org.freedesktop.DBus; member=NameAcquired
   string ":1.331"
signal time=1788730821.209535 sender=org.freedesktop.DBus -> destination=:1.331 serial=3 path=/org/freedesktop/DBus; interface=org.freedesktop.DBus; member=NameLost
   string ":1.331"
signal time=1788730821.209553 sender=org.freedesktop.DBus -> destination=(null destination) serial=662 path=/org/freedesktop/DBus; interface=org.freedesktop.DBus; member=NameOwnerChanged
   string ":1.331"
   string ":1.331"
   string ""
signal time=1788730821.209676 sender=:1.2 -> destination=(null destination) serial=372 path=/org/a11y/atspi/registry; interface=org.a11y.atspi.Registry; member=EventListenerDeregistered
   string ":1.331"
   string ""
signal time=1788730821.214430 sender=org.freedesktop.DBus -> destination=(null destination) serial=663 path=/org/freedesktop/DBus; interface=org.freedesktop.DBus; member=NameOwnerChanged
   string ":1.332"
   string ""
   string ":1.332"
signal time=1788730821.214464 sender=org.freedesktop.DBus -> destination=:1.332 serial=2 path=/org/freedesktop/DBus; interface=org.freedesktop.DBus; member=NameAcquired
   string ":1.332"
signal time=1788730821.215924 sender=org.freedesktop.DBus -> destination=:1.332 serial=3 path=/org/freedesktop/DBus; interface=org.freedesktop.DBus; member=NameLost
   string ":1.332"
signal time=1788730821.215940 sender=org.freedesktop.DBus -> destination=(null destination) serial=664 path=/org/freedesktop/DBus; interface=org.freedesktop.DBus; member=NameOwnerChanged
   string ":1.332"
   string ":1.332"
   string ""
signal time=1788730821.216040 sender=:1.2 -> destination=(null destination) serial=373 path=/org/a11y/atspi/registry; interface=org.a11y.atspi.Registry; member=EventListenerDeregistered
   string ":1.332"
   string ""
signal time=1788730821.219912 sender=org.freedesktop.DBus -> destination=(null destination) serial=665 path=/org/freedesktop/DBus; interface=org.freedesktop.DBus; member=NameOwnerChanged
   string ":1.333"
   string ""
   string ":1.333"
signal time=1788730821.219938 sender=org.freedesktop.DBus -> destination=:1.333 serial=2 path=/org/freedesktop/DBus; interface=org.freedesktop.DBus; member=NameAcquired
   string ":1.333"
signal time=1788730821.221214 sender=org.freedesktop.DBus -> destination=:1.333 serial=3 path=/org/freedesktop/DBus; interface=org.freedesktop.DBus; member=NameLost
   string ":1.333"
signal time=1788730821.221233 sender=org.freedesktop.DBus -> destination=(null destination) serial=666 path=/org/freedesktop/DBus; interface=org.freedesktop.DBus; member=NameOwnerChanged
   string ":1.333"
   string ":1.333"
   string ""
signal time=1788730821.221323 sender=:1.2 -> destination=(null destination) serial=374 path=/org/a11y/atspi/registry; interface=org.a11y.atspi.Registry; member=EventListenerDeregistered
   string ":1.333"
   string ""
signal time=1788730821.225071 sender=org.freedesktop.DBus -> destination=(null destination) serial=667 path=/org/freedesktop/DBus; interface=org.freedesktop.DBus; member=NameOwnerChanged
   string ":1.334"
   string ""
   string ":1.334"
signal time=1788730821.225096 sender=org.freedesktop.DBus -> destination=:1.334 serial=2 path=/org/freedesktop/DBus; interface=org.freedesktop.DBus; member=NameAcquired
   string ":1.334"
signal time=1788730821.226532 sender=org.freedesktop.DBus -> destination=:1.334 serial=3 path=/org/freedesktop/DBus; interface=org.freedesktop.DBus; member=NameLost
   string ":1.334"
signal time=1788730821.226555 sender=org.freedesktop.DBus -> destination=(null destination) serial=668 path=/org/freedesktop/DBus; interface=org.freedesktop.DBus; member=NameOwnerChanged
   string ":1.334"
   string ":1.334"
   string ""
signal time=1788730821.226638 sender=:1.2 -> destination=(null destination) serial=375 path=/org/a11y/atspi/registry; interface=org.a11y.atspi.Registry; member=EventListenerDeregistered
   string ":1.334"
   string ""
signal time=1788730821.229938 sender=org.freedesktop.DBus -> destination=(null destination) serial=669 path=/org/freedesktop/DBus; interface=org.freedesktop.DBus; member=NameOwnerChanged
   string ":1.335"
   string ""
   string ":1.335"
signal time=1788730821.229961 sender=org.freedesktop.DBus -> destination=:1.335 serial=2 path=/org/freedesktop/DBus; interface=org.freedesktop.DBus; member=NameAcquired
   string ":1.335"
signal time=1788730821.231193 sender=org.freedesktop.DBus -> destination=:1.335 serial=3 path=/org/freedesktop/DBus; interface=org.freedesktop.DBus; member=NameLost
   string ":1.335"
signal time=1788730821.231210 sender=org.freedesktop.DBus -> destination=(null destination) serial=670 path=/org/freedesktop/DBus; interface=org.freedesktop.DBus; member=NameOwnerChanged
   string ":1.335"
   string ":1.335"
   string ""
signal time=1788730821.231321 sender=:1.2 -> destination=(null destination) serial=376 path=/org/a11y/atspi/registry; interface=org.a11y.atspi.Registry; member=EventListenerDeregistered
   string ":1.335"
   string ""
signal time=1788730821.235373 sender=org.freedesktop.DBus -> destination=(null destination) serial=671 path=/org/freedesktop/DBus; interface=org.freedesktop.DBus; member=NameOwnerChanged
   string ":1.336"
   string ""
   string ":1.336"
signal time=1788730821.235397 sender=org.freedesktop.DBus -> destination=:1.336 serial=2 path=/org/freedesktop/DBus; interface=org.freedesktop.DBus; member=NameAcquired
   string ":1.336"
signal time=1788730821.236720 sender=org.freedesktop.DBus -> destination=:1.336 serial=3 path=/org/freedesktop/DBus; interface=org.freedesktop.DBus; member=NameLost
   string ":1.336"
signal time=1788730821.236738 sender=org.freedesktop.DBus -> destination=(null destination) serial=672 path=/org/freedesktop/DBus; interface=org.freedesktop.DBus; member=NameOwnerChanged
   string ":1.336"
   string ":1.336"
   string ""
signal time=1788730821.236879 sender=:1.2 -> destination=(null destination) serial=377 path=/org/a11y/atspi/registry; interface=org.a11y.atspi.Registry; member=EventListenerDeregistered
   string ":1.336"
   string ""
signal time=1788730821.240433 sender=org.freedesktop.DBus -> destination=(null destination) serial=673 path=/org/freedesktop/DBus; interface=org.freedesktop.DBus; member=NameOwnerChanged
   string ":1.337"
   string ""
   string ":1.337"
signal time=1788730821.240457 sender=org.freedesktop.DBus -> destination=:1.337 serial=2 path=/org/freedesktop/DBus; interface=org.freedesktop.DBus; member=NameAcquired
   string ":1.337"
signal time=1788730821.241886 sender=org.freedesktop.DBus -> destination=:1.337 serial=3 path=/org/freedesktop/DBus; interface=org.freedesktop.DBus; member=NameLost
   string ":1.337"
signal time=1788730821.241904 sender=org.freedesktop.DBus -> destination=(null destination) serial=674 path=/org/freedesktop/DBus; interface=org.freedesktop.DBus; member=NameOwnerChanged
   string ":1.337"
   string ":1.337"
   string ""
signal time=1788730821.242013 sender=:1.2 -> destination=(null destination) serial=378 path=/org/a11y/atspi/registry; interface=org.a11y.atspi.Registry; member=EventListenerDeregistered
   string ":1.337"
   string ""
signal time=1788730821.245501 sender=org.freedesktop.DBus -> destination=(null destination) serial=675 path=/org/freedesktop/DBus; interface=org.freedesktop.DBus; member=NameOwnerChanged
   string ":1.338"
   string ""
   string ":1.338"
signal time=1788730821.245525 sender=org.freedesktop.DBus -> destination=:1.338 serial=2 path=/org/freedesktop/DBus; interface=org.freedesktop.DBus; member=NameAcquired
   string ":1.338"
signal time=1788730821.246720 sender=org.freedesktop.DBus -> destination=:1.338 serial=3 path=/org/freedesktop/DBus; interface=org.freedesktop.DBus; member=NameLost
   string ":1.338"
signal time=1788730821.246741 sender=org.freedesktop.DBus -> destination=(null destination) serial=676 path=/org/freedesktop/DBus; interface=org.freedesktop.DBus; member=NameOwnerChanged
   string ":1.338"
   string ":1.338"
   string ""
signal time=1788730821.246805 sender=:1.2 -> destination=(null destination) serial=379 path=/org/a11y/atspi/registry; interface=org.a11y.atspi.Registry; member=EventListenerDeregistered
   string ":1.338"
   string ""
signal time=1788730821.250596 sender=org.freedesktop.DBus -> destination=(null destination) serial=677 path=/org/freedesktop/DBus; interface=org.freedesktop.DBus; member=NameOwnerChanged
   string ":1.339"
   string ""
   string ":1.339"
signal time=1788730821.250624 sender=org.freedesktop.DBus -> destination=:1.339 serial=2 path=/org/freedesktop/DBus; interface=org.freedesktop.DBus; member=NameAcquired
   string ":1.339"
signal time=1788730821.252264 sender=org.freedesktop.DBus -> destination=:1.339 serial=3 path=/org/freedesktop/DBus; interface=org.freedesktop.DBus; member=NameLost
   string ":1.339"
signal time=1788730821.252283 sender=org.freedesktop.DBus -> destination=(null destination) serial=678 path=/org/freedesktop/DBus; interface=org.freedesktop.DBus; member=NameOwnerChanged
   string ":1.339"
   string ":1.339"
   string ""
signal time=1788730821.252359 sender=:1.2 -> destination=(null destination) serial=380 path=/org/a11y/atspi/registry; interface=org.a11y.atspi.Registry; member=EventListenerDeregistered
   string ":1.339"
   string ""
signal time=1788730821.255967 sender=org.freedesktop.DBus -> destination=(null destination) serial=679 path=/org/freedesktop/DBus; interface=org.freedesktop.DBus; member=NameOwnerChanged
   string ":1.340"
   string ""
   string ":1.340"
signal time=1788730821.255998 sender=org.freedesktop.DBus -> destination=:1.340 serial=2 path=/org/freedesktop/DBus; interface=org.freedesktop.DBus; member=NameAcquired
   string ":1.340"
signal time=1788730821.257434 sender=org.freedesktop.DBus -> destination=:1.340 serial=3 path=/org/freedesktop/DBus; interface=org.freedesktop.DBus; member=NameLost
   string ":1.340"
signal time=1788730821.257451 sender=org.freedesktop.DBus -> destination=(null destination) serial=680 path=/org/freedesktop/DBus; interface=org.freedesktop.DBus; member=NameOwnerChanged
   string ":1.340"
   string ":1.340"
   string ""
signal time=1788730821.257484 sender=:1.2 -> destination=(null destination) serial=381 path=/org/a11y/atspi/registry; interface=org.a11y.atspi.Registry; member=EventListenerDeregistered
   string ":1.340"
   string ""
signal time=1788730821.261121 sender=org.freedesktop.DBus -> destination=(null destination) serial=681 path=/org/freedesktop/DBus; interface=org.freedesktop.DBus; member=NameOwnerChanged
   string ":1.341"
   string ""
   string ":1.341"
signal time=1788730821.261148 sender=org.freedesktop.DBus -> destination=:1.341 serial=2 path=/org/freedesktop/DBus; interface=org.freedesktop.DBus; member=NameAcquired
   string ":1.341"
signal time=1788730821.262531 sender=org.freedesktop.DBus -> destination=:1.341 serial=3 path=/org/freedesktop/DBus; interface=org.freedesktop.DBus; member=NameLost
   string ":1.341"
signal time=1788730821.262549 sender=org.freedesktop.DBus -> destination=(null destination) serial=682 path=/org/freedesktop/DBus; interface=org.freedesktop.DBus; member=NameOwnerChanged
   string ":1.341"
   string ":1.341"
   string ""
signal time=1788730821.262682 sender=:1.2 -> destination=(null destination) serial=382 path=/org/a11y/atspi/registry; interface=org.a11y.atspi.Registry; member=EventListenerDeregistered
   string ":1.341"
   string ""
signal time=1788730821.266352 sender=org.freedesktop.DBus -> destination=(null destination) serial=683 path=/org/freedesktop/DBus; interface=org.freedesktop.DBus; member=NameOwnerChanged
   string ":1.342"
   string ""
   string ":1.342"
signal time=1788730821.266380 sender=org.freedesktop.DBus -> destination=:1.342 serial=2 path=/org/freedesktop/DBus; interface=org.freedesktop.DBus; member=NameAcquired
   string ":1.342"
signal time=1788730821.267913 sender=org.freedesktop.DBus -> destination=:1.342 serial=3 path=/org/freedesktop/DBus; interface=org.freedesktop.DBus; member=NameLost
   string ":1.342"
signal time=1788730821.267934 sender=org.freedesktop.DBus -> destination=(null destination) serial=684 path=/org/freedesktop/DBus; interface=org.freedesktop.DBus; member=NameOwnerChanged
   string ":1.342"
   string ":1.342"
   string ""
signal time=1788730821.268012 sender=:1.2 -> destination=(null destination) serial=383 path=/org/a11y/atspi/registry; interface=org.a11y.atspi.Registry; member=EventListenerDeregistered
   string ":1.342"
   string ""
signal time=1788730821.271688 sender=org.freedesktop.DBus -> destination=(null destination) serial=685 path=/org/freedesktop/DBus; interface=org.freedesktop.DBus; member=NameOwnerChanged
   string ":1.343"
   string ""
   string ":1.343"
signal time=1788730821.271716 sender=org.freedesktop.DBus -> destination=:1.343 serial=2 path=/org/freedesktop/DBus; interface=org.freedesktop.DBus; member=NameAcquired
   string ":1.343"
signal time=1788730821.273251 sender=org.freedesktop.DBus -> destination=:1.343 serial=3 path=/org/freedesktop/DBus; interface=org.freedesktop.DBus; member=NameLost
   string ":1.343"
signal time=1788730821.273275 sender=org.freedesktop.DBus -> destination=(null destination) serial=686 path=/org/freedesktop/DBus; interface=org.freedesktop.DBus; member=NameOwnerChanged
   string ":1.343"
   string ":1.343"
   string ""
signal time=1788730821.273364 sender=:1.2 -> destination=(null destination) serial=384 path=/org/a11y/atspi/registry; interface=org.a11y.atspi.Registry; member=EventListenerDeregistered
   string ":1.343"
   string ""
signal time=1788730821.276843 sender=org.freedesktop.DBus -> destination=(null destination) serial=687 path=/org/freedesktop/DBus; interface=org.freedesktop.DBus; member=NameOwnerChanged
   string ":1.344"
   string ""
   string ":1.344"
signal time=1788730821.276873 sender=org.freedesktop.DBus -> destination=:1.344 serial=2 path=/org/freedesktop/DBus; interface=org.freedesktop.DBus; member=NameAcquired
   string ":1.344"
signal time=1788730821.277791 sender=org.freedesktop.DBus -> destination=:1.344 serial=3 path=/org/freedesktop/DBus; interface=org.freedesktop.DBus; member=NameLost
   string ":1.344"
signal time=1788730821.277815 sender=org.freedesktop.DBus -> destination=(null destination) serial=688 path=/org/freedesktop/DBus; interface=org.freedesktop.DBus; member=NameOwnerChanged
   string ":1.344"
   string ":1.344"
   string ""
signal time=1788730821.277902 sender=:1.2 -> destination=(null destination) serial=385 path=/org/a11y/atspi/registry; interface=org.a11y.atspi.Registry; member=EventListenerDeregistered
   string ":1.344"
   string ""
signal time=1788730821.281909 sender=org.freedesktop.DBus -> destination=(null destination) serial=689 path=/org/freedesktop/DBus; interface=org.freedesktop.DBus; member=NameOwnerChanged
   string ":1.345"
   string ""
   string ":1.345"
signal time=1788730821.281938 sender=org.freedesktop.DBus -> destination=:1.345 serial=2 path=/org/freedesktop/DBus; interface=org.freedesktop.DBus; member=NameAcquired
   string ":1.345"
signal time=1788730821.283358 sender=org.freedesktop.DBus -> destination=:1.345 serial=3 path=/org/freedesktop/DBus; interface=org.freedesktop.DBus; member=NameLost
   string ":1.345"
signal time=1788730821.283378 sender=org.freedesktop.DBus -> destination=(null destination) serial=690 path=/org/freedesktop/DBus; interface=org.freedesktop.DBus; member=NameOwnerChanged
   string ":1.345"
   string ":1.345"
   string ""
signal time=1788730821.283555 sender=:1.2 -> destination=(null destination) serial=386 path=/org/a11y/atspi/registry; interface=org.a11y.atspi.Registry; member=EventListenerDeregistered
   string ":1.345"
   string ""
signal time=1788730821.288221 sender=org.freedesktop.DBus -> destination=(null destination) serial=691 path=/org/freedesktop/DBus; interface=org.freedesktop.DBus; member=NameOwnerChanged
   string ":1.346"
   string ""
   string ":1.346"
signal time=1788730821.288261 sender=org.freedesktop.DBus -> destination=:1.346 serial=2 path=/org/freedesktop/DBus; interface=org.freedesktop.DBus; member=NameAcquired
   string ":1.346"
signal time=1788730821.289908 sender=org.freedesktop.DBus -> destination=:1.346 serial=3 path=/org/freedesktop/DBus; interface=org.freedesktop.DBus; member=NameLost
   string ":1.346"
signal time=1788730821.289934 sender=org.freedesktop.DBus -> destination=(null destination) serial=692 path=/org/freedesktop/DBus; interface=org.freedesktop.DBus; member=NameOwnerChanged
   string ":1.346"
   string ":1.346"
   string ""
signal time=1788730821.290003 sender=:1.2 -> destination=(null destination) serial=387 path=/org/a11y/atspi/registry; interface=org.a11y.atspi.Registry; member=EventListenerDeregistered
   string ":1.346"
   string ""
signal time=1788730821.293787 sender=org.freedesktop.DBus -> destination=(null destination) serial=693 path=/org/freedesktop/DBus; interface=org.freedesktop.DBus; member=NameOwnerChanged
   string ":1.347"
   string ""
   string ":1.347"
signal time=1788730821.293816 sender=org.freedesktop.DBus -> destination=:1.347 serial=2 path=/org/freedesktop/DBus; interface=org.freedesktop.DBus; member=NameAcquired
   string ":1.347"
signal time=1788730821.295401 sender=org.freedesktop.DBus -> destination=:1.347 serial=3 path=/org/freedesktop/DBus; interface=org.freedesktop.DBus; member=NameLost
   string ":1.347"
signal time=1788730821.295417 sender=org.freedesktop.DBus -> destination=(null destination) serial=694 path=/org/freedesktop/DBus; interface=org.freedesktop.DBus; member=NameOwnerChanged
   string ":1.347"
   string ":1.347"
   string ""
signal time=1788730821.295485 sender=:1.2 -> destination=(null destination) serial=388 path=/org/a11y/atspi/registry; interface=org.a11y.atspi.Registry; member=EventListenerDeregistered
   string ":1.347"
   string ""
signal time=1788730821.299940 sender=org.freedesktop.DBus -> destination=(null destination) serial=695 path=/org/freedesktop/DBus; interface=org.freedesktop.DBus; member=NameOwnerChanged
   string ":1.348"
   string ""
   string ":1.348"
signal time=1788730821.299984 sender=org.freedesktop.DBus -> destination=:1.348 serial=2 path=/org/freedesktop/DBus; interface=org.freedesktop.DBus; member=NameAcquired
   string ":1.348"
signal time=1788730821.301759 sender=org.freedesktop.DBus -> destination=:1.348 serial=3 path=/org/freedesktop/DBus; interface=org.freedesktop.DBus; member=NameLost
   string ":1.348"
signal time=1788730821.301800 sender=org.freedesktop.DBus -> destination=(null destination) serial=696 path=/org/freedesktop/DBus; interface=org.freedesktop.DBus; member=NameOwnerChanged
   string ":1.348"
   string ":1.348"
   string ""
signal time=1788730821.301830 sender=:1.2 -> destination=(null destination) serial=389 path=/org/a11y/atspi/registry; interface=org.a11y.atspi.Registry; member=EventListenerDeregistered
   string ":1.348"
   string ""
signal time=1788730821.305772 sender=org.freedesktop.DBus -> destination=(null destination) serial=697 path=/org/freedesktop/DBus; interface=org.freedesktop.DBus; member=NameOwnerChanged
   string ":1.349"
   string ""
   string ":1.349"
signal time=1788730821.305802 sender=org.freedesktop.DBus -> destination=:1.349 serial=2 path=/org/freedesktop/DBus; interface=org.freedesktop.DBus; member=NameAcquired
   string ":1.349"
signal time=1788730821.307327 sender=org.freedesktop.DBus -> destination=:1.349 serial=3 path=/org/freedesktop/DBus; interface=org.freedesktop.DBus; member=NameLost
   string ":1.349"
signal time=1788730821.307346 sender=org.freedesktop.DBus -> destination=(null destination) serial=698 path=/org/freedesktop/DBus; interface=org.freedesktop.DBus; member=NameOwnerChanged
   string ":1.349"
   string ":1.349"
   string ""
signal time=1788730821.307389 sender=:1.2 -> destination=(null destination) serial=390 path=/org/a11y/atspi/registry; interface=org.a11y.atspi.Registry; member=EventListenerDeregistered
   string ":1.349"
   string ""
signal time=1788730821.311048 sender=org.freedesktop.DBus -> destination=(null destination) serial=699 path=/org/freedesktop/DBus; interface=org.freedesktop.DBus; member=NameOwnerChanged
   string ":1.350"
   string ""
   string ":1.350"
signal time=1788730821.311079 sender=org.freedesktop.DBus -> destination=:1.350 serial=2 path=/org/freedesktop/DBus; interface=org.freedesktop.DBus; member=NameAcquired
   string ":1.350"
signal time=1788730821.312453 sender=org.freedesktop.DBus -> destination=:1.350 serial=3 path=/org/freedesktop/DBus; interface=org.freedesktop.DBus; member=NameLost
   string ":1.350"
signal time=1788730821.312472 sender=org.freedesktop.DBus -> destination=(null destination) serial=700 path=/org/freedesktop/DBus; interface=org.freedesktop.DBus; member=NameOwnerChanged
   string ":1.350"
   string ":1.350"
   string ""
signal time=1788730821.312515 sender=:1.2 -> destination=(null destination) serial=391 path=/org/a11y/atspi/registry; interface=org.a11y.atspi.Registry; member=EventListenerDeregistered
   string ":1.350"
   string ""
signal time=1788730821.316357 sender=org.freedesktop.DBus -> destination=(null destination) serial=701 path=/org/freedesktop/DBus; interface=org.freedesktop.DBus; member=NameOwnerChanged
   string ":1.351"
   string ""
   string ":1.351"
signal time=1788730821.316404 sender=org.freedesktop.DBus -> destination=:1.351 serial=2 path=/org/freedesktop/DBus; interface=org.freedesktop.DBus; member=NameAcquired
   string ":1.351"
signal time=1788730821.317565 sender=org.freedesktop.DBus -> destination=:1.351 serial=3 path=/org/freedesktop/DBus; interface=org.freedesktop.DBus; member=NameLost
   string ":1.351"
signal time=1788730821.317594 sender=org.freedesktop.DBus -> destination=(null destination) serial=702 path=/org/freedesktop/DBus; interface=org.freedesktop.DBus; member=NameOwnerChanged
   string ":1.351"
   string ":1.351"
   string ""
signal time=1788730821.317658 sender=:1.2 -> destination=(null destination) serial=392 path=/org/a11y/atspi/registry; interface=org.a11y.atspi.Registry; member=EventListenerDeregistered
   string ":1.351"
   string ""
signal time=1788730821.321608 sender=org.freedesktop.DBus -> destination=(null destination) serial=703 path=/org/freedesktop/DBus; interface=org.freedesktop.DBus; member=NameOwnerChanged
   string ":1.352"
   string ""
   string ":1.352"
signal time=1788730821.321639 sender=org.freedesktop.DBus -> destination=:1.352 serial=2 path=/org/freedesktop/DBus; interface=org.freedesktop.DBus; member=NameAcquired
   string ":1.352"
signal time=1788730821.322861 sender=org.freedesktop.DBus -> destination=:1.352 serial=3 path=/org/freedesktop/DBus; interface=org.freedesktop.DBus; member=NameLost
   string ":1.352"
signal time=1788730821.322878 sender=org.freedesktop.DBus -> destination=(null destination) serial=704 path=/org/freedesktop/DBus; interface=org.freedesktop.DBus; member=NameOwnerChanged
   string ":1.352"
   string ":1.352"
   string ""
signal time=1788730821.322922 sender=:1.2 -> destination=(null destination) serial=393 path=/org/a11y/atspi/registry; interface=org.a11y.atspi.Registry; member=EventListenerDeregistered
   string ":1.352"
   string ""
signal time=1788730821.326745 sender=org.freedesktop.DBus -> destination=(null destination) serial=705 path=/org/freedesktop/DBus; interface=org.freedesktop.DBus; member=NameOwnerChanged
   string ":1.353"
   string ""
   string ":1.353"
signal time=1788730821.326771 sender=org.freedesktop.DBus -> destination=:1.353 serial=2 path=/org/freedesktop/DBus; interface=org.freedesktop.DBus; member=NameAcquired
   string ":1.353"
signal time=1788730821.328188 sender=org.freedesktop.DBus -> destination=:1.353 serial=3 path=/org/freedesktop/DBus; interface=org.freedesktop.DBus; member=NameLost
   string ":1.353"
signal time=1788730821.328205 sender=org.freedesktop.DBus -> destination=(null destination) serial=706 path=/org/freedesktop/DBus; interface=org.freedesktop.DBus; member=NameOwnerChanged
   string ":1.353"
   string ":1.353"
   string ""
signal time=1788730821.328260 sender=:1.2 -> destination=(null destination) serial=394 path=/org/a11y/atspi/registry; interface=org.a11y.atspi.Registry; member=EventListenerDeregistered
   string ":1.353"
   string ""
signal time=1788730821.331975 sender=org.freedesktop.DBus -> destination=(null destination) serial=707 path=/org/freedesktop/DBus; interface=org.freedesktop.DBus; member=NameOwnerChanged
   string ":1.354"
   string ""
   string ":1.354"
signal time=1788730821.332010 sender=org.freedesktop.DBus -> destination=:1.354 serial=2 path=/org/freedesktop/DBus; interface=org.freedesktop.DBus; member=NameAcquired
   string ":1.354"
signal time=1788730821.333296 sender=org.freedesktop.DBus -> destination=:1.354 serial=3 path=/org/freedesktop/DBus; interface=org.freedesktop.DBus; member=NameLost
   string ":1.354"
signal time=1788730821.333315 sender=org.freedesktop.DBus -> destination=(null destination) serial=708 path=/org/freedesktop/DBus; interface=org.freedesktop.DBus; member=NameOwnerChanged
   string ":1.354"
   string ":1.354"
   string ""
signal time=1788730821.333386 sender=:1.2 -> destination=(null destination) serial=395 path=/org/a11y/atspi/registry; interface=org.a11y.atspi.Registry; member=EventListenerDeregistered
   string ":1.354"
   string ""
signal time=1788730821.337059 sender=org.freedesktop.DBus -> destination=(null destination) serial=709 path=/org/freedesktop/DBus; interface=org.freedesktop.DBus; member=NameOwnerChanged
   string ":1.355"
   string ""
   string ":1.355"
signal time=1788730821.337096 sender=org.freedesktop.DBus -> destination=:1.355 serial=2 path=/org/freedesktop/DBus; interface=org.freedesktop.DBus; member=NameAcquired
   string ":1.355"
signal time=1788730821.338483 sender=org.freedesktop.DBus -> destination=:1.355 serial=3 path=/org/freedesktop/DBus; interface=org.freedesktop.DBus; member=NameLost
   string ":1.355"
signal time=1788730821.338506 sender=org.freedesktop.DBus -> destination=(null destination) serial=710 path=/org/freedesktop/DBus; interface=org.freedesktop.DBus; member=NameOwnerChanged
   string ":1.355"
   string ":1.355"
   string ""
signal time=1788730821.338551 sender=:1.2 -> destination=(null destination) serial=396 path=/org/a11y/atspi/registry; interface=org.a11y.atspi.Registry; member=EventListenerDeregistered
   string ":1.355"
   string ""
signal time=1788730821.341950 sender=org.freedesktop.DBus -> destination=(null destination) serial=711 path=/org/freedesktop/DBus; interface=org.freedesktop.DBus; member=NameOwnerChanged
   string ":1.356"
   string ""
   string ":1.356"
signal time=1788730821.341977 sender=org.freedesktop.DBus -> destination=:1.356 serial=2 path=/org/freedesktop/DBus; interface=org.freedesktop.DBus; member=NameAcquired
   string ":1.356"
signal time=1788730821.343310 sender=org.freedesktop.DBus -> destination=:1.356 serial=3 path=/org/freedesktop/DBus; interface=org.freedesktop.DBus; member=NameLost
   string ":1.356"
signal time=1788730821.343329 sender=org.freedesktop.DBus -> destination=(null destination) serial=712 path=/org/freedesktop/DBus; interface=org.freedesktop.DBus; member=NameOwnerChanged
   string ":1.356"
   string ":1.356"
   string ""
signal time=1788730821.343416 sender=:1.2 -> destination=(null destination) serial=397 path=/org/a11y/atspi/registry; interface=org.a11y.atspi.Registry; member=EventListenerDeregistered
   string ":1.356"
   string ""
signal time=1788730821.347204 sender=org.freedesktop.DBus -> destination=(null destination) serial=713 path=/org/freedesktop/DBus; interface=org.freedesktop.DBus; member=NameOwnerChanged
   string ":1.357"
   string ""
   string ":1.357"
signal time=1788730821.347237 sender=org.freedesktop.DBus -> destination=:1.357 serial=2 path=/org/freedesktop/DBus; interface=org.freedesktop.DBus; member=NameAcquired
   string ":1.357"
signal time=1788730821.348335 sender=org.freedesktop.DBus -> destination=:1.357 serial=3 path=/org/freedesktop/DBus; interface=org.freedesktop.DBus; member=NameLost
   string ":1.357"
signal time=1788730821.348356 sender=org.freedesktop.DBus -> destination=(null destination) serial=714 path=/org/freedesktop/DBus; interface=org.freedesktop.DBus; member=NameOwnerChanged
   string ":1.357"
   string ":1.357"
   string ""
signal time=1788730821.348462 sender=:1.2 -> destination=(null destination) serial=398 path=/org/a11y/atspi/registry; interface=org.a11y.atspi.Registry; member=EventListenerDeregistered
   string ":1.357"
   string ""
signal time=1788730821.352522 sender=org.freedesktop.DBus -> destination=(null destination) serial=715 path=/org/freedesktop/DBus; interface=org.freedesktop.DBus; member=NameOwnerChanged
   string ":1.358"
   string ""
   string ":1.358"
signal time=1788730821.352549 sender=org.freedesktop.DBus -> destination=:1.358 serial=2 path=/org/freedesktop/DBus; interface=org.freedesktop.DBus; member=NameAcquired
   string ":1.358"
signal time=1788730821.353830 sender=org.freedesktop.DBus -> destination=:1.358 serial=3 path=/org/freedesktop/DBus; interface=org.freedesktop.DBus; member=NameLost
   string ":1.358"
signal time=1788730821.353847 sender=org.freedesktop.DBus -> destination=(null destination) serial=716 path=/org/freedesktop/DBus; interface=org.freedesktop.DBus; member=NameOwnerChanged
   string ":1.358"
   string ":1.358"
   string ""
signal time=1788730821.353954 sender=:1.2 -> destination=(null destination) serial=399 path=/org/a11y/atspi/registry; interface=org.a11y.atspi.Registry; member=EventListenerDeregistered
   string ":1.358"
   string ""
signal time=1788730821.357425 sender=org.freedesktop.DBus -> destination=(null destination) serial=717 path=/org/freedesktop/DBus; interface=org.freedesktop.DBus; member=NameOwnerChanged
   string ":1.359"
   string ""
   string ":1.359"
signal time=1788730821.357444 sender=org.freedesktop.DBus -> destination=:1.359 serial=2 path=/org/freedesktop/DBus; interface=org.freedesktop.DBus; member=NameAcquired
   string ":1.359"
signal time=1788730821.358662 sender=org.freedesktop.DBus -> destination=:1.359 serial=3 path=/org/freedesktop/DBus; interface=org.freedesktop.DBus; member=NameLost
   string ":1.359"
signal time=1788730821.358680 sender=org.freedesktop.DBus -> destination=(null destination) serial=718 path=/org/freedesktop/DBus; interface=org.freedesktop.DBus; member=NameOwnerChanged
   string ":1.359"
   string ":1.359"
   string ""
signal time=1788730821.358800 sender=:1.2 -> destination=(null destination) serial=400 path=/org/a11y/atspi/registry; interface=org.a11y.atspi.Registry; member=EventListenerDeregistered
   string ":1.359"
   string ""
signal time=1788730821.362099 sender=org.freedesktop.DBus -> destination=(null destination) serial=719 path=/org/freedesktop/DBus; interface=org.freedesktop.DBus; member=NameOwnerChanged
   string ":1.360"
   string ""
   string ":1.360"
signal time=1788730821.362122 sender=org.freedesktop.DBus -> destination=:1.360 serial=2 path=/org/freedesktop/DBus; interface=org.freedesktop.DBus; member=NameAcquired
   string ":1.360"
signal time=1788730821.363580 sender=org.freedesktop.DBus -> destination=:1.360 serial=3 path=/org/freedesktop/DBus; interface=org.freedesktop.DBus; member=NameLost
   string ":1.360"
signal time=1788730821.363596 sender=org.freedesktop.DBus -> destination=(null destination) serial=720 path=/org/freedesktop/DBus; interface=org.freedesktop.DBus; member=NameOwnerChanged
   string ":1.360"
   string ":1.360"
   string ""
signal time=1788730821.363681 sender=:1.2 -> destination=(null destination) serial=401 path=/org/a11y/atspi/registry; interface=org.a11y.atspi.Registry; member=EventListenerDeregistered
   string ":1.360"
   string ""
signal time=1788730821.367465 sender=org.freedesktop.DBus -> destination=(null destination) serial=721 path=/org/freedesktop/DBus; interface=org.freedesktop.DBus; member=NameOwnerChanged
   string ":1.361"
   string ""
   string ":1.361"
signal time=1788730821.367490 sender=org.freedesktop.DBus -> destination=:1.361 serial=2 path=/org/freedesktop/DBus; interface=org.freedesktop.DBus; member=NameAcquired
   string ":1.361"
signal time=1788730821.368666 sender=org.freedesktop.DBus -> destination=:1.361 serial=3 path=/org/freedesktop/DBus; interface=org.freedesktop.DBus; member=NameLost
   string ":1.361"
signal time=1788730821.368681 sender=org.freedesktop.DBus -> destination=(null destination) serial=722 path=/org/freedesktop/DBus; interface=org.freedesktop.DBus; member=NameOwnerChanged
   string ":1.361"
   string ":1.361"
   string ""
signal time=1788730821.368793 sender=:1.2 -> destination=(null destination) serial=402 path=/org/a11y/atspi/registry; interface=org.a11y.atspi.Registry; member=EventListenerDeregistered
   string ":1.361"
   string ""
signal time=1788730821.372878 sender=org.freedesktop.DBus -> destination=(null destination) serial=723 path=/org/freedesktop/DBus; interface=org.freedesktop.DBus; member=NameOwnerChanged
   string ":1.362"
   string ""
   string ":1.362"
signal time=1788730821.372915 sender=org.freedesktop.DBus -> destination=:1.362 serial=2 path=/org/freedesktop/DBus; interface=org.freedesktop.DBus; member=NameAcquired
   string ":1.362"
signal time=1788730821.374404 sender=org.freedesktop.DBus -> destination=:1.362 serial=3 path=/org/freedesktop/DBus; interface=org.freedesktop.DBus; member=NameLost
   string ":1.362"
signal time=1788730821.374427 sender=org.freedesktop.DBus -> destination=(null destination) serial=724 path=/org/freedesktop/DBus; interface=org.freedesktop.DBus; member=NameOwnerChanged
   string ":1.362"
   string ":1.362"
   string ""
signal time=1788730821.374497 sender=:1.2 -> destination=(null destination) serial=403 path=/org/a11y/atspi/registry; interface=org.a11y.atspi.Registry; member=EventListenerDeregistered
   string ":1.362"
   string ""
signal time=1788730821.378468 sender=org.freedesktop.DBus -> destination=(null destination) serial=725 path=/org/freedesktop/DBus; interface=org.freedesktop.DBus; member=NameOwnerChanged
   string ":1.363"
   string ""
   string ":1.363"
signal time=1788730821.378495 sender=org.freedesktop.DBus -> destination=:1.363 serial=2 path=/org/freedesktop/DBus; interface=org.freedesktop.DBus; member=NameAcquired
   string ":1.363"
signal time=1788730821.380243 sender=org.freedesktop.DBus -> destination=:1.363 serial=3 path=/org/freedesktop/DBus; interface=org.freedesktop.DBus; member=NameLost
   string ":1.363"
signal time=1788730821.380262 sender=org.freedesktop.DBus -> destination=(null destination) serial=726 path=/org/freedesktop/DBus; interface=org.freedesktop.DBus; member=NameOwnerChanged
   string ":1.363"
   string ":1.363"
   string ""
signal time=1788730821.380376 sender=:1.2 -> destination=(null destination) serial=404 path=/org/a11y/atspi/registry; interface=org.a11y.atspi.Registry; member=EventListenerDeregistered
   string ":1.363"
   string ""
signal time=1788730821.384434 sender=org.freedesktop.DBus -> destination=(null destination) serial=727 path=/org/freedesktop/DBus; interface=org.freedesktop.DBus; member=NameOwnerChanged
   string ":1.364"
   string ""
   string ":1.364"
signal time=1788730821.384510 sender=org.freedesktop.DBus -> destination=:1.364 serial=2 path=/org/freedesktop/DBus; interface=org.freedesktop.DBus; member=NameAcquired
   string ":1.364"
signal time=1788730821.385622 sender=org.freedesktop.DBus -> destination=:1.364 serial=3 path=/org/freedesktop/DBus; interface=org.freedesktop.DBus; member=NameLost
   string ":1.364"
signal time=1788730821.385692 sender=org.freedesktop.DBus -> destination=(null destination) serial=728 path=/org/freedesktop/DBus; interface=org.freedesktop.DBus; member=NameOwnerChanged
   string ":1.364"
   string ":1.364"
   string ""
signal time=1788730821.385762 sender=:1.2 -> destination=(null destination) serial=405 path=/org/a11y/atspi/registry; interface=org.a11y.atspi.Registry; member=EventListenerDeregistered
   string ":1.364"
   string ""
signal time=1788730821.390611 sender=org.freedesktop.DBus -> destination=(null destination) serial=729 path=/org/freedesktop/DBus; interface=org.freedesktop.DBus; member=NameOwnerChanged
   string ":1.365"
   string ""
   string ":1.365"
signal time=1788730821.390641 sender=org.freedesktop.DBus -> destination=:1.365 serial=2 path=/org/freedesktop/DBus; interface=org.freedesktop.DBus; member=NameAcquired
   string ":1.365"
signal time=1788730821.391832 sender=org.freedesktop.DBus -> destination=:1.365 serial=3 path=/org/freedesktop/DBus; interface=org.freedesktop.DBus; member=NameLost
   string ":1.365"
signal time=1788730821.391850 sender=org.freedesktop.DBus -> destination=(null destination) serial=730 path=/org/freedesktop/DBus; interface=org.freedesktop.DBus; member=NameOwnerChanged
   string ":1.365"
   string ":1.365"
   string ""
signal time=1788730821.391953 sender=:1.2 -> destination=(null destination) serial=406 path=/org/a11y/atspi/registry; interface=org.a11y.atspi.Registry; member=EventListenerDeregistered
   string ":1.365"
   string ""
signal time=1788730821.396388 sender=org.freedesktop.DBus -> destination=(null destination) serial=731 path=/org/freedesktop/DBus; interface=org.freedesktop.DBus; member=NameOwnerChanged
   string ":1.366"
   string ""
   string ":1.366"
signal time=1788730821.396426 sender=org.freedesktop.DBus -> destination=:1.366 serial=2 path=/org/freedesktop/DBus; interface=org.freedesktop.DBus; member=NameAcquired
   string ":1.366"
signal time=1788730821.398123 sender=org.freedesktop.DBus -> destination=:1.366 serial=3 path=/org/freedesktop/DBus; interface=org.freedesktop.DBus; member=NameLost
   string ":1.366"
signal time=1788730821.398169 sender=org.freedesktop.DBus -> destination=(null destination) serial=732 path=/org/freedesktop/DBus; interface=org.freedesktop.DBus; member=NameOwnerChanged
   string ":1.366"
   string ":1.366"
   string ""
signal time=1788730821.398227 sender=:1.2 -> destination=(null destination) serial=407 path=/org/a11y/atspi/registry; interface=org.a11y.atspi.Registry; member=EventListenerDeregistered
   string ":1.366"
   string ""
signal time=1788730821.403129 sender=org.freedesktop.DBus -> destination=(null destination) serial=733 path=/org/freedesktop/DBus; interface=org.freedesktop.DBus; member=NameOwnerChanged
   string ":1.367"
   string ""
   string ":1.367"
signal time=1788730821.403170 sender=org.freedesktop.DBus -> destination=:1.367 serial=2 path=/org/freedesktop/DBus; interface=org.freedesktop.DBus; member=NameAcquired
   string ":1.367"
signal time=1788730821.404722 sender=org.freedesktop.DBus -> destination=:1.367 serial=3 path=/org/freedesktop/DBus; interface=org.freedesktop.DBus; member=NameLost
   string ":1.367"
signal time=1788730821.404739 sender=org.freedesktop.DBus -> destination=(null destination) serial=734 path=/org/freedesktop/DBus; interface=org.freedesktop.DBus; member=NameOwnerChanged
   string ":1.367"
   string ":1.367"
   string ""
signal time=1788730821.404803 sender=:1.2 -> destination=(null destination) serial=408 path=/org/a11y/atspi/registry; interface=org.a11y.atspi.Registry; member=EventListenerDeregistered
   string ":1.367"
   string ""
signal time=1788730821.408642 sender=org.freedesktop.DBus -> destination=(null destination) serial=735 path=/org/freedesktop/DBus; interface=org.freedesktop.DBus; member=NameOwnerChanged
   string ":1.368"
   string ""
   string ":1.368"
signal time=1788730821.408675 sender=org.freedesktop.DBus -> destination=:1.368 serial=2 path=/org/freedesktop/DBus; interface=org.freedesktop.DBus; member=NameAcquired
   string ":1.368"
signal time=1788730821.409768 sender=org.freedesktop.DBus -> destination=:1.368 serial=3 path=/org/freedesktop/DBus; interface=org.freedesktop.DBus; member=NameLost
   string ":1.368"
signal time=1788730821.409790 sender=org.freedesktop.DBus -> destination=(null destination) serial=736 path=/org/freedesktop/DBus; interface=org.freedesktop.DBus; member=NameOwnerChanged
   string ":1.368"
   string ":1.368"
   string ""
signal time=1788730821.409914 sender=:1.2 -> destination=(null destination) serial=409 path=/org/a11y/atspi/registry; interface=org.a11y.atspi.Registry; member=EventListenerDeregistered
   string ":1.368"
   string ""
signal time=1788730821.413693 sender=org.freedesktop.DBus -> destination=(null destination) serial=737 path=/org/freedesktop/DBus; interface=org.freedesktop.DBus; member=NameOwnerChanged
   string ":1.369"
   string ""
   string ":1.369"
signal time=1788730821.413720 sender=org.freedesktop.DBus -> destination=:1.369 serial=2 path=/org/freedesktop/DBus; interface=org.freedesktop.DBus; member=NameAcquired
   string ":1.369"
signal time=1788730821.415461 sender=org.freedesktop.DBus -> destination=:1.369 serial=3 path=/org/freedesktop/DBus; interface=org.freedesktop.DBus; member=NameLost
   string ":1.369"
signal time=1788730821.415477 sender=org.freedesktop.DBus -> destination=(null destination) serial=738 path=/org/freedesktop/DBus; interface=org.freedesktop.DBus; member=NameOwnerChanged
   string ":1.369"
   string ":1.369"
   string ""
signal time=1788730821.415626 sender=:1.2 -> destination=(null destination) serial=410 path=/org/a11y/atspi/registry; interface=org.a11y.atspi.Registry; member=EventListenerDeregistered
   string ":1.369"
   string ""
signal time=1788730821.419246 sender=org.freedesktop.DBus -> destination=(null destination) serial=739 path=/org/freedesktop/DBus; interface=org.freedesktop.DBus; member=NameOwnerChanged
   string ":1.370"
   string ""
   string ":1.370"
signal time=1788730821.419273 sender=org.freedesktop.DBus -> destination=:1.370 serial=2 path=/org/freedesktop/DBus; interface=org.freedesktop.DBus; member=NameAcquired
   string ":1.370"
signal time=1788730821.420985 sender=org.freedesktop.DBus -> destination=:1.370 serial=3 path=/org/freedesktop/DBus; interface=org.freedesktop.DBus; member=NameLost
   string ":1.370"
signal time=1788730821.421006 sender=org.freedesktop.DBus -> destination=(null destination) serial=740 path=/org/freedesktop/DBus; interface=org.freedesktop.DBus; member=NameOwnerChanged
   string ":1.370"
   string ":1.370"
   string ""
signal time=1788730821.421142 sender=:1.2 -> destination=(null destination) serial=411 path=/org/a11y/atspi/registry; interface=org.a11y.atspi.Registry; member=EventListenerDeregistered
   string ":1.370"
   string ""
signal time=1788730821.424702 sender=org.freedesktop.DBus -> destination=(null destination) serial=741 path=/org/freedesktop/DBus; interface=org.freedesktop.DBus; member=NameOwnerChanged
   string ":1.371"
   string ""
   string ":1.371"
signal time=1788730821.424733 sender=org.freedesktop.DBus -> destination=:1.371 serial=2 path=/org/freedesktop/DBus; interface=org.freedesktop.DBus; member=NameAcquired
   string ":1.371"
signal time=1788730821.426340 sender=org.freedesktop.DBus -> destination=:1.371 serial=3 path=/org/freedesktop/DBus; interface=org.freedesktop.DBus; member=NameLost
   string ":1.371"
signal time=1788730821.426359 sender=org.freedesktop.DBus -> destination=(null destination) serial=742 path=/org/freedesktop/DBus; interface=org.freedesktop.DBus; member=NameOwnerChanged
   string ":1.371"
   string ":1.371"
   string ""
signal time=1788730821.426494 sender=:1.2 -> destination=(null destination) serial=412 path=/org/a11y/atspi/registry; interface=org.a11y.atspi.Registry; member=EventListenerDeregistered
   string ":1.371"
   string ""
signal time=1788730821.430496 sender=org.freedesktop.DBus -> destination=(null destination) serial=743 path=/org/freedesktop/DBus; interface=org.freedesktop.DBus; member=NameOwnerChanged
   string ":1.372"
   string ""
   string ":1.372"
signal time=1788730821.430531 sender=org.freedesktop.DBus -> destination=:1.372 serial=2 path=/org/freedesktop/DBus; interface=org.freedesktop.DBus; member=NameAcquired
   string ":1.372"
signal time=1788730821.432104 sender=org.freedesktop.DBus -> destination=:1.372 serial=3 path=/org/freedesktop/DBus; interface=org.freedesktop.DBus; member=NameLost
   string ":1.372"
signal time=1788730821.432125 sender=org.freedesktop.DBus -> destination=(null destination) serial=744 path=/org/freedesktop/DBus; interface=org.freedesktop.DBus; member=NameOwnerChanged
   string ":1.372"
   string ":1.372"
   string ""
signal time=1788730821.432195 sender=:1.2 -> destination=(null destination) serial=413 path=/org/a11y/atspi/registry; interface=org.a11y.atspi.Registry; member=EventListenerDeregistered
   string ":1.372"
   string ""
signal time=1788730821.435835 sender=org.freedesktop.DBus -> destination=(null destination) serial=745 path=/org/freedesktop/DBus; interface=org.freedesktop.DBus; member=NameOwnerChanged
   string ":1.373"
   string ""
   string ":1.373"
signal time=1788730821.435867 sender=org.freedesktop.DBus -> destination=:1.373 serial=2 path=/org/freedesktop/DBus; interface=org.freedesktop.DBus; member=NameAcquired
   string ":1.373"
signal time=1788730821.437345 sender=org.freedesktop.DBus -> destination=:1.373 serial=3 path=/org/freedesktop/DBus; interface=org.freedesktop.DBus; member=NameLost
   string ":1.373"
signal time=1788730821.437362 sender=org.freedesktop.DBus -> destination=(null destination) serial=746 path=/org/freedesktop/DBus; interface=org.freedesktop.DBus; member=NameOwnerChanged
   string ":1.373"
   string ":1.373"
   string ""
signal time=1788730821.437443 sender=:1.2 -> destination=(null destination) serial=414 path=/org/a11y/atspi/registry; interface=org.a11y.atspi.Registry; member=EventListenerDeregistered
   string ":1.373"
   string ""
signal time=1788730821.441310 sender=org.freedesktop.DBus -> destination=(null destination) serial=747 path=/org/freedesktop/DBus; interface=org.freedesktop.DBus; member=NameOwnerChanged
   string ":1.374"
   string ""
   string ":1.374"
signal time=1788730821.441339 sender=org.freedesktop.DBus -> destination=:1.374 serial=2 path=/org/freedesktop/DBus; interface=org.freedesktop.DBus; member=NameAcquired
   string ":1.374"
signal time=1788730821.442525 sender=org.freedesktop.DBus -> destination=:1.374 serial=3 path=/org/freedesktop/DBus; interface=org.freedesktop.DBus; member=NameLost
   string ":1.374"
signal time=1788730821.442546 sender=org.freedesktop.DBus -> destination=(null destination) serial=748 path=/org/freedesktop/DBus; interface=org.freedesktop.DBus; member=NameOwnerChanged
   string ":1.374"
   string ":1.374"
   string ""
signal time=1788730821.442613 sender=:1.2 -> destination=(null destination) serial=415 path=/org/a11y/atspi/registry; interface=org.a11y.atspi.Registry; member=EventListenerDeregistered
   string ":1.374"
   string ""
signal time=1788730821.446592 sender=org.freedesktop.DBus -> destination=(null destination) serial=749 path=/org/freedesktop/DBus; interface=org.freedesktop.DBus; member=NameOwnerChanged
   string ":1.375"
   string ""
   string ":1.375"
signal time=1788730821.446621 sender=org.freedesktop.DBus -> destination=:1.375 serial=2 path=/org/freedesktop/DBus; interface=org.freedesktop.DBus; member=NameAcquired
   string ":1.375"
signal time=1788730821.448144 sender=org.freedesktop.DBus -> destination=:1.375 serial=3 path=/org/freedesktop/DBus; interface=org.freedesktop.DBus; member=NameLost
   string ":1.375"
signal time=1788730821.448165 sender=org.freedesktop.DBus -> destination=(null destination) serial=750 path=/org/freedesktop/DBus; interface=org.freedesktop.DBus; member=NameOwnerChanged
   string ":1.375"
   string ":1.375"
   string ""
signal time=1788730821.448223 sender=:1.2 -> destination=(null destination) serial=416 path=/org/a11y/atspi/registry; interface=org.a11y.atspi.Registry; member=EventListenerDeregistered
   string ":1.375"
   string ""
signal time=1788730821.452157 sender=org.freedesktop.DBus -> destination=(null destination) serial=751 path=/org/freedesktop/DBus; interface=org.freedesktop.DBus; member=NameOwnerChanged
   string ":1.376"
   string ""
   string ":1.376"
signal time=1788730821.452189 sender=org.freedesktop.DBus -> destination=:1.376 serial=2 path=/org/freedesktop/DBus; interface=org.freedesktop.DBus; member=NameAcquired
   string ":1.376"
signal time=1788730821.453380 sender=org.freedesktop.DBus -> destination=:1.376 serial=3 path=/org/freedesktop/DBus; interface=org.freedesktop.DBus; member=NameLost
   string ":1.376"
signal time=1788730821.453398 sender=org.freedesktop.DBus -> destination=(null destination) serial=752 path=/org/freedesktop/DBus; interface=org.freedesktop.DBus; member=NameOwnerChanged
   string ":1.376"
   string ":1.376"
   string ""
signal time=1788730821.453474 sender=:1.2 -> destination=(null destination) serial=417 path=/org/a11y/atspi/registry; interface=org.a11y.atspi.Registry; member=EventListenerDeregistered
   string ":1.376"
   string ""
signal time=1788730821.457206 sender=org.freedesktop.DBus -> destination=(null destination) serial=753 path=/org/freedesktop/DBus; interface=org.freedesktop.DBus; member=NameOwnerChanged
   string ":1.377"
   string ""
   string ":1.377"
signal time=1788730821.457236 sender=org.freedesktop.DBus -> destination=:1.377 serial=2 path=/org/freedesktop/DBus; interface=org.freedesktop.DBus; member=NameAcquired
   string ":1.377"
signal time=1788730821.458524 sender=org.freedesktop.DBus -> destination=:1.377 serial=3 path=/org/freedesktop/DBus; interface=org.freedesktop.DBus; member=NameLost
   string ":1.377"
signal time=1788730821.458545 sender=org.freedesktop.DBus -> destination=(null destination) serial=754 path=/org/freedesktop/DBus; interface=org.freedesktop.DBus; member=NameOwnerChanged
   string ":1.377"
   string ":1.377"
   string ""
signal time=1788730821.458664 sender=:1.2 -> destination=(null destination) serial=418 path=/org/a11y/atspi/registry; interface=org.a11y.atspi.Registry; member=EventListenerDeregistered
   string ":1.377"
   string ""
signal time=1788730821.462209 sender=org.freedesktop.DBus -> destination=(null destination) serial=755 path=/org/freedesktop/DBus; interface=org.freedesktop.DBus; member=NameOwnerChanged
   string ":1.378"
   string ""
   string ":1.378"
signal time=1788730821.462239 sender=org.freedesktop.DBus -> destination=:1.378 serial=2 path=/org/freedesktop/DBus; interface=org.freedesktop.DBus; member=NameAcquired
   string ":1.378"
signal time=1788730821.463922 sender=org.freedesktop.DBus -> destination=:1.378 serial=3 path=/org/freedesktop/DBus; interface=org.freedesktop.DBus; member=NameLost
   string ":1.378"
signal time=1788730821.463944 sender=org.freedesktop.DBus -> destination=(null destination) serial=756 path=/org/freedesktop/DBus; interface=org.freedesktop.DBus; member=NameOwnerChanged
   string ":1.378"
   string ":1.378"
   string ""
signal time=1788730821.463997 sender=:1.2 -> destination=(null destination) serial=419 path=/org/a11y/atspi/registry; interface=org.a11y.atspi.Registry; member=EventListenerDeregistered
   string ":1.378"
   string ""
signal time=1788730821.467716 sender=org.freedesktop.DBus -> destination=(null destination) serial=757 path=/org/freedesktop/DBus; interface=org.freedesktop.DBus; member=NameOwnerChanged
   string ":1.379"
   string ""
   string ":1.379"
signal time=1788730821.467746 sender=org.freedesktop.DBus -> destination=:1.379 serial=2 path=/org/freedesktop/DBus; interface=org.freedesktop.DBus; member=NameAcquired
   string ":1.379"
signal time=1788730821.469131 sender=org.freedesktop.DBus -> destination=:1.379 serial=3 path=/org/freedesktop/DBus; interface=org.freedesktop.DBus; member=NameLost
   string ":1.379"
signal time=1788730821.469151 sender=org.freedesktop.DBus -> destination=(null destination) serial=758 path=/org/freedesktop/DBus; interface=org.freedesktop.DBus; member=NameOwnerChanged
   string ":1.379"
   string ":1.379"
   string ""
signal time=1788730821.469297 sender=:1.2 -> destination=(null destination) serial=420 path=/org/a11y/atspi/registry; interface=org.a11y.atspi.Registry; member=EventListenerDeregistered
   string ":1.379"
   string ""
signal time=1788730821.472972 sender=org.freedesktop.DBus -> destination=(null destination) serial=759 path=/org/freedesktop/DBus; interface=org.freedesktop.DBus; member=NameOwnerChanged
   string ":1.380"
   string ""
   string ":1.380"
signal time=1788730821.473001 sender=org.freedesktop.DBus -> destination=:1.380 serial=2 path=/org/freedesktop/DBus; interface=org.freedesktop.DBus; member=NameAcquired
   string ":1.380"
signal time=1788730821.474322 sender=org.freedesktop.DBus -> destination=:1.380 serial=3 path=/org/freedesktop/DBus; interface=org.freedesktop.DBus; member=NameLost
   string ":1.380"
signal time=1788730821.474343 sender=org.freedesktop.DBus -> destination=(null destination) serial=760 path=/org/freedesktop/DBus; interface=org.freedesktop.DBus; member=NameOwnerChanged
   string ":1.380"
   string ":1.380"
   string ""
signal time=1788730821.474403 sender=:1.2 -> destination=(null destination) serial=421 path=/org/a11y/atspi/registry; interface=org.a11y.atspi.Registry; member=EventListenerDeregistered
   string ":1.380"
   string ""
signal time=1788730821.790879 sender=:1.1 -> destination=(null destination) serial=870 path=/org/a11y/atspi/accessible/root; interface=org.a11y.atspi.Event.Object; member=Announcement
   string "Action refused. Error: View / Layer Visibility: Layer Visibility menu action is unavailable in this build."
   int32 1
   int32 0
   variant       string "Action refused. Error: View / Layer Visibility: Layer Visibility menu action is unavailable in this build."
   array [
   ]
signal time=1788730821.794792 sender=:1.1 -> destination=(null destination) serial=871 path=/org/a11y/atspi/accessible/menus/n6d656e753a56696577; interface=org.a11y.atspi.Event.Object; member=ChildrenChanged
   string "remove"
   int32 21
   int32 0
   variant       struct {
         string ":1.1"
         object path "/org/a11y/atspi/accessible/menus/n6d656e753a566965772f766965772e636f6e736f6c655f686973746f7279"
      }
   array [
   ]
signal time=1788730821.794951 sender=:1.1 -> destination=(null destination) serial=872 path=/org/a11y/atspi/accessible/menus/n6d656e753a56696577; interface=org.a11y.atspi.Event.Object; member=ChildrenChanged
   string "remove"
   int32 20
   int32 0
   variant       struct {
         string ":1.1"
         object path "/org/a11y/atspi/accessible/menus/n6d656e753a566965772f766965772e637572736f722e6e6f6e65"
      }
   array [
   ]
signal time=1788730821.795079 sender=:1.1 -> destination=(null destination) serial=873 path=/org/a11y/atspi/accessible/menus/n6d656e753a56696577; interface=org.a11y.atspi.Event.Object; member=ChildrenChanged
   string "remove"
   int32 19
   int32 0
   variant       struct {
         string ":1.1"
         object path "/org/a11y/atspi/accessible/menus/n6d656e753a566965772f766965772e637572736f722e736d616c6c"
      }
   array [
   ]
signal time=1788730821.795177 sender=:1.1 -> destination=(null destination) serial=874 path=/org/a11y/atspi/accessible/menus/n6d656e753a56696577; interface=org.a11y.atspi.Event.Object; member=ChildrenChanged
   string "remove"
   int32 18
   int32 0
   variant       struct {
         string ":1.1"
         object path "/org/a11y/atspi/accessible/menus/n6d656e753a566965772f766965772e637572736f722e66756c6c"
      }
   array [
   ]
signal time=1788730821.795272 sender=:1.1 -> destination=(null destination) serial=875 path=/org/a11y/atspi/accessible/menus/n6d656e753a56696577; interface=org.a11y.atspi.Event.Object; member=ChildrenChanged
   string "remove"
   int32 17
   int32 0
   variant       struct {
         string ":1.1"
         object path "/org/a11y/atspi/accessible/menus/n6d656e753a566965772f766965772e7072657365745f626f6172645f736368656d61746963"
      }
   array [
   ]
signal time=1788730821.795362 sender=:1.1 -> destination=(null destination) serial=876 path=/org/a11y/atspi/accessible/menus/n6d656e753a56696577; interface=org.a11y.atspi.Event.Object; member=ChildrenChanged
   string "remove"
   int32 16
   int32 0
   variant       struct {
         string ":1.1"
         object path "/org/a11y/atspi/accessible/menus/n6d656e753a566965772f766965772e7072657365745f73696e676c65"
      }
   array [
   ]
signal time=1788730821.795450 sender=:1.1 -> destination=(null destination) serial=877 path=/org/a11y/atspi/accessible/menus/n6d656e753a56696577; interface=org.a11y.atspi.Event.Object; member=ChildrenChanged
   string "remove"
   int32 15
   int32 0
   variant       struct {
         string ":1.1"
         object path "/org/a11y/atspi/accessible/menus/n6d656e753a566965772f766965772e66696c6c5f736368656d61746963"
      }
   array [
   ]
signal time=1788730821.795546 sender=:1.1 -> destination=(null destination) serial=878 path=/org/a11y/atspi/accessible/menus/n6d656e753a56696577; interface=org.a11y.atspi.Event.Object; member=ChildrenChanged
   string "remove"
   int32 14
   int32 0
   variant       struct {
         string ":1.1"
         object path "/org/a11y/atspi/accessible/menus/n6d656e753a566965772f766965772e66696c6c5f626f617264"
      }
   array [
   ]
signal time=1788730821.795640 sender=:1.1 -> destination=(null destination) serial=879 path=/org/a11y/atspi/accessible/menus/n6d656e753a56696577; interface=org.a11y.atspi.Event.Object; member=ChildrenChanged
   string "remove"
   int32 13
   int32 0
   variant       struct {
         string ":1.1"
         object path "/org/a11y/atspi/accessible/menus/n6d656e753a566965772f766965772e666f6375735f70726576"
      }
   array [
   ]
signal time=1788730821.795740 sender=:1.1 -> destination=(null destination) serial=880 path=/org/a11y/atspi/accessible/menus/n6d656e753a56696577; interface=org.a11y.atspi.Event.Object; member=ChildrenChanged
   string "remove"
   int32 12
   int32 0
   variant       struct {
         string ":1.1"
         object path "/org/a11y/atspi/accessible/menus/n6d656e753a566965772f766965772e666f6375735f6e657874"
      }
   array [
   ]
signal time=1788730821.796344 sender=:1.1 -> destination=(null destination) serial=881 path=/org/a11y/atspi/accessible/menus/n6d656e753a56696577; interface=org.a11y.atspi.Event.Object; member=ChildrenChanged
   string "remove"
   int32 11
   int32 0
   variant       struct {
         string ":1.1"
         object path "/org/a11y/atspi/accessible/menus/n6d656e753a566965772f766965772e6d6178696d697a655f70616e65"
      }
   array [
   ]
signal time=1788730821.796473 sender=:1.1 -> destination=(null destination) serial=882 path=/org/a11y/atspi/accessible/menus/n6d656e753a56696577; interface=org.a11y.atspi.Event.Object; member=ChildrenChanged
   string "remove"
   int32 10
   int32 0
   variant       struct {
         string ":1.1"
         object path "/org/a11y/atspi/accessible/menus/n6d656e753a566965772f766965772e636c6f73655f70616e65"
      }
   array [
   ]
signal time=1788730821.796576 sender=:1.1 -> destination=(null destination) serial=883 path=/org/a11y/atspi/accessible/menus/n6d656e753a56696577; interface=org.a11y.atspi.Event.Object; member=ChildrenChanged
   string "remove"
   int32 9
   int32 0
   variant       struct {
         string ":1.1"
         object path "/org/a11y/atspi/accessible/menus/n6d656e753a566965772f766965772e73706c69745f686f72697a6f6e74616c"
      }
   array [
   ]
signal time=1788730821.796672 sender=:1.1 -> destination=(null destination) serial=884 path=/org/a11y/atspi/accessible/menus/n6d656e753a56696577; interface=org.a11y.atspi.Event.Object; member=ChildrenChanged
   string "remove"
   int32 8
   int32 0
   variant       struct {
         string ":1.1"
         object path "/org/a11y/atspi/accessible/menus/n6d656e753a566965772f766965772e73706c69745f766572746963616c"
      }
   array [
   ]
signal time=1788730821.796768 sender=:1.1 -> destination=(null destination) serial=885 path=/org/a11y/atspi/accessible/menus/n6d656e753a56696577; interface=org.a11y.atspi.Event.Object; member=ChildrenChanged
   string "remove"
   int32 7
   int32 0
   variant       struct {
         string ":1.1"
         object path "/org/a11y/atspi/accessible/menus/n6d656e753a566965772f766965772e7265736574"
      }
   array [
   ]
signal time=1788730821.796864 sender=:1.1 -> destination=(null destination) serial=886 path=/org/a11y/atspi/accessible/menus/n6d656e753a56696577; interface=org.a11y.atspi.Event.Object; member=ChildrenChanged
   string "remove"
   int32 6
   int32 0
   variant       struct {
         string ":1.1"
         object path "/org/a11y/atspi/accessible/menus/n6d656e753a566965772f766965772e70616e656c73"
      }
   array [
   ]
signal time=1788730821.796976 sender=:1.1 -> destination=(null destination) serial=887 path=/org/a11y/atspi/accessible/menus/n6d656e753a56696577; interface=org.a11y.atspi.Event.Object; member=ChildrenChanged
   string "remove"
   int32 5
   int32 0
   variant       struct {
         string ":1.1"
         object path "/org/a11y/atspi/accessible/menus/n6d656e753a566965772f766965772e6c6179657273"
      }
   array [
   ]
signal time=1788730821.797066 sender=:1.1 -> destination=(null destination) serial=888 path=/org/a11y/atspi/accessible/menus/n6d656e753a56696577; interface=org.a11y.atspi.Event.Object; member=ChildrenChanged
   string "remove"
   int32 4
   int32 0
   variant       struct {
         string ":1.1"
         object path "/org/a11y/atspi/accessible/menus/n6d656e753a566965772f766965772e66756c6c73637265656e5f7374616765"
      }
   array [
   ]
signal time=1788730821.797155 sender=:1.1 -> destination=(null destination) serial=889 path=/org/a11y/atspi/accessible/menus/n6d656e753a56696577; interface=org.a11y.atspi.Event.Object; member=ChildrenChanged
   string "remove"
   int32 3
   int32 0
   variant       struct {
         string ":1.1"
         object path "/org/a11y/atspi/accessible/menus/n6d656e753a566965772f766965772e70616e655f7a6f6f6d"
      }
   array [
   ]
signal time=1788730821.797243 sender=:1.1 -> destination=(null destination) serial=890 path=/org/a11y/atspi/accessible/menus/n6d656e753a56696577; interface=org.a11y.atspi.Event.Object; member=ChildrenChanged
   string "remove"
   int32 2
   int32 0
   variant       struct {
         string ":1.1"
         object path "/org/a11y/atspi/accessible/menus/n6d656e753a566965772f766965772e7a6f6f6d5f6f7574"
      }
   array [
   ]
signal time=1788730821.797333 sender=:1.1 -> destination=(null destination) serial=891 path=/org/a11y/atspi/accessible/menus/n6d656e753a56696577; interface=org.a11y.atspi.Event.Object; member=ChildrenChanged
   string "remove"
   int32 1
   int32 0
   variant       struct {
         string ":1.1"
         object path "/org/a11y/atspi/accessible/menus/n6d656e753a566965772f766965772e7a6f6f6d5f696e"
      }
   array [
   ]
signal time=1788730821.797446 sender=:1.1 -> destination=(null destination) serial=892 path=/org/a11y/atspi/accessible/menus/n6d656e753a56696577; interface=org.a11y.atspi.Event.Object; member=ChildrenChanged
   string "remove"
   int32 0
   int32 0
   variant       struct {
         string ":1.1"
         object path "/org/a11y/atspi/accessible/menus/n6d656e753a566965772f766965772e666974"
      }
   array [
   ]
signal time=1788730821.797535 sender=:1.1 -> destination=(null destination) serial=893 path=/org/a11y/atspi/accessible/root; interface=org.a11y.atspi.Event.Object; member=ChildrenChanged
   string "remove"
   int32 1
   int32 0
   variant       struct {
         string ":1.1"
         object path "/org/a11y/atspi/accessible/menus/n6d656e753a56696577"
      }
   array [
   ]
signal time=1788730823.196432 sender=org.freedesktop.DBus -> destination=(null destination) serial=761 path=/org/freedesktop/DBus; interface=org.freedesktop.DBus; member=NameOwnerChanged
   string ":1.381"
   string ""
   string ":1.381"
signal time=1788730823.196508 sender=org.freedesktop.DBus -> destination=:1.381 serial=2 path=/org/freedesktop/DBus; interface=org.freedesktop.DBus; member=NameAcquired
   string ":1.381"
signal time=1788730823.199677 sender=org.freedesktop.DBus -> destination=:1.381 serial=3 path=/org/freedesktop/DBus; interface=org.freedesktop.DBus; member=NameLost
   string ":1.381"
signal time=1788730823.199748 sender=org.freedesktop.DBus -> destination=(null destination) serial=762 path=/org/freedesktop/DBus; interface=org.freedesktop.DBus; member=NameOwnerChanged
   string ":1.381"
   string ":1.381"
   string ""
signal time=1788730823.200096 sender=:1.2 -> destination=(null destination) serial=424 path=/org/a11y/atspi/registry; interface=org.a11y.atspi.Registry; member=EventListenerDeregistered
   string ":1.381"
   string ""
signal time=1788730823.212461 sender=org.freedesktop.DBus -> destination=(null destination) serial=763 path=/org/freedesktop/DBus; interface=org.freedesktop.DBus; member=NameOwnerChanged
   string ":1.382"
   string ""
   string ":1.382"
signal time=1788730823.212529 sender=org.freedesktop.DBus -> destination=:1.382 serial=2 path=/org/freedesktop/DBus; interface=org.freedesktop.DBus; member=NameAcquired
   string ":1.382"
signal time=1788730823.215673 sender=org.freedesktop.DBus -> destination=:1.382 serial=5 path=/org/freedesktop/DBus; interface=org.freedesktop.DBus; member=NameLost
   string ":1.382"
signal time=1788730823.215738 sender=org.freedesktop.DBus -> destination=(null destination) serial=764 path=/org/freedesktop/DBus; interface=org.freedesktop.DBus; member=NameOwnerChanged
   string ":1.382"
   string ":1.382"
   string ""
signal time=1788730823.216348 sender=:1.2 -> destination=(null destination) serial=425 path=/org/a11y/atspi/registry; interface=org.a11y.atspi.Registry; member=EventListenerDeregistered
   string ":1.382"
   string ""
signal time=1788730823.225977 sender=org.freedesktop.DBus -> destination=(null destination) serial=765 path=/org/freedesktop/DBus; interface=org.freedesktop.DBus; member=NameOwnerChanged
   string ":1.383"
   string ""
   string ":1.383"
signal time=1788730823.226029 sender=org.freedesktop.DBus -> destination=:1.383 serial=2 path=/org/freedesktop/DBus; interface=org.freedesktop.DBus; member=NameAcquired
   string ":1.383"
signal time=1788730823.228500 sender=org.freedesktop.DBus -> destination=:1.383 serial=3 path=/org/freedesktop/DBus; interface=org.freedesktop.DBus; member=NameLost
   string ":1.383"
signal time=1788730823.228664 sender=org.freedesktop.DBus -> destination=(null destination) serial=766 path=/org/freedesktop/DBus; interface=org.freedesktop.DBus; member=NameOwnerChanged
   string ":1.383"
   string ":1.383"
   string ""
signal time=1788730823.228707 sender=:1.2 -> destination=(null destination) serial=426 path=/org/a11y/atspi/registry; interface=org.a11y.atspi.Registry; member=EventListenerDeregistered
   string ":1.383"
   string ""
signal time=1788730823.235230 sender=org.freedesktop.DBus -> destination=(null destination) serial=767 path=/org/freedesktop/DBus; interface=org.freedesktop.DBus; member=NameOwnerChanged
   string ":1.384"
   string ""
   string ":1.384"
signal time=1788730823.235287 sender=org.freedesktop.DBus -> destination=:1.384 serial=2 path=/org/freedesktop/DBus; interface=org.freedesktop.DBus; member=NameAcquired
   string ":1.384"
signal time=1788730823.236693 sender=org.freedesktop.DBus -> destination=:1.384 serial=3 path=/org/freedesktop/DBus; interface=org.freedesktop.DBus; member=NameLost
   string ":1.384"
signal time=1788730823.236724 sender=org.freedesktop.DBus -> destination=(null destination) serial=768 path=/org/freedesktop/DBus; interface=org.freedesktop.DBus; member=NameOwnerChanged
   string ":1.384"
   string ":1.384"
   string ""
signal time=1788730823.236879 sender=:1.2 -> destination=(null destination) serial=427 path=/org/a11y/atspi/registry; interface=org.a11y.atspi.Registry; member=EventListenerDeregistered
   string ":1.384"
   string ""
signal time=1788730823.241569 sender=org.freedesktop.DBus -> destination=(null destination) serial=769 path=/org/freedesktop/DBus; interface=org.freedesktop.DBus; member=NameOwnerChanged
   string ":1.385"
   string ""
   string ":1.385"
signal time=1788730823.241619 sender=org.freedesktop.DBus -> destination=:1.385 serial=2 path=/org/freedesktop/DBus; interface=org.freedesktop.DBus; member=NameAcquired
   string ":1.385"
signal time=1788730823.242858 sender=org.freedesktop.DBus -> destination=:1.385 serial=3 path=/org/freedesktop/DBus; interface=org.freedesktop.DBus; member=NameLost
   string ":1.385"
signal time=1788730823.242880 sender=org.freedesktop.DBus -> destination=(null destination) serial=770 path=/org/freedesktop/DBus; interface=org.freedesktop.DBus; member=NameOwnerChanged
   string ":1.385"
   string ":1.385"
   string ""
signal time=1788730823.243028 sender=:1.2 -> destination=(null destination) serial=428 path=/org/a11y/atspi/registry; interface=org.a11y.atspi.Registry; member=EventListenerDeregistered
   string ":1.385"
   string ""
signal time=1788730823.247499 sender=org.freedesktop.DBus -> destination=(null destination) serial=771 path=/org/freedesktop/DBus; interface=org.freedesktop.DBus; member=NameOwnerChanged
   string ":1.386"
   string ""
   string ":1.386"
signal time=1788730823.247541 sender=org.freedesktop.DBus -> destination=:1.386 serial=2 path=/org/freedesktop/DBus; interface=org.freedesktop.DBus; member=NameAcquired
   string ":1.386"
signal time=1788730823.248995 sender=org.freedesktop.DBus -> destination=:1.386 serial=3 path=/org/freedesktop/DBus; interface=org.freedesktop.DBus; member=NameLost
   string ":1.386"
signal time=1788730823.249024 sender=org.freedesktop.DBus -> destination=(null destination) serial=772 path=/org/freedesktop/DBus; interface=org.freedesktop.DBus; member=NameOwnerChanged
   string ":1.386"
   string ":1.386"
   string ""
signal time=1788730823.249181 sender=:1.2 -> destination=(null destination) serial=429 path=/org/a11y/atspi/registry; interface=org.a11y.atspi.Registry; member=EventListenerDeregistered
   string ":1.386"
   string ""
signal time=1788730823.253872 sender=org.freedesktop.DBus -> destination=(null destination) serial=773 path=/org/freedesktop/DBus; interface=org.freedesktop.DBus; member=NameOwnerChanged
   string ":1.387"
   string ""
   string ":1.387"
signal time=1788730823.253927 sender=org.freedesktop.DBus -> destination=:1.387 serial=2 path=/org/freedesktop/DBus; interface=org.freedesktop.DBus; member=NameAcquired
   string ":1.387"
signal time=1788730823.255341 sender=org.freedesktop.DBus -> destination=:1.387 serial=3 path=/org/freedesktop/DBus; interface=org.freedesktop.DBus; member=NameLost
   string ":1.387"
signal time=1788730823.255357 sender=org.freedesktop.DBus -> destination=(null destination) serial=774 path=/org/freedesktop/DBus; interface=org.freedesktop.DBus; member=NameOwnerChanged
   string ":1.387"
   string ":1.387"
   string ""
signal time=1788730823.255544 sender=:1.2 -> destination=(null destination) serial=430 path=/org/a11y/atspi/registry; interface=org.a11y.atspi.Registry; member=EventListenerDeregistered
   string ":1.387"
   string ""
signal time=1788730823.259203 sender=org.freedesktop.DBus -> destination=(null destination) serial=775 path=/org/freedesktop/DBus; interface=org.freedesktop.DBus; member=NameOwnerChanged
   string ":1.388"
   string ""
   string ":1.388"
signal time=1788730823.259248 sender=org.freedesktop.DBus -> destination=:1.388 serial=2 path=/org/freedesktop/DBus; interface=org.freedesktop.DBus; member=NameAcquired
   string ":1.388"
signal time=1788730823.260437 sender=org.freedesktop.DBus -> destination=:1.388 serial=3 path=/org/freedesktop/DBus; interface=org.freedesktop.DBus; member=NameLost
   string ":1.388"
signal time=1788730823.260451 sender=org.freedesktop.DBus -> destination=(null destination) serial=776 path=/org/freedesktop/DBus; interface=org.freedesktop.DBus; member=NameOwnerChanged
   string ":1.388"
   string ":1.388"
   string ""
signal time=1788730823.260607 sender=:1.2 -> destination=(null destination) serial=431 path=/org/a11y/atspi/registry; interface=org.a11y.atspi.Registry; member=EventListenerDeregistered
   string ":1.388"
   string ""
signal time=1788730823.657152 sender=org.freedesktop.DBus -> destination=(null destination) serial=777 path=/org/freedesktop/DBus; interface=org.freedesktop.DBus; member=NameOwnerChanged
   string ":1.389"
   string ""
   string ":1.389"
signal time=1788730823.657220 sender=org.freedesktop.DBus -> destination=:1.389 serial=2 path=/org/freedesktop/DBus; interface=org.freedesktop.DBus; member=NameAcquired
   string ":1.389"
signal time=1788730823.658893 sender=org.freedesktop.DBus -> destination=:1.389 serial=3 path=/org/freedesktop/DBus; interface=org.freedesktop.DBus; member=NameLost
   string ":1.389"
signal time=1788730823.658926 sender=org.freedesktop.DBus -> destination=(null destination) serial=778 path=/org/freedesktop/DBus; interface=org.freedesktop.DBus; member=NameOwnerChanged
   string ":1.389"
   string ":1.389"
   string ""
signal time=1788730823.659091 sender=:1.2 -> destination=(null destination) serial=434 path=/org/a11y/atspi/registry; interface=org.a11y.atspi.Registry; member=EventListenerDeregistered
   string ":1.389"
   string ""
signal time=1788730823.663022 sender=org.freedesktop.DBus -> destination=(null destination) serial=779 path=/org/freedesktop/DBus; interface=org.freedesktop.DBus; member=NameOwnerChanged
   string ":1.390"
   string ""
   string ":1.390"
signal time=1788730823.663054 sender=org.freedesktop.DBus -> destination=:1.390 serial=2 path=/org/freedesktop/DBus; interface=org.freedesktop.DBus; member=NameAcquired
   string ":1.390"
signal time=1788730823.664232 sender=org.freedesktop.DBus -> destination=:1.390 serial=5 path=/org/freedesktop/DBus; interface=org.freedesktop.DBus; member=NameLost
   string ":1.390"
signal time=1788730823.664258 sender=org.freedesktop.DBus -> destination=(null destination) serial=780 path=/org/freedesktop/DBus; interface=org.freedesktop.DBus; member=NameOwnerChanged
   string ":1.390"
   string ":1.390"
   string ""
signal time=1788730823.664392 sender=:1.2 -> destination=(null destination) serial=435 path=/org/a11y/atspi/registry; interface=org.a11y.atspi.Registry; member=EventListenerDeregistered
   string ":1.390"
   string ""
signal time=1788730823.669254 sender=org.freedesktop.DBus -> destination=(null destination) serial=781 path=/org/freedesktop/DBus; interface=org.freedesktop.DBus; member=NameOwnerChanged
   string ":1.391"
   string ""
   string ":1.391"
signal time=1788730823.669288 sender=org.freedesktop.DBus -> destination=:1.391 serial=2 path=/org/freedesktop/DBus; interface=org.freedesktop.DBus; member=NameAcquired
   string ":1.391"
signal time=1788730823.671095 sender=org.freedesktop.DBus -> destination=:1.391 serial=3 path=/org/freedesktop/DBus; interface=org.freedesktop.DBus; member=NameLost
   string ":1.391"
signal time=1788730823.671140 sender=org.freedesktop.DBus -> destination=(null destination) serial=782 path=/org/freedesktop/DBus; interface=org.freedesktop.DBus; member=NameOwnerChanged
   string ":1.391"
   string ":1.391"
   string ""
signal time=1788730823.671308 sender=:1.2 -> destination=(null destination) serial=436 path=/org/a11y/atspi/registry; interface=org.a11y.atspi.Registry; member=EventListenerDeregistered
   string ":1.391"
   string ""
signal time=1788730823.675386 sender=org.freedesktop.DBus -> destination=(null destination) serial=783 path=/org/freedesktop/DBus; interface=org.freedesktop.DBus; member=NameOwnerChanged
   string ":1.392"
   string ""
   string ":1.392"
signal time=1788730823.675418 sender=org.freedesktop.DBus -> destination=:1.392 serial=2 path=/org/freedesktop/DBus; interface=org.freedesktop.DBus; member=NameAcquired
   string ":1.392"
signal time=1788730823.676498 sender=org.freedesktop.DBus -> destination=:1.392 serial=3 path=/org/freedesktop/DBus; interface=org.freedesktop.DBus; member=NameLost
   string ":1.392"
signal time=1788730823.676515 sender=org.freedesktop.DBus -> destination=(null destination) serial=784 path=/org/freedesktop/DBus; interface=org.freedesktop.DBus; member=NameOwnerChanged
   string ":1.392"
   string ":1.392"
   string ""
signal time=1788730823.676638 sender=:1.2 -> destination=(null destination) serial=437 path=/org/a11y/atspi/registry; interface=org.a11y.atspi.Registry; member=EventListenerDeregistered
   string ":1.392"
   string ""
signal time=1788730823.680692 sender=org.freedesktop.DBus -> destination=(null destination) serial=785 path=/org/freedesktop/DBus; interface=org.freedesktop.DBus; member=NameOwnerChanged
   string ":1.393"
   string ""
   string ":1.393"
signal time=1788730823.680740 sender=org.freedesktop.DBus -> destination=:1.393 serial=2 path=/org/freedesktop/DBus; interface=org.freedesktop.DBus; member=NameAcquired
   string ":1.393"
signal time=1788730823.681982 sender=org.freedesktop.DBus -> destination=:1.393 serial=3 path=/org/freedesktop/DBus; interface=org.freedesktop.DBus; member=NameLost
   string ":1.393"
signal time=1788730823.682001 sender=org.freedesktop.DBus -> destination=(null destination) serial=786 path=/org/freedesktop/DBus; interface=org.freedesktop.DBus; member=NameOwnerChanged
   string ":1.393"
   string ":1.393"
   string ""
signal time=1788730823.682178 sender=:1.2 -> destination=(null destination) serial=438 path=/org/a11y/atspi/registry; interface=org.a11y.atspi.Registry; member=EventListenerDeregistered
   string ":1.393"
   string ""
signal time=1788730823.685683 sender=org.freedesktop.DBus -> destination=(null destination) serial=787 path=/org/freedesktop/DBus; interface=org.freedesktop.DBus; member=NameOwnerChanged
   string ":1.394"
   string ""
   string ":1.394"
signal time=1788730823.685724 sender=org.freedesktop.DBus -> destination=:1.394 serial=2 path=/org/freedesktop/DBus; interface=org.freedesktop.DBus; member=NameAcquired
   string ":1.394"
signal time=1788730823.686793 sender=org.freedesktop.DBus -> destination=:1.394 serial=3 path=/org/freedesktop/DBus; interface=org.freedesktop.DBus; member=NameLost
   string ":1.394"
signal time=1788730823.686823 sender=org.freedesktop.DBus -> destination=(null destination) serial=788 path=/org/freedesktop/DBus; interface=org.freedesktop.DBus; member=NameOwnerChanged
   string ":1.394"
   string ":1.394"
   string ""
signal time=1788730823.686946 sender=:1.2 -> destination=(null destination) serial=439 path=/org/a11y/atspi/registry; interface=org.a11y.atspi.Registry; member=EventListenerDeregistered
   string ":1.394"
   string ""
signal time=1788730823.690446 sender=org.freedesktop.DBus -> destination=(null destination) serial=789 path=/org/freedesktop/DBus; interface=org.freedesktop.DBus; member=NameOwnerChanged
   string ":1.395"
   string ""
   string ":1.395"
signal time=1788730823.690468 sender=org.freedesktop.DBus -> destination=:1.395 serial=2 path=/org/freedesktop/DBus; interface=org.freedesktop.DBus; member=NameAcquired
   string ":1.395"
signal time=1788730823.691411 sender=org.freedesktop.DBus -> destination=:1.395 serial=3 path=/org/freedesktop/DBus; interface=org.freedesktop.DBus; member=NameLost
   string ":1.395"
signal time=1788730823.691429 sender=org.freedesktop.DBus -> destination=(null destination) serial=790 path=/org/freedesktop/DBus; interface=org.freedesktop.DBus; member=NameOwnerChanged
   string ":1.395"
   string ":1.395"
   string ""
signal time=1788730823.691560 sender=:1.2 -> destination=(null destination) serial=440 path=/org/a11y/atspi/registry; interface=org.a11y.atspi.Registry; member=EventListenerDeregistered
   string ":1.395"
   string ""
signal time=1788730823.695276 sender=org.freedesktop.DBus -> destination=(null destination) serial=791 path=/org/freedesktop/DBus; interface=org.freedesktop.DBus; member=NameOwnerChanged
   string ":1.396"
   string ""
   string ":1.396"
signal time=1788730823.695328 sender=org.freedesktop.DBus -> destination=:1.396 serial=2 path=/org/freedesktop/DBus; interface=org.freedesktop.DBus; member=NameAcquired
   string ":1.396"
signal time=1788730823.696174 sender=org.freedesktop.DBus -> destination=:1.396 serial=3 path=/org/freedesktop/DBus; interface=org.freedesktop.DBus; member=NameLost
   string ":1.396"
signal time=1788730823.696188 sender=org.freedesktop.DBus -> destination=(null destination) serial=792 path=/org/freedesktop/DBus; interface=org.freedesktop.DBus; member=NameOwnerChanged
   string ":1.396"
   string ":1.396"
   string ""
signal time=1788730823.696359 sender=:1.2 -> destination=(null destination) serial=441 path=/org/a11y/atspi/registry; interface=org.a11y.atspi.Registry; member=EventListenerDeregistered
   string ":1.396"
   string ""
signal time=1788730824.016007 sender=:1.1 -> destination=(null destination) serial=918 path=/org/a11y/atspi/accessible/root; interface=org.a11y.atspi.Event.Object; member=ChildrenChanged
   string "add"
   int32 1
   int32 0
   variant       struct {
         string ":1.1"
         object path "/org/a11y/atspi/accessible/menus/n6d656e753a56696577"
      }
   array [
   ]
signal time=1788730824.016147 sender=:1.1 -> destination=(null destination) serial=919 path=/org/a11y/atspi/accessible/menus/n6d656e753a56696577; interface=org.a11y.atspi.Event.Object; member=StateChanged
   string "focused"
   int32 0
   int32 0
   variant       boolean false
   array [
   ]
signal time=1788730824.016221 sender=:1.1 -> destination=(null destination) serial=920 path=/org/a11y/atspi/accessible/menus/n6d656e753a56696577; interface=org.a11y.atspi.Event.Object; member=StateChanged
   string "enabled"
   int32 1
   int32 0
   variant       boolean true
   array [
   ]
signal time=1788730824.016289 sender=:1.1 -> destination=(null destination) serial=921 path=/org/a11y/atspi/accessible/menus/n6d656e753a56696577; interface=org.a11y.atspi.Event.Object; member=StateChanged
   string "sensitive"
   int32 1
   int32 0
   variant       boolean true
   array [
   ]
signal time=1788730824.016360 sender=:1.1 -> destination=(null destination) serial=922 path=/org/a11y/atspi/accessible/menus/n6d656e753a56696577; interface=org.a11y.atspi.Event.Object; member=ChildrenChanged
   string "add"
   int32 0
   int32 0
   variant       struct {
         string ":1.1"
         object path "/org/a11y/atspi/accessible/menus/n6d656e753a566965772f766965772e666974"
      }
   array [
   ]
signal time=1788730824.016462 sender=:1.1 -> destination=(null destination) serial=923 path=/org/a11y/atspi/accessible/menus/n6d656e753a566965772f766965772e666974; interface=org.a11y.atspi.Event.Object; member=StateChanged
   string "focused"
   int32 1
   int32 0
   variant       boolean true
   array [
   ]
signal time=1788730824.016533 sender=:1.1 -> destination=(null destination) serial=924 path=/org/a11y/atspi/accessible/menus/n6d656e753a566965772f766965772e666974; interface=org.a11y.atspi.Event.Object; member=StateChanged
   string "enabled"
   int32 1
   int32 0
   variant       boolean true
   array [
   ]
signal time=1788730824.016636 sender=:1.1 -> destination=(null destination) serial=925 path=/org/a11y/atspi/accessible/menus/n6d656e753a566965772f766965772e666974; interface=org.a11y.atspi.Event.Object; member=StateChanged
   string "sensitive"
   int32 1
   int32 0
   variant       boolean true
   array [
   ]
signal time=1788730824.016707 sender=:1.1 -> destination=(null destination) serial=926 path=/org/a11y/atspi/accessible/menus/n6d656e753a56696577; interface=org.a11y.atspi.Event.Object; member=ChildrenChanged
   string "add"
   int32 1
   int32 0
   variant       struct {
         string ":1.1"
         object path "/org/a11y/atspi/accessible/menus/n6d656e753a566965772f766965772e7a6f6f6d5f696e"
      }
   array [
   ]
signal time=1788730824.016807 sender=:1.1 -> destination=(null destination) serial=927 path=/org/a11y/atspi/accessible/menus/n6d656e753a566965772f766965772e7a6f6f6d5f696e; interface=org.a11y.atspi.Event.Object; member=StateChanged
   string "focused"
   int32 0
   int32 0
   variant       boolean false
   array [
   ]
signal time=1788730824.016879 sender=:1.1 -> destination=(null destination) serial=928 path=/org/a11y/atspi/accessible/menus/n6d656e753a566965772f766965772e7a6f6f6d5f696e; interface=org.a11y.atspi.Event.Object; member=StateChanged
   string "enabled"
   int32 1
   int32 0
   variant       boolean true
   array [
   ]
signal time=1788730824.016950 sender=:1.1 -> destination=(null destination) serial=929 path=/org/a11y/atspi/accessible/menus/n6d656e753a566965772f766965772e7a6f6f6d5f696e; interface=org.a11y.atspi.Event.Object; member=StateChanged
   string "sensitive"
   int32 1
   int32 0
   variant       boolean true
   array [
   ]
signal time=1788730824.017614 sender=:1.1 -> destination=(null destination) serial=930 path=/org/a11y/atspi/accessible/menus/n6d656e753a56696577; interface=org.a11y.atspi.Event.Object; member=ChildrenChanged
   string "add"
   int32 2
   int32 0
   variant       struct {
         string ":1.1"
         object path "/org/a11y/atspi/accessible/menus/n6d656e753a566965772f766965772e7a6f6f6d5f6f7574"
      }
   array [
   ]
signal time=1788730824.017730 sender=:1.1 -> destination=(null destination) serial=931 path=/org/a11y/atspi/accessible/menus/n6d656e753a566965772f766965772e7a6f6f6d5f6f7574; interface=org.a11y.atspi.Event.Object; member=StateChanged
   string "focused"
   int32 0
   int32 0
   variant       boolean false
   array [
   ]
signal time=1788730824.017801 sender=:1.1 -> destination=(null destination) serial=932 path=/org/a11y/atspi/accessible/menus/n6d656e753a566965772f766965772e7a6f6f6d5f6f7574; interface=org.a11y.atspi.Event.Object; member=StateChanged
   string "enabled"
   int32 1
   int32 0
   variant       boolean true
   array [
   ]
signal time=1788730824.017867 sender=:1.1 -> destination=(null destination) serial=933 path=/org/a11y/atspi/accessible/menus/n6d656e753a566965772f766965772e7a6f6f6d5f6f7574; interface=org.a11y.atspi.Event.Object; member=StateChanged
   string "sensitive"
   int32 1
   int32 0
   variant       boolean true
   array [
   ]
signal time=1788730824.017935 sender=:1.1 -> destination=(null destination) serial=934 path=/org/a11y/atspi/accessible/menus/n6d656e753a56696577; interface=org.a11y.atspi.Event.Object; member=ChildrenChanged
   string "add"
   int32 3
   int32 0
   variant       struct {
         string ":1.1"
         object path "/org/a11y/atspi/accessible/menus/n6d656e753a566965772f766965772e70616e655f7a6f6f6d"
      }
   array [
   ]
signal time=1788730824.018031 sender=:1.1 -> destination=(null destination) serial=935 path=/org/a11y/atspi/accessible/menus/n6d656e753a566965772f766965772e70616e655f7a6f6f6d; interface=org.a11y.atspi.Event.Object; member=StateChanged
   string "focused"
   int32 0
   int32 0
   variant       boolean false
   array [
   ]
signal time=1788730824.018104 sender=:1.1 -> destination=(null destination) serial=936 path=/org/a11y/atspi/accessible/menus/n6d656e753a566965772f766965772e70616e655f7a6f6f6d; interface=org.a11y.atspi.Event.Object; member=StateChanged
   string "enabled"
   int32 1
   int32 0
   variant       boolean true
   array [
   ]
signal time=1788730824.018197 sender=:1.1 -> destination=(null destination) serial=937 path=/org/a11y/atspi/accessible/menus/n6d656e753a566965772f766965772e70616e655f7a6f6f6d; interface=org.a11y.atspi.Event.Object; member=StateChanged
   string "sensitive"
   int32 1
   int32 0
   variant       boolean true
   array [
   ]
signal time=1788730824.018264 sender=:1.1 -> destination=(null destination) serial=938 path=/org/a11y/atspi/accessible/menus/n6d656e753a56696577; interface=org.a11y.atspi.Event.Object; member=ChildrenChanged
   string "add"
   int32 4
   int32 0
   variant       struct {
         string ":1.1"
         object path "/org/a11y/atspi/accessible/menus/n6d656e753a566965772f766965772e66756c6c73637265656e5f7374616765"
      }
   array [
   ]
signal time=1788730824.018362 sender=:1.1 -> destination=(null destination) serial=939 path=/org/a11y/atspi/accessible/menus/n6d656e753a566965772f766965772e66756c6c73637265656e5f7374616765; interface=org.a11y.atspi.Event.Object; member=StateChanged
   string "focused"
   int32 0
   int32 0
   variant       boolean false
   array [
   ]
signal time=1788730824.018431 sender=:1.1 -> destination=(null destination) serial=940 path=/org/a11y/atspi/accessible/menus/n6d656e753a566965772f766965772e66756c6c73637265656e5f7374616765; interface=org.a11y.atspi.Event.Object; member=StateChanged
   string "enabled"
   int32 1
   int32 0
   variant       boolean true
   array [
   ]
signal time=1788730824.018503 sender=:1.1 -> destination=(null destination) serial=941 path=/org/a11y/atspi/accessible/menus/n6d656e753a566965772f766965772e66756c6c73637265656e5f7374616765; interface=org.a11y.atspi.Event.Object; member=StateChanged
   string "sensitive"
   int32 1
   int32 0
   variant       boolean true
   array [
   ]
signal time=1788730824.018574 sender=:1.1 -> destination=(null destination) serial=942 path=/org/a11y/atspi/accessible/menus/n6d656e753a56696577; interface=org.a11y.atspi.Event.Object; member=ChildrenChanged
   string "add"
   int32 5
   int32 0
   variant       struct {
         string ":1.1"
         object path "/org/a11y/atspi/accessible/menus/n6d656e753a566965772f766965772e6c6179657273"
      }
   array [
   ]
signal time=1788730824.018677 sender=:1.1 -> destination=(null destination) serial=943 path=/org/a11y/atspi/accessible/menus/n6d656e753a566965772f766965772e6c6179657273; interface=org.a11y.atspi.Event.Object; member=StateChanged
   string "focused"
   int32 0
   int32 0
   variant       boolean false
   array [
   ]
signal time=1788730824.018749 sender=:1.1 -> destination=(null destination) serial=944 path=/org/a11y/atspi/accessible/menus/n6d656e753a566965772f766965772e6c6179657273; interface=org.a11y.atspi.Event.Object; member=StateChanged
   string "enabled"
   int32 0
   int32 0
   variant       boolean false
   array [
   ]
signal time=1788730824.019225 sender=:1.1 -> destination=(null destination) serial=945 path=/org/a11y/atspi/accessible/menus/n6d656e753a566965772f766965772e6c6179657273; interface=org.a11y.atspi.Event.Object; member=StateChanged
   string "sensitive"
   int32 0
   int32 0
   variant       boolean false
   array [
   ]
signal time=1788730824.019296 sender=:1.1 -> destination=(null destination) serial=946 path=/org/a11y/atspi/accessible/menus/n6d656e753a56696577; interface=org.a11y.atspi.Event.Object; member=ChildrenChanged
   string "add"
   int32 6
   int32 0
   variant       struct {
         string ":1.1"
         object path "/org/a11y/atspi/accessible/menus/n6d656e753a566965772f766965772e70616e656c73"
      }
   array [
   ]
signal time=1788730824.019366 sender=:1.1 -> destination=(null destination) serial=947 path=/org/a11y/atspi/accessible/menus/n6d656e753a566965772f766965772e70616e656c73; interface=org.a11y.atspi.Event.Object; member=StateChanged
   string "focused"
   int32 0
   int32 0
   variant       boolean false
   array [
   ]
signal time=1788730824.019415 sender=:1.1 -> destination=(null destination) serial=948 path=/org/a11y/atspi/accessible/menus/n6d656e753a566965772f766965772e70616e656c73; interface=org.a11y.atspi.Event.Object; member=StateChanged
   string "enabled"
   int32 1
   int32 0
   variant       boolean true
   array [
   ]
signal time=1788730824.019485 sender=:1.1 -> destination=(null destination) serial=949 path=/org/a11y/atspi/accessible/menus/n6d656e753a566965772f766965772e70616e656c73; interface=org.a11y.atspi.Event.Object; member=StateChanged
   string "sensitive"
   int32 1
   int32 0
   variant       boolean true
   array [
   ]
signal time=1788730824.019535 sender=:1.1 -> destination=(null destination) serial=950 path=/org/a11y/atspi/accessible/menus/n6d656e753a56696577; interface=org.a11y.atspi.Event.Object; member=ChildrenChanged
   string "add"
   int32 7
   int32 0
   variant       struct {
         string ":1.1"
         object path "/org/a11y/atspi/accessible/menus/n6d656e753a566965772f766965772e7265736574"
      }
   array [
   ]
signal time=1788730824.019607 sender=:1.1 -> destination=(null destination) serial=951 path=/org/a11y/atspi/accessible/menus/n6d656e753a566965772f766965772e7265736574; interface=org.a11y.atspi.Event.Object; member=StateChanged
   string "focused"
   int32 0
   int32 0
   variant       boolean false
   array [
   ]
signal time=1788730824.019660 sender=:1.1 -> destination=(null destination) serial=952 path=/org/a11y/atspi/accessible/menus/n6d656e753a566965772f766965772e7265736574; interface=org.a11y.atspi.Event.Object; member=StateChanged
   string "enabled"
   int32 1
   int32 0
   variant       boolean true
   array [
   ]
signal time=1788730824.019709 sender=:1.1 -> destination=(null destination) serial=953 path=/org/a11y/atspi/accessible/menus/n6d656e753a566965772f766965772e7265736574; interface=org.a11y.atspi.Event.Object; member=StateChanged
   string "sensitive"
   int32 1
   int32 0
   variant       boolean true
   array [
   ]
signal time=1788730824.019759 sender=:1.1 -> destination=(null destination) serial=954 path=/org/a11y/atspi/accessible/menus/n6d656e753a56696577; interface=org.a11y.atspi.Event.Object; member=ChildrenChanged
   string "add"
   int32 8
   int32 0
   variant       struct {
         string ":1.1"
         object path "/org/a11y/atspi/accessible/menus/n6d656e753a566965772f766965772e73706c69745f766572746963616c"
      }
   array [
   ]
signal time=1788730824.019833 sender=:1.1 -> destination=(null destination) serial=955 path=/org/a11y/atspi/accessible/menus/n6d656e753a566965772f766965772e73706c69745f766572746963616c; interface=org.a11y.atspi.Event.Object; member=StateChanged
   string "focused"
   int32 0
   int32 0
   variant       boolean false
   array [
   ]
signal time=1788730824.019886 sender=:1.1 -> destination=(null destination) serial=956 path=/org/a11y/atspi/accessible/menus/n6d656e753a566965772f766965772e73706c69745f766572746963616c; interface=org.a11y.atspi.Event.Object; member=StateChanged
   string "enabled"
   int32 1
   int32 0
   variant       boolean true
   array [
   ]
signal time=1788730824.019938 sender=:1.1 -> destination=(null destination) serial=957 path=/org/a11y/atspi/accessible/menus/n6d656e753a566965772f766965772e73706c69745f766572746963616c; interface=org.a11y.atspi.Event.Object; member=StateChanged
   string "sensitive"
   int32 1
   int32 0
   variant       boolean true
   array [
   ]
signal time=1788730824.019988 sender=:1.1 -> destination=(null destination) serial=958 path=/org/a11y/atspi/accessible/menus/n6d656e753a56696577; interface=org.a11y.atspi.Event.Object; member=ChildrenChanged
   string "add"
   int32 9
   int32 0
   variant       struct {
         string ":1.1"
         object path "/org/a11y/atspi/accessible/menus/n6d656e753a566965772f766965772e73706c69745f686f72697a6f6e74616c"
      }
   array [
   ]
signal time=1788730824.020061 sender=:1.1 -> destination=(null destination) serial=959 path=/org/a11y/atspi/accessible/menus/n6d656e753a566965772f766965772e73706c69745f686f72697a6f6e74616c; interface=org.a11y.atspi.Event.Object; member=StateChanged
   string "focused"
   int32 0
   int32 0
   variant       boolean false
   array [
   ]
signal time=1788730824.020116 sender=:1.1 -> destination=(null destination) serial=960 path=/org/a11y/atspi/accessible/menus/n6d656e753a566965772f766965772e73706c69745f686f72697a6f6e74616c; interface=org.a11y.atspi.Event.Object; member=StateChanged
   string "enabled"
   int32 1
   int32 0
   variant       boolean true
   array [
   ]
signal time=1788730824.020575 sender=:1.1 -> destination=(null destination) serial=961 path=/org/a11y/atspi/accessible/menus/n6d656e753a566965772f766965772e73706c69745f686f72697a6f6e74616c; interface=org.a11y.atspi.Event.Object; member=StateChanged
   string "sensitive"
   int32 1
   int32 0
   variant       boolean true
   array [
   ]
signal time=1788730824.020645 sender=:1.1 -> destination=(null destination) serial=962 path=/org/a11y/atspi/accessible/menus/n6d656e753a56696577; interface=org.a11y.atspi.Event.Object; member=ChildrenChanged
   string "add"
   int32 10
   int32 0
   variant       struct {
         string ":1.1"
         object path "/org/a11y/atspi/accessible/menus/n6d656e753a566965772f766965772e636c6f73655f70616e65"
      }
   array [
   ]
signal time=1788730824.020716 sender=:1.1 -> destination=(null destination) serial=963 path=/org/a11y/atspi/accessible/menus/n6d656e753a566965772f766965772e636c6f73655f70616e65; interface=org.a11y.atspi.Event.Object; member=StateChanged
   string "focused"
   int32 0
   int32 0
   variant       boolean false
   array [
   ]
signal time=1788730824.020768 sender=:1.1 -> destination=(null destination) serial=964 path=/org/a11y/atspi/accessible/menus/n6d656e753a566965772f766965772e636c6f73655f70616e65; interface=org.a11y.atspi.Event.Object; member=StateChanged
   string "enabled"
   int32 1
   int32 0
   variant       boolean true
   array [
   ]
signal time=1788730824.020821 sender=:1.1 -> destination=(null destination) serial=965 path=/org/a11y/atspi/accessible/menus/n6d656e753a566965772f766965772e636c6f73655f70616e65; interface=org.a11y.atspi.Event.Object; member=StateChanged
   string "sensitive"
   int32 1
   int32 0
   variant       boolean true
   array [
   ]
signal time=1788730824.020873 sender=:1.1 -> destination=(null destination) serial=966 path=/org/a11y/atspi/accessible/menus/n6d656e753a56696577; interface=org.a11y.atspi.Event.Object; member=ChildrenChanged
   string "add"
   int32 11
   int32 0
   variant       struct {
         string ":1.1"
         object path "/org/a11y/atspi/accessible/menus/n6d656e753a566965772f766965772e6d6178696d697a655f70616e65"
      }
   array [
   ]
signal time=1788730824.020947 sender=:1.1 -> destination=(null destination) serial=967 path=/org/a11y/atspi/accessible/menus/n6d656e753a566965772f766965772e6d6178696d697a655f70616e65; interface=org.a11y.atspi.Event.Object; member=StateChanged
   string "focused"
   int32 0
   int32 0
   variant       boolean false
   array [
   ]
signal time=1788730824.021000 sender=:1.1 -> destination=(null destination) serial=968 path=/org/a11y/atspi/accessible/menus/n6d656e753a566965772f766965772e6d6178696d697a655f70616e65; interface=org.a11y.atspi.Event.Object; member=StateChanged
   string "enabled"
   int32 1
   int32 0
   variant       boolean true
   array [
   ]
signal time=1788730824.021052 sender=:1.1 -> destination=(null destination) serial=969 path=/org/a11y/atspi/accessible/menus/n6d656e753a566965772f766965772e6d6178696d697a655f70616e65; interface=org.a11y.atspi.Event.Object; member=StateChanged
   string "sensitive"
   int32 1
   int32 0
   variant       boolean true
   array [
   ]
signal time=1788730824.021104 sender=:1.1 -> destination=(null destination) serial=970 path=/org/a11y/atspi/accessible/menus/n6d656e753a56696577; interface=org.a11y.atspi.Event.Object; member=ChildrenChanged
   string "add"
   int32 12
   int32 0
   variant       struct {
         string ":1.1"
         object path "/org/a11y/atspi/accessible/menus/n6d656e753a566965772f766965772e666f6375735f6e657874"
      }
   array [
   ]
signal time=1788730824.021177 sender=:1.1 -> destination=(null destination) serial=971 path=/org/a11y/atspi/accessible/menus/n6d656e753a566965772f766965772e666f6375735f6e657874; interface=org.a11y.atspi.Event.Object; member=StateChanged
   string "focused"
   int32 0
   int32 0
   variant       boolean false
   array [
   ]
signal time=1788730824.021250 sender=:1.1 -> destination=(null destination) serial=972 path=/org/a11y/atspi/accessible/menus/n6d656e753a566965772f766965772e666f6375735f6e657874; interface=org.a11y.atspi.Event.Object; member=StateChanged
   string "enabled"
   int32 1
   int32 0
   variant       boolean true
   array [
   ]
signal time=1788730824.021302 sender=:1.1 -> destination=(null destination) serial=973 path=/org/a11y/atspi/accessible/menus/n6d656e753a566965772f766965772e666f6375735f6e657874; interface=org.a11y.atspi.Event.Object; member=StateChanged
   string "sensitive"
   int32 1
   int32 0
   variant       boolean true
   array [
   ]
signal time=1788730824.021354 sender=:1.1 -> destination=(null destination) serial=974 path=/org/a11y/atspi/accessible/menus/n6d656e753a56696577; interface=org.a11y.atspi.Event.Object; member=ChildrenChanged
   string "add"
   int32 13
   int32 0
   variant       struct {
         string ":1.1"
         object path "/org/a11y/atspi/accessible/menus/n6d656e753a566965772f766965772e666f6375735f70726576"
      }
   array [
   ]
signal time=1788730824.021428 sender=:1.1 -> destination=(null destination) serial=975 path=/org/a11y/atspi/accessible/menus/n6d656e753a566965772f766965772e666f6375735f70726576; interface=org.a11y.atspi.Event.Object; member=StateChanged
   string "focused"
   int32 0
   int32 0
   variant       boolean false
   array [
   ]
signal time=1788730824.021480 sender=:1.1 -> destination=(null destination) serial=976 path=/org/a11y/atspi/accessible/menus/n6d656e753a566965772f766965772e666f6375735f70726576; interface=org.a11y.atspi.Event.Object; member=StateChanged
   string "enabled"
   int32 1
   int32 0
   variant       boolean true
   array [
   ]
signal time=1788730824.021926 sender=:1.1 -> destination=(null destination) serial=977 path=/org/a11y/atspi/accessible/menus/n6d656e753a566965772f766965772e666f6375735f70726576; interface=org.a11y.atspi.Event.Object; member=StateChanged
   string "sensitive"
   int32 1
   int32 0
   variant       boolean true
   array [
   ]
signal time=1788730824.022009 sender=:1.1 -> destination=(null destination) serial=978 path=/org/a11y/atspi/accessible/menus/n6d656e753a56696577; interface=org.a11y.atspi.Event.Object; member=ChildrenChanged
   string "add"
   int32 14
   int32 0
   variant       struct {
         string ":1.1"
         object path "/org/a11y/atspi/accessible/menus/n6d656e753a566965772f766965772e66696c6c5f626f617264"
      }
   array [
   ]
signal time=1788730824.022087 sender=:1.1 -> destination=(null destination) serial=979 path=/org/a11y/atspi/accessible/menus/n6d656e753a566965772f766965772e66696c6c5f626f617264; interface=org.a11y.atspi.Event.Object; member=StateChanged
   string "focused"
   int32 0
   int32 0
   variant       boolean false
   array [
   ]
signal time=1788730824.022141 sender=:1.1 -> destination=(null destination) serial=980 path=/org/a11y/atspi/accessible/menus/n6d656e753a566965772f766965772e66696c6c5f626f617264; interface=org.a11y.atspi.Event.Object; member=StateChanged
   string "enabled"
   int32 1
   int32 0
   variant       boolean true
   array [
   ]
signal time=1788730824.022195 sender=:1.1 -> destination=(null destination) serial=981 path=/org/a11y/atspi/accessible/menus/n6d656e753a566965772f766965772e66696c6c5f626f617264; interface=org.a11y.atspi.Event.Object; member=StateChanged
   string "sensitive"
   int32 1
   int32 0
   variant       boolean true
   array [
   ]
signal time=1788730824.022248 sender=:1.1 -> destination=(null destination) serial=982 path=/org/a11y/atspi/accessible/menus/n6d656e753a56696577; interface=org.a11y.atspi.Event.Object; member=ChildrenChanged
   string "add"
   int32 15
   int32 0
   variant       struct {
         string ":1.1"
         object path "/org/a11y/atspi/accessible/menus/n6d656e753a566965772f766965772e66696c6c5f736368656d61746963"
      }
   array [
   ]
signal time=1788730824.022325 sender=:1.1 -> destination=(null destination) serial=983 path=/org/a11y/atspi/accessible/menus/n6d656e753a566965772f766965772e66696c6c5f736368656d61746963; interface=org.a11y.atspi.Event.Object; member=StateChanged
   string "focused"
   int32 0
   int32 0
   variant       boolean false
   array [
   ]
signal time=1788730824.022402 sender=:1.1 -> destination=(null destination) serial=984 path=/org/a11y/atspi/accessible/menus/n6d656e753a566965772f766965772e66696c6c5f736368656d61746963; interface=org.a11y.atspi.Event.Object; member=StateChanged
   string "enabled"
   int32 1
   int32 0
   variant       boolean true
   array [
   ]
signal time=1788730824.022457 sender=:1.1 -> destination=(null destination) serial=985 path=/org/a11y/atspi/accessible/menus/n6d656e753a566965772f766965772e66696c6c5f736368656d61746963; interface=org.a11y.atspi.Event.Object; member=StateChanged
   string "sensitive"
   int32 1
   int32 0
   variant       boolean true
   array [
   ]
signal time=1788730824.022511 sender=:1.1 -> destination=(null destination) serial=986 path=/org/a11y/atspi/accessible/menus/n6d656e753a56696577; interface=org.a11y.atspi.Event.Object; member=ChildrenChanged
   string "add"
   int32 16
   int32 0
   variant       struct {
         string ":1.1"
         object path "/org/a11y/atspi/accessible/menus/n6d656e753a566965772f766965772e7072657365745f73696e676c65"
      }
   array [
   ]
signal time=1788730824.022582 sender=:1.1 -> destination=(null destination) serial=987 path=/org/a11y/atspi/accessible/menus/n6d656e753a566965772f766965772e7072657365745f73696e676c65; interface=org.a11y.atspi.Event.Object; member=StateChanged
   string "focused"
   int32 0
   int32 0
   variant       boolean false
   array [
   ]
signal time=1788730824.022635 sender=:1.1 -> destination=(null destination) serial=988 path=/org/a11y/atspi/accessible/menus/n6d656e753a566965772f766965772e7072657365745f73696e676c65; interface=org.a11y.atspi.Event.Object; member=StateChanged
   string "enabled"
   int32 1
   int32 0
   variant       boolean true
   array [
   ]
signal time=1788730824.022688 sender=:1.1 -> destination=(null destination) serial=989 path=/org/a11y/atspi/accessible/menus/n6d656e753a566965772f766965772e7072657365745f73696e676c65; interface=org.a11y.atspi.Event.Object; member=StateChanged
   string "sensitive"
   int32 1
   int32 0
   variant       boolean true
   array [
   ]
signal time=1788730824.022737 sender=:1.1 -> destination=(null destination) serial=990 path=/org/a11y/atspi/accessible/menus/n6d656e753a56696577; interface=org.a11y.atspi.Event.Object; member=ChildrenChanged
   string "add"
   int32 17
   int32 0
   variant       struct {
         string ":1.1"
         object path "/org/a11y/atspi/accessible/menus/n6d656e753a566965772f766965772e7072657365745f626f6172645f736368656d61746963"
      }
   array [
   ]
signal time=1788730824.022807 sender=:1.1 -> destination=(null destination) serial=991 path=/org/a11y/atspi/accessible/menus/n6d656e753a566965772f766965772e7072657365745f626f6172645f736368656d61746963; interface=org.a11y.atspi.Event.Object; member=StateChanged
   string "focused"
   int32 0
   int32 0
   variant       boolean false
   array [
   ]
signal time=1788730824.023237 sender=:1.1 -> destination=(null destination) serial=992 path=/org/a11y/atspi/accessible/menus/n6d656e753a566965772f766965772e7072657365745f626f6172645f736368656d61746963; interface=org.a11y.atspi.Event.Object; member=StateChanged
   string "enabled"
   int32 1
   int32 0
   variant       boolean true
   array [
   ]
signal time=1788730824.023310 sender=:1.1 -> destination=(null destination) serial=993 path=/org/a11y/atspi/accessible/menus/n6d656e753a566965772f766965772e7072657365745f626f6172645f736368656d61746963; interface=org.a11y.atspi.Event.Object; member=StateChanged
   string "sensitive"
   int32 1
   int32 0
   variant       boolean true
   array [
   ]
signal time=1788730824.023364 sender=:1.1 -> destination=(null destination) serial=994 path=/org/a11y/atspi/accessible/menus/n6d656e753a56696577; interface=org.a11y.atspi.Event.Object; member=ChildrenChanged
   string "add"
   int32 18
   int32 0
   variant       struct {
         string ":1.1"
         object path "/org/a11y/atspi/accessible/menus/n6d656e753a566965772f766965772e637572736f722e66756c6c"
      }
   array [
   ]
signal time=1788730824.023465 sender=:1.1 -> destination=(null destination) serial=995 path=/org/a11y/atspi/accessible/menus/n6d656e753a566965772f766965772e637572736f722e66756c6c; interface=org.a11y.atspi.Event.Object; member=StateChanged
   string "focused"
   int32 0
   int32 0
   variant       boolean false
   array [
   ]
signal time=1788730824.023517 sender=:1.1 -> destination=(null destination) serial=996 path=/org/a11y/atspi/accessible/menus/n6d656e753a566965772f766965772e637572736f722e66756c6c; interface=org.a11y.atspi.Event.Object; member=StateChanged
   string "enabled"
   int32 1
   int32 0
   variant       boolean true
   array [
   ]
signal time=1788730824.023568 sender=:1.1 -> destination=(null destination) serial=997 path=/org/a11y/atspi/accessible/menus/n6d656e753a566965772f766965772e637572736f722e66756c6c; interface=org.a11y.atspi.Event.Object; member=StateChanged
   string "sensitive"
   int32 1
   int32 0
   variant       boolean true
   array [
   ]
signal time=1788730824.023622 sender=:1.1 -> destination=(null destination) serial=998 path=/org/a11y/atspi/accessible/menus/n6d656e753a56696577; interface=org.a11y.atspi.Event.Object; member=ChildrenChanged
   string "add"
   int32 19
   int32 0
   variant       struct {
         string ":1.1"
         object path "/org/a11y/atspi/accessible/menus/n6d656e753a566965772f766965772e637572736f722e736d616c6c"
      }
   array [
   ]
signal time=1788730824.023697 sender=:1.1 -> destination=(null destination) serial=999 path=/org/a11y/atspi/accessible/menus/n6d656e753a566965772f766965772e637572736f722e736d616c6c; interface=org.a11y.atspi.Event.Object; member=StateChanged
   string "focused"
   int32 0
   int32 0
   variant       boolean false
   array [
   ]
signal time=1788730824.023750 sender=:1.1 -> destination=(null destination) serial=1000 path=/org/a11y/atspi/accessible/menus/n6d656e753a566965772f766965772e637572736f722e736d616c6c; interface=org.a11y.atspi.Event.Object; member=StateChanged
   string "enabled"
   int32 1
   int32 0
   variant       boolean true
   array [
   ]
signal time=1788730824.023801 sender=:1.1 -> destination=(null destination) serial=1001 path=/org/a11y/atspi/accessible/menus/n6d656e753a566965772f766965772e637572736f722e736d616c6c; interface=org.a11y.atspi.Event.Object; member=StateChanged
   string "sensitive"
   int32 1
   int32 0
   variant       boolean true
   array [
   ]
signal time=1788730824.023853 sender=:1.1 -> destination=(null destination) serial=1002 path=/org/a11y/atspi/accessible/menus/n6d656e753a56696577; interface=org.a11y.atspi.Event.Object; member=ChildrenChanged
   string "add"
   int32 20
   int32 0
   variant       struct {
         string ":1.1"
         object path "/org/a11y/atspi/accessible/menus/n6d656e753a566965772f766965772e637572736f722e6e6f6e65"
      }
   array [
   ]
signal time=1788730824.023928 sender=:1.1 -> destination=(null destination) serial=1003 path=/org/a11y/atspi/accessible/menus/n6d656e753a566965772f766965772e637572736f722e6e6f6e65; interface=org.a11y.atspi.Event.Object; member=StateChanged
   string "focused"
   int32 0
   int32 0
   variant       boolean false
   array [
   ]
signal time=1788730824.023981 sender=:1.1 -> destination=(null destination) serial=1004 path=/org/a11y/atspi/accessible/menus/n6d656e753a566965772f766965772e637572736f722e6e6f6e65; interface=org.a11y.atspi.Event.Object; member=StateChanged
   string "enabled"
   int32 1
   int32 0
   variant       boolean true
   array [
   ]
signal time=1788730824.024035 sender=:1.1 -> destination=(null destination) serial=1005 path=/org/a11y/atspi/accessible/menus/n6d656e753a566965772f766965772e637572736f722e6e6f6e65; interface=org.a11y.atspi.Event.Object; member=StateChanged
   string "sensitive"
   int32 1
   int32 0
   variant       boolean true
   array [
   ]
signal time=1788730824.024087 sender=:1.1 -> destination=(null destination) serial=1006 path=/org/a11y/atspi/accessible/menus/n6d656e753a56696577; interface=org.a11y.atspi.Event.Object; member=ChildrenChanged
   string "add"
   int32 21
   int32 0
   variant       struct {
         string ":1.1"
         object path "/org/a11y/atspi/accessible/menus/n6d656e753a566965772f766965772e636f6e736f6c655f686973746f7279"
      }
   array [
   ]
signal time=1788730824.024270 sender=:1.1 -> destination=(null destination) serial=1007 path=/org/a11y/atspi/accessible/menus/n6d656e753a566965772f766965772e636f6e736f6c655f686973746f7279; interface=org.a11y.atspi.Event.Object; member=StateChanged
   string "focused"
   int32 0
   int32 0
   variant       boolean false
   array [
   ]
signal time=1788730824.024339 sender=:1.1 -> destination=(null destination) serial=1008 path=/org/a11y/atspi/accessible/menus/n6d656e753a566965772f766965772e636f6e736f6c655f686973746f7279; interface=org.a11y.atspi.Event.Object; member=StateChanged
   string "enabled"
   int32 1
   int32 0
   variant       boolean true
   array [
   ]
signal time=1788730824.024391 sender=:1.1 -> destination=(null destination) serial=1009 path=/org/a11y/atspi/accessible/menus/n6d656e753a566965772f766965772e636f6e736f6c655f686973746f7279; interface=org.a11y.atspi.Event.Object; member=StateChanged
   string "sensitive"
   int32 1
   int32 0
   variant       boolean true
   array [
   ]
signal time=1788730824.423556 sender=:1.1 -> destination=(null destination) serial=1010 path=/org/a11y/atspi/accessible/menus/n6d656e753a566965772f766965772e666974; interface=org.a11y.atspi.Event.Object; member=StateChanged
   string "focused"
   int32 0
   int32 0
   variant       boolean false
   array [
   ]
signal time=1788730824.423649 sender=:1.1 -> destination=(null destination) serial=1011 path=/org/a11y/atspi/accessible/menus/n6d656e753a566965772f766965772e7a6f6f6d5f696e; interface=org.a11y.atspi.Event.Object; member=StateChanged
   string "focused"
   int32 1
   int32 0
   variant       boolean true
   array [
   ]
signal time=1788730824.749500 sender=:1.1 -> destination=(null destination) serial=1012 path=/org/a11y/atspi/accessible/menus/n6d656e753a566965772f766965772e7a6f6f6d5f696e; interface=org.a11y.atspi.Event.Object; member=StateChanged
   string "focused"
   int32 0
   int32 0
   variant       boolean false
   array [
   ]
signal time=1788730824.749633 sender=:1.1 -> destination=(null destination) serial=1013 path=/org/a11y/atspi/accessible/menus/n6d656e753a566965772f766965772e7a6f6f6d5f6f7574; interface=org.a11y.atspi.Event.Object; member=StateChanged
   string "focused"
   int32 1
   int32 0
   variant       boolean true
   array [
   ]
signal time=1788730825.068408 sender=:1.1 -> destination=(null destination) serial=1014 path=/org/a11y/atspi/accessible/menus/n6d656e753a566965772f766965772e7a6f6f6d5f6f7574; interface=org.a11y.atspi.Event.Object; member=StateChanged
   string "focused"
   int32 0
   int32 0
   variant       boolean false
   array [
   ]
signal time=1788730825.068497 sender=:1.1 -> destination=(null destination) serial=1015 path=/org/a11y/atspi/accessible/menus/n6d656e753a566965772f766965772e70616e655f7a6f6f6d; interface=org.a11y.atspi.Event.Object; member=StateChanged
   string "focused"
   int32 1
   int32 0
   variant       boolean true
   array [
   ]
signal time=1788730825.397683 sender=:1.1 -> destination=(null destination) serial=1016 path=/org/a11y/atspi/accessible/menus/n6d656e753a566965772f766965772e70616e655f7a6f6f6d; interface=org.a11y.atspi.Event.Object; member=StateChanged
   string "focused"
   int32 0
   int32 0
   variant       boolean false
   array [
   ]
signal time=1788730825.397772 sender=:1.1 -> destination=(null destination) serial=1017 path=/org/a11y/atspi/accessible/menus/n6d656e753a566965772f766965772e66756c6c73637265656e5f7374616765; interface=org.a11y.atspi.Event.Object; member=StateChanged
   string "focused"
   int32 1
   int32 0
   variant       boolean true
   array [
   ]
signal time=1788730825.717388 sender=:1.1 -> destination=(null destination) serial=1018 path=/org/a11y/atspi/accessible/menus/n6d656e753a566965772f766965772e66756c6c73637265656e5f7374616765; interface=org.a11y.atspi.Event.Object; member=StateChanged
   string "focused"
   int32 0
   int32 0
   variant       boolean false
   array [
   ]
signal time=1788730825.717493 sender=:1.1 -> destination=(null destination) serial=1019 path=/org/a11y/atspi/accessible/menus/n6d656e753a566965772f766965772e6c6179657273; interface=org.a11y.atspi.Event.Object; member=StateChanged
   string "focused"
   int32 1
   int32 0
   variant       boolean true
   array [
   ]
signal time=1788730827.035517 sender=org.freedesktop.DBus -> destination=(null destination) serial=793 path=/org/freedesktop/DBus; interface=org.freedesktop.DBus; member=NameOwnerChanged
   string ":1.397"
   string ""
   string ":1.397"
signal time=1788730827.035613 sender=org.freedesktop.DBus -> destination=:1.397 serial=2 path=/org/freedesktop/DBus; interface=org.freedesktop.DBus; member=NameAcquired
   string ":1.397"
signal time=1788730827.038936 sender=org.freedesktop.DBus -> destination=:1.397 serial=3 path=/org/freedesktop/DBus; interface=org.freedesktop.DBus; member=NameLost
   string ":1.397"
signal time=1788730827.038993 sender=org.freedesktop.DBus -> destination=(null destination) serial=794 path=/org/freedesktop/DBus; interface=org.freedesktop.DBus; member=NameOwnerChanged
   string ":1.397"
   string ":1.397"
   string ""
signal time=1788730827.039184 sender=:1.2 -> destination=(null destination) serial=444 path=/org/a11y/atspi/registry; interface=org.a11y.atspi.Registry; member=EventListenerDeregistered
   string ":1.397"
   string ""
signal time=1788730827.050351 sender=org.freedesktop.DBus -> destination=(null destination) serial=795 path=/org/freedesktop/DBus; interface=org.freedesktop.DBus; member=NameOwnerChanged
   string ":1.398"
   string ""
   string ":1.398"
signal time=1788730827.050424 sender=org.freedesktop.DBus -> destination=:1.398 serial=2 path=/org/freedesktop/DBus; interface=org.freedesktop.DBus; member=NameAcquired
   string ":1.398"
signal time=1788730827.053751 sender=org.freedesktop.DBus -> destination=:1.398 serial=5 path=/org/freedesktop/DBus; interface=org.freedesktop.DBus; member=NameLost
   string ":1.398"
signal time=1788730827.053811 sender=org.freedesktop.DBus -> destination=(null destination) serial=796 path=/org/freedesktop/DBus; interface=org.freedesktop.DBus; member=NameOwnerChanged
   string ":1.398"
   string ":1.398"
   string ""
signal time=1788730827.053964 sender=:1.2 -> destination=(null destination) serial=445 path=/org/a11y/atspi/registry; interface=org.a11y.atspi.Registry; member=EventListenerDeregistered
   string ":1.398"
   string ""
signal time=1788730827.064128 sender=org.freedesktop.DBus -> destination=(null destination) serial=797 path=/org/freedesktop/DBus; interface=org.freedesktop.DBus; member=NameOwnerChanged
   string ":1.399"
   string ""
   string ":1.399"
signal time=1788730827.064200 sender=org.freedesktop.DBus -> destination=:1.399 serial=2 path=/org/freedesktop/DBus; interface=org.freedesktop.DBus; member=NameAcquired
   string ":1.399"
signal time=1788730827.067104 sender=org.freedesktop.DBus -> destination=:1.399 serial=3 path=/org/freedesktop/DBus; interface=org.freedesktop.DBus; member=NameLost
   string ":1.399"
signal time=1788730827.067166 sender=org.freedesktop.DBus -> destination=(null destination) serial=798 path=/org/freedesktop/DBus; interface=org.freedesktop.DBus; member=NameOwnerChanged
   string ":1.399"
   string ":1.399"
   string ""
signal time=1788730827.067282 sender=:1.2 -> destination=(null destination) serial=446 path=/org/a11y/atspi/registry; interface=org.a11y.atspi.Registry; member=EventListenerDeregistered
   string ":1.399"
   string ""
signal time=1788730827.077570 sender=org.freedesktop.DBus -> destination=(null destination) serial=799 path=/org/freedesktop/DBus; interface=org.freedesktop.DBus; member=NameOwnerChanged
   string ":1.400"
   string ""
   string ":1.400"
signal time=1788730827.077669 sender=org.freedesktop.DBus -> destination=:1.400 serial=2 path=/org/freedesktop/DBus; interface=org.freedesktop.DBus; member=NameAcquired
   string ":1.400"
signal time=1788730827.080830 sender=org.freedesktop.DBus -> destination=:1.400 serial=3 path=/org/freedesktop/DBus; interface=org.freedesktop.DBus; member=NameLost
   string ":1.400"
signal time=1788730827.080869 sender=org.freedesktop.DBus -> destination=(null destination) serial=800 path=/org/freedesktop/DBus; interface=org.freedesktop.DBus; member=NameOwnerChanged
   string ":1.400"
   string ":1.400"
   string ""
signal time=1788730827.081080 sender=:1.2 -> destination=(null destination) serial=447 path=/org/a11y/atspi/registry; interface=org.a11y.atspi.Registry; member=EventListenerDeregistered
   string ":1.400"
   string ""
signal time=1788730827.089916 sender=org.freedesktop.DBus -> destination=(null destination) serial=801 path=/org/freedesktop/DBus; interface=org.freedesktop.DBus; member=NameOwnerChanged
   string ":1.401"
   string ""
   string ":1.401"
signal time=1788730827.089976 sender=org.freedesktop.DBus -> destination=:1.401 serial=2 path=/org/freedesktop/DBus; interface=org.freedesktop.DBus; member=NameAcquired
   string ":1.401"
signal time=1788730827.092200 sender=org.freedesktop.DBus -> destination=:1.401 serial=3 path=/org/freedesktop/DBus; interface=org.freedesktop.DBus; member=NameLost
   string ":1.401"
signal time=1788730827.092236 sender=org.freedesktop.DBus -> destination=(null destination) serial=802 path=/org/freedesktop/DBus; interface=org.freedesktop.DBus; member=NameOwnerChanged
   string ":1.401"
   string ":1.401"
   string ""
signal time=1788730827.092467 sender=:1.2 -> destination=(null destination) serial=448 path=/org/a11y/atspi/registry; interface=org.a11y.atspi.Registry; member=EventListenerDeregistered
   string ":1.401"
   string ""
signal time=1788730827.101956 sender=org.freedesktop.DBus -> destination=(null destination) serial=803 path=/org/freedesktop/DBus; interface=org.freedesktop.DBus; member=NameOwnerChanged
   string ":1.402"
   string ""
   string ":1.402"
signal time=1788730827.102010 sender=org.freedesktop.DBus -> destination=:1.402 serial=2 path=/org/freedesktop/DBus; interface=org.freedesktop.DBus; member=NameAcquired
   string ":1.402"
signal time=1788730827.104836 sender=org.freedesktop.DBus -> destination=:1.402 serial=3 path=/org/freedesktop/DBus; interface=org.freedesktop.DBus; member=NameLost
   string ":1.402"
signal time=1788730827.104874 sender=org.freedesktop.DBus -> destination=(null destination) serial=804 path=/org/freedesktop/DBus; interface=org.freedesktop.DBus; member=NameOwnerChanged
   string ":1.402"
   string ":1.402"
   string ""
signal time=1788730827.105077 sender=:1.2 -> destination=(null destination) serial=449 path=/org/a11y/atspi/registry; interface=org.a11y.atspi.Registry; member=EventListenerDeregistered
   string ":1.402"
   string ""
signal time=1788730827.113571 sender=org.freedesktop.DBus -> destination=(null destination) serial=805 path=/org/freedesktop/DBus; interface=org.freedesktop.DBus; member=NameOwnerChanged
   string ":1.403"
   string ""
   string ":1.403"
signal time=1788730827.113685 sender=org.freedesktop.DBus -> destination=:1.403 serial=2 path=/org/freedesktop/DBus; interface=org.freedesktop.DBus; member=NameAcquired
   string ":1.403"
signal time=1788730827.116599 sender=org.freedesktop.DBus -> destination=:1.403 serial=3 path=/org/freedesktop/DBus; interface=org.freedesktop.DBus; member=NameLost
   string ":1.403"
signal time=1788730827.116633 sender=org.freedesktop.DBus -> destination=(null destination) serial=806 path=/org/freedesktop/DBus; interface=org.freedesktop.DBus; member=NameOwnerChanged
   string ":1.403"
   string ":1.403"
   string ""
signal time=1788730827.116845 sender=:1.2 -> destination=(null destination) serial=450 path=/org/a11y/atspi/registry; interface=org.a11y.atspi.Registry; member=EventListenerDeregistered
   string ":1.403"
   string ""
signal time=1788730827.124728 sender=org.freedesktop.DBus -> destination=(null destination) serial=807 path=/org/freedesktop/DBus; interface=org.freedesktop.DBus; member=NameOwnerChanged
   string ":1.404"
   string ""
   string ":1.404"
signal time=1788730827.124796 sender=org.freedesktop.DBus -> destination=:1.404 serial=2 path=/org/freedesktop/DBus; interface=org.freedesktop.DBus; member=NameAcquired
   string ":1.404"
signal time=1788730827.126569 sender=org.freedesktop.DBus -> destination=:1.404 serial=3 path=/org/freedesktop/DBus; interface=org.freedesktop.DBus; member=NameLost
   string ":1.404"
signal time=1788730827.126626 sender=org.freedesktop.DBus -> destination=(null destination) serial=808 path=/org/freedesktop/DBus; interface=org.freedesktop.DBus; member=NameOwnerChanged
   string ":1.404"
   string ":1.404"
   string ""
signal time=1788730827.126765 sender=:1.2 -> destination=(null destination) serial=451 path=/org/a11y/atspi/registry; interface=org.a11y.atspi.Registry; member=EventListenerDeregistered
   string ":1.404"
   string ""
signal time=1788730827.134772 sender=org.freedesktop.DBus -> destination=(null destination) serial=809 path=/org/freedesktop/DBus; interface=org.freedesktop.DBus; member=NameOwnerChanged
   string ":1.405"
   string ""
   string ":1.405"
signal time=1788730827.134826 sender=org.freedesktop.DBus -> destination=:1.405 serial=2 path=/org/freedesktop/DBus; interface=org.freedesktop.DBus; member=NameAcquired
   string ":1.405"
signal time=1788730827.137042 sender=org.freedesktop.DBus -> destination=:1.405 serial=3 path=/org/freedesktop/DBus; interface=org.freedesktop.DBus; member=NameLost
   string ":1.405"
signal time=1788730827.137079 sender=org.freedesktop.DBus -> destination=(null destination) serial=810 path=/org/freedesktop/DBus; interface=org.freedesktop.DBus; member=NameOwnerChanged
   string ":1.405"
   string ":1.405"
   string ""
signal time=1788730827.137195 sender=:1.2 -> destination=(null destination) serial=452 path=/org/a11y/atspi/registry; interface=org.a11y.atspi.Registry; member=EventListenerDeregistered
   string ":1.405"
   string ""
signal time=1788730827.143852 sender=org.freedesktop.DBus -> destination=(null destination) serial=811 path=/org/freedesktop/DBus; interface=org.freedesktop.DBus; member=NameOwnerChanged
   string ":1.406"
   string ""
   string ":1.406"
signal time=1788730827.143910 sender=org.freedesktop.DBus -> destination=:1.406 serial=2 path=/org/freedesktop/DBus; interface=org.freedesktop.DBus; member=NameAcquired
   string ":1.406"
signal time=1788730827.146041 sender=org.freedesktop.DBus -> destination=:1.406 serial=3 path=/org/freedesktop/DBus; interface=org.freedesktop.DBus; member=NameLost
   string ":1.406"
signal time=1788730827.146084 sender=org.freedesktop.DBus -> destination=(null destination) serial=812 path=/org/freedesktop/DBus; interface=org.freedesktop.DBus; member=NameOwnerChanged
   string ":1.406"
   string ":1.406"
   string ""
signal time=1788730827.146233 sender=:1.2 -> destination=(null destination) serial=453 path=/org/a11y/atspi/registry; interface=org.a11y.atspi.Registry; member=EventListenerDeregistered
   string ":1.406"
   string ""
signal time=1788730827.153030 sender=org.freedesktop.DBus -> destination=(null destination) serial=813 path=/org/freedesktop/DBus; interface=org.freedesktop.DBus; member=NameOwnerChanged
   string ":1.407"
   string ""
   string ":1.407"
signal time=1788730827.153093 sender=org.freedesktop.DBus -> destination=:1.407 serial=2 path=/org/freedesktop/DBus; interface=org.freedesktop.DBus; member=NameAcquired
   string ":1.407"
signal time=1788730827.155690 sender=org.freedesktop.DBus -> destination=:1.407 serial=3 path=/org/freedesktop/DBus; interface=org.freedesktop.DBus; member=NameLost
   string ":1.407"
signal time=1788730827.155740 sender=org.freedesktop.DBus -> destination=(null destination) serial=814 path=/org/freedesktop/DBus; interface=org.freedesktop.DBus; member=NameOwnerChanged
   string ":1.407"
   string ":1.407"
   string ""
signal time=1788730827.155874 sender=:1.2 -> destination=(null destination) serial=454 path=/org/a11y/atspi/registry; interface=org.a11y.atspi.Registry; member=EventListenerDeregistered
   string ":1.407"
   string ""
signal time=1788730827.163731 sender=org.freedesktop.DBus -> destination=(null destination) serial=815 path=/org/freedesktop/DBus; interface=org.freedesktop.DBus; member=NameOwnerChanged
   string ":1.408"
   string ""
   string ":1.408"
signal time=1788730827.163803 sender=org.freedesktop.DBus -> destination=:1.408 serial=2 path=/org/freedesktop/DBus; interface=org.freedesktop.DBus; member=NameAcquired
   string ":1.408"
signal time=1788730827.165680 sender=org.freedesktop.DBus -> destination=:1.408 serial=3 path=/org/freedesktop/DBus; interface=org.freedesktop.DBus; member=NameLost
   string ":1.408"
signal time=1788730827.165718 sender=org.freedesktop.DBus -> destination=(null destination) serial=816 path=/org/freedesktop/DBus; interface=org.freedesktop.DBus; member=NameOwnerChanged
   string ":1.408"
   string ":1.408"
   string ""
signal time=1788730827.166572 sender=:1.2 -> destination=(null destination) serial=455 path=/org/a11y/atspi/registry; interface=org.a11y.atspi.Registry; member=EventListenerDeregistered
   string ":1.408"
   string ""
signal time=1788730827.172384 sender=org.freedesktop.DBus -> destination=(null destination) serial=817 path=/org/freedesktop/DBus; interface=org.freedesktop.DBus; member=NameOwnerChanged
   string ":1.409"
   string ""
   string ":1.409"
signal time=1788730827.172438 sender=org.freedesktop.DBus -> destination=:1.409 serial=2 path=/org/freedesktop/DBus; interface=org.freedesktop.DBus; member=NameAcquired
   string ":1.409"
signal time=1788730827.174389 sender=org.freedesktop.DBus -> destination=:1.409 serial=3 path=/org/freedesktop/DBus; interface=org.freedesktop.DBus; member=NameLost
   string ":1.409"
signal time=1788730827.174435 sender=org.freedesktop.DBus -> destination=(null destination) serial=818 path=/org/freedesktop/DBus; interface=org.freedesktop.DBus; member=NameOwnerChanged
   string ":1.409"
   string ":1.409"
   string ""
signal time=1788730827.174567 sender=:1.2 -> destination=(null destination) serial=456 path=/org/a11y/atspi/registry; interface=org.a11y.atspi.Registry; member=EventListenerDeregistered
   string ":1.409"
   string ""
signal time=1788730827.181326 sender=org.freedesktop.DBus -> destination=(null destination) serial=819 path=/org/freedesktop/DBus; interface=org.freedesktop.DBus; member=NameOwnerChanged
   string ":1.410"
   string ""
   string ":1.410"
signal time=1788730827.181370 sender=org.freedesktop.DBus -> destination=:1.410 serial=2 path=/org/freedesktop/DBus; interface=org.freedesktop.DBus; member=NameAcquired
   string ":1.410"
signal time=1788730827.183618 sender=org.freedesktop.DBus -> destination=:1.410 serial=3 path=/org/freedesktop/DBus; interface=org.freedesktop.DBus; member=NameLost
   string ":1.410"
signal time=1788730827.183653 sender=org.freedesktop.DBus -> destination=(null destination) serial=820 path=/org/freedesktop/DBus; interface=org.freedesktop.DBus; member=NameOwnerChanged
   string ":1.410"
   string ":1.410"
   string ""
signal time=1788730827.183791 sender=:1.2 -> destination=(null destination) serial=457 path=/org/a11y/atspi/registry; interface=org.a11y.atspi.Registry; member=EventListenerDeregistered
   string ":1.410"
   string ""
signal time=1788730827.189791 sender=org.freedesktop.DBus -> destination=(null destination) serial=821 path=/org/freedesktop/DBus; interface=org.freedesktop.DBus; member=NameOwnerChanged
   string ":1.411"
   string ""
   string ":1.411"
signal time=1788730827.189831 sender=org.freedesktop.DBus -> destination=:1.411 serial=2 path=/org/freedesktop/DBus; interface=org.freedesktop.DBus; member=NameAcquired
   string ":1.411"
signal time=1788730827.192039 sender=org.freedesktop.DBus -> destination=:1.411 serial=3 path=/org/freedesktop/DBus; interface=org.freedesktop.DBus; member=NameLost
   string ":1.411"
signal time=1788730827.192074 sender=org.freedesktop.DBus -> destination=(null destination) serial=822 path=/org/freedesktop/DBus; interface=org.freedesktop.DBus; member=NameOwnerChanged
   string ":1.411"
   string ":1.411"
   string ""
signal time=1788730827.192221 sender=:1.2 -> destination=(null destination) serial=458 path=/org/a11y/atspi/registry; interface=org.a11y.atspi.Registry; member=EventListenerDeregistered
   string ":1.411"
   string ""
signal time=1788730827.198569 sender=org.freedesktop.DBus -> destination=(null destination) serial=823 path=/org/freedesktop/DBus; interface=org.freedesktop.DBus; member=NameOwnerChanged
   string ":1.412"
   string ""
   string ":1.412"
signal time=1788730827.198612 sender=org.freedesktop.DBus -> destination=:1.412 serial=2 path=/org/freedesktop/DBus; interface=org.freedesktop.DBus; member=NameAcquired
   string ":1.412"
signal time=1788730827.200704 sender=org.freedesktop.DBus -> destination=:1.412 serial=3 path=/org/freedesktop/DBus; interface=org.freedesktop.DBus; member=NameLost
   string ":1.412"
signal time=1788730827.200732 sender=org.freedesktop.DBus -> destination=(null destination) serial=824 path=/org/freedesktop/DBus; interface=org.freedesktop.DBus; member=NameOwnerChanged
   string ":1.412"
   string ":1.412"
   string ""
signal time=1788730827.200899 sender=:1.2 -> destination=(null destination) serial=459 path=/org/a11y/atspi/registry; interface=org.a11y.atspi.Registry; member=EventListenerDeregistered
   string ":1.412"
   string ""
signal time=1788730827.207577 sender=org.freedesktop.DBus -> destination=(null destination) serial=825 path=/org/freedesktop/DBus; interface=org.freedesktop.DBus; member=NameOwnerChanged
   string ":1.413"
   string ""
   string ":1.413"
signal time=1788730827.207627 sender=org.freedesktop.DBus -> destination=:1.413 serial=2 path=/org/freedesktop/DBus; interface=org.freedesktop.DBus; member=NameAcquired
   string ":1.413"
signal time=1788730827.209555 sender=org.freedesktop.DBus -> destination=:1.413 serial=3 path=/org/freedesktop/DBus; interface=org.freedesktop.DBus; member=NameLost
   string ":1.413"
signal time=1788730827.209579 sender=org.freedesktop.DBus -> destination=(null destination) serial=826 path=/org/freedesktop/DBus; interface=org.freedesktop.DBus; member=NameOwnerChanged
   string ":1.413"
   string ":1.413"
   string ""
signal time=1788730827.209826 sender=:1.2 -> destination=(null destination) serial=460 path=/org/a11y/atspi/registry; interface=org.a11y.atspi.Registry; member=EventListenerDeregistered
   string ":1.413"
   string ""
signal time=1788730827.216521 sender=org.freedesktop.DBus -> destination=(null destination) serial=827 path=/org/freedesktop/DBus; interface=org.freedesktop.DBus; member=NameOwnerChanged
   string ":1.414"
   string ""
   string ":1.414"
signal time=1788730827.216577 sender=org.freedesktop.DBus -> destination=:1.414 serial=2 path=/org/freedesktop/DBus; interface=org.freedesktop.DBus; member=NameAcquired
   string ":1.414"
signal time=1788730827.218360 sender=org.freedesktop.DBus -> destination=:1.414 serial=3 path=/org/freedesktop/DBus; interface=org.freedesktop.DBus; member=NameLost
   string ":1.414"
signal time=1788730827.218394 sender=org.freedesktop.DBus -> destination=(null destination) serial=828 path=/org/freedesktop/DBus; interface=org.freedesktop.DBus; member=NameOwnerChanged
   string ":1.414"
   string ":1.414"
   string ""
signal time=1788730827.218594 sender=:1.2 -> destination=(null destination) serial=461 path=/org/a11y/atspi/registry; interface=org.a11y.atspi.Registry; member=EventListenerDeregistered
   string ":1.414"
   string ""
signal time=1788730827.225407 sender=org.freedesktop.DBus -> destination=(null destination) serial=829 path=/org/freedesktop/DBus; interface=org.freedesktop.DBus; member=NameOwnerChanged
   string ":1.415"
   string ""
   string ":1.415"
signal time=1788730827.225465 sender=org.freedesktop.DBus -> destination=:1.415 serial=2 path=/org/freedesktop/DBus; interface=org.freedesktop.DBus; member=NameAcquired
   string ":1.415"
signal time=1788730827.227687 sender=org.freedesktop.DBus -> destination=:1.415 serial=3 path=/org/freedesktop/DBus; interface=org.freedesktop.DBus; member=NameLost
   string ":1.415"
signal time=1788730827.227731 sender=org.freedesktop.DBus -> destination=(null destination) serial=830 path=/org/freedesktop/DBus; interface=org.freedesktop.DBus; member=NameOwnerChanged
   string ":1.415"
   string ":1.415"
   string ""
signal time=1788730827.227926 sender=:1.2 -> destination=(null destination) serial=462 path=/org/a11y/atspi/registry; interface=org.a11y.atspi.Registry; member=EventListenerDeregistered
   string ":1.415"
   string ""
signal time=1788730827.234006 sender=org.freedesktop.DBus -> destination=(null destination) serial=831 path=/org/freedesktop/DBus; interface=org.freedesktop.DBus; member=NameOwnerChanged
   string ":1.416"
   string ""
   string ":1.416"
signal time=1788730827.234056 sender=org.freedesktop.DBus -> destination=:1.416 serial=2 path=/org/freedesktop/DBus; interface=org.freedesktop.DBus; member=NameAcquired
   string ":1.416"
signal time=1788730827.236288 sender=org.freedesktop.DBus -> destination=:1.416 serial=3 path=/org/freedesktop/DBus; interface=org.freedesktop.DBus; member=NameLost
   string ":1.416"
signal time=1788730827.236320 sender=org.freedesktop.DBus -> destination=(null destination) serial=832 path=/org/freedesktop/DBus; interface=org.freedesktop.DBus; member=NameOwnerChanged
   string ":1.416"
   string ":1.416"
   string ""
signal time=1788730827.236495 sender=:1.2 -> destination=(null destination) serial=463 path=/org/a11y/atspi/registry; interface=org.a11y.atspi.Registry; member=EventListenerDeregistered
   string ":1.416"
   string ""
signal time=1788730827.243162 sender=org.freedesktop.DBus -> destination=(null destination) serial=833 path=/org/freedesktop/DBus; interface=org.freedesktop.DBus; member=NameOwnerChanged
   string ":1.417"
   string ""
   string ":1.417"
signal time=1788730827.243213 sender=org.freedesktop.DBus -> destination=:1.417 serial=2 path=/org/freedesktop/DBus; interface=org.freedesktop.DBus; member=NameAcquired
   string ":1.417"
signal time=1788730827.244860 sender=org.freedesktop.DBus -> destination=:1.417 serial=3 path=/org/freedesktop/DBus; interface=org.freedesktop.DBus; member=NameLost
   string ":1.417"
signal time=1788730827.244889 sender=org.freedesktop.DBus -> destination=(null destination) serial=834 path=/org/freedesktop/DBus; interface=org.freedesktop.DBus; member=NameOwnerChanged
   string ":1.417"
   string ":1.417"
   string ""
signal time=1788730827.245125 sender=:1.2 -> destination=(null destination) serial=464 path=/org/a11y/atspi/registry; interface=org.a11y.atspi.Registry; member=EventListenerDeregistered
   string ":1.417"
   string ""
signal time=1788730827.252397 sender=org.freedesktop.DBus -> destination=(null destination) serial=835 path=/org/freedesktop/DBus; interface=org.freedesktop.DBus; member=NameOwnerChanged
   string ":1.418"
   string ""
   string ":1.418"
signal time=1788730827.252451 sender=org.freedesktop.DBus -> destination=:1.418 serial=2 path=/org/freedesktop/DBus; interface=org.freedesktop.DBus; member=NameAcquired
   string ":1.418"
signal time=1788730827.254585 sender=org.freedesktop.DBus -> destination=:1.418 serial=3 path=/org/freedesktop/DBus; interface=org.freedesktop.DBus; member=NameLost
   string ":1.418"
signal time=1788730827.254627 sender=org.freedesktop.DBus -> destination=(null destination) serial=836 path=/org/freedesktop/DBus; interface=org.freedesktop.DBus; member=NameOwnerChanged
   string ":1.418"
   string ":1.418"
   string ""
signal time=1788730827.254804 sender=:1.2 -> destination=(null destination) serial=465 path=/org/a11y/atspi/registry; interface=org.a11y.atspi.Registry; member=EventListenerDeregistered
   string ":1.418"
   string ""
signal time=1788730827.262407 sender=org.freedesktop.DBus -> destination=(null destination) serial=837 path=/org/freedesktop/DBus; interface=org.freedesktop.DBus; member=NameOwnerChanged
   string ":1.419"
   string ""
   string ":1.419"
signal time=1788730827.262463 sender=org.freedesktop.DBus -> destination=:1.419 serial=2 path=/org/freedesktop/DBus; interface=org.freedesktop.DBus; member=NameAcquired
   string ":1.419"
signal time=1788730827.264484 sender=org.freedesktop.DBus -> destination=:1.419 serial=3 path=/org/freedesktop/DBus; interface=org.freedesktop.DBus; member=NameLost
   string ":1.419"
signal time=1788730827.264535 sender=org.freedesktop.DBus -> destination=(null destination) serial=838 path=/org/freedesktop/DBus; interface=org.freedesktop.DBus; member=NameOwnerChanged
   string ":1.419"
   string ":1.419"
   string ""
signal time=1788730827.264702 sender=:1.2 -> destination=(null destination) serial=466 path=/org/a11y/atspi/registry; interface=org.a11y.atspi.Registry; member=EventListenerDeregistered
   string ":1.419"
   string ""
signal time=1788730827.271387 sender=org.freedesktop.DBus -> destination=(null destination) serial=839 path=/org/freedesktop/DBus; interface=org.freedesktop.DBus; member=NameOwnerChanged
   string ":1.420"
   string ""
   string ":1.420"
signal time=1788730827.271431 sender=org.freedesktop.DBus -> destination=:1.420 serial=2 path=/org/freedesktop/DBus; interface=org.freedesktop.DBus; member=NameAcquired
   string ":1.420"
signal time=1788730827.273453 sender=org.freedesktop.DBus -> destination=:1.420 serial=3 path=/org/freedesktop/DBus; interface=org.freedesktop.DBus; member=NameLost
   string ":1.420"
signal time=1788730827.273480 sender=org.freedesktop.DBus -> destination=(null destination) serial=840 path=/org/freedesktop/DBus; interface=org.freedesktop.DBus; member=NameOwnerChanged
   string ":1.420"
   string ":1.420"
   string ""
signal time=1788730827.273621 sender=:1.2 -> destination=(null destination) serial=467 path=/org/a11y/atspi/registry; interface=org.a11y.atspi.Registry; member=EventListenerDeregistered
   string ":1.420"
   string ""
signal time=1788730827.280385 sender=org.freedesktop.DBus -> destination=(null destination) serial=841 path=/org/freedesktop/DBus; interface=org.freedesktop.DBus; member=NameOwnerChanged
   string ":1.421"
   string ""
   string ":1.421"
signal time=1788730827.280438 sender=org.freedesktop.DBus -> destination=:1.421 serial=2 path=/org/freedesktop/DBus; interface=org.freedesktop.DBus; member=NameAcquired
   string ":1.421"
signal time=1788730827.282188 sender=org.freedesktop.DBus -> destination=:1.421 serial=3 path=/org/freedesktop/DBus; interface=org.freedesktop.DBus; member=NameLost
   string ":1.421"
signal time=1788730827.282220 sender=org.freedesktop.DBus -> destination=(null destination) serial=842 path=/org/freedesktop/DBus; interface=org.freedesktop.DBus; member=NameOwnerChanged
   string ":1.421"
   string ":1.421"
   string ""
signal time=1788730827.282337 sender=:1.2 -> destination=(null destination) serial=468 path=/org/a11y/atspi/registry; interface=org.a11y.atspi.Registry; member=EventListenerDeregistered
   string ":1.421"
   string ""
signal time=1788730827.288984 sender=org.freedesktop.DBus -> destination=(null destination) serial=843 path=/org/freedesktop/DBus; interface=org.freedesktop.DBus; member=NameOwnerChanged
   string ":1.422"
   string ""
   string ":1.422"
signal time=1788730827.289024 sender=org.freedesktop.DBus -> destination=:1.422 serial=2 path=/org/freedesktop/DBus; interface=org.freedesktop.DBus; member=NameAcquired
   string ":1.422"
signal time=1788730827.291164 sender=org.freedesktop.DBus -> destination=:1.422 serial=3 path=/org/freedesktop/DBus; interface=org.freedesktop.DBus; member=NameLost
   string ":1.422"
signal time=1788730827.291203 sender=org.freedesktop.DBus -> destination=(null destination) serial=844 path=/org/freedesktop/DBus; interface=org.freedesktop.DBus; member=NameOwnerChanged
   string ":1.422"
   string ":1.422"
   string ""
signal time=1788730827.291370 sender=:1.2 -> destination=(null destination) serial=469 path=/org/a11y/atspi/registry; interface=org.a11y.atspi.Registry; member=EventListenerDeregistered
   string ":1.422"
   string ""
signal time=1788730827.298064 sender=org.freedesktop.DBus -> destination=(null destination) serial=845 path=/org/freedesktop/DBus; interface=org.freedesktop.DBus; member=NameOwnerChanged
   string ":1.423"
   string ""
   string ":1.423"
signal time=1788730827.298122 sender=org.freedesktop.DBus -> destination=:1.423 serial=2 path=/org/freedesktop/DBus; interface=org.freedesktop.DBus; member=NameAcquired
   string ":1.423"
signal time=1788730827.300421 sender=org.freedesktop.DBus -> destination=:1.423 serial=3 path=/org/freedesktop/DBus; interface=org.freedesktop.DBus; member=NameLost
   string ":1.423"
signal time=1788730827.300446 sender=org.freedesktop.DBus -> destination=(null destination) serial=846 path=/org/freedesktop/DBus; interface=org.freedesktop.DBus; member=NameOwnerChanged
   string ":1.423"
   string ":1.423"
   string ""
signal time=1788730827.300601 sender=:1.2 -> destination=(null destination) serial=470 path=/org/a11y/atspi/registry; interface=org.a11y.atspi.Registry; member=EventListenerDeregistered
   string ":1.423"
   string ""
signal time=1788730827.306662 sender=org.freedesktop.DBus -> destination=(null destination) serial=847 path=/org/freedesktop/DBus; interface=org.freedesktop.DBus; member=NameOwnerChanged
   string ":1.424"
   string ""
   string ":1.424"
signal time=1788730827.306704 sender=org.freedesktop.DBus -> destination=:1.424 serial=2 path=/org/freedesktop/DBus; interface=org.freedesktop.DBus; member=NameAcquired
   string ":1.424"
signal time=1788730827.309200 sender=org.freedesktop.DBus -> destination=:1.424 serial=3 path=/org/freedesktop/DBus; interface=org.freedesktop.DBus; member=NameLost
   string ":1.424"
signal time=1788730827.309229 sender=org.freedesktop.DBus -> destination=(null destination) serial=848 path=/org/freedesktop/DBus; interface=org.freedesktop.DBus; member=NameOwnerChanged
   string ":1.424"
   string ":1.424"
   string ""
signal time=1788730827.309363 sender=:1.2 -> destination=(null destination) serial=471 path=/org/a11y/atspi/registry; interface=org.a11y.atspi.Registry; member=EventListenerDeregistered
   string ":1.424"
   string ""
signal time=1788730827.315751 sender=org.freedesktop.DBus -> destination=(null destination) serial=849 path=/org/freedesktop/DBus; interface=org.freedesktop.DBus; member=NameOwnerChanged
   string ":1.425"
   string ""
   string ":1.425"
signal time=1788730827.315798 sender=org.freedesktop.DBus -> destination=:1.425 serial=2 path=/org/freedesktop/DBus; interface=org.freedesktop.DBus; member=NameAcquired
   string ":1.425"
signal time=1788730827.317743 sender=org.freedesktop.DBus -> destination=:1.425 serial=3 path=/org/freedesktop/DBus; interface=org.freedesktop.DBus; member=NameLost
   string ":1.425"
signal time=1788730827.317777 sender=org.freedesktop.DBus -> destination=(null destination) serial=850 path=/org/freedesktop/DBus; interface=org.freedesktop.DBus; member=NameOwnerChanged
   string ":1.425"
   string ":1.425"
   string ""
signal time=1788730827.317895 sender=:1.2 -> destination=(null destination) serial=472 path=/org/a11y/atspi/registry; interface=org.a11y.atspi.Registry; member=EventListenerDeregistered
   string ":1.425"
   string ""
signal time=1788730827.324559 sender=org.freedesktop.DBus -> destination=(null destination) serial=851 path=/org/freedesktop/DBus; interface=org.freedesktop.DBus; member=NameOwnerChanged
   string ":1.426"
   string ""
   string ":1.426"
signal time=1788730827.324608 sender=org.freedesktop.DBus -> destination=:1.426 serial=2 path=/org/freedesktop/DBus; interface=org.freedesktop.DBus; member=NameAcquired
   string ":1.426"
signal time=1788730827.327096 sender=org.freedesktop.DBus -> destination=:1.426 serial=3 path=/org/freedesktop/DBus; interface=org.freedesktop.DBus; member=NameLost
   string ":1.426"
signal time=1788730827.327137 sender=org.freedesktop.DBus -> destination=(null destination) serial=852 path=/org/freedesktop/DBus; interface=org.freedesktop.DBus; member=NameOwnerChanged
   string ":1.426"
   string ":1.426"
   string ""
signal time=1788730827.327252 sender=:1.2 -> destination=(null destination) serial=473 path=/org/a11y/atspi/registry; interface=org.a11y.atspi.Registry; member=EventListenerDeregistered
   string ":1.426"
   string ""
signal time=1788730827.333661 sender=org.freedesktop.DBus -> destination=(null destination) serial=853 path=/org/freedesktop/DBus; interface=org.freedesktop.DBus; member=NameOwnerChanged
   string ":1.427"
   string ""
   string ":1.427"
signal time=1788730827.333729 sender=org.freedesktop.DBus -> destination=:1.427 serial=2 path=/org/freedesktop/DBus; interface=org.freedesktop.DBus; member=NameAcquired
   string ":1.427"
signal time=1788730827.336037 sender=org.freedesktop.DBus -> destination=:1.427 serial=3 path=/org/freedesktop/DBus; interface=org.freedesktop.DBus; member=NameLost
   string ":1.427"
signal time=1788730827.336076 sender=org.freedesktop.DBus -> destination=(null destination) serial=854 path=/org/freedesktop/DBus; interface=org.freedesktop.DBus; member=NameOwnerChanged
   string ":1.427"
   string ":1.427"
   string ""
signal time=1788730827.336135 sender=:1.2 -> destination=(null destination) serial=474 path=/org/a11y/atspi/registry; interface=org.a11y.atspi.Registry; member=EventListenerDeregistered
   string ":1.427"
   string ""
signal time=1788730827.342942 sender=org.freedesktop.DBus -> destination=(null destination) serial=855 path=/org/freedesktop/DBus; interface=org.freedesktop.DBus; member=NameOwnerChanged
   string ":1.428"
   string ""
   string ":1.428"
signal time=1788730827.342994 sender=org.freedesktop.DBus -> destination=:1.428 serial=2 path=/org/freedesktop/DBus; interface=org.freedesktop.DBus; member=NameAcquired
   string ":1.428"
signal time=1788730827.344924 sender=org.freedesktop.DBus -> destination=:1.428 serial=3 path=/org/freedesktop/DBus; interface=org.freedesktop.DBus; member=NameLost
   string ":1.428"
signal time=1788730827.344982 sender=org.freedesktop.DBus -> destination=(null destination) serial=856 path=/org/freedesktop/DBus; interface=org.freedesktop.DBus; member=NameOwnerChanged
   string ":1.428"
   string ":1.428"
   string ""
signal time=1788730827.345117 sender=:1.2 -> destination=(null destination) serial=475 path=/org/a11y/atspi/registry; interface=org.a11y.atspi.Registry; member=EventListenerDeregistered
   string ":1.428"
   string ""
signal time=1788730827.352233 sender=org.freedesktop.DBus -> destination=(null destination) serial=857 path=/org/freedesktop/DBus; interface=org.freedesktop.DBus; member=NameOwnerChanged
   string ":1.429"
   string ""
   string ":1.429"
signal time=1788730827.352282 sender=org.freedesktop.DBus -> destination=:1.429 serial=2 path=/org/freedesktop/DBus; interface=org.freedesktop.DBus; member=NameAcquired
   string ":1.429"
signal time=1788730827.356653 sender=org.freedesktop.DBus -> destination=:1.429 serial=3 path=/org/freedesktop/DBus; interface=org.freedesktop.DBus; member=NameLost
   string ":1.429"
signal time=1788730827.356693 sender=org.freedesktop.DBus -> destination=(null destination) serial=858 path=/org/freedesktop/DBus; interface=org.freedesktop.DBus; member=NameOwnerChanged
   string ":1.429"
   string ":1.429"
   string ""
signal time=1788730827.356839 sender=:1.2 -> destination=(null destination) serial=476 path=/org/a11y/atspi/registry; interface=org.a11y.atspi.Registry; member=EventListenerDeregistered
   string ":1.429"
   string ""
signal time=1788730827.361799 sender=org.freedesktop.DBus -> destination=(null destination) serial=859 path=/org/freedesktop/DBus; interface=org.freedesktop.DBus; member=NameOwnerChanged
   string ":1.430"
   string ""
   string ":1.430"
signal time=1788730827.361866 sender=org.freedesktop.DBus -> destination=:1.430 serial=2 path=/org/freedesktop/DBus; interface=org.freedesktop.DBus; member=NameAcquired
   string ":1.430"
signal time=1788730827.364496 sender=org.freedesktop.DBus -> destination=:1.430 serial=3 path=/org/freedesktop/DBus; interface=org.freedesktop.DBus; member=NameLost
   string ":1.430"
signal time=1788730827.364532 sender=org.freedesktop.DBus -> destination=(null destination) serial=860 path=/org/freedesktop/DBus; interface=org.freedesktop.DBus; member=NameOwnerChanged
   string ":1.430"
   string ":1.430"
   string ""
signal time=1788730827.364726 sender=:1.2 -> destination=(null destination) serial=477 path=/org/a11y/atspi/registry; interface=org.a11y.atspi.Registry; member=EventListenerDeregistered
   string ":1.430"
   string ""
signal time=1788730827.370943 sender=org.freedesktop.DBus -> destination=(null destination) serial=861 path=/org/freedesktop/DBus; interface=org.freedesktop.DBus; member=NameOwnerChanged
   string ":1.431"
   string ""
   string ":1.431"
signal time=1788730827.370994 sender=org.freedesktop.DBus -> destination=:1.431 serial=2 path=/org/freedesktop/DBus; interface=org.freedesktop.DBus; member=NameAcquired
   string ":1.431"
signal time=1788730827.373319 sender=org.freedesktop.DBus -> destination=:1.431 serial=3 path=/org/freedesktop/DBus; interface=org.freedesktop.DBus; member=NameLost
   string ":1.431"
signal time=1788730827.373347 sender=org.freedesktop.DBus -> destination=(null destination) serial=862 path=/org/freedesktop/DBus; interface=org.freedesktop.DBus; member=NameOwnerChanged
   string ":1.431"
   string ":1.431"
   string ""
signal time=1788730827.373506 sender=:1.2 -> destination=(null destination) serial=478 path=/org/a11y/atspi/registry; interface=org.a11y.atspi.Registry; member=EventListenerDeregistered
   string ":1.431"
   string ""
signal time=1788730827.380209 sender=org.freedesktop.DBus -> destination=(null destination) serial=863 path=/org/freedesktop/DBus; interface=org.freedesktop.DBus; member=NameOwnerChanged
   string ":1.432"
   string ""
   string ":1.432"
signal time=1788730827.380253 sender=org.freedesktop.DBus -> destination=:1.432 serial=2 path=/org/freedesktop/DBus; interface=org.freedesktop.DBus; member=NameAcquired
   string ":1.432"
signal time=1788730827.382707 sender=org.freedesktop.DBus -> destination=:1.432 serial=3 path=/org/freedesktop/DBus; interface=org.freedesktop.DBus; member=NameLost
   string ":1.432"
signal time=1788730827.382742 sender=org.freedesktop.DBus -> destination=(null destination) serial=864 path=/org/freedesktop/DBus; interface=org.freedesktop.DBus; member=NameOwnerChanged
   string ":1.432"
   string ":1.432"
   string ""
signal time=1788730827.382868 sender=:1.2 -> destination=(null destination) serial=479 path=/org/a11y/atspi/registry; interface=org.a11y.atspi.Registry; member=EventListenerDeregistered
   string ":1.432"
   string ""
signal time=1788730827.389147 sender=org.freedesktop.DBus -> destination=(null destination) serial=865 path=/org/freedesktop/DBus; interface=org.freedesktop.DBus; member=NameOwnerChanged
   string ":1.433"
   string ""
   string ":1.433"
signal time=1788730827.389189 sender=org.freedesktop.DBus -> destination=:1.433 serial=2 path=/org/freedesktop/DBus; interface=org.freedesktop.DBus; member=NameAcquired
   string ":1.433"
signal time=1788730827.391425 sender=org.freedesktop.DBus -> destination=:1.433 serial=3 path=/org/freedesktop/DBus; interface=org.freedesktop.DBus; member=NameLost
   string ":1.433"
signal time=1788730827.391458 sender=org.freedesktop.DBus -> destination=(null destination) serial=866 path=/org/freedesktop/DBus; interface=org.freedesktop.DBus; member=NameOwnerChanged
   string ":1.433"
   string ":1.433"
   string ""
signal time=1788730827.391647 sender=:1.2 -> destination=(null destination) serial=480 path=/org/a11y/atspi/registry; interface=org.a11y.atspi.Registry; member=EventListenerDeregistered
   string ":1.433"
   string ""
signal time=1788730827.398031 sender=org.freedesktop.DBus -> destination=(null destination) serial=867 path=/org/freedesktop/DBus; interface=org.freedesktop.DBus; member=NameOwnerChanged
   string ":1.434"
   string ""
   string ":1.434"
signal time=1788730827.398074 sender=org.freedesktop.DBus -> destination=:1.434 serial=2 path=/org/freedesktop/DBus; interface=org.freedesktop.DBus; member=NameAcquired
   string ":1.434"
signal time=1788730827.400139 sender=org.freedesktop.DBus -> destination=:1.434 serial=3 path=/org/freedesktop/DBus; interface=org.freedesktop.DBus; member=NameLost
   string ":1.434"
signal time=1788730827.400168 sender=org.freedesktop.DBus -> destination=(null destination) serial=868 path=/org/freedesktop/DBus; interface=org.freedesktop.DBus; member=NameOwnerChanged
   string ":1.434"
   string ":1.434"
   string ""
signal time=1788730827.400335 sender=:1.2 -> destination=(null destination) serial=481 path=/org/a11y/atspi/registry; interface=org.a11y.atspi.Registry; member=EventListenerDeregistered
   string ":1.434"
   string ""
signal time=1788730827.406243 sender=org.freedesktop.DBus -> destination=(null destination) serial=869 path=/org/freedesktop/DBus; interface=org.freedesktop.DBus; member=NameOwnerChanged
   string ":1.435"
   string ""
   string ":1.435"
signal time=1788730827.406283 sender=org.freedesktop.DBus -> destination=:1.435 serial=2 path=/org/freedesktop/DBus; interface=org.freedesktop.DBus; member=NameAcquired
   string ":1.435"
signal time=1788730827.408222 sender=org.freedesktop.DBus -> destination=:1.435 serial=3 path=/org/freedesktop/DBus; interface=org.freedesktop.DBus; member=NameLost
   string ":1.435"
signal time=1788730827.408249 sender=org.freedesktop.DBus -> destination=(null destination) serial=870 path=/org/freedesktop/DBus; interface=org.freedesktop.DBus; member=NameOwnerChanged
   string ":1.435"
   string ":1.435"
   string ""
signal time=1788730827.408440 sender=:1.2 -> destination=(null destination) serial=482 path=/org/a11y/atspi/registry; interface=org.a11y.atspi.Registry; member=EventListenerDeregistered
   string ":1.435"
   string ""
signal time=1788730827.415846 sender=org.freedesktop.DBus -> destination=(null destination) serial=871 path=/org/freedesktop/DBus; interface=org.freedesktop.DBus; member=NameOwnerChanged
   string ":1.436"
   string ""
   string ":1.436"
signal time=1788730827.415893 sender=org.freedesktop.DBus -> destination=:1.436 serial=2 path=/org/freedesktop/DBus; interface=org.freedesktop.DBus; member=NameAcquired
   string ":1.436"
signal time=1788730827.418844 sender=org.freedesktop.DBus -> destination=:1.436 serial=3 path=/org/freedesktop/DBus; interface=org.freedesktop.DBus; member=NameLost
   string ":1.436"
signal time=1788730827.418889 sender=org.freedesktop.DBus -> destination=(null destination) serial=872 path=/org/freedesktop/DBus; interface=org.freedesktop.DBus; member=NameOwnerChanged
   string ":1.436"
   string ":1.436"
   string ""
signal time=1788730827.418926 sender=:1.2 -> destination=(null destination) serial=483 path=/org/a11y/atspi/registry; interface=org.a11y.atspi.Registry; member=EventListenerDeregistered
   string ":1.436"
   string ""
signal time=1788730827.426716 sender=org.freedesktop.DBus -> destination=(null destination) serial=873 path=/org/freedesktop/DBus; interface=org.freedesktop.DBus; member=NameOwnerChanged
   string ":1.437"
   string ""
   string ":1.437"
signal time=1788730827.426764 sender=org.freedesktop.DBus -> destination=:1.437 serial=2 path=/org/freedesktop/DBus; interface=org.freedesktop.DBus; member=NameAcquired
   string ":1.437"
signal time=1788730827.429016 sender=org.freedesktop.DBus -> destination=:1.437 serial=3 path=/org/freedesktop/DBus; interface=org.freedesktop.DBus; member=NameLost
   string ":1.437"
signal time=1788730827.429056 sender=org.freedesktop.DBus -> destination=(null destination) serial=874 path=/org/freedesktop/DBus; interface=org.freedesktop.DBus; member=NameOwnerChanged
   string ":1.437"
   string ":1.437"
   string ""
signal time=1788730827.429287 sender=:1.2 -> destination=(null destination) serial=484 path=/org/a11y/atspi/registry; interface=org.a11y.atspi.Registry; member=EventListenerDeregistered
   string ":1.437"
   string ""
signal time=1788730827.435976 sender=org.freedesktop.DBus -> destination=(null destination) serial=875 path=/org/freedesktop/DBus; interface=org.freedesktop.DBus; member=NameOwnerChanged
   string ":1.438"
   string ""
   string ":1.438"
signal time=1788730827.436031 sender=org.freedesktop.DBus -> destination=:1.438 serial=2 path=/org/freedesktop/DBus; interface=org.freedesktop.DBus; member=NameAcquired
   string ":1.438"
signal time=1788730827.438461 sender=org.freedesktop.DBus -> destination=:1.438 serial=3 path=/org/freedesktop/DBus; interface=org.freedesktop.DBus; member=NameLost
   string ":1.438"
signal time=1788730827.438493 sender=org.freedesktop.DBus -> destination=(null destination) serial=876 path=/org/freedesktop/DBus; interface=org.freedesktop.DBus; member=NameOwnerChanged
   string ":1.438"
   string ":1.438"
   string ""
signal time=1788730827.438673 sender=:1.2 -> destination=(null destination) serial=485 path=/org/a11y/atspi/registry; interface=org.a11y.atspi.Registry; member=EventListenerDeregistered
   string ":1.438"
   string ""
signal time=1788730827.445344 sender=org.freedesktop.DBus -> destination=(null destination) serial=877 path=/org/freedesktop/DBus; interface=org.freedesktop.DBus; member=NameOwnerChanged
   string ":1.439"
   string ""
   string ":1.439"
signal time=1788730827.445402 sender=org.freedesktop.DBus -> destination=:1.439 serial=2 path=/org/freedesktop/DBus; interface=org.freedesktop.DBus; member=NameAcquired
   string ":1.439"
signal time=1788730827.447996 sender=org.freedesktop.DBus -> destination=:1.439 serial=3 path=/org/freedesktop/DBus; interface=org.freedesktop.DBus; member=NameLost
   string ":1.439"
signal time=1788730827.448046 sender=org.freedesktop.DBus -> destination=(null destination) serial=878 path=/org/freedesktop/DBus; interface=org.freedesktop.DBus; member=NameOwnerChanged
   string ":1.439"
   string ":1.439"
   string ""
signal time=1788730827.448175 sender=:1.2 -> destination=(null destination) serial=486 path=/org/a11y/atspi/registry; interface=org.a11y.atspi.Registry; member=EventListenerDeregistered
   string ":1.439"
   string ""
signal time=1788730827.453832 sender=org.freedesktop.DBus -> destination=(null destination) serial=879 path=/org/freedesktop/DBus; interface=org.freedesktop.DBus; member=NameOwnerChanged
   string ":1.440"
   string ""
   string ":1.440"
signal time=1788730827.453871 sender=org.freedesktop.DBus -> destination=:1.440 serial=2 path=/org/freedesktop/DBus; interface=org.freedesktop.DBus; member=NameAcquired
   string ":1.440"
signal time=1788730827.455881 sender=org.freedesktop.DBus -> destination=:1.440 serial=3 path=/org/freedesktop/DBus; interface=org.freedesktop.DBus; member=NameLost
   string ":1.440"
signal time=1788730827.455907 sender=org.freedesktop.DBus -> destination=(null destination) serial=880 path=/org/freedesktop/DBus; interface=org.freedesktop.DBus; member=NameOwnerChanged
   string ":1.440"
   string ":1.440"
   string ""
signal time=1788730827.456032 sender=:1.2 -> destination=(null destination) serial=487 path=/org/a11y/atspi/registry; interface=org.a11y.atspi.Registry; member=EventListenerDeregistered
   string ":1.440"
   string ""
signal time=1788730827.460943 sender=org.freedesktop.DBus -> destination=(null destination) serial=881 path=/org/freedesktop/DBus; interface=org.freedesktop.DBus; member=NameOwnerChanged
   string ":1.441"
   string ""
   string ":1.441"
signal time=1788730827.460982 sender=org.freedesktop.DBus -> destination=:1.441 serial=2 path=/org/freedesktop/DBus; interface=org.freedesktop.DBus; member=NameAcquired
   string ":1.441"
signal time=1788730827.463232 sender=org.freedesktop.DBus -> destination=:1.441 serial=3 path=/org/freedesktop/DBus; interface=org.freedesktop.DBus; member=NameLost
   string ":1.441"
signal time=1788730827.463265 sender=org.freedesktop.DBus -> destination=(null destination) serial=882 path=/org/freedesktop/DBus; interface=org.freedesktop.DBus; member=NameOwnerChanged
   string ":1.441"
   string ":1.441"
   string ""
signal time=1788730827.463395 sender=:1.2 -> destination=(null destination) serial=488 path=/org/a11y/atspi/registry; interface=org.a11y.atspi.Registry; member=EventListenerDeregistered
   string ":1.441"
   string ""
signal time=1788730827.467930 sender=org.freedesktop.DBus -> destination=(null destination) serial=883 path=/org/freedesktop/DBus; interface=org.freedesktop.DBus; member=NameOwnerChanged
   string ":1.442"
   string ""
   string ":1.442"
signal time=1788730827.467959 sender=org.freedesktop.DBus -> destination=:1.442 serial=2 path=/org/freedesktop/DBus; interface=org.freedesktop.DBus; member=NameAcquired
   string ":1.442"
signal time=1788730827.469658 sender=org.freedesktop.DBus -> destination=:1.442 serial=3 path=/org/freedesktop/DBus; interface=org.freedesktop.DBus; member=NameLost
   string ":1.442"
signal time=1788730827.469679 sender=org.freedesktop.DBus -> destination=(null destination) serial=884 path=/org/freedesktop/DBus; interface=org.freedesktop.DBus; member=NameOwnerChanged
   string ":1.442"
   string ":1.442"
   string ""
signal time=1788730827.469835 sender=:1.2 -> destination=(null destination) serial=489 path=/org/a11y/atspi/registry; interface=org.a11y.atspi.Registry; member=EventListenerDeregistered
   string ":1.442"
   string ""
signal time=1788730827.473973 sender=org.freedesktop.DBus -> destination=(null destination) serial=885 path=/org/freedesktop/DBus; interface=org.freedesktop.DBus; member=NameOwnerChanged
   string ":1.443"
   string ""
   string ":1.443"
signal time=1788730827.474003 sender=org.freedesktop.DBus -> destination=:1.443 serial=2 path=/org/freedesktop/DBus; interface=org.freedesktop.DBus; member=NameAcquired
   string ":1.443"
signal time=1788730827.475619 sender=org.freedesktop.DBus -> destination=:1.443 serial=3 path=/org/freedesktop/DBus; interface=org.freedesktop.DBus; member=NameLost
   string ":1.443"
signal time=1788730827.475643 sender=org.freedesktop.DBus -> destination=(null destination) serial=886 path=/org/freedesktop/DBus; interface=org.freedesktop.DBus; member=NameOwnerChanged
   string ":1.443"
   string ":1.443"
   string ""
signal time=1788730827.475790 sender=:1.2 -> destination=(null destination) serial=490 path=/org/a11y/atspi/registry; interface=org.a11y.atspi.Registry; member=EventListenerDeregistered
   string ":1.443"
   string ""
signal time=1788730827.480502 sender=org.freedesktop.DBus -> destination=(null destination) serial=887 path=/org/freedesktop/DBus; interface=org.freedesktop.DBus; member=NameOwnerChanged
   string ":1.444"
   string ""
   string ":1.444"
signal time=1788730827.480534 sender=org.freedesktop.DBus -> destination=:1.444 serial=2 path=/org/freedesktop/DBus; interface=org.freedesktop.DBus; member=NameAcquired
   string ":1.444"
signal time=1788730827.481858 sender=org.freedesktop.DBus -> destination=:1.444 serial=3 path=/org/freedesktop/DBus; interface=org.freedesktop.DBus; member=NameLost
   string ":1.444"
signal time=1788730827.481888 sender=org.freedesktop.DBus -> destination=(null destination) serial=888 path=/org/freedesktop/DBus; interface=org.freedesktop.DBus; member=NameOwnerChanged
   string ":1.444"
   string ":1.444"
   string ""
signal time=1788730827.481990 sender=:1.2 -> destination=(null destination) serial=491 path=/org/a11y/atspi/registry; interface=org.a11y.atspi.Registry; member=EventListenerDeregistered
   string ":1.444"
   string ""
signal time=1788730827.487014 sender=org.freedesktop.DBus -> destination=(null destination) serial=889 path=/org/freedesktop/DBus; interface=org.freedesktop.DBus; member=NameOwnerChanged
   string ":1.445"
   string ""
   string ":1.445"
signal time=1788730827.487050 sender=org.freedesktop.DBus -> destination=:1.445 serial=2 path=/org/freedesktop/DBus; interface=org.freedesktop.DBus; member=NameAcquired
   string ":1.445"
signal time=1788730827.488174 sender=org.freedesktop.DBus -> destination=:1.445 serial=3 path=/org/freedesktop/DBus; interface=org.freedesktop.DBus; member=NameLost
   string ":1.445"
signal time=1788730827.488194 sender=org.freedesktop.DBus -> destination=(null destination) serial=890 path=/org/freedesktop/DBus; interface=org.freedesktop.DBus; member=NameOwnerChanged
   string ":1.445"
   string ":1.445"
   string ""
signal time=1788730827.488313 sender=:1.2 -> destination=(null destination) serial=492 path=/org/a11y/atspi/registry; interface=org.a11y.atspi.Registry; member=EventListenerDeregistered
   string ":1.445"
   string ""
signal time=1788730827.493666 sender=org.freedesktop.DBus -> destination=(null destination) serial=891 path=/org/freedesktop/DBus; interface=org.freedesktop.DBus; member=NameOwnerChanged
   string ":1.446"
   string ""
   string ":1.446"
signal time=1788730827.493698 sender=org.freedesktop.DBus -> destination=:1.446 serial=2 path=/org/freedesktop/DBus; interface=org.freedesktop.DBus; member=NameAcquired
   string ":1.446"
signal time=1788730827.495506 sender=org.freedesktop.DBus -> destination=:1.446 serial=3 path=/org/freedesktop/DBus; interface=org.freedesktop.DBus; member=NameLost
   string ":1.446"
signal time=1788730827.495535 sender=org.freedesktop.DBus -> destination=(null destination) serial=892 path=/org/freedesktop/DBus; interface=org.freedesktop.DBus; member=NameOwnerChanged
   string ":1.446"
   string ":1.446"
   string ""
signal time=1788730827.495686 sender=:1.2 -> destination=(null destination) serial=493 path=/org/a11y/atspi/registry; interface=org.a11y.atspi.Registry; member=EventListenerDeregistered
   string ":1.446"
   string ""
signal time=1788730827.499845 sender=org.freedesktop.DBus -> destination=(null destination) serial=893 path=/org/freedesktop/DBus; interface=org.freedesktop.DBus; member=NameOwnerChanged
   string ":1.447"
   string ""
   string ":1.447"
signal time=1788730827.499876 sender=org.freedesktop.DBus -> destination=:1.447 serial=2 path=/org/freedesktop/DBus; interface=org.freedesktop.DBus; member=NameAcquired
   string ":1.447"
signal time=1788730827.501360 sender=org.freedesktop.DBus -> destination=:1.447 serial=3 path=/org/freedesktop/DBus; interface=org.freedesktop.DBus; member=NameLost
   string ":1.447"
signal time=1788730827.501377 sender=org.freedesktop.DBus -> destination=(null destination) serial=894 path=/org/freedesktop/DBus; interface=org.freedesktop.DBus; member=NameOwnerChanged
   string ":1.447"
   string ":1.447"
   string ""
signal time=1788730827.501444 sender=:1.2 -> destination=(null destination) serial=494 path=/org/a11y/atspi/registry; interface=org.a11y.atspi.Registry; member=EventListenerDeregistered
   string ":1.447"
   string ""
signal time=1788730827.505377 sender=org.freedesktop.DBus -> destination=(null destination) serial=895 path=/org/freedesktop/DBus; interface=org.freedesktop.DBus; member=NameOwnerChanged
   string ":1.448"
   string ""
   string ":1.448"
signal time=1788730827.505402 sender=org.freedesktop.DBus -> destination=:1.448 serial=2 path=/org/freedesktop/DBus; interface=org.freedesktop.DBus; member=NameAcquired
   string ":1.448"
signal time=1788730827.506799 sender=org.freedesktop.DBus -> destination=:1.448 serial=3 path=/org/freedesktop/DBus; interface=org.freedesktop.DBus; member=NameLost
   string ":1.448"
signal time=1788730827.506818 sender=org.freedesktop.DBus -> destination=(null destination) serial=896 path=/org/freedesktop/DBus; interface=org.freedesktop.DBus; member=NameOwnerChanged
   string ":1.448"
   string ":1.448"
   string ""
signal time=1788730827.506942 sender=:1.2 -> destination=(null destination) serial=495 path=/org/a11y/atspi/registry; interface=org.a11y.atspi.Registry; member=EventListenerDeregistered
   string ":1.448"
   string ""
signal time=1788730827.510817 sender=org.freedesktop.DBus -> destination=(null destination) serial=897 path=/org/freedesktop/DBus; interface=org.freedesktop.DBus; member=NameOwnerChanged
   string ":1.449"
   string ""
   string ":1.449"
signal time=1788730827.510852 sender=org.freedesktop.DBus -> destination=:1.449 serial=2 path=/org/freedesktop/DBus; interface=org.freedesktop.DBus; member=NameAcquired
   string ":1.449"
signal time=1788730827.512023 sender=org.freedesktop.DBus -> destination=:1.449 serial=3 path=/org/freedesktop/DBus; interface=org.freedesktop.DBus; member=NameLost
   string ":1.449"
signal time=1788730827.512045 sender=org.freedesktop.DBus -> destination=(null destination) serial=898 path=/org/freedesktop/DBus; interface=org.freedesktop.DBus; member=NameOwnerChanged
   string ":1.449"
   string ":1.449"
   string ""
signal time=1788730827.512165 sender=:1.2 -> destination=(null destination) serial=496 path=/org/a11y/atspi/registry; interface=org.a11y.atspi.Registry; member=EventListenerDeregistered
   string ":1.449"
   string ""
signal time=1788730827.516309 sender=org.freedesktop.DBus -> destination=(null destination) serial=899 path=/org/freedesktop/DBus; interface=org.freedesktop.DBus; member=NameOwnerChanged
   string ":1.450"
   string ""
   string ":1.450"
signal time=1788730827.516335 sender=org.freedesktop.DBus -> destination=:1.450 serial=2 path=/org/freedesktop/DBus; interface=org.freedesktop.DBus; member=NameAcquired
   string ":1.450"
signal time=1788730827.517577 sender=org.freedesktop.DBus -> destination=:1.450 serial=3 path=/org/freedesktop/DBus; interface=org.freedesktop.DBus; member=NameLost
   string ":1.450"
signal time=1788730827.517613 sender=org.freedesktop.DBus -> destination=(null destination) serial=900 path=/org/freedesktop/DBus; interface=org.freedesktop.DBus; member=NameOwnerChanged
   string ":1.450"
   string ":1.450"
   string ""
signal time=1788730827.517709 sender=:1.2 -> destination=(null destination) serial=497 path=/org/a11y/atspi/registry; interface=org.a11y.atspi.Registry; member=EventListenerDeregistered
   string ":1.450"
   string ""
signal time=1788730827.521560 sender=org.freedesktop.DBus -> destination=(null destination) serial=901 path=/org/freedesktop/DBus; interface=org.freedesktop.DBus; member=NameOwnerChanged
   string ":1.451"
   string ""
   string ":1.451"
signal time=1788730827.521597 sender=org.freedesktop.DBus -> destination=:1.451 serial=2 path=/org/freedesktop/DBus; interface=org.freedesktop.DBus; member=NameAcquired
   string ":1.451"
signal time=1788730827.522987 sender=org.freedesktop.DBus -> destination=:1.451 serial=3 path=/org/freedesktop/DBus; interface=org.freedesktop.DBus; member=NameLost
   string ":1.451"
signal time=1788730827.523004 sender=org.freedesktop.DBus -> destination=(null destination) serial=902 path=/org/freedesktop/DBus; interface=org.freedesktop.DBus; member=NameOwnerChanged
   string ":1.451"
   string ":1.451"
   string ""
signal time=1788730827.523109 sender=:1.2 -> destination=(null destination) serial=498 path=/org/a11y/atspi/registry; interface=org.a11y.atspi.Registry; member=EventListenerDeregistered
   string ":1.451"
   string ""
signal time=1788730827.527446 sender=org.freedesktop.DBus -> destination=(null destination) serial=903 path=/org/freedesktop/DBus; interface=org.freedesktop.DBus; member=NameOwnerChanged
   string ":1.452"
   string ""
   string ":1.452"
signal time=1788730827.527479 sender=org.freedesktop.DBus -> destination=:1.452 serial=2 path=/org/freedesktop/DBus; interface=org.freedesktop.DBus; member=NameAcquired
   string ":1.452"
signal time=1788730827.528860 sender=org.freedesktop.DBus -> destination=:1.452 serial=3 path=/org/freedesktop/DBus; interface=org.freedesktop.DBus; member=NameLost
   string ":1.452"
signal time=1788730827.528876 sender=org.freedesktop.DBus -> destination=(null destination) serial=904 path=/org/freedesktop/DBus; interface=org.freedesktop.DBus; member=NameOwnerChanged
   string ":1.452"
   string ":1.452"
   string ""
signal time=1788730827.528961 sender=:1.2 -> destination=(null destination) serial=499 path=/org/a11y/atspi/registry; interface=org.a11y.atspi.Registry; member=EventListenerDeregistered
   string ":1.452"
   string ""
signal time=1788730827.532827 sender=org.freedesktop.DBus -> destination=(null destination) serial=905 path=/org/freedesktop/DBus; interface=org.freedesktop.DBus; member=NameOwnerChanged
   string ":1.453"
   string ""
   string ":1.453"
signal time=1788730827.532857 sender=org.freedesktop.DBus -> destination=:1.453 serial=2 path=/org/freedesktop/DBus; interface=org.freedesktop.DBus; member=NameAcquired
   string ":1.453"
signal time=1788730827.534242 sender=org.freedesktop.DBus -> destination=:1.453 serial=3 path=/org/freedesktop/DBus; interface=org.freedesktop.DBus; member=NameLost
   string ":1.453"
signal time=1788730827.534263 sender=org.freedesktop.DBus -> destination=(null destination) serial=906 path=/org/freedesktop/DBus; interface=org.freedesktop.DBus; member=NameOwnerChanged
   string ":1.453"
   string ":1.453"
   string ""
signal time=1788730827.534389 sender=:1.2 -> destination=(null destination) serial=500 path=/org/a11y/atspi/registry; interface=org.a11y.atspi.Registry; member=EventListenerDeregistered
   string ":1.453"
   string ""
signal time=1788730827.538035 sender=org.freedesktop.DBus -> destination=(null destination) serial=907 path=/org/freedesktop/DBus; interface=org.freedesktop.DBus; member=NameOwnerChanged
   string ":1.454"
   string ""
   string ":1.454"
signal time=1788730827.538072 sender=org.freedesktop.DBus -> destination=:1.454 serial=2 path=/org/freedesktop/DBus; interface=org.freedesktop.DBus; member=NameAcquired
   string ":1.454"
signal time=1788730827.539397 sender=org.freedesktop.DBus -> destination=:1.454 serial=3 path=/org/freedesktop/DBus; interface=org.freedesktop.DBus; member=NameLost
   string ":1.454"
signal time=1788730827.539415 sender=org.freedesktop.DBus -> destination=(null destination) serial=908 path=/org/freedesktop/DBus; interface=org.freedesktop.DBus; member=NameOwnerChanged
   string ":1.454"
   string ":1.454"
   string ""
signal time=1788730827.539496 sender=:1.2 -> destination=(null destination) serial=501 path=/org/a11y/atspi/registry; interface=org.a11y.atspi.Registry; member=EventListenerDeregistered
   string ":1.454"
   string ""
signal time=1788730827.543468 sender=org.freedesktop.DBus -> destination=(null destination) serial=909 path=/org/freedesktop/DBus; interface=org.freedesktop.DBus; member=NameOwnerChanged
   string ":1.455"
   string ""
   string ":1.455"
signal time=1788730827.543500 sender=org.freedesktop.DBus -> destination=:1.455 serial=2 path=/org/freedesktop/DBus; interface=org.freedesktop.DBus; member=NameAcquired
   string ":1.455"
signal time=1788730827.545196 sender=org.freedesktop.DBus -> destination=:1.455 serial=3 path=/org/freedesktop/DBus; interface=org.freedesktop.DBus; member=NameLost
   string ":1.455"
signal time=1788730827.545219 sender=org.freedesktop.DBus -> destination=(null destination) serial=910 path=/org/freedesktop/DBus; interface=org.freedesktop.DBus; member=NameOwnerChanged
   string ":1.455"
   string ":1.455"
   string ""
signal time=1788730827.545323 sender=:1.2 -> destination=(null destination) serial=502 path=/org/a11y/atspi/registry; interface=org.a11y.atspi.Registry; member=EventListenerDeregistered
   string ":1.455"
   string ""
signal time=1788730827.549346 sender=org.freedesktop.DBus -> destination=(null destination) serial=911 path=/org/freedesktop/DBus; interface=org.freedesktop.DBus; member=NameOwnerChanged
   string ":1.456"
   string ""
   string ":1.456"
signal time=1788730827.549385 sender=org.freedesktop.DBus -> destination=:1.456 serial=2 path=/org/freedesktop/DBus; interface=org.freedesktop.DBus; member=NameAcquired
   string ":1.456"
signal time=1788730827.551081 sender=org.freedesktop.DBus -> destination=:1.456 serial=3 path=/org/freedesktop/DBus; interface=org.freedesktop.DBus; member=NameLost
   string ":1.456"
signal time=1788730827.551107 sender=org.freedesktop.DBus -> destination=(null destination) serial=912 path=/org/freedesktop/DBus; interface=org.freedesktop.DBus; member=NameOwnerChanged
   string ":1.456"
   string ":1.456"
   string ""
signal time=1788730827.551174 sender=:1.2 -> destination=(null destination) serial=503 path=/org/a11y/atspi/registry; interface=org.a11y.atspi.Registry; member=EventListenerDeregistered
   string ":1.456"
   string ""
signal time=1788730827.555298 sender=org.freedesktop.DBus -> destination=(null destination) serial=913 path=/org/freedesktop/DBus; interface=org.freedesktop.DBus; member=NameOwnerChanged
   string ":1.457"
   string ""
   string ":1.457"
signal time=1788730827.555330 sender=org.freedesktop.DBus -> destination=:1.457 serial=2 path=/org/freedesktop/DBus; interface=org.freedesktop.DBus; member=NameAcquired
   string ":1.457"
signal time=1788730827.556935 sender=org.freedesktop.DBus -> destination=:1.457 serial=3 path=/org/freedesktop/DBus; interface=org.freedesktop.DBus; member=NameLost
   string ":1.457"
signal time=1788730827.556950 sender=org.freedesktop.DBus -> destination=(null destination) serial=914 path=/org/freedesktop/DBus; interface=org.freedesktop.DBus; member=NameOwnerChanged
   string ":1.457"
   string ":1.457"
   string ""
signal time=1788730827.557027 sender=:1.2 -> destination=(null destination) serial=504 path=/org/a11y/atspi/registry; interface=org.a11y.atspi.Registry; member=EventListenerDeregistered
   string ":1.457"
   string ""
signal time=1788730827.561936 sender=org.freedesktop.DBus -> destination=(null destination) serial=915 path=/org/freedesktop/DBus; interface=org.freedesktop.DBus; member=NameOwnerChanged
   string ":1.458"
   string ""
   string ":1.458"
signal time=1788730827.561967 sender=org.freedesktop.DBus -> destination=:1.458 serial=2 path=/org/freedesktop/DBus; interface=org.freedesktop.DBus; member=NameAcquired
   string ":1.458"
signal time=1788730827.563769 sender=org.freedesktop.DBus -> destination=:1.458 serial=3 path=/org/freedesktop/DBus; interface=org.freedesktop.DBus; member=NameLost
   string ":1.458"
signal time=1788730827.563785 sender=org.freedesktop.DBus -> destination=(null destination) serial=916 path=/org/freedesktop/DBus; interface=org.freedesktop.DBus; member=NameOwnerChanged
   string ":1.458"
   string ":1.458"
   string ""
signal time=1788730827.563894 sender=:1.2 -> destination=(null destination) serial=505 path=/org/a11y/atspi/registry; interface=org.a11y.atspi.Registry; member=EventListenerDeregistered
   string ":1.458"
   string ""
signal time=1788730827.567910 sender=org.freedesktop.DBus -> destination=(null destination) serial=917 path=/org/freedesktop/DBus; interface=org.freedesktop.DBus; member=NameOwnerChanged
   string ":1.459"
   string ""
   string ":1.459"
signal time=1788730827.567943 sender=org.freedesktop.DBus -> destination=:1.459 serial=2 path=/org/freedesktop/DBus; interface=org.freedesktop.DBus; member=NameAcquired
   string ":1.459"
signal time=1788730827.569423 sender=org.freedesktop.DBus -> destination=:1.459 serial=3 path=/org/freedesktop/DBus; interface=org.freedesktop.DBus; member=NameLost
   string ":1.459"
signal time=1788730827.569440 sender=org.freedesktop.DBus -> destination=(null destination) serial=918 path=/org/freedesktop/DBus; interface=org.freedesktop.DBus; member=NameOwnerChanged
   string ":1.459"
   string ":1.459"
   string ""
signal time=1788730827.569517 sender=:1.2 -> destination=(null destination) serial=506 path=/org/a11y/atspi/registry; interface=org.a11y.atspi.Registry; member=EventListenerDeregistered
   string ":1.459"
   string ""
signal time=1788730827.573404 sender=org.freedesktop.DBus -> destination=(null destination) serial=919 path=/org/freedesktop/DBus; interface=org.freedesktop.DBus; member=NameOwnerChanged
   string ":1.460"
   string ""
   string ":1.460"
signal time=1788730827.573437 sender=org.freedesktop.DBus -> destination=:1.460 serial=2 path=/org/freedesktop/DBus; interface=org.freedesktop.DBus; member=NameAcquired
   string ":1.460"
signal time=1788730827.574307 sender=org.freedesktop.DBus -> destination=:1.460 serial=3 path=/org/freedesktop/DBus; interface=org.freedesktop.DBus; member=NameLost
   string ":1.460"
signal time=1788730827.574325 sender=org.freedesktop.DBus -> destination=(null destination) serial=920 path=/org/freedesktop/DBus; interface=org.freedesktop.DBus; member=NameOwnerChanged
   string ":1.460"
   string ":1.460"
   string ""
signal time=1788730827.574432 sender=:1.2 -> destination=(null destination) serial=507 path=/org/a11y/atspi/registry; interface=org.a11y.atspi.Registry; member=EventListenerDeregistered
   string ":1.460"
   string ""
signal time=1788730827.578718 sender=org.freedesktop.DBus -> destination=(null destination) serial=921 path=/org/freedesktop/DBus; interface=org.freedesktop.DBus; member=NameOwnerChanged
   string ":1.461"
   string ""
   string ":1.461"
signal time=1788730827.578746 sender=org.freedesktop.DBus -> destination=:1.461 serial=2 path=/org/freedesktop/DBus; interface=org.freedesktop.DBus; member=NameAcquired
   string ":1.461"
signal time=1788730827.580209 sender=org.freedesktop.DBus -> destination=:1.461 serial=3 path=/org/freedesktop/DBus; interface=org.freedesktop.DBus; member=NameLost
   string ":1.461"
signal time=1788730827.580224 sender=org.freedesktop.DBus -> destination=(null destination) serial=922 path=/org/freedesktop/DBus; interface=org.freedesktop.DBus; member=NameOwnerChanged
   string ":1.461"
   string ":1.461"
   string ""
signal time=1788730827.580327 sender=:1.2 -> destination=(null destination) serial=508 path=/org/a11y/atspi/registry; interface=org.a11y.atspi.Registry; member=EventListenerDeregistered
   string ":1.461"
   string ""
signal time=1788730827.584338 sender=org.freedesktop.DBus -> destination=(null destination) serial=923 path=/org/freedesktop/DBus; interface=org.freedesktop.DBus; member=NameOwnerChanged
   string ":1.462"
   string ""
   string ":1.462"
signal time=1788730827.584366 sender=org.freedesktop.DBus -> destination=:1.462 serial=2 path=/org/freedesktop/DBus; interface=org.freedesktop.DBus; member=NameAcquired
   string ":1.462"
signal time=1788730827.585699 sender=org.freedesktop.DBus -> destination=:1.462 serial=3 path=/org/freedesktop/DBus; interface=org.freedesktop.DBus; member=NameLost
   string ":1.462"
signal time=1788730827.585720 sender=org.freedesktop.DBus -> destination=(null destination) serial=924 path=/org/freedesktop/DBus; interface=org.freedesktop.DBus; member=NameOwnerChanged
   string ":1.462"
   string ":1.462"
   string ""
signal time=1788730827.585811 sender=:1.2 -> destination=(null destination) serial=509 path=/org/a11y/atspi/registry; interface=org.a11y.atspi.Registry; member=EventListenerDeregistered
   string ":1.462"
   string ""
signal time=1788730827.589378 sender=org.freedesktop.DBus -> destination=(null destination) serial=925 path=/org/freedesktop/DBus; interface=org.freedesktop.DBus; member=NameOwnerChanged
   string ":1.463"
   string ""
   string ":1.463"
signal time=1788730827.589399 sender=org.freedesktop.DBus -> destination=:1.463 serial=2 path=/org/freedesktop/DBus; interface=org.freedesktop.DBus; member=NameAcquired
   string ":1.463"
signal time=1788730827.590788 sender=org.freedesktop.DBus -> destination=:1.463 serial=3 path=/org/freedesktop/DBus; interface=org.freedesktop.DBus; member=NameLost
   string ":1.463"
signal time=1788730827.590809 sender=org.freedesktop.DBus -> destination=(null destination) serial=926 path=/org/freedesktop/DBus; interface=org.freedesktop.DBus; member=NameOwnerChanged
   string ":1.463"
   string ":1.463"
   string ""
signal time=1788730827.590904 sender=:1.2 -> destination=(null destination) serial=510 path=/org/a11y/atspi/registry; interface=org.a11y.atspi.Registry; member=EventListenerDeregistered
   string ":1.463"
   string ""
signal time=1788730827.594966 sender=org.freedesktop.DBus -> destination=(null destination) serial=927 path=/org/freedesktop/DBus; interface=org.freedesktop.DBus; member=NameOwnerChanged
   string ":1.464"
   string ""
   string ":1.464"
signal time=1788730827.594995 sender=org.freedesktop.DBus -> destination=:1.464 serial=2 path=/org/freedesktop/DBus; interface=org.freedesktop.DBus; member=NameAcquired
   string ":1.464"
signal time=1788730827.596072 sender=org.freedesktop.DBus -> destination=:1.464 serial=3 path=/org/freedesktop/DBus; interface=org.freedesktop.DBus; member=NameLost
   string ":1.464"
signal time=1788730827.596087 sender=org.freedesktop.DBus -> destination=(null destination) serial=928 path=/org/freedesktop/DBus; interface=org.freedesktop.DBus; member=NameOwnerChanged
   string ":1.464"
   string ":1.464"
   string ""
signal time=1788730827.596253 sender=:1.2 -> destination=(null destination) serial=511 path=/org/a11y/atspi/registry; interface=org.a11y.atspi.Registry; member=EventListenerDeregistered
   string ":1.464"
   string ""
signal time=1788730827.600360 sender=org.freedesktop.DBus -> destination=(null destination) serial=929 path=/org/freedesktop/DBus; interface=org.freedesktop.DBus; member=NameOwnerChanged
   string ":1.465"
   string ""
   string ":1.465"
signal time=1788730827.600390 sender=org.freedesktop.DBus -> destination=:1.465 serial=2 path=/org/freedesktop/DBus; interface=org.freedesktop.DBus; member=NameAcquired
   string ":1.465"
signal time=1788730827.601668 sender=org.freedesktop.DBus -> destination=:1.465 serial=3 path=/org/freedesktop/DBus; interface=org.freedesktop.DBus; member=NameLost
   string ":1.465"
signal time=1788730827.601687 sender=org.freedesktop.DBus -> destination=(null destination) serial=930 path=/org/freedesktop/DBus; interface=org.freedesktop.DBus; member=NameOwnerChanged
   string ":1.465"
   string ":1.465"
   string ""
signal time=1788730827.601769 sender=:1.2 -> destination=(null destination) serial=512 path=/org/a11y/atspi/registry; interface=org.a11y.atspi.Registry; member=EventListenerDeregistered
   string ":1.465"
   string ""
signal time=1788730827.605842 sender=org.freedesktop.DBus -> destination=(null destination) serial=931 path=/org/freedesktop/DBus; interface=org.freedesktop.DBus; member=NameOwnerChanged
   string ":1.466"
   string ""
   string ":1.466"
signal time=1788730827.605868 sender=org.freedesktop.DBus -> destination=:1.466 serial=2 path=/org/freedesktop/DBus; interface=org.freedesktop.DBus; member=NameAcquired
   string ":1.466"
signal time=1788730827.607564 sender=org.freedesktop.DBus -> destination=:1.466 serial=3 path=/org/freedesktop/DBus; interface=org.freedesktop.DBus; member=NameLost
   string ":1.466"
signal time=1788730827.607582 sender=org.freedesktop.DBus -> destination=(null destination) serial=932 path=/org/freedesktop/DBus; interface=org.freedesktop.DBus; member=NameOwnerChanged
   string ":1.466"
   string ":1.466"
   string ""
signal time=1788730827.607681 sender=:1.2 -> destination=(null destination) serial=513 path=/org/a11y/atspi/registry; interface=org.a11y.atspi.Registry; member=EventListenerDeregistered
   string ":1.466"
   string ""
signal time=1788730827.611923 sender=org.freedesktop.DBus -> destination=(null destination) serial=933 path=/org/freedesktop/DBus; interface=org.freedesktop.DBus; member=NameOwnerChanged
   string ":1.467"
   string ""
   string ":1.467"
signal time=1788730827.611957 sender=org.freedesktop.DBus -> destination=:1.467 serial=2 path=/org/freedesktop/DBus; interface=org.freedesktop.DBus; member=NameAcquired
   string ":1.467"
signal time=1788730827.613457 sender=org.freedesktop.DBus -> destination=:1.467 serial=3 path=/org/freedesktop/DBus; interface=org.freedesktop.DBus; member=NameLost
   string ":1.467"
signal time=1788730827.613477 sender=org.freedesktop.DBus -> destination=(null destination) serial=934 path=/org/freedesktop/DBus; interface=org.freedesktop.DBus; member=NameOwnerChanged
   string ":1.467"
   string ":1.467"
   string ""
signal time=1788730827.613512 sender=:1.2 -> destination=(null destination) serial=514 path=/org/a11y/atspi/registry; interface=org.a11y.atspi.Registry; member=EventListenerDeregistered
   string ":1.467"
   string ""
signal time=1788730827.617468 sender=org.freedesktop.DBus -> destination=(null destination) serial=935 path=/org/freedesktop/DBus; interface=org.freedesktop.DBus; member=NameOwnerChanged
   string ":1.468"
   string ""
   string ":1.468"
signal time=1788730827.617501 sender=org.freedesktop.DBus -> destination=:1.468 serial=2 path=/org/freedesktop/DBus; interface=org.freedesktop.DBus; member=NameAcquired
   string ":1.468"
signal time=1788730827.618930 sender=org.freedesktop.DBus -> destination=:1.468 serial=3 path=/org/freedesktop/DBus; interface=org.freedesktop.DBus; member=NameLost
   string ":1.468"
signal time=1788730827.618949 sender=org.freedesktop.DBus -> destination=(null destination) serial=936 path=/org/freedesktop/DBus; interface=org.freedesktop.DBus; member=NameOwnerChanged
   string ":1.468"
   string ":1.468"
   string ""
signal time=1788730827.619026 sender=:1.2 -> destination=(null destination) serial=515 path=/org/a11y/atspi/registry; interface=org.a11y.atspi.Registry; member=EventListenerDeregistered
   string ":1.468"
   string ""
signal time=1788730827.623254 sender=org.freedesktop.DBus -> destination=(null destination) serial=937 path=/org/freedesktop/DBus; interface=org.freedesktop.DBus; member=NameOwnerChanged
   string ":1.469"
   string ""
   string ":1.469"
signal time=1788730827.623284 sender=org.freedesktop.DBus -> destination=:1.469 serial=2 path=/org/freedesktop/DBus; interface=org.freedesktop.DBus; member=NameAcquired
   string ":1.469"
signal time=1788730827.625123 sender=org.freedesktop.DBus -> destination=:1.469 serial=3 path=/org/freedesktop/DBus; interface=org.freedesktop.DBus; member=NameLost
   string ":1.469"
signal time=1788730827.625154 sender=org.freedesktop.DBus -> destination=(null destination) serial=938 path=/org/freedesktop/DBus; interface=org.freedesktop.DBus; member=NameOwnerChanged
   string ":1.469"
   string ":1.469"
   string ""
signal time=1788730827.625224 sender=:1.2 -> destination=(null destination) serial=516 path=/org/a11y/atspi/registry; interface=org.a11y.atspi.Registry; member=EventListenerDeregistered
   string ":1.469"
   string ""
signal time=1788730827.629026 sender=org.freedesktop.DBus -> destination=(null destination) serial=939 path=/org/freedesktop/DBus; interface=org.freedesktop.DBus; member=NameOwnerChanged
   string ":1.470"
   string ""
   string ":1.470"
signal time=1788730827.629052 sender=org.freedesktop.DBus -> destination=:1.470 serial=2 path=/org/freedesktop/DBus; interface=org.freedesktop.DBus; member=NameAcquired
   string ":1.470"
signal time=1788730827.630829 sender=org.freedesktop.DBus -> destination=:1.470 serial=3 path=/org/freedesktop/DBus; interface=org.freedesktop.DBus; member=NameLost
   string ":1.470"
signal time=1788730827.630852 sender=org.freedesktop.DBus -> destination=(null destination) serial=940 path=/org/freedesktop/DBus; interface=org.freedesktop.DBus; member=NameOwnerChanged
   string ":1.470"
   string ":1.470"
   string ""
signal time=1788730827.630919 sender=:1.2 -> destination=(null destination) serial=517 path=/org/a11y/atspi/registry; interface=org.a11y.atspi.Registry; member=EventListenerDeregistered
   string ":1.470"
   string ""
signal time=1788730827.634840 sender=org.freedesktop.DBus -> destination=(null destination) serial=941 path=/org/freedesktop/DBus; interface=org.freedesktop.DBus; member=NameOwnerChanged
   string ":1.471"
   string ""
   string ":1.471"
signal time=1788730827.634871 sender=org.freedesktop.DBus -> destination=:1.471 serial=2 path=/org/freedesktop/DBus; interface=org.freedesktop.DBus; member=NameAcquired
   string ":1.471"
signal time=1788730827.637312 sender=org.freedesktop.DBus -> destination=:1.471 serial=3 path=/org/freedesktop/DBus; interface=org.freedesktop.DBus; member=NameLost
   string ":1.471"
signal time=1788730827.637327 sender=org.freedesktop.DBus -> destination=(null destination) serial=942 path=/org/freedesktop/DBus; interface=org.freedesktop.DBus; member=NameOwnerChanged
   string ":1.471"
   string ":1.471"
   string ""
signal time=1788730827.637389 sender=:1.2 -> destination=(null destination) serial=518 path=/org/a11y/atspi/registry; interface=org.a11y.atspi.Registry; member=EventListenerDeregistered
   string ":1.471"
   string ""
signal time=1788730827.641299 sender=org.freedesktop.DBus -> destination=(null destination) serial=943 path=/org/freedesktop/DBus; interface=org.freedesktop.DBus; member=NameOwnerChanged
   string ":1.472"
   string ""
   string ":1.472"
signal time=1788730827.641330 sender=org.freedesktop.DBus -> destination=:1.472 serial=2 path=/org/freedesktop/DBus; interface=org.freedesktop.DBus; member=NameAcquired
   string ":1.472"
signal time=1788730827.643062 sender=org.freedesktop.DBus -> destination=:1.472 serial=3 path=/org/freedesktop/DBus; interface=org.freedesktop.DBus; member=NameLost
   string ":1.472"
signal time=1788730827.643088 sender=org.freedesktop.DBus -> destination=(null destination) serial=944 path=/org/freedesktop/DBus; interface=org.freedesktop.DBus; member=NameOwnerChanged
   string ":1.472"
   string ":1.472"
   string ""
signal time=1788730827.643122 sender=:1.2 -> destination=(null destination) serial=519 path=/org/a11y/atspi/registry; interface=org.a11y.atspi.Registry; member=EventListenerDeregistered
   string ":1.472"
   string ""
signal time=1788730827.647470 sender=org.freedesktop.DBus -> destination=(null destination) serial=945 path=/org/freedesktop/DBus; interface=org.freedesktop.DBus; member=NameOwnerChanged
   string ":1.473"
   string ""
   string ":1.473"
signal time=1788730827.647504 sender=org.freedesktop.DBus -> destination=:1.473 serial=2 path=/org/freedesktop/DBus; interface=org.freedesktop.DBus; member=NameAcquired
   string ":1.473"
signal time=1788730827.648711 sender=org.freedesktop.DBus -> destination=:1.473 serial=3 path=/org/freedesktop/DBus; interface=org.freedesktop.DBus; member=NameLost
   string ":1.473"
signal time=1788730827.648733 sender=org.freedesktop.DBus -> destination=(null destination) serial=946 path=/org/freedesktop/DBus; interface=org.freedesktop.DBus; member=NameOwnerChanged
   string ":1.473"
   string ":1.473"
   string ""
signal time=1788730827.648801 sender=:1.2 -> destination=(null destination) serial=520 path=/org/a11y/atspi/registry; interface=org.a11y.atspi.Registry; member=EventListenerDeregistered
   string ":1.473"
   string ""
signal time=1788730828.050372 sender=org.freedesktop.DBus -> destination=(null destination) serial=947 path=/org/freedesktop/DBus; interface=org.freedesktop.DBus; member=NameOwnerChanged
   string ":1.474"
   string ""
   string ":1.474"
signal time=1788730828.050397 sender=org.freedesktop.DBus -> destination=:1.474 serial=2 path=/org/freedesktop/DBus; interface=org.freedesktop.DBus; member=NameAcquired
   string ":1.474"
signal time=1788730828.052046 sender=org.freedesktop.DBus -> destination=:1.474 serial=3 path=/org/freedesktop/DBus; interface=org.freedesktop.DBus; member=NameLost
   string ":1.474"
signal time=1788730828.052060 sender=org.freedesktop.DBus -> destination=(null destination) serial=948 path=/org/freedesktop/DBus; interface=org.freedesktop.DBus; member=NameOwnerChanged
   string ":1.474"
   string ":1.474"
   string ""
signal time=1788730828.052153 sender=:1.2 -> destination=(null destination) serial=523 path=/org/a11y/atspi/registry; interface=org.a11y.atspi.Registry; member=EventListenerDeregistered
   string ":1.474"
   string ""
signal time=1788730828.055563 sender=org.freedesktop.DBus -> destination=(null destination) serial=949 path=/org/freedesktop/DBus; interface=org.freedesktop.DBus; member=NameOwnerChanged
   string ":1.475"
   string ""
   string ":1.475"
signal time=1788730828.055585 sender=org.freedesktop.DBus -> destination=:1.475 serial=2 path=/org/freedesktop/DBus; interface=org.freedesktop.DBus; member=NameAcquired
   string ":1.475"
signal time=1788730828.056953 sender=org.freedesktop.DBus -> destination=:1.475 serial=5 path=/org/freedesktop/DBus; interface=org.freedesktop.DBus; member=NameLost
   string ":1.475"
signal time=1788730828.056967 sender=org.freedesktop.DBus -> destination=(null destination) serial=950 path=/org/freedesktop/DBus; interface=org.freedesktop.DBus; member=NameOwnerChanged
   string ":1.475"
   string ":1.475"
   string ""
signal time=1788730828.057061 sender=:1.2 -> destination=(null destination) serial=524 path=/org/a11y/atspi/registry; interface=org.a11y.atspi.Registry; member=EventListenerDeregistered
   string ":1.475"
   string ""
signal time=1788730828.060768 sender=org.freedesktop.DBus -> destination=(null destination) serial=951 path=/org/freedesktop/DBus; interface=org.freedesktop.DBus; member=NameOwnerChanged
   string ":1.476"
   string ""
   string ":1.476"
signal time=1788730828.060814 sender=org.freedesktop.DBus -> destination=:1.476 serial=2 path=/org/freedesktop/DBus; interface=org.freedesktop.DBus; member=NameAcquired
   string ":1.476"
signal time=1788730828.062692 sender=org.freedesktop.DBus -> destination=:1.476 serial=3 path=/org/freedesktop/DBus; interface=org.freedesktop.DBus; member=NameLost
   string ":1.476"
signal time=1788730828.062719 sender=org.freedesktop.DBus -> destination=(null destination) serial=952 path=/org/freedesktop/DBus; interface=org.freedesktop.DBus; member=NameOwnerChanged
   string ":1.476"
   string ":1.476"
   string ""
signal time=1788730828.062809 sender=:1.2 -> destination=(null destination) serial=525 path=/org/a11y/atspi/registry; interface=org.a11y.atspi.Registry; member=EventListenerDeregistered
   string ":1.476"
   string ""
signal time=1788730828.067202 sender=org.freedesktop.DBus -> destination=(null destination) serial=953 path=/org/freedesktop/DBus; interface=org.freedesktop.DBus; member=NameOwnerChanged
   string ":1.477"
   string ""
   string ":1.477"
signal time=1788730828.067240 sender=org.freedesktop.DBus -> destination=:1.477 serial=2 path=/org/freedesktop/DBus; interface=org.freedesktop.DBus; member=NameAcquired
   string ":1.477"
signal time=1788730828.068839 sender=org.freedesktop.DBus -> destination=:1.477 serial=3 path=/org/freedesktop/DBus; interface=org.freedesktop.DBus; member=NameLost
   string ":1.477"
signal time=1788730828.068858 sender=org.freedesktop.DBus -> destination=(null destination) serial=954 path=/org/freedesktop/DBus; interface=org.freedesktop.DBus; member=NameOwnerChanged
   string ":1.477"
   string ":1.477"
   string ""
signal time=1788730828.069093 sender=:1.2 -> destination=(null destination) serial=526 path=/org/a11y/atspi/registry; interface=org.a11y.atspi.Registry; member=EventListenerDeregistered
   string ":1.477"
   string ""
signal time=1788730828.073144 sender=org.freedesktop.DBus -> destination=(null destination) serial=955 path=/org/freedesktop/DBus; interface=org.freedesktop.DBus; member=NameOwnerChanged
   string ":1.478"
   string ""
   string ":1.478"
signal time=1788730828.073179 sender=org.freedesktop.DBus -> destination=:1.478 serial=2 path=/org/freedesktop/DBus; interface=org.freedesktop.DBus; member=NameAcquired
   string ":1.478"
signal time=1788730828.074741 sender=org.freedesktop.DBus -> destination=:1.478 serial=3 path=/org/freedesktop/DBus; interface=org.freedesktop.DBus; member=NameLost
   string ":1.478"
signal time=1788730828.074770 sender=org.freedesktop.DBus -> destination=(null destination) serial=956 path=/org/freedesktop/DBus; interface=org.freedesktop.DBus; member=NameOwnerChanged
   string ":1.478"
   string ":1.478"
   string ""
signal time=1788730828.074818 sender=:1.2 -> destination=(null destination) serial=527 path=/org/a11y/atspi/registry; interface=org.a11y.atspi.Registry; member=EventListenerDeregistered
   string ":1.478"
   string ""
signal time=1788730828.079095 sender=org.freedesktop.DBus -> destination=(null destination) serial=957 path=/org/freedesktop/DBus; interface=org.freedesktop.DBus; member=NameOwnerChanged
   string ":1.479"
   string ""
   string ":1.479"
signal time=1788730828.079150 sender=org.freedesktop.DBus -> destination=:1.479 serial=2 path=/org/freedesktop/DBus; interface=org.freedesktop.DBus; member=NameAcquired
   string ":1.479"
signal time=1788730828.080756 sender=org.freedesktop.DBus -> destination=:1.479 serial=3 path=/org/freedesktop/DBus; interface=org.freedesktop.DBus; member=NameLost
   string ":1.479"
signal time=1788730828.080796 sender=org.freedesktop.DBus -> destination=(null destination) serial=958 path=/org/freedesktop/DBus; interface=org.freedesktop.DBus; member=NameOwnerChanged
   string ":1.479"
   string ":1.479"
   string ""
signal time=1788730828.080868 sender=:1.2 -> destination=(null destination) serial=528 path=/org/a11y/atspi/registry; interface=org.a11y.atspi.Registry; member=EventListenerDeregistered
   string ":1.479"
   string ""
signal time=1788730828.084888 sender=org.freedesktop.DBus -> destination=(null destination) serial=959 path=/org/freedesktop/DBus; interface=org.freedesktop.DBus; member=NameOwnerChanged
   string ":1.480"
   string ""
   string ":1.480"
signal time=1788730828.084913 sender=org.freedesktop.DBus -> destination=:1.480 serial=2 path=/org/freedesktop/DBus; interface=org.freedesktop.DBus; member=NameAcquired
   string ":1.480"
signal time=1788730828.085852 sender=org.freedesktop.DBus -> destination=:1.480 serial=3 path=/org/freedesktop/DBus; interface=org.freedesktop.DBus; member=NameLost
   string ":1.480"
signal time=1788730828.085871 sender=org.freedesktop.DBus -> destination=(null destination) serial=960 path=/org/freedesktop/DBus; interface=org.freedesktop.DBus; member=NameOwnerChanged
   string ":1.480"
   string ":1.480"
   string ""
signal time=1788730828.086002 sender=:1.2 -> destination=(null destination) serial=529 path=/org/a11y/atspi/registry; interface=org.a11y.atspi.Registry; member=EventListenerDeregistered
   string ":1.480"
   string ""
signal time=1788730828.089859 sender=org.freedesktop.DBus -> destination=(null destination) serial=961 path=/org/freedesktop/DBus; interface=org.freedesktop.DBus; member=NameOwnerChanged
   string ":1.481"
   string ""
   string ":1.481"
signal time=1788730828.089889 sender=org.freedesktop.DBus -> destination=:1.481 serial=2 path=/org/freedesktop/DBus; interface=org.freedesktop.DBus; member=NameAcquired
   string ":1.481"
signal time=1788730828.091154 sender=org.freedesktop.DBus -> destination=:1.481 serial=3 path=/org/freedesktop/DBus; interface=org.freedesktop.DBus; member=NameLost
   string ":1.481"
signal time=1788730828.091169 sender=org.freedesktop.DBus -> destination=(null destination) serial=962 path=/org/freedesktop/DBus; interface=org.freedesktop.DBus; member=NameOwnerChanged
   string ":1.481"
   string ":1.481"
   string ""
signal time=1788730828.091291 sender=:1.2 -> destination=(null destination) serial=530 path=/org/a11y/atspi/registry; interface=org.a11y.atspi.Registry; member=EventListenerDeregistered
   string ":1.481"
   string ""
signal time=1788730828.095550 sender=org.freedesktop.DBus -> destination=(null destination) serial=963 path=/org/freedesktop/DBus; interface=org.freedesktop.DBus; member=NameOwnerChanged
   string ":1.482"
   string ""
   string ":1.482"
signal time=1788730828.095589 sender=org.freedesktop.DBus -> destination=:1.482 serial=2 path=/org/freedesktop/DBus; interface=org.freedesktop.DBus; member=NameAcquired
   string ":1.482"
signal time=1788730828.096588 sender=org.freedesktop.DBus -> destination=:1.482 serial=3 path=/org/freedesktop/DBus; interface=org.freedesktop.DBus; member=NameLost
   string ":1.482"
signal time=1788730828.096621 sender=org.freedesktop.DBus -> destination=(null destination) serial=964 path=/org/freedesktop/DBus; interface=org.freedesktop.DBus; member=NameOwnerChanged
   string ":1.482"
   string ":1.482"
   string ""
signal time=1788730828.096662 sender=:1.2 -> destination=(null destination) serial=531 path=/org/a11y/atspi/registry; interface=org.a11y.atspi.Registry; member=EventListenerDeregistered
   string ":1.482"
   string ""
signal time=1788730828.100791 sender=org.freedesktop.DBus -> destination=(null destination) serial=965 path=/org/freedesktop/DBus; interface=org.freedesktop.DBus; member=NameOwnerChanged
   string ":1.483"
   string ""
   string ":1.483"
signal time=1788730828.100816 sender=org.freedesktop.DBus -> destination=:1.483 serial=2 path=/org/freedesktop/DBus; interface=org.freedesktop.DBus; member=NameAcquired
   string ":1.483"
signal time=1788730828.101810 sender=org.freedesktop.DBus -> destination=:1.483 serial=3 path=/org/freedesktop/DBus; interface=org.freedesktop.DBus; member=NameLost
   string ":1.483"
signal time=1788730828.101842 sender=org.freedesktop.DBus -> destination=(null destination) serial=966 path=/org/freedesktop/DBus; interface=org.freedesktop.DBus; member=NameOwnerChanged
   string ":1.483"
   string ":1.483"
   string ""
signal time=1788730828.102016 sender=:1.2 -> destination=(null destination) serial=532 path=/org/a11y/atspi/registry; interface=org.a11y.atspi.Registry; member=EventListenerDeregistered
   string ":1.483"
   string ""
signal time=1788730828.105726 sender=org.freedesktop.DBus -> destination=(null destination) serial=967 path=/org/freedesktop/DBus; interface=org.freedesktop.DBus; member=NameOwnerChanged
   string ":1.484"
   string ""
   string ":1.484"
signal time=1788730828.105755 sender=org.freedesktop.DBus -> destination=:1.484 serial=2 path=/org/freedesktop/DBus; interface=org.freedesktop.DBus; member=NameAcquired
   string ":1.484"
signal time=1788730828.106914 sender=org.freedesktop.DBus -> destination=:1.484 serial=3 path=/org/freedesktop/DBus; interface=org.freedesktop.DBus; member=NameLost
   string ":1.484"
signal time=1788730828.106932 sender=org.freedesktop.DBus -> destination=(null destination) serial=968 path=/org/freedesktop/DBus; interface=org.freedesktop.DBus; member=NameOwnerChanged
   string ":1.484"
   string ":1.484"
   string ""
signal time=1788730828.106970 sender=:1.2 -> destination=(null destination) serial=533 path=/org/a11y/atspi/registry; interface=org.a11y.atspi.Registry; member=EventListenerDeregistered
   string ":1.484"
   string ""
signal time=1788730828.110936 sender=org.freedesktop.DBus -> destination=(null destination) serial=969 path=/org/freedesktop/DBus; interface=org.freedesktop.DBus; member=NameOwnerChanged
   string ":1.485"
   string ""
   string ":1.485"
signal time=1788730828.110969 sender=org.freedesktop.DBus -> destination=:1.485 serial=2 path=/org/freedesktop/DBus; interface=org.freedesktop.DBus; member=NameAcquired
   string ":1.485"
signal time=1788730828.112109 sender=org.freedesktop.DBus -> destination=:1.485 serial=3 path=/org/freedesktop/DBus; interface=org.freedesktop.DBus; member=NameLost
   string ":1.485"
signal time=1788730828.112136 sender=org.freedesktop.DBus -> destination=(null destination) serial=970 path=/org/freedesktop/DBus; interface=org.freedesktop.DBus; member=NameOwnerChanged
   string ":1.485"
   string ":1.485"
   string ""
signal time=1788730828.112178 sender=:1.2 -> destination=(null destination) serial=534 path=/org/a11y/atspi/registry; interface=org.a11y.atspi.Registry; member=EventListenerDeregistered
   string ":1.485"
   string ""
signal time=1788730828.116381 sender=org.freedesktop.DBus -> destination=(null destination) serial=971 path=/org/freedesktop/DBus; interface=org.freedesktop.DBus; member=NameOwnerChanged
   string ":1.486"
   string ""
   string ":1.486"
signal time=1788730828.116433 sender=org.freedesktop.DBus -> destination=:1.486 serial=2 path=/org/freedesktop/DBus; interface=org.freedesktop.DBus; member=NameAcquired
   string ":1.486"
signal time=1788730828.117387 sender=org.freedesktop.DBus -> destination=:1.486 serial=3 path=/org/freedesktop/DBus; interface=org.freedesktop.DBus; member=NameLost
   string ":1.486"
signal time=1788730828.117402 sender=org.freedesktop.DBus -> destination=(null destination) serial=972 path=/org/freedesktop/DBus; interface=org.freedesktop.DBus; member=NameOwnerChanged
   string ":1.486"
   string ":1.486"
   string ""
signal time=1788730828.117516 sender=:1.2 -> destination=(null destination) serial=535 path=/org/a11y/atspi/registry; interface=org.a11y.atspi.Registry; member=EventListenerDeregistered
   string ":1.486"
   string ""
signal time=1788730828.121205 sender=org.freedesktop.DBus -> destination=(null destination) serial=973 path=/org/freedesktop/DBus; interface=org.freedesktop.DBus; member=NameOwnerChanged
   string ":1.487"
   string ""
   string ":1.487"
signal time=1788730828.121231 sender=org.freedesktop.DBus -> destination=:1.487 serial=2 path=/org/freedesktop/DBus; interface=org.freedesktop.DBus; member=NameAcquired
   string ":1.487"
signal time=1788730828.122494 sender=org.freedesktop.DBus -> destination=:1.487 serial=3 path=/org/freedesktop/DBus; interface=org.freedesktop.DBus; member=NameLost
   string ":1.487"
signal time=1788730828.122514 sender=org.freedesktop.DBus -> destination=(null destination) serial=974 path=/org/freedesktop/DBus; interface=org.freedesktop.DBus; member=NameOwnerChanged
   string ":1.487"
   string ":1.487"
   string ""
signal time=1788730828.122624 sender=:1.2 -> destination=(null destination) serial=536 path=/org/a11y/atspi/registry; interface=org.a11y.atspi.Registry; member=EventListenerDeregistered
   string ":1.487"
   string ""
signal time=1788730828.126576 sender=org.freedesktop.DBus -> destination=(null destination) serial=975 path=/org/freedesktop/DBus; interface=org.freedesktop.DBus; member=NameOwnerChanged
   string ":1.488"
   string ""
   string ":1.488"
signal time=1788730828.126622 sender=org.freedesktop.DBus -> destination=:1.488 serial=2 path=/org/freedesktop/DBus; interface=org.freedesktop.DBus; member=NameAcquired
   string ":1.488"
signal time=1788730828.127926 sender=org.freedesktop.DBus -> destination=:1.488 serial=3 path=/org/freedesktop/DBus; interface=org.freedesktop.DBus; member=NameLost
   string ":1.488"
signal time=1788730828.127942 sender=org.freedesktop.DBus -> destination=(null destination) serial=976 path=/org/freedesktop/DBus; interface=org.freedesktop.DBus; member=NameOwnerChanged
   string ":1.488"
   string ":1.488"
   string ""
signal time=1788730828.128054 sender=:1.2 -> destination=(null destination) serial=537 path=/org/a11y/atspi/registry; interface=org.a11y.atspi.Registry; member=EventListenerDeregistered
   string ":1.488"
   string ""
signal time=1788730828.131724 sender=org.freedesktop.DBus -> destination=(null destination) serial=977 path=/org/freedesktop/DBus; interface=org.freedesktop.DBus; member=NameOwnerChanged
   string ":1.489"
   string ""
   string ":1.489"
signal time=1788730828.131752 sender=org.freedesktop.DBus -> destination=:1.489 serial=2 path=/org/freedesktop/DBus; interface=org.freedesktop.DBus; member=NameAcquired
   string ":1.489"
signal time=1788730828.132585 sender=org.freedesktop.DBus -> destination=:1.489 serial=3 path=/org/freedesktop/DBus; interface=org.freedesktop.DBus; member=NameLost
   string ":1.489"
signal time=1788730828.132599 sender=org.freedesktop.DBus -> destination=(null destination) serial=978 path=/org/freedesktop/DBus; interface=org.freedesktop.DBus; member=NameOwnerChanged
   string ":1.489"
   string ":1.489"
   string ""
signal time=1788730828.132746 sender=:1.2 -> destination=(null destination) serial=538 path=/org/a11y/atspi/registry; interface=org.a11y.atspi.Registry; member=EventListenerDeregistered
   string ":1.489"
   string ""
signal time=1788730828.136409 sender=org.freedesktop.DBus -> destination=(null destination) serial=979 path=/org/freedesktop/DBus; interface=org.freedesktop.DBus; member=NameOwnerChanged
   string ":1.490"
   string ""
   string ":1.490"
signal time=1788730828.136437 sender=org.freedesktop.DBus -> destination=:1.490 serial=2 path=/org/freedesktop/DBus; interface=org.freedesktop.DBus; member=NameAcquired
   string ":1.490"
signal time=1788730828.137618 sender=org.freedesktop.DBus -> destination=:1.490 serial=3 path=/org/freedesktop/DBus; interface=org.freedesktop.DBus; member=NameLost
   string ":1.490"
signal time=1788730828.137655 sender=org.freedesktop.DBus -> destination=(null destination) serial=980 path=/org/freedesktop/DBus; interface=org.freedesktop.DBus; member=NameOwnerChanged
   string ":1.490"
   string ":1.490"
   string ""
signal time=1788730828.137765 sender=:1.2 -> destination=(null destination) serial=539 path=/org/a11y/atspi/registry; interface=org.a11y.atspi.Registry; member=EventListenerDeregistered
   string ":1.490"
   string ""
signal time=1788730828.141621 sender=org.freedesktop.DBus -> destination=(null destination) serial=981 path=/org/freedesktop/DBus; interface=org.freedesktop.DBus; member=NameOwnerChanged
   string ":1.491"
   string ""
   string ":1.491"
signal time=1788730828.141664 sender=org.freedesktop.DBus -> destination=:1.491 serial=2 path=/org/freedesktop/DBus; interface=org.freedesktop.DBus; member=NameAcquired
   string ":1.491"
signal time=1788730828.143254 sender=org.freedesktop.DBus -> destination=:1.491 serial=3 path=/org/freedesktop/DBus; interface=org.freedesktop.DBus; member=NameLost
   string ":1.491"
signal time=1788730828.143272 sender=org.freedesktop.DBus -> destination=(null destination) serial=982 path=/org/freedesktop/DBus; interface=org.freedesktop.DBus; member=NameOwnerChanged
   string ":1.491"
   string ":1.491"
   string ""
signal time=1788730828.143299 sender=:1.2 -> destination=(null destination) serial=540 path=/org/a11y/atspi/registry; interface=org.a11y.atspi.Registry; member=EventListenerDeregistered
   string ":1.491"
   string ""
signal time=1788730828.147137 sender=org.freedesktop.DBus -> destination=(null destination) serial=983 path=/org/freedesktop/DBus; interface=org.freedesktop.DBus; member=NameOwnerChanged
   string ":1.492"
   string ""
   string ":1.492"
signal time=1788730828.147160 sender=org.freedesktop.DBus -> destination=:1.492 serial=2 path=/org/freedesktop/DBus; interface=org.freedesktop.DBus; member=NameAcquired
   string ":1.492"
signal time=1788730828.148354 sender=org.freedesktop.DBus -> destination=:1.492 serial=3 path=/org/freedesktop/DBus; interface=org.freedesktop.DBus; member=NameLost
   string ":1.492"
signal time=1788730828.148393 sender=org.freedesktop.DBus -> destination=(null destination) serial=984 path=/org/freedesktop/DBus; interface=org.freedesktop.DBus; member=NameOwnerChanged
   string ":1.492"
   string ":1.492"
   string ""
signal time=1788730828.148464 sender=:1.2 -> destination=(null destination) serial=541 path=/org/a11y/atspi/registry; interface=org.a11y.atspi.Registry; member=EventListenerDeregistered
   string ":1.492"
   string ""
signal time=1788730828.152267 sender=org.freedesktop.DBus -> destination=(null destination) serial=985 path=/org/freedesktop/DBus; interface=org.freedesktop.DBus; member=NameOwnerChanged
   string ":1.493"
   string ""
   string ":1.493"
signal time=1788730828.152291 sender=org.freedesktop.DBus -> destination=:1.493 serial=2 path=/org/freedesktop/DBus; interface=org.freedesktop.DBus; member=NameAcquired
   string ":1.493"
signal time=1788730828.153602 sender=org.freedesktop.DBus -> destination=:1.493 serial=3 path=/org/freedesktop/DBus; interface=org.freedesktop.DBus; member=NameLost
   string ":1.493"
signal time=1788730828.153620 sender=org.freedesktop.DBus -> destination=(null destination) serial=986 path=/org/freedesktop/DBus; interface=org.freedesktop.DBus; member=NameOwnerChanged
   string ":1.493"
   string ":1.493"
   string ""
signal time=1788730828.153784 sender=:1.2 -> destination=(null destination) serial=542 path=/org/a11y/atspi/registry; interface=org.a11y.atspi.Registry; member=EventListenerDeregistered
   string ":1.493"
   string ""
signal time=1788730828.157330 sender=org.freedesktop.DBus -> destination=(null destination) serial=987 path=/org/freedesktop/DBus; interface=org.freedesktop.DBus; member=NameOwnerChanged
   string ":1.494"
   string ""
   string ":1.494"
signal time=1788730828.157348 sender=org.freedesktop.DBus -> destination=:1.494 serial=2 path=/org/freedesktop/DBus; interface=org.freedesktop.DBus; member=NameAcquired
   string ":1.494"
signal time=1788730828.158839 sender=org.freedesktop.DBus -> destination=:1.494 serial=3 path=/org/freedesktop/DBus; interface=org.freedesktop.DBus; member=NameLost
   string ":1.494"
signal time=1788730828.158867 sender=org.freedesktop.DBus -> destination=(null destination) serial=988 path=/org/freedesktop/DBus; interface=org.freedesktop.DBus; member=NameOwnerChanged
   string ":1.494"
   string ":1.494"
   string ""
signal time=1788730828.158933 sender=:1.2 -> destination=(null destination) serial=543 path=/org/a11y/atspi/registry; interface=org.a11y.atspi.Registry; member=EventListenerDeregistered
   string ":1.494"
   string ""
signal time=1788730828.163461 sender=org.freedesktop.DBus -> destination=(null destination) serial=989 path=/org/freedesktop/DBus; interface=org.freedesktop.DBus; member=NameOwnerChanged
   string ":1.495"
   string ""
   string ":1.495"
signal time=1788730828.163510 sender=org.freedesktop.DBus -> destination=:1.495 serial=2 path=/org/freedesktop/DBus; interface=org.freedesktop.DBus; member=NameAcquired
   string ":1.495"
signal time=1788730828.164757 sender=org.freedesktop.DBus -> destination=:1.495 serial=3 path=/org/freedesktop/DBus; interface=org.freedesktop.DBus; member=NameLost
   string ":1.495"
signal time=1788730828.164819 sender=org.freedesktop.DBus -> destination=(null destination) serial=990 path=/org/freedesktop/DBus; interface=org.freedesktop.DBus; member=NameOwnerChanged
   string ":1.495"
   string ":1.495"
   string ""
signal time=1788730828.164926 sender=:1.2 -> destination=(null destination) serial=544 path=/org/a11y/atspi/registry; interface=org.a11y.atspi.Registry; member=EventListenerDeregistered
   string ":1.495"
   string ""
signal time=1788730828.169633 sender=org.freedesktop.DBus -> destination=(null destination) serial=991 path=/org/freedesktop/DBus; interface=org.freedesktop.DBus; member=NameOwnerChanged
   string ":1.496"
   string ""
   string ":1.496"
signal time=1788730828.169670 sender=org.freedesktop.DBus -> destination=:1.496 serial=2 path=/org/freedesktop/DBus; interface=org.freedesktop.DBus; member=NameAcquired
   string ":1.496"
signal time=1788730828.171070 sender=org.freedesktop.DBus -> destination=:1.496 serial=3 path=/org/freedesktop/DBus; interface=org.freedesktop.DBus; member=NameLost
   string ":1.496"
signal time=1788730828.171106 sender=org.freedesktop.DBus -> destination=(null destination) serial=992 path=/org/freedesktop/DBus; interface=org.freedesktop.DBus; member=NameOwnerChanged
   string ":1.496"
   string ":1.496"
   string ""
signal time=1788730828.171198 sender=:1.2 -> destination=(null destination) serial=545 path=/org/a11y/atspi/registry; interface=org.a11y.atspi.Registry; member=EventListenerDeregistered
   string ":1.496"
   string ""
signal time=1788730828.175714 sender=org.freedesktop.DBus -> destination=(null destination) serial=993 path=/org/freedesktop/DBus; interface=org.freedesktop.DBus; member=NameOwnerChanged
   string ":1.497"
   string ""
   string ":1.497"
signal time=1788730828.175769 sender=org.freedesktop.DBus -> destination=:1.497 serial=2 path=/org/freedesktop/DBus; interface=org.freedesktop.DBus; member=NameAcquired
   string ":1.497"
signal time=1788730828.177826 sender=org.freedesktop.DBus -> destination=:1.497 serial=3 path=/org/freedesktop/DBus; interface=org.freedesktop.DBus; member=NameLost
   string ":1.497"
signal time=1788730828.177863 sender=org.freedesktop.DBus -> destination=(null destination) serial=994 path=/org/freedesktop/DBus; interface=org.freedesktop.DBus; member=NameOwnerChanged
   string ":1.497"
   string ":1.497"
   string ""
signal time=1788730828.177934 sender=:1.2 -> destination=(null destination) serial=546 path=/org/a11y/atspi/registry; interface=org.a11y.atspi.Registry; member=EventListenerDeregistered
   string ":1.497"
   string ""
signal time=1788730828.182496 sender=org.freedesktop.DBus -> destination=(null destination) serial=995 path=/org/freedesktop/DBus; interface=org.freedesktop.DBus; member=NameOwnerChanged
   string ":1.498"
   string ""
   string ":1.498"
signal time=1788730828.182527 sender=org.freedesktop.DBus -> destination=:1.498 serial=2 path=/org/freedesktop/DBus; interface=org.freedesktop.DBus; member=NameAcquired
   string ":1.498"
signal time=1788730828.183993 sender=org.freedesktop.DBus -> destination=:1.498 serial=3 path=/org/freedesktop/DBus; interface=org.freedesktop.DBus; member=NameLost
   string ":1.498"
signal time=1788730828.184009 sender=org.freedesktop.DBus -> destination=(null destination) serial=996 path=/org/freedesktop/DBus; interface=org.freedesktop.DBus; member=NameOwnerChanged
   string ":1.498"
   string ":1.498"
   string ""
signal time=1788730828.184106 sender=:1.2 -> destination=(null destination) serial=547 path=/org/a11y/atspi/registry; interface=org.a11y.atspi.Registry; member=EventListenerDeregistered
   string ":1.498"
   string ""
signal time=1788730828.187870 sender=org.freedesktop.DBus -> destination=(null destination) serial=997 path=/org/freedesktop/DBus; interface=org.freedesktop.DBus; member=NameOwnerChanged
   string ":1.499"
   string ""
   string ":1.499"
signal time=1788730828.187895 sender=org.freedesktop.DBus -> destination=:1.499 serial=2 path=/org/freedesktop/DBus; interface=org.freedesktop.DBus; member=NameAcquired
   string ":1.499"
signal time=1788730828.189052 sender=org.freedesktop.DBus -> destination=:1.499 serial=3 path=/org/freedesktop/DBus; interface=org.freedesktop.DBus; member=NameLost
   string ":1.499"
signal time=1788730828.189067 sender=org.freedesktop.DBus -> destination=(null destination) serial=998 path=/org/freedesktop/DBus; interface=org.freedesktop.DBus; member=NameOwnerChanged
   string ":1.499"
   string ":1.499"
   string ""
signal time=1788730828.189209 sender=:1.2 -> destination=(null destination) serial=548 path=/org/a11y/atspi/registry; interface=org.a11y.atspi.Registry; member=EventListenerDeregistered
   string ":1.499"
   string ""
signal time=1788730828.193568 sender=org.freedesktop.DBus -> destination=(null destination) serial=999 path=/org/freedesktop/DBus; interface=org.freedesktop.DBus; member=NameOwnerChanged
   string ":1.500"
   string ""
   string ":1.500"
signal time=1788730828.193627 sender=org.freedesktop.DBus -> destination=:1.500 serial=2 path=/org/freedesktop/DBus; interface=org.freedesktop.DBus; member=NameAcquired
   string ":1.500"
signal time=1788730828.194644 sender=org.freedesktop.DBus -> destination=:1.500 serial=3 path=/org/freedesktop/DBus; interface=org.freedesktop.DBus; member=NameLost
   string ":1.500"
signal time=1788730828.194661 sender=org.freedesktop.DBus -> destination=(null destination) serial=1000 path=/org/freedesktop/DBus; interface=org.freedesktop.DBus; member=NameOwnerChanged
   string ":1.500"
   string ":1.500"
   string ""
signal time=1788730828.194793 sender=:1.2 -> destination=(null destination) serial=549 path=/org/a11y/atspi/registry; interface=org.a11y.atspi.Registry; member=EventListenerDeregistered
   string ":1.500"
   string ""
signal time=1788730828.199040 sender=org.freedesktop.DBus -> destination=(null destination) serial=1001 path=/org/freedesktop/DBus; interface=org.freedesktop.DBus; member=NameOwnerChanged
   string ":1.501"
   string ""
   string ":1.501"
signal time=1788730828.199070 sender=org.freedesktop.DBus -> destination=:1.501 serial=2 path=/org/freedesktop/DBus; interface=org.freedesktop.DBus; member=NameAcquired
   string ":1.501"
signal time=1788730828.200007 sender=org.freedesktop.DBus -> destination=:1.501 serial=3 path=/org/freedesktop/DBus; interface=org.freedesktop.DBus; member=NameLost
   string ":1.501"
signal time=1788730828.200026 sender=org.freedesktop.DBus -> destination=(null destination) serial=1002 path=/org/freedesktop/DBus; interface=org.freedesktop.DBus; member=NameOwnerChanged
   string ":1.501"
   string ":1.501"
   string ""
signal time=1788730828.200102 sender=:1.2 -> destination=(null destination) serial=550 path=/org/a11y/atspi/registry; interface=org.a11y.atspi.Registry; member=EventListenerDeregistered
   string ":1.501"
   string ""
signal time=1788730828.204771 sender=org.freedesktop.DBus -> destination=(null destination) serial=1003 path=/org/freedesktop/DBus; interface=org.freedesktop.DBus; member=NameOwnerChanged
   string ":1.502"
   string ""
   string ":1.502"
signal time=1788730828.204800 sender=org.freedesktop.DBus -> destination=:1.502 serial=2 path=/org/freedesktop/DBus; interface=org.freedesktop.DBus; member=NameAcquired
   string ":1.502"
signal time=1788730828.206342 sender=org.freedesktop.DBus -> destination=:1.502 serial=3 path=/org/freedesktop/DBus; interface=org.freedesktop.DBus; member=NameLost
   string ":1.502"
signal time=1788730828.206363 sender=org.freedesktop.DBus -> destination=(null destination) serial=1004 path=/org/freedesktop/DBus; interface=org.freedesktop.DBus; member=NameOwnerChanged
   string ":1.502"
   string ":1.502"
   string ""
signal time=1788730828.206475 sender=:1.2 -> destination=(null destination) serial=551 path=/org/a11y/atspi/registry; interface=org.a11y.atspi.Registry; member=EventListenerDeregistered
   string ":1.502"
   string ""
signal time=1788730828.210668 sender=org.freedesktop.DBus -> destination=(null destination) serial=1005 path=/org/freedesktop/DBus; interface=org.freedesktop.DBus; member=NameOwnerChanged
   string ":1.503"
   string ""
   string ":1.503"
signal time=1788730828.210694 sender=org.freedesktop.DBus -> destination=:1.503 serial=2 path=/org/freedesktop/DBus; interface=org.freedesktop.DBus; member=NameAcquired
   string ":1.503"
signal time=1788730828.212308 sender=org.freedesktop.DBus -> destination=:1.503 serial=3 path=/org/freedesktop/DBus; interface=org.freedesktop.DBus; member=NameLost
   string ":1.503"
signal time=1788730828.212323 sender=org.freedesktop.DBus -> destination=(null destination) serial=1006 path=/org/freedesktop/DBus; interface=org.freedesktop.DBus; member=NameOwnerChanged
   string ":1.503"
   string ":1.503"
   string ""
signal time=1788730828.212429 sender=:1.2 -> destination=(null destination) serial=552 path=/org/a11y/atspi/registry; interface=org.a11y.atspi.Registry; member=EventListenerDeregistered
   string ":1.503"
   string ""
signal time=1788730828.216365 sender=org.freedesktop.DBus -> destination=(null destination) serial=1007 path=/org/freedesktop/DBus; interface=org.freedesktop.DBus; member=NameOwnerChanged
   string ":1.504"
   string ""
   string ":1.504"
signal time=1788730828.216397 sender=org.freedesktop.DBus -> destination=:1.504 serial=2 path=/org/freedesktop/DBus; interface=org.freedesktop.DBus; member=NameAcquired
   string ":1.504"
signal time=1788730828.217569 sender=org.freedesktop.DBus -> destination=:1.504 serial=3 path=/org/freedesktop/DBus; interface=org.freedesktop.DBus; member=NameLost
   string ":1.504"
signal time=1788730828.217579 sender=org.freedesktop.DBus -> destination=(null destination) serial=1008 path=/org/freedesktop/DBus; interface=org.freedesktop.DBus; member=NameOwnerChanged
   string ":1.504"
   string ":1.504"
   string ""
signal time=1788730828.217722 sender=:1.2 -> destination=(null destination) serial=553 path=/org/a11y/atspi/registry; interface=org.a11y.atspi.Registry; member=EventListenerDeregistered
   string ":1.504"
   string ""
signal time=1788730828.221732 sender=org.freedesktop.DBus -> destination=(null destination) serial=1009 path=/org/freedesktop/DBus; interface=org.freedesktop.DBus; member=NameOwnerChanged
   string ":1.505"
   string ""
   string ":1.505"
signal time=1788730828.221756 sender=org.freedesktop.DBus -> destination=:1.505 serial=2 path=/org/freedesktop/DBus; interface=org.freedesktop.DBus; member=NameAcquired
   string ":1.505"
signal time=1788730828.223307 sender=org.freedesktop.DBus -> destination=:1.505 serial=3 path=/org/freedesktop/DBus; interface=org.freedesktop.DBus; member=NameLost
   string ":1.505"
signal time=1788730828.223322 sender=org.freedesktop.DBus -> destination=(null destination) serial=1010 path=/org/freedesktop/DBus; interface=org.freedesktop.DBus; member=NameOwnerChanged
   string ":1.505"
   string ":1.505"
   string ""
signal time=1788730828.223354 sender=:1.2 -> destination=(null destination) serial=554 path=/org/a11y/atspi/registry; interface=org.a11y.atspi.Registry; member=EventListenerDeregistered
   string ":1.505"
   string ""
signal time=1788730828.227286 sender=org.freedesktop.DBus -> destination=(null destination) serial=1011 path=/org/freedesktop/DBus; interface=org.freedesktop.DBus; member=NameOwnerChanged
   string ":1.506"
   string ""
   string ":1.506"
signal time=1788730828.227314 sender=org.freedesktop.DBus -> destination=:1.506 serial=2 path=/org/freedesktop/DBus; interface=org.freedesktop.DBus; member=NameAcquired
   string ":1.506"
signal time=1788730828.228855 sender=org.freedesktop.DBus -> destination=:1.506 serial=3 path=/org/freedesktop/DBus; interface=org.freedesktop.DBus; member=NameLost
   string ":1.506"
signal time=1788730828.228869 sender=org.freedesktop.DBus -> destination=(null destination) serial=1012 path=/org/freedesktop/DBus; interface=org.freedesktop.DBus; member=NameOwnerChanged
   string ":1.506"
   string ":1.506"
   string ""
signal time=1788730828.228980 sender=:1.2 -> destination=(null destination) serial=555 path=/org/a11y/atspi/registry; interface=org.a11y.atspi.Registry; member=EventListenerDeregistered
   string ":1.506"
   string ""
signal time=1788730828.233029 sender=org.freedesktop.DBus -> destination=(null destination) serial=1013 path=/org/freedesktop/DBus; interface=org.freedesktop.DBus; member=NameOwnerChanged
   string ":1.507"
   string ""
   string ":1.507"
signal time=1788730828.233054 sender=org.freedesktop.DBus -> destination=:1.507 serial=2 path=/org/freedesktop/DBus; interface=org.freedesktop.DBus; member=NameAcquired
   string ":1.507"
signal time=1788730828.234587 sender=org.freedesktop.DBus -> destination=:1.507 serial=3 path=/org/freedesktop/DBus; interface=org.freedesktop.DBus; member=NameLost
   string ":1.507"
signal time=1788730828.234606 sender=org.freedesktop.DBus -> destination=(null destination) serial=1014 path=/org/freedesktop/DBus; interface=org.freedesktop.DBus; member=NameOwnerChanged
   string ":1.507"
   string ":1.507"
   string ""
signal time=1788730828.234705 sender=:1.2 -> destination=(null destination) serial=556 path=/org/a11y/atspi/registry; interface=org.a11y.atspi.Registry; member=EventListenerDeregistered
   string ":1.507"
   string ""
signal time=1788730828.238441 sender=org.freedesktop.DBus -> destination=(null destination) serial=1015 path=/org/freedesktop/DBus; interface=org.freedesktop.DBus; member=NameOwnerChanged
   string ":1.508"
   string ""
   string ":1.508"
signal time=1788730828.238467 sender=org.freedesktop.DBus -> destination=:1.508 serial=2 path=/org/freedesktop/DBus; interface=org.freedesktop.DBus; member=NameAcquired
   string ":1.508"
signal time=1788730828.239790 sender=org.freedesktop.DBus -> destination=:1.508 serial=3 path=/org/freedesktop/DBus; interface=org.freedesktop.DBus; member=NameLost
   string ":1.508"
signal time=1788730828.239804 sender=org.freedesktop.DBus -> destination=(null destination) serial=1016 path=/org/freedesktop/DBus; interface=org.freedesktop.DBus; member=NameOwnerChanged
   string ":1.508"
   string ":1.508"
   string ""
signal time=1788730828.239891 sender=:1.2 -> destination=(null destination) serial=557 path=/org/a11y/atspi/registry; interface=org.a11y.atspi.Registry; member=EventListenerDeregistered
   string ":1.508"
   string ""
signal time=1788730828.244044 sender=org.freedesktop.DBus -> destination=(null destination) serial=1017 path=/org/freedesktop/DBus; interface=org.freedesktop.DBus; member=NameOwnerChanged
   string ":1.509"
   string ""
   string ":1.509"
signal time=1788730828.244070 sender=org.freedesktop.DBus -> destination=:1.509 serial=2 path=/org/freedesktop/DBus; interface=org.freedesktop.DBus; member=NameAcquired
   string ":1.509"
signal time=1788730828.245853 sender=org.freedesktop.DBus -> destination=:1.509 serial=3 path=/org/freedesktop/DBus; interface=org.freedesktop.DBus; member=NameLost
   string ":1.509"
signal time=1788730828.245872 sender=org.freedesktop.DBus -> destination=(null destination) serial=1018 path=/org/freedesktop/DBus; interface=org.freedesktop.DBus; member=NameOwnerChanged
   string ":1.509"
   string ":1.509"
   string ""
signal time=1788730828.245964 sender=:1.2 -> destination=(null destination) serial=558 path=/org/a11y/atspi/registry; interface=org.a11y.atspi.Registry; member=EventListenerDeregistered
   string ":1.509"
   string ""
signal time=1788730828.249722 sender=org.freedesktop.DBus -> destination=(null destination) serial=1019 path=/org/freedesktop/DBus; interface=org.freedesktop.DBus; member=NameOwnerChanged
   string ":1.510"
   string ""
   string ":1.510"
signal time=1788730828.249747 sender=org.freedesktop.DBus -> destination=:1.510 serial=2 path=/org/freedesktop/DBus; interface=org.freedesktop.DBus; member=NameAcquired
   string ":1.510"
signal time=1788730828.251121 sender=org.freedesktop.DBus -> destination=:1.510 serial=3 path=/org/freedesktop/DBus; interface=org.freedesktop.DBus; member=NameLost
   string ":1.510"
signal time=1788730828.251136 sender=org.freedesktop.DBus -> destination=(null destination) serial=1020 path=/org/freedesktop/DBus; interface=org.freedesktop.DBus; member=NameOwnerChanged
   string ":1.510"
   string ":1.510"
   string ""
signal time=1788730828.251253 sender=:1.2 -> destination=(null destination) serial=559 path=/org/a11y/atspi/registry; interface=org.a11y.atspi.Registry; member=EventListenerDeregistered
   string ":1.510"
   string ""
signal time=1788730828.255198 sender=org.freedesktop.DBus -> destination=(null destination) serial=1021 path=/org/freedesktop/DBus; interface=org.freedesktop.DBus; member=NameOwnerChanged
   string ":1.511"
   string ""
   string ":1.511"
signal time=1788730828.255222 sender=org.freedesktop.DBus -> destination=:1.511 serial=2 path=/org/freedesktop/DBus; interface=org.freedesktop.DBus; member=NameAcquired
   string ":1.511"
signal time=1788730828.256690 sender=org.freedesktop.DBus -> destination=:1.511 serial=3 path=/org/freedesktop/DBus; interface=org.freedesktop.DBus; member=NameLost
   string ":1.511"
signal time=1788730828.256706 sender=org.freedesktop.DBus -> destination=(null destination) serial=1022 path=/org/freedesktop/DBus; interface=org.freedesktop.DBus; member=NameOwnerChanged
   string ":1.511"
   string ":1.511"
   string ""
signal time=1788730828.256846 sender=:1.2 -> destination=(null destination) serial=560 path=/org/a11y/atspi/registry; interface=org.a11y.atspi.Registry; member=EventListenerDeregistered
   string ":1.511"
   string ""
signal time=1788730828.260849 sender=org.freedesktop.DBus -> destination=(null destination) serial=1023 path=/org/freedesktop/DBus; interface=org.freedesktop.DBus; member=NameOwnerChanged
   string ":1.512"
   string ""
   string ":1.512"
signal time=1788730828.260897 sender=org.freedesktop.DBus -> destination=:1.512 serial=2 path=/org/freedesktop/DBus; interface=org.freedesktop.DBus; member=NameAcquired
   string ":1.512"
signal time=1788730828.262853 sender=org.freedesktop.DBus -> destination=:1.512 serial=3 path=/org/freedesktop/DBus; interface=org.freedesktop.DBus; member=NameLost
   string ":1.512"
signal time=1788730828.262883 sender=org.freedesktop.DBus -> destination=(null destination) serial=1024 path=/org/freedesktop/DBus; interface=org.freedesktop.DBus; member=NameOwnerChanged
   string ":1.512"
   string ":1.512"
   string ""
signal time=1788730828.263027 sender=:1.2 -> destination=(null destination) serial=561 path=/org/a11y/atspi/registry; interface=org.a11y.atspi.Registry; member=EventListenerDeregistered
   string ":1.512"
   string ""
signal time=1788730828.267517 sender=org.freedesktop.DBus -> destination=(null destination) serial=1025 path=/org/freedesktop/DBus; interface=org.freedesktop.DBus; member=NameOwnerChanged
   string ":1.513"
   string ""
   string ":1.513"
signal time=1788730828.267550 sender=org.freedesktop.DBus -> destination=:1.513 serial=2 path=/org/freedesktop/DBus; interface=org.freedesktop.DBus; member=NameAcquired
   string ":1.513"
signal time=1788730828.269191 sender=org.freedesktop.DBus -> destination=:1.513 serial=3 path=/org/freedesktop/DBus; interface=org.freedesktop.DBus; member=NameLost
   string ":1.513"
signal time=1788730828.269212 sender=org.freedesktop.DBus -> destination=(null destination) serial=1026 path=/org/freedesktop/DBus; interface=org.freedesktop.DBus; member=NameOwnerChanged
   string ":1.513"
   string ":1.513"
   string ""
signal time=1788730828.269331 sender=:1.2 -> destination=(null destination) serial=562 path=/org/a11y/atspi/registry; interface=org.a11y.atspi.Registry; member=EventListenerDeregistered
   string ":1.513"
   string ""
signal time=1788730828.273774 sender=org.freedesktop.DBus -> destination=(null destination) serial=1027 path=/org/freedesktop/DBus; interface=org.freedesktop.DBus; member=NameOwnerChanged
   string ":1.514"
   string ""
   string ":1.514"
signal time=1788730828.273803 sender=org.freedesktop.DBus -> destination=:1.514 serial=2 path=/org/freedesktop/DBus; interface=org.freedesktop.DBus; member=NameAcquired
   string ":1.514"
signal time=1788730828.275344 sender=org.freedesktop.DBus -> destination=:1.514 serial=3 path=/org/freedesktop/DBus; interface=org.freedesktop.DBus; member=NameLost
   string ":1.514"
signal time=1788730828.275391 sender=org.freedesktop.DBus -> destination=(null destination) serial=1028 path=/org/freedesktop/DBus; interface=org.freedesktop.DBus; member=NameOwnerChanged
   string ":1.514"
   string ":1.514"
   string ""
signal time=1788730828.275481 sender=:1.2 -> destination=(null destination) serial=563 path=/org/a11y/atspi/registry; interface=org.a11y.atspi.Registry; member=EventListenerDeregistered
   string ":1.514"
   string ""
signal time=1788730828.280738 sender=org.freedesktop.DBus -> destination=(null destination) serial=1029 path=/org/freedesktop/DBus; interface=org.freedesktop.DBus; member=NameOwnerChanged
   string ":1.515"
   string ""
   string ":1.515"
signal time=1788730828.280775 sender=org.freedesktop.DBus -> destination=:1.515 serial=2 path=/org/freedesktop/DBus; interface=org.freedesktop.DBus; member=NameAcquired
   string ":1.515"
signal time=1788730828.282812 sender=org.freedesktop.DBus -> destination=:1.515 serial=3 path=/org/freedesktop/DBus; interface=org.freedesktop.DBus; member=NameLost
   string ":1.515"
signal time=1788730828.282844 sender=org.freedesktop.DBus -> destination=(null destination) serial=1030 path=/org/freedesktop/DBus; interface=org.freedesktop.DBus; member=NameOwnerChanged
   string ":1.515"
   string ":1.515"
   string ""
signal time=1788730828.282881 sender=:1.2 -> destination=(null destination) serial=564 path=/org/a11y/atspi/registry; interface=org.a11y.atspi.Registry; member=EventListenerDeregistered
   string ":1.515"
   string ""
signal time=1788730828.286864 sender=org.freedesktop.DBus -> destination=(null destination) serial=1031 path=/org/freedesktop/DBus; interface=org.freedesktop.DBus; member=NameOwnerChanged
   string ":1.516"
   string ""
   string ":1.516"
signal time=1788730828.286888 sender=org.freedesktop.DBus -> destination=:1.516 serial=2 path=/org/freedesktop/DBus; interface=org.freedesktop.DBus; member=NameAcquired
   string ":1.516"
signal time=1788730828.288428 sender=org.freedesktop.DBus -> destination=:1.516 serial=3 path=/org/freedesktop/DBus; interface=org.freedesktop.DBus; member=NameLost
   string ":1.516"
signal time=1788730828.288445 sender=org.freedesktop.DBus -> destination=(null destination) serial=1032 path=/org/freedesktop/DBus; interface=org.freedesktop.DBus; member=NameOwnerChanged
   string ":1.516"
   string ":1.516"
   string ""
signal time=1788730828.288479 sender=:1.2 -> destination=(null destination) serial=565 path=/org/a11y/atspi/registry; interface=org.a11y.atspi.Registry; member=EventListenerDeregistered
   string ":1.516"
   string ""
signal time=1788730828.292426 sender=org.freedesktop.DBus -> destination=(null destination) serial=1033 path=/org/freedesktop/DBus; interface=org.freedesktop.DBus; member=NameOwnerChanged
   string ":1.517"
   string ""
   string ":1.517"
signal time=1788730828.292462 sender=org.freedesktop.DBus -> destination=:1.517 serial=2 path=/org/freedesktop/DBus; interface=org.freedesktop.DBus; member=NameAcquired
   string ":1.517"
signal time=1788730828.293527 sender=org.freedesktop.DBus -> destination=:1.517 serial=3 path=/org/freedesktop/DBus; interface=org.freedesktop.DBus; member=NameLost
   string ":1.517"
signal time=1788730828.293546 sender=org.freedesktop.DBus -> destination=(null destination) serial=1034 path=/org/freedesktop/DBus; interface=org.freedesktop.DBus; member=NameOwnerChanged
   string ":1.517"
   string ":1.517"
   string ""
signal time=1788730828.293600 sender=:1.2 -> destination=(null destination) serial=566 path=/org/a11y/atspi/registry; interface=org.a11y.atspi.Registry; member=EventListenerDeregistered
   string ":1.517"
   string ""
signal time=1788730828.297695 sender=org.freedesktop.DBus -> destination=(null destination) serial=1035 path=/org/freedesktop/DBus; interface=org.freedesktop.DBus; member=NameOwnerChanged
   string ":1.518"
   string ""
   string ":1.518"
signal time=1788730828.297725 sender=org.freedesktop.DBus -> destination=:1.518 serial=2 path=/org/freedesktop/DBus; interface=org.freedesktop.DBus; member=NameAcquired
   string ":1.518"
signal time=1788730828.299279 sender=org.freedesktop.DBus -> destination=:1.518 serial=3 path=/org/freedesktop/DBus; interface=org.freedesktop.DBus; member=NameLost
   string ":1.518"
signal time=1788730828.299295 sender=org.freedesktop.DBus -> destination=(null destination) serial=1036 path=/org/freedesktop/DBus; interface=org.freedesktop.DBus; member=NameOwnerChanged
   string ":1.518"
   string ":1.518"
   string ""
signal time=1788730828.299415 sender=:1.2 -> destination=(null destination) serial=567 path=/org/a11y/atspi/registry; interface=org.a11y.atspi.Registry; member=EventListenerDeregistered
   string ":1.518"
   string ""
signal time=1788730828.303260 sender=org.freedesktop.DBus -> destination=(null destination) serial=1037 path=/org/freedesktop/DBus; interface=org.freedesktop.DBus; member=NameOwnerChanged
   string ":1.519"
   string ""
   string ":1.519"
signal time=1788730828.303286 sender=org.freedesktop.DBus -> destination=:1.519 serial=2 path=/org/freedesktop/DBus; interface=org.freedesktop.DBus; member=NameAcquired
   string ":1.519"
signal time=1788730828.304731 sender=org.freedesktop.DBus -> destination=:1.519 serial=3 path=/org/freedesktop/DBus; interface=org.freedesktop.DBus; member=NameLost
   string ":1.519"
signal time=1788730828.304747 sender=org.freedesktop.DBus -> destination=(null destination) serial=1038 path=/org/freedesktop/DBus; interface=org.freedesktop.DBus; member=NameOwnerChanged
   string ":1.519"
   string ":1.519"
   string ""
signal time=1788730828.304884 sender=:1.2 -> destination=(null destination) serial=568 path=/org/a11y/atspi/registry; interface=org.a11y.atspi.Registry; member=EventListenerDeregistered
   string ":1.519"
   string ""
signal time=1788730828.308621 sender=org.freedesktop.DBus -> destination=(null destination) serial=1039 path=/org/freedesktop/DBus; interface=org.freedesktop.DBus; member=NameOwnerChanged
   string ":1.520"
   string ""
   string ":1.520"
signal time=1788730828.308648 sender=org.freedesktop.DBus -> destination=:1.520 serial=2 path=/org/freedesktop/DBus; interface=org.freedesktop.DBus; member=NameAcquired
   string ":1.520"
signal time=1788730828.310483 sender=org.freedesktop.DBus -> destination=:1.520 serial=3 path=/org/freedesktop/DBus; interface=org.freedesktop.DBus; member=NameLost
   string ":1.520"
signal time=1788730828.310504 sender=org.freedesktop.DBus -> destination=(null destination) serial=1040 path=/org/freedesktop/DBus; interface=org.freedesktop.DBus; member=NameOwnerChanged
   string ":1.520"
   string ":1.520"
   string ""
signal time=1788730828.310601 sender=:1.2 -> destination=(null destination) serial=569 path=/org/a11y/atspi/registry; interface=org.a11y.atspi.Registry; member=EventListenerDeregistered
   string ":1.520"
   string ""
signal time=1788730828.314591 sender=org.freedesktop.DBus -> destination=(null destination) serial=1041 path=/org/freedesktop/DBus; interface=org.freedesktop.DBus; member=NameOwnerChanged
   string ":1.521"
   string ""
   string ":1.521"
signal time=1788730828.314614 sender=org.freedesktop.DBus -> destination=:1.521 serial=2 path=/org/freedesktop/DBus; interface=org.freedesktop.DBus; member=NameAcquired
   string ":1.521"
signal time=1788730828.315994 sender=org.freedesktop.DBus -> destination=:1.521 serial=3 path=/org/freedesktop/DBus; interface=org.freedesktop.DBus; member=NameLost
   string ":1.521"
signal time=1788730828.316007 sender=org.freedesktop.DBus -> destination=(null destination) serial=1042 path=/org/freedesktop/DBus; interface=org.freedesktop.DBus; member=NameOwnerChanged
   string ":1.521"
   string ":1.521"
   string ""
signal time=1788730828.316124 sender=:1.2 -> destination=(null destination) serial=570 path=/org/a11y/atspi/registry; interface=org.a11y.atspi.Registry; member=EventListenerDeregistered
   string ":1.521"
   string ""
signal time=1788730828.319691 sender=org.freedesktop.DBus -> destination=(null destination) serial=1043 path=/org/freedesktop/DBus; interface=org.freedesktop.DBus; member=NameOwnerChanged
   string ":1.522"
   string ""
   string ":1.522"
signal time=1788730828.319716 sender=org.freedesktop.DBus -> destination=:1.522 serial=2 path=/org/freedesktop/DBus; interface=org.freedesktop.DBus; member=NameAcquired
   string ":1.522"
signal time=1788730828.321261 sender=org.freedesktop.DBus -> destination=:1.522 serial=3 path=/org/freedesktop/DBus; interface=org.freedesktop.DBus; member=NameLost
   string ":1.522"
signal time=1788730828.321277 sender=org.freedesktop.DBus -> destination=(null destination) serial=1044 path=/org/freedesktop/DBus; interface=org.freedesktop.DBus; member=NameOwnerChanged
   string ":1.522"
   string ":1.522"
   string ""
signal time=1788730828.321387 sender=:1.2 -> destination=(null destination) serial=571 path=/org/a11y/atspi/registry; interface=org.a11y.atspi.Registry; member=EventListenerDeregistered
   string ":1.522"
   string ""
signal time=1788730828.325405 sender=org.freedesktop.DBus -> destination=(null destination) serial=1045 path=/org/freedesktop/DBus; interface=org.freedesktop.DBus; member=NameOwnerChanged
   string ":1.523"
   string ""
   string ":1.523"
signal time=1788730828.325442 sender=org.freedesktop.DBus -> destination=:1.523 serial=2 path=/org/freedesktop/DBus; interface=org.freedesktop.DBus; member=NameAcquired
   string ":1.523"
signal time=1788730828.326433 sender=org.freedesktop.DBus -> destination=:1.523 serial=3 path=/org/freedesktop/DBus; interface=org.freedesktop.DBus; member=NameLost
   string ":1.523"
signal time=1788730828.326453 sender=org.freedesktop.DBus -> destination=(null destination) serial=1046 path=/org/freedesktop/DBus; interface=org.freedesktop.DBus; member=NameOwnerChanged
   string ":1.523"
   string ":1.523"
   string ""
signal time=1788730828.326536 sender=:1.2 -> destination=(null destination) serial=572 path=/org/a11y/atspi/registry; interface=org.a11y.atspi.Registry; member=EventListenerDeregistered
   string ":1.523"
   string ""
signal time=1788730828.330818 sender=org.freedesktop.DBus -> destination=(null destination) serial=1047 path=/org/freedesktop/DBus; interface=org.freedesktop.DBus; member=NameOwnerChanged
   string ":1.524"
   string ""
   string ":1.524"
signal time=1788730828.330847 sender=org.freedesktop.DBus -> destination=:1.524 serial=2 path=/org/freedesktop/DBus; interface=org.freedesktop.DBus; member=NameAcquired
   string ":1.524"
signal time=1788730828.331993 sender=org.freedesktop.DBus -> destination=:1.524 serial=3 path=/org/freedesktop/DBus; interface=org.freedesktop.DBus; member=NameLost
   string ":1.524"
signal time=1788730828.332011 sender=org.freedesktop.DBus -> destination=(null destination) serial=1048 path=/org/freedesktop/DBus; interface=org.freedesktop.DBus; member=NameOwnerChanged
   string ":1.524"
   string ":1.524"
   string ""
signal time=1788730828.332135 sender=:1.2 -> destination=(null destination) serial=573 path=/org/a11y/atspi/registry; interface=org.a11y.atspi.Registry; member=EventListenerDeregistered
   string ":1.524"
   string ""
signal time=1788730828.336279 sender=org.freedesktop.DBus -> destination=(null destination) serial=1049 path=/org/freedesktop/DBus; interface=org.freedesktop.DBus; member=NameOwnerChanged
   string ":1.525"
   string ""
   string ":1.525"
signal time=1788730828.336307 sender=org.freedesktop.DBus -> destination=:1.525 serial=2 path=/org/freedesktop/DBus; interface=org.freedesktop.DBus; member=NameAcquired
   string ":1.525"
signal time=1788730828.337819 sender=org.freedesktop.DBus -> destination=:1.525 serial=3 path=/org/freedesktop/DBus; interface=org.freedesktop.DBus; member=NameLost
   string ":1.525"
signal time=1788730828.337843 sender=org.freedesktop.DBus -> destination=(null destination) serial=1050 path=/org/freedesktop/DBus; interface=org.freedesktop.DBus; member=NameOwnerChanged
   string ":1.525"
   string ":1.525"
   string ""
signal time=1788730828.337897 sender=:1.2 -> destination=(null destination) serial=574 path=/org/a11y/atspi/registry; interface=org.a11y.atspi.Registry; member=EventListenerDeregistered
   string ":1.525"
   string ""
signal time=1788730828.341639 sender=org.freedesktop.DBus -> destination=(null destination) serial=1051 path=/org/freedesktop/DBus; interface=org.freedesktop.DBus; member=NameOwnerChanged
   string ":1.526"
   string ""
   string ":1.526"
signal time=1788730828.341671 sender=org.freedesktop.DBus -> destination=:1.526 serial=2 path=/org/freedesktop/DBus; interface=org.freedesktop.DBus; member=NameAcquired
   string ":1.526"
signal time=1788730828.343036 sender=org.freedesktop.DBus -> destination=:1.526 serial=3 path=/org/freedesktop/DBus; interface=org.freedesktop.DBus; member=NameLost
   string ":1.526"
signal time=1788730828.343056 sender=org.freedesktop.DBus -> destination=(null destination) serial=1052 path=/org/freedesktop/DBus; interface=org.freedesktop.DBus; member=NameOwnerChanged
   string ":1.526"
   string ":1.526"
   string ""
signal time=1788730828.343133 sender=:1.2 -> destination=(null destination) serial=575 path=/org/a11y/atspi/registry; interface=org.a11y.atspi.Registry; member=EventListenerDeregistered
   string ":1.526"
   string ""
signal time=1788730828.347233 sender=org.freedesktop.DBus -> destination=(null destination) serial=1053 path=/org/freedesktop/DBus; interface=org.freedesktop.DBus; member=NameOwnerChanged
   string ":1.527"
   string ""
   string ":1.527"
signal time=1788730828.347271 sender=org.freedesktop.DBus -> destination=:1.527 serial=2 path=/org/freedesktop/DBus; interface=org.freedesktop.DBus; member=NameAcquired
   string ":1.527"
signal time=1788730828.348803 sender=org.freedesktop.DBus -> destination=:1.527 serial=3 path=/org/freedesktop/DBus; interface=org.freedesktop.DBus; member=NameLost
   string ":1.527"
signal time=1788730828.348822 sender=org.freedesktop.DBus -> destination=(null destination) serial=1054 path=/org/freedesktop/DBus; interface=org.freedesktop.DBus; member=NameOwnerChanged
   string ":1.527"
   string ":1.527"
   string ""
signal time=1788730828.348904 sender=:1.2 -> destination=(null destination) serial=576 path=/org/a11y/atspi/registry; interface=org.a11y.atspi.Registry; member=EventListenerDeregistered
   string ":1.527"
   string ""
signal time=1788730828.352765 sender=org.freedesktop.DBus -> destination=(null destination) serial=1055 path=/org/freedesktop/DBus; interface=org.freedesktop.DBus; member=NameOwnerChanged
   string ":1.528"
   string ""
   string ":1.528"
signal time=1788730828.352799 sender=org.freedesktop.DBus -> destination=:1.528 serial=2 path=/org/freedesktop/DBus; interface=org.freedesktop.DBus; member=NameAcquired
   string ":1.528"
signal time=1788730828.353718 sender=org.freedesktop.DBus -> destination=:1.528 serial=3 path=/org/freedesktop/DBus; interface=org.freedesktop.DBus; member=NameLost
   string ":1.528"
signal time=1788730828.353740 sender=org.freedesktop.DBus -> destination=(null destination) serial=1056 path=/org/freedesktop/DBus; interface=org.freedesktop.DBus; member=NameOwnerChanged
   string ":1.528"
   string ":1.528"
   string ""
signal time=1788730828.353867 sender=:1.2 -> destination=(null destination) serial=577 path=/org/a11y/atspi/registry; interface=org.a11y.atspi.Registry; member=EventListenerDeregistered
   string ":1.528"
   string ""
signal time=1788730828.357700 sender=org.freedesktop.DBus -> destination=(null destination) serial=1057 path=/org/freedesktop/DBus; interface=org.freedesktop.DBus; member=NameOwnerChanged
   string ":1.529"
   string ""
   string ":1.529"
signal time=1788730828.357731 sender=org.freedesktop.DBus -> destination=:1.529 serial=2 path=/org/freedesktop/DBus; interface=org.freedesktop.DBus; member=NameAcquired
   string ":1.529"
signal time=1788730828.359239 sender=org.freedesktop.DBus -> destination=:1.529 serial=3 path=/org/freedesktop/DBus; interface=org.freedesktop.DBus; member=NameLost
   string ":1.529"
signal time=1788730828.359262 sender=org.freedesktop.DBus -> destination=(null destination) serial=1058 path=/org/freedesktop/DBus; interface=org.freedesktop.DBus; member=NameOwnerChanged
   string ":1.529"
   string ":1.529"
   string ""
signal time=1788730828.359362 sender=:1.2 -> destination=(null destination) serial=578 path=/org/a11y/atspi/registry; interface=org.a11y.atspi.Registry; member=EventListenerDeregistered
   string ":1.529"
   string ""
signal time=1788730828.363890 sender=org.freedesktop.DBus -> destination=(null destination) serial=1059 path=/org/freedesktop/DBus; interface=org.freedesktop.DBus; member=NameOwnerChanged
   string ":1.530"
   string ""
   string ":1.530"
signal time=1788730828.363926 sender=org.freedesktop.DBus -> destination=:1.530 serial=2 path=/org/freedesktop/DBus; interface=org.freedesktop.DBus; member=NameAcquired
   string ":1.530"
signal time=1788730828.365628 sender=org.freedesktop.DBus -> destination=:1.530 serial=3 path=/org/freedesktop/DBus; interface=org.freedesktop.DBus; member=NameLost
   string ":1.530"
signal time=1788730828.365683 sender=org.freedesktop.DBus -> destination=(null destination) serial=1060 path=/org/freedesktop/DBus; interface=org.freedesktop.DBus; member=NameOwnerChanged
   string ":1.530"
   string ":1.530"
   string ""
signal time=1788730828.365836 sender=:1.2 -> destination=(null destination) serial=579 path=/org/a11y/atspi/registry; interface=org.a11y.atspi.Registry; member=EventListenerDeregistered
   string ":1.530"
   string ""
signal time=1788730828.369882 sender=org.freedesktop.DBus -> destination=(null destination) serial=1061 path=/org/freedesktop/DBus; interface=org.freedesktop.DBus; member=NameOwnerChanged
   string ":1.531"
   string ""
   string ":1.531"
signal time=1788730828.369918 sender=org.freedesktop.DBus -> destination=:1.531 serial=2 path=/org/freedesktop/DBus; interface=org.freedesktop.DBus; member=NameAcquired
   string ":1.531"
signal time=1788730828.371103 sender=org.freedesktop.DBus -> destination=:1.531 serial=3 path=/org/freedesktop/DBus; interface=org.freedesktop.DBus; member=NameLost
   string ":1.531"
signal time=1788730828.371125 sender=org.freedesktop.DBus -> destination=(null destination) serial=1062 path=/org/freedesktop/DBus; interface=org.freedesktop.DBus; member=NameOwnerChanged
   string ":1.531"
   string ":1.531"
   string ""
signal time=1788730828.371233 sender=:1.2 -> destination=(null destination) serial=580 path=/org/a11y/atspi/registry; interface=org.a11y.atspi.Registry; member=EventListenerDeregistered
   string ":1.531"
   string ""
signal time=1788730828.375971 sender=org.freedesktop.DBus -> destination=(null destination) serial=1063 path=/org/freedesktop/DBus; interface=org.freedesktop.DBus; member=NameOwnerChanged
   string ":1.532"
   string ""
   string ":1.532"
signal time=1788730828.376008 sender=org.freedesktop.DBus -> destination=:1.532 serial=2 path=/org/freedesktop/DBus; interface=org.freedesktop.DBus; member=NameAcquired
   string ":1.532"
signal time=1788730828.377474 sender=org.freedesktop.DBus -> destination=:1.532 serial=3 path=/org/freedesktop/DBus; interface=org.freedesktop.DBus; member=NameLost
   string ":1.532"
signal time=1788730828.377507 sender=org.freedesktop.DBus -> destination=(null destination) serial=1064 path=/org/freedesktop/DBus; interface=org.freedesktop.DBus; member=NameOwnerChanged
   string ":1.532"
   string ":1.532"
   string ""
signal time=1788730828.377646 sender=:1.2 -> destination=(null destination) serial=581 path=/org/a11y/atspi/registry; interface=org.a11y.atspi.Registry; member=EventListenerDeregistered
   string ":1.532"
   string ""
signal time=1788730828.382352 sender=org.freedesktop.DBus -> destination=(null destination) serial=1065 path=/org/freedesktop/DBus; interface=org.freedesktop.DBus; member=NameOwnerChanged
   string ":1.533"
   string ""
   string ":1.533"
signal time=1788730828.382389 sender=org.freedesktop.DBus -> destination=:1.533 serial=2 path=/org/freedesktop/DBus; interface=org.freedesktop.DBus; member=NameAcquired
   string ":1.533"
signal time=1788730828.384034 sender=org.freedesktop.DBus -> destination=:1.533 serial=3 path=/org/freedesktop/DBus; interface=org.freedesktop.DBus; member=NameLost
   string ":1.533"
signal time=1788730828.384052 sender=org.freedesktop.DBus -> destination=(null destination) serial=1066 path=/org/freedesktop/DBus; interface=org.freedesktop.DBus; member=NameOwnerChanged
   string ":1.533"
   string ":1.533"
   string ""
signal time=1788730828.384153 sender=:1.2 -> destination=(null destination) serial=582 path=/org/a11y/atspi/registry; interface=org.a11y.atspi.Registry; member=EventListenerDeregistered
   string ":1.533"
   string ""
signal time=1788730828.388143 sender=org.freedesktop.DBus -> destination=(null destination) serial=1067 path=/org/freedesktop/DBus; interface=org.freedesktop.DBus; member=NameOwnerChanged
   string ":1.534"
   string ""
   string ":1.534"
signal time=1788730828.388172 sender=org.freedesktop.DBus -> destination=:1.534 serial=2 path=/org/freedesktop/DBus; interface=org.freedesktop.DBus; member=NameAcquired
   string ":1.534"
signal time=1788730828.389779 sender=org.freedesktop.DBus -> destination=:1.534 serial=3 path=/org/freedesktop/DBus; interface=org.freedesktop.DBus; member=NameLost
   string ":1.534"
signal time=1788730828.389800 sender=org.freedesktop.DBus -> destination=(null destination) serial=1068 path=/org/freedesktop/DBus; interface=org.freedesktop.DBus; member=NameOwnerChanged
   string ":1.534"
   string ":1.534"
   string ""
signal time=1788730828.389901 sender=:1.2 -> destination=(null destination) serial=583 path=/org/a11y/atspi/registry; interface=org.a11y.atspi.Registry; member=EventListenerDeregistered
   string ":1.534"
   string ""
signal time=1788730828.393656 sender=org.freedesktop.DBus -> destination=(null destination) serial=1069 path=/org/freedesktop/DBus; interface=org.freedesktop.DBus; member=NameOwnerChanged
   string ":1.535"
   string ""
   string ":1.535"
signal time=1788730828.393686 sender=org.freedesktop.DBus -> destination=:1.535 serial=2 path=/org/freedesktop/DBus; interface=org.freedesktop.DBus; member=NameAcquired
   string ":1.535"
signal time=1788730828.394843 sender=org.freedesktop.DBus -> destination=:1.535 serial=3 path=/org/freedesktop/DBus; interface=org.freedesktop.DBus; member=NameLost
   string ":1.535"
signal time=1788730828.394859 sender=org.freedesktop.DBus -> destination=(null destination) serial=1070 path=/org/freedesktop/DBus; interface=org.freedesktop.DBus; member=NameOwnerChanged
   string ":1.535"
   string ":1.535"
   string ""
signal time=1788730828.395004 sender=:1.2 -> destination=(null destination) serial=584 path=/org/a11y/atspi/registry; interface=org.a11y.atspi.Registry; member=EventListenerDeregistered
   string ":1.535"
   string ""
signal time=1788730828.399018 sender=org.freedesktop.DBus -> destination=(null destination) serial=1071 path=/org/freedesktop/DBus; interface=org.freedesktop.DBus; member=NameOwnerChanged
   string ":1.536"
   string ""
   string ":1.536"
signal time=1788730828.399051 sender=org.freedesktop.DBus -> destination=:1.536 serial=2 path=/org/freedesktop/DBus; interface=org.freedesktop.DBus; member=NameAcquired
   string ":1.536"
signal time=1788730828.400620 sender=org.freedesktop.DBus -> destination=:1.536 serial=3 path=/org/freedesktop/DBus; interface=org.freedesktop.DBus; member=NameLost
   string ":1.536"
signal time=1788730828.400639 sender=org.freedesktop.DBus -> destination=(null destination) serial=1072 path=/org/freedesktop/DBus; interface=org.freedesktop.DBus; member=NameOwnerChanged
   string ":1.536"
   string ":1.536"
   string ""
signal time=1788730828.400766 sender=:1.2 -> destination=(null destination) serial=585 path=/org/a11y/atspi/registry; interface=org.a11y.atspi.Registry; member=EventListenerDeregistered
   string ":1.536"
   string ""
signal time=1788730828.404759 sender=org.freedesktop.DBus -> destination=(null destination) serial=1073 path=/org/freedesktop/DBus; interface=org.freedesktop.DBus; member=NameOwnerChanged
   string ":1.537"
   string ""
   string ":1.537"
signal time=1788730828.404791 sender=org.freedesktop.DBus -> destination=:1.537 serial=2 path=/org/freedesktop/DBus; interface=org.freedesktop.DBus; member=NameAcquired
   string ":1.537"
signal time=1788730828.405710 sender=org.freedesktop.DBus -> destination=:1.537 serial=3 path=/org/freedesktop/DBus; interface=org.freedesktop.DBus; member=NameLost
   string ":1.537"
signal time=1788730828.405732 sender=org.freedesktop.DBus -> destination=(null destination) serial=1074 path=/org/freedesktop/DBus; interface=org.freedesktop.DBus; member=NameOwnerChanged
   string ":1.537"
   string ":1.537"
   string ""
signal time=1788730828.405853 sender=:1.2 -> destination=(null destination) serial=586 path=/org/a11y/atspi/registry; interface=org.a11y.atspi.Registry; member=EventListenerDeregistered
   string ":1.537"
   string ""
signal time=1788730828.409962 sender=org.freedesktop.DBus -> destination=(null destination) serial=1075 path=/org/freedesktop/DBus; interface=org.freedesktop.DBus; member=NameOwnerChanged
   string ":1.538"
   string ""
   string ":1.538"
signal time=1788730828.409990 sender=org.freedesktop.DBus -> destination=:1.538 serial=2 path=/org/freedesktop/DBus; interface=org.freedesktop.DBus; member=NameAcquired
   string ":1.538"
signal time=1788730828.411244 sender=org.freedesktop.DBus -> destination=:1.538 serial=3 path=/org/freedesktop/DBus; interface=org.freedesktop.DBus; member=NameLost
   string ":1.538"
signal time=1788730828.411264 sender=org.freedesktop.DBus -> destination=(null destination) serial=1076 path=/org/freedesktop/DBus; interface=org.freedesktop.DBus; member=NameOwnerChanged
   string ":1.538"
   string ":1.538"
   string ""
signal time=1788730828.411348 sender=:1.2 -> destination=(null destination) serial=587 path=/org/a11y/atspi/registry; interface=org.a11y.atspi.Registry; member=EventListenerDeregistered
   string ":1.538"
   string ""
signal time=1788730828.415284 sender=org.freedesktop.DBus -> destination=(null destination) serial=1077 path=/org/freedesktop/DBus; interface=org.freedesktop.DBus; member=NameOwnerChanged
   string ":1.539"
   string ""
   string ":1.539"
signal time=1788730828.415315 sender=org.freedesktop.DBus -> destination=:1.539 serial=2 path=/org/freedesktop/DBus; interface=org.freedesktop.DBus; member=NameAcquired
   string ":1.539"
signal time=1788730828.416498 sender=org.freedesktop.DBus -> destination=:1.539 serial=3 path=/org/freedesktop/DBus; interface=org.freedesktop.DBus; member=NameLost
   string ":1.539"
signal time=1788730828.416515 sender=org.freedesktop.DBus -> destination=(null destination) serial=1078 path=/org/freedesktop/DBus; interface=org.freedesktop.DBus; member=NameOwnerChanged
   string ":1.539"
   string ":1.539"
   string ""
signal time=1788730828.416620 sender=:1.2 -> destination=(null destination) serial=588 path=/org/a11y/atspi/registry; interface=org.a11y.atspi.Registry; member=EventListenerDeregistered
   string ":1.539"
   string ""
signal time=1788730828.420729 sender=org.freedesktop.DBus -> destination=(null destination) serial=1079 path=/org/freedesktop/DBus; interface=org.freedesktop.DBus; member=NameOwnerChanged
   string ":1.540"
   string ""
   string ":1.540"
signal time=1788730828.420761 sender=org.freedesktop.DBus -> destination=:1.540 serial=2 path=/org/freedesktop/DBus; interface=org.freedesktop.DBus; member=NameAcquired
   string ":1.540"
signal time=1788730828.422099 sender=org.freedesktop.DBus -> destination=:1.540 serial=3 path=/org/freedesktop/DBus; interface=org.freedesktop.DBus; member=NameLost
   string ":1.540"
signal time=1788730828.422121 sender=org.freedesktop.DBus -> destination=(null destination) serial=1080 path=/org/freedesktop/DBus; interface=org.freedesktop.DBus; member=NameOwnerChanged
   string ":1.540"
   string ":1.540"
   string ""
signal time=1788730828.422236 sender=:1.2 -> destination=(null destination) serial=589 path=/org/a11y/atspi/registry; interface=org.a11y.atspi.Registry; member=EventListenerDeregistered
   string ":1.540"
   string ""
signal time=1788730828.426018 sender=org.freedesktop.DBus -> destination=(null destination) serial=1081 path=/org/freedesktop/DBus; interface=org.freedesktop.DBus; member=NameOwnerChanged
   string ":1.541"
   string ""
   string ":1.541"
signal time=1788730828.426051 sender=org.freedesktop.DBus -> destination=:1.541 serial=2 path=/org/freedesktop/DBus; interface=org.freedesktop.DBus; member=NameAcquired
   string ":1.541"
signal time=1788730828.427613 sender=org.freedesktop.DBus -> destination=:1.541 serial=3 path=/org/freedesktop/DBus; interface=org.freedesktop.DBus; member=NameLost
   string ":1.541"
signal time=1788730828.427630 sender=org.freedesktop.DBus -> destination=(null destination) serial=1082 path=/org/freedesktop/DBus; interface=org.freedesktop.DBus; member=NameOwnerChanged
   string ":1.541"
   string ":1.541"
   string ""
signal time=1788730828.427765 sender=:1.2 -> destination=(null destination) serial=590 path=/org/a11y/atspi/registry; interface=org.a11y.atspi.Registry; member=EventListenerDeregistered
   string ":1.541"
   string ""
signal time=1788730828.431648 sender=org.freedesktop.DBus -> destination=(null destination) serial=1083 path=/org/freedesktop/DBus; interface=org.freedesktop.DBus; member=NameOwnerChanged
   string ":1.542"
   string ""
   string ":1.542"
signal time=1788730828.431681 sender=org.freedesktop.DBus -> destination=:1.542 serial=2 path=/org/freedesktop/DBus; interface=org.freedesktop.DBus; member=NameAcquired
   string ":1.542"
signal time=1788730828.433271 sender=org.freedesktop.DBus -> destination=:1.542 serial=3 path=/org/freedesktop/DBus; interface=org.freedesktop.DBus; member=NameLost
   string ":1.542"
signal time=1788730828.433302 sender=org.freedesktop.DBus -> destination=(null destination) serial=1084 path=/org/freedesktop/DBus; interface=org.freedesktop.DBus; member=NameOwnerChanged
   string ":1.542"
   string ":1.542"
   string ""
signal time=1788730828.433382 sender=:1.2 -> destination=(null destination) serial=591 path=/org/a11y/atspi/registry; interface=org.a11y.atspi.Registry; member=EventListenerDeregistered
   string ":1.542"
   string ""
signal time=1788730828.437315 sender=org.freedesktop.DBus -> destination=(null destination) serial=1085 path=/org/freedesktop/DBus; interface=org.freedesktop.DBus; member=NameOwnerChanged
   string ":1.543"
   string ""
   string ":1.543"
signal time=1788730828.437339 sender=org.freedesktop.DBus -> destination=:1.543 serial=2 path=/org/freedesktop/DBus; interface=org.freedesktop.DBus; member=NameAcquired
   string ":1.543"
signal time=1788730828.438889 sender=org.freedesktop.DBus -> destination=:1.543 serial=3 path=/org/freedesktop/DBus; interface=org.freedesktop.DBus; member=NameLost
   string ":1.543"
signal time=1788730828.438914 sender=org.freedesktop.DBus -> destination=(null destination) serial=1086 path=/org/freedesktop/DBus; interface=org.freedesktop.DBus; member=NameOwnerChanged
   string ":1.543"
   string ":1.543"
   string ""
signal time=1788730828.439018 sender=:1.2 -> destination=(null destination) serial=592 path=/org/a11y/atspi/registry; interface=org.a11y.atspi.Registry; member=EventListenerDeregistered
   string ":1.543"
   string ""
signal time=1788730828.442839 sender=org.freedesktop.DBus -> destination=(null destination) serial=1087 path=/org/freedesktop/DBus; interface=org.freedesktop.DBus; member=NameOwnerChanged
   string ":1.544"
   string ""
   string ":1.544"
signal time=1788730828.442873 sender=org.freedesktop.DBus -> destination=:1.544 serial=2 path=/org/freedesktop/DBus; interface=org.freedesktop.DBus; member=NameAcquired
   string ":1.544"
signal time=1788730828.444502 sender=org.freedesktop.DBus -> destination=:1.544 serial=3 path=/org/freedesktop/DBus; interface=org.freedesktop.DBus; member=NameLost
   string ":1.544"
signal time=1788730828.444522 sender=org.freedesktop.DBus -> destination=(null destination) serial=1088 path=/org/freedesktop/DBus; interface=org.freedesktop.DBus; member=NameOwnerChanged
   string ":1.544"
   string ":1.544"
   string ""
signal time=1788730828.444653 sender=:1.2 -> destination=(null destination) serial=593 path=/org/a11y/atspi/registry; interface=org.a11y.atspi.Registry; member=EventListenerDeregistered
   string ":1.544"
   string ""
signal time=1788730828.448628 sender=org.freedesktop.DBus -> destination=(null destination) serial=1089 path=/org/freedesktop/DBus; interface=org.freedesktop.DBus; member=NameOwnerChanged
   string ":1.545"
   string ""
   string ":1.545"
signal time=1788730828.448656 sender=org.freedesktop.DBus -> destination=:1.545 serial=2 path=/org/freedesktop/DBus; interface=org.freedesktop.DBus; member=NameAcquired
   string ":1.545"
signal time=1788730828.450373 sender=org.freedesktop.DBus -> destination=:1.545 serial=3 path=/org/freedesktop/DBus; interface=org.freedesktop.DBus; member=NameLost
   string ":1.545"
signal time=1788730828.450395 sender=org.freedesktop.DBus -> destination=(null destination) serial=1090 path=/org/freedesktop/DBus; interface=org.freedesktop.DBus; member=NameOwnerChanged
   string ":1.545"
   string ":1.545"
   string ""
signal time=1788730828.450516 sender=:1.2 -> destination=(null destination) serial=594 path=/org/a11y/atspi/registry; interface=org.a11y.atspi.Registry; member=EventListenerDeregistered
   string ":1.545"
   string ""
signal time=1788730828.454698 sender=org.freedesktop.DBus -> destination=(null destination) serial=1091 path=/org/freedesktop/DBus; interface=org.freedesktop.DBus; member=NameOwnerChanged
   string ":1.546"
   string ""
   string ":1.546"
signal time=1788730828.454729 sender=org.freedesktop.DBus -> destination=:1.546 serial=2 path=/org/freedesktop/DBus; interface=org.freedesktop.DBus; member=NameAcquired
   string ":1.546"
signal time=1788730828.456248 sender=org.freedesktop.DBus -> destination=:1.546 serial=3 path=/org/freedesktop/DBus; interface=org.freedesktop.DBus; member=NameLost
   string ":1.546"
signal time=1788730828.456267 sender=org.freedesktop.DBus -> destination=(null destination) serial=1092 path=/org/freedesktop/DBus; interface=org.freedesktop.DBus; member=NameOwnerChanged
   string ":1.546"
   string ":1.546"
   string ""
signal time=1788730828.456391 sender=:1.2 -> destination=(null destination) serial=595 path=/org/a11y/atspi/registry; interface=org.a11y.atspi.Registry; member=EventListenerDeregistered
   string ":1.546"
   string ""
signal time=1788730828.460602 sender=org.freedesktop.DBus -> destination=(null destination) serial=1093 path=/org/freedesktop/DBus; interface=org.freedesktop.DBus; member=NameOwnerChanged
   string ":1.547"
   string ""
   string ":1.547"
signal time=1788730828.460650 sender=org.freedesktop.DBus -> destination=:1.547 serial=2 path=/org/freedesktop/DBus; interface=org.freedesktop.DBus; member=NameAcquired
   string ":1.547"
signal time=1788730828.462307 sender=org.freedesktop.DBus -> destination=:1.547 serial=3 path=/org/freedesktop/DBus; interface=org.freedesktop.DBus; member=NameLost
   string ":1.547"
signal time=1788730828.462343 sender=org.freedesktop.DBus -> destination=(null destination) serial=1094 path=/org/freedesktop/DBus; interface=org.freedesktop.DBus; member=NameOwnerChanged
   string ":1.547"
   string ":1.547"
   string ""
signal time=1788730828.462395 sender=:1.2 -> destination=(null destination) serial=596 path=/org/a11y/atspi/registry; interface=org.a11y.atspi.Registry; member=EventListenerDeregistered
   string ":1.547"
   string ""
signal time=1788730828.466810 sender=org.freedesktop.DBus -> destination=(null destination) serial=1095 path=/org/freedesktop/DBus; interface=org.freedesktop.DBus; member=NameOwnerChanged
   string ":1.548"
   string ""
   string ":1.548"
signal time=1788730828.466842 sender=org.freedesktop.DBus -> destination=:1.548 serial=2 path=/org/freedesktop/DBus; interface=org.freedesktop.DBus; member=NameAcquired
   string ":1.548"
signal time=1788730828.468811 sender=org.freedesktop.DBus -> destination=:1.548 serial=3 path=/org/freedesktop/DBus; interface=org.freedesktop.DBus; member=NameLost
   string ":1.548"
signal time=1788730828.468838 sender=org.freedesktop.DBus -> destination=(null destination) serial=1096 path=/org/freedesktop/DBus; interface=org.freedesktop.DBus; member=NameOwnerChanged
   string ":1.548"
   string ":1.548"
   string ""
signal time=1788730828.468894 sender=:1.2 -> destination=(null destination) serial=597 path=/org/a11y/atspi/registry; interface=org.a11y.atspi.Registry; member=EventListenerDeregistered
   string ":1.548"
   string ""
signal time=1788730828.472881 sender=org.freedesktop.DBus -> destination=(null destination) serial=1097 path=/org/freedesktop/DBus; interface=org.freedesktop.DBus; member=NameOwnerChanged
   string ":1.549"
   string ""
   string ":1.549"
signal time=1788730828.472920 sender=org.freedesktop.DBus -> destination=:1.549 serial=2 path=/org/freedesktop/DBus; interface=org.freedesktop.DBus; member=NameAcquired
   string ":1.549"
signal time=1788730828.474626 sender=org.freedesktop.DBus -> destination=:1.549 serial=3 path=/org/freedesktop/DBus; interface=org.freedesktop.DBus; member=NameLost
   string ":1.549"
signal time=1788730828.474656 sender=org.freedesktop.DBus -> destination=(null destination) serial=1098 path=/org/freedesktop/DBus; interface=org.freedesktop.DBus; member=NameOwnerChanged
   string ":1.549"
   string ":1.549"
   string ""
signal time=1788730828.474772 sender=:1.2 -> destination=(null destination) serial=598 path=/org/a11y/atspi/registry; interface=org.a11y.atspi.Registry; member=EventListenerDeregistered
   string ":1.549"
   string ""
signal time=1788730828.479929 sender=org.freedesktop.DBus -> destination=(null destination) serial=1099 path=/org/freedesktop/DBus; interface=org.freedesktop.DBus; member=NameOwnerChanged
   string ":1.550"
   string ""
   string ":1.550"
signal time=1788730828.479979 sender=org.freedesktop.DBus -> destination=:1.550 serial=2 path=/org/freedesktop/DBus; interface=org.freedesktop.DBus; member=NameAcquired
   string ":1.550"
signal time=1788730828.481749 sender=org.freedesktop.DBus -> destination=:1.550 serial=3 path=/org/freedesktop/DBus; interface=org.freedesktop.DBus; member=NameLost
   string ":1.550"
signal time=1788730828.481774 sender=org.freedesktop.DBus -> destination=(null destination) serial=1100 path=/org/freedesktop/DBus; interface=org.freedesktop.DBus; member=NameOwnerChanged
   string ":1.550"
   string ":1.550"
   string ""
signal time=1788730828.481924 sender=:1.2 -> destination=(null destination) serial=599 path=/org/a11y/atspi/registry; interface=org.a11y.atspi.Registry; member=EventListenerDeregistered
   string ":1.550"
   string ""
signal time=1788730828.799357 sender=:1.1 -> destination=(null destination) serial=1320 path=/org/a11y/atspi/accessible/root; interface=org.a11y.atspi.Event.Object; member=Announcement
   string "Action refused. Error: View / Layer Visibility: Layer Visibility menu action is unavailable in this build."
   int32 1
   int32 0
   variant       string "Action refused. Error: View / Layer Visibility: Layer Visibility menu action is unavailable in this build."
   array [
   ]
signal time=1788730828.803373 sender=:1.1 -> destination=(null destination) serial=1321 path=/org/a11y/atspi/accessible/menus/n6d656e753a56696577; interface=org.a11y.atspi.Event.Object; member=ChildrenChanged
   string "remove"
   int32 21
   int32 0
   variant       struct {
         string ":1.1"
         object path "/org/a11y/atspi/accessible/menus/n6d656e753a566965772f766965772e636f6e736f6c655f686973746f7279"
      }
   array [
   ]
signal time=1788730828.803482 sender=:1.1 -> destination=(null destination) serial=1322 path=/org/a11y/atspi/accessible/menus/n6d656e753a56696577; interface=org.a11y.atspi.Event.Object; member=ChildrenChanged
   string "remove"
   int32 20
   int32 0
   variant       struct {
         string ":1.1"
         object path "/org/a11y/atspi/accessible/menus/n6d656e753a566965772f766965772e637572736f722e6e6f6e65"
      }
   array [
   ]
signal time=1788730828.803566 sender=:1.1 -> destination=(null destination) serial=1323 path=/org/a11y/atspi/accessible/menus/n6d656e753a56696577; interface=org.a11y.atspi.Event.Object; member=ChildrenChanged
   string "remove"
   int32 19
   int32 0
   variant       struct {
         string ":1.1"
         object path "/org/a11y/atspi/accessible/menus/n6d656e753a566965772f766965772e637572736f722e736d616c6c"
      }
   array [
   ]
signal time=1788730828.803643 sender=:1.1 -> destination=(null destination) serial=1324 path=/org/a11y/atspi/accessible/menus/n6d656e753a56696577; interface=org.a11y.atspi.Event.Object; member=ChildrenChanged
   string "remove"
   int32 18
   int32 0
   variant       struct {
         string ":1.1"
         object path "/org/a11y/atspi/accessible/menus/n6d656e753a566965772f766965772e637572736f722e66756c6c"
      }
   array [
   ]
signal time=1788730828.803716 sender=:1.1 -> destination=(null destination) serial=1325 path=/org/a11y/atspi/accessible/menus/n6d656e753a56696577; interface=org.a11y.atspi.Event.Object; member=ChildrenChanged
   string "remove"
   int32 17
   int32 0
   variant       struct {
         string ":1.1"
         object path "/org/a11y/atspi/accessible/menus/n6d656e753a566965772f766965772e7072657365745f626f6172645f736368656d61746963"
      }
   array [
   ]
signal time=1788730828.803792 sender=:1.1 -> destination=(null destination) serial=1326 path=/org/a11y/atspi/accessible/menus/n6d656e753a56696577; interface=org.a11y.atspi.Event.Object; member=ChildrenChanged
   string "remove"
   int32 16
   int32 0
   variant       struct {
         string ":1.1"
         object path "/org/a11y/atspi/accessible/menus/n6d656e753a566965772f766965772e7072657365745f73696e676c65"
      }
   array [
   ]
signal time=1788730828.803890 sender=:1.1 -> destination=(null destination) serial=1327 path=/org/a11y/atspi/accessible/menus/n6d656e753a56696577; interface=org.a11y.atspi.Event.Object; member=ChildrenChanged
   string "remove"
   int32 15
   int32 0
   variant       struct {
         string ":1.1"
         object path "/org/a11y/atspi/accessible/menus/n6d656e753a566965772f766965772e66696c6c5f736368656d61746963"
      }
   array [
   ]
signal time=1788730828.803970 sender=:1.1 -> destination=(null destination) serial=1328 path=/org/a11y/atspi/accessible/menus/n6d656e753a56696577; interface=org.a11y.atspi.Event.Object; member=ChildrenChanged
   string "remove"
   int32 14
   int32 0
   variant       struct {
         string ":1.1"
         object path "/org/a11y/atspi/accessible/menus/n6d656e753a566965772f766965772e66696c6c5f626f617264"
      }
   array [
   ]
signal time=1788730828.804045 sender=:1.1 -> destination=(null destination) serial=1329 path=/org/a11y/atspi/accessible/menus/n6d656e753a56696577; interface=org.a11y.atspi.Event.Object; member=ChildrenChanged
   string "remove"
   int32 13
   int32 0
   variant       struct {
         string ":1.1"
         object path "/org/a11y/atspi/accessible/menus/n6d656e753a566965772f766965772e666f6375735f70726576"
      }
   array [
   ]
signal time=1788730828.804119 sender=:1.1 -> destination=(null destination) serial=1330 path=/org/a11y/atspi/accessible/menus/n6d656e753a56696577; interface=org.a11y.atspi.Event.Object; member=ChildrenChanged
   string "remove"
   int32 12
   int32 0
   variant       struct {
         string ":1.1"
         object path "/org/a11y/atspi/accessible/menus/n6d656e753a566965772f766965772e666f6375735f6e657874"
      }
   array [
   ]
signal time=1788730828.804194 sender=:1.1 -> destination=(null destination) serial=1331 path=/org/a11y/atspi/accessible/menus/n6d656e753a56696577; interface=org.a11y.atspi.Event.Object; member=ChildrenChanged
   string "remove"
   int32 11
   int32 0
   variant       struct {
         string ":1.1"
         object path "/org/a11y/atspi/accessible/menus/n6d656e753a566965772f766965772e6d6178696d697a655f70616e65"
      }
   array [
   ]
signal time=1788730828.804268 sender=:1.1 -> destination=(null destination) serial=1332 path=/org/a11y/atspi/accessible/menus/n6d656e753a56696577; interface=org.a11y.atspi.Event.Object; member=ChildrenChanged
   string "remove"
   int32 10
   int32 0
   variant       struct {
         string ":1.1"
         object path "/org/a11y/atspi/accessible/menus/n6d656e753a566965772f766965772e636c6f73655f70616e65"
      }
   array [
   ]
signal time=1788730828.804653 sender=:1.1 -> destination=(null destination) serial=1333 path=/org/a11y/atspi/accessible/menus/n6d656e753a56696577; interface=org.a11y.atspi.Event.Object; member=ChildrenChanged
   string "remove"
   int32 9
   int32 0
   variant       struct {
         string ":1.1"
         object path "/org/a11y/atspi/accessible/menus/n6d656e753a566965772f766965772e73706c69745f686f72697a6f6e74616c"
      }
   array [
   ]
signal time=1788730828.804736 sender=:1.1 -> destination=(null destination) serial=1334 path=/org/a11y/atspi/accessible/menus/n6d656e753a56696577; interface=org.a11y.atspi.Event.Object; member=ChildrenChanged
   string "remove"
   int32 8
   int32 0
   variant       struct {
         string ":1.1"
         object path "/org/a11y/atspi/accessible/menus/n6d656e753a566965772f766965772e73706c69745f766572746963616c"
      }
   array [
   ]
signal time=1788730828.804818 sender=:1.1 -> destination=(null destination) serial=1335 path=/org/a11y/atspi/accessible/menus/n6d656e753a56696577; interface=org.a11y.atspi.Event.Object; member=ChildrenChanged
   string "remove"
   int32 7
   int32 0
   variant       struct {
         string ":1.1"
         object path "/org/a11y/atspi/accessible/menus/n6d656e753a566965772f766965772e7265736574"
      }
   array [
   ]
signal time=1788730828.804907 sender=:1.1 -> destination=(null destination) serial=1336 path=/org/a11y/atspi/accessible/menus/n6d656e753a56696577; interface=org.a11y.atspi.Event.Object; member=ChildrenChanged
   string "remove"
   int32 6
   int32 0
   variant       struct {
         string ":1.1"
         object path "/org/a11y/atspi/accessible/menus/n6d656e753a566965772f766965772e70616e656c73"
      }
   array [
   ]
signal time=1788730828.805002 sender=:1.1 -> destination=(null destination) serial=1337 path=/org/a11y/atspi/accessible/menus/n6d656e753a56696577; interface=org.a11y.atspi.Event.Object; member=ChildrenChanged
   string "remove"
   int32 5
   int32 0
   variant       struct {
         string ":1.1"
         object path "/org/a11y/atspi/accessible/menus/n6d656e753a566965772f766965772e6c6179657273"
      }
   array [
   ]
signal time=1788730828.805078 sender=:1.1 -> destination=(null destination) serial=1338 path=/org/a11y/atspi/accessible/menus/n6d656e753a56696577; interface=org.a11y.atspi.Event.Object; member=ChildrenChanged
   string "remove"
   int32 4
   int32 0
   variant       struct {
         string ":1.1"
         object path "/org/a11y/atspi/accessible/menus/n6d656e753a566965772f766965772e66756c6c73637265656e5f7374616765"
      }
   array [
   ]
signal time=1788730828.805151 sender=:1.1 -> destination=(null destination) serial=1339 path=/org/a11y/atspi/accessible/menus/n6d656e753a56696577; interface=org.a11y.atspi.Event.Object; member=ChildrenChanged
   string "remove"
   int32 3
   int32 0
   variant       struct {
         string ":1.1"
         object path "/org/a11y/atspi/accessible/menus/n6d656e753a566965772f766965772e70616e655f7a6f6f6d"
      }
   array [
   ]
signal time=1788730828.805225 sender=:1.1 -> destination=(null destination) serial=1340 path=/org/a11y/atspi/accessible/menus/n6d656e753a56696577; interface=org.a11y.atspi.Event.Object; member=ChildrenChanged
   string "remove"
   int32 2
   int32 0
   variant       struct {
         string ":1.1"
         object path "/org/a11y/atspi/accessible/menus/n6d656e753a566965772f766965772e7a6f6f6d5f6f7574"
      }
   array [
   ]
signal time=1788730828.805301 sender=:1.1 -> destination=(null destination) serial=1341 path=/org/a11y/atspi/accessible/menus/n6d656e753a56696577; interface=org.a11y.atspi.Event.Object; member=ChildrenChanged
   string "remove"
   int32 1
   int32 0
   variant       struct {
         string ":1.1"
         object path "/org/a11y/atspi/accessible/menus/n6d656e753a566965772f766965772e7a6f6f6d5f696e"
      }
   array [
   ]
signal time=1788730828.805377 sender=:1.1 -> destination=(null destination) serial=1342 path=/org/a11y/atspi/accessible/menus/n6d656e753a56696577; interface=org.a11y.atspi.Event.Object; member=ChildrenChanged
   string "remove"
   int32 0
   int32 0
   variant       struct {
         string ":1.1"
         object path "/org/a11y/atspi/accessible/menus/n6d656e753a566965772f766965772e666974"
      }
   array [
   ]
signal time=1788730828.805451 sender=:1.1 -> destination=(null destination) serial=1343 path=/org/a11y/atspi/accessible/root; interface=org.a11y.atspi.Event.Object; member=ChildrenChanged
   string "remove"
   int32 1
   int32 0
   variant       struct {
         string ":1.1"
         object path "/org/a11y/atspi/accessible/menus/n6d656e753a56696577"
      }
   array [
   ]
signal time=1788730830.117157 sender=org.freedesktop.DBus -> destination=(null destination) serial=1101 path=/org/freedesktop/DBus; interface=org.freedesktop.DBus; member=NameOwnerChanged
   string ":1.551"
   string ""
   string ":1.551"
signal time=1788730830.117243 sender=org.freedesktop.DBus -> destination=:1.551 serial=2 path=/org/freedesktop/DBus; interface=org.freedesktop.DBus; member=NameAcquired
   string ":1.551"
signal time=1788730830.120993 sender=org.freedesktop.DBus -> destination=:1.551 serial=3 path=/org/freedesktop/DBus; interface=org.freedesktop.DBus; member=NameLost
   string ":1.551"
signal time=1788730830.121050 sender=org.freedesktop.DBus -> destination=(null destination) serial=1102 path=/org/freedesktop/DBus; interface=org.freedesktop.DBus; member=NameOwnerChanged
   string ":1.551"
   string ":1.551"
   string ""
signal time=1788730830.121240 sender=:1.2 -> destination=(null destination) serial=602 path=/org/a11y/atspi/registry; interface=org.a11y.atspi.Registry; member=EventListenerDeregistered
   string ":1.551"
   string ""
signal time=1788730830.130710 sender=org.freedesktop.DBus -> destination=(null destination) serial=1103 path=/org/freedesktop/DBus; interface=org.freedesktop.DBus; member=NameOwnerChanged
   string ":1.552"
   string ""
   string ":1.552"
signal time=1788730830.130793 sender=org.freedesktop.DBus -> destination=:1.552 serial=2 path=/org/freedesktop/DBus; interface=org.freedesktop.DBus; member=NameAcquired
   string ":1.552"
signal time=1788730830.133994 sender=org.freedesktop.DBus -> destination=:1.552 serial=5 path=/org/freedesktop/DBus; interface=org.freedesktop.DBus; member=NameLost
   string ":1.552"
signal time=1788730830.134051 sender=org.freedesktop.DBus -> destination=(null destination) serial=1104 path=/org/freedesktop/DBus; interface=org.freedesktop.DBus; member=NameOwnerChanged
   string ":1.552"
   string ":1.552"
   string ""
signal time=1788730830.134225 sender=:1.2 -> destination=(null destination) serial=603 path=/org/a11y/atspi/registry; interface=org.a11y.atspi.Registry; member=EventListenerDeregistered
   string ":1.552"
   string ""
signal time=1788730830.142486 sender=org.freedesktop.DBus -> destination=(null destination) serial=1105 path=/org/freedesktop/DBus; interface=org.freedesktop.DBus; member=NameOwnerChanged
   string ":1.553"
   string ""
   string ":1.553"
signal time=1788730830.142560 sender=org.freedesktop.DBus -> destination=:1.553 serial=2 path=/org/freedesktop/DBus; interface=org.freedesktop.DBus; member=NameAcquired
   string ":1.553"
signal time=1788730830.145628 sender=org.freedesktop.DBus -> destination=:1.553 serial=3 path=/org/freedesktop/DBus; interface=org.freedesktop.DBus; member=NameLost
   string ":1.553"
signal time=1788730830.145681 sender=org.freedesktop.DBus -> destination=(null destination) serial=1106 path=/org/freedesktop/DBus; interface=org.freedesktop.DBus; member=NameOwnerChanged
   string ":1.553"
   string ":1.553"
   string ""
signal time=1788730830.145836 sender=:1.2 -> destination=(null destination) serial=604 path=/org/a11y/atspi/registry; interface=org.a11y.atspi.Registry; member=EventListenerDeregistered
   string ":1.553"
   string ""
signal time=1788730830.154372 sender=org.freedesktop.DBus -> destination=(null destination) serial=1107 path=/org/freedesktop/DBus; interface=org.freedesktop.DBus; member=NameOwnerChanged
   string ":1.554"
   string ""
   string ":1.554"
signal time=1788730830.154442 sender=org.freedesktop.DBus -> destination=:1.554 serial=2 path=/org/freedesktop/DBus; interface=org.freedesktop.DBus; member=NameAcquired
   string ":1.554"
signal time=1788730830.157667 sender=org.freedesktop.DBus -> destination=:1.554 serial=3 path=/org/freedesktop/DBus; interface=org.freedesktop.DBus; member=NameLost
   string ":1.554"
signal time=1788730830.157725 sender=org.freedesktop.DBus -> destination=(null destination) serial=1108 path=/org/freedesktop/DBus; interface=org.freedesktop.DBus; member=NameOwnerChanged
   string ":1.554"
   string ":1.554"
   string ""
signal time=1788730830.157980 sender=:1.2 -> destination=(null destination) serial=605 path=/org/a11y/atspi/registry; interface=org.a11y.atspi.Registry; member=EventListenerDeregistered
   string ":1.554"
   string ""
signal time=1788730830.167049 sender=org.freedesktop.DBus -> destination=(null destination) serial=1109 path=/org/freedesktop/DBus; interface=org.freedesktop.DBus; member=NameOwnerChanged
   string ":1.555"
   string ""
   string ":1.555"
signal time=1788730830.167115 sender=org.freedesktop.DBus -> destination=:1.555 serial=2 path=/org/freedesktop/DBus; interface=org.freedesktop.DBus; member=NameAcquired
   string ":1.555"
signal time=1788730830.168761 sender=org.freedesktop.DBus -> destination=:1.555 serial=3 path=/org/freedesktop/DBus; interface=org.freedesktop.DBus; member=NameLost
   string ":1.555"
signal time=1788730830.168798 sender=org.freedesktop.DBus -> destination=(null destination) serial=1110 path=/org/freedesktop/DBus; interface=org.freedesktop.DBus; member=NameOwnerChanged
   string ":1.555"
   string ":1.555"
   string ""
signal time=1788730830.168999 sender=:1.2 -> destination=(null destination) serial=606 path=/org/a11y/atspi/registry; interface=org.a11y.atspi.Registry; member=EventListenerDeregistered
   string ":1.555"
   string ""
signal time=1788730830.175474 sender=org.freedesktop.DBus -> destination=(null destination) serial=1111 path=/org/freedesktop/DBus; interface=org.freedesktop.DBus; member=NameOwnerChanged
   string ":1.556"
   string ""
   string ":1.556"
signal time=1788730830.175525 sender=org.freedesktop.DBus -> destination=:1.556 serial=2 path=/org/freedesktop/DBus; interface=org.freedesktop.DBus; member=NameAcquired
   string ":1.556"
signal time=1788730830.177241 sender=org.freedesktop.DBus -> destination=:1.556 serial=3 path=/org/freedesktop/DBus; interface=org.freedesktop.DBus; member=NameLost
   string ":1.556"
signal time=1788730830.177272 sender=org.freedesktop.DBus -> destination=(null destination) serial=1112 path=/org/freedesktop/DBus; interface=org.freedesktop.DBus; member=NameOwnerChanged
   string ":1.556"
   string ":1.556"
   string ""
signal time=1788730830.177372 sender=:1.2 -> destination=(null destination) serial=607 path=/org/a11y/atspi/registry; interface=org.a11y.atspi.Registry; member=EventListenerDeregistered
   string ":1.556"
   string ""
signal time=1788730830.182270 sender=org.freedesktop.DBus -> destination=(null destination) serial=1113 path=/org/freedesktop/DBus; interface=org.freedesktop.DBus; member=NameOwnerChanged
   string ":1.557"
   string ""
   string ":1.557"
signal time=1788730830.182308 sender=org.freedesktop.DBus -> destination=:1.557 serial=2 path=/org/freedesktop/DBus; interface=org.freedesktop.DBus; member=NameAcquired
   string ":1.557"
signal time=1788730830.183879 sender=org.freedesktop.DBus -> destination=:1.557 serial=3 path=/org/freedesktop/DBus; interface=org.freedesktop.DBus; member=NameLost
   string ":1.557"
signal time=1788730830.183902 sender=org.freedesktop.DBus -> destination=(null destination) serial=1114 path=/org/freedesktop/DBus; interface=org.freedesktop.DBus; member=NameOwnerChanged
   string ":1.557"
   string ":1.557"
   string ""
signal time=1788730830.183988 sender=:1.2 -> destination=(null destination) serial=608 path=/org/a11y/atspi/registry; interface=org.a11y.atspi.Registry; member=EventListenerDeregistered
   string ":1.557"
   string ""
signal time=1788730830.187998 sender=org.freedesktop.DBus -> destination=(null destination) serial=1115 path=/org/freedesktop/DBus; interface=org.freedesktop.DBus; member=NameOwnerChanged
   string ":1.558"
   string ""
   string ":1.558"
signal time=1788730830.188032 sender=org.freedesktop.DBus -> destination=:1.558 serial=2 path=/org/freedesktop/DBus; interface=org.freedesktop.DBus; member=NameAcquired
   string ":1.558"
signal time=1788730830.189134 sender=org.freedesktop.DBus -> destination=:1.558 serial=3 path=/org/freedesktop/DBus; interface=org.freedesktop.DBus; member=NameLost
   string ":1.558"
signal time=1788730830.189166 sender=org.freedesktop.DBus -> destination=(null destination) serial=1116 path=/org/freedesktop/DBus; interface=org.freedesktop.DBus; member=NameOwnerChanged
   string ":1.558"
   string ":1.558"
   string ""
signal time=1788730830.189376 sender=:1.2 -> destination=(null destination) serial=609 path=/org/a11y/atspi/registry; interface=org.a11y.atspi.Registry; member=EventListenerDeregistered
   string ":1.558"
   string ""
signal time=1788730830.590041 sender=org.freedesktop.DBus -> destination=(null destination) serial=1117 path=/org/freedesktop/DBus; interface=org.freedesktop.DBus; member=NameOwnerChanged
   string ":1.559"
   string ""
   string ":1.559"
signal time=1788730830.590067 sender=org.freedesktop.DBus -> destination=:1.559 serial=2 path=/org/freedesktop/DBus; interface=org.freedesktop.DBus; member=NameAcquired
   string ":1.559"
signal time=1788730830.591634 sender=org.freedesktop.DBus -> destination=:1.559 serial=3 path=/org/freedesktop/DBus; interface=org.freedesktop.DBus; member=NameLost
   string ":1.559"
signal time=1788730830.591661 sender=org.freedesktop.DBus -> destination=(null destination) serial=1118 path=/org/freedesktop/DBus; interface=org.freedesktop.DBus; member=NameOwnerChanged
   string ":1.559"
   string ":1.559"
   string ""
signal time=1788730830.591844 sender=:1.2 -> destination=(null destination) serial=612 path=/org/a11y/atspi/registry; interface=org.a11y.atspi.Registry; member=EventListenerDeregistered
   string ":1.559"
   string ""
signal time=1788730830.596176 sender=org.freedesktop.DBus -> destination=(null destination) serial=1119 path=/org/freedesktop/DBus; interface=org.freedesktop.DBus; member=NameOwnerChanged
   string ":1.560"
   string ""
   string ":1.560"
signal time=1788730830.596335 sender=org.freedesktop.DBus -> destination=:1.560 serial=2 path=/org/freedesktop/DBus; interface=org.freedesktop.DBus; member=NameAcquired
   string ":1.560"
signal time=1788730830.597985 sender=org.freedesktop.DBus -> destination=:1.560 serial=5 path=/org/freedesktop/DBus; interface=org.freedesktop.DBus; member=NameLost
   string ":1.560"
signal time=1788730830.598034 sender=org.freedesktop.DBus -> destination=(null destination) serial=1120 path=/org/freedesktop/DBus; interface=org.freedesktop.DBus; member=NameOwnerChanged
   string ":1.560"
   string ":1.560"
   string ""
signal time=1788730830.598235 sender=:1.2 -> destination=(null destination) serial=613 path=/org/a11y/atspi/registry; interface=org.a11y.atspi.Registry; member=EventListenerDeregistered
   string ":1.560"
   string ""
signal time=1788730830.601939 sender=org.freedesktop.DBus -> destination=(null destination) serial=1121 path=/org/freedesktop/DBus; interface=org.freedesktop.DBus; member=NameOwnerChanged
   string ":1.561"
   string ""
   string ":1.561"
signal time=1788730830.601990 sender=org.freedesktop.DBus -> destination=:1.561 serial=2 path=/org/freedesktop/DBus; interface=org.freedesktop.DBus; member=NameAcquired
   string ":1.561"
signal time=1788730830.603727 sender=org.freedesktop.DBus -> destination=:1.561 serial=3 path=/org/freedesktop/DBus; interface=org.freedesktop.DBus; member=NameLost
   string ":1.561"
signal time=1788730830.603766 sender=org.freedesktop.DBus -> destination=(null destination) serial=1122 path=/org/freedesktop/DBus; interface=org.freedesktop.DBus; member=NameOwnerChanged
   string ":1.561"
   string ":1.561"
   string ""
signal time=1788730830.603978 sender=:1.2 -> destination=(null destination) serial=614 path=/org/a11y/atspi/registry; interface=org.a11y.atspi.Registry; member=EventListenerDeregistered
   string ":1.561"
   string ""
signal time=1788730830.607991 sender=org.freedesktop.DBus -> destination=(null destination) serial=1123 path=/org/freedesktop/DBus; interface=org.freedesktop.DBus; member=NameOwnerChanged
   string ":1.562"
   string ""
   string ":1.562"
signal time=1788730830.608023 sender=org.freedesktop.DBus -> destination=:1.562 serial=2 path=/org/freedesktop/DBus; interface=org.freedesktop.DBus; member=NameAcquired
   string ":1.562"
signal time=1788730830.609181 sender=org.freedesktop.DBus -> destination=:1.562 serial=3 path=/org/freedesktop/DBus; interface=org.freedesktop.DBus; member=NameLost
   string ":1.562"
signal time=1788730830.609213 sender=org.freedesktop.DBus -> destination=(null destination) serial=1124 path=/org/freedesktop/DBus; interface=org.freedesktop.DBus; member=NameOwnerChanged
   string ":1.562"
   string ":1.562"
   string ""
signal time=1788730830.609294 sender=:1.2 -> destination=(null destination) serial=615 path=/org/a11y/atspi/registry; interface=org.a11y.atspi.Registry; member=EventListenerDeregistered
   string ":1.562"
   string ""
signal time=1788730830.613981 sender=org.freedesktop.DBus -> destination=(null destination) serial=1125 path=/org/freedesktop/DBus; interface=org.freedesktop.DBus; member=NameOwnerChanged
   string ":1.563"
   string ""
   string ":1.563"
signal time=1788730830.614012 sender=org.freedesktop.DBus -> destination=:1.563 serial=2 path=/org/freedesktop/DBus; interface=org.freedesktop.DBus; member=NameAcquired
   string ":1.563"
signal time=1788730830.615535 sender=org.freedesktop.DBus -> destination=:1.563 serial=3 path=/org/freedesktop/DBus; interface=org.freedesktop.DBus; member=NameLost
   string ":1.563"
signal time=1788730830.615581 sender=org.freedesktop.DBus -> destination=(null destination) serial=1126 path=/org/freedesktop/DBus; interface=org.freedesktop.DBus; member=NameOwnerChanged
   string ":1.563"
   string ":1.563"
   string ""
signal time=1788730830.615722 sender=:1.2 -> destination=(null destination) serial=616 path=/org/a11y/atspi/registry; interface=org.a11y.atspi.Registry; member=EventListenerDeregistered
   string ":1.563"
   string ""
signal time=1788730830.619487 sender=org.freedesktop.DBus -> destination=(null destination) serial=1127 path=/org/freedesktop/DBus; interface=org.freedesktop.DBus; member=NameOwnerChanged
   string ":1.564"
   string ""
   string ":1.564"
signal time=1788730830.619516 sender=org.freedesktop.DBus -> destination=:1.564 serial=2 path=/org/freedesktop/DBus; interface=org.freedesktop.DBus; member=NameAcquired
   string ":1.564"
signal time=1788730830.620681 sender=org.freedesktop.DBus -> destination=:1.564 serial=3 path=/org/freedesktop/DBus; interface=org.freedesktop.DBus; member=NameLost
   string ":1.564"
signal time=1788730830.620697 sender=org.freedesktop.DBus -> destination=(null destination) serial=1128 path=/org/freedesktop/DBus; interface=org.freedesktop.DBus; member=NameOwnerChanged
   string ":1.564"
   string ":1.564"
   string ""
signal time=1788730830.620840 sender=:1.2 -> destination=(null destination) serial=617 path=/org/a11y/atspi/registry; interface=org.a11y.atspi.Registry; member=EventListenerDeregistered
   string ":1.564"
   string ""
signal time=1788730830.624700 sender=org.freedesktop.DBus -> destination=(null destination) serial=1129 path=/org/freedesktop/DBus; interface=org.freedesktop.DBus; member=NameOwnerChanged
   string ":1.565"
   string ""
   string ":1.565"
signal time=1788730830.624727 sender=org.freedesktop.DBus -> destination=:1.565 serial=2 path=/org/freedesktop/DBus; interface=org.freedesktop.DBus; member=NameAcquired
   string ":1.565"
signal time=1788730830.626089 sender=org.freedesktop.DBus -> destination=:1.565 serial=3 path=/org/freedesktop/DBus; interface=org.freedesktop.DBus; member=NameLost
   string ":1.565"
signal time=1788730830.626108 sender=org.freedesktop.DBus -> destination=(null destination) serial=1130 path=/org/freedesktop/DBus; interface=org.freedesktop.DBus; member=NameOwnerChanged
   string ":1.565"
   string ":1.565"
   string ""
signal time=1788730830.626284 sender=:1.2 -> destination=(null destination) serial=618 path=/org/a11y/atspi/registry; interface=org.a11y.atspi.Registry; member=EventListenerDeregistered
   string ":1.565"
   string ""
signal time=1788730830.629756 sender=org.freedesktop.DBus -> destination=(null destination) serial=1131 path=/org/freedesktop/DBus; interface=org.freedesktop.DBus; member=NameOwnerChanged
   string ":1.566"
   string ""
   string ":1.566"
signal time=1788730830.629814 sender=org.freedesktop.DBus -> destination=:1.566 serial=2 path=/org/freedesktop/DBus; interface=org.freedesktop.DBus; member=NameAcquired
   string ":1.566"
signal time=1788730830.631317 sender=org.freedesktop.DBus -> destination=:1.566 serial=3 path=/org/freedesktop/DBus; interface=org.freedesktop.DBus; member=NameLost
   string ":1.566"
signal time=1788730830.631332 sender=org.freedesktop.DBus -> destination=(null destination) serial=1132 path=/org/freedesktop/DBus; interface=org.freedesktop.DBus; member=NameOwnerChanged
   string ":1.566"
   string ":1.566"
   string ""
signal time=1788730830.631516 sender=:1.2 -> destination=(null destination) serial=619 path=/org/a11y/atspi/registry; interface=org.a11y.atspi.Registry; member=EventListenerDeregistered
   string ":1.566"
   string ""
signal time=1788730830.948949 sender=:1.1 -> destination=(null destination) serial=1368 path=/org/a11y/atspi/accessible/root; interface=org.a11y.atspi.Event.Object; member=ChildrenChanged
   string "add"
   int32 1
   int32 0
   variant       struct {
         string ":1.1"
         object path "/org/a11y/atspi/accessible/menus/n6d656e753a56696577"
      }
   array [
   ]
signal time=1788730830.949080 sender=:1.1 -> destination=(null destination) serial=1369 path=/org/a11y/atspi/accessible/menus/n6d656e753a56696577; interface=org.a11y.atspi.Event.Object; member=StateChanged
   string "focused"
   int32 0
   int32 0
   variant       boolean false
   array [
   ]
signal time=1788730830.949137 sender=:1.1 -> destination=(null destination) serial=1370 path=/org/a11y/atspi/accessible/menus/n6d656e753a56696577; interface=org.a11y.atspi.Event.Object; member=StateChanged
   string "enabled"
   int32 1
   int32 0
   variant       boolean true
   array [
   ]
signal time=1788730830.949189 sender=:1.1 -> destination=(null destination) serial=1371 path=/org/a11y/atspi/accessible/menus/n6d656e753a56696577; interface=org.a11y.atspi.Event.Object; member=StateChanged
   string "sensitive"
   int32 1
   int32 0
   variant       boolean true
   array [
   ]
signal time=1788730830.949242 sender=:1.1 -> destination=(null destination) serial=1372 path=/org/a11y/atspi/accessible/menus/n6d656e753a56696577; interface=org.a11y.atspi.Event.Object; member=ChildrenChanged
   string "add"
   int32 0
   int32 0
   variant       struct {
         string ":1.1"
         object path "/org/a11y/atspi/accessible/menus/n6d656e753a566965772f766965772e666974"
      }
   array [
   ]
signal time=1788730830.949316 sender=:1.1 -> destination=(null destination) serial=1373 path=/org/a11y/atspi/accessible/menus/n6d656e753a566965772f766965772e666974; interface=org.a11y.atspi.Event.Object; member=StateChanged
   string "focused"
   int32 1
   int32 0
   variant       boolean true
   array [
   ]
signal time=1788730830.949370 sender=:1.1 -> destination=(null destination) serial=1374 path=/org/a11y/atspi/accessible/menus/n6d656e753a566965772f766965772e666974; interface=org.a11y.atspi.Event.Object; member=StateChanged
   string "enabled"
   int32 1
   int32 0
   variant       boolean true
   array [
   ]
signal time=1788730830.949423 sender=:1.1 -> destination=(null destination) serial=1375 path=/org/a11y/atspi/accessible/menus/n6d656e753a566965772f766965772e666974; interface=org.a11y.atspi.Event.Object; member=StateChanged
   string "sensitive"
   int32 1
   int32 0
   variant       boolean true
   array [
   ]
signal time=1788730830.949477 sender=:1.1 -> destination=(null destination) serial=1376 path=/org/a11y/atspi/accessible/menus/n6d656e753a56696577; interface=org.a11y.atspi.Event.Object; member=ChildrenChanged
   string "add"
   int32 1
   int32 0
   variant       struct {
         string ":1.1"
         object path "/org/a11y/atspi/accessible/menus/n6d656e753a566965772f766965772e7a6f6f6d5f696e"
      }
   array [
   ]
signal time=1788730830.949552 sender=:1.1 -> destination=(null destination) serial=1377 path=/org/a11y/atspi/accessible/menus/n6d656e753a566965772f766965772e7a6f6f6d5f696e; interface=org.a11y.atspi.Event.Object; member=StateChanged
   string "focused"
   int32 0
   int32 0
   variant       boolean false
   array [
   ]
signal time=1788730830.949642 sender=:1.1 -> destination=(null destination) serial=1378 path=/org/a11y/atspi/accessible/menus/n6d656e753a566965772f766965772e7a6f6f6d5f696e; interface=org.a11y.atspi.Event.Object; member=StateChanged
   string "enabled"
   int32 1
   int32 0
   variant       boolean true
   array [
   ]
signal time=1788730830.949681 sender=:1.1 -> destination=(null destination) serial=1379 path=/org/a11y/atspi/accessible/menus/n6d656e753a566965772f766965772e7a6f6f6d5f696e; interface=org.a11y.atspi.Event.Object; member=StateChanged
   string "sensitive"
   int32 1
   int32 0
   variant       boolean true
   array [
   ]
signal time=1788730830.949720 sender=:1.1 -> destination=(null destination) serial=1380 path=/org/a11y/atspi/accessible/menus/n6d656e753a56696577; interface=org.a11y.atspi.Event.Object; member=ChildrenChanged
   string "add"
   int32 2
   int32 0
   variant       struct {
         string ":1.1"
         object path "/org/a11y/atspi/accessible/menus/n6d656e753a566965772f766965772e7a6f6f6d5f6f7574"
      }
   array [
   ]
signal time=1788730830.950003 sender=:1.1 -> destination=(null destination) serial=1381 path=/org/a11y/atspi/accessible/menus/n6d656e753a566965772f766965772e7a6f6f6d5f6f7574; interface=org.a11y.atspi.Event.Object; member=StateChanged
   string "focused"
   int32 0
   int32 0
   variant       boolean false
   array [
   ]
signal time=1788730830.950049 sender=:1.1 -> destination=(null destination) serial=1382 path=/org/a11y/atspi/accessible/menus/n6d656e753a566965772f766965772e7a6f6f6d5f6f7574; interface=org.a11y.atspi.Event.Object; member=StateChanged
   string "enabled"
   int32 1
   int32 0
   variant       boolean true
   array [
   ]
signal time=1788730830.950090 sender=:1.1 -> destination=(null destination) serial=1383 path=/org/a11y/atspi/accessible/menus/n6d656e753a566965772f766965772e7a6f6f6d5f6f7574; interface=org.a11y.atspi.Event.Object; member=StateChanged
   string "sensitive"
   int32 1
   int32 0
   variant       boolean true
   array [
   ]
signal time=1788730830.950133 sender=:1.1 -> destination=(null destination) serial=1384 path=/org/a11y/atspi/accessible/menus/n6d656e753a56696577; interface=org.a11y.atspi.Event.Object; member=ChildrenChanged
   string "add"
   int32 3
   int32 0
   variant       struct {
         string ":1.1"
         object path "/org/a11y/atspi/accessible/menus/n6d656e753a566965772f766965772e70616e655f7a6f6f6d"
      }
   array [
   ]
signal time=1788730830.950191 sender=:1.1 -> destination=(null destination) serial=1385 path=/org/a11y/atspi/accessible/menus/n6d656e753a566965772f766965772e70616e655f7a6f6f6d; interface=org.a11y.atspi.Event.Object; member=StateChanged
   string "focused"
   int32 0
   int32 0
   variant       boolean false
   array [
   ]
signal time=1788730830.950229 sender=:1.1 -> destination=(null destination) serial=1386 path=/org/a11y/atspi/accessible/menus/n6d656e753a566965772f766965772e70616e655f7a6f6f6d; interface=org.a11y.atspi.Event.Object; member=StateChanged
   string "enabled"
   int32 1
   int32 0
   variant       boolean true
   array [
   ]
signal time=1788730830.950266 sender=:1.1 -> destination=(null destination) serial=1387 path=/org/a11y/atspi/accessible/menus/n6d656e753a566965772f766965772e70616e655f7a6f6f6d; interface=org.a11y.atspi.Event.Object; member=StateChanged
   string "sensitive"
   int32 1
   int32 0
   variant       boolean true
   array [
   ]
signal time=1788730830.950303 sender=:1.1 -> destination=(null destination) serial=1388 path=/org/a11y/atspi/accessible/menus/n6d656e753a56696577; interface=org.a11y.atspi.Event.Object; member=ChildrenChanged
   string "add"
   int32 4
   int32 0
   variant       struct {
         string ":1.1"
         object path "/org/a11y/atspi/accessible/menus/n6d656e753a566965772f766965772e66756c6c73637265656e5f7374616765"
      }
   array [
   ]
signal time=1788730830.950357 sender=:1.1 -> destination=(null destination) serial=1389 path=/org/a11y/atspi/accessible/menus/n6d656e753a566965772f766965772e66756c6c73637265656e5f7374616765; interface=org.a11y.atspi.Event.Object; member=StateChanged
   string "focused"
   int32 0
   int32 0
   variant       boolean false
   array [
   ]
signal time=1788730830.950395 sender=:1.1 -> destination=(null destination) serial=1390 path=/org/a11y/atspi/accessible/menus/n6d656e753a566965772f766965772e66756c6c73637265656e5f7374616765; interface=org.a11y.atspi.Event.Object; member=StateChanged
   string "enabled"
   int32 1
   int32 0
   variant       boolean true
   array [
   ]
signal time=1788730830.950432 sender=:1.1 -> destination=(null destination) serial=1391 path=/org/a11y/atspi/accessible/menus/n6d656e753a566965772f766965772e66756c6c73637265656e5f7374616765; interface=org.a11y.atspi.Event.Object; member=StateChanged
   string "sensitive"
   int32 1
   int32 0
   variant       boolean true
   array [
   ]
signal time=1788730830.950471 sender=:1.1 -> destination=(null destination) serial=1392 path=/org/a11y/atspi/accessible/menus/n6d656e753a56696577; interface=org.a11y.atspi.Event.Object; member=ChildrenChanged
   string "add"
   int32 5
   int32 0
   variant       struct {
         string ":1.1"
         object path "/org/a11y/atspi/accessible/menus/n6d656e753a566965772f766965772e6c6179657273"
      }
   array [
   ]
signal time=1788730830.950535 sender=:1.1 -> destination=(null destination) serial=1393 path=/org/a11y/atspi/accessible/menus/n6d656e753a566965772f766965772e6c6179657273; interface=org.a11y.atspi.Event.Object; member=StateChanged
   string "focused"
   int32 0
   int32 0
   variant       boolean false
   array [
   ]
signal time=1788730830.950572 sender=:1.1 -> destination=(null destination) serial=1394 path=/org/a11y/atspi/accessible/menus/n6d656e753a566965772f766965772e6c6179657273; interface=org.a11y.atspi.Event.Object; member=StateChanged
   string "enabled"
   int32 0
   int32 0
   variant       boolean false
   array [
   ]
signal time=1788730830.950608 sender=:1.1 -> destination=(null destination) serial=1395 path=/org/a11y/atspi/accessible/menus/n6d656e753a566965772f766965772e6c6179657273; interface=org.a11y.atspi.Event.Object; member=StateChanged
   string "sensitive"
   int32 0
   int32 0
   variant       boolean false
   array [
   ]
signal time=1788730830.950864 sender=:1.1 -> destination=(null destination) serial=1396 path=/org/a11y/atspi/accessible/menus/n6d656e753a56696577; interface=org.a11y.atspi.Event.Object; member=ChildrenChanged
   string "add"
   int32 6
   int32 0
   variant       struct {
         string ":1.1"
         object path "/org/a11y/atspi/accessible/menus/n6d656e753a566965772f766965772e70616e656c73"
      }
   array [
   ]
signal time=1788730830.950921 sender=:1.1 -> destination=(null destination) serial=1397 path=/org/a11y/atspi/accessible/menus/n6d656e753a566965772f766965772e70616e656c73; interface=org.a11y.atspi.Event.Object; member=StateChanged
   string "focused"
   int32 0
   int32 0
   variant       boolean false
   array [
   ]
signal time=1788730830.950956 sender=:1.1 -> destination=(null destination) serial=1398 path=/org/a11y/atspi/accessible/menus/n6d656e753a566965772f766965772e70616e656c73; interface=org.a11y.atspi.Event.Object; member=StateChanged
   string "enabled"
   int32 1
   int32 0
   variant       boolean true
   array [
   ]
signal time=1788730830.950992 sender=:1.1 -> destination=(null destination) serial=1399 path=/org/a11y/atspi/accessible/menus/n6d656e753a566965772f766965772e70616e656c73; interface=org.a11y.atspi.Event.Object; member=StateChanged
   string "sensitive"
   int32 1
   int32 0
   variant       boolean true
   array [
   ]
signal time=1788730830.951028 sender=:1.1 -> destination=(null destination) serial=1400 path=/org/a11y/atspi/accessible/menus/n6d656e753a56696577; interface=org.a11y.atspi.Event.Object; member=ChildrenChanged
   string "add"
   int32 7
   int32 0
   variant       struct {
         string ":1.1"
         object path "/org/a11y/atspi/accessible/menus/n6d656e753a566965772f766965772e7265736574"
      }
   array [
   ]
signal time=1788730830.951078 sender=:1.1 -> destination=(null destination) serial=1401 path=/org/a11y/atspi/accessible/menus/n6d656e753a566965772f766965772e7265736574; interface=org.a11y.atspi.Event.Object; member=StateChanged
   string "focused"
   int32 0
   int32 0
   variant       boolean false
   array [
   ]
signal time=1788730830.951114 sender=:1.1 -> destination=(null destination) serial=1402 path=/org/a11y/atspi/accessible/menus/n6d656e753a566965772f766965772e7265736574; interface=org.a11y.atspi.Event.Object; member=StateChanged
   string "enabled"
   int32 1
   int32 0
   variant       boolean true
   array [
   ]
signal time=1788730830.951150 sender=:1.1 -> destination=(null destination) serial=1403 path=/org/a11y/atspi/accessible/menus/n6d656e753a566965772f766965772e7265736574; interface=org.a11y.atspi.Event.Object; member=StateChanged
   string "sensitive"
   int32 1
   int32 0
   variant       boolean true
   array [
   ]
signal time=1788730830.951185 sender=:1.1 -> destination=(null destination) serial=1404 path=/org/a11y/atspi/accessible/menus/n6d656e753a56696577; interface=org.a11y.atspi.Event.Object; member=ChildrenChanged
   string "add"
   int32 8
   int32 0
   variant       struct {
         string ":1.1"
         object path "/org/a11y/atspi/accessible/menus/n6d656e753a566965772f766965772e73706c69745f766572746963616c"
      }
   array [
   ]
signal time=1788730830.951247 sender=:1.1 -> destination=(null destination) serial=1405 path=/org/a11y/atspi/accessible/menus/n6d656e753a566965772f766965772e73706c69745f766572746963616c; interface=org.a11y.atspi.Event.Object; member=StateChanged
   string "focused"
   int32 0
   int32 0
   variant       boolean false
   array [
   ]
signal time=1788730830.951283 sender=:1.1 -> destination=(null destination) serial=1406 path=/org/a11y/atspi/accessible/menus/n6d656e753a566965772f766965772e73706c69745f766572746963616c; interface=org.a11y.atspi.Event.Object; member=StateChanged
   string "enabled"
   int32 1
   int32 0
   variant       boolean true
   array [
   ]
signal time=1788730830.951319 sender=:1.1 -> destination=(null destination) serial=1407 path=/org/a11y/atspi/accessible/menus/n6d656e753a566965772f766965772e73706c69745f766572746963616c; interface=org.a11y.atspi.Event.Object; member=StateChanged
   string "sensitive"
   int32 1
   int32 0
   variant       boolean true
   array [
   ]
signal time=1788730830.951355 sender=:1.1 -> destination=(null destination) serial=1408 path=/org/a11y/atspi/accessible/menus/n6d656e753a56696577; interface=org.a11y.atspi.Event.Object; member=ChildrenChanged
   string "add"
   int32 9
   int32 0
   variant       struct {
         string ":1.1"
         object path "/org/a11y/atspi/accessible/menus/n6d656e753a566965772f766965772e73706c69745f686f72697a6f6e74616c"
      }
   array [
   ]
signal time=1788730830.951406 sender=:1.1 -> destination=(null destination) serial=1409 path=/org/a11y/atspi/accessible/menus/n6d656e753a566965772f766965772e73706c69745f686f72697a6f6e74616c; interface=org.a11y.atspi.Event.Object; member=StateChanged
   string "focused"
   int32 0
   int32 0
   variant       boolean false
   array [
   ]
signal time=1788730830.951442 sender=:1.1 -> destination=(null destination) serial=1410 path=/org/a11y/atspi/accessible/menus/n6d656e753a566965772f766965772e73706c69745f686f72697a6f6e74616c; interface=org.a11y.atspi.Event.Object; member=StateChanged
   string "enabled"
   int32 1
   int32 0
   variant       boolean true
   array [
   ]
signal time=1788730830.951478 sender=:1.1 -> destination=(null destination) serial=1411 path=/org/a11y/atspi/accessible/menus/n6d656e753a566965772f766965772e73706c69745f686f72697a6f6e74616c; interface=org.a11y.atspi.Event.Object; member=StateChanged
   string "sensitive"
   int32 1
   int32 0
   variant       boolean true
   array [
   ]
signal time=1788730830.951877 sender=:1.1 -> destination=(null destination) serial=1412 path=/org/a11y/atspi/accessible/menus/n6d656e753a56696577; interface=org.a11y.atspi.Event.Object; member=ChildrenChanged
   string "add"
   int32 10
   int32 0
   variant       struct {
         string ":1.1"
         object path "/org/a11y/atspi/accessible/menus/n6d656e753a566965772f766965772e636c6f73655f70616e65"
      }
   array [
   ]
signal time=1788730830.951942 sender=:1.1 -> destination=(null destination) serial=1413 path=/org/a11y/atspi/accessible/menus/n6d656e753a566965772f766965772e636c6f73655f70616e65; interface=org.a11y.atspi.Event.Object; member=StateChanged
   string "focused"
   int32 0
   int32 0
   variant       boolean false
   array [
   ]
signal time=1788730830.951979 sender=:1.1 -> destination=(null destination) serial=1414 path=/org/a11y/atspi/accessible/menus/n6d656e753a566965772f766965772e636c6f73655f70616e65; interface=org.a11y.atspi.Event.Object; member=StateChanged
   string "enabled"
   int32 1
   int32 0
   variant       boolean true
   array [
   ]
signal time=1788730830.952014 sender=:1.1 -> destination=(null destination) serial=1415 path=/org/a11y/atspi/accessible/menus/n6d656e753a566965772f766965772e636c6f73655f70616e65; interface=org.a11y.atspi.Event.Object; member=StateChanged
   string "sensitive"
   int32 1
   int32 0
   variant       boolean true
   array [
   ]
signal time=1788730830.952063 sender=:1.1 -> destination=(null destination) serial=1416 path=/org/a11y/atspi/accessible/menus/n6d656e753a56696577; interface=org.a11y.atspi.Event.Object; member=ChildrenChanged
   string "add"
   int32 11
   int32 0
   variant       struct {
         string ":1.1"
         object path "/org/a11y/atspi/accessible/menus/n6d656e753a566965772f766965772e6d6178696d697a655f70616e65"
      }
   array [
   ]
signal time=1788730830.952114 sender=:1.1 -> destination=(null destination) serial=1417 path=/org/a11y/atspi/accessible/menus/n6d656e753a566965772f766965772e6d6178696d697a655f70616e65; interface=org.a11y.atspi.Event.Object; member=StateChanged
   string "focused"
   int32 0
   int32 0
   variant       boolean false
   array [
   ]
signal time=1788730830.952150 sender=:1.1 -> destination=(null destination) serial=1418 path=/org/a11y/atspi/accessible/menus/n6d656e753a566965772f766965772e6d6178696d697a655f70616e65; interface=org.a11y.atspi.Event.Object; member=StateChanged
   string "enabled"
   int32 1
   int32 0
   variant       boolean true
   array [
   ]
signal time=1788730830.952186 sender=:1.1 -> destination=(null destination) serial=1419 path=/org/a11y/atspi/accessible/menus/n6d656e753a566965772f766965772e6d6178696d697a655f70616e65; interface=org.a11y.atspi.Event.Object; member=StateChanged
   string "sensitive"
   int32 1
   int32 0
   variant       boolean true
   array [
   ]
signal time=1788730830.952222 sender=:1.1 -> destination=(null destination) serial=1420 path=/org/a11y/atspi/accessible/menus/n6d656e753a56696577; interface=org.a11y.atspi.Event.Object; member=ChildrenChanged
   string "add"
   int32 12
   int32 0
   variant       struct {
         string ":1.1"
         object path "/org/a11y/atspi/accessible/menus/n6d656e753a566965772f766965772e666f6375735f6e657874"
      }
   array [
   ]
signal time=1788730830.952273 sender=:1.1 -> destination=(null destination) serial=1421 path=/org/a11y/atspi/accessible/menus/n6d656e753a566965772f766965772e666f6375735f6e657874; interface=org.a11y.atspi.Event.Object; member=StateChanged
   string "focused"
   int32 0
   int32 0
   variant       boolean false
   array [
   ]
signal time=1788730830.952308 sender=:1.1 -> destination=(null destination) serial=1422 path=/org/a11y/atspi/accessible/menus/n6d656e753a566965772f766965772e666f6375735f6e657874; interface=org.a11y.atspi.Event.Object; member=StateChanged
   string "enabled"
   int32 1
   int32 0
   variant       boolean true
   array [
   ]
signal time=1788730830.952344 sender=:1.1 -> destination=(null destination) serial=1423 path=/org/a11y/atspi/accessible/menus/n6d656e753a566965772f766965772e666f6375735f6e657874; interface=org.a11y.atspi.Event.Object; member=StateChanged
   string "sensitive"
   int32 1
   int32 0
   variant       boolean true
   array [
   ]
signal time=1788730830.952380 sender=:1.1 -> destination=(null destination) serial=1424 path=/org/a11y/atspi/accessible/menus/n6d656e753a56696577; interface=org.a11y.atspi.Event.Object; member=ChildrenChanged
   string "add"
   int32 13
   int32 0
   variant       struct {
         string ":1.1"
         object path "/org/a11y/atspi/accessible/menus/n6d656e753a566965772f766965772e666f6375735f70726576"
      }
   array [
   ]
signal time=1788730830.952430 sender=:1.1 -> destination=(null destination) serial=1425 path=/org/a11y/atspi/accessible/menus/n6d656e753a566965772f766965772e666f6375735f70726576; interface=org.a11y.atspi.Event.Object; member=StateChanged
   string "focused"
   int32 0
   int32 0
   variant       boolean false
   array [
   ]
signal time=1788730830.952466 sender=:1.1 -> destination=(null destination) serial=1426 path=/org/a11y/atspi/accessible/menus/n6d656e753a566965772f766965772e666f6375735f70726576; interface=org.a11y.atspi.Event.Object; member=StateChanged
   string "enabled"
   int32 1
   int32 0
   variant       boolean true
   array [
   ]
signal time=1788730830.952501 sender=:1.1 -> destination=(null destination) serial=1427 path=/org/a11y/atspi/accessible/menus/n6d656e753a566965772f766965772e666f6375735f70726576; interface=org.a11y.atspi.Event.Object; member=StateChanged
   string "sensitive"
   int32 1
   int32 0
   variant       boolean true
   array [
   ]
signal time=1788730830.952751 sender=:1.1 -> destination=(null destination) serial=1428 path=/org/a11y/atspi/accessible/menus/n6d656e753a56696577; interface=org.a11y.atspi.Event.Object; member=ChildrenChanged
   string "add"
   int32 14
   int32 0
   variant       struct {
         string ":1.1"
         object path "/org/a11y/atspi/accessible/menus/n6d656e753a566965772f766965772e66696c6c5f626f617264"
      }
   array [
   ]
signal time=1788730830.952808 sender=:1.1 -> destination=(null destination) serial=1429 path=/org/a11y/atspi/accessible/menus/n6d656e753a566965772f766965772e66696c6c5f626f617264; interface=org.a11y.atspi.Event.Object; member=StateChanged
   string "focused"
   int32 0
   int32 0
   variant       boolean false
   array [
   ]
signal time=1788730830.952843 sender=:1.1 -> destination=(null destination) serial=1430 path=/org/a11y/atspi/accessible/menus/n6d656e753a566965772f766965772e66696c6c5f626f617264; interface=org.a11y.atspi.Event.Object; member=StateChanged
   string "enabled"
   int32 1
   int32 0
   variant       boolean true
   array [
   ]
signal time=1788730830.952879 sender=:1.1 -> destination=(null destination) serial=1431 path=/org/a11y/atspi/accessible/menus/n6d656e753a566965772f766965772e66696c6c5f626f617264; interface=org.a11y.atspi.Event.Object; member=StateChanged
   string "sensitive"
   int32 1
   int32 0
   variant       boolean true
   array [
   ]
signal time=1788730830.952914 sender=:1.1 -> destination=(null destination) serial=1432 path=/org/a11y/atspi/accessible/menus/n6d656e753a56696577; interface=org.a11y.atspi.Event.Object; member=ChildrenChanged
   string "add"
   int32 15
   int32 0
   variant       struct {
         string ":1.1"
         object path "/org/a11y/atspi/accessible/menus/n6d656e753a566965772f766965772e66696c6c5f736368656d61746963"
      }
   array [
   ]
signal time=1788730830.952964 sender=:1.1 -> destination=(null destination) serial=1433 path=/org/a11y/atspi/accessible/menus/n6d656e753a566965772f766965772e66696c6c5f736368656d61746963; interface=org.a11y.atspi.Event.Object; member=StateChanged
   string "focused"
   int32 0
   int32 0
   variant       boolean false
   array [
   ]
signal time=1788730830.953000 sender=:1.1 -> destination=(null destination) serial=1434 path=/org/a11y/atspi/accessible/menus/n6d656e753a566965772f766965772e66696c6c5f736368656d61746963; interface=org.a11y.atspi.Event.Object; member=StateChanged
   string "enabled"
   int32 1
   int32 0
   variant       boolean true
   array [
   ]
signal time=1788730830.953036 sender=:1.1 -> destination=(null destination) serial=1435 path=/org/a11y/atspi/accessible/menus/n6d656e753a566965772f766965772e66696c6c5f736368656d61746963; interface=org.a11y.atspi.Event.Object; member=StateChanged
   string "sensitive"
   int32 1
   int32 0
   variant       boolean true
   array [
   ]
signal time=1788730830.953072 sender=:1.1 -> destination=(null destination) serial=1436 path=/org/a11y/atspi/accessible/menus/n6d656e753a56696577; interface=org.a11y.atspi.Event.Object; member=ChildrenChanged
   string "add"
   int32 16
   int32 0
   variant       struct {
         string ":1.1"
         object path "/org/a11y/atspi/accessible/menus/n6d656e753a566965772f766965772e7072657365745f73696e676c65"
      }
   array [
   ]
signal time=1788730830.953122 sender=:1.1 -> destination=(null destination) serial=1437 path=/org/a11y/atspi/accessible/menus/n6d656e753a566965772f766965772e7072657365745f73696e676c65; interface=org.a11y.atspi.Event.Object; member=StateChanged
   string "focused"
   int32 0
   int32 0
   variant       boolean false
   array [
   ]
signal time=1788730830.953158 sender=:1.1 -> destination=(null destination) serial=1438 path=/org/a11y/atspi/accessible/menus/n6d656e753a566965772f766965772e7072657365745f73696e676c65; interface=org.a11y.atspi.Event.Object; member=StateChanged
   string "enabled"
   int32 1
   int32 0
   variant       boolean true
   array [
   ]
signal time=1788730830.953204 sender=:1.1 -> destination=(null destination) serial=1439 path=/org/a11y/atspi/accessible/menus/n6d656e753a566965772f766965772e7072657365745f73696e676c65; interface=org.a11y.atspi.Event.Object; member=StateChanged
   string "sensitive"
   int32 1
   int32 0
   variant       boolean true
   array [
   ]
signal time=1788730830.953240 sender=:1.1 -> destination=(null destination) serial=1440 path=/org/a11y/atspi/accessible/menus/n6d656e753a56696577; interface=org.a11y.atspi.Event.Object; member=ChildrenChanged
   string "add"
   int32 17
   int32 0
   variant       struct {
         string ":1.1"
         object path "/org/a11y/atspi/accessible/menus/n6d656e753a566965772f766965772e7072657365745f626f6172645f736368656d61746963"
      }
   array [
   ]
signal time=1788730830.953291 sender=:1.1 -> destination=(null destination) serial=1441 path=/org/a11y/atspi/accessible/menus/n6d656e753a566965772f766965772e7072657365745f626f6172645f736368656d61746963; interface=org.a11y.atspi.Event.Object; member=StateChanged
   string "focused"
   int32 0
   int32 0
   variant       boolean false
   array [
   ]
signal time=1788730830.953327 sender=:1.1 -> destination=(null destination) serial=1442 path=/org/a11y/atspi/accessible/menus/n6d656e753a566965772f766965772e7072657365745f626f6172645f736368656d61746963; interface=org.a11y.atspi.Event.Object; member=StateChanged
   string "enabled"
   int32 1
   int32 0
   variant       boolean true
   array [
   ]
signal time=1788730830.953565 sender=:1.1 -> destination=(null destination) serial=1443 path=/org/a11y/atspi/accessible/menus/n6d656e753a566965772f766965772e7072657365745f626f6172645f736368656d61746963; interface=org.a11y.atspi.Event.Object; member=StateChanged
   string "sensitive"
   int32 1
   int32 0
   variant       boolean true
   array [
   ]
signal time=1788730830.953646 sender=:1.1 -> destination=(null destination) serial=1444 path=/org/a11y/atspi/accessible/menus/n6d656e753a56696577; interface=org.a11y.atspi.Event.Object; member=ChildrenChanged
   string "add"
   int32 18
   int32 0
   variant       struct {
         string ":1.1"
         object path "/org/a11y/atspi/accessible/menus/n6d656e753a566965772f766965772e637572736f722e66756c6c"
      }
   array [
   ]
signal time=1788730830.953697 sender=:1.1 -> destination=(null destination) serial=1445 path=/org/a11y/atspi/accessible/menus/n6d656e753a566965772f766965772e637572736f722e66756c6c; interface=org.a11y.atspi.Event.Object; member=StateChanged
   string "focused"
   int32 0
   int32 0
   variant       boolean false
   array [
   ]
signal time=1788730830.953733 sender=:1.1 -> destination=(null destination) serial=1446 path=/org/a11y/atspi/accessible/menus/n6d656e753a566965772f766965772e637572736f722e66756c6c; interface=org.a11y.atspi.Event.Object; member=StateChanged
   string "enabled"
   int32 1
   int32 0
   variant       boolean true
   array [
   ]
signal time=1788730830.953768 sender=:1.1 -> destination=(null destination) serial=1447 path=/org/a11y/atspi/accessible/menus/n6d656e753a566965772f766965772e637572736f722e66756c6c; interface=org.a11y.atspi.Event.Object; member=StateChanged
   string "sensitive"
   int32 1
   int32 0
   variant       boolean true
   array [
   ]
signal time=1788730830.953803 sender=:1.1 -> destination=(null destination) serial=1448 path=/org/a11y/atspi/accessible/menus/n6d656e753a56696577; interface=org.a11y.atspi.Event.Object; member=ChildrenChanged
   string "add"
   int32 19
   int32 0
   variant       struct {
         string ":1.1"
         object path "/org/a11y/atspi/accessible/menus/n6d656e753a566965772f766965772e637572736f722e736d616c6c"
      }
   array [
   ]
signal time=1788730830.953854 sender=:1.1 -> destination=(null destination) serial=1449 path=/org/a11y/atspi/accessible/menus/n6d656e753a566965772f766965772e637572736f722e736d616c6c; interface=org.a11y.atspi.Event.Object; member=StateChanged
   string "focused"
   int32 0
   int32 0
   variant       boolean false
   array [
   ]
signal time=1788730830.953901 sender=:1.1 -> destination=(null destination) serial=1450 path=/org/a11y/atspi/accessible/menus/n6d656e753a566965772f766965772e637572736f722e736d616c6c; interface=org.a11y.atspi.Event.Object; member=StateChanged
   string "enabled"
   int32 1
   int32 0
   variant       boolean true
   array [
   ]
signal time=1788730830.953937 sender=:1.1 -> destination=(null destination) serial=1451 path=/org/a11y/atspi/accessible/menus/n6d656e753a566965772f766965772e637572736f722e736d616c6c; interface=org.a11y.atspi.Event.Object; member=StateChanged
   string "sensitive"
   int32 1
   int32 0
   variant       boolean true
   array [
   ]
signal time=1788730830.953973 sender=:1.1 -> destination=(null destination) serial=1452 path=/org/a11y/atspi/accessible/menus/n6d656e753a56696577; interface=org.a11y.atspi.Event.Object; member=ChildrenChanged
   string "add"
   int32 20
   int32 0
   variant       struct {
         string ":1.1"
         object path "/org/a11y/atspi/accessible/menus/n6d656e753a566965772f766965772e637572736f722e6e6f6e65"
      }
   array [
   ]
signal time=1788730830.954024 sender=:1.1 -> destination=(null destination) serial=1453 path=/org/a11y/atspi/accessible/menus/n6d656e753a566965772f766965772e637572736f722e6e6f6e65; interface=org.a11y.atspi.Event.Object; member=StateChanged
   string "focused"
   int32 0
   int32 0
   variant       boolean false
   array [
   ]
signal time=1788730830.954059 sender=:1.1 -> destination=(null destination) serial=1454 path=/org/a11y/atspi/accessible/menus/n6d656e753a566965772f766965772e637572736f722e6e6f6e65; interface=org.a11y.atspi.Event.Object; member=StateChanged
   string "enabled"
   int32 1
   int32 0
   variant       boolean true
   array [
   ]
signal time=1788730830.954095 sender=:1.1 -> destination=(null destination) serial=1455 path=/org/a11y/atspi/accessible/menus/n6d656e753a566965772f766965772e637572736f722e6e6f6e65; interface=org.a11y.atspi.Event.Object; member=StateChanged
   string "sensitive"
   int32 1
   int32 0
   variant       boolean true
   array [
   ]
signal time=1788730830.954131 sender=:1.1 -> destination=(null destination) serial=1456 path=/org/a11y/atspi/accessible/menus/n6d656e753a56696577; interface=org.a11y.atspi.Event.Object; member=ChildrenChanged
   string "add"
   int32 21
   int32 0
   variant       struct {
         string ":1.1"
         object path "/org/a11y/atspi/accessible/menus/n6d656e753a566965772f766965772e636f6e736f6c655f686973746f7279"
      }
   array [
   ]
signal time=1788730830.954182 sender=:1.1 -> destination=(null destination) serial=1457 path=/org/a11y/atspi/accessible/menus/n6d656e753a566965772f766965772e636f6e736f6c655f686973746f7279; interface=org.a11y.atspi.Event.Object; member=StateChanged
   string "focused"
   int32 0
   int32 0
   variant       boolean false
   array [
   ]
signal time=1788730830.954263 sender=:1.1 -> destination=(null destination) serial=1458 path=/org/a11y/atspi/accessible/menus/n6d656e753a566965772f766965772e636f6e736f6c655f686973746f7279; interface=org.a11y.atspi.Event.Object; member=StateChanged
   string "enabled"
   int32 1
   int32 0
   variant       boolean true
   array [
   ]
signal time=1788730830.954302 sender=:1.1 -> destination=(null destination) serial=1459 path=/org/a11y/atspi/accessible/menus/n6d656e753a566965772f766965772e636f6e736f6c655f686973746f7279; interface=org.a11y.atspi.Event.Object; member=StateChanged
   string "sensitive"
   int32 1
   int32 0
   variant       boolean true
   array [
   ]
signal time=1788730831.357108 sender=:1.1 -> destination=(null destination) serial=1460 path=/org/a11y/atspi/accessible/menus/n6d656e753a566965772f766965772e666974; interface=org.a11y.atspi.Event.Object; member=StateChanged
   string "focused"
   int32 0
   int32 0
   variant       boolean false
   array [
   ]
signal time=1788730831.357196 sender=:1.1 -> destination=(null destination) serial=1461 path=/org/a11y/atspi/accessible/menus/n6d656e753a566965772f766965772e7a6f6f6d5f696e; interface=org.a11y.atspi.Event.Object; member=StateChanged
   string "focused"
   int32 1
   int32 0
   variant       boolean true
   array [
   ]
signal time=1788730831.680460 sender=:1.1 -> destination=(null destination) serial=1462 path=/org/a11y/atspi/accessible/menus/n6d656e753a566965772f766965772e7a6f6f6d5f696e; interface=org.a11y.atspi.Event.Object; member=StateChanged
   string "focused"
   int32 0
   int32 0
   variant       boolean false
   array [
   ]
signal time=1788730831.680560 sender=:1.1 -> destination=(null destination) serial=1463 path=/org/a11y/atspi/accessible/menus/n6d656e753a566965772f766965772e7a6f6f6d5f6f7574; interface=org.a11y.atspi.Event.Object; member=StateChanged
   string "focused"
   int32 1
   int32 0
   variant       boolean true
   array [
   ]
signal time=1788730831.997759 sender=:1.1 -> destination=(null destination) serial=1464 path=/org/a11y/atspi/accessible/menus/n6d656e753a566965772f766965772e7a6f6f6d5f6f7574; interface=org.a11y.atspi.Event.Object; member=StateChanged
   string "focused"
   int32 0
   int32 0
   variant       boolean false
   array [
   ]
signal time=1788730831.997797 sender=:1.1 -> destination=(null destination) serial=1465 path=/org/a11y/atspi/accessible/menus/n6d656e753a566965772f766965772e70616e655f7a6f6f6d; interface=org.a11y.atspi.Event.Object; member=StateChanged
   string "focused"
   int32 1
   int32 0
   variant       boolean true
   array [
   ]
signal time=1788730832.327254 sender=:1.1 -> destination=(null destination) serial=1466 path=/org/a11y/atspi/accessible/menus/n6d656e753a566965772f766965772e70616e655f7a6f6f6d; interface=org.a11y.atspi.Event.Object; member=StateChanged
   string "focused"
   int32 0
   int32 0
   variant       boolean false
   array [
   ]
signal time=1788730832.327359 sender=:1.1 -> destination=(null destination) serial=1467 path=/org/a11y/atspi/accessible/menus/n6d656e753a566965772f766965772e66756c6c73637265656e5f7374616765; interface=org.a11y.atspi.Event.Object; member=StateChanged
   string "focused"
   int32 1
   int32 0
   variant       boolean true
   array [
   ]
signal time=1788730832.648318 sender=:1.1 -> destination=(null destination) serial=1468 path=/org/a11y/atspi/accessible/menus/n6d656e753a566965772f766965772e66756c6c73637265656e5f7374616765; interface=org.a11y.atspi.Event.Object; member=StateChanged
   string "focused"
   int32 0
   int32 0
   variant       boolean false
   array [
   ]
signal time=1788730832.648419 sender=:1.1 -> destination=(null destination) serial=1469 path=/org/a11y/atspi/accessible/menus/n6d656e753a566965772f766965772e6c6179657273; interface=org.a11y.atspi.Event.Object; member=StateChanged
   string "focused"
   int32 1
   int32 0
   variant       boolean true
   array [
   ]
signal time=1788730832.972412 sender=:1.1 -> destination=(null destination) serial=1470 path=/org/a11y/atspi/accessible/menus/n6d656e753a566965772f766965772e6c6179657273; interface=org.a11y.atspi.Event.Object; member=StateChanged
   string "focused"
   int32 0
   int32 0
   variant       boolean false
   array [
   ]
signal time=1788730832.972499 sender=:1.1 -> destination=(null destination) serial=1471 path=/org/a11y/atspi/accessible/menus/n6d656e753a566965772f766965772e70616e656c73; interface=org.a11y.atspi.Event.Object; member=StateChanged
   string "focused"
   int32 1
   int32 0
   variant       boolean true
   array [
   ]
signal time=1788730833.296305 sender=:1.1 -> destination=(null destination) serial=1472 path=/org/a11y/atspi/accessible/menus/n6d656e753a566965772f766965772e70616e656c73; interface=org.a11y.atspi.Event.Object; member=StateChanged
   string "focused"
   int32 0
   int32 0
   variant       boolean false
   array [
   ]
signal time=1788730833.296394 sender=:1.1 -> destination=(null destination) serial=1473 path=/org/a11y/atspi/accessible/menus/n6d656e753a566965772f766965772e7265736574; interface=org.a11y.atspi.Event.Object; member=StateChanged
   string "focused"
   int32 1
   int32 0
   variant       boolean true
   array [
   ]
signal time=1788730833.621739 sender=:1.1 -> destination=(null destination) serial=1474 path=/org/a11y/atspi/accessible/menus/n6d656e753a566965772f766965772e7265736574; interface=org.a11y.atspi.Event.Object; member=StateChanged
   string "focused"
   int32 0
   int32 0
   variant       boolean false
   array [
   ]
signal time=1788730833.621844 sender=:1.1 -> destination=(null destination) serial=1475 path=/org/a11y/atspi/accessible/menus/n6d656e753a566965772f766965772e73706c69745f766572746963616c; interface=org.a11y.atspi.Event.Object; member=StateChanged
   string "focused"
   int32 1
   int32 0
   variant       boolean true
   array [
   ]
signal time=1788730833.940830 sender=:1.1 -> destination=(null destination) serial=1476 path=/org/a11y/atspi/accessible/menus/n6d656e753a566965772f766965772e73706c69745f766572746963616c; interface=org.a11y.atspi.Event.Object; member=StateChanged
   string "focused"
   int32 0
   int32 0
   variant       boolean false
   array [
   ]
signal time=1788730833.940890 sender=:1.1 -> destination=(null destination) serial=1477 path=/org/a11y/atspi/accessible/menus/n6d656e753a566965772f766965772e73706c69745f686f72697a6f6e74616c; interface=org.a11y.atspi.Event.Object; member=StateChanged
   string "focused"
   int32 1
   int32 0
   variant       boolean true
   array [
   ]
signal time=1788730834.265127 sender=:1.1 -> destination=(null destination) serial=1478 path=/org/a11y/atspi/accessible/menus/n6d656e753a566965772f766965772e73706c69745f686f72697a6f6e74616c; interface=org.a11y.atspi.Event.Object; member=StateChanged
   string "focused"
   int32 0
   int32 0
   variant       boolean false
   array [
   ]
signal time=1788730834.265219 sender=:1.1 -> destination=(null destination) serial=1479 path=/org/a11y/atspi/accessible/menus/n6d656e753a566965772f766965772e636c6f73655f70616e65; interface=org.a11y.atspi.Event.Object; member=StateChanged
   string "focused"
   int32 1
   int32 0
   variant       boolean true
   array [
   ]
signal time=1788730834.588521 sender=:1.1 -> destination=(null destination) serial=1480 path=/org/a11y/atspi/accessible/menus/n6d656e753a566965772f766965772e636c6f73655f70616e65; interface=org.a11y.atspi.Event.Object; member=StateChanged
   string "focused"
   int32 0
   int32 0
   variant       boolean false
   array [
   ]
signal time=1788730834.588634 sender=:1.1 -> destination=(null destination) serial=1481 path=/org/a11y/atspi/accessible/menus/n6d656e753a566965772f766965772e6d6178696d697a655f70616e65; interface=org.a11y.atspi.Event.Object; member=StateChanged
   string "focused"
   int32 1
   int32 0
   variant       boolean true
   array [
   ]
signal time=1788730834.911650 sender=:1.1 -> destination=(null destination) serial=1482 path=/org/a11y/atspi/accessible/menus/n6d656e753a566965772f766965772e6d6178696d697a655f70616e65; interface=org.a11y.atspi.Event.Object; member=StateChanged
   string "focused"
   int32 0
   int32 0
   variant       boolean false
   array [
   ]
signal time=1788730834.911758 sender=:1.1 -> destination=(null destination) serial=1483 path=/org/a11y/atspi/accessible/menus/n6d656e753a566965772f766965772e666f6375735f6e657874; interface=org.a11y.atspi.Event.Object; member=StateChanged
   string "focused"
   int32 1
   int32 0
   variant       boolean true
   array [
   ]
signal time=1788730835.235685 sender=:1.1 -> destination=(null destination) serial=1484 path=/org/a11y/atspi/accessible/menus/n6d656e753a566965772f766965772e666f6375735f6e657874; interface=org.a11y.atspi.Event.Object; member=StateChanged
   string "focused"
   int32 0
   int32 0
   variant       boolean false
   array [
   ]
signal time=1788730835.235773 sender=:1.1 -> destination=(null destination) serial=1485 path=/org/a11y/atspi/accessible/menus/n6d656e753a566965772f766965772e666f6375735f70726576; interface=org.a11y.atspi.Event.Object; member=StateChanged
   string "focused"
   int32 1
   int32 0
   variant       boolean true
   array [
   ]
signal time=1788730835.560244 sender=:1.1 -> destination=(null destination) serial=1486 path=/org/a11y/atspi/accessible/menus/n6d656e753a566965772f766965772e666f6375735f70726576; interface=org.a11y.atspi.Event.Object; member=StateChanged
   string "focused"
   int32 0
   int32 0
   variant       boolean false
   array [
   ]
signal time=1788730835.560363 sender=:1.1 -> destination=(null destination) serial=1487 path=/org/a11y/atspi/accessible/menus/n6d656e753a566965772f766965772e66696c6c5f626f617264; interface=org.a11y.atspi.Event.Object; member=StateChanged
   string "focused"
   int32 1
   int32 0
   variant       boolean true
   array [
   ]
signal time=1788730835.884911 sender=:1.1 -> destination=(null destination) serial=1488 path=/org/a11y/atspi/accessible/menus/n6d656e753a566965772f766965772e66696c6c5f626f617264; interface=org.a11y.atspi.Event.Object; member=StateChanged
   string "focused"
   int32 0
   int32 0
   variant       boolean false
   array [
   ]
signal time=1788730835.885035 sender=:1.1 -> destination=(null destination) serial=1489 path=/org/a11y/atspi/accessible/menus/n6d656e753a566965772f766965772e66696c6c5f736368656d61746963; interface=org.a11y.atspi.Event.Object; member=StateChanged
   string "focused"
   int32 1
   int32 0
   variant       boolean true
   array [
   ]
signal time=1788730836.216570 sender=:1.1 -> destination=(null destination) serial=1490 path=/org/a11y/atspi/accessible/menus/n6d656e753a566965772f766965772e66696c6c5f736368656d61746963; interface=org.a11y.atspi.Event.Object; member=StateChanged
   string "focused"
   int32 0
   int32 0
   variant       boolean false
   array [
   ]
signal time=1788730836.216673 sender=:1.1 -> destination=(null destination) serial=1491 path=/org/a11y/atspi/accessible/menus/n6d656e753a566965772f766965772e7072657365745f73696e676c65; interface=org.a11y.atspi.Event.Object; member=StateChanged
   string "focused"
   int32 1
   int32 0
   variant       boolean true
   array [
   ]
signal time=1788730836.533245 sender=:1.1 -> destination=(null destination) serial=1492 path=/org/a11y/atspi/accessible/menus/n6d656e753a566965772f766965772e7072657365745f73696e676c65; interface=org.a11y.atspi.Event.Object; member=StateChanged
   string "focused"
   int32 0
   int32 0
   variant       boolean false
   array [
   ]
signal time=1788730836.533324 sender=:1.1 -> destination=(null destination) serial=1493 path=/org/a11y/atspi/accessible/menus/n6d656e753a566965772f766965772e7072657365745f626f6172645f736368656d61746963; interface=org.a11y.atspi.Event.Object; member=StateChanged
   string "focused"
   int32 1
   int32 0
   variant       boolean true
   array [
   ]
signal time=1788730836.854980 sender=:1.1 -> destination=(null destination) serial=1494 path=/org/a11y/atspi/accessible/menus/n6d656e753a566965772f766965772e7072657365745f626f6172645f736368656d61746963; interface=org.a11y.atspi.Event.Object; member=StateChanged
   string "focused"
   int32 0
   int32 0
   variant       boolean false
   array [
   ]
signal time=1788730836.855068 sender=:1.1 -> destination=(null destination) serial=1495 path=/org/a11y/atspi/accessible/menus/n6d656e753a566965772f766965772e637572736f722e66756c6c; interface=org.a11y.atspi.Event.Object; member=StateChanged
   string "focused"
   int32 1
   int32 0
   variant       boolean true
   array [
   ]
signal time=1788730837.183199 sender=:1.1 -> destination=(null destination) serial=1496 path=/org/a11y/atspi/accessible/menus/n6d656e753a566965772f766965772e637572736f722e66756c6c; interface=org.a11y.atspi.Event.Object; member=StateChanged
   string "focused"
   int32 0
   int32 0
   variant       boolean false
   array [
   ]
signal time=1788730837.183295 sender=:1.1 -> destination=(null destination) serial=1497 path=/org/a11y/atspi/accessible/menus/n6d656e753a566965772f766965772e637572736f722e736d616c6c; interface=org.a11y.atspi.Event.Object; member=StateChanged
   string "focused"
   int32 1
   int32 0
   variant       boolean true
   array [
   ]
signal time=1788730837.506621 sender=:1.1 -> destination=(null destination) serial=1498 path=/org/a11y/atspi/accessible/menus/n6d656e753a566965772f766965772e637572736f722e736d616c6c; interface=org.a11y.atspi.Event.Object; member=StateChanged
   string "focused"
   int32 0
   int32 0
   variant       boolean false
   array [
   ]
signal time=1788730837.506709 sender=:1.1 -> destination=(null destination) serial=1499 path=/org/a11y/atspi/accessible/menus/n6d656e753a566965772f766965772e637572736f722e6e6f6e65; interface=org.a11y.atspi.Event.Object; member=StateChanged
   string "focused"
   int32 1
   int32 0
   variant       boolean true
   array [
   ]
signal time=1788730837.829838 sender=:1.1 -> destination=(null destination) serial=1500 path=/org/a11y/atspi/accessible/menus/n6d656e753a566965772f766965772e637572736f722e6e6f6e65; interface=org.a11y.atspi.Event.Object; member=StateChanged
   string "focused"
   int32 0
   int32 0
   variant       boolean false
   array [
   ]
signal time=1788730837.829924 sender=:1.1 -> destination=(null destination) serial=1501 path=/org/a11y/atspi/accessible/menus/n6d656e753a566965772f766965772e636f6e736f6c655f686973746f7279; interface=org.a11y.atspi.Event.Object; member=StateChanged
   string "focused"
   int32 1
   int32 0
   variant       boolean true
   array [
   ]
signal time=1788730838.159991 sender=:1.1 -> destination=(null destination) serial=1502 path=/org/a11y/atspi/accessible/menus/n6d656e753a56696577; interface=org.a11y.atspi.Event.Object; member=ChildrenChanged
   string "remove"
   int32 21
   int32 0
   variant       struct {
         string ":1.1"
         object path "/org/a11y/atspi/accessible/menus/n6d656e753a566965772f766965772e636f6e736f6c655f686973746f7279"
      }
   array [
   ]
signal time=1788730838.160090 sender=:1.1 -> destination=(null destination) serial=1503 path=/org/a11y/atspi/accessible/menus/n6d656e753a56696577; interface=org.a11y.atspi.Event.Object; member=ChildrenChanged
   string "remove"
   int32 20
   int32 0
   variant       struct {
         string ":1.1"
         object path "/org/a11y/atspi/accessible/menus/n6d656e753a566965772f766965772e637572736f722e6e6f6e65"
      }
   array [
   ]
signal time=1788730838.160145 sender=:1.1 -> destination=(null destination) serial=1504 path=/org/a11y/atspi/accessible/menus/n6d656e753a56696577; interface=org.a11y.atspi.Event.Object; member=ChildrenChanged
   string "remove"
   int32 19
   int32 0
   variant       struct {
         string ":1.1"
         object path "/org/a11y/atspi/accessible/menus/n6d656e753a566965772f766965772e637572736f722e736d616c6c"
      }
   array [
   ]
signal time=1788730838.160197 sender=:1.1 -> destination=(null destination) serial=1505 path=/org/a11y/atspi/accessible/menus/n6d656e753a56696577; interface=org.a11y.atspi.Event.Object; member=ChildrenChanged
   string "remove"
   int32 18
   int32 0
   variant       struct {
         string ":1.1"
         object path "/org/a11y/atspi/accessible/menus/n6d656e753a566965772f766965772e637572736f722e66756c6c"
      }
   array [
   ]
signal time=1788730838.160249 sender=:1.1 -> destination=(null destination) serial=1506 path=/org/a11y/atspi/accessible/menus/n6d656e753a56696577; interface=org.a11y.atspi.Event.Object; member=ChildrenChanged
   string "remove"
   int32 17
   int32 0
   variant       struct {
         string ":1.1"
         object path "/org/a11y/atspi/accessible/menus/n6d656e753a566965772f766965772e7072657365745f626f6172645f736368656d61746963"
      }
   array [
   ]
signal time=1788730838.160300 sender=:1.1 -> destination=(null destination) serial=1507 path=/org/a11y/atspi/accessible/menus/n6d656e753a56696577; interface=org.a11y.atspi.Event.Object; member=ChildrenChanged
   string "remove"
   int32 16
   int32 0
   variant       struct {
         string ":1.1"
         object path "/org/a11y/atspi/accessible/menus/n6d656e753a566965772f766965772e7072657365745f73696e676c65"
      }
   array [
   ]
signal time=1788730838.160353 sender=:1.1 -> destination=(null destination) serial=1508 path=/org/a11y/atspi/accessible/menus/n6d656e753a56696577; interface=org.a11y.atspi.Event.Object; member=ChildrenChanged
   string "remove"
   int32 15
   int32 0
   variant       struct {
         string ":1.1"
         object path "/org/a11y/atspi/accessible/menus/n6d656e753a566965772f766965772e66696c6c5f736368656d61746963"
      }
   array [
   ]
signal time=1788730838.160406 sender=:1.1 -> destination=(null destination) serial=1509 path=/org/a11y/atspi/accessible/menus/n6d656e753a56696577; interface=org.a11y.atspi.Event.Object; member=ChildrenChanged
   string "remove"
   int32 14
   int32 0
   variant       struct {
         string ":1.1"
         object path "/org/a11y/atspi/accessible/menus/n6d656e753a566965772f766965772e66696c6c5f626f617264"
      }
   array [
   ]
signal time=1788730838.160478 sender=:1.1 -> destination=(null destination) serial=1510 path=/org/a11y/atspi/accessible/menus/n6d656e753a56696577; interface=org.a11y.atspi.Event.Object; member=ChildrenChanged
   string "remove"
   int32 13
   int32 0
   variant       struct {
         string ":1.1"
         object path "/org/a11y/atspi/accessible/menus/n6d656e753a566965772f766965772e666f6375735f70726576"
      }
   array [
   ]
signal time=1788730838.160533 sender=:1.1 -> destination=(null destination) serial=1511 path=/org/a11y/atspi/accessible/menus/n6d656e753a56696577; interface=org.a11y.atspi.Event.Object; member=ChildrenChanged
   string "remove"
   int32 12
   int32 0
   variant       struct {
         string ":1.1"
         object path "/org/a11y/atspi/accessible/menus/n6d656e753a566965772f766965772e666f6375735f6e657874"
      }
   array [
   ]
signal time=1788730838.160585 sender=:1.1 -> destination=(null destination) serial=1512 path=/org/a11y/atspi/accessible/menus/n6d656e753a56696577; interface=org.a11y.atspi.Event.Object; member=ChildrenChanged
   string "remove"
   int32 11
   int32 0
   variant       struct {
         string ":1.1"
         object path "/org/a11y/atspi/accessible/menus/n6d656e753a566965772f766965772e6d6178696d697a655f70616e65"
      }
   array [
   ]
signal time=1788730838.160822 sender=:1.1 -> destination=(null destination) serial=1513 path=/org/a11y/atspi/accessible/menus/n6d656e753a56696577; interface=org.a11y.atspi.Event.Object; member=ChildrenChanged
   string "remove"
   int32 10
   int32 0
   variant       struct {
         string ":1.1"
         object path "/org/a11y/atspi/accessible/menus/n6d656e753a566965772f766965772e636c6f73655f70616e65"
      }
   array [
   ]
signal time=1788730838.160881 sender=:1.1 -> destination=(null destination) serial=1514 path=/org/a11y/atspi/accessible/menus/n6d656e753a56696577; interface=org.a11y.atspi.Event.Object; member=ChildrenChanged
   string "remove"
   int32 9
   int32 0
   variant       struct {
         string ":1.1"
         object path "/org/a11y/atspi/accessible/menus/n6d656e753a566965772f766965772e73706c69745f686f72697a6f6e74616c"
      }
   array [
   ]
signal time=1788730838.160933 sender=:1.1 -> destination=(null destination) serial=1515 path=/org/a11y/atspi/accessible/menus/n6d656e753a56696577; interface=org.a11y.atspi.Event.Object; member=ChildrenChanged
   string "remove"
   int32 8
   int32 0
   variant       struct {
         string ":1.1"
         object path "/org/a11y/atspi/accessible/menus/n6d656e753a566965772f766965772e73706c69745f766572746963616c"
      }
   array [
   ]
signal time=1788730838.160985 sender=:1.1 -> destination=(null destination) serial=1516 path=/org/a11y/atspi/accessible/menus/n6d656e753a56696577; interface=org.a11y.atspi.Event.Object; member=ChildrenChanged
   string "remove"
   int32 7
   int32 0
   variant       struct {
         string ":1.1"
         object path "/org/a11y/atspi/accessible/menus/n6d656e753a566965772f766965772e7265736574"
      }
   array [
   ]
signal time=1788730838.161036 sender=:1.1 -> destination=(null destination) serial=1517 path=/org/a11y/atspi/accessible/menus/n6d656e753a56696577; interface=org.a11y.atspi.Event.Object; member=ChildrenChanged
   string "remove"
   int32 6
   int32 0
   variant       struct {
         string ":1.1"
         object path "/org/a11y/atspi/accessible/menus/n6d656e753a566965772f766965772e70616e656c73"
      }
   array [
   ]
signal time=1788730838.161088 sender=:1.1 -> destination=(null destination) serial=1518 path=/org/a11y/atspi/accessible/menus/n6d656e753a56696577; interface=org.a11y.atspi.Event.Object; member=ChildrenChanged
   string "remove"
   int32 5
   int32 0
   variant       struct {
         string ":1.1"
         object path "/org/a11y/atspi/accessible/menus/n6d656e753a566965772f766965772e6c6179657273"
      }
   array [
   ]
signal time=1788730838.161153 sender=:1.1 -> destination=(null destination) serial=1519 path=/org/a11y/atspi/accessible/menus/n6d656e753a56696577; interface=org.a11y.atspi.Event.Object; member=ChildrenChanged
   string "remove"
   int32 4
   int32 0
   variant       struct {
         string ":1.1"
         object path "/org/a11y/atspi/accessible/menus/n6d656e753a566965772f766965772e66756c6c73637265656e5f7374616765"
      }
   array [
   ]
signal time=1788730838.161206 sender=:1.1 -> destination=(null destination) serial=1520 path=/org/a11y/atspi/accessible/menus/n6d656e753a56696577; interface=org.a11y.atspi.Event.Object; member=ChildrenChanged
   string "remove"
   int32 3
   int32 0
   variant       struct {
         string ":1.1"
         object path "/org/a11y/atspi/accessible/menus/n6d656e753a566965772f766965772e70616e655f7a6f6f6d"
      }
   array [
   ]
signal time=1788730838.161261 sender=:1.1 -> destination=(null destination) serial=1521 path=/org/a11y/atspi/accessible/menus/n6d656e753a56696577; interface=org.a11y.atspi.Event.Object; member=ChildrenChanged
   string "remove"
   int32 2
   int32 0
   variant       struct {
         string ":1.1"
         object path "/org/a11y/atspi/accessible/menus/n6d656e753a566965772f766965772e7a6f6f6d5f6f7574"
      }
   array [
   ]
signal time=1788730838.161313 sender=:1.1 -> destination=(null destination) serial=1522 path=/org/a11y/atspi/accessible/menus/n6d656e753a56696577; interface=org.a11y.atspi.Event.Object; member=ChildrenChanged
   string "remove"
   int32 1
   int32 0
   variant       struct {
         string ":1.1"
         object path "/org/a11y/atspi/accessible/menus/n6d656e753a566965772f766965772e7a6f6f6d5f696e"
      }
   array [
   ]
signal time=1788730838.161366 sender=:1.1 -> destination=(null destination) serial=1523 path=/org/a11y/atspi/accessible/menus/n6d656e753a56696577; interface=org.a11y.atspi.Event.Object; member=ChildrenChanged
   string "remove"
   int32 0
   int32 0
   variant       struct {
         string ":1.1"
         object path "/org/a11y/atspi/accessible/menus/n6d656e753a566965772f766965772e666974"
      }
   array [
   ]
signal time=1788730838.161418 sender=:1.1 -> destination=(null destination) serial=1524 path=/org/a11y/atspi/accessible/root; interface=org.a11y.atspi.Event.Object; member=ChildrenChanged
   string "remove"
   int32 1
   int32 0
   variant       struct {
         string ":1.1"
         object path "/org/a11y/atspi/accessible/menus/n6d656e753a56696577"
      }
   array [
   ]
signal time=1788730839.473175 sender=org.freedesktop.DBus -> destination=(null destination) serial=1133 path=/org/freedesktop/DBus; interface=org.freedesktop.DBus; member=NameOwnerChanged
   string ":1.567"
   string ""
   string ":1.567"
signal time=1788730839.473262 sender=org.freedesktop.DBus -> destination=:1.567 serial=2 path=/org/freedesktop/DBus; interface=org.freedesktop.DBus; member=NameAcquired
   string ":1.567"
signal time=1788730839.476981 sender=org.freedesktop.DBus -> destination=:1.567 serial=3 path=/org/freedesktop/DBus; interface=org.freedesktop.DBus; member=NameLost
   string ":1.567"
signal time=1788730839.477047 sender=org.freedesktop.DBus -> destination=(null destination) serial=1134 path=/org/freedesktop/DBus; interface=org.freedesktop.DBus; member=NameOwnerChanged
   string ":1.567"
   string ":1.567"
   string ""
signal time=1788730839.477264 sender=:1.2 -> destination=(null destination) serial=622 path=/org/a11y/atspi/registry; interface=org.a11y.atspi.Registry; member=EventListenerDeregistered
   string ":1.567"
   string ""
signal time=1788730839.487693 sender=org.freedesktop.DBus -> destination=(null destination) serial=1135 path=/org/freedesktop/DBus; interface=org.freedesktop.DBus; member=NameOwnerChanged
   string ":1.568"
   string ""
   string ":1.568"
signal time=1788730839.487760 sender=org.freedesktop.DBus -> destination=:1.568 serial=2 path=/org/freedesktop/DBus; interface=org.freedesktop.DBus; member=NameAcquired
   string ":1.568"
signal time=1788730839.490631 sender=org.freedesktop.DBus -> destination=:1.568 serial=5 path=/org/freedesktop/DBus; interface=org.freedesktop.DBus; member=NameLost
   string ":1.568"
signal time=1788730839.490684 sender=org.freedesktop.DBus -> destination=(null destination) serial=1136 path=/org/freedesktop/DBus; interface=org.freedesktop.DBus; member=NameOwnerChanged
   string ":1.568"
   string ":1.568"
   string ""
signal time=1788730839.490917 sender=:1.2 -> destination=(null destination) serial=623 path=/org/a11y/atspi/registry; interface=org.a11y.atspi.Registry; member=EventListenerDeregistered
   string ":1.568"
   string ""
signal time=1788730839.500974 sender=org.freedesktop.DBus -> destination=(null destination) serial=1137 path=/org/freedesktop/DBus; interface=org.freedesktop.DBus; member=NameOwnerChanged
   string ":1.569"
   string ""
   string ":1.569"
signal time=1788730839.501217 sender=org.freedesktop.DBus -> destination=:1.569 serial=2 path=/org/freedesktop/DBus; interface=org.freedesktop.DBus; member=NameAcquired
   string ":1.569"
signal time=1788730839.504493 sender=org.freedesktop.DBus -> destination=:1.569 serial=3 path=/org/freedesktop/DBus; interface=org.freedesktop.DBus; member=NameLost
   string ":1.569"
signal time=1788730839.504573 sender=org.freedesktop.DBus -> destination=(null destination) serial=1138 path=/org/freedesktop/DBus; interface=org.freedesktop.DBus; member=NameOwnerChanged
   string ":1.569"
   string ":1.569"
   string ""
signal time=1788730839.504755 sender=:1.2 -> destination=(null destination) serial=624 path=/org/a11y/atspi/registry; interface=org.a11y.atspi.Registry; member=EventListenerDeregistered
   string ":1.569"
   string ""
signal time=1788730839.514414 sender=org.freedesktop.DBus -> destination=(null destination) serial=1139 path=/org/freedesktop/DBus; interface=org.freedesktop.DBus; member=NameOwnerChanged
   string ":1.570"
   string ""
   string ":1.570"
signal time=1788730839.514482 sender=org.freedesktop.DBus -> destination=:1.570 serial=2 path=/org/freedesktop/DBus; interface=org.freedesktop.DBus; member=NameAcquired
   string ":1.570"
signal time=1788730839.517703 sender=org.freedesktop.DBus -> destination=:1.570 serial=3 path=/org/freedesktop/DBus; interface=org.freedesktop.DBus; member=NameLost
   string ":1.570"
signal time=1788730839.517802 sender=org.freedesktop.DBus -> destination=(null destination) serial=1140 path=/org/freedesktop/DBus; interface=org.freedesktop.DBus; member=NameOwnerChanged
   string ":1.570"
   string ":1.570"
   string ""
signal time=1788730839.518082 sender=:1.2 -> destination=(null destination) serial=625 path=/org/a11y/atspi/registry; interface=org.a11y.atspi.Registry; member=EventListenerDeregistered
   string ":1.570"
   string ""
signal time=1788730839.528526 sender=org.freedesktop.DBus -> destination=(null destination) serial=1141 path=/org/freedesktop/DBus; interface=org.freedesktop.DBus; member=NameOwnerChanged
   string ":1.571"
   string ""
   string ":1.571"
signal time=1788730839.528605 sender=org.freedesktop.DBus -> destination=:1.571 serial=2 path=/org/freedesktop/DBus; interface=org.freedesktop.DBus; member=NameAcquired
   string ":1.571"
signal time=1788730839.531944 sender=org.freedesktop.DBus -> destination=:1.571 serial=3 path=/org/freedesktop/DBus; interface=org.freedesktop.DBus; member=NameLost
   string ":1.571"
signal time=1788730839.532022 sender=org.freedesktop.DBus -> destination=(null destination) serial=1142 path=/org/freedesktop/DBus; interface=org.freedesktop.DBus; member=NameOwnerChanged
   string ":1.571"
   string ":1.571"
   string ""
signal time=1788730839.532200 sender=:1.2 -> destination=(null destination) serial=626 path=/org/a11y/atspi/registry; interface=org.a11y.atspi.Registry; member=EventListenerDeregistered
   string ":1.571"
   string ""
signal time=1788730839.541691 sender=org.freedesktop.DBus -> destination=(null destination) serial=1143 path=/org/freedesktop/DBus; interface=org.freedesktop.DBus; member=NameOwnerChanged
   string ":1.572"
   string ""
   string ":1.572"
signal time=1788730839.541772 sender=org.freedesktop.DBus -> destination=:1.572 serial=2 path=/org/freedesktop/DBus; interface=org.freedesktop.DBus; member=NameAcquired
   string ":1.572"
signal time=1788730839.544853 sender=org.freedesktop.DBus -> destination=:1.572 serial=3 path=/org/freedesktop/DBus; interface=org.freedesktop.DBus; member=NameLost
   string ":1.572"
signal time=1788730839.544893 sender=org.freedesktop.DBus -> destination=(null destination) serial=1144 path=/org/freedesktop/DBus; interface=org.freedesktop.DBus; member=NameOwnerChanged
   string ":1.572"
   string ":1.572"
   string ""
signal time=1788730839.545121 sender=:1.2 -> destination=(null destination) serial=627 path=/org/a11y/atspi/registry; interface=org.a11y.atspi.Registry; member=EventListenerDeregistered
   string ":1.572"
   string ""
signal time=1788730839.553816 sender=org.freedesktop.DBus -> destination=(null destination) serial=1145 path=/org/freedesktop/DBus; interface=org.freedesktop.DBus; member=NameOwnerChanged
   string ":1.573"
   string ""
   string ":1.573"
signal time=1788730839.553864 sender=org.freedesktop.DBus -> destination=:1.573 serial=2 path=/org/freedesktop/DBus; interface=org.freedesktop.DBus; member=NameAcquired
   string ":1.573"
signal time=1788730839.556197 sender=org.freedesktop.DBus -> destination=:1.573 serial=3 path=/org/freedesktop/DBus; interface=org.freedesktop.DBus; member=NameLost
   string ":1.573"
signal time=1788730839.556225 sender=org.freedesktop.DBus -> destination=(null destination) serial=1146 path=/org/freedesktop/DBus; interface=org.freedesktop.DBus; member=NameOwnerChanged
   string ":1.573"
   string ":1.573"
   string ""
signal time=1788730839.556408 sender=:1.2 -> destination=(null destination) serial=628 path=/org/a11y/atspi/registry; interface=org.a11y.atspi.Registry; member=EventListenerDeregistered
   string ":1.573"
   string ""
signal time=1788730839.562908 sender=org.freedesktop.DBus -> destination=(null destination) serial=1147 path=/org/freedesktop/DBus; interface=org.freedesktop.DBus; member=NameOwnerChanged
   string ":1.574"
   string ""
   string ":1.574"
signal time=1788730839.562949 sender=org.freedesktop.DBus -> destination=:1.574 serial=2 path=/org/freedesktop/DBus; interface=org.freedesktop.DBus; member=NameAcquired
   string ":1.574"
signal time=1788730839.564927 sender=org.freedesktop.DBus -> destination=:1.574 serial=3 path=/org/freedesktop/DBus; interface=org.freedesktop.DBus; member=NameLost
   string ":1.574"
signal time=1788730839.564964 sender=org.freedesktop.DBus -> destination=(null destination) serial=1148 path=/org/freedesktop/DBus; interface=org.freedesktop.DBus; member=NameOwnerChanged
   string ":1.574"
   string ":1.574"
   string ""
signal time=1788730839.565150 sender=:1.2 -> destination=(null destination) serial=629 path=/org/a11y/atspi/registry; interface=org.a11y.atspi.Registry; member=EventListenerDeregistered
   string ":1.574"
   string ""
signal time=1788730839.965952 sender=org.freedesktop.DBus -> destination=(null destination) serial=1149 path=/org/freedesktop/DBus; interface=org.freedesktop.DBus; member=NameOwnerChanged
   string ":1.575"
   string ""
   string ":1.575"
signal time=1788730839.965992 sender=org.freedesktop.DBus -> destination=:1.575 serial=2 path=/org/freedesktop/DBus; interface=org.freedesktop.DBus; member=NameAcquired
   string ":1.575"
signal time=1788730839.967149 sender=org.freedesktop.DBus -> destination=:1.575 serial=3 path=/org/freedesktop/DBus; interface=org.freedesktop.DBus; member=NameLost
   string ":1.575"
signal time=1788730839.967165 sender=org.freedesktop.DBus -> destination=(null destination) serial=1150 path=/org/freedesktop/DBus; interface=org.freedesktop.DBus; member=NameOwnerChanged
   string ":1.575"
   string ":1.575"
   string ""
signal time=1788730839.967185 sender=:1.2 -> destination=(null destination) serial=632 path=/org/a11y/atspi/registry; interface=org.a11y.atspi.Registry; member=EventListenerDeregistered
   string ":1.575"
   string ""
signal time=1788730839.971463 sender=org.freedesktop.DBus -> destination=(null destination) serial=1151 path=/org/freedesktop/DBus; interface=org.freedesktop.DBus; member=NameOwnerChanged
   string ":1.576"
   string ""
   string ":1.576"
signal time=1788730839.971486 sender=org.freedesktop.DBus -> destination=:1.576 serial=2 path=/org/freedesktop/DBus; interface=org.freedesktop.DBus; member=NameAcquired
   string ":1.576"
signal time=1788730839.972690 sender=org.freedesktop.DBus -> destination=:1.576 serial=5 path=/org/freedesktop/DBus; interface=org.freedesktop.DBus; member=NameLost
   string ":1.576"
signal time=1788730839.972719 sender=org.freedesktop.DBus -> destination=(null destination) serial=1152 path=/org/freedesktop/DBus; interface=org.freedesktop.DBus; member=NameOwnerChanged
   string ":1.576"
   string ":1.576"
   string ""
signal time=1788730839.972816 sender=:1.2 -> destination=(null destination) serial=633 path=/org/a11y/atspi/registry; interface=org.a11y.atspi.Registry; member=EventListenerDeregistered
   string ":1.576"
   string ""
signal time=1788730839.976315 sender=org.freedesktop.DBus -> destination=(null destination) serial=1153 path=/org/freedesktop/DBus; interface=org.freedesktop.DBus; member=NameOwnerChanged
   string ":1.577"
   string ""
   string ":1.577"
signal time=1788730839.976422 sender=org.freedesktop.DBus -> destination=:1.577 serial=2 path=/org/freedesktop/DBus; interface=org.freedesktop.DBus; member=NameAcquired
   string ":1.577"
signal time=1788730839.977377 sender=org.freedesktop.DBus -> destination=:1.577 serial=3 path=/org/freedesktop/DBus; interface=org.freedesktop.DBus; member=NameLost
   string ":1.577"
signal time=1788730839.977395 sender=org.freedesktop.DBus -> destination=(null destination) serial=1154 path=/org/freedesktop/DBus; interface=org.freedesktop.DBus; member=NameOwnerChanged
   string ":1.577"
   string ":1.577"
   string ""
signal time=1788730839.977449 sender=:1.2 -> destination=(null destination) serial=634 path=/org/a11y/atspi/registry; interface=org.a11y.atspi.Registry; member=EventListenerDeregistered
   string ":1.577"
   string ""
signal time=1788730839.981334 sender=org.freedesktop.DBus -> destination=(null destination) serial=1155 path=/org/freedesktop/DBus; interface=org.freedesktop.DBus; member=NameOwnerChanged
   string ":1.578"
   string ""
   string ":1.578"
signal time=1788730839.981377 sender=org.freedesktop.DBus -> destination=:1.578 serial=2 path=/org/freedesktop/DBus; interface=org.freedesktop.DBus; member=NameAcquired
   string ":1.578"
signal time=1788730839.982332 sender=org.freedesktop.DBus -> destination=:1.578 serial=3 path=/org/freedesktop/DBus; interface=org.freedesktop.DBus; member=NameLost
   string ":1.578"
signal time=1788730839.982353 sender=org.freedesktop.DBus -> destination=(null destination) serial=1156 path=/org/freedesktop/DBus; interface=org.freedesktop.DBus; member=NameOwnerChanged
   string ":1.578"
   string ":1.578"
   string ""
signal time=1788730839.982450 sender=:1.2 -> destination=(null destination) serial=635 path=/org/a11y/atspi/registry; interface=org.a11y.atspi.Registry; member=EventListenerDeregistered
   string ":1.578"
   string ""
signal time=1788730839.986609 sender=org.freedesktop.DBus -> destination=(null destination) serial=1157 path=/org/freedesktop/DBus; interface=org.freedesktop.DBus; member=NameOwnerChanged
   string ":1.579"
   string ""
   string ":1.579"
signal time=1788730839.986632 sender=org.freedesktop.DBus -> destination=:1.579 serial=2 path=/org/freedesktop/DBus; interface=org.freedesktop.DBus; member=NameAcquired
   string ":1.579"
signal time=1788730839.988218 sender=org.freedesktop.DBus -> destination=:1.579 serial=3 path=/org/freedesktop/DBus; interface=org.freedesktop.DBus; member=NameLost
   string ":1.579"
signal time=1788730839.988234 sender=org.freedesktop.DBus -> destination=(null destination) serial=1158 path=/org/freedesktop/DBus; interface=org.freedesktop.DBus; member=NameOwnerChanged
   string ":1.579"
   string ":1.579"
   string ""
signal time=1788730839.988321 sender=:1.2 -> destination=(null destination) serial=636 path=/org/a11y/atspi/registry; interface=org.a11y.atspi.Registry; member=EventListenerDeregistered
   string ":1.579"
   string ""
signal time=1788730839.991854 sender=org.freedesktop.DBus -> destination=(null destination) serial=1159 path=/org/freedesktop/DBus; interface=org.freedesktop.DBus; member=NameOwnerChanged
   string ":1.580"
   string ""
   string ":1.580"
signal time=1788730839.991880 sender=org.freedesktop.DBus -> destination=:1.580 serial=2 path=/org/freedesktop/DBus; interface=org.freedesktop.DBus; member=NameAcquired
   string ":1.580"
signal time=1788730839.992987 sender=org.freedesktop.DBus -> destination=:1.580 serial=3 path=/org/freedesktop/DBus; interface=org.freedesktop.DBus; member=NameLost
   string ":1.580"
signal time=1788730839.993016 sender=org.freedesktop.DBus -> destination=(null destination) serial=1160 path=/org/freedesktop/DBus; interface=org.freedesktop.DBus; member=NameOwnerChanged
   string ":1.580"
   string ":1.580"
   string ""
signal time=1788730839.993110 sender=:1.2 -> destination=(null destination) serial=637 path=/org/a11y/atspi/registry; interface=org.a11y.atspi.Registry; member=EventListenerDeregistered
   string ":1.580"
   string ""
signal time=1788730839.997047 sender=org.freedesktop.DBus -> destination=(null destination) serial=1161 path=/org/freedesktop/DBus; interface=org.freedesktop.DBus; member=NameOwnerChanged
   string ":1.581"
   string ""
   string ":1.581"
signal time=1788730839.997086 sender=org.freedesktop.DBus -> destination=:1.581 serial=2 path=/org/freedesktop/DBus; interface=org.freedesktop.DBus; member=NameAcquired
   string ":1.581"
signal time=1788730839.998299 sender=org.freedesktop.DBus -> destination=:1.581 serial=3 path=/org/freedesktop/DBus; interface=org.freedesktop.DBus; member=NameLost
   string ":1.581"
signal time=1788730839.998334 sender=org.freedesktop.DBus -> destination=(null destination) serial=1162 path=/org/freedesktop/DBus; interface=org.freedesktop.DBus; member=NameOwnerChanged
   string ":1.581"
   string ":1.581"
   string ""
signal time=1788730839.998465 sender=:1.2 -> destination=(null destination) serial=638 path=/org/a11y/atspi/registry; interface=org.a11y.atspi.Registry; member=EventListenerDeregistered
   string ":1.581"
   string ""
signal time=1788730840.002552 sender=org.freedesktop.DBus -> destination=(null destination) serial=1163 path=/org/freedesktop/DBus; interface=org.freedesktop.DBus; member=NameOwnerChanged
   string ":1.582"
   string ""
   string ":1.582"
signal time=1788730840.002603 sender=org.freedesktop.DBus -> destination=:1.582 serial=2 path=/org/freedesktop/DBus; interface=org.freedesktop.DBus; member=NameAcquired
   string ":1.582"
signal time=1788730840.003800 sender=org.freedesktop.DBus -> destination=:1.582 serial=3 path=/org/freedesktop/DBus; interface=org.freedesktop.DBus; member=NameLost
   string ":1.582"
signal time=1788730840.003828 sender=org.freedesktop.DBus -> destination=(null destination) serial=1164 path=/org/freedesktop/DBus; interface=org.freedesktop.DBus; member=NameOwnerChanged
   string ":1.582"
   string ":1.582"
   string ""
signal time=1788730840.003899 sender=:1.2 -> destination=(null destination) serial=639 path=/org/a11y/atspi/registry; interface=org.a11y.atspi.Registry; member=EventListenerDeregistered
   string ":1.582"
   string ""
signal time=1788730840.323705 sender=:1.1 -> destination=(null destination) serial=1549 path=/org/a11y/atspi/accessible/root; interface=org.a11y.atspi.Event.Object; member=ChildrenChanged
   string "add"
   int32 1
   int32 0
   variant       struct {
         string ":1.1"
         object path "/org/a11y/atspi/accessible/menus/n6d656e753a56696577"
      }
   array [
   ]
signal time=1788730840.323836 sender=:1.1 -> destination=(null destination) serial=1550 path=/org/a11y/atspi/accessible/menus/n6d656e753a56696577; interface=org.a11y.atspi.Event.Object; member=StateChanged
   string "focused"
   int32 0
   int32 0
   variant       boolean false
   array [
   ]
signal time=1788730840.323906 sender=:1.1 -> destination=(null destination) serial=1551 path=/org/a11y/atspi/accessible/menus/n6d656e753a56696577; interface=org.a11y.atspi.Event.Object; member=StateChanged
   string "enabled"
   int32 1
   int32 0
   variant       boolean true
   array [
   ]
signal time=1788730840.323990 sender=:1.1 -> destination=(null destination) serial=1552 path=/org/a11y/atspi/accessible/menus/n6d656e753a56696577; interface=org.a11y.atspi.Event.Object; member=StateChanged
   string "sensitive"
   int32 1
   int32 0
   variant       boolean true
   array [
   ]
signal time=1788730840.324045 sender=:1.1 -> destination=(null destination) serial=1553 path=/org/a11y/atspi/accessible/menus/n6d656e753a56696577; interface=org.a11y.atspi.Event.Object; member=ChildrenChanged
   string "add"
   int32 0
   int32 0
   variant       struct {
         string ":1.1"
         object path "/org/a11y/atspi/accessible/menus/n6d656e753a566965772f766965772e666974"
      }
   array [
   ]
signal time=1788730840.324126 sender=:1.1 -> destination=(null destination) serial=1554 path=/org/a11y/atspi/accessible/menus/n6d656e753a566965772f766965772e666974; interface=org.a11y.atspi.Event.Object; member=StateChanged
   string "focused"
   int32 1
   int32 0
   variant       boolean true
   array [
   ]
signal time=1788730840.324188 sender=:1.1 -> destination=(null destination) serial=1555 path=/org/a11y/atspi/accessible/menus/n6d656e753a566965772f766965772e666974; interface=org.a11y.atspi.Event.Object; member=StateChanged
   string "enabled"
   int32 1
   int32 0
   variant       boolean true
   array [
   ]
signal time=1788730840.324243 sender=:1.1 -> destination=(null destination) serial=1556 path=/org/a11y/atspi/accessible/menus/n6d656e753a566965772f766965772e666974; interface=org.a11y.atspi.Event.Object; member=StateChanged
   string "sensitive"
   int32 1
   int32 0
   variant       boolean true
   array [
   ]
signal time=1788730840.324300 sender=:1.1 -> destination=(null destination) serial=1557 path=/org/a11y/atspi/accessible/menus/n6d656e753a56696577; interface=org.a11y.atspi.Event.Object; member=ChildrenChanged
   string "add"
   int32 1
   int32 0
   variant       struct {
         string ":1.1"
         object path "/org/a11y/atspi/accessible/menus/n6d656e753a566965772f766965772e7a6f6f6d5f696e"
      }
   array [
   ]
signal time=1788730840.324377 sender=:1.1 -> destination=(null destination) serial=1558 path=/org/a11y/atspi/accessible/menus/n6d656e753a566965772f766965772e7a6f6f6d5f696e; interface=org.a11y.atspi.Event.Object; member=StateChanged
   string "focused"
   int32 0
   int32 0
   variant       boolean false
   array [
   ]
signal time=1788730840.324863 sender=:1.1 -> destination=(null destination) serial=1559 path=/org/a11y/atspi/accessible/menus/n6d656e753a566965772f766965772e7a6f6f6d5f696e; interface=org.a11y.atspi.Event.Object; member=StateChanged
   string "enabled"
   int32 1
   int32 0
   variant       boolean true
   array [
   ]
signal time=1788730840.324938 sender=:1.1 -> destination=(null destination) serial=1560 path=/org/a11y/atspi/accessible/menus/n6d656e753a566965772f766965772e7a6f6f6d5f696e; interface=org.a11y.atspi.Event.Object; member=StateChanged
   string "sensitive"
   int32 1
   int32 0
   variant       boolean true
   array [
   ]
signal time=1788730840.324994 sender=:1.1 -> destination=(null destination) serial=1561 path=/org/a11y/atspi/accessible/menus/n6d656e753a56696577; interface=org.a11y.atspi.Event.Object; member=ChildrenChanged
   string "add"
   int32 2
   int32 0
   variant       struct {
         string ":1.1"
         object path "/org/a11y/atspi/accessible/menus/n6d656e753a566965772f766965772e7a6f6f6d5f6f7574"
      }
   array [
   ]
signal time=1788730840.325070 sender=:1.1 -> destination=(null destination) serial=1562 path=/org/a11y/atspi/accessible/menus/n6d656e753a566965772f766965772e7a6f6f6d5f6f7574; interface=org.a11y.atspi.Event.Object; member=StateChanged
   string "focused"
   int32 0
   int32 0
   variant       boolean false
   array [
   ]
signal time=1788730840.325128 sender=:1.1 -> destination=(null destination) serial=1563 path=/org/a11y/atspi/accessible/menus/n6d656e753a566965772f766965772e7a6f6f6d5f6f7574; interface=org.a11y.atspi.Event.Object; member=StateChanged
   string "enabled"
   int32 1
   int32 0
   variant       boolean true
   array [
   ]
signal time=1788730840.325205 sender=:1.1 -> destination=(null destination) serial=1564 path=/org/a11y/atspi/accessible/menus/n6d656e753a566965772f766965772e7a6f6f6d5f6f7574; interface=org.a11y.atspi.Event.Object; member=StateChanged
   string "sensitive"
   int32 1
   int32 0
   variant       boolean true
   array [
   ]
signal time=1788730840.325260 sender=:1.1 -> destination=(null destination) serial=1565 path=/org/a11y/atspi/accessible/menus/n6d656e753a56696577; interface=org.a11y.atspi.Event.Object; member=ChildrenChanged
   string "add"
   int32 3
   int32 0
   variant       struct {
         string ":1.1"
         object path "/org/a11y/atspi/accessible/menus/n6d656e753a566965772f766965772e70616e655f7a6f6f6d"
      }
   array [
   ]
signal time=1788730840.325337 sender=:1.1 -> destination=(null destination) serial=1566 path=/org/a11y/atspi/accessible/menus/n6d656e753a566965772f766965772e70616e655f7a6f6f6d; interface=org.a11y.atspi.Event.Object; member=StateChanged
   string "focused"
   int32 0
   int32 0
   variant       boolean false
   array [
   ]
signal time=1788730840.325392 sender=:1.1 -> destination=(null destination) serial=1567 path=/org/a11y/atspi/accessible/menus/n6d656e753a566965772f766965772e70616e655f7a6f6f6d; interface=org.a11y.atspi.Event.Object; member=StateChanged
   string "enabled"
   int32 1
   int32 0
   variant       boolean true
   array [
   ]
signal time=1788730840.325446 sender=:1.1 -> destination=(null destination) serial=1568 path=/org/a11y/atspi/accessible/menus/n6d656e753a566965772f766965772e70616e655f7a6f6f6d; interface=org.a11y.atspi.Event.Object; member=StateChanged
   string "sensitive"
   int32 1
   int32 0
   variant       boolean true
   array [
   ]
signal time=1788730840.325507 sender=:1.1 -> destination=(null destination) serial=1569 path=/org/a11y/atspi/accessible/menus/n6d656e753a56696577; interface=org.a11y.atspi.Event.Object; member=ChildrenChanged
   string "add"
   int32 4
   int32 0
   variant       struct {
         string ":1.1"
         object path "/org/a11y/atspi/accessible/menus/n6d656e753a566965772f766965772e66756c6c73637265656e5f7374616765"
      }
   array [
   ]
signal time=1788730840.325649 sender=:1.1 -> destination=(null destination) serial=1570 path=/org/a11y/atspi/accessible/menus/n6d656e753a566965772f766965772e66756c6c73637265656e5f7374616765; interface=org.a11y.atspi.Event.Object; member=StateChanged
   string "focused"
   int32 0
   int32 0
   variant       boolean false
   array [
   ]
signal time=1788730840.325712 sender=:1.1 -> destination=(null destination) serial=1571 path=/org/a11y/atspi/accessible/menus/n6d656e753a566965772f766965772e66756c6c73637265656e5f7374616765; interface=org.a11y.atspi.Event.Object; member=StateChanged
   string "enabled"
   int32 1
   int32 0
   variant       boolean true
   array [
   ]
signal time=1788730840.325771 sender=:1.1 -> destination=(null destination) serial=1572 path=/org/a11y/atspi/accessible/menus/n6d656e753a566965772f766965772e66756c6c73637265656e5f7374616765; interface=org.a11y.atspi.Event.Object; member=StateChanged
   string "sensitive"
   int32 1
   int32 0
   variant       boolean true
   array [
   ]
signal time=1788730840.325829 sender=:1.1 -> destination=(null destination) serial=1573 path=/org/a11y/atspi/accessible/menus/n6d656e753a56696577; interface=org.a11y.atspi.Event.Object; member=ChildrenChanged
   string "add"
   int32 5
   int32 0
   variant       struct {
         string ":1.1"
         object path "/org/a11y/atspi/accessible/menus/n6d656e753a566965772f766965772e6c6179657273"
      }
   array [
   ]
signal time=1788730840.326371 sender=:1.1 -> destination=(null destination) serial=1574 path=/org/a11y/atspi/accessible/menus/n6d656e753a566965772f766965772e6c6179657273; interface=org.a11y.atspi.Event.Object; member=StateChanged
   string "focused"
   int32 0
   int32 0
   variant       boolean false
   array [
   ]
signal time=1788730840.326455 sender=:1.1 -> destination=(null destination) serial=1575 path=/org/a11y/atspi/accessible/menus/n6d656e753a566965772f766965772e6c6179657273; interface=org.a11y.atspi.Event.Object; member=StateChanged
   string "enabled"
   int32 0
   int32 0
   variant       boolean false
   array [
   ]
signal time=1788730840.326509 sender=:1.1 -> destination=(null destination) serial=1576 path=/org/a11y/atspi/accessible/menus/n6d656e753a566965772f766965772e6c6179657273; interface=org.a11y.atspi.Event.Object; member=StateChanged
   string "sensitive"
   int32 0
   int32 0
   variant       boolean false
   array [
   ]
signal time=1788730840.326567 sender=:1.1 -> destination=(null destination) serial=1577 path=/org/a11y/atspi/accessible/menus/n6d656e753a56696577; interface=org.a11y.atspi.Event.Object; member=ChildrenChanged
   string "add"
   int32 6
   int32 0
   variant       struct {
         string ":1.1"
         object path "/org/a11y/atspi/accessible/menus/n6d656e753a566965772f766965772e70616e656c73"
      }
   array [
   ]
signal time=1788730840.326647 sender=:1.1 -> destination=(null destination) serial=1578 path=/org/a11y/atspi/accessible/menus/n6d656e753a566965772f766965772e70616e656c73; interface=org.a11y.atspi.Event.Object; member=StateChanged
   string "focused"
   int32 0
   int32 0
   variant       boolean false
   array [
   ]
signal time=1788730840.326711 sender=:1.1 -> destination=(null destination) serial=1579 path=/org/a11y/atspi/accessible/menus/n6d656e753a566965772f766965772e70616e656c73; interface=org.a11y.atspi.Event.Object; member=StateChanged
   string "enabled"
   int32 1
   int32 0
   variant       boolean true
   array [
   ]
signal time=1788730840.326769 sender=:1.1 -> destination=(null destination) serial=1580 path=/org/a11y/atspi/accessible/menus/n6d656e753a566965772f766965772e70616e656c73; interface=org.a11y.atspi.Event.Object; member=StateChanged
   string "sensitive"
   int32 1
   int32 0
   variant       boolean true
   array [
   ]
signal time=1788730840.326828 sender=:1.1 -> destination=(null destination) serial=1581 path=/org/a11y/atspi/accessible/menus/n6d656e753a56696577; interface=org.a11y.atspi.Event.Object; member=ChildrenChanged
   string "add"
   int32 7
   int32 0
   variant       struct {
         string ":1.1"
         object path "/org/a11y/atspi/accessible/menus/n6d656e753a566965772f766965772e7265736574"
      }
   array [
   ]
signal time=1788730840.326910 sender=:1.1 -> destination=(null destination) serial=1582 path=/org/a11y/atspi/accessible/menus/n6d656e753a566965772f766965772e7265736574; interface=org.a11y.atspi.Event.Object; member=StateChanged
   string "focused"
   int32 0
   int32 0
   variant       boolean false
   array [
   ]
signal time=1788730840.326968 sender=:1.1 -> destination=(null destination) serial=1583 path=/org/a11y/atspi/accessible/menus/n6d656e753a566965772f766965772e7265736574; interface=org.a11y.atspi.Event.Object; member=StateChanged
   string "enabled"
   int32 1
   int32 0
   variant       boolean true
   array [
   ]
signal time=1788730840.327029 sender=:1.1 -> destination=(null destination) serial=1584 path=/org/a11y/atspi/accessible/menus/n6d656e753a566965772f766965772e7265736574; interface=org.a11y.atspi.Event.Object; member=StateChanged
   string "sensitive"
   int32 1
   int32 0
   variant       boolean true
   array [
   ]
signal time=1788730840.327086 sender=:1.1 -> destination=(null destination) serial=1585 path=/org/a11y/atspi/accessible/menus/n6d656e753a56696577; interface=org.a11y.atspi.Event.Object; member=ChildrenChanged
   string "add"
   int32 8
   int32 0
   variant       struct {
         string ":1.1"
         object path "/org/a11y/atspi/accessible/menus/n6d656e753a566965772f766965772e73706c69745f766572746963616c"
      }
   array [
   ]
signal time=1788730840.327175 sender=:1.1 -> destination=(null destination) serial=1586 path=/org/a11y/atspi/accessible/menus/n6d656e753a566965772f766965772e73706c69745f766572746963616c; interface=org.a11y.atspi.Event.Object; member=StateChanged
   string "focused"
   int32 0
   int32 0
   variant       boolean false
   array [
   ]
signal time=1788730840.327248 sender=:1.1 -> destination=(null destination) serial=1587 path=/org/a11y/atspi/accessible/menus/n6d656e753a566965772f766965772e73706c69745f766572746963616c; interface=org.a11y.atspi.Event.Object; member=StateChanged
   string "enabled"
   int32 1
   int32 0
   variant       boolean true
   array [
   ]
signal time=1788730840.327303 sender=:1.1 -> destination=(null destination) serial=1588 path=/org/a11y/atspi/accessible/menus/n6d656e753a566965772f766965772e73706c69745f766572746963616c; interface=org.a11y.atspi.Event.Object; member=StateChanged
   string "sensitive"
   int32 1
   int32 0
   variant       boolean true
   array [
   ]
signal time=1788730840.327356 sender=:1.1 -> destination=(null destination) serial=1589 path=/org/a11y/atspi/accessible/menus/n6d656e753a56696577; interface=org.a11y.atspi.Event.Object; member=ChildrenChanged
   string "add"
   int32 9
   int32 0
   variant       struct {
         string ":1.1"
         object path "/org/a11y/atspi/accessible/menus/n6d656e753a566965772f766965772e73706c69745f686f72697a6f6e74616c"
      }
   array [
   ]
signal time=1788730840.327870 sender=:1.1 -> destination=(null destination) serial=1590 path=/org/a11y/atspi/accessible/menus/n6d656e753a566965772f766965772e73706c69745f686f72697a6f6e74616c; interface=org.a11y.atspi.Event.Object; member=StateChanged
   string "focused"
   int32 0
   int32 0
   variant       boolean false
   array [
   ]
signal time=1788730840.327942 sender=:1.1 -> destination=(null destination) serial=1591 path=/org/a11y/atspi/accessible/menus/n6d656e753a566965772f766965772e73706c69745f686f72697a6f6e74616c; interface=org.a11y.atspi.Event.Object; member=StateChanged
   string "enabled"
   int32 1
   int32 0
   variant       boolean true
   array [
   ]
signal time=1788730840.328000 sender=:1.1 -> destination=(null destination) serial=1592 path=/org/a11y/atspi/accessible/menus/n6d656e753a566965772f766965772e73706c69745f686f72697a6f6e74616c; interface=org.a11y.atspi.Event.Object; member=StateChanged
   string "sensitive"
   int32 1
   int32 0
   variant       boolean true
   array [
   ]
signal time=1788730840.328058 sender=:1.1 -> destination=(null destination) serial=1593 path=/org/a11y/atspi/accessible/menus/n6d656e753a56696577; interface=org.a11y.atspi.Event.Object; member=ChildrenChanged
   string "add"
   int32 10
   int32 0
   variant       struct {
         string ":1.1"
         object path "/org/a11y/atspi/accessible/menus/n6d656e753a566965772f766965772e636c6f73655f70616e65"
      }
   array [
   ]
signal time=1788730840.328138 sender=:1.1 -> destination=(null destination) serial=1594 path=/org/a11y/atspi/accessible/menus/n6d656e753a566965772f766965772e636c6f73655f70616e65; interface=org.a11y.atspi.Event.Object; member=StateChanged
   string "focused"
   int32 0
   int32 0
   variant       boolean false
   array [
   ]
signal time=1788730840.328196 sender=:1.1 -> destination=(null destination) serial=1595 path=/org/a11y/atspi/accessible/menus/n6d656e753a566965772f766965772e636c6f73655f70616e65; interface=org.a11y.atspi.Event.Object; member=StateChanged
   string "enabled"
   int32 1
   int32 0
   variant       boolean true
   array [
   ]
signal time=1788730840.328256 sender=:1.1 -> destination=(null destination) serial=1596 path=/org/a11y/atspi/accessible/menus/n6d656e753a566965772f766965772e636c6f73655f70616e65; interface=org.a11y.atspi.Event.Object; member=StateChanged
   string "sensitive"
   int32 1
   int32 0
   variant       boolean true
   array [
   ]
signal time=1788730840.328311 sender=:1.1 -> destination=(null destination) serial=1597 path=/org/a11y/atspi/accessible/menus/n6d656e753a56696577; interface=org.a11y.atspi.Event.Object; member=ChildrenChanged
   string "add"
   int32 11
   int32 0
   variant       struct {
         string ":1.1"
         object path "/org/a11y/atspi/accessible/menus/n6d656e753a566965772f766965772e6d6178696d697a655f70616e65"
      }
   array [
   ]
signal time=1788730840.328404 sender=:1.1 -> destination=(null destination) serial=1598 path=/org/a11y/atspi/accessible/menus/n6d656e753a566965772f766965772e6d6178696d697a655f70616e65; interface=org.a11y.atspi.Event.Object; member=StateChanged
   string "focused"
   int32 0
   int32 0
   variant       boolean false
   array [
   ]
signal time=1788730840.328461 sender=:1.1 -> destination=(null destination) serial=1599 path=/org/a11y/atspi/accessible/menus/n6d656e753a566965772f766965772e6d6178696d697a655f70616e65; interface=org.a11y.atspi.Event.Object; member=StateChanged
   string "enabled"
   int32 1
   int32 0
   variant       boolean true
   array [
   ]
signal time=1788730840.328517 sender=:1.1 -> destination=(null destination) serial=1600 path=/org/a11y/atspi/accessible/menus/n6d656e753a566965772f766965772e6d6178696d697a655f70616e65; interface=org.a11y.atspi.Event.Object; member=StateChanged
   string "sensitive"
   int32 1
   int32 0
   variant       boolean true
   array [
   ]
signal time=1788730840.328577 sender=:1.1 -> destination=(null destination) serial=1601 path=/org/a11y/atspi/accessible/menus/n6d656e753a56696577; interface=org.a11y.atspi.Event.Object; member=ChildrenChanged
   string "add"
   int32 12
   int32 0
   variant       struct {
         string ":1.1"
         object path "/org/a11y/atspi/accessible/menus/n6d656e753a566965772f766965772e666f6375735f6e657874"
      }
   array [
   ]
signal time=1788730840.328659 sender=:1.1 -> destination=(null destination) serial=1602 path=/org/a11y/atspi/accessible/menus/n6d656e753a566965772f766965772e666f6375735f6e657874; interface=org.a11y.atspi.Event.Object; member=StateChanged
   string "focused"
   int32 0
   int32 0
   variant       boolean false
   array [
   ]
signal time=1788730840.328717 sender=:1.1 -> destination=(null destination) serial=1603 path=/org/a11y/atspi/accessible/menus/n6d656e753a566965772f766965772e666f6375735f6e657874; interface=org.a11y.atspi.Event.Object; member=StateChanged
   string "enabled"
   int32 1
   int32 0
   variant       boolean true
   array [
   ]
signal time=1788730840.328775 sender=:1.1 -> destination=(null destination) serial=1604 path=/org/a11y/atspi/accessible/menus/n6d656e753a566965772f766965772e666f6375735f6e657874; interface=org.a11y.atspi.Event.Object; member=StateChanged
   string "sensitive"
   int32 1
   int32 0
   variant       boolean true
   array [
   ]
signal time=1788730840.328837 sender=:1.1 -> destination=(null destination) serial=1605 path=/org/a11y/atspi/accessible/menus/n6d656e753a56696577; interface=org.a11y.atspi.Event.Object; member=ChildrenChanged
   string "add"
   int32 13
   int32 0
   variant       struct {
         string ":1.1"
         object path "/org/a11y/atspi/accessible/menus/n6d656e753a566965772f766965772e666f6375735f70726576"
      }
   array [
   ]
signal time=1788730840.329113 sender=:1.1 -> destination=(null destination) serial=1606 path=/org/a11y/atspi/accessible/menus/n6d656e753a566965772f766965772e666f6375735f70726576; interface=org.a11y.atspi.Event.Object; member=StateChanged
   string "focused"
   int32 0
   int32 0
   variant       boolean false
   array [
   ]
signal time=1788730840.329157 sender=:1.1 -> destination=(null destination) serial=1607 path=/org/a11y/atspi/accessible/menus/n6d656e753a566965772f766965772e666f6375735f70726576; interface=org.a11y.atspi.Event.Object; member=StateChanged
   string "enabled"
   int32 1
   int32 0
   variant       boolean true
   array [
   ]
signal time=1788730840.329192 sender=:1.1 -> destination=(null destination) serial=1608 path=/org/a11y/atspi/accessible/menus/n6d656e753a566965772f766965772e666f6375735f70726576; interface=org.a11y.atspi.Event.Object; member=StateChanged
   string "sensitive"
   int32 1
   int32 0
   variant       boolean true
   array [
   ]
signal time=1788730840.329229 sender=:1.1 -> destination=(null destination) serial=1609 path=/org/a11y/atspi/accessible/menus/n6d656e753a56696577; interface=org.a11y.atspi.Event.Object; member=ChildrenChanged
   string "add"
   int32 14
   int32 0
   variant       struct {
         string ":1.1"
         object path "/org/a11y/atspi/accessible/menus/n6d656e753a566965772f766965772e66696c6c5f626f617264"
      }
   array [
   ]
signal time=1788730840.329295 sender=:1.1 -> destination=(null destination) serial=1610 path=/org/a11y/atspi/accessible/menus/n6d656e753a566965772f766965772e66696c6c5f626f617264; interface=org.a11y.atspi.Event.Object; member=StateChanged
   string "focused"
   int32 0
   int32 0
   variant       boolean false
   array [
   ]
signal time=1788730840.329331 sender=:1.1 -> destination=(null destination) serial=1611 path=/org/a11y/atspi/accessible/menus/n6d656e753a566965772f766965772e66696c6c5f626f617264; interface=org.a11y.atspi.Event.Object; member=StateChanged
   string "enabled"
   int32 1
   int32 0
   variant       boolean true
   array [
   ]
signal time=1788730840.329368 sender=:1.1 -> destination=(null destination) serial=1612 path=/org/a11y/atspi/accessible/menus/n6d656e753a566965772f766965772e66696c6c5f626f617264; interface=org.a11y.atspi.Event.Object; member=StateChanged
   string "sensitive"
   int32 1
   int32 0
   variant       boolean true
   array [
   ]
signal time=1788730840.329403 sender=:1.1 -> destination=(null destination) serial=1613 path=/org/a11y/atspi/accessible/menus/n6d656e753a56696577; interface=org.a11y.atspi.Event.Object; member=ChildrenChanged
   string "add"
   int32 15
   int32 0
   variant       struct {
         string ":1.1"
         object path "/org/a11y/atspi/accessible/menus/n6d656e753a566965772f766965772e66696c6c5f736368656d61746963"
      }
   array [
   ]
signal time=1788730840.329455 sender=:1.1 -> destination=(null destination) serial=1614 path=/org/a11y/atspi/accessible/menus/n6d656e753a566965772f766965772e66696c6c5f736368656d61746963; interface=org.a11y.atspi.Event.Object; member=StateChanged
   string "focused"
   int32 0
   int32 0
   variant       boolean false
   array [
   ]
signal time=1788730840.329491 sender=:1.1 -> destination=(null destination) serial=1615 path=/org/a11y/atspi/accessible/menus/n6d656e753a566965772f766965772e66696c6c5f736368656d61746963; interface=org.a11y.atspi.Event.Object; member=StateChanged
   string "enabled"
   int32 1
   int32 0
   variant       boolean true
   array [
   ]
signal time=1788730840.329529 sender=:1.1 -> destination=(null destination) serial=1616 path=/org/a11y/atspi/accessible/menus/n6d656e753a566965772f766965772e66696c6c5f736368656d61746963; interface=org.a11y.atspi.Event.Object; member=StateChanged
   string "sensitive"
   int32 1
   int32 0
   variant       boolean true
   array [
   ]
signal time=1788730840.329568 sender=:1.1 -> destination=(null destination) serial=1617 path=/org/a11y/atspi/accessible/menus/n6d656e753a56696577; interface=org.a11y.atspi.Event.Object; member=ChildrenChanged
   string "add"
   int32 16
   int32 0
   variant       struct {
         string ":1.1"
         object path "/org/a11y/atspi/accessible/menus/n6d656e753a566965772f766965772e7072657365745f73696e676c65"
      }
   array [
   ]
signal time=1788730840.329693 sender=:1.1 -> destination=(null destination) serial=1618 path=/org/a11y/atspi/accessible/menus/n6d656e753a566965772f766965772e7072657365745f73696e676c65; interface=org.a11y.atspi.Event.Object; member=StateChanged
   string "focused"
   int32 0
   int32 0
   variant       boolean false
   array [
   ]
signal time=1788730840.329735 sender=:1.1 -> destination=(null destination) serial=1619 path=/org/a11y/atspi/accessible/menus/n6d656e753a566965772f766965772e7072657365745f73696e676c65; interface=org.a11y.atspi.Event.Object; member=StateChanged
   string "enabled"
   int32 1
   int32 0
   variant       boolean true
   array [
   ]
signal time=1788730840.329775 sender=:1.1 -> destination=(null destination) serial=1620 path=/org/a11y/atspi/accessible/menus/n6d656e753a566965772f766965772e7072657365745f73696e676c65; interface=org.a11y.atspi.Event.Object; member=StateChanged
   string "sensitive"
   int32 1
   int32 0
   variant       boolean true
   array [
   ]
signal time=1788730840.330074 sender=:1.1 -> destination=(null destination) serial=1621 path=/org/a11y/atspi/accessible/menus/n6d656e753a56696577; interface=org.a11y.atspi.Event.Object; member=ChildrenChanged
   string "add"
   int32 17
   int32 0
   variant       struct {
         string ":1.1"
         object path "/org/a11y/atspi/accessible/menus/n6d656e753a566965772f766965772e7072657365745f626f6172645f736368656d61746963"
      }
   array [
   ]
signal time=1788730840.330167 sender=:1.1 -> destination=(null destination) serial=1622 path=/org/a11y/atspi/accessible/menus/n6d656e753a566965772f766965772e7072657365745f626f6172645f736368656d61746963; interface=org.a11y.atspi.Event.Object; member=StateChanged
   string "focused"
   int32 0
   int32 0
   variant       boolean false
   array [
   ]
signal time=1788730840.330213 sender=:1.1 -> destination=(null destination) serial=1623 path=/org/a11y/atspi/accessible/menus/n6d656e753a566965772f766965772e7072657365745f626f6172645f736368656d61746963; interface=org.a11y.atspi.Event.Object; member=StateChanged
   string "enabled"
   int32 1
   int32 0
   variant       boolean true
   array [
   ]
signal time=1788730840.330260 sender=:1.1 -> destination=(null destination) serial=1624 path=/org/a11y/atspi/accessible/menus/n6d656e753a566965772f766965772e7072657365745f626f6172645f736368656d61746963; interface=org.a11y.atspi.Event.Object; member=StateChanged
   string "sensitive"
   int32 1
   int32 0
   variant       boolean true
   array [
   ]
signal time=1788730840.330307 sender=:1.1 -> destination=(null destination) serial=1625 path=/org/a11y/atspi/accessible/menus/n6d656e753a56696577; interface=org.a11y.atspi.Event.Object; member=ChildrenChanged
   string "add"
   int32 18
   int32 0
   variant       struct {
         string ":1.1"
         object path "/org/a11y/atspi/accessible/menus/n6d656e753a566965772f766965772e637572736f722e66756c6c"
      }
   array [
   ]
signal time=1788730840.330372 sender=:1.1 -> destination=(null destination) serial=1626 path=/org/a11y/atspi/accessible/menus/n6d656e753a566965772f766965772e637572736f722e66756c6c; interface=org.a11y.atspi.Event.Object; member=StateChanged
   string "focused"
   int32 0
   int32 0
   variant       boolean false
   array [
   ]
signal time=1788730840.330418 sender=:1.1 -> destination=(null destination) serial=1627 path=/org/a11y/atspi/accessible/menus/n6d656e753a566965772f766965772e637572736f722e66756c6c; interface=org.a11y.atspi.Event.Object; member=StateChanged
   string "enabled"
   int32 1
   int32 0
   variant       boolean true
   array [
   ]
signal time=1788730840.330464 sender=:1.1 -> destination=(null destination) serial=1628 path=/org/a11y/atspi/accessible/menus/n6d656e753a566965772f766965772e637572736f722e66756c6c; interface=org.a11y.atspi.Event.Object; member=StateChanged
   string "sensitive"
   int32 1
   int32 0
   variant       boolean true
   array [
   ]
signal time=1788730840.330509 sender=:1.1 -> destination=(null destination) serial=1629 path=/org/a11y/atspi/accessible/menus/n6d656e753a56696577; interface=org.a11y.atspi.Event.Object; member=ChildrenChanged
   string "add"
   int32 19
   int32 0
   variant       struct {
         string ":1.1"
         object path "/org/a11y/atspi/accessible/menus/n6d656e753a566965772f766965772e637572736f722e736d616c6c"
      }
   array [
   ]
signal time=1788730840.330573 sender=:1.1 -> destination=(null destination) serial=1630 path=/org/a11y/atspi/accessible/menus/n6d656e753a566965772f766965772e637572736f722e736d616c6c; interface=org.a11y.atspi.Event.Object; member=StateChanged
   string "focused"
   int32 0
   int32 0
   variant       boolean false
   array [
   ]
signal time=1788730840.330626 sender=:1.1 -> destination=(null destination) serial=1631 path=/org/a11y/atspi/accessible/menus/n6d656e753a566965772f766965772e637572736f722e736d616c6c; interface=org.a11y.atspi.Event.Object; member=StateChanged
   string "enabled"
   int32 1
   int32 0
   variant       boolean true
   array [
   ]
signal time=1788730840.330682 sender=:1.1 -> destination=(null destination) serial=1632 path=/org/a11y/atspi/accessible/menus/n6d656e753a566965772f766965772e637572736f722e736d616c6c; interface=org.a11y.atspi.Event.Object; member=StateChanged
   string "sensitive"
   int32 1
   int32 0
   variant       boolean true
   array [
   ]
signal time=1788730840.330754 sender=:1.1 -> destination=(null destination) serial=1633 path=/org/a11y/atspi/accessible/menus/n6d656e753a56696577; interface=org.a11y.atspi.Event.Object; member=ChildrenChanged
   string "add"
   int32 20
   int32 0
   variant       struct {
         string ":1.1"
         object path "/org/a11y/atspi/accessible/menus/n6d656e753a566965772f766965772e637572736f722e6e6f6e65"
      }
   array [
   ]
signal time=1788730840.330831 sender=:1.1 -> destination=(null destination) serial=1634 path=/org/a11y/atspi/accessible/menus/n6d656e753a566965772f766965772e637572736f722e6e6f6e65; interface=org.a11y.atspi.Event.Object; member=StateChanged
   string "focused"
   int32 0
   int32 0
   variant       boolean false
   array [
   ]
signal time=1788730840.330894 sender=:1.1 -> destination=(null destination) serial=1635 path=/org/a11y/atspi/accessible/menus/n6d656e753a566965772f766965772e637572736f722e6e6f6e65; interface=org.a11y.atspi.Event.Object; member=StateChanged
   string "enabled"
   int32 1
   int32 0
   variant       boolean true
   array [
   ]
signal time=1788730840.330983 sender=:1.1 -> destination=(null destination) serial=1636 path=/org/a11y/atspi/accessible/menus/n6d656e753a566965772f766965772e637572736f722e6e6f6e65; interface=org.a11y.atspi.Event.Object; member=StateChanged
   string "sensitive"
   int32 1
   int32 0
   variant       boolean true
   array [
   ]
signal time=1788730840.331127 sender=:1.1 -> destination=(null destination) serial=1637 path=/org/a11y/atspi/accessible/menus/n6d656e753a56696577; interface=org.a11y.atspi.Event.Object; member=ChildrenChanged
   string "add"
   int32 21
   int32 0
   variant       struct {
         string ":1.1"
         object path "/org/a11y/atspi/accessible/menus/n6d656e753a566965772f766965772e636f6e736f6c655f686973746f7279"
      }
   array [
   ]
signal time=1788730840.331197 sender=:1.1 -> destination=(null destination) serial=1638 path=/org/a11y/atspi/accessible/menus/n6d656e753a566965772f766965772e636f6e736f6c655f686973746f7279; interface=org.a11y.atspi.Event.Object; member=StateChanged
   string "focused"
   int32 0
   int32 0
   variant       boolean false
   array [
   ]
signal time=1788730840.331242 sender=:1.1 -> destination=(null destination) serial=1639 path=/org/a11y/atspi/accessible/menus/n6d656e753a566965772f766965772e636f6e736f6c655f686973746f7279; interface=org.a11y.atspi.Event.Object; member=StateChanged
   string "enabled"
   int32 1
   int32 0
   variant       boolean true
   array [
   ]
signal time=1788730840.331284 sender=:1.1 -> destination=(null destination) serial=1640 path=/org/a11y/atspi/accessible/menus/n6d656e753a566965772f766965772e636f6e736f6c655f686973746f7279; interface=org.a11y.atspi.Event.Object; member=StateChanged
   string "sensitive"
   int32 1
   int32 0
   variant       boolean true
   array [
   ]
signal time=1788730840.733732 sender=:1.1 -> destination=(null destination) serial=1641 path=/org/a11y/atspi/accessible/menus/n6d656e753a566965772f766965772e666974; interface=org.a11y.atspi.Event.Object; member=StateChanged
   string "focused"
   int32 0
   int32 0
   variant       boolean false
   array [
   ]
signal time=1788730840.733831 sender=:1.1 -> destination=(null destination) serial=1642 path=/org/a11y/atspi/accessible/menus/n6d656e753a566965772f766965772e7a6f6f6d5f696e; interface=org.a11y.atspi.Event.Object; member=StateChanged
   string "focused"
   int32 1
   int32 0
   variant       boolean true
   array [
   ]
signal time=1788730841.055922 sender=:1.1 -> destination=(null destination) serial=1643 path=/org/a11y/atspi/accessible/menus/n6d656e753a566965772f766965772e7a6f6f6d5f696e; interface=org.a11y.atspi.Event.Object; member=StateChanged
   string "focused"
   int32 0
   int32 0
   variant       boolean false
   array [
   ]
signal time=1788730841.056041 sender=:1.1 -> destination=(null destination) serial=1644 path=/org/a11y/atspi/accessible/menus/n6d656e753a566965772f766965772e7a6f6f6d5f6f7574; interface=org.a11y.atspi.Event.Object; member=StateChanged
   string "focused"
   int32 1
   int32 0
   variant       boolean true
   array [
   ]
signal time=1788730841.379964 sender=:1.1 -> destination=(null destination) serial=1645 path=/org/a11y/atspi/accessible/menus/n6d656e753a566965772f766965772e7a6f6f6d5f6f7574; interface=org.a11y.atspi.Event.Object; member=StateChanged
   string "focused"
   int32 0
   int32 0
   variant       boolean false
   array [
   ]
signal time=1788730841.380080 sender=:1.1 -> destination=(null destination) serial=1646 path=/org/a11y/atspi/accessible/menus/n6d656e753a566965772f766965772e70616e655f7a6f6f6d; interface=org.a11y.atspi.Event.Object; member=StateChanged
   string "focused"
   int32 1
   int32 0
   variant       boolean true
   array [
   ]
signal time=1788730841.705428 sender=:1.1 -> destination=(null destination) serial=1647 path=/org/a11y/atspi/accessible/menus/n6d656e753a566965772f766965772e70616e655f7a6f6f6d; interface=org.a11y.atspi.Event.Object; member=StateChanged
   string "focused"
   int32 0
   int32 0
   variant       boolean false
   array [
   ]
signal time=1788730841.705520 sender=:1.1 -> destination=(null destination) serial=1648 path=/org/a11y/atspi/accessible/menus/n6d656e753a566965772f766965772e66756c6c73637265656e5f7374616765; interface=org.a11y.atspi.Event.Object; member=StateChanged
   string "focused"
   int32 1
   int32 0
   variant       boolean true
   array [
   ]
signal time=1788730842.028552 sender=:1.1 -> destination=(null destination) serial=1649 path=/org/a11y/atspi/accessible/menus/n6d656e753a566965772f766965772e66756c6c73637265656e5f7374616765; interface=org.a11y.atspi.Event.Object; member=StateChanged
   string "focused"
   int32 0
   int32 0
   variant       boolean false
   array [
   ]
signal time=1788730842.028636 sender=:1.1 -> destination=(null destination) serial=1650 path=/org/a11y/atspi/accessible/menus/n6d656e753a566965772f766965772e6c6179657273; interface=org.a11y.atspi.Event.Object; member=StateChanged
   string "focused"
   int32 1
   int32 0
   variant       boolean true
   array [
   ]
signal time=1788730842.351635 sender=:1.1 -> destination=(null destination) serial=1651 path=/org/a11y/atspi/accessible/menus/n6d656e753a566965772f766965772e6c6179657273; interface=org.a11y.atspi.Event.Object; member=StateChanged
   string "focused"
   int32 0
   int32 0
   variant       boolean false
   array [
   ]
signal time=1788730842.351737 sender=:1.1 -> destination=(null destination) serial=1652 path=/org/a11y/atspi/accessible/menus/n6d656e753a566965772f766965772e70616e656c73; interface=org.a11y.atspi.Event.Object; member=StateChanged
   string "focused"
   int32 1
   int32 0
   variant       boolean true
   array [
   ]
signal time=1788730842.676291 sender=:1.1 -> destination=(null destination) serial=1653 path=/org/a11y/atspi/accessible/menus/n6d656e753a566965772f766965772e70616e656c73; interface=org.a11y.atspi.Event.Object; member=StateChanged
   string "focused"
   int32 0
   int32 0
   variant       boolean false
   array [
   ]
signal time=1788730842.676383 sender=:1.1 -> destination=(null destination) serial=1654 path=/org/a11y/atspi/accessible/menus/n6d656e753a566965772f766965772e7265736574; interface=org.a11y.atspi.Event.Object; member=StateChanged
   string "focused"
   int32 1
   int32 0
   variant       boolean true
   array [
   ]
signal time=1788730843.000304 sender=:1.1 -> destination=(null destination) serial=1655 path=/org/a11y/atspi/accessible/menus/n6d656e753a566965772f766965772e7265736574; interface=org.a11y.atspi.Event.Object; member=StateChanged
   string "focused"
   int32 0
   int32 0
   variant       boolean false
   array [
   ]
signal time=1788730843.000399 sender=:1.1 -> destination=(null destination) serial=1656 path=/org/a11y/atspi/accessible/menus/n6d656e753a566965772f766965772e73706c69745f766572746963616c; interface=org.a11y.atspi.Event.Object; member=StateChanged
   string "focused"
   int32 1
   int32 0
   variant       boolean true
   array [
   ]
signal time=1788730843.322022 sender=:1.1 -> destination=(null destination) serial=1657 path=/org/a11y/atspi/accessible/menus/n6d656e753a566965772f766965772e73706c69745f766572746963616c; interface=org.a11y.atspi.Event.Object; member=StateChanged
   string "focused"
   int32 0
   int32 0
   variant       boolean false
   array [
   ]
signal time=1788730843.322116 sender=:1.1 -> destination=(null destination) serial=1658 path=/org/a11y/atspi/accessible/menus/n6d656e753a566965772f766965772e73706c69745f686f72697a6f6e74616c; interface=org.a11y.atspi.Event.Object; member=StateChanged
   string "focused"
   int32 1
   int32 0
   variant       boolean true
   array [
   ]
signal time=1788730843.646084 sender=:1.1 -> destination=(null destination) serial=1659 path=/org/a11y/atspi/accessible/menus/n6d656e753a566965772f766965772e73706c69745f686f72697a6f6e74616c; interface=org.a11y.atspi.Event.Object; member=StateChanged
   string "focused"
   int32 0
   int32 0
   variant       boolean false
   array [
   ]
signal time=1788730843.646199 sender=:1.1 -> destination=(null destination) serial=1660 path=/org/a11y/atspi/accessible/menus/n6d656e753a566965772f766965772e636c6f73655f70616e65; interface=org.a11y.atspi.Event.Object; member=StateChanged
   string "focused"
   int32 1
   int32 0
   variant       boolean true
   array [
   ]
signal time=1788730843.970837 sender=:1.1 -> destination=(null destination) serial=1661 path=/org/a11y/atspi/accessible/menus/n6d656e753a566965772f766965772e636c6f73655f70616e65; interface=org.a11y.atspi.Event.Object; member=StateChanged
   string "focused"
   int32 0
   int32 0
   variant       boolean false
   array [
   ]
signal time=1788730843.970926 sender=:1.1 -> destination=(null destination) serial=1662 path=/org/a11y/atspi/accessible/menus/n6d656e753a566965772f766965772e6d6178696d697a655f70616e65; interface=org.a11y.atspi.Event.Object; member=StateChanged
   string "focused"
   int32 1
   int32 0
   variant       boolean true
   array [
   ]
signal time=1788730844.299402 sender=:1.1 -> destination=(null destination) serial=1663 path=/org/a11y/atspi/accessible/menus/n6d656e753a566965772f766965772e6d6178696d697a655f70616e65; interface=org.a11y.atspi.Event.Object; member=StateChanged
   string "focused"
   int32 0
   int32 0
   variant       boolean false
   array [
   ]
signal time=1788730844.299505 sender=:1.1 -> destination=(null destination) serial=1664 path=/org/a11y/atspi/accessible/menus/n6d656e753a566965772f766965772e666f6375735f6e657874; interface=org.a11y.atspi.Event.Object; member=StateChanged
   string "focused"
   int32 1
   int32 0
   variant       boolean true
   array [
   ]
signal time=1788730844.620652 sender=:1.1 -> destination=(null destination) serial=1665 path=/org/a11y/atspi/accessible/menus/n6d656e753a566965772f766965772e666f6375735f6e657874; interface=org.a11y.atspi.Event.Object; member=StateChanged
   string "focused"
   int32 0
   int32 0
   variant       boolean false
   array [
   ]
signal time=1788730844.620745 sender=:1.1 -> destination=(null destination) serial=1666 path=/org/a11y/atspi/accessible/menus/n6d656e753a566965772f766965772e666f6375735f70726576; interface=org.a11y.atspi.Event.Object; member=StateChanged
   string "focused"
   int32 1
   int32 0
   variant       boolean true
   array [
   ]
signal time=1788730844.945763 sender=:1.1 -> destination=(null destination) serial=1667 path=/org/a11y/atspi/accessible/menus/n6d656e753a566965772f766965772e666f6375735f70726576; interface=org.a11y.atspi.Event.Object; member=StateChanged
   string "focused"
   int32 0
   int32 0
   variant       boolean false
   array [
   ]
signal time=1788730844.945877 sender=:1.1 -> destination=(null destination) serial=1668 path=/org/a11y/atspi/accessible/menus/n6d656e753a566965772f766965772e66696c6c5f626f617264; interface=org.a11y.atspi.Event.Object; member=StateChanged
   string "focused"
   int32 1
   int32 0
   variant       boolean true
   array [
   ]
signal time=1788730845.270531 sender=:1.1 -> destination=(null destination) serial=1669 path=/org/a11y/atspi/accessible/menus/n6d656e753a566965772f766965772e66696c6c5f626f617264; interface=org.a11y.atspi.Event.Object; member=StateChanged
   string "focused"
   int32 0
   int32 0
   variant       boolean false
   array [
   ]
signal time=1788730845.270675 sender=:1.1 -> destination=(null destination) serial=1670 path=/org/a11y/atspi/accessible/menus/n6d656e753a566965772f766965772e66696c6c5f736368656d61746963; interface=org.a11y.atspi.Event.Object; member=StateChanged
   string "focused"
   int32 1
   int32 0
   variant       boolean true
   array [
   ]
signal time=1788730845.594173 sender=:1.1 -> destination=(null destination) serial=1671 path=/org/a11y/atspi/accessible/menus/n6d656e753a566965772f766965772e66696c6c5f736368656d61746963; interface=org.a11y.atspi.Event.Object; member=StateChanged
   string "focused"
   int32 0
   int32 0
   variant       boolean false
   array [
   ]
signal time=1788730845.594320 sender=:1.1 -> destination=(null destination) serial=1672 path=/org/a11y/atspi/accessible/menus/n6d656e753a566965772f766965772e7072657365745f73696e676c65; interface=org.a11y.atspi.Event.Object; member=StateChanged
   string "focused"
   int32 1
   int32 0
   variant       boolean true
   array [
   ]
signal time=1788730845.918712 sender=:1.1 -> destination=(null destination) serial=1673 path=/org/a11y/atspi/accessible/menus/n6d656e753a566965772f766965772e7072657365745f73696e676c65; interface=org.a11y.atspi.Event.Object; member=StateChanged
   string "focused"
   int32 0
   int32 0
   variant       boolean false
   array [
   ]
signal time=1788730845.918842 sender=:1.1 -> destination=(null destination) serial=1674 path=/org/a11y/atspi/accessible/menus/n6d656e753a566965772f766965772e7072657365745f626f6172645f736368656d61746963; interface=org.a11y.atspi.Event.Object; member=StateChanged
   string "focused"
   int32 1
   int32 0
   variant       boolean true
   array [
   ]
signal time=1788730846.244495 sender=:1.1 -> destination=(null destination) serial=1675 path=/org/a11y/atspi/accessible/menus/n6d656e753a566965772f766965772e7072657365745f626f6172645f736368656d61746963; interface=org.a11y.atspi.Event.Object; member=StateChanged
   string "focused"
   int32 0
   int32 0
   variant       boolean false
   array [
   ]
signal time=1788730846.244615 sender=:1.1 -> destination=(null destination) serial=1676 path=/org/a11y/atspi/accessible/menus/n6d656e753a566965772f766965772e637572736f722e66756c6c; interface=org.a11y.atspi.Event.Object; member=StateChanged
   string "focused"
   int32 1
   int32 0
   variant       boolean true
   array [
   ]
signal time=1788730846.568265 sender=:1.1 -> destination=(null destination) serial=1677 path=/org/a11y/atspi/accessible/menus/n6d656e753a566965772f766965772e637572736f722e66756c6c; interface=org.a11y.atspi.Event.Object; member=StateChanged
   string "focused"
   int32 0
   int32 0
   variant       boolean false
   array [
   ]
signal time=1788730846.568324 sender=:1.1 -> destination=(null destination) serial=1678 path=/org/a11y/atspi/accessible/menus/n6d656e753a566965772f766965772e637572736f722e736d616c6c; interface=org.a11y.atspi.Event.Object; member=StateChanged
   string "focused"
   int32 1
   int32 0
   variant       boolean true
   array [
   ]
signal time=1788730846.898449 sender=:1.1 -> destination=(null destination) serial=1679 path=/org/a11y/atspi/accessible/menus/n6d656e753a566965772f766965772e637572736f722e736d616c6c; interface=org.a11y.atspi.Event.Object; member=StateChanged
   string "focused"
   int32 0
   int32 0
   variant       boolean false
   array [
   ]
signal time=1788730846.898564 sender=:1.1 -> destination=(null destination) serial=1680 path=/org/a11y/atspi/accessible/menus/n6d656e753a566965772f766965772e637572736f722e6e6f6e65; interface=org.a11y.atspi.Event.Object; member=StateChanged
   string "focused"
   int32 1
   int32 0
   variant       boolean true
   array [
   ]
signal time=1788730847.219938 sender=:1.1 -> destination=(null destination) serial=1681 path=/org/a11y/atspi/accessible/menus/n6d656e753a566965772f766965772e637572736f722e6e6f6e65; interface=org.a11y.atspi.Event.Object; member=StateChanged
   string "focused"
   int32 0
   int32 0
   variant       boolean false
   array [
   ]
signal time=1788730847.220059 sender=:1.1 -> destination=(null destination) serial=1682 path=/org/a11y/atspi/accessible/menus/n6d656e753a566965772f766965772e636f6e736f6c655f686973746f7279; interface=org.a11y.atspi.Event.Object; member=StateChanged
   string "focused"
   int32 1
   int32 0
   variant       boolean true
   array [
   ]
signal time=1788730847.548083 sender=:1.1 -> destination=(null destination) serial=1683 path=/org/a11y/atspi/accessible/menus/n6d656e753a56696577; interface=org.a11y.atspi.Event.Object; member=ChildrenChanged
   string "remove"
   int32 21
   int32 0
   variant       struct {
         string ":1.1"
         object path "/org/a11y/atspi/accessible/menus/n6d656e753a566965772f766965772e636f6e736f6c655f686973746f7279"
      }
   array [
   ]
signal time=1788730847.548215 sender=:1.1 -> destination=(null destination) serial=1684 path=/org/a11y/atspi/accessible/menus/n6d656e753a56696577; interface=org.a11y.atspi.Event.Object; member=ChildrenChanged
   string "remove"
   int32 20
   int32 0
   variant       struct {
         string ":1.1"
         object path "/org/a11y/atspi/accessible/menus/n6d656e753a566965772f766965772e637572736f722e6e6f6e65"
      }
   array [
   ]
signal time=1788730847.548277 sender=:1.1 -> destination=(null destination) serial=1685 path=/org/a11y/atspi/accessible/menus/n6d656e753a56696577; interface=org.a11y.atspi.Event.Object; member=ChildrenChanged
   string "remove"
   int32 19
   int32 0
   variant       struct {
         string ":1.1"
         object path "/org/a11y/atspi/accessible/menus/n6d656e753a566965772f766965772e637572736f722e736d616c6c"
      }
   array [
   ]
signal time=1788730847.548335 sender=:1.1 -> destination=(null destination) serial=1686 path=/org/a11y/atspi/accessible/menus/n6d656e753a56696577; interface=org.a11y.atspi.Event.Object; member=ChildrenChanged
   string "remove"
   int32 18
   int32 0
   variant       struct {
         string ":1.1"
         object path "/org/a11y/atspi/accessible/menus/n6d656e753a566965772f766965772e637572736f722e66756c6c"
      }
   array [
   ]
signal time=1788730847.548392 sender=:1.1 -> destination=(null destination) serial=1687 path=/org/a11y/atspi/accessible/menus/n6d656e753a56696577; interface=org.a11y.atspi.Event.Object; member=ChildrenChanged
   string "remove"
   int32 17
   int32 0
   variant       struct {
         string ":1.1"
         object path "/org/a11y/atspi/accessible/menus/n6d656e753a566965772f766965772e7072657365745f626f6172645f736368656d61746963"
      }
   array [
   ]
signal time=1788730847.548448 sender=:1.1 -> destination=(null destination) serial=1688 path=/org/a11y/atspi/accessible/menus/n6d656e753a56696577; interface=org.a11y.atspi.Event.Object; member=ChildrenChanged
   string "remove"
   int32 16
   int32 0
   variant       struct {
         string ":1.1"
         object path "/org/a11y/atspi/accessible/menus/n6d656e753a566965772f766965772e7072657365745f73696e676c65"
      }
   array [
   ]
signal time=1788730847.548506 sender=:1.1 -> destination=(null destination) serial=1689 path=/org/a11y/atspi/accessible/menus/n6d656e753a56696577; interface=org.a11y.atspi.Event.Object; member=ChildrenChanged
   string "remove"
   int32 15
   int32 0
   variant       struct {
         string ":1.1"
         object path "/org/a11y/atspi/accessible/menus/n6d656e753a566965772f766965772e66696c6c5f736368656d61746963"
      }
   array [
   ]
signal time=1788730847.548567 sender=:1.1 -> destination=(null destination) serial=1690 path=/org/a11y/atspi/accessible/menus/n6d656e753a56696577; interface=org.a11y.atspi.Event.Object; member=ChildrenChanged
   string "remove"
   int32 14
   int32 0
   variant       struct {
         string ":1.1"
         object path "/org/a11y/atspi/accessible/menus/n6d656e753a566965772f766965772e66696c6c5f626f617264"
      }
   array [
   ]
signal time=1788730847.548626 sender=:1.1 -> destination=(null destination) serial=1691 path=/org/a11y/atspi/accessible/menus/n6d656e753a56696577; interface=org.a11y.atspi.Event.Object; member=ChildrenChanged
   string "remove"
   int32 13
   int32 0
   variant       struct {
         string ":1.1"
         object path "/org/a11y/atspi/accessible/menus/n6d656e753a566965772f766965772e666f6375735f70726576"
      }
   array [
   ]
signal time=1788730847.548712 sender=:1.1 -> destination=(null destination) serial=1692 path=/org/a11y/atspi/accessible/menus/n6d656e753a56696577; interface=org.a11y.atspi.Event.Object; member=ChildrenChanged
   string "remove"
   int32 12
   int32 0
   variant       struct {
         string ":1.1"
         object path "/org/a11y/atspi/accessible/menus/n6d656e753a566965772f766965772e666f6375735f6e657874"
      }
   array [
   ]
signal time=1788730847.548773 sender=:1.1 -> destination=(null destination) serial=1693 path=/org/a11y/atspi/accessible/menus/n6d656e753a56696577; interface=org.a11y.atspi.Event.Object; member=ChildrenChanged
   string "remove"
   int32 11
   int32 0
   variant       struct {
         string ":1.1"
         object path "/org/a11y/atspi/accessible/menus/n6d656e753a566965772f766965772e6d6178696d697a655f70616e65"
      }
   array [
   ]
signal time=1788730847.548836 sender=:1.1 -> destination=(null destination) serial=1694 path=/org/a11y/atspi/accessible/menus/n6d656e753a56696577; interface=org.a11y.atspi.Event.Object; member=ChildrenChanged
   string "remove"
   int32 10
   int32 0
   variant       struct {
         string ":1.1"
         object path "/org/a11y/atspi/accessible/menus/n6d656e753a566965772f766965772e636c6f73655f70616e65"
      }
   array [
   ]
signal time=1788730847.549090 sender=:1.1 -> destination=(null destination) serial=1695 path=/org/a11y/atspi/accessible/menus/n6d656e753a56696577; interface=org.a11y.atspi.Event.Object; member=ChildrenChanged
   string "remove"
   int32 9
   int32 0
   variant       struct {
         string ":1.1"
         object path "/org/a11y/atspi/accessible/menus/n6d656e753a566965772f766965772e73706c69745f686f72697a6f6e74616c"
      }
   array [
   ]
signal time=1788730847.549154 sender=:1.1 -> destination=(null destination) serial=1696 path=/org/a11y/atspi/accessible/menus/n6d656e753a56696577; interface=org.a11y.atspi.Event.Object; member=ChildrenChanged
   string "remove"
   int32 8
   int32 0
   variant       struct {
         string ":1.1"
         object path "/org/a11y/atspi/accessible/menus/n6d656e753a566965772f766965772e73706c69745f766572746963616c"
      }
   array [
   ]
signal time=1788730847.549214 sender=:1.1 -> destination=(null destination) serial=1697 path=/org/a11y/atspi/accessible/menus/n6d656e753a56696577; interface=org.a11y.atspi.Event.Object; member=ChildrenChanged
   string "remove"
   int32 7
   int32 0
   variant       struct {
         string ":1.1"
         object path "/org/a11y/atspi/accessible/menus/n6d656e753a566965772f766965772e7265736574"
      }
   array [
   ]
signal time=1788730847.549270 sender=:1.1 -> destination=(null destination) serial=1698 path=/org/a11y/atspi/accessible/menus/n6d656e753a56696577; interface=org.a11y.atspi.Event.Object; member=ChildrenChanged
   string "remove"
   int32 6
   int32 0
   variant       struct {
         string ":1.1"
         object path "/org/a11y/atspi/accessible/menus/n6d656e753a566965772f766965772e70616e656c73"
      }
   array [
   ]
signal time=1788730847.549327 sender=:1.1 -> destination=(null destination) serial=1699 path=/org/a11y/atspi/accessible/menus/n6d656e753a56696577; interface=org.a11y.atspi.Event.Object; member=ChildrenChanged
   string "remove"
   int32 5
   int32 0
   variant       struct {
         string ":1.1"
         object path "/org/a11y/atspi/accessible/menus/n6d656e753a566965772f766965772e6c6179657273"
      }
   array [
   ]
signal time=1788730847.549386 sender=:1.1 -> destination=(null destination) serial=1700 path=/org/a11y/atspi/accessible/menus/n6d656e753a56696577; interface=org.a11y.atspi.Event.Object; member=ChildrenChanged
   string "remove"
   int32 4
   int32 0
   variant       struct {
         string ":1.1"
         object path "/org/a11y/atspi/accessible/menus/n6d656e753a566965772f766965772e66756c6c73637265656e5f7374616765"
      }
   array [
   ]
signal time=1788730847.549456 sender=:1.1 -> destination=(null destination) serial=1701 path=/org/a11y/atspi/accessible/menus/n6d656e753a56696577; interface=org.a11y.atspi.Event.Object; member=ChildrenChanged
   string "remove"
   int32 3
   int32 0
   variant       struct {
         string ":1.1"
         object path "/org/a11y/atspi/accessible/menus/n6d656e753a566965772f766965772e70616e655f7a6f6f6d"
      }
   array [
   ]
signal time=1788730847.549516 sender=:1.1 -> destination=(null destination) serial=1702 path=/org/a11y/atspi/accessible/menus/n6d656e753a56696577; interface=org.a11y.atspi.Event.Object; member=ChildrenChanged
   string "remove"
   int32 2
   int32 0
   variant       struct {
         string ":1.1"
         object path "/org/a11y/atspi/accessible/menus/n6d656e753a566965772f766965772e7a6f6f6d5f6f7574"
      }
   array [
   ]
signal time=1788730847.549573 sender=:1.1 -> destination=(null destination) serial=1703 path=/org/a11y/atspi/accessible/menus/n6d656e753a56696577; interface=org.a11y.atspi.Event.Object; member=ChildrenChanged
   string "remove"
   int32 1
   int32 0
   variant       struct {
         string ":1.1"
         object path "/org/a11y/atspi/accessible/menus/n6d656e753a566965772f766965772e7a6f6f6d5f696e"
      }
   array [
   ]
signal time=1788730847.549705 sender=:1.1 -> destination=(null destination) serial=1704 path=/org/a11y/atspi/accessible/menus/n6d656e753a56696577; interface=org.a11y.atspi.Event.Object; member=ChildrenChanged
   string "remove"
   int32 0
   int32 0
   variant       struct {
         string ":1.1"
         object path "/org/a11y/atspi/accessible/menus/n6d656e753a566965772f766965772e666974"
      }
   array [
   ]
signal time=1788730847.549764 sender=:1.1 -> destination=(null destination) serial=1705 path=/org/a11y/atspi/accessible/root; interface=org.a11y.atspi.Event.Object; member=ChildrenChanged
   string "remove"
   int32 1
   int32 0
   variant       struct {
         string ":1.1"
         object path "/org/a11y/atspi/accessible/menus/n6d656e753a56696577"
      }
   array [
   ]
signal time=1788730847.870800 sender=:1.1 -> destination=(null destination) serial=1706 path=/org/a11y/atspi/accessible/root; interface=org.a11y.atspi.Event.Object; member=ChildrenChanged
   string "add"
   int32 1
   int32 0
   variant       struct {
         string ":1.1"
         object path "/org/a11y/atspi/accessible/menus/n6d656e753a56696577"
      }
   array [
   ]
signal time=1788730847.870907 sender=:1.1 -> destination=(null destination) serial=1707 path=/org/a11y/atspi/accessible/menus/n6d656e753a56696577; interface=org.a11y.atspi.Event.Object; member=StateChanged
   string "focused"
   int32 0
   int32 0
   variant       boolean false
   array [
   ]
signal time=1788730847.870954 sender=:1.1 -> destination=(null destination) serial=1708 path=/org/a11y/atspi/accessible/menus/n6d656e753a56696577; interface=org.a11y.atspi.Event.Object; member=StateChanged
   string "enabled"
   int32 1
   int32 0
   variant       boolean true
   array [
   ]
signal time=1788730847.870995 sender=:1.1 -> destination=(null destination) serial=1709 path=/org/a11y/atspi/accessible/menus/n6d656e753a56696577; interface=org.a11y.atspi.Event.Object; member=StateChanged
   string "sensitive"
   int32 1
   int32 0
   variant       boolean true
   array [
   ]
signal time=1788730847.871037 sender=:1.1 -> destination=(null destination) serial=1710 path=/org/a11y/atspi/accessible/menus/n6d656e753a56696577; interface=org.a11y.atspi.Event.Object; member=ChildrenChanged
   string "add"
   int32 0
   int32 0
   variant       struct {
         string ":1.1"
         object path "/org/a11y/atspi/accessible/menus/n6d656e753a566965772f766965772e666974"
      }
   array [
   ]
signal time=1788730847.871095 sender=:1.1 -> destination=(null destination) serial=1711 path=/org/a11y/atspi/accessible/menus/n6d656e753a566965772f766965772e666974; interface=org.a11y.atspi.Event.Object; member=StateChanged
   string "focused"
   int32 1
   int32 0
   variant       boolean true
   array [
   ]
signal time=1788730847.871160 sender=:1.1 -> destination=(null destination) serial=1712 path=/org/a11y/atspi/accessible/menus/n6d656e753a566965772f766965772e666974; interface=org.a11y.atspi.Event.Object; member=StateChanged
   string "enabled"
   int32 1
   int32 0
   variant       boolean true
   array [
   ]
signal time=1788730847.871201 sender=:1.1 -> destination=(null destination) serial=1713 path=/org/a11y/atspi/accessible/menus/n6d656e753a566965772f766965772e666974; interface=org.a11y.atspi.Event.Object; member=StateChanged
   string "sensitive"
   int32 1
   int32 0
   variant       boolean true
   array [
   ]
signal time=1788730847.871242 sender=:1.1 -> destination=(null destination) serial=1714 path=/org/a11y/atspi/accessible/menus/n6d656e753a56696577; interface=org.a11y.atspi.Event.Object; member=ChildrenChanged
   string "add"
   int32 1
   int32 0
   variant       struct {
         string ":1.1"
         object path "/org/a11y/atspi/accessible/menus/n6d656e753a566965772f766965772e7a6f6f6d5f696e"
      }
   array [
   ]
signal time=1788730847.871432 sender=:1.1 -> destination=(null destination) serial=1715 path=/org/a11y/atspi/accessible/menus/n6d656e753a566965772f766965772e7a6f6f6d5f696e; interface=org.a11y.atspi.Event.Object; member=StateChanged
   string "focused"
   int32 0
   int32 0
   variant       boolean false
   array [
   ]
signal time=1788730847.871479 sender=:1.1 -> destination=(null destination) serial=1716 path=/org/a11y/atspi/accessible/menus/n6d656e753a566965772f766965772e7a6f6f6d5f696e; interface=org.a11y.atspi.Event.Object; member=StateChanged
   string "enabled"
   int32 1
   int32 0
   variant       boolean true
   array [
   ]
signal time=1788730847.871520 sender=:1.1 -> destination=(null destination) serial=1717 path=/org/a11y/atspi/accessible/menus/n6d656e753a566965772f766965772e7a6f6f6d5f696e; interface=org.a11y.atspi.Event.Object; member=StateChanged
   string "sensitive"
   int32 1
   int32 0
   variant       boolean true
   array [
   ]
signal time=1788730847.871562 sender=:1.1 -> destination=(null destination) serial=1718 path=/org/a11y/atspi/accessible/menus/n6d656e753a56696577; interface=org.a11y.atspi.Event.Object; member=ChildrenChanged
   string "add"
   int32 2
   int32 0
   variant       struct {
         string ":1.1"
         object path "/org/a11y/atspi/accessible/menus/n6d656e753a566965772f766965772e7a6f6f6d5f6f7574"
      }
   array [
   ]
signal time=1788730847.871619 sender=:1.1 -> destination=(null destination) serial=1719 path=/org/a11y/atspi/accessible/menus/n6d656e753a566965772f766965772e7a6f6f6d5f6f7574; interface=org.a11y.atspi.Event.Object; member=StateChanged
   string "focused"
   int32 0
   int32 0
   variant       boolean false
   array [
   ]
signal time=1788730847.871660 sender=:1.1 -> destination=(null destination) serial=1720 path=/org/a11y/atspi/accessible/menus/n6d656e753a566965772f766965772e7a6f6f6d5f6f7574; interface=org.a11y.atspi.Event.Object; member=StateChanged
   string "enabled"
   int32 1
   int32 0
   variant       boolean true
   array [
   ]
signal time=1788730847.871701 sender=:1.1 -> destination=(null destination) serial=1721 path=/org/a11y/atspi/accessible/menus/n6d656e753a566965772f766965772e7a6f6f6d5f6f7574; interface=org.a11y.atspi.Event.Object; member=StateChanged
   string "sensitive"
   int32 1
   int32 0
   variant       boolean true
   array [
   ]
signal time=1788730847.871742 sender=:1.1 -> destination=(null destination) serial=1722 path=/org/a11y/atspi/accessible/menus/n6d656e753a56696577; interface=org.a11y.atspi.Event.Object; member=ChildrenChanged
   string "add"
   int32 3
   int32 0
   variant       struct {
         string ":1.1"
         object path "/org/a11y/atspi/accessible/menus/n6d656e753a566965772f766965772e70616e655f7a6f6f6d"
      }
   array [
   ]
signal time=1788730847.871994 sender=:1.1 -> destination=(null destination) serial=1723 path=/org/a11y/atspi/accessible/menus/n6d656e753a566965772f766965772e70616e655f7a6f6f6d; interface=org.a11y.atspi.Event.Object; member=StateChanged
   string "focused"
   int32 0
   int32 0
   variant       boolean false
   array [
   ]
signal time=1788730847.872051 sender=:1.1 -> destination=(null destination) serial=1724 path=/org/a11y/atspi/accessible/menus/n6d656e753a566965772f766965772e70616e655f7a6f6f6d; interface=org.a11y.atspi.Event.Object; member=StateChanged
   string "enabled"
   int32 1
   int32 0
   variant       boolean true
   array [
   ]
signal time=1788730847.872091 sender=:1.1 -> destination=(null destination) serial=1725 path=/org/a11y/atspi/accessible/menus/n6d656e753a566965772f766965772e70616e655f7a6f6f6d; interface=org.a11y.atspi.Event.Object; member=StateChanged
   string "sensitive"
   int32 1
   int32 0
   variant       boolean true
   array [
   ]
signal time=1788730847.872131 sender=:1.1 -> destination=(null destination) serial=1726 path=/org/a11y/atspi/accessible/menus/n6d656e753a56696577; interface=org.a11y.atspi.Event.Object; member=ChildrenChanged
   string "add"
   int32 4
   int32 0
   variant       struct {
         string ":1.1"
         object path "/org/a11y/atspi/accessible/menus/n6d656e753a566965772f766965772e66756c6c73637265656e5f7374616765"
      }
   array [
   ]
signal time=1788730847.872188 sender=:1.1 -> destination=(null destination) serial=1727 path=/org/a11y/atspi/accessible/menus/n6d656e753a566965772f766965772e66756c6c73637265656e5f7374616765; interface=org.a11y.atspi.Event.Object; member=StateChanged
   string "focused"
   int32 0
   int32 0
   variant       boolean false
   array [
   ]
signal time=1788730847.872231 sender=:1.1 -> destination=(null destination) serial=1728 path=/org/a11y/atspi/accessible/menus/n6d656e753a566965772f766965772e66756c6c73637265656e5f7374616765; interface=org.a11y.atspi.Event.Object; member=StateChanged
   string "enabled"
   int32 1
   int32 0
   variant       boolean true
   array [
   ]
signal time=1788730847.872277 sender=:1.1 -> destination=(null destination) serial=1729 path=/org/a11y/atspi/accessible/menus/n6d656e753a566965772f766965772e66756c6c73637265656e5f7374616765; interface=org.a11y.atspi.Event.Object; member=StateChanged
   string "sensitive"
   int32 1
   int32 0
   variant       boolean true
   array [
   ]
signal time=1788730847.872323 sender=:1.1 -> destination=(null destination) serial=1730 path=/org/a11y/atspi/accessible/menus/n6d656e753a56696577; interface=org.a11y.atspi.Event.Object; member=ChildrenChanged
   string "add"
   int32 5
   int32 0
   variant       struct {
         string ":1.1"
         object path "/org/a11y/atspi/accessible/menus/n6d656e753a566965772f766965772e6c6179657273"
      }
   array [
   ]
signal time=1788730847.872386 sender=:1.1 -> destination=(null destination) serial=1731 path=/org/a11y/atspi/accessible/menus/n6d656e753a566965772f766965772e6c6179657273; interface=org.a11y.atspi.Event.Object; member=StateChanged
   string "focused"
   int32 0
   int32 0
   variant       boolean false
   array [
   ]
signal time=1788730847.872433 sender=:1.1 -> destination=(null destination) serial=1732 path=/org/a11y/atspi/accessible/menus/n6d656e753a566965772f766965772e6c6179657273; interface=org.a11y.atspi.Event.Object; member=StateChanged
   string "enabled"
   int32 0
   int32 0
   variant       boolean false
   array [
   ]
signal time=1788730847.872474 sender=:1.1 -> destination=(null destination) serial=1733 path=/org/a11y/atspi/accessible/menus/n6d656e753a566965772f766965772e6c6179657273; interface=org.a11y.atspi.Event.Object; member=StateChanged
   string "sensitive"
   int32 0
   int32 0
   variant       boolean false
   array [
   ]
signal time=1788730847.872515 sender=:1.1 -> destination=(null destination) serial=1734 path=/org/a11y/atspi/accessible/menus/n6d656e753a56696577; interface=org.a11y.atspi.Event.Object; member=ChildrenChanged
   string "add"
   int32 6
   int32 0
   variant       struct {
         string ":1.1"
         object path "/org/a11y/atspi/accessible/menus/n6d656e753a566965772f766965772e70616e656c73"
      }
   array [
   ]
signal time=1788730847.872571 sender=:1.1 -> destination=(null destination) serial=1735 path=/org/a11y/atspi/accessible/menus/n6d656e753a566965772f766965772e70616e656c73; interface=org.a11y.atspi.Event.Object; member=StateChanged
   string "focused"
   int32 0
   int32 0
   variant       boolean false
   array [
   ]
signal time=1788730847.872770 sender=:1.1 -> destination=(null destination) serial=1736 path=/org/a11y/atspi/accessible/menus/n6d656e753a566965772f766965772e70616e656c73; interface=org.a11y.atspi.Event.Object; member=StateChanged
   string "enabled"
   int32 1
   int32 0
   variant       boolean true
   array [
   ]
signal time=1788730847.872816 sender=:1.1 -> destination=(null destination) serial=1737 path=/org/a11y/atspi/accessible/menus/n6d656e753a566965772f766965772e70616e656c73; interface=org.a11y.atspi.Event.Object; member=StateChanged
   string "sensitive"
   int32 1
   int32 0
   variant       boolean true
   array [
   ]
signal time=1788730847.872856 sender=:1.1 -> destination=(null destination) serial=1738 path=/org/a11y/atspi/accessible/menus/n6d656e753a56696577; interface=org.a11y.atspi.Event.Object; member=ChildrenChanged
   string "add"
   int32 7
   int32 0
   variant       struct {
         string ":1.1"
         object path "/org/a11y/atspi/accessible/menus/n6d656e753a566965772f766965772e7265736574"
      }
   array [
   ]
signal time=1788730847.872912 sender=:1.1 -> destination=(null destination) serial=1739 path=/org/a11y/atspi/accessible/menus/n6d656e753a566965772f766965772e7265736574; interface=org.a11y.atspi.Event.Object; member=StateChanged
   string "focused"
   int32 0
   int32 0
   variant       boolean false
   array [
   ]
signal time=1788730847.872951 sender=:1.1 -> destination=(null destination) serial=1740 path=/org/a11y/atspi/accessible/menus/n6d656e753a566965772f766965772e7265736574; interface=org.a11y.atspi.Event.Object; member=StateChanged
   string "enabled"
   int32 1
   int32 0
   variant       boolean true
   array [
   ]
signal time=1788730847.872990 sender=:1.1 -> destination=(null destination) serial=1741 path=/org/a11y/atspi/accessible/menus/n6d656e753a566965772f766965772e7265736574; interface=org.a11y.atspi.Event.Object; member=StateChanged
   string "sensitive"
   int32 1
   int32 0
   variant       boolean true
   array [
   ]
signal time=1788730847.873029 sender=:1.1 -> destination=(null destination) serial=1742 path=/org/a11y/atspi/accessible/menus/n6d656e753a56696577; interface=org.a11y.atspi.Event.Object; member=ChildrenChanged
   string "add"
   int32 8
   int32 0
   variant       struct {
         string ":1.1"
         object path "/org/a11y/atspi/accessible/menus/n6d656e753a566965772f766965772e73706c69745f766572746963616c"
      }
   array [
   ]
signal time=1788730847.873085 sender=:1.1 -> destination=(null destination) serial=1743 path=/org/a11y/atspi/accessible/menus/n6d656e753a566965772f766965772e73706c69745f766572746963616c; interface=org.a11y.atspi.Event.Object; member=StateChanged
   string "focused"
   int32 0
   int32 0
   variant       boolean false
   array [
   ]
signal time=1788730847.873124 sender=:1.1 -> destination=(null destination) serial=1744 path=/org/a11y/atspi/accessible/menus/n6d656e753a566965772f766965772e73706c69745f766572746963616c; interface=org.a11y.atspi.Event.Object; member=StateChanged
   string "enabled"
   int32 1
   int32 0
   variant       boolean true
   array [
   ]
signal time=1788730847.873342 sender=:1.1 -> destination=(null destination) serial=1745 path=/org/a11y/atspi/accessible/menus/n6d656e753a566965772f766965772e73706c69745f766572746963616c; interface=org.a11y.atspi.Event.Object; member=StateChanged
   string "sensitive"
   int32 1
   int32 0
   variant       boolean true
   array [
   ]
signal time=1788730847.873387 sender=:1.1 -> destination=(null destination) serial=1746 path=/org/a11y/atspi/accessible/menus/n6d656e753a56696577; interface=org.a11y.atspi.Event.Object; member=ChildrenChanged
   string "add"
   int32 9
   int32 0
   variant       struct {
         string ":1.1"
         object path "/org/a11y/atspi/accessible/menus/n6d656e753a566965772f766965772e73706c69745f686f72697a6f6e74616c"
      }
   array [
   ]
signal time=1788730847.873455 sender=:1.1 -> destination=(null destination) serial=1747 path=/org/a11y/atspi/accessible/menus/n6d656e753a566965772f766965772e73706c69745f686f72697a6f6e74616c; interface=org.a11y.atspi.Event.Object; member=StateChanged
   string "focused"
   int32 0
   int32 0
   variant       boolean false
   array [
   ]
signal time=1788730847.873494 sender=:1.1 -> destination=(null destination) serial=1748 path=/org/a11y/atspi/accessible/menus/n6d656e753a566965772f766965772e73706c69745f686f72697a6f6e74616c; interface=org.a11y.atspi.Event.Object; member=StateChanged
   string "enabled"
   int32 1
   int32 0
   variant       boolean true
   array [
   ]
signal time=1788730847.873533 sender=:1.1 -> destination=(null destination) serial=1749 path=/org/a11y/atspi/accessible/menus/n6d656e753a566965772f766965772e73706c69745f686f72697a6f6e74616c; interface=org.a11y.atspi.Event.Object; member=StateChanged
   string "sensitive"
   int32 1
   int32 0
   variant       boolean true
   array [
   ]
signal time=1788730847.873572 sender=:1.1 -> destination=(null destination) serial=1750 path=/org/a11y/atspi/accessible/menus/n6d656e753a56696577; interface=org.a11y.atspi.Event.Object; member=ChildrenChanged
   string "add"
   int32 10
   int32 0
   variant       struct {
         string ":1.1"
         object path "/org/a11y/atspi/accessible/menus/n6d656e753a566965772f766965772e636c6f73655f70616e65"
      }
   array [
   ]
signal time=1788730847.873675 sender=:1.1 -> destination=(null destination) serial=1751 path=/org/a11y/atspi/accessible/menus/n6d656e753a566965772f766965772e636c6f73655f70616e65; interface=org.a11y.atspi.Event.Object; member=StateChanged
   string "focused"
   int32 0
   int32 0
   variant       boolean false
   array [
   ]
signal time=1788730847.873715 sender=:1.1 -> destination=(null destination) serial=1752 path=/org/a11y/atspi/accessible/menus/n6d656e753a566965772f766965772e636c6f73655f70616e65; interface=org.a11y.atspi.Event.Object; member=StateChanged
   string "enabled"
   int32 1
   int32 0
   variant       boolean true
   array [
   ]
signal time=1788730847.873754 sender=:1.1 -> destination=(null destination) serial=1753 path=/org/a11y/atspi/accessible/menus/n6d656e753a566965772f766965772e636c6f73655f70616e65; interface=org.a11y.atspi.Event.Object; member=StateChanged
   string "sensitive"
   int32 1
   int32 0
   variant       boolean true
   array [
   ]
signal time=1788730847.873793 sender=:1.1 -> destination=(null destination) serial=1754 path=/org/a11y/atspi/accessible/menus/n6d656e753a56696577; interface=org.a11y.atspi.Event.Object; member=ChildrenChanged
   string "add"
   int32 11
   int32 0
   variant       struct {
         string ":1.1"
         object path "/org/a11y/atspi/accessible/menus/n6d656e753a566965772f766965772e6d6178696d697a655f70616e65"
      }
   array [
   ]
signal time=1788730847.873849 sender=:1.1 -> destination=(null destination) serial=1755 path=/org/a11y/atspi/accessible/menus/n6d656e753a566965772f766965772e6d6178696d697a655f70616e65; interface=org.a11y.atspi.Event.Object; member=StateChanged
   string "focused"
   int32 0
   int32 0
   variant       boolean false
   array [
   ]
signal time=1788730847.873888 sender=:1.1 -> destination=(null destination) serial=1756 path=/org/a11y/atspi/accessible/menus/n6d656e753a566965772f766965772e6d6178696d697a655f70616e65; interface=org.a11y.atspi.Event.Object; member=StateChanged
   string "enabled"
   int32 1
   int32 0
   variant       boolean true
   array [
   ]
signal time=1788730847.874140 sender=:1.1 -> destination=(null destination) serial=1757 path=/org/a11y/atspi/accessible/menus/n6d656e753a566965772f766965772e6d6178696d697a655f70616e65; interface=org.a11y.atspi.Event.Object; member=StateChanged
   string "sensitive"
   int32 1
   int32 0
   variant       boolean true
   array [
   ]
signal time=1788730847.874185 sender=:1.1 -> destination=(null destination) serial=1758 path=/org/a11y/atspi/accessible/menus/n6d656e753a56696577; interface=org.a11y.atspi.Event.Object; member=ChildrenChanged
   string "add"
   int32 12
   int32 0
   variant       struct {
         string ":1.1"
         object path "/org/a11y/atspi/accessible/menus/n6d656e753a566965772f766965772e666f6375735f6e657874"
      }
   array [
   ]
signal time=1788730847.874254 sender=:1.1 -> destination=(null destination) serial=1759 path=/org/a11y/atspi/accessible/menus/n6d656e753a566965772f766965772e666f6375735f6e657874; interface=org.a11y.atspi.Event.Object; member=StateChanged
   string "focused"
   int32 0
   int32 0
   variant       boolean false
   array [
   ]
signal time=1788730847.874303 sender=:1.1 -> destination=(null destination) serial=1760 path=/org/a11y/atspi/accessible/menus/n6d656e753a566965772f766965772e666f6375735f6e657874; interface=org.a11y.atspi.Event.Object; member=StateChanged
   string "enabled"
   int32 1
   int32 0
   variant       boolean true
   array [
   ]
signal time=1788730847.874364 sender=:1.1 -> destination=(null destination) serial=1761 path=/org/a11y/atspi/accessible/menus/n6d656e753a566965772f766965772e666f6375735f6e657874; interface=org.a11y.atspi.Event.Object; member=StateChanged
   string "sensitive"
   int32 1
   int32 0
   variant       boolean true
   array [
   ]
signal time=1788730847.874421 sender=:1.1 -> destination=(null destination) serial=1762 path=/org/a11y/atspi/accessible/menus/n6d656e753a56696577; interface=org.a11y.atspi.Event.Object; member=ChildrenChanged
   string "add"
   int32 13
   int32 0
   variant       struct {
         string ":1.1"
         object path "/org/a11y/atspi/accessible/menus/n6d656e753a566965772f766965772e666f6375735f70726576"
      }
   array [
   ]
signal time=1788730847.874501 sender=:1.1 -> destination=(null destination) serial=1763 path=/org/a11y/atspi/accessible/menus/n6d656e753a566965772f766965772e666f6375735f70726576; interface=org.a11y.atspi.Event.Object; member=StateChanged
   string "focused"
   int32 0
   int32 0
   variant       boolean false
   array [
   ]
signal time=1788730847.874557 sender=:1.1 -> destination=(null destination) serial=1764 path=/org/a11y/atspi/accessible/menus/n6d656e753a566965772f766965772e666f6375735f70726576; interface=org.a11y.atspi.Event.Object; member=StateChanged
   string "enabled"
   int32 1
   int32 0
   variant       boolean true
   array [
   ]
signal time=1788730847.874612 sender=:1.1 -> destination=(null destination) serial=1765 path=/org/a11y/atspi/accessible/menus/n6d656e753a566965772f766965772e666f6375735f70726576; interface=org.a11y.atspi.Event.Object; member=StateChanged
   string "sensitive"
   int32 1
   int32 0
   variant       boolean true
   array [
   ]
signal time=1788730847.874689 sender=:1.1 -> destination=(null destination) serial=1766 path=/org/a11y/atspi/accessible/menus/n6d656e753a56696577; interface=org.a11y.atspi.Event.Object; member=ChildrenChanged
   string "add"
   int32 14
   int32 0
   variant       struct {
         string ":1.1"
         object path "/org/a11y/atspi/accessible/menus/n6d656e753a566965772f766965772e66696c6c5f626f617264"
      }
   array [
   ]
signal time=1788730847.874775 sender=:1.1 -> destination=(null destination) serial=1767 path=/org/a11y/atspi/accessible/menus/n6d656e753a566965772f766965772e66696c6c5f626f617264; interface=org.a11y.atspi.Event.Object; member=StateChanged
   string "focused"
   int32 0
   int32 0
   variant       boolean false
   array [
   ]
signal time=1788730847.874851 sender=:1.1 -> destination=(null destination) serial=1768 path=/org/a11y/atspi/accessible/menus/n6d656e753a566965772f766965772e66696c6c5f626f617264; interface=org.a11y.atspi.Event.Object; member=StateChanged
   string "enabled"
   int32 1
   int32 0
   variant       boolean true
   array [
   ]
signal time=1788730847.874919 sender=:1.1 -> destination=(null destination) serial=1769 path=/org/a11y/atspi/accessible/menus/n6d656e753a566965772f766965772e66696c6c5f626f617264; interface=org.a11y.atspi.Event.Object; member=StateChanged
   string "sensitive"
   int32 1
   int32 0
   variant       boolean true
   array [
   ]
signal time=1788730847.874979 sender=:1.1 -> destination=(null destination) serial=1770 path=/org/a11y/atspi/accessible/menus/n6d656e753a56696577; interface=org.a11y.atspi.Event.Object; member=ChildrenChanged
   string "add"
   int32 15
   int32 0
   variant       struct {
         string ":1.1"
         object path "/org/a11y/atspi/accessible/menus/n6d656e753a566965772f766965772e66696c6c5f736368656d61746963"
      }
   array [
   ]
signal time=1788730847.875508 sender=:1.1 -> destination=(null destination) serial=1771 path=/org/a11y/atspi/accessible/menus/n6d656e753a566965772f766965772e66696c6c5f736368656d61746963; interface=org.a11y.atspi.Event.Object; member=StateChanged
   string "focused"
   int32 0
   int32 0
   variant       boolean false
   array [
   ]
signal time=1788730847.875595 sender=:1.1 -> destination=(null destination) serial=1772 path=/org/a11y/atspi/accessible/menus/n6d656e753a566965772f766965772e66696c6c5f736368656d61746963; interface=org.a11y.atspi.Event.Object; member=StateChanged
   string "enabled"
   int32 1
   int32 0
   variant       boolean true
   array [
   ]
signal time=1788730847.875660 sender=:1.1 -> destination=(null destination) serial=1773 path=/org/a11y/atspi/accessible/menus/n6d656e753a566965772f766965772e66696c6c5f736368656d61746963; interface=org.a11y.atspi.Event.Object; member=StateChanged
   string "sensitive"
   int32 1
   int32 0
   variant       boolean true
   array [
   ]
signal time=1788730847.875722 sender=:1.1 -> destination=(null destination) serial=1774 path=/org/a11y/atspi/accessible/menus/n6d656e753a56696577; interface=org.a11y.atspi.Event.Object; member=ChildrenChanged
   string "add"
   int32 16
   int32 0
   variant       struct {
         string ":1.1"
         object path "/org/a11y/atspi/accessible/menus/n6d656e753a566965772f766965772e7072657365745f73696e676c65"
      }
   array [
   ]
signal time=1788730847.875810 sender=:1.1 -> destination=(null destination) serial=1775 path=/org/a11y/atspi/accessible/menus/n6d656e753a566965772f766965772e7072657365745f73696e676c65; interface=org.a11y.atspi.Event.Object; member=StateChanged
   string "focused"
   int32 0
   int32 0
   variant       boolean false
   array [
   ]
signal time=1788730847.875866 sender=:1.1 -> destination=(null destination) serial=1776 path=/org/a11y/atspi/accessible/menus/n6d656e753a566965772f766965772e7072657365745f73696e676c65; interface=org.a11y.atspi.Event.Object; member=StateChanged
   string "enabled"
   int32 1
   int32 0
   variant       boolean true
   array [
   ]
signal time=1788730847.875922 sender=:1.1 -> destination=(null destination) serial=1777 path=/org/a11y/atspi/accessible/menus/n6d656e753a566965772f766965772e7072657365745f73696e676c65; interface=org.a11y.atspi.Event.Object; member=StateChanged
   string "sensitive"
   int32 1
   int32 0
   variant       boolean true
   array [
   ]
signal time=1788730847.875976 sender=:1.1 -> destination=(null destination) serial=1778 path=/org/a11y/atspi/accessible/menus/n6d656e753a56696577; interface=org.a11y.atspi.Event.Object; member=ChildrenChanged
   string "add"
   int32 17
   int32 0
   variant       struct {
         string ":1.1"
         object path "/org/a11y/atspi/accessible/menus/n6d656e753a566965772f766965772e7072657365745f626f6172645f736368656d61746963"
      }
   array [
   ]
signal time=1788730847.876055 sender=:1.1 -> destination=(null destination) serial=1779 path=/org/a11y/atspi/accessible/menus/n6d656e753a566965772f766965772e7072657365745f626f6172645f736368656d61746963; interface=org.a11y.atspi.Event.Object; member=StateChanged
   string "focused"
   int32 0
   int32 0
   variant       boolean false
   array [
   ]
signal time=1788730847.876113 sender=:1.1 -> destination=(null destination) serial=1780 path=/org/a11y/atspi/accessible/menus/n6d656e753a566965772f766965772e7072657365745f626f6172645f736368656d61746963; interface=org.a11y.atspi.Event.Object; member=StateChanged
   string "enabled"
   int32 1
   int32 0
   variant       boolean true
   array [
   ]
signal time=1788730847.876169 sender=:1.1 -> destination=(null destination) serial=1781 path=/org/a11y/atspi/accessible/menus/n6d656e753a566965772f766965772e7072657365745f626f6172645f736368656d61746963; interface=org.a11y.atspi.Event.Object; member=StateChanged
   string "sensitive"
   int32 1
   int32 0
   variant       boolean true
   array [
   ]
signal time=1788730847.876252 sender=:1.1 -> destination=(null destination) serial=1782 path=/org/a11y/atspi/accessible/menus/n6d656e753a56696577; interface=org.a11y.atspi.Event.Object; member=ChildrenChanged
   string "add"
   int32 18
   int32 0
   variant       struct {
         string ":1.1"
         object path "/org/a11y/atspi/accessible/menus/n6d656e753a566965772f766965772e637572736f722e66756c6c"
      }
   array [
   ]
signal time=1788730847.876335 sender=:1.1 -> destination=(null destination) serial=1783 path=/org/a11y/atspi/accessible/menus/n6d656e753a566965772f766965772e637572736f722e66756c6c; interface=org.a11y.atspi.Event.Object; member=StateChanged
   string "focused"
   int32 0
   int32 0
   variant       boolean false
   array [
   ]
signal time=1788730847.876395 sender=:1.1 -> destination=(null destination) serial=1784 path=/org/a11y/atspi/accessible/menus/n6d656e753a566965772f766965772e637572736f722e66756c6c; interface=org.a11y.atspi.Event.Object; member=StateChanged
   string "enabled"
   int32 1
   int32 0
   variant       boolean true
   array [
   ]
signal time=1788730847.876452 sender=:1.1 -> destination=(null destination) serial=1785 path=/org/a11y/atspi/accessible/menus/n6d656e753a566965772f766965772e637572736f722e66756c6c; interface=org.a11y.atspi.Event.Object; member=StateChanged
   string "sensitive"
   int32 1
   int32 0
   variant       boolean true
   array [
   ]
signal time=1788730847.876811 sender=:1.1 -> destination=(null destination) serial=1786 path=/org/a11y/atspi/accessible/menus/n6d656e753a56696577; interface=org.a11y.atspi.Event.Object; member=ChildrenChanged
   string "add"
   int32 19
   int32 0
   variant       struct {
         string ":1.1"
         object path "/org/a11y/atspi/accessible/menus/n6d656e753a566965772f766965772e637572736f722e736d616c6c"
      }
   array [
   ]
signal time=1788730847.876888 sender=:1.1 -> destination=(null destination) serial=1787 path=/org/a11y/atspi/accessible/menus/n6d656e753a566965772f766965772e637572736f722e736d616c6c; interface=org.a11y.atspi.Event.Object; member=StateChanged
   string "focused"
   int32 0
   int32 0
   variant       boolean false
   array [
   ]
signal time=1788730847.876928 sender=:1.1 -> destination=(null destination) serial=1788 path=/org/a11y/atspi/accessible/menus/n6d656e753a566965772f766965772e637572736f722e736d616c6c; interface=org.a11y.atspi.Event.Object; member=StateChanged
   string "enabled"
   int32 1
   int32 0
   variant       boolean true
   array [
   ]
signal time=1788730847.876967 sender=:1.1 -> destination=(null destination) serial=1789 path=/org/a11y/atspi/accessible/menus/n6d656e753a566965772f766965772e637572736f722e736d616c6c; interface=org.a11y.atspi.Event.Object; member=StateChanged
   string "sensitive"
   int32 1
   int32 0
   variant       boolean true
   array [
   ]
signal time=1788730847.877005 sender=:1.1 -> destination=(null destination) serial=1790 path=/org/a11y/atspi/accessible/menus/n6d656e753a56696577; interface=org.a11y.atspi.Event.Object; member=ChildrenChanged
   string "add"
   int32 20
   int32 0
   variant       struct {
         string ":1.1"
         object path "/org/a11y/atspi/accessible/menus/n6d656e753a566965772f766965772e637572736f722e6e6f6e65"
      }
   array [
   ]
signal time=1788730847.877061 sender=:1.1 -> destination=(null destination) serial=1791 path=/org/a11y/atspi/accessible/menus/n6d656e753a566965772f766965772e637572736f722e6e6f6e65; interface=org.a11y.atspi.Event.Object; member=StateChanged
   string "focused"
   int32 0
   int32 0
   variant       boolean false
   array [
   ]
signal time=1788730847.877121 sender=:1.1 -> destination=(null destination) serial=1792 path=/org/a11y/atspi/accessible/menus/n6d656e753a566965772f766965772e637572736f722e6e6f6e65; interface=org.a11y.atspi.Event.Object; member=StateChanged
   string "enabled"
   int32 1
   int32 0
   variant       boolean true
   array [
   ]
signal time=1788730847.877206 sender=:1.1 -> destination=(null destination) serial=1793 path=/org/a11y/atspi/accessible/menus/n6d656e753a566965772f766965772e637572736f722e6e6f6e65; interface=org.a11y.atspi.Event.Object; member=StateChanged
   string "sensitive"
   int32 1
   int32 0
   variant       boolean true
   array [
   ]
signal time=1788730847.877274 sender=:1.1 -> destination=(null destination) serial=1794 path=/org/a11y/atspi/accessible/menus/n6d656e753a56696577; interface=org.a11y.atspi.Event.Object; member=ChildrenChanged
   string "add"
   int32 21
   int32 0
   variant       struct {
         string ":1.1"
         object path "/org/a11y/atspi/accessible/menus/n6d656e753a566965772f766965772e636f6e736f6c655f686973746f7279"
      }
   array [
   ]
signal time=1788730847.877364 sender=:1.1 -> destination=(null destination) serial=1795 path=/org/a11y/atspi/accessible/menus/n6d656e753a566965772f766965772e636f6e736f6c655f686973746f7279; interface=org.a11y.atspi.Event.Object; member=StateChanged
   string "focused"
   int32 0
   int32 0
   variant       boolean false
   array [
   ]
signal time=1788730847.877421 sender=:1.1 -> destination=(null destination) serial=1796 path=/org/a11y/atspi/accessible/menus/n6d656e753a566965772f766965772e636f6e736f6c655f686973746f7279; interface=org.a11y.atspi.Event.Object; member=StateChanged
   string "enabled"
   int32 1
   int32 0
   variant       boolean true
   array [
   ]
signal time=1788730847.877477 sender=:1.1 -> destination=(null destination) serial=1797 path=/org/a11y/atspi/accessible/menus/n6d656e753a566965772f766965772e636f6e736f6c655f686973746f7279; interface=org.a11y.atspi.Event.Object; member=StateChanged
   string "sensitive"
   int32 1
   int32 0
   variant       boolean true
   array [
   ]
signal time=1788730848.280149 sender=:1.1 -> destination=(null destination) serial=1798 path=/org/a11y/atspi/accessible/menus/n6d656e753a566965772f766965772e666974; interface=org.a11y.atspi.Event.Object; member=StateChanged
   string "focused"
   int32 0
   int32 0
   variant       boolean false
   array [
   ]
signal time=1788730848.280255 sender=:1.1 -> destination=(null destination) serial=1799 path=/org/a11y/atspi/accessible/menus/n6d656e753a566965772f766965772e7a6f6f6d5f696e; interface=org.a11y.atspi.Event.Object; member=StateChanged
   string "focused"
   int32 1
   int32 0
   variant       boolean true
   array [
   ]
signal time=1788730848.605391 sender=:1.1 -> destination=(null destination) serial=1800 path=/org/a11y/atspi/accessible/menus/n6d656e753a566965772f766965772e7a6f6f6d5f696e; interface=org.a11y.atspi.Event.Object; member=StateChanged
   string "focused"
   int32 0
   int32 0
   variant       boolean false
   array [
   ]
signal time=1788730848.605515 sender=:1.1 -> destination=(null destination) serial=1801 path=/org/a11y/atspi/accessible/menus/n6d656e753a566965772f766965772e7a6f6f6d5f6f7574; interface=org.a11y.atspi.Event.Object; member=StateChanged
   string "focused"
   int32 1
   int32 0
   variant       boolean true
   array [
   ]
signal time=1788730848.929416 sender=:1.1 -> destination=(null destination) serial=1802 path=/org/a11y/atspi/accessible/menus/n6d656e753a566965772f766965772e7a6f6f6d5f6f7574; interface=org.a11y.atspi.Event.Object; member=StateChanged
   string "focused"
   int32 0
   int32 0
   variant       boolean false
   array [
   ]
signal time=1788730848.929532 sender=:1.1 -> destination=(null destination) serial=1803 path=/org/a11y/atspi/accessible/menus/n6d656e753a566965772f766965772e70616e655f7a6f6f6d; interface=org.a11y.atspi.Event.Object; member=StateChanged
   string "focused"
   int32 1
   int32 0
   variant       boolean true
   array [
   ]
signal time=1788730849.249051 sender=:1.1 -> destination=(null destination) serial=1804 path=/org/a11y/atspi/accessible/menus/n6d656e753a566965772f766965772e70616e655f7a6f6f6d; interface=org.a11y.atspi.Event.Object; member=StateChanged
   string "focused"
   int32 0
   int32 0
   variant       boolean false
   array [
   ]
signal time=1788730849.249128 sender=:1.1 -> destination=(null destination) serial=1805 path=/org/a11y/atspi/accessible/menus/n6d656e753a566965772f766965772e66756c6c73637265656e5f7374616765; interface=org.a11y.atspi.Event.Object; member=StateChanged
   string "focused"
   int32 1
   int32 0
   variant       boolean true
   array [
   ]
signal time=1788730849.575226 sender=:1.1 -> destination=(null destination) serial=1806 path=/org/a11y/atspi/accessible/menus/n6d656e753a566965772f766965772e66756c6c73637265656e5f7374616765; interface=org.a11y.atspi.Event.Object; member=StateChanged
   string "focused"
   int32 0
   int32 0
   variant       boolean false
   array [
   ]
signal time=1788730849.575326 sender=:1.1 -> destination=(null destination) serial=1807 path=/org/a11y/atspi/accessible/menus/n6d656e753a566965772f766965772e6c6179657273; interface=org.a11y.atspi.Event.Object; member=StateChanged
   string "focused"
   int32 1
   int32 0
   variant       boolean true
   array [
   ]
signal time=1788730849.899960 sender=:1.1 -> destination=(null destination) serial=1808 path=/org/a11y/atspi/accessible/menus/n6d656e753a566965772f766965772e6c6179657273; interface=org.a11y.atspi.Event.Object; member=StateChanged
   string "focused"
   int32 0
   int32 0
   variant       boolean false
   array [
   ]
signal time=1788730849.900059 sender=:1.1 -> destination=(null destination) serial=1809 path=/org/a11y/atspi/accessible/menus/n6d656e753a566965772f766965772e70616e656c73; interface=org.a11y.atspi.Event.Object; member=StateChanged
   string "focused"
   int32 1
   int32 0
   variant       boolean true
   array [
   ]
signal time=1788730850.225302 sender=:1.1 -> destination=(null destination) serial=1810 path=/org/a11y/atspi/accessible/menus/n6d656e753a566965772f766965772e70616e656c73; interface=org.a11y.atspi.Event.Object; member=StateChanged
   string "focused"
   int32 0
   int32 0
   variant       boolean false
   array [
   ]
signal time=1788730850.225436 sender=:1.1 -> destination=(null destination) serial=1811 path=/org/a11y/atspi/accessible/menus/n6d656e753a566965772f766965772e7265736574; interface=org.a11y.atspi.Event.Object; member=StateChanged
   string "focused"
   int32 1
   int32 0
   variant       boolean true
   array [
   ]
signal time=1788730850.550334 sender=:1.1 -> destination=(null destination) serial=1812 path=/org/a11y/atspi/accessible/menus/n6d656e753a566965772f766965772e7265736574; interface=org.a11y.atspi.Event.Object; member=StateChanged
   string "focused"
   int32 0
   int32 0
   variant       boolean false
   array [
   ]
signal time=1788730850.550456 sender=:1.1 -> destination=(null destination) serial=1813 path=/org/a11y/atspi/accessible/menus/n6d656e753a566965772f766965772e73706c69745f766572746963616c; interface=org.a11y.atspi.Event.Object; member=StateChanged
   string "focused"
   int32 1
   int32 0
   variant       boolean true
   array [
   ]
signal time=1788730850.876442 sender=:1.1 -> destination=(null destination) serial=1814 path=/org/a11y/atspi/accessible/menus/n6d656e753a566965772f766965772e73706c69745f766572746963616c; interface=org.a11y.atspi.Event.Object; member=StateChanged
   string "focused"
   int32 0
   int32 0
   variant       boolean false
   array [
   ]
signal time=1788730850.876572 sender=:1.1 -> destination=(null destination) serial=1815 path=/org/a11y/atspi/accessible/menus/n6d656e753a566965772f766965772e73706c69745f686f72697a6f6e74616c; interface=org.a11y.atspi.Event.Object; member=StateChanged
   string "focused"
   int32 1
   int32 0
   variant       boolean true
   array [
   ]
signal time=1788730851.204555 sender=:1.1 -> destination=(null destination) serial=1816 path=/org/a11y/atspi/accessible/menus/n6d656e753a566965772f766965772e73706c69745f686f72697a6f6e74616c; interface=org.a11y.atspi.Event.Object; member=StateChanged
   string "focused"
   int32 0
   int32 0
   variant       boolean false
   array [
   ]
signal time=1788730851.204680 sender=:1.1 -> destination=(null destination) serial=1817 path=/org/a11y/atspi/accessible/menus/n6d656e753a566965772f766965772e636c6f73655f70616e65; interface=org.a11y.atspi.Event.Object; member=StateChanged
   string "focused"
   int32 1
   int32 0
   variant       boolean true
   array [
   ]
signal time=1788730851.528764 sender=:1.1 -> destination=(null destination) serial=1818 path=/org/a11y/atspi/accessible/menus/n6d656e753a566965772f766965772e636c6f73655f70616e65; interface=org.a11y.atspi.Event.Object; member=StateChanged
   string "focused"
   int32 0
   int32 0
   variant       boolean false
   array [
   ]
signal time=1788730851.528864 sender=:1.1 -> destination=(null destination) serial=1819 path=/org/a11y/atspi/accessible/menus/n6d656e753a566965772f766965772e6d6178696d697a655f70616e65; interface=org.a11y.atspi.Event.Object; member=StateChanged
   string "focused"
   int32 1
   int32 0
   variant       boolean true
   array [
   ]
signal time=1788730851.857389 sender=:1.1 -> destination=(null destination) serial=1820 path=/org/a11y/atspi/accessible/menus/n6d656e753a566965772f766965772e6d6178696d697a655f70616e65; interface=org.a11y.atspi.Event.Object; member=StateChanged
   string "focused"
   int32 0
   int32 0
   variant       boolean false
   array [
   ]
signal time=1788730851.857517 sender=:1.1 -> destination=(null destination) serial=1821 path=/org/a11y/atspi/accessible/menus/n6d656e753a566965772f766965772e666f6375735f6e657874; interface=org.a11y.atspi.Event.Object; member=StateChanged
   string "focused"
   int32 1
   int32 0
   variant       boolean true
   array [
   ]
signal time=1788730852.180057 sender=:1.1 -> destination=(null destination) serial=1822 path=/org/a11y/atspi/accessible/menus/n6d656e753a566965772f766965772e666f6375735f6e657874; interface=org.a11y.atspi.Event.Object; member=StateChanged
   string "focused"
   int32 0
   int32 0
   variant       boolean false
   array [
   ]
signal time=1788730852.180160 sender=:1.1 -> destination=(null destination) serial=1823 path=/org/a11y/atspi/accessible/menus/n6d656e753a566965772f766965772e666f6375735f70726576; interface=org.a11y.atspi.Event.Object; member=StateChanged
   string "focused"
   int32 1
   int32 0
   variant       boolean true
   array [
   ]
signal time=1788730852.502840 sender=:1.1 -> destination=(null destination) serial=1824 path=/org/a11y/atspi/accessible/menus/n6d656e753a566965772f766965772e666f6375735f70726576; interface=org.a11y.atspi.Event.Object; member=StateChanged
   string "focused"
   int32 0
   int32 0
   variant       boolean false
   array [
   ]
signal time=1788730852.502954 sender=:1.1 -> destination=(null destination) serial=1825 path=/org/a11y/atspi/accessible/menus/n6d656e753a566965772f766965772e66696c6c5f626f617264; interface=org.a11y.atspi.Event.Object; member=StateChanged
   string "focused"
   int32 1
   int32 0
   variant       boolean true
   array [
   ]
signal time=1788730852.829209 sender=:1.1 -> destination=(null destination) serial=1826 path=/org/a11y/atspi/accessible/menus/n6d656e753a566965772f766965772e66696c6c5f626f617264; interface=org.a11y.atspi.Event.Object; member=StateChanged
   string "focused"
   int32 0
   int32 0
   variant       boolean false
   array [
   ]
signal time=1788730852.829322 sender=:1.1 -> destination=(null destination) serial=1827 path=/org/a11y/atspi/accessible/menus/n6d656e753a566965772f766965772e66696c6c5f736368656d61746963; interface=org.a11y.atspi.Event.Object; member=StateChanged
   string "focused"
   int32 1
   int32 0
   variant       boolean true
   array [
   ]
signal time=1788730853.153449 sender=:1.1 -> destination=(null destination) serial=1828 path=/org/a11y/atspi/accessible/menus/n6d656e753a566965772f766965772e66696c6c5f736368656d61746963; interface=org.a11y.atspi.Event.Object; member=StateChanged
   string "focused"
   int32 0
   int32 0
   variant       boolean false
   array [
   ]
signal time=1788730853.153697 sender=:1.1 -> destination=(null destination) serial=1829 path=/org/a11y/atspi/accessible/menus/n6d656e753a566965772f766965772e7072657365745f73696e676c65; interface=org.a11y.atspi.Event.Object; member=StateChanged
   string "focused"
   int32 1
   int32 0
   variant       boolean true
   array [
   ]
signal time=1788730853.479409 sender=:1.1 -> destination=(null destination) serial=1830 path=/org/a11y/atspi/accessible/menus/n6d656e753a566965772f766965772e7072657365745f73696e676c65; interface=org.a11y.atspi.Event.Object; member=StateChanged
   string "focused"
   int32 0
   int32 0
   variant       boolean false
   array [
   ]
signal time=1788730853.479500 sender=:1.1 -> destination=(null destination) serial=1831 path=/org/a11y/atspi/accessible/menus/n6d656e753a566965772f766965772e7072657365745f626f6172645f736368656d61746963; interface=org.a11y.atspi.Event.Object; member=StateChanged
   string "focused"
   int32 1
   int32 0
   variant       boolean true
   array [
   ]
signal time=1788730853.804402 sender=:1.1 -> destination=(null destination) serial=1832 path=/org/a11y/atspi/accessible/menus/n6d656e753a566965772f766965772e7072657365745f626f6172645f736368656d61746963; interface=org.a11y.atspi.Event.Object; member=StateChanged
   string "focused"
   int32 0
   int32 0
   variant       boolean false
   array [
   ]
signal time=1788730853.804502 sender=:1.1 -> destination=(null destination) serial=1833 path=/org/a11y/atspi/accessible/menus/n6d656e753a566965772f766965772e637572736f722e66756c6c; interface=org.a11y.atspi.Event.Object; member=StateChanged
   string "focused"
   int32 1
   int32 0
   variant       boolean true
   array [
   ]
signal time=1788730854.119012 sender=:1.1 -> destination=(null destination) serial=1834 path=/org/a11y/atspi/accessible/menus/n6d656e753a566965772f766965772e637572736f722e66756c6c; interface=org.a11y.atspi.Event.Object; member=StateChanged
   string "focused"
   int32 0
   int32 0
   variant       boolean false
   array [
   ]
signal time=1788730854.119065 sender=:1.1 -> destination=(null destination) serial=1835 path=/org/a11y/atspi/accessible/menus/n6d656e753a566965772f766965772e637572736f722e736d616c6c; interface=org.a11y.atspi.Event.Object; member=StateChanged
   string "focused"
   int32 1
   int32 0
   variant       boolean true
   array [
   ]
signal time=1788730854.446446 sender=:1.1 -> destination=(null destination) serial=1836 path=/org/a11y/atspi/accessible/menus/n6d656e753a566965772f766965772e637572736f722e736d616c6c; interface=org.a11y.atspi.Event.Object; member=StateChanged
   string "focused"
   int32 0
   int32 0
   variant       boolean false
   array [
   ]
signal time=1788730854.446572 sender=:1.1 -> destination=(null destination) serial=1837 path=/org/a11y/atspi/accessible/menus/n6d656e753a566965772f766965772e637572736f722e6e6f6e65; interface=org.a11y.atspi.Event.Object; member=StateChanged
   string "focused"
   int32 1
   int32 0
   variant       boolean true
   array [
   ]
signal time=1788730854.772621 sender=:1.1 -> destination=(null destination) serial=1838 path=/org/a11y/atspi/accessible/menus/n6d656e753a566965772f766965772e637572736f722e6e6f6e65; interface=org.a11y.atspi.Event.Object; member=StateChanged
   string "focused"
   int32 0
   int32 0
   variant       boolean false
   array [
   ]
signal time=1788730854.772749 sender=:1.1 -> destination=(null destination) serial=1839 path=/org/a11y/atspi/accessible/menus/n6d656e753a566965772f766965772e636f6e736f6c655f686973746f7279; interface=org.a11y.atspi.Event.Object; member=StateChanged
   string "focused"
   int32 1
   int32 0
   variant       boolean true
   array [
   ]
signal time=1788730855.100295 sender=:1.1 -> destination=(null destination) serial=1840 path=/org/a11y/atspi/accessible/menus/n6d656e753a56696577; interface=org.a11y.atspi.Event.Object; member=ChildrenChanged
   string "remove"
   int32 21
   int32 0
   variant       struct {
         string ":1.1"
         object path "/org/a11y/atspi/accessible/menus/n6d656e753a566965772f766965772e636f6e736f6c655f686973746f7279"
      }
   array [
   ]
signal time=1788730855.100447 sender=:1.1 -> destination=(null destination) serial=1841 path=/org/a11y/atspi/accessible/menus/n6d656e753a56696577; interface=org.a11y.atspi.Event.Object; member=ChildrenChanged
   string "remove"
   int32 20
   int32 0
   variant       struct {
         string ":1.1"
         object path "/org/a11y/atspi/accessible/menus/n6d656e753a566965772f766965772e637572736f722e6e6f6e65"
      }
   array [
   ]
signal time=1788730855.100585 sender=:1.1 -> destination=(null destination) serial=1842 path=/org/a11y/atspi/accessible/menus/n6d656e753a56696577; interface=org.a11y.atspi.Event.Object; member=ChildrenChanged
   string "remove"
   int32 19
   int32 0
   variant       struct {
         string ":1.1"
         object path "/org/a11y/atspi/accessible/menus/n6d656e753a566965772f766965772e637572736f722e736d616c6c"
      }
   array [
   ]
signal time=1788730855.100686 sender=:1.1 -> destination=(null destination) serial=1843 path=/org/a11y/atspi/accessible/menus/n6d656e753a56696577; interface=org.a11y.atspi.Event.Object; member=ChildrenChanged
   string "remove"
   int32 18
   int32 0
   variant       struct {
         string ":1.1"
         object path "/org/a11y/atspi/accessible/menus/n6d656e753a566965772f766965772e637572736f722e66756c6c"
      }
   array [
   ]
signal time=1788730855.100793 sender=:1.1 -> destination=(null destination) serial=1844 path=/org/a11y/atspi/accessible/menus/n6d656e753a56696577; interface=org.a11y.atspi.Event.Object; member=ChildrenChanged
   string "remove"
   int32 17
   int32 0
   variant       struct {
         string ":1.1"
         object path "/org/a11y/atspi/accessible/menus/n6d656e753a566965772f766965772e7072657365745f626f6172645f736368656d61746963"
      }
   array [
   ]
signal time=1788730855.100898 sender=:1.1 -> destination=(null destination) serial=1845 path=/org/a11y/atspi/accessible/menus/n6d656e753a56696577; interface=org.a11y.atspi.Event.Object; member=ChildrenChanged
   string "remove"
   int32 16
   int32 0
   variant       struct {
         string ":1.1"
         object path "/org/a11y/atspi/accessible/menus/n6d656e753a566965772f766965772e7072657365745f73696e676c65"
      }
   array [
   ]
signal time=1788730855.101007 sender=:1.1 -> destination=(null destination) serial=1846 path=/org/a11y/atspi/accessible/menus/n6d656e753a56696577; interface=org.a11y.atspi.Event.Object; member=ChildrenChanged
   string "remove"
   int32 15
   int32 0
   variant       struct {
         string ":1.1"
         object path "/org/a11y/atspi/accessible/menus/n6d656e753a566965772f766965772e66696c6c5f736368656d61746963"
      }
   array [
   ]
signal time=1788730855.101102 sender=:1.1 -> destination=(null destination) serial=1847 path=/org/a11y/atspi/accessible/menus/n6d656e753a56696577; interface=org.a11y.atspi.Event.Object; member=ChildrenChanged
   string "remove"
   int32 14
   int32 0
   variant       struct {
         string ":1.1"
         object path "/org/a11y/atspi/accessible/menus/n6d656e753a566965772f766965772e66696c6c5f626f617264"
      }
   array [
   ]
signal time=1788730855.101204 sender=:1.1 -> destination=(null destination) serial=1848 path=/org/a11y/atspi/accessible/menus/n6d656e753a56696577; interface=org.a11y.atspi.Event.Object; member=ChildrenChanged
   string "remove"
   int32 13
   int32 0
   variant       struct {
         string ":1.1"
         object path "/org/a11y/atspi/accessible/menus/n6d656e753a566965772f766965772e666f6375735f70726576"
      }
   array [
   ]
signal time=1788730855.101308 sender=:1.1 -> destination=(null destination) serial=1849 path=/org/a11y/atspi/accessible/menus/n6d656e753a56696577; interface=org.a11y.atspi.Event.Object; member=ChildrenChanged
   string "remove"
   int32 12
   int32 0
   variant       struct {
         string ":1.1"
         object path "/org/a11y/atspi/accessible/menus/n6d656e753a566965772f766965772e666f6375735f6e657874"
      }
   array [
   ]
signal time=1788730855.102067 sender=:1.1 -> destination=(null destination) serial=1850 path=/org/a11y/atspi/accessible/menus/n6d656e753a56696577; interface=org.a11y.atspi.Event.Object; member=ChildrenChanged
   string "remove"
   int32 11
   int32 0
   variant       struct {
         string ":1.1"
         object path "/org/a11y/atspi/accessible/menus/n6d656e753a566965772f766965772e6d6178696d697a655f70616e65"
      }
   array [
   ]
signal time=1788730855.102217 sender=:1.1 -> destination=(null destination) serial=1851 path=/org/a11y/atspi/accessible/menus/n6d656e753a56696577; interface=org.a11y.atspi.Event.Object; member=ChildrenChanged
   string "remove"
   int32 10
   int32 0
   variant       struct {
         string ":1.1"
         object path "/org/a11y/atspi/accessible/menus/n6d656e753a566965772f766965772e636c6f73655f70616e65"
      }
   array [
   ]
signal time=1788730855.102325 sender=:1.1 -> destination=(null destination) serial=1852 path=/org/a11y/atspi/accessible/menus/n6d656e753a56696577; interface=org.a11y.atspi.Event.Object; member=ChildrenChanged
   string "remove"
   int32 9
   int32 0
   variant       struct {
         string ":1.1"
         object path "/org/a11y/atspi/accessible/menus/n6d656e753a566965772f766965772e73706c69745f686f72697a6f6e74616c"
      }
   array [
   ]
signal time=1788730855.102662 sender=:1.1 -> destination=(null destination) serial=1853 path=/org/a11y/atspi/accessible/menus/n6d656e753a56696577; interface=org.a11y.atspi.Event.Object; member=ChildrenChanged
   string "remove"
   int32 8
   int32 0
   variant       struct {
         string ":1.1"
         object path "/org/a11y/atspi/accessible/menus/n6d656e753a566965772f766965772e73706c69745f766572746963616c"
      }
   array [
   ]
signal time=1788730855.102767 sender=:1.1 -> destination=(null destination) serial=1854 path=/org/a11y/atspi/accessible/menus/n6d656e753a56696577; interface=org.a11y.atspi.Event.Object; member=ChildrenChanged
   string "remove"
   int32 7
   int32 0
   variant       struct {
         string ":1.1"
         object path "/org/a11y/atspi/accessible/menus/n6d656e753a566965772f766965772e7265736574"
      }
   array [
   ]
signal time=1788730855.102872 sender=:1.1 -> destination=(null destination) serial=1855 path=/org/a11y/atspi/accessible/menus/n6d656e753a56696577; interface=org.a11y.atspi.Event.Object; member=ChildrenChanged
   string "remove"
   int32 6
   int32 0
   variant       struct {
         string ":1.1"
         object path "/org/a11y/atspi/accessible/menus/n6d656e753a566965772f766965772e70616e656c73"
      }
   array [
   ]
signal time=1788730855.102979 sender=:1.1 -> destination=(null destination) serial=1856 path=/org/a11y/atspi/accessible/menus/n6d656e753a56696577; interface=org.a11y.atspi.Event.Object; member=ChildrenChanged
   string "remove"
   int32 5
   int32 0
   variant       struct {
         string ":1.1"
         object path "/org/a11y/atspi/accessible/menus/n6d656e753a566965772f766965772e6c6179657273"
      }
   array [
   ]
signal time=1788730855.103084 sender=:1.1 -> destination=(null destination) serial=1857 path=/org/a11y/atspi/accessible/menus/n6d656e753a56696577; interface=org.a11y.atspi.Event.Object; member=ChildrenChanged
   string "remove"
   int32 4
   int32 0
   variant       struct {
         string ":1.1"
         object path "/org/a11y/atspi/accessible/menus/n6d656e753a566965772f766965772e66756c6c73637265656e5f7374616765"
      }
   array [
   ]
signal time=1788730855.103191 sender=:1.1 -> destination=(null destination) serial=1858 path=/org/a11y/atspi/accessible/menus/n6d656e753a56696577; interface=org.a11y.atspi.Event.Object; member=ChildrenChanged
   string "remove"
   int32 3
   int32 0
   variant       struct {
         string ":1.1"
         object path "/org/a11y/atspi/accessible/menus/n6d656e753a566965772f766965772e70616e655f7a6f6f6d"
      }
   array [
   ]
signal time=1788730855.103295 sender=:1.1 -> destination=(null destination) serial=1859 path=/org/a11y/atspi/accessible/menus/n6d656e753a56696577; interface=org.a11y.atspi.Event.Object; member=ChildrenChanged
   string "remove"
   int32 2
   int32 0
   variant       struct {
         string ":1.1"
         object path "/org/a11y/atspi/accessible/menus/n6d656e753a566965772f766965772e7a6f6f6d5f6f7574"
      }
   array [
   ]
signal time=1788730855.103403 sender=:1.1 -> destination=(null destination) serial=1860 path=/org/a11y/atspi/accessible/menus/n6d656e753a56696577; interface=org.a11y.atspi.Event.Object; member=ChildrenChanged
   string "remove"
   int32 1
   int32 0
   variant       struct {
         string ":1.1"
         object path "/org/a11y/atspi/accessible/menus/n6d656e753a566965772f766965772e7a6f6f6d5f696e"
      }
   array [
   ]
signal time=1788730855.103530 sender=:1.1 -> destination=(null destination) serial=1861 path=/org/a11y/atspi/accessible/menus/n6d656e753a56696577; interface=org.a11y.atspi.Event.Object; member=ChildrenChanged
   string "remove"
   int32 0
   int32 0
   variant       struct {
         string ":1.1"
         object path "/org/a11y/atspi/accessible/menus/n6d656e753a566965772f766965772e666974"
      }
   array [
   ]
signal time=1788730855.103633 sender=:1.1 -> destination=(null destination) serial=1862 path=/org/a11y/atspi/accessible/root; interface=org.a11y.atspi.Event.Object; member=ChildrenChanged
   string "remove"
   int32 1
   int32 0
   variant       struct {
         string ":1.1"
         object path "/org/a11y/atspi/accessible/menus/n6d656e753a56696577"
      }
   array [
   ]
signal time=1788730857.398357 sender=org.freedesktop.DBus -> destination=(null destination) serial=1165 path=/org/freedesktop/DBus; interface=org.freedesktop.DBus; member=NameOwnerChanged
   string ":1.583"
   string ""
   string ":1.583"
signal time=1788730857.398435 sender=org.freedesktop.DBus -> destination=:1.583 serial=2 path=/org/freedesktop/DBus; interface=org.freedesktop.DBus; member=NameAcquired
   string ":1.583"
signal time=1788730857.402927 sender=org.freedesktop.DBus -> destination=:1.583 serial=3 path=/org/freedesktop/DBus; interface=org.freedesktop.DBus; member=NameLost
   string ":1.583"
signal time=1788730857.402995 sender=org.freedesktop.DBus -> destination=(null destination) serial=1166 path=/org/freedesktop/DBus; interface=org.freedesktop.DBus; member=NameOwnerChanged
   string ":1.583"
   string ":1.583"
   string ""
signal time=1788730857.403177 sender=:1.2 -> destination=(null destination) serial=642 path=/org/a11y/atspi/registry; interface=org.a11y.atspi.Registry; member=EventListenerDeregistered
   string ":1.583"
   string ""
signal time=1788730857.414500 sender=org.freedesktop.DBus -> destination=(null destination) serial=1167 path=/org/freedesktop/DBus; interface=org.freedesktop.DBus; member=NameOwnerChanged
   string ":1.584"
   string ""
   string ":1.584"
signal time=1788730857.414596 sender=org.freedesktop.DBus -> destination=:1.584 serial=2 path=/org/freedesktop/DBus; interface=org.freedesktop.DBus; member=NameAcquired
   string ":1.584"
signal time=1788730857.419355 sender=org.freedesktop.DBus -> destination=:1.584 serial=5 path=/org/freedesktop/DBus; interface=org.freedesktop.DBus; member=NameLost
   string ":1.584"
signal time=1788730857.419466 sender=org.freedesktop.DBus -> destination=(null destination) serial=1168 path=/org/freedesktop/DBus; interface=org.freedesktop.DBus; member=NameOwnerChanged
   string ":1.584"
   string ":1.584"
   string ""
signal time=1788730857.419783 sender=:1.2 -> destination=(null destination) serial=643 path=/org/a11y/atspi/registry; interface=org.a11y.atspi.Registry; member=EventListenerDeregistered
   string ":1.584"
   string ""
signal time=1788730857.430713 sender=org.freedesktop.DBus -> destination=(null destination) serial=1169 path=/org/freedesktop/DBus; interface=org.freedesktop.DBus; member=NameOwnerChanged
   string ":1.585"
   string ""
   string ":1.585"
signal time=1788730857.430799 sender=org.freedesktop.DBus -> destination=:1.585 serial=2 path=/org/freedesktop/DBus; interface=org.freedesktop.DBus; member=NameAcquired
   string ":1.585"
signal time=1788730857.434314 sender=org.freedesktop.DBus -> destination=:1.585 serial=3 path=/org/freedesktop/DBus; interface=org.freedesktop.DBus; member=NameLost
   string ":1.585"
signal time=1788730857.434388 sender=org.freedesktop.DBus -> destination=(null destination) serial=1170 path=/org/freedesktop/DBus; interface=org.freedesktop.DBus; member=NameOwnerChanged
   string ":1.585"
   string ":1.585"
   string ""
signal time=1788730857.434484 sender=:1.2 -> destination=(null destination) serial=644 path=/org/a11y/atspi/registry; interface=org.a11y.atspi.Registry; member=EventListenerDeregistered
   string ":1.585"
   string ""
signal time=1788730857.450207 sender=org.freedesktop.DBus -> destination=(null destination) serial=1171 path=/org/freedesktop/DBus; interface=org.freedesktop.DBus; member=NameOwnerChanged
   string ":1.586"
   string ""
   string ":1.586"
signal time=1788730857.450328 sender=org.freedesktop.DBus -> destination=:1.586 serial=2 path=/org/freedesktop/DBus; interface=org.freedesktop.DBus; member=NameAcquired
   string ":1.586"
signal time=1788730857.452934 sender=org.freedesktop.DBus -> destination=:1.586 serial=3 path=/org/freedesktop/DBus; interface=org.freedesktop.DBus; member=NameLost
   string ":1.586"
signal time=1788730857.452986 sender=org.freedesktop.DBus -> destination=(null destination) serial=1172 path=/org/freedesktop/DBus; interface=org.freedesktop.DBus; member=NameOwnerChanged
   string ":1.586"
   string ":1.586"
   string ""
signal time=1788730857.453162 sender=:1.2 -> destination=(null destination) serial=645 path=/org/a11y/atspi/registry; interface=org.a11y.atspi.Registry; member=EventListenerDeregistered
   string ":1.586"
   string ""
signal time=1788730857.461882 sender=org.freedesktop.DBus -> destination=(null destination) serial=1173 path=/org/freedesktop/DBus; interface=org.freedesktop.DBus; member=NameOwnerChanged
   string ":1.587"
   string ""
   string ":1.587"
signal time=1788730857.461935 sender=org.freedesktop.DBus -> destination=:1.587 serial=2 path=/org/freedesktop/DBus; interface=org.freedesktop.DBus; member=NameAcquired
   string ":1.587"
signal time=1788730857.464116 sender=org.freedesktop.DBus -> destination=:1.587 serial=3 path=/org/freedesktop/DBus; interface=org.freedesktop.DBus; member=NameLost
   string ":1.587"
signal time=1788730857.464148 sender=org.freedesktop.DBus -> destination=(null destination) serial=1174 path=/org/freedesktop/DBus; interface=org.freedesktop.DBus; member=NameOwnerChanged
   string ":1.587"
   string ":1.587"
   string ""
signal time=1788730857.464296 sender=:1.2 -> destination=(null destination) serial=646 path=/org/a11y/atspi/registry; interface=org.a11y.atspi.Registry; member=EventListenerDeregistered
   string ":1.587"
   string ""
signal time=1788730857.470835 sender=org.freedesktop.DBus -> destination=(null destination) serial=1175 path=/org/freedesktop/DBus; interface=org.freedesktop.DBus; member=NameOwnerChanged
   string ":1.588"
   string ""
   string ":1.588"
signal time=1788730857.470887 sender=org.freedesktop.DBus -> destination=:1.588 serial=2 path=/org/freedesktop/DBus; interface=org.freedesktop.DBus; member=NameAcquired
   string ":1.588"
signal time=1788730857.473060 sender=org.freedesktop.DBus -> destination=:1.588 serial=3 path=/org/freedesktop/DBus; interface=org.freedesktop.DBus; member=NameLost
   string ":1.588"
signal time=1788730857.473097 sender=org.freedesktop.DBus -> destination=(null destination) serial=1176 path=/org/freedesktop/DBus; interface=org.freedesktop.DBus; member=NameOwnerChanged
   string ":1.588"
   string ":1.588"
   string ""
signal time=1788730857.473257 sender=:1.2 -> destination=(null destination) serial=647 path=/org/a11y/atspi/registry; interface=org.a11y.atspi.Registry; member=EventListenerDeregistered
   string ":1.588"
   string ""
signal time=1788730857.479465 sender=org.freedesktop.DBus -> destination=(null destination) serial=1177 path=/org/freedesktop/DBus; interface=org.freedesktop.DBus; member=NameOwnerChanged
   string ":1.589"
   string ""
   string ":1.589"
signal time=1788730857.479522 sender=org.freedesktop.DBus -> destination=:1.589 serial=2 path=/org/freedesktop/DBus; interface=org.freedesktop.DBus; member=NameAcquired
   string ":1.589"
signal time=1788730857.481709 sender=org.freedesktop.DBus -> destination=:1.589 serial=3 path=/org/freedesktop/DBus; interface=org.freedesktop.DBus; member=NameLost
   string ":1.589"
signal time=1788730857.481783 sender=org.freedesktop.DBus -> destination=(null destination) serial=1178 path=/org/freedesktop/DBus; interface=org.freedesktop.DBus; member=NameOwnerChanged
   string ":1.589"
   string ":1.589"
   string ""
signal time=1788730857.481878 sender=:1.2 -> destination=(null destination) serial=648 path=/org/a11y/atspi/registry; interface=org.a11y.atspi.Registry; member=EventListenerDeregistered
   string ":1.589"
   string ""
signal time=1788730857.488781 sender=org.freedesktop.DBus -> destination=(null destination) serial=1179 path=/org/freedesktop/DBus; interface=org.freedesktop.DBus; member=NameOwnerChanged
   string ":1.590"
   string ""
   string ":1.590"
signal time=1788730857.488827 sender=org.freedesktop.DBus -> destination=:1.590 serial=2 path=/org/freedesktop/DBus; interface=org.freedesktop.DBus; member=NameAcquired
   string ":1.590"
signal time=1788730857.490932 sender=org.freedesktop.DBus -> destination=:1.590 serial=3 path=/org/freedesktop/DBus; interface=org.freedesktop.DBus; member=NameLost
   string ":1.590"
signal time=1788730857.490961 sender=org.freedesktop.DBus -> destination=(null destination) serial=1180 path=/org/freedesktop/DBus; interface=org.freedesktop.DBus; member=NameOwnerChanged
   string ":1.590"
   string ":1.590"
   string ""
signal time=1788730857.491076 sender=:1.2 -> destination=(null destination) serial=649 path=/org/a11y/atspi/registry; interface=org.a11y.atspi.Registry; member=EventListenerDeregistered
   string ":1.590"
   string ""
signal time=1788730857.897222 sender=org.freedesktop.DBus -> destination=(null destination) serial=1181 path=/org/freedesktop/DBus; interface=org.freedesktop.DBus; member=NameOwnerChanged
   string ":1.591"
   string ""
   string ":1.591"
signal time=1788730857.897256 sender=org.freedesktop.DBus -> destination=:1.591 serial=2 path=/org/freedesktop/DBus; interface=org.freedesktop.DBus; member=NameAcquired
   string ":1.591"
signal time=1788730857.898656 sender=org.freedesktop.DBus -> destination=:1.591 serial=3 path=/org/freedesktop/DBus; interface=org.freedesktop.DBus; member=NameLost
   string ":1.591"
signal time=1788730857.898677 sender=org.freedesktop.DBus -> destination=(null destination) serial=1182 path=/org/freedesktop/DBus; interface=org.freedesktop.DBus; member=NameOwnerChanged
   string ":1.591"
   string ":1.591"
   string ""
signal time=1788730857.898830 sender=:1.2 -> destination=(null destination) serial=652 path=/org/a11y/atspi/registry; interface=org.a11y.atspi.Registry; member=EventListenerDeregistered
   string ":1.591"
   string ""
signal time=1788730857.903145 sender=org.freedesktop.DBus -> destination=(null destination) serial=1183 path=/org/freedesktop/DBus; interface=org.freedesktop.DBus; member=NameOwnerChanged
   string ":1.592"
   string ""
   string ":1.592"
signal time=1788730857.903188 sender=org.freedesktop.DBus -> destination=:1.592 serial=2 path=/org/freedesktop/DBus; interface=org.freedesktop.DBus; member=NameAcquired
   string ":1.592"
signal time=1788730857.904703 sender=org.freedesktop.DBus -> destination=:1.592 serial=5 path=/org/freedesktop/DBus; interface=org.freedesktop.DBus; member=NameLost
   string ":1.592"
signal time=1788730857.904727 sender=org.freedesktop.DBus -> destination=(null destination) serial=1184 path=/org/freedesktop/DBus; interface=org.freedesktop.DBus; member=NameOwnerChanged
   string ":1.592"
   string ":1.592"
   string ""
signal time=1788730857.904818 sender=:1.2 -> destination=(null destination) serial=653 path=/org/a11y/atspi/registry; interface=org.a11y.atspi.Registry; member=EventListenerDeregistered
   string ":1.592"
   string ""
signal time=1788730857.908702 sender=org.freedesktop.DBus -> destination=(null destination) serial=1185 path=/org/freedesktop/DBus; interface=org.freedesktop.DBus; member=NameOwnerChanged
   string ":1.593"
   string ""
   string ":1.593"
signal time=1788730857.908729 sender=org.freedesktop.DBus -> destination=:1.593 serial=2 path=/org/freedesktop/DBus; interface=org.freedesktop.DBus; member=NameAcquired
   string ":1.593"
signal time=1788730857.909901 sender=org.freedesktop.DBus -> destination=:1.593 serial=3 path=/org/freedesktop/DBus; interface=org.freedesktop.DBus; member=NameLost
   string ":1.593"
signal time=1788730857.909927 sender=org.freedesktop.DBus -> destination=(null destination) serial=1186 path=/org/freedesktop/DBus; interface=org.freedesktop.DBus; member=NameOwnerChanged
   string ":1.593"
   string ":1.593"
   string ""
signal time=1788730857.910031 sender=:1.2 -> destination=(null destination) serial=654 path=/org/a11y/atspi/registry; interface=org.a11y.atspi.Registry; member=EventListenerDeregistered
   string ":1.593"
   string ""
signal time=1788730857.914256 sender=org.freedesktop.DBus -> destination=(null destination) serial=1187 path=/org/freedesktop/DBus; interface=org.freedesktop.DBus; member=NameOwnerChanged
   string ":1.594"
   string ""
   string ":1.594"
signal time=1788730857.914329 sender=org.freedesktop.DBus -> destination=:1.594 serial=2 path=/org/freedesktop/DBus; interface=org.freedesktop.DBus; member=NameAcquired
   string ":1.594"
signal time=1788730857.915692 sender=org.freedesktop.DBus -> destination=:1.594 serial=3 path=/org/freedesktop/DBus; interface=org.freedesktop.DBus; member=NameLost
   string ":1.594"
signal time=1788730857.915727 sender=org.freedesktop.DBus -> destination=(null destination) serial=1188 path=/org/freedesktop/DBus; interface=org.freedesktop.DBus; member=NameOwnerChanged
   string ":1.594"
   string ":1.594"
   string ""
signal time=1788730857.915878 sender=:1.2 -> destination=(null destination) serial=655 path=/org/a11y/atspi/registry; interface=org.a11y.atspi.Registry; member=EventListenerDeregistered
   string ":1.594"
   string ""
signal time=1788730857.920864 sender=org.freedesktop.DBus -> destination=(null destination) serial=1189 path=/org/freedesktop/DBus; interface=org.freedesktop.DBus; member=NameOwnerChanged
   string ":1.595"
   string ""
   string ":1.595"
signal time=1788730857.920900 sender=org.freedesktop.DBus -> destination=:1.595 serial=2 path=/org/freedesktop/DBus; interface=org.freedesktop.DBus; member=NameAcquired
   string ":1.595"
signal time=1788730857.922239 sender=org.freedesktop.DBus -> destination=:1.595 serial=3 path=/org/freedesktop/DBus; interface=org.freedesktop.DBus; member=NameLost
   string ":1.595"
signal time=1788730857.922264 sender=org.freedesktop.DBus -> destination=(null destination) serial=1190 path=/org/freedesktop/DBus; interface=org.freedesktop.DBus; member=NameOwnerChanged
   string ":1.595"
   string ":1.595"
   string ""
signal time=1788730857.922433 sender=:1.2 -> destination=(null destination) serial=656 path=/org/a11y/atspi/registry; interface=org.a11y.atspi.Registry; member=EventListenerDeregistered
   string ":1.595"
   string ""
signal time=1788730857.926231 sender=org.freedesktop.DBus -> destination=(null destination) serial=1191 path=/org/freedesktop/DBus; interface=org.freedesktop.DBus; member=NameOwnerChanged
   string ":1.596"
   string ""
   string ":1.596"
signal time=1788730857.926259 sender=org.freedesktop.DBus -> destination=:1.596 serial=2 path=/org/freedesktop/DBus; interface=org.freedesktop.DBus; member=NameAcquired
   string ":1.596"
signal time=1788730857.927584 sender=org.freedesktop.DBus -> destination=:1.596 serial=3 path=/org/freedesktop/DBus; interface=org.freedesktop.DBus; member=NameLost
   string ":1.596"
signal time=1788730857.927599 sender=org.freedesktop.DBus -> destination=(null destination) serial=1192 path=/org/freedesktop/DBus; interface=org.freedesktop.DBus; member=NameOwnerChanged
   string ":1.596"
   string ":1.596"
   string ""
signal time=1788730857.927739 sender=:1.2 -> destination=(null destination) serial=657 path=/org/a11y/atspi/registry; interface=org.a11y.atspi.Registry; member=EventListenerDeregistered
   string ":1.596"
   string ""
signal time=1788730857.931471 sender=org.freedesktop.DBus -> destination=(null destination) serial=1193 path=/org/freedesktop/DBus; interface=org.freedesktop.DBus; member=NameOwnerChanged
   string ":1.597"
   string ""
   string ":1.597"
signal time=1788730857.931510 sender=org.freedesktop.DBus -> destination=:1.597 serial=2 path=/org/freedesktop/DBus; interface=org.freedesktop.DBus; member=NameAcquired
   string ":1.597"
signal time=1788730857.933006 sender=org.freedesktop.DBus -> destination=:1.597 serial=3 path=/org/freedesktop/DBus; interface=org.freedesktop.DBus; member=NameLost
   string ":1.597"
signal time=1788730857.933026 sender=org.freedesktop.DBus -> destination=(null destination) serial=1194 path=/org/freedesktop/DBus; interface=org.freedesktop.DBus; member=NameOwnerChanged
   string ":1.597"
   string ":1.597"
   string ""
signal time=1788730857.933128 sender=:1.2 -> destination=(null destination) serial=658 path=/org/a11y/atspi/registry; interface=org.a11y.atspi.Registry; member=EventListenerDeregistered
   string ":1.597"
   string ""
signal time=1788730857.937045 sender=org.freedesktop.DBus -> destination=(null destination) serial=1195 path=/org/freedesktop/DBus; interface=org.freedesktop.DBus; member=NameOwnerChanged
   string ":1.598"
   string ""
   string ":1.598"
signal time=1788730857.937080 sender=org.freedesktop.DBus -> destination=:1.598 serial=2 path=/org/freedesktop/DBus; interface=org.freedesktop.DBus; member=NameAcquired
   string ":1.598"
signal time=1788730857.938667 sender=org.freedesktop.DBus -> destination=:1.598 serial=3 path=/org/freedesktop/DBus; interface=org.freedesktop.DBus; member=NameLost
   string ":1.598"
signal time=1788730857.938696 sender=org.freedesktop.DBus -> destination=(null destination) serial=1196 path=/org/freedesktop/DBus; interface=org.freedesktop.DBus; member=NameOwnerChanged
   string ":1.598"
   string ":1.598"
   string ""
signal time=1788730857.938819 sender=:1.2 -> destination=(null destination) serial=659 path=/org/a11y/atspi/registry; interface=org.a11y.atspi.Registry; member=EventListenerDeregistered
   string ":1.598"
   string ""
signal time=1788730858.293133 sender=org.freedesktop.DBus -> destination=:1.1 serial=3 path=/org/freedesktop/DBus; interface=org.freedesktop.DBus; member=NameLost
   string ":1.1"
signal time=1788730858.293165 sender=org.freedesktop.DBus -> destination=(null destination) serial=1197 path=/org/freedesktop/DBus; interface=org.freedesktop.DBus; member=NameOwnerChanged
   string ":1.1"
   string ":1.1"
   string ""
signal time=1788730858.293346 sender=:1.2 -> destination=(null destination) serial=660 path=/org/a11y/atspi/accessible/root; interface=org.a11y.atspi.Event.Object; member=ChildrenChanged
   string "remove"
   int32 0
   int32 0
   variant       struct {
         string ":1.1"
         object path "/org/a11y/atspi/accessible/root"
      }
   array [
   ]
signal time=1788730858.293387 sender=:1.2 -> destination=(null destination) serial=661 path=/org/a11y/atspi/registry; interface=org.a11y.atspi.Registry; member=EventListenerDeregistered
   string ":1.1"
   string ""
